ISO-10303-21;
HEADER;
FILE_DESCRIPTION(('Open CASCADE Model'),'2;1');
FILE_NAME('Open CASCADE Shape Model','2026-04-25T09:47:06',('Author'),(
    'Open CASCADE'),'Open CASCADE STEP processor 7.9','Open CASCADE 7.9'
  ,'Unknown');
FILE_SCHEMA(('CONFIG_CONTROL_DESIGN'));
ENDSEC;
DATA;
#1 = APPLICATION_PROTOCOL_DEFINITION('international standard',
  'config_control_design',1994,#2);
#2 = APPLICATION_CONTEXT(
'configuration controlled 3D designs of mechanical parts and assemblies'
  );
#3 = SHAPE_DEFINITION_REPRESENTATION(#4,#10);
#4 = PRODUCT_DEFINITION_SHAPE('','',#5);
#5 = PRODUCT_DEFINITION('design','',#6,#9);
#6 = PRODUCT_DEFINITION_FORMATION_WITH_SPECIFIED_SOURCE('','',#7,
  .NOT_KNOWN.);
#7 = PRODUCT('Timber_0.02_m 1','Timber_0.02_m 1','',(#8));
#8 = MECHANICAL_CONTEXT('',#2,'mechanical');
#9 = DESIGN_CONTEXT('',#2,'design');
#10 = ADVANCED_BREP_SHAPE_REPRESENTATION('',(#11,#15),#345);
#11 = AXIS2_PLACEMENT_3D('',#12,#13,#14);
#12 = CARTESIAN_POINT('',(0.,0.,0.));
#13 = DIRECTION('',(0.,0.,1.));
#14 = DIRECTION('',(1.,0.,-0.));
#15 = MANIFOLD_SOLID_BREP('Timber_0.02_m',#16);
#16 = CLOSED_SHELL('',(#17,#137,#213,#284,#331,#338));
#17 = ADVANCED_FACE('',(#18),#32,.F.);
#18 = FACE_BOUND('',#19,.F.);
#19 = EDGE_LOOP('',(#20,#55,#83,#111));
#20 = ORIENTED_EDGE('',*,*,#21,.T.);
#21 = EDGE_CURVE('',#22,#24,#26,.T.);
#22 = VERTEX_POINT('',#23);
#23 = CARTESIAN_POINT('',(1.395E-03,4.840624220212E-03,2.66E-03));
#24 = VERTEX_POINT('',#25);
#25 = CARTESIAN_POINT('',(5.155E-03,4.840624220212E-03,2.66E-03));
#26 = SURFACE_CURVE('',#27,(#31,#43),.PCURVE_S1.);
#27 = LINE('',#28,#29);
#28 = CARTESIAN_POINT('',(1.395E-03,4.840624220212E-03,2.66E-03));
#29 = VECTOR('',#30,1.E-03);
#30 = DIRECTION('',(1.,0.,0.));
#31 = PCURVE('',#32,#37);
#32 = PLANE('',#33);
#33 = AXIS2_PLACEMENT_3D('',#34,#35,#36);
#34 = CARTESIAN_POINT('',(1.395E-03,4.840624220212E-03,2.66E-03));
#35 = DIRECTION('',(0.,1.,0.));
#36 = DIRECTION('',(0.,0.,-1.));
#37 = DEFINITIONAL_REPRESENTATION('',(#38),#42);
#38 = LINE('',#39,#40);
#39 = CARTESIAN_POINT('',(0.,0.));
#40 = VECTOR('',#41,1.);
#41 = DIRECTION('',(0.,-1.));
#42 = ( GEOMETRIC_REPRESENTATION_CONTEXT(2) 
PARAMETRIC_REPRESENTATION_CONTEXT() REPRESENTATION_CONTEXT('2D SPACE',''
  ) );
#43 = PCURVE('',#44,#49);
#44 = PLANE('',#45);
#45 = AXIS2_PLACEMENT_3D('',#46,#47,#48);
#46 = CARTESIAN_POINT('',(1.395E-03,4.960624220212E-03,2.66E-03));
#47 = DIRECTION('',(0.,0.,-1.));
#48 = DIRECTION('',(0.,-1.,0.));
#49 = DEFINITIONAL_REPRESENTATION('',(#50),#54);
#50 = LINE('',#51,#52);
#51 = CARTESIAN_POINT('',(1.2E-04,0.));
#52 = VECTOR('',#53,1.);
#53 = DIRECTION('',(0.,-1.));
#54 = ( GEOMETRIC_REPRESENTATION_CONTEXT(2) 
PARAMETRIC_REPRESENTATION_CONTEXT() REPRESENTATION_CONTEXT('2D SPACE',''
  ) );
#55 = ORIENTED_EDGE('',*,*,#56,.T.);
#56 = EDGE_CURVE('',#24,#57,#59,.T.);
#57 = VERTEX_POINT('',#58);
#58 = CARTESIAN_POINT('',(5.155E-03,4.840624220212E-03,2.5E-03));
#59 = SURFACE_CURVE('',#60,(#64,#71),.PCURVE_S1.);
#60 = LINE('',#61,#62);
#61 = CARTESIAN_POINT('',(5.155E-03,4.840624220212E-03,2.66E-03));
#62 = VECTOR('',#63,1.E-03);
#63 = DIRECTION('',(0.,0.,-1.));
#64 = PCURVE('',#32,#65);
#65 = DEFINITIONAL_REPRESENTATION('',(#66),#70);
#66 = LINE('',#67,#68);
#67 = CARTESIAN_POINT('',(0.,-3.76E-03));
#68 = VECTOR('',#69,1.);
#69 = DIRECTION('',(1.,0.));
#70 = ( GEOMETRIC_REPRESENTATION_CONTEXT(2) 
PARAMETRIC_REPRESENTATION_CONTEXT() REPRESENTATION_CONTEXT('2D SPACE',''
  ) );
#71 = PCURVE('',#72,#77);
#72 = PLANE('',#73);
#73 = AXIS2_PLACEMENT_3D('',#74,#75,#76);
#74 = CARTESIAN_POINT('',(5.155E-03,4.900624220212E-03,2.58E-03));
#75 = DIRECTION('',(1.,0.,0.));
#76 = DIRECTION('',(0.,0.,-1.));
#77 = DEFINITIONAL_REPRESENTATION('',(#78),#82);
#78 = LINE('',#79,#80);
#79 = CARTESIAN_POINT('',(-8.E-05,-6.E-05));
#80 = VECTOR('',#81,1.);
#81 = DIRECTION('',(1.,0.));
#82 = ( GEOMETRIC_REPRESENTATION_CONTEXT(2) 
PARAMETRIC_REPRESENTATION_CONTEXT() REPRESENTATION_CONTEXT('2D SPACE',''
  ) );
#83 = ORIENTED_EDGE('',*,*,#84,.F.);
#84 = EDGE_CURVE('',#85,#57,#87,.T.);
#85 = VERTEX_POINT('',#86);
#86 = CARTESIAN_POINT('',(1.395E-03,4.840624220212E-03,2.5E-03));
#87 = SURFACE_CURVE('',#88,(#92,#99),.PCURVE_S1.);
#88 = LINE('',#89,#90);
#89 = CARTESIAN_POINT('',(1.395E-03,4.840624220212E-03,2.5E-03));
#90 = VECTOR('',#91,1.E-03);
#91 = DIRECTION('',(1.,0.,0.));
#92 = PCURVE('',#32,#93);
#93 = DEFINITIONAL_REPRESENTATION('',(#94),#98);
#94 = LINE('',#95,#96);
#95 = CARTESIAN_POINT('',(1.6E-04,0.));
#96 = VECTOR('',#97,1.);
#97 = DIRECTION('',(0.,-1.));
#98 = ( GEOMETRIC_REPRESENTATION_CONTEXT(2) 
PARAMETRIC_REPRESENTATION_CONTEXT() REPRESENTATION_CONTEXT('2D SPACE',''
  ) );
#99 = PCURVE('',#100,#105);
#100 = PLANE('',#101);
#101 = AXIS2_PLACEMENT_3D('',#102,#103,#104);
#102 = CARTESIAN_POINT('',(1.395E-03,4.840624220212E-03,2.5E-03));
#103 = DIRECTION('',(0.,0.,1.));
#104 = DIRECTION('',(0.,1.,0.));
#105 = DEFINITIONAL_REPRESENTATION('',(#106),#110);
#106 = LINE('',#107,#108);
#107 = CARTESIAN_POINT('',(0.,0.));
#108 = VECTOR('',#109,1.);
#109 = DIRECTION('',(0.,-1.));
#110 = ( GEOMETRIC_REPRESENTATION_CONTEXT(2) 
PARAMETRIC_REPRESENTATION_CONTEXT() REPRESENTATION_CONTEXT('2D SPACE',''
  ) );
#111 = ORIENTED_EDGE('',*,*,#112,.F.);
#112 = EDGE_CURVE('',#22,#85,#113,.T.);
#113 = SURFACE_CURVE('',#114,(#118,#125),.PCURVE_S1.);
#114 = LINE('',#115,#116);
#115 = CARTESIAN_POINT('',(1.395E-03,4.840624220212E-03,2.66E-03));
#116 = VECTOR('',#117,1.E-03);
#117 = DIRECTION('',(0.,0.,-1.));
#118 = PCURVE('',#32,#119);
#119 = DEFINITIONAL_REPRESENTATION('',(#120),#124);
#120 = LINE('',#121,#122);
#121 = CARTESIAN_POINT('',(0.,0.));
#122 = VECTOR('',#123,1.);
#123 = DIRECTION('',(1.,0.));
#124 = ( GEOMETRIC_REPRESENTATION_CONTEXT(2) 
PARAMETRIC_REPRESENTATION_CONTEXT() REPRESENTATION_CONTEXT('2D SPACE',''
  ) );
#125 = PCURVE('',#126,#131);
#126 = PLANE('',#127);
#127 = AXIS2_PLACEMENT_3D('',#128,#129,#130);
#128 = CARTESIAN_POINT('',(1.395E-03,4.900624220212E-03,2.58E-03));
#129 = DIRECTION('',(1.,0.,0.));
#130 = DIRECTION('',(0.,0.,-1.));
#131 = DEFINITIONAL_REPRESENTATION('',(#132),#136);
#132 = LINE('',#133,#134);
#133 = CARTESIAN_POINT('',(-8.E-05,-6.E-05));
#134 = VECTOR('',#135,1.);
#135 = DIRECTION('',(1.,0.));
#136 = ( GEOMETRIC_REPRESENTATION_CONTEXT(2) 
PARAMETRIC_REPRESENTATION_CONTEXT() REPRESENTATION_CONTEXT('2D SPACE',''
  ) );
#137 = ADVANCED_FACE('',(#138),#100,.F.);
#138 = FACE_BOUND('',#139,.F.);
#139 = EDGE_LOOP('',(#140,#141,#164,#192));
#140 = ORIENTED_EDGE('',*,*,#84,.T.);
#141 = ORIENTED_EDGE('',*,*,#142,.T.);
#142 = EDGE_CURVE('',#57,#143,#145,.T.);
#143 = VERTEX_POINT('',#144);
#144 = CARTESIAN_POINT('',(5.155E-03,4.960624220212E-03,2.5E-03));
#145 = SURFACE_CURVE('',#146,(#150,#157),.PCURVE_S1.);
#146 = LINE('',#147,#148);
#147 = CARTESIAN_POINT('',(5.155E-03,4.840624220212E-03,2.5E-03));
#148 = VECTOR('',#149,1.E-03);
#149 = DIRECTION('',(0.,1.,0.));
#150 = PCURVE('',#100,#151);
#151 = DEFINITIONAL_REPRESENTATION('',(#152),#156);
#152 = LINE('',#153,#154);
#153 = CARTESIAN_POINT('',(0.,-3.76E-03));
#154 = VECTOR('',#155,1.);
#155 = DIRECTION('',(1.,0.));
#156 = ( GEOMETRIC_REPRESENTATION_CONTEXT(2) 
PARAMETRIC_REPRESENTATION_CONTEXT() REPRESENTATION_CONTEXT('2D SPACE',''
  ) );
#157 = PCURVE('',#72,#158);
#158 = DEFINITIONAL_REPRESENTATION('',(#159),#163);
#159 = LINE('',#160,#161);
#160 = CARTESIAN_POINT('',(8.E-05,-6.E-05));
#161 = VECTOR('',#162,1.);
#162 = DIRECTION('',(0.,1.));
#163 = ( GEOMETRIC_REPRESENTATION_CONTEXT(2) 
PARAMETRIC_REPRESENTATION_CONTEXT() REPRESENTATION_CONTEXT('2D SPACE',''
  ) );
#164 = ORIENTED_EDGE('',*,*,#165,.F.);
#165 = EDGE_CURVE('',#166,#143,#168,.T.);
#166 = VERTEX_POINT('',#167);
#167 = CARTESIAN_POINT('',(1.395E-03,4.960624220212E-03,2.5E-03));
#168 = SURFACE_CURVE('',#169,(#173,#180),.PCURVE_S1.);
#169 = LINE('',#170,#171);
#170 = CARTESIAN_POINT('',(1.395E-03,4.960624220212E-03,2.5E-03));
#171 = VECTOR('',#172,1.E-03);
#172 = DIRECTION('',(1.,0.,0.));
#173 = PCURVE('',#100,#174);
#174 = DEFINITIONAL_REPRESENTATION('',(#175),#179);
#175 = LINE('',#176,#177);
#176 = CARTESIAN_POINT('',(1.2E-04,0.));
#177 = VECTOR('',#178,1.);
#178 = DIRECTION('',(0.,-1.));
#179 = ( GEOMETRIC_REPRESENTATION_CONTEXT(2) 
PARAMETRIC_REPRESENTATION_CONTEXT() REPRESENTATION_CONTEXT('2D SPACE',''
  ) );
#180 = PCURVE('',#181,#186);
#181 = PLANE('',#182);
#182 = AXIS2_PLACEMENT_3D('',#183,#184,#185);
#183 = CARTESIAN_POINT('',(1.395E-03,4.960624220212E-03,2.5E-03));
#184 = DIRECTION('',(0.,-1.,1.908195823574E-15));
#185 = DIRECTION('',(0.,1.908195823574E-15,1.));
#186 = DEFINITIONAL_REPRESENTATION('',(#187),#191);
#187 = LINE('',#188,#189);
#188 = CARTESIAN_POINT('',(0.,0.));
#189 = VECTOR('',#190,1.);
#190 = DIRECTION('',(0.,-1.));
#191 = ( GEOMETRIC_REPRESENTATION_CONTEXT(2) 
PARAMETRIC_REPRESENTATION_CONTEXT() REPRESENTATION_CONTEXT('2D SPACE',''
  ) );
#192 = ORIENTED_EDGE('',*,*,#193,.F.);
#193 = EDGE_CURVE('',#85,#166,#194,.T.);
#194 = SURFACE_CURVE('',#195,(#199,#206),.PCURVE_S1.);
#195 = LINE('',#196,#197);
#196 = CARTESIAN_POINT('',(1.395E-03,4.840624220212E-03,2.5E-03));
#197 = VECTOR('',#198,1.E-03);
#198 = DIRECTION('',(0.,1.,0.));
#199 = PCURVE('',#100,#200);
#200 = DEFINITIONAL_REPRESENTATION('',(#201),#205);
#201 = LINE('',#202,#203);
#202 = CARTESIAN_POINT('',(0.,0.));
#203 = VECTOR('',#204,1.);
#204 = DIRECTION('',(1.,0.));
#205 = ( GEOMETRIC_REPRESENTATION_CONTEXT(2) 
PARAMETRIC_REPRESENTATION_CONTEXT() REPRESENTATION_CONTEXT('2D SPACE',''
  ) );
#206 = PCURVE('',#126,#207);
#207 = DEFINITIONAL_REPRESENTATION('',(#208),#212);
#208 = LINE('',#209,#210);
#209 = CARTESIAN_POINT('',(8.E-05,-6.E-05));
#210 = VECTOR('',#211,1.);
#211 = DIRECTION('',(0.,1.));
#212 = ( GEOMETRIC_REPRESENTATION_CONTEXT(2) 
PARAMETRIC_REPRESENTATION_CONTEXT() REPRESENTATION_CONTEXT('2D SPACE',''
  ) );
#213 = ADVANCED_FACE('',(#214),#181,.F.);
#214 = FACE_BOUND('',#215,.F.);
#215 = EDGE_LOOP('',(#216,#217,#240,#263));
#216 = ORIENTED_EDGE('',*,*,#165,.T.);
#217 = ORIENTED_EDGE('',*,*,#218,.T.);
#218 = EDGE_CURVE('',#143,#219,#221,.T.);
#219 = VERTEX_POINT('',#220);
#220 = CARTESIAN_POINT('',(5.155E-03,4.960624220212E-03,2.66E-03));
#221 = SURFACE_CURVE('',#222,(#226,#233),.PCURVE_S1.);
#222 = LINE('',#223,#224);
#223 = CARTESIAN_POINT('',(5.155E-03,4.960624220212E-03,2.5E-03));
#224 = VECTOR('',#225,1.E-03);
#225 = DIRECTION('',(0.,1.908195823574E-15,1.));
#226 = PCURVE('',#181,#227);
#227 = DEFINITIONAL_REPRESENTATION('',(#228),#232);
#228 = LINE('',#229,#230);
#229 = CARTESIAN_POINT('',(0.,-3.76E-03));
#230 = VECTOR('',#231,1.);
#231 = DIRECTION('',(1.,0.));
#232 = ( GEOMETRIC_REPRESENTATION_CONTEXT(2) 
PARAMETRIC_REPRESENTATION_CONTEXT() REPRESENTATION_CONTEXT('2D SPACE',''
  ) );
#233 = PCURVE('',#72,#234);
#234 = DEFINITIONAL_REPRESENTATION('',(#235),#239);
#235 = LINE('',#236,#237);
#236 = CARTESIAN_POINT('',(8.E-05,6.E-05));
#237 = VECTOR('',#238,1.);
#238 = DIRECTION('',(-1.,1.908195823574E-15));
#239 = ( GEOMETRIC_REPRESENTATION_CONTEXT(2) 
PARAMETRIC_REPRESENTATION_CONTEXT() REPRESENTATION_CONTEXT('2D SPACE',''
  ) );
#240 = ORIENTED_EDGE('',*,*,#241,.F.);
#241 = EDGE_CURVE('',#242,#219,#244,.T.);
#242 = VERTEX_POINT('',#243);
#243 = CARTESIAN_POINT('',(1.395E-03,4.960624220212E-03,2.66E-03));
#244 = SURFACE_CURVE('',#245,(#249,#256),.PCURVE_S1.);
#245 = LINE('',#246,#247);
#246 = CARTESIAN_POINT('',(1.395E-03,4.960624220212E-03,2.66E-03));
#247 = VECTOR('',#248,1.E-03);
#248 = DIRECTION('',(1.,0.,0.));
#249 = PCURVE('',#181,#250);
#250 = DEFINITIONAL_REPRESENTATION('',(#251),#255);
#251 = LINE('',#252,#253);
#252 = CARTESIAN_POINT('',(1.6E-04,0.));
#253 = VECTOR('',#254,1.);
#254 = DIRECTION('',(0.,-1.));
#255 = ( GEOMETRIC_REPRESENTATION_CONTEXT(2) 
PARAMETRIC_REPRESENTATION_CONTEXT() REPRESENTATION_CONTEXT('2D SPACE',''
  ) );
#256 = PCURVE('',#44,#257);
#257 = DEFINITIONAL_REPRESENTATION('',(#258),#262);
#258 = LINE('',#259,#260);
#259 = CARTESIAN_POINT('',(0.,0.));
#260 = VECTOR('',#261,1.);
#261 = DIRECTION('',(0.,-1.));
#262 = ( GEOMETRIC_REPRESENTATION_CONTEXT(2) 
PARAMETRIC_REPRESENTATION_CONTEXT() REPRESENTATION_CONTEXT('2D SPACE',''
  ) );
#263 = ORIENTED_EDGE('',*,*,#264,.F.);
#264 = EDGE_CURVE('',#166,#242,#265,.T.);
#265 = SURFACE_CURVE('',#266,(#270,#277),.PCURVE_S1.);
#266 = LINE('',#267,#268);
#267 = CARTESIAN_POINT('',(1.395E-03,4.960624220212E-03,2.5E-03));
#268 = VECTOR('',#269,1.E-03);
#269 = DIRECTION('',(0.,1.908195823574E-15,1.));
#270 = PCURVE('',#181,#271);
#271 = DEFINITIONAL_REPRESENTATION('',(#272),#276);
#272 = LINE('',#273,#274);
#273 = CARTESIAN_POINT('',(0.,0.));
#274 = VECTOR('',#275,1.);
#275 = DIRECTION('',(1.,0.));
#276 = ( GEOMETRIC_REPRESENTATION_CONTEXT(2) 
PARAMETRIC_REPRESENTATION_CONTEXT() REPRESENTATION_CONTEXT('2D SPACE',''
  ) );
#277 = PCURVE('',#126,#278);
#278 = DEFINITIONAL_REPRESENTATION('',(#279),#283);
#279 = LINE('',#280,#281);
#280 = CARTESIAN_POINT('',(8.E-05,6.E-05));
#281 = VECTOR('',#282,1.);
#282 = DIRECTION('',(-1.,1.908195823574E-15));
#283 = ( GEOMETRIC_REPRESENTATION_CONTEXT(2) 
PARAMETRIC_REPRESENTATION_CONTEXT() REPRESENTATION_CONTEXT('2D SPACE',''
  ) );
#284 = ADVANCED_FACE('',(#285),#44,.F.);
#285 = FACE_BOUND('',#286,.F.);
#286 = EDGE_LOOP('',(#287,#288,#309,#310));
#287 = ORIENTED_EDGE('',*,*,#241,.T.);
#288 = ORIENTED_EDGE('',*,*,#289,.T.);
#289 = EDGE_CURVE('',#219,#24,#290,.T.);
#290 = SURFACE_CURVE('',#291,(#295,#302),.PCURVE_S1.);
#291 = LINE('',#292,#293);
#292 = CARTESIAN_POINT('',(5.155E-03,4.960624220212E-03,2.66E-03));
#293 = VECTOR('',#294,1.E-03);
#294 = DIRECTION('',(0.,-1.,0.));
#295 = PCURVE('',#44,#296);
#296 = DEFINITIONAL_REPRESENTATION('',(#297),#301);
#297 = LINE('',#298,#299);
#298 = CARTESIAN_POINT('',(0.,-3.76E-03));
#299 = VECTOR('',#300,1.);
#300 = DIRECTION('',(1.,0.));
#301 = ( GEOMETRIC_REPRESENTATION_CONTEXT(2) 
PARAMETRIC_REPRESENTATION_CONTEXT() REPRESENTATION_CONTEXT('2D SPACE',''
  ) );
#302 = PCURVE('',#72,#303);
#303 = DEFINITIONAL_REPRESENTATION('',(#304),#308);
#304 = LINE('',#305,#306);
#305 = CARTESIAN_POINT('',(-8.E-05,6.E-05));
#306 = VECTOR('',#307,1.);
#307 = DIRECTION('',(0.,-1.));
#308 = ( GEOMETRIC_REPRESENTATION_CONTEXT(2) 
PARAMETRIC_REPRESENTATION_CONTEXT() REPRESENTATION_CONTEXT('2D SPACE',''
  ) );
#309 = ORIENTED_EDGE('',*,*,#21,.F.);
#310 = ORIENTED_EDGE('',*,*,#311,.F.);
#311 = EDGE_CURVE('',#242,#22,#312,.T.);
#312 = SURFACE_CURVE('',#313,(#317,#324),.PCURVE_S1.);
#313 = LINE('',#314,#315);
#314 = CARTESIAN_POINT('',(1.395E-03,4.960624220212E-03,2.66E-03));
#315 = VECTOR('',#316,1.E-03);
#316 = DIRECTION('',(0.,-1.,0.));
#317 = PCURVE('',#44,#318);
#318 = DEFINITIONAL_REPRESENTATION('',(#319),#323);
#319 = LINE('',#320,#321);
#320 = CARTESIAN_POINT('',(0.,0.));
#321 = VECTOR('',#322,1.);
#322 = DIRECTION('',(1.,0.));
#323 = ( GEOMETRIC_REPRESENTATION_CONTEXT(2) 
PARAMETRIC_REPRESENTATION_CONTEXT() REPRESENTATION_CONTEXT('2D SPACE',''
  ) );
#324 = PCURVE('',#126,#325);
#325 = DEFINITIONAL_REPRESENTATION('',(#326),#330);
#326 = LINE('',#327,#328);
#327 = CARTESIAN_POINT('',(-8.E-05,6.E-05));
#328 = VECTOR('',#329,1.);
#329 = DIRECTION('',(0.,-1.));
#330 = ( GEOMETRIC_REPRESENTATION_CONTEXT(2) 
PARAMETRIC_REPRESENTATION_CONTEXT() REPRESENTATION_CONTEXT('2D SPACE',''
  ) );
#331 = ADVANCED_FACE('',(#332),#126,.F.);
#332 = FACE_BOUND('',#333,.F.);
#333 = EDGE_LOOP('',(#334,#335,#336,#337));
#334 = ORIENTED_EDGE('',*,*,#112,.T.);
#335 = ORIENTED_EDGE('',*,*,#193,.T.);
#336 = ORIENTED_EDGE('',*,*,#264,.T.);
#337 = ORIENTED_EDGE('',*,*,#311,.T.);
#338 = ADVANCED_FACE('',(#339),#72,.T.);
#339 = FACE_BOUND('',#340,.T.);
#340 = EDGE_LOOP('',(#341,#342,#343,#344));
#341 = ORIENTED_EDGE('',*,*,#56,.T.);
#342 = ORIENTED_EDGE('',*,*,#142,.T.);
#343 = ORIENTED_EDGE('',*,*,#218,.T.);
#344 = ORIENTED_EDGE('',*,*,#289,.T.);
#345 = ( GEOMETRIC_REPRESENTATION_CONTEXT(3) 
GLOBAL_UNCERTAINTY_ASSIGNED_CONTEXT((#349)) GLOBAL_UNIT_ASSIGNED_CONTEXT
((#346,#347,#348)) REPRESENTATION_CONTEXT('Context #1',
  '3D Context with UNIT and UNCERTAINTY') );
#346 = ( LENGTH_UNIT() NAMED_UNIT(*) SI_UNIT($,.METRE.) );
#347 = ( NAMED_UNIT(*) PLANE_ANGLE_UNIT() SI_UNIT($,.RADIAN.) );
#348 = ( NAMED_UNIT(*) SI_UNIT($,.STERADIAN.) SOLID_ANGLE_UNIT() );
#349 = UNCERTAINTY_MEASURE_WITH_UNIT(LENGTH_MEASURE(1.E-08),#346,
  'distance_accuracy_value','confusion accuracy');
#350 = PRODUCT_RELATED_PRODUCT_CATEGORY('detail',$,(#7));
#351 = PRODUCT_CATEGORY_RELATIONSHIP('','',#352,#350);
#352 = PRODUCT_CATEGORY('part',$);
#353 = CC_DESIGN_PERSON_AND_ORGANIZATION_ASSIGNMENT(#354,#357,(#6,#5));
#354 = PERSON_AND_ORGANIZATION(#355,#356);
#355 = PERSON('IP172.18.0,root','','root',$,$,$);
#356 = ORGANIZATION('IP172.18.0','Unspecified','');
#357 = PERSON_AND_ORGANIZATION_ROLE('creator');
#358 = CC_DESIGN_PERSON_AND_ORGANIZATION_ASSIGNMENT(#354,#359,(#7));
#359 = PERSON_AND_ORGANIZATION_ROLE('design_owner');
#360 = CC_DESIGN_PERSON_AND_ORGANIZATION_ASSIGNMENT(#354,#361,(#6));
#361 = PERSON_AND_ORGANIZATION_ROLE('design_supplier');
#362 = CC_DESIGN_PERSON_AND_ORGANIZATION_ASSIGNMENT(#354,#363,(#364));
#363 = PERSON_AND_ORGANIZATION_ROLE('classification_officer');
#364 = SECURITY_CLASSIFICATION('','',#365);
#365 = SECURITY_CLASSIFICATION_LEVEL('unclassified');
#366 = CC_DESIGN_SECURITY_CLASSIFICATION(#364,(#6));
#367 = CC_DESIGN_DATE_AND_TIME_ASSIGNMENT(#368,#372,(#5));
#368 = DATE_AND_TIME(#369,#370);
#369 = CALENDAR_DATE(2026,25,4);
#370 = LOCAL_TIME(9,47,$,#371);
#371 = COORDINATED_UNIVERSAL_TIME_OFFSET(0,$,.EXACT.);
#372 = DATE_TIME_ROLE('creation_date');
#373 = CC_DESIGN_DATE_AND_TIME_ASSIGNMENT(#368,#374,(#364));
#374 = DATE_TIME_ROLE('classification_date');
#375 = CC_DESIGN_APPROVAL(#376,(#6,#5,#364));
#376 = APPROVAL(#377,'');
#377 = APPROVAL_STATUS('not_yet_approved');
#378 = APPROVAL_PERSON_ORGANIZATION(#354,#376,#379);
#379 = APPROVAL_ROLE('approver');
#380 = APPROVAL_DATE_TIME(#368,#376);
#381 = SHAPE_DEFINITION_REPRESENTATION(#382,#388);
#382 = PRODUCT_DEFINITION_SHAPE('','',#383);
#383 = PRODUCT_DEFINITION('design','',#384,#387);
#384 = PRODUCT_DEFINITION_FORMATION_WITH_SPECIFIED_SOURCE('','',#385,
  .NOT_KNOWN.);
#385 = PRODUCT('Timber_0.02_m 2','Timber_0.02_m 2','',(#386));
#386 = MECHANICAL_CONTEXT('',#2,'mechanical');
#387 = DESIGN_CONTEXT('',#2,'design');
#388 = ADVANCED_BREP_SHAPE_REPRESENTATION('',(#11,#389),#719);
#389 = MANIFOLD_SOLID_BREP('Timber_0.02_m',#390);
#390 = CLOSED_SHELL('',(#391,#511,#587,#658,#705,#712));
#391 = ADVANCED_FACE('',(#392),#406,.F.);
#392 = FACE_BOUND('',#393,.F.);
#393 = EDGE_LOOP('',(#394,#429,#457,#485));
#394 = ORIENTED_EDGE('',*,*,#395,.T.);
#395 = EDGE_CURVE('',#396,#398,#400,.T.);
#396 = VERTEX_POINT('',#397);
#397 = CARTESIAN_POINT('',(1.395E-03,4.340624220212E-03,2.66E-03));
#398 = VERTEX_POINT('',#399);
#399 = CARTESIAN_POINT('',(5.155E-03,4.340624220212E-03,2.66E-03));
#400 = SURFACE_CURVE('',#401,(#405,#417),.PCURVE_S1.);
#401 = LINE('',#402,#403);
#402 = CARTESIAN_POINT('',(1.395E-03,4.340624220212E-03,2.66E-03));
#403 = VECTOR('',#404,1.E-03);
#404 = DIRECTION('',(1.,0.,0.));
#405 = PCURVE('',#406,#411);
#406 = PLANE('',#407);
#407 = AXIS2_PLACEMENT_3D('',#408,#409,#410);
#408 = CARTESIAN_POINT('',(1.395E-03,4.340624220212E-03,2.66E-03));
#409 = DIRECTION('',(0.,1.,3.77302356025E-15));
#410 = DIRECTION('',(0.,3.77302356025E-15,-1.));
#411 = DEFINITIONAL_REPRESENTATION('',(#412),#416);
#412 = LINE('',#413,#414);
#413 = CARTESIAN_POINT('',(0.,0.));
#414 = VECTOR('',#415,1.);
#415 = DIRECTION('',(0.,-1.));
#416 = ( GEOMETRIC_REPRESENTATION_CONTEXT(2) 
PARAMETRIC_REPRESENTATION_CONTEXT() REPRESENTATION_CONTEXT('2D SPACE',''
  ) );
#417 = PCURVE('',#418,#423);
#418 = PLANE('',#419);
#419 = AXIS2_PLACEMENT_3D('',#420,#421,#422);
#420 = CARTESIAN_POINT('',(1.395E-03,4.460624220212E-03,2.66E-03));
#421 = DIRECTION('',(0.,0.,-1.));
#422 = DIRECTION('',(0.,-1.,0.));
#423 = DEFINITIONAL_REPRESENTATION('',(#424),#428);
#424 = LINE('',#425,#426);
#425 = CARTESIAN_POINT('',(1.2E-04,0.));
#426 = VECTOR('',#427,1.);
#427 = DIRECTION('',(0.,-1.));
#428 = ( GEOMETRIC_REPRESENTATION_CONTEXT(2) 
PARAMETRIC_REPRESENTATION_CONTEXT() REPRESENTATION_CONTEXT('2D SPACE',''
  ) );
#429 = ORIENTED_EDGE('',*,*,#430,.T.);
#430 = EDGE_CURVE('',#398,#431,#433,.T.);
#431 = VERTEX_POINT('',#432);
#432 = CARTESIAN_POINT('',(5.155E-03,4.340624220212E-03,2.5E-03));
#433 = SURFACE_CURVE('',#434,(#438,#445),.PCURVE_S1.);
#434 = LINE('',#435,#436);
#435 = CARTESIAN_POINT('',(5.155E-03,4.340624220212E-03,2.66E-03));
#436 = VECTOR('',#437,1.E-03);
#437 = DIRECTION('',(0.,3.77302356025E-15,-1.));
#438 = PCURVE('',#406,#439);
#439 = DEFINITIONAL_REPRESENTATION('',(#440),#444);
#440 = LINE('',#441,#442);
#441 = CARTESIAN_POINT('',(0.,-3.76E-03));
#442 = VECTOR('',#443,1.);
#443 = DIRECTION('',(1.,0.));
#444 = ( GEOMETRIC_REPRESENTATION_CONTEXT(2) 
PARAMETRIC_REPRESENTATION_CONTEXT() REPRESENTATION_CONTEXT('2D SPACE',''
  ) );
#445 = PCURVE('',#446,#451);
#446 = PLANE('',#447);
#447 = AXIS2_PLACEMENT_3D('',#448,#449,#450);
#448 = CARTESIAN_POINT('',(5.155E-03,4.400624220212E-03,2.58E-03));
#449 = DIRECTION('',(1.,0.,0.));
#450 = DIRECTION('',(0.,0.,-1.));
#451 = DEFINITIONAL_REPRESENTATION('',(#452),#456);
#452 = LINE('',#453,#454);
#453 = CARTESIAN_POINT('',(-8.E-05,-6.E-05));
#454 = VECTOR('',#455,1.);
#455 = DIRECTION('',(1.,3.77302356025E-15));
#456 = ( GEOMETRIC_REPRESENTATION_CONTEXT(2) 
PARAMETRIC_REPRESENTATION_CONTEXT() REPRESENTATION_CONTEXT('2D SPACE',''
  ) );
#457 = ORIENTED_EDGE('',*,*,#458,.F.);
#458 = EDGE_CURVE('',#459,#431,#461,.T.);
#459 = VERTEX_POINT('',#460);
#460 = CARTESIAN_POINT('',(1.395E-03,4.340624220212E-03,2.5E-03));
#461 = SURFACE_CURVE('',#462,(#466,#473),.PCURVE_S1.);
#462 = LINE('',#463,#464);
#463 = CARTESIAN_POINT('',(1.395E-03,4.340624220212E-03,2.5E-03));
#464 = VECTOR('',#465,1.E-03);
#465 = DIRECTION('',(1.,0.,0.));
#466 = PCURVE('',#406,#467);
#467 = DEFINITIONAL_REPRESENTATION('',(#468),#472);
#468 = LINE('',#469,#470);
#469 = CARTESIAN_POINT('',(1.6E-04,0.));
#470 = VECTOR('',#471,1.);
#471 = DIRECTION('',(0.,-1.));
#472 = ( GEOMETRIC_REPRESENTATION_CONTEXT(2) 
PARAMETRIC_REPRESENTATION_CONTEXT() REPRESENTATION_CONTEXT('2D SPACE',''
  ) );
#473 = PCURVE('',#474,#479);
#474 = PLANE('',#475);
#475 = AXIS2_PLACEMENT_3D('',#476,#477,#478);
#476 = CARTESIAN_POINT('',(1.395E-03,4.340624220212E-03,2.5E-03));
#477 = DIRECTION('',(0.,0.,1.));
#478 = DIRECTION('',(0.,1.,0.));
#479 = DEFINITIONAL_REPRESENTATION('',(#480),#484);
#480 = LINE('',#481,#482);
#481 = CARTESIAN_POINT('',(0.,0.));
#482 = VECTOR('',#483,1.);
#483 = DIRECTION('',(0.,-1.));
#484 = ( GEOMETRIC_REPRESENTATION_CONTEXT(2) 
PARAMETRIC_REPRESENTATION_CONTEXT() REPRESENTATION_CONTEXT('2D SPACE',''
  ) );
#485 = ORIENTED_EDGE('',*,*,#486,.F.);
#486 = EDGE_CURVE('',#396,#459,#487,.T.);
#487 = SURFACE_CURVE('',#488,(#492,#499),.PCURVE_S1.);
#488 = LINE('',#489,#490);
#489 = CARTESIAN_POINT('',(1.395E-03,4.340624220212E-03,2.66E-03));
#490 = VECTOR('',#491,1.E-03);
#491 = DIRECTION('',(0.,3.77302356025E-15,-1.));
#492 = PCURVE('',#406,#493);
#493 = DEFINITIONAL_REPRESENTATION('',(#494),#498);
#494 = LINE('',#495,#496);
#495 = CARTESIAN_POINT('',(0.,0.));
#496 = VECTOR('',#497,1.);
#497 = DIRECTION('',(1.,0.));
#498 = ( GEOMETRIC_REPRESENTATION_CONTEXT(2) 
PARAMETRIC_REPRESENTATION_CONTEXT() REPRESENTATION_CONTEXT('2D SPACE',''
  ) );
#499 = PCURVE('',#500,#505);
#500 = PLANE('',#501);
#501 = AXIS2_PLACEMENT_3D('',#502,#503,#504);
#502 = CARTESIAN_POINT('',(1.395E-03,4.400624220212E-03,2.58E-03));
#503 = DIRECTION('',(1.,0.,0.));
#504 = DIRECTION('',(0.,0.,-1.));
#505 = DEFINITIONAL_REPRESENTATION('',(#506),#510);
#506 = LINE('',#507,#508);
#507 = CARTESIAN_POINT('',(-8.E-05,-6.E-05));
#508 = VECTOR('',#509,1.);
#509 = DIRECTION('',(1.,3.77302356025E-15));
#510 = ( GEOMETRIC_REPRESENTATION_CONTEXT(2) 
PARAMETRIC_REPRESENTATION_CONTEXT() REPRESENTATION_CONTEXT('2D SPACE',''
  ) );
#511 = ADVANCED_FACE('',(#512),#474,.F.);
#512 = FACE_BOUND('',#513,.F.);
#513 = EDGE_LOOP('',(#514,#515,#538,#566));
#514 = ORIENTED_EDGE('',*,*,#458,.T.);
#515 = ORIENTED_EDGE('',*,*,#516,.T.);
#516 = EDGE_CURVE('',#431,#517,#519,.T.);
#517 = VERTEX_POINT('',#518);
#518 = CARTESIAN_POINT('',(5.155E-03,4.460624220212E-03,2.5E-03));
#519 = SURFACE_CURVE('',#520,(#524,#531),.PCURVE_S1.);
#520 = LINE('',#521,#522);
#521 = CARTESIAN_POINT('',(5.155E-03,4.340624220212E-03,2.5E-03));
#522 = VECTOR('',#523,1.E-03);
#523 = DIRECTION('',(0.,1.,0.));
#524 = PCURVE('',#474,#525);
#525 = DEFINITIONAL_REPRESENTATION('',(#526),#530);
#526 = LINE('',#527,#528);
#527 = CARTESIAN_POINT('',(0.,-3.76E-03));
#528 = VECTOR('',#529,1.);
#529 = DIRECTION('',(1.,0.));
#530 = ( GEOMETRIC_REPRESENTATION_CONTEXT(2) 
PARAMETRIC_REPRESENTATION_CONTEXT() REPRESENTATION_CONTEXT('2D SPACE',''
  ) );
#531 = PCURVE('',#446,#532);
#532 = DEFINITIONAL_REPRESENTATION('',(#533),#537);
#533 = LINE('',#534,#535);
#534 = CARTESIAN_POINT('',(8.E-05,-6.E-05));
#535 = VECTOR('',#536,1.);
#536 = DIRECTION('',(0.,1.));
#537 = ( GEOMETRIC_REPRESENTATION_CONTEXT(2) 
PARAMETRIC_REPRESENTATION_CONTEXT() REPRESENTATION_CONTEXT('2D SPACE',''
  ) );
#538 = ORIENTED_EDGE('',*,*,#539,.F.);
#539 = EDGE_CURVE('',#540,#517,#542,.T.);
#540 = VERTEX_POINT('',#541);
#541 = CARTESIAN_POINT('',(1.395E-03,4.460624220212E-03,2.5E-03));
#542 = SURFACE_CURVE('',#543,(#547,#554),.PCURVE_S1.);
#543 = LINE('',#544,#545);
#544 = CARTESIAN_POINT('',(1.395E-03,4.460624220212E-03,2.5E-03));
#545 = VECTOR('',#546,1.E-03);
#546 = DIRECTION('',(1.,0.,0.));
#547 = PCURVE('',#474,#548);
#548 = DEFINITIONAL_REPRESENTATION('',(#549),#553);
#549 = LINE('',#550,#551);
#550 = CARTESIAN_POINT('',(1.2E-04,0.));
#551 = VECTOR('',#552,1.);
#552 = DIRECTION('',(0.,-1.));
#553 = ( GEOMETRIC_REPRESENTATION_CONTEXT(2) 
PARAMETRIC_REPRESENTATION_CONTEXT() REPRESENTATION_CONTEXT('2D SPACE',''
  ) );
#554 = PCURVE('',#555,#560);
#555 = PLANE('',#556);
#556 = AXIS2_PLACEMENT_3D('',#557,#558,#559);
#557 = CARTESIAN_POINT('',(1.395E-03,4.460624220212E-03,2.5E-03));
#558 = DIRECTION('',(0.,-1.,1.864827736675E-15));
#559 = DIRECTION('',(0.,1.864827736675E-15,1.));
#560 = DEFINITIONAL_REPRESENTATION('',(#561),#565);
#561 = LINE('',#562,#563);
#562 = CARTESIAN_POINT('',(0.,0.));
#563 = VECTOR('',#564,1.);
#564 = DIRECTION('',(0.,-1.));
#565 = ( GEOMETRIC_REPRESENTATION_CONTEXT(2) 
PARAMETRIC_REPRESENTATION_CONTEXT() REPRESENTATION_CONTEXT('2D SPACE',''
  ) );
#566 = ORIENTED_EDGE('',*,*,#567,.F.);
#567 = EDGE_CURVE('',#459,#540,#568,.T.);
#568 = SURFACE_CURVE('',#569,(#573,#580),.PCURVE_S1.);
#569 = LINE('',#570,#571);
#570 = CARTESIAN_POINT('',(1.395E-03,4.340624220212E-03,2.5E-03));
#571 = VECTOR('',#572,1.E-03);
#572 = DIRECTION('',(0.,1.,0.));
#573 = PCURVE('',#474,#574);
#574 = DEFINITIONAL_REPRESENTATION('',(#575),#579);
#575 = LINE('',#576,#577);
#576 = CARTESIAN_POINT('',(0.,0.));
#577 = VECTOR('',#578,1.);
#578 = DIRECTION('',(1.,0.));
#579 = ( GEOMETRIC_REPRESENTATION_CONTEXT(2) 
PARAMETRIC_REPRESENTATION_CONTEXT() REPRESENTATION_CONTEXT('2D SPACE',''
  ) );
#580 = PCURVE('',#500,#581);
#581 = DEFINITIONAL_REPRESENTATION('',(#582),#586);
#582 = LINE('',#583,#584);
#583 = CARTESIAN_POINT('',(8.E-05,-6.E-05));
#584 = VECTOR('',#585,1.);
#585 = DIRECTION('',(0.,1.));
#586 = ( GEOMETRIC_REPRESENTATION_CONTEXT(2) 
PARAMETRIC_REPRESENTATION_CONTEXT() REPRESENTATION_CONTEXT('2D SPACE',''
  ) );
#587 = ADVANCED_FACE('',(#588),#555,.F.);
#588 = FACE_BOUND('',#589,.F.);
#589 = EDGE_LOOP('',(#590,#591,#614,#637));
#590 = ORIENTED_EDGE('',*,*,#539,.T.);
#591 = ORIENTED_EDGE('',*,*,#592,.T.);
#592 = EDGE_CURVE('',#517,#593,#595,.T.);
#593 = VERTEX_POINT('',#594);
#594 = CARTESIAN_POINT('',(5.155E-03,4.460624220212E-03,2.66E-03));
#595 = SURFACE_CURVE('',#596,(#600,#607),.PCURVE_S1.);
#596 = LINE('',#597,#598);
#597 = CARTESIAN_POINT('',(5.155E-03,4.460624220212E-03,2.5E-03));
#598 = VECTOR('',#599,1.E-03);
#599 = DIRECTION('',(0.,1.864827736675E-15,1.));
#600 = PCURVE('',#555,#601);
#601 = DEFINITIONAL_REPRESENTATION('',(#602),#606);
#602 = LINE('',#603,#604);
#603 = CARTESIAN_POINT('',(0.,-3.76E-03));
#604 = VECTOR('',#605,1.);
#605 = DIRECTION('',(1.,0.));
#606 = ( GEOMETRIC_REPRESENTATION_CONTEXT(2) 
PARAMETRIC_REPRESENTATION_CONTEXT() REPRESENTATION_CONTEXT('2D SPACE',''
  ) );
#607 = PCURVE('',#446,#608);
#608 = DEFINITIONAL_REPRESENTATION('',(#609),#613);
#609 = LINE('',#610,#611);
#610 = CARTESIAN_POINT('',(8.E-05,6.E-05));
#611 = VECTOR('',#612,1.);
#612 = DIRECTION('',(-1.,1.864827736675E-15));
#613 = ( GEOMETRIC_REPRESENTATION_CONTEXT(2) 
PARAMETRIC_REPRESENTATION_CONTEXT() REPRESENTATION_CONTEXT('2D SPACE',''
  ) );
#614 = ORIENTED_EDGE('',*,*,#615,.F.);
#615 = EDGE_CURVE('',#616,#593,#618,.T.);
#616 = VERTEX_POINT('',#617);
#617 = CARTESIAN_POINT('',(1.395E-03,4.460624220212E-03,2.66E-03));
#618 = SURFACE_CURVE('',#619,(#623,#630),.PCURVE_S1.);
#619 = LINE('',#620,#621);
#620 = CARTESIAN_POINT('',(1.395E-03,4.460624220212E-03,2.66E-03));
#621 = VECTOR('',#622,1.E-03);
#622 = DIRECTION('',(1.,0.,0.));
#623 = PCURVE('',#555,#624);
#624 = DEFINITIONAL_REPRESENTATION('',(#625),#629);
#625 = LINE('',#626,#627);
#626 = CARTESIAN_POINT('',(1.6E-04,0.));
#627 = VECTOR('',#628,1.);
#628 = DIRECTION('',(0.,-1.));
#629 = ( GEOMETRIC_REPRESENTATION_CONTEXT(2) 
PARAMETRIC_REPRESENTATION_CONTEXT() REPRESENTATION_CONTEXT('2D SPACE',''
  ) );
#630 = PCURVE('',#418,#631);
#631 = DEFINITIONAL_REPRESENTATION('',(#632),#636);
#632 = LINE('',#633,#634);
#633 = CARTESIAN_POINT('',(0.,0.));
#634 = VECTOR('',#635,1.);
#635 = DIRECTION('',(0.,-1.));
#636 = ( GEOMETRIC_REPRESENTATION_CONTEXT(2) 
PARAMETRIC_REPRESENTATION_CONTEXT() REPRESENTATION_CONTEXT('2D SPACE',''
  ) );
#637 = ORIENTED_EDGE('',*,*,#638,.F.);
#638 = EDGE_CURVE('',#540,#616,#639,.T.);
#639 = SURFACE_CURVE('',#640,(#644,#651),.PCURVE_S1.);
#640 = LINE('',#641,#642);
#641 = CARTESIAN_POINT('',(1.395E-03,4.460624220212E-03,2.5E-03));
#642 = VECTOR('',#643,1.E-03);
#643 = DIRECTION('',(0.,1.864827736675E-15,1.));
#644 = PCURVE('',#555,#645);
#645 = DEFINITIONAL_REPRESENTATION('',(#646),#650);
#646 = LINE('',#647,#648);
#647 = CARTESIAN_POINT('',(0.,0.));
#648 = VECTOR('',#649,1.);
#649 = DIRECTION('',(1.,0.));
#650 = ( GEOMETRIC_REPRESENTATION_CONTEXT(2) 
PARAMETRIC_REPRESENTATION_CONTEXT() REPRESENTATION_CONTEXT('2D SPACE',''
  ) );
#651 = PCURVE('',#500,#652);
#652 = DEFINITIONAL_REPRESENTATION('',(#653),#657);
#653 = LINE('',#654,#655);
#654 = CARTESIAN_POINT('',(8.E-05,6.E-05));
#655 = VECTOR('',#656,1.);
#656 = DIRECTION('',(-1.,1.864827736675E-15));
#657 = ( GEOMETRIC_REPRESENTATION_CONTEXT(2) 
PARAMETRIC_REPRESENTATION_CONTEXT() REPRESENTATION_CONTEXT('2D SPACE',''
  ) );
#658 = ADVANCED_FACE('',(#659),#418,.F.);
#659 = FACE_BOUND('',#660,.F.);
#660 = EDGE_LOOP('',(#661,#662,#683,#684));
#661 = ORIENTED_EDGE('',*,*,#615,.T.);
#662 = ORIENTED_EDGE('',*,*,#663,.T.);
#663 = EDGE_CURVE('',#593,#398,#664,.T.);
#664 = SURFACE_CURVE('',#665,(#669,#676),.PCURVE_S1.);
#665 = LINE('',#666,#667);
#666 = CARTESIAN_POINT('',(5.155E-03,4.460624220212E-03,2.66E-03));
#667 = VECTOR('',#668,1.E-03);
#668 = DIRECTION('',(0.,-1.,0.));
#669 = PCURVE('',#418,#670);
#670 = DEFINITIONAL_REPRESENTATION('',(#671),#675);
#671 = LINE('',#672,#673);
#672 = CARTESIAN_POINT('',(0.,-3.76E-03));
#673 = VECTOR('',#674,1.);
#674 = DIRECTION('',(1.,0.));
#675 = ( GEOMETRIC_REPRESENTATION_CONTEXT(2) 
PARAMETRIC_REPRESENTATION_CONTEXT() REPRESENTATION_CONTEXT('2D SPACE',''
  ) );
#676 = PCURVE('',#446,#677);
#677 = DEFINITIONAL_REPRESENTATION('',(#678),#682);
#678 = LINE('',#679,#680);
#679 = CARTESIAN_POINT('',(-8.E-05,6.E-05));
#680 = VECTOR('',#681,1.);
#681 = DIRECTION('',(0.,-1.));
#682 = ( GEOMETRIC_REPRESENTATION_CONTEXT(2) 
PARAMETRIC_REPRESENTATION_CONTEXT() REPRESENTATION_CONTEXT('2D SPACE',''
  ) );
#683 = ORIENTED_EDGE('',*,*,#395,.F.);
#684 = ORIENTED_EDGE('',*,*,#685,.F.);
#685 = EDGE_CURVE('',#616,#396,#686,.T.);
#686 = SURFACE_CURVE('',#687,(#691,#698),.PCURVE_S1.);
#687 = LINE('',#688,#689);
#688 = CARTESIAN_POINT('',(1.395E-03,4.460624220212E-03,2.66E-03));
#689 = VECTOR('',#690,1.E-03);
#690 = DIRECTION('',(0.,-1.,0.));
#691 = PCURVE('',#418,#692);
#692 = DEFINITIONAL_REPRESENTATION('',(#693),#697);
#693 = LINE('',#694,#695);
#694 = CARTESIAN_POINT('',(0.,0.));
#695 = VECTOR('',#696,1.);
#696 = DIRECTION('',(1.,0.));
#697 = ( GEOMETRIC_REPRESENTATION_CONTEXT(2) 
PARAMETRIC_REPRESENTATION_CONTEXT() REPRESENTATION_CONTEXT('2D SPACE',''
  ) );
#698 = PCURVE('',#500,#699);
#699 = DEFINITIONAL_REPRESENTATION('',(#700),#704);
#700 = LINE('',#701,#702);
#701 = CARTESIAN_POINT('',(-8.E-05,6.E-05));
#702 = VECTOR('',#703,1.);
#703 = DIRECTION('',(0.,-1.));
#704 = ( GEOMETRIC_REPRESENTATION_CONTEXT(2) 
PARAMETRIC_REPRESENTATION_CONTEXT() REPRESENTATION_CONTEXT('2D SPACE',''
  ) );
#705 = ADVANCED_FACE('',(#706),#500,.F.);
#706 = FACE_BOUND('',#707,.F.);
#707 = EDGE_LOOP('',(#708,#709,#710,#711));
#708 = ORIENTED_EDGE('',*,*,#486,.T.);
#709 = ORIENTED_EDGE('',*,*,#567,.T.);
#710 = ORIENTED_EDGE('',*,*,#638,.T.);
#711 = ORIENTED_EDGE('',*,*,#685,.T.);
#712 = ADVANCED_FACE('',(#713),#446,.T.);
#713 = FACE_BOUND('',#714,.T.);
#714 = EDGE_LOOP('',(#715,#716,#717,#718));
#715 = ORIENTED_EDGE('',*,*,#430,.T.);
#716 = ORIENTED_EDGE('',*,*,#516,.T.);
#717 = ORIENTED_EDGE('',*,*,#592,.T.);
#718 = ORIENTED_EDGE('',*,*,#663,.T.);
#719 = ( GEOMETRIC_REPRESENTATION_CONTEXT(3) 
GLOBAL_UNCERTAINTY_ASSIGNED_CONTEXT((#723)) GLOBAL_UNIT_ASSIGNED_CONTEXT
((#720,#721,#722)) REPRESENTATION_CONTEXT('Context #1',
  '3D Context with UNIT and UNCERTAINTY') );
#720 = ( LENGTH_UNIT() NAMED_UNIT(*) SI_UNIT($,.METRE.) );
#721 = ( NAMED_UNIT(*) PLANE_ANGLE_UNIT() SI_UNIT($,.RADIAN.) );
#722 = ( NAMED_UNIT(*) SI_UNIT($,.STERADIAN.) SOLID_ANGLE_UNIT() );
#723 = UNCERTAINTY_MEASURE_WITH_UNIT(LENGTH_MEASURE(1.E-08),#720,
  'distance_accuracy_value','confusion accuracy');
#724 = PRODUCT_RELATED_PRODUCT_CATEGORY('detail',$,(#385));
#725 = PRODUCT_CATEGORY_RELATIONSHIP('','',#726,#724);
#726 = PRODUCT_CATEGORY('part',$);
#727 = CC_DESIGN_PERSON_AND_ORGANIZATION_ASSIGNMENT(#354,#357,(#384,#383
    ));
#728 = CC_DESIGN_PERSON_AND_ORGANIZATION_ASSIGNMENT(#354,#359,(#385));
#729 = CC_DESIGN_PERSON_AND_ORGANIZATION_ASSIGNMENT(#354,#361,(#384));
#730 = CC_DESIGN_PERSON_AND_ORGANIZATION_ASSIGNMENT(#354,#363,(#731));
#731 = SECURITY_CLASSIFICATION('','',#365);
#732 = CC_DESIGN_SECURITY_CLASSIFICATION(#731,(#384));
#733 = CC_DESIGN_DATE_AND_TIME_ASSIGNMENT(#368,#372,(#383));
#734 = CC_DESIGN_DATE_AND_TIME_ASSIGNMENT(#368,#374,(#731));
#735 = CC_DESIGN_APPROVAL(#376,(#384,#383,#731));
#736 = SHAPE_DEFINITION_REPRESENTATION(#737,#743);
#737 = PRODUCT_DEFINITION_SHAPE('','',#738);
#738 = PRODUCT_DEFINITION('design','',#739,#742);
#739 = PRODUCT_DEFINITION_FORMATION_WITH_SPECIFIED_SOURCE('','',#740,
  .NOT_KNOWN.);
#740 = PRODUCT('Timber_0.02_m 3','Timber_0.02_m 3','',(#741));
#741 = MECHANICAL_CONTEXT('',#2,'mechanical');
#742 = DESIGN_CONTEXT('',#2,'design');
#743 = ADVANCED_BREP_SHAPE_REPRESENTATION('',(#11,#744),#1074);
#744 = MANIFOLD_SOLID_BREP('Timber_0.02_m',#745);
#745 = CLOSED_SHELL('',(#746,#866,#942,#1013,#1060,#1067));
#746 = ADVANCED_FACE('',(#747),#761,.F.);
#747 = FACE_BOUND('',#748,.F.);
#748 = EDGE_LOOP('',(#749,#784,#812,#840));
#749 = ORIENTED_EDGE('',*,*,#750,.T.);
#750 = EDGE_CURVE('',#751,#753,#755,.T.);
#751 = VERTEX_POINT('',#752);
#752 = CARTESIAN_POINT('',(1.395E-03,3.840624220212E-03,2.66E-03));
#753 = VERTEX_POINT('',#754);
#754 = CARTESIAN_POINT('',(5.155E-03,3.840624220212E-03,2.66E-03));
#755 = SURFACE_CURVE('',#756,(#760,#772),.PCURVE_S1.);
#756 = LINE('',#757,#758);
#757 = CARTESIAN_POINT('',(1.395E-03,3.840624220212E-03,2.66E-03));
#758 = VECTOR('',#759,1.E-03);
#759 = DIRECTION('',(1.,0.,0.));
#760 = PCURVE('',#761,#766);
#761 = PLANE('',#762);
#762 = AXIS2_PLACEMENT_3D('',#763,#764,#765);
#763 = CARTESIAN_POINT('',(1.395E-03,3.840624220212E-03,2.66E-03));
#764 = DIRECTION('',(0.,1.,3.77302356025E-15));
#765 = DIRECTION('',(0.,3.77302356025E-15,-1.));
#766 = DEFINITIONAL_REPRESENTATION('',(#767),#771);
#767 = LINE('',#768,#769);
#768 = CARTESIAN_POINT('',(0.,0.));
#769 = VECTOR('',#770,1.);
#770 = DIRECTION('',(0.,-1.));
#771 = ( GEOMETRIC_REPRESENTATION_CONTEXT(2) 
PARAMETRIC_REPRESENTATION_CONTEXT() REPRESENTATION_CONTEXT('2D SPACE',''
  ) );
#772 = PCURVE('',#773,#778);
#773 = PLANE('',#774);
#774 = AXIS2_PLACEMENT_3D('',#775,#776,#777);
#775 = CARTESIAN_POINT('',(1.395E-03,3.960624220212E-03,2.66E-03));
#776 = DIRECTION('',(0.,0.,-1.));
#777 = DIRECTION('',(0.,-1.,0.));
#778 = DEFINITIONAL_REPRESENTATION('',(#779),#783);
#779 = LINE('',#780,#781);
#780 = CARTESIAN_POINT('',(1.2E-04,0.));
#781 = VECTOR('',#782,1.);
#782 = DIRECTION('',(0.,-1.));
#783 = ( GEOMETRIC_REPRESENTATION_CONTEXT(2) 
PARAMETRIC_REPRESENTATION_CONTEXT() REPRESENTATION_CONTEXT('2D SPACE',''
  ) );
#784 = ORIENTED_EDGE('',*,*,#785,.T.);
#785 = EDGE_CURVE('',#753,#786,#788,.T.);
#786 = VERTEX_POINT('',#787);
#787 = CARTESIAN_POINT('',(5.155E-03,3.840624220212E-03,2.5E-03));
#788 = SURFACE_CURVE('',#789,(#793,#800),.PCURVE_S1.);
#789 = LINE('',#790,#791);
#790 = CARTESIAN_POINT('',(5.155E-03,3.840624220212E-03,2.66E-03));
#791 = VECTOR('',#792,1.E-03);
#792 = DIRECTION('',(0.,3.77302356025E-15,-1.));
#793 = PCURVE('',#761,#794);
#794 = DEFINITIONAL_REPRESENTATION('',(#795),#799);
#795 = LINE('',#796,#797);
#796 = CARTESIAN_POINT('',(0.,-3.76E-03));
#797 = VECTOR('',#798,1.);
#798 = DIRECTION('',(1.,0.));
#799 = ( GEOMETRIC_REPRESENTATION_CONTEXT(2) 
PARAMETRIC_REPRESENTATION_CONTEXT() REPRESENTATION_CONTEXT('2D SPACE',''
  ) );
#800 = PCURVE('',#801,#806);
#801 = PLANE('',#802);
#802 = AXIS2_PLACEMENT_3D('',#803,#804,#805);
#803 = CARTESIAN_POINT('',(5.155E-03,3.900624220212E-03,2.58E-03));
#804 = DIRECTION('',(1.,0.,0.));
#805 = DIRECTION('',(0.,0.,-1.));
#806 = DEFINITIONAL_REPRESENTATION('',(#807),#811);
#807 = LINE('',#808,#809);
#808 = CARTESIAN_POINT('',(-8.E-05,-6.E-05));
#809 = VECTOR('',#810,1.);
#810 = DIRECTION('',(1.,3.77302356025E-15));
#811 = ( GEOMETRIC_REPRESENTATION_CONTEXT(2) 
PARAMETRIC_REPRESENTATION_CONTEXT() REPRESENTATION_CONTEXT('2D SPACE',''
  ) );
#812 = ORIENTED_EDGE('',*,*,#813,.F.);
#813 = EDGE_CURVE('',#814,#786,#816,.T.);
#814 = VERTEX_POINT('',#815);
#815 = CARTESIAN_POINT('',(1.395E-03,3.840624220212E-03,2.5E-03));
#816 = SURFACE_CURVE('',#817,(#821,#828),.PCURVE_S1.);
#817 = LINE('',#818,#819);
#818 = CARTESIAN_POINT('',(1.395E-03,3.840624220212E-03,2.5E-03));
#819 = VECTOR('',#820,1.E-03);
#820 = DIRECTION('',(1.,0.,0.));
#821 = PCURVE('',#761,#822);
#822 = DEFINITIONAL_REPRESENTATION('',(#823),#827);
#823 = LINE('',#824,#825);
#824 = CARTESIAN_POINT('',(1.6E-04,0.));
#825 = VECTOR('',#826,1.);
#826 = DIRECTION('',(0.,-1.));
#827 = ( GEOMETRIC_REPRESENTATION_CONTEXT(2) 
PARAMETRIC_REPRESENTATION_CONTEXT() REPRESENTATION_CONTEXT('2D SPACE',''
  ) );
#828 = PCURVE('',#829,#834);
#829 = PLANE('',#830);
#830 = AXIS2_PLACEMENT_3D('',#831,#832,#833);
#831 = CARTESIAN_POINT('',(1.395E-03,3.840624220212E-03,2.5E-03));
#832 = DIRECTION('',(0.,0.,1.));
#833 = DIRECTION('',(0.,1.,0.));
#834 = DEFINITIONAL_REPRESENTATION('',(#835),#839);
#835 = LINE('',#836,#837);
#836 = CARTESIAN_POINT('',(0.,0.));
#837 = VECTOR('',#838,1.);
#838 = DIRECTION('',(0.,-1.));
#839 = ( GEOMETRIC_REPRESENTATION_CONTEXT(2) 
PARAMETRIC_REPRESENTATION_CONTEXT() REPRESENTATION_CONTEXT('2D SPACE',''
  ) );
#840 = ORIENTED_EDGE('',*,*,#841,.F.);
#841 = EDGE_CURVE('',#751,#814,#842,.T.);
#842 = SURFACE_CURVE('',#843,(#847,#854),.PCURVE_S1.);
#843 = LINE('',#844,#845);
#844 = CARTESIAN_POINT('',(1.395E-03,3.840624220212E-03,2.66E-03));
#845 = VECTOR('',#846,1.E-03);
#846 = DIRECTION('',(0.,3.77302356025E-15,-1.));
#847 = PCURVE('',#761,#848);
#848 = DEFINITIONAL_REPRESENTATION('',(#849),#853);
#849 = LINE('',#850,#851);
#850 = CARTESIAN_POINT('',(0.,0.));
#851 = VECTOR('',#852,1.);
#852 = DIRECTION('',(1.,0.));
#853 = ( GEOMETRIC_REPRESENTATION_CONTEXT(2) 
PARAMETRIC_REPRESENTATION_CONTEXT() REPRESENTATION_CONTEXT('2D SPACE',''
  ) );
#854 = PCURVE('',#855,#860);
#855 = PLANE('',#856);
#856 = AXIS2_PLACEMENT_3D('',#857,#858,#859);
#857 = CARTESIAN_POINT('',(1.395E-03,3.900624220212E-03,2.58E-03));
#858 = DIRECTION('',(1.,0.,0.));
#859 = DIRECTION('',(0.,0.,-1.));
#860 = DEFINITIONAL_REPRESENTATION('',(#861),#865);
#861 = LINE('',#862,#863);
#862 = CARTESIAN_POINT('',(-8.E-05,-6.E-05));
#863 = VECTOR('',#864,1.);
#864 = DIRECTION('',(1.,3.77302356025E-15));
#865 = ( GEOMETRIC_REPRESENTATION_CONTEXT(2) 
PARAMETRIC_REPRESENTATION_CONTEXT() REPRESENTATION_CONTEXT('2D SPACE',''
  ) );
#866 = ADVANCED_FACE('',(#867),#829,.F.);
#867 = FACE_BOUND('',#868,.F.);
#868 = EDGE_LOOP('',(#869,#870,#893,#921));
#869 = ORIENTED_EDGE('',*,*,#813,.T.);
#870 = ORIENTED_EDGE('',*,*,#871,.T.);
#871 = EDGE_CURVE('',#786,#872,#874,.T.);
#872 = VERTEX_POINT('',#873);
#873 = CARTESIAN_POINT('',(5.155E-03,3.960624220212E-03,2.5E-03));
#874 = SURFACE_CURVE('',#875,(#879,#886),.PCURVE_S1.);
#875 = LINE('',#876,#877);
#876 = CARTESIAN_POINT('',(5.155E-03,3.840624220212E-03,2.5E-03));
#877 = VECTOR('',#878,1.E-03);
#878 = DIRECTION('',(0.,1.,0.));
#879 = PCURVE('',#829,#880);
#880 = DEFINITIONAL_REPRESENTATION('',(#881),#885);
#881 = LINE('',#882,#883);
#882 = CARTESIAN_POINT('',(0.,-3.76E-03));
#883 = VECTOR('',#884,1.);
#884 = DIRECTION('',(1.,0.));
#885 = ( GEOMETRIC_REPRESENTATION_CONTEXT(2) 
PARAMETRIC_REPRESENTATION_CONTEXT() REPRESENTATION_CONTEXT('2D SPACE',''
  ) );
#886 = PCURVE('',#801,#887);
#887 = DEFINITIONAL_REPRESENTATION('',(#888),#892);
#888 = LINE('',#889,#890);
#889 = CARTESIAN_POINT('',(8.E-05,-6.E-05));
#890 = VECTOR('',#891,1.);
#891 = DIRECTION('',(0.,1.));
#892 = ( GEOMETRIC_REPRESENTATION_CONTEXT(2) 
PARAMETRIC_REPRESENTATION_CONTEXT() REPRESENTATION_CONTEXT('2D SPACE',''
  ) );
#893 = ORIENTED_EDGE('',*,*,#894,.F.);
#894 = EDGE_CURVE('',#895,#872,#897,.T.);
#895 = VERTEX_POINT('',#896);
#896 = CARTESIAN_POINT('',(1.395E-03,3.960624220212E-03,2.5E-03));
#897 = SURFACE_CURVE('',#898,(#902,#909),.PCURVE_S1.);
#898 = LINE('',#899,#900);
#899 = CARTESIAN_POINT('',(1.395E-03,3.960624220212E-03,2.5E-03));
#900 = VECTOR('',#901,1.E-03);
#901 = DIRECTION('',(1.,0.,0.));
#902 = PCURVE('',#829,#903);
#903 = DEFINITIONAL_REPRESENTATION('',(#904),#908);
#904 = LINE('',#905,#906);
#905 = CARTESIAN_POINT('',(1.2E-04,0.));
#906 = VECTOR('',#907,1.);
#907 = DIRECTION('',(0.,-1.));
#908 = ( GEOMETRIC_REPRESENTATION_CONTEXT(2) 
PARAMETRIC_REPRESENTATION_CONTEXT() REPRESENTATION_CONTEXT('2D SPACE',''
  ) );
#909 = PCURVE('',#910,#915);
#910 = PLANE('',#911);
#911 = AXIS2_PLACEMENT_3D('',#912,#913,#914);
#912 = CARTESIAN_POINT('',(1.395E-03,3.960624220212E-03,2.5E-03));
#913 = DIRECTION('',(0.,-1.,0.));
#914 = DIRECTION('',(0.,0.,1.));
#915 = DEFINITIONAL_REPRESENTATION('',(#916),#920);
#916 = LINE('',#917,#918);
#917 = CARTESIAN_POINT('',(0.,-0.));
#918 = VECTOR('',#919,1.);
#919 = DIRECTION('',(0.,-1.));
#920 = ( GEOMETRIC_REPRESENTATION_CONTEXT(2) 
PARAMETRIC_REPRESENTATION_CONTEXT() REPRESENTATION_CONTEXT('2D SPACE',''
  ) );
#921 = ORIENTED_EDGE('',*,*,#922,.F.);
#922 = EDGE_CURVE('',#814,#895,#923,.T.);
#923 = SURFACE_CURVE('',#924,(#928,#935),.PCURVE_S1.);
#924 = LINE('',#925,#926);
#925 = CARTESIAN_POINT('',(1.395E-03,3.840624220212E-03,2.5E-03));
#926 = VECTOR('',#927,1.E-03);
#927 = DIRECTION('',(0.,1.,0.));
#928 = PCURVE('',#829,#929);
#929 = DEFINITIONAL_REPRESENTATION('',(#930),#934);
#930 = LINE('',#931,#932);
#931 = CARTESIAN_POINT('',(0.,0.));
#932 = VECTOR('',#933,1.);
#933 = DIRECTION('',(1.,0.));
#934 = ( GEOMETRIC_REPRESENTATION_CONTEXT(2) 
PARAMETRIC_REPRESENTATION_CONTEXT() REPRESENTATION_CONTEXT('2D SPACE',''
  ) );
#935 = PCURVE('',#855,#936);
#936 = DEFINITIONAL_REPRESENTATION('',(#937),#941);
#937 = LINE('',#938,#939);
#938 = CARTESIAN_POINT('',(8.E-05,-6.E-05));
#939 = VECTOR('',#940,1.);
#940 = DIRECTION('',(0.,1.));
#941 = ( GEOMETRIC_REPRESENTATION_CONTEXT(2) 
PARAMETRIC_REPRESENTATION_CONTEXT() REPRESENTATION_CONTEXT('2D SPACE',''
  ) );
#942 = ADVANCED_FACE('',(#943),#910,.F.);
#943 = FACE_BOUND('',#944,.F.);
#944 = EDGE_LOOP('',(#945,#946,#969,#992));
#945 = ORIENTED_EDGE('',*,*,#894,.T.);
#946 = ORIENTED_EDGE('',*,*,#947,.T.);
#947 = EDGE_CURVE('',#872,#948,#950,.T.);
#948 = VERTEX_POINT('',#949);
#949 = CARTESIAN_POINT('',(5.155E-03,3.960624220212E-03,2.66E-03));
#950 = SURFACE_CURVE('',#951,(#955,#962),.PCURVE_S1.);
#951 = LINE('',#952,#953);
#952 = CARTESIAN_POINT('',(5.155E-03,3.960624220212E-03,2.5E-03));
#953 = VECTOR('',#954,1.E-03);
#954 = DIRECTION('',(0.,0.,1.));
#955 = PCURVE('',#910,#956);
#956 = DEFINITIONAL_REPRESENTATION('',(#957),#961);
#957 = LINE('',#958,#959);
#958 = CARTESIAN_POINT('',(0.,-3.76E-03));
#959 = VECTOR('',#960,1.);
#960 = DIRECTION('',(1.,0.));
#961 = ( GEOMETRIC_REPRESENTATION_CONTEXT(2) 
PARAMETRIC_REPRESENTATION_CONTEXT() REPRESENTATION_CONTEXT('2D SPACE',''
  ) );
#962 = PCURVE('',#801,#963);
#963 = DEFINITIONAL_REPRESENTATION('',(#964),#968);
#964 = LINE('',#965,#966);
#965 = CARTESIAN_POINT('',(8.E-05,6.E-05));
#966 = VECTOR('',#967,1.);
#967 = DIRECTION('',(-1.,0.));
#968 = ( GEOMETRIC_REPRESENTATION_CONTEXT(2) 
PARAMETRIC_REPRESENTATION_CONTEXT() REPRESENTATION_CONTEXT('2D SPACE',''
  ) );
#969 = ORIENTED_EDGE('',*,*,#970,.F.);
#970 = EDGE_CURVE('',#971,#948,#973,.T.);
#971 = VERTEX_POINT('',#972);
#972 = CARTESIAN_POINT('',(1.395E-03,3.960624220212E-03,2.66E-03));
#973 = SURFACE_CURVE('',#974,(#978,#985),.PCURVE_S1.);
#974 = LINE('',#975,#976);
#975 = CARTESIAN_POINT('',(1.395E-03,3.960624220212E-03,2.66E-03));
#976 = VECTOR('',#977,1.E-03);
#977 = DIRECTION('',(1.,0.,0.));
#978 = PCURVE('',#910,#979);
#979 = DEFINITIONAL_REPRESENTATION('',(#980),#984);
#980 = LINE('',#981,#982);
#981 = CARTESIAN_POINT('',(1.6E-04,0.));
#982 = VECTOR('',#983,1.);
#983 = DIRECTION('',(0.,-1.));
#984 = ( GEOMETRIC_REPRESENTATION_CONTEXT(2) 
PARAMETRIC_REPRESENTATION_CONTEXT() REPRESENTATION_CONTEXT('2D SPACE',''
  ) );
#985 = PCURVE('',#773,#986);
#986 = DEFINITIONAL_REPRESENTATION('',(#987),#991);
#987 = LINE('',#988,#989);
#988 = CARTESIAN_POINT('',(0.,0.));
#989 = VECTOR('',#990,1.);
#990 = DIRECTION('',(0.,-1.));
#991 = ( GEOMETRIC_REPRESENTATION_CONTEXT(2) 
PARAMETRIC_REPRESENTATION_CONTEXT() REPRESENTATION_CONTEXT('2D SPACE',''
  ) );
#992 = ORIENTED_EDGE('',*,*,#993,.F.);
#993 = EDGE_CURVE('',#895,#971,#994,.T.);
#994 = SURFACE_CURVE('',#995,(#999,#1006),.PCURVE_S1.);
#995 = LINE('',#996,#997);
#996 = CARTESIAN_POINT('',(1.395E-03,3.960624220212E-03,2.5E-03));
#997 = VECTOR('',#998,1.E-03);
#998 = DIRECTION('',(0.,0.,1.));
#999 = PCURVE('',#910,#1000);
#1000 = DEFINITIONAL_REPRESENTATION('',(#1001),#1005);
#1001 = LINE('',#1002,#1003);
#1002 = CARTESIAN_POINT('',(0.,-0.));
#1003 = VECTOR('',#1004,1.);
#1004 = DIRECTION('',(1.,0.));
#1005 = ( GEOMETRIC_REPRESENTATION_CONTEXT(2) 
PARAMETRIC_REPRESENTATION_CONTEXT() REPRESENTATION_CONTEXT('2D SPACE',''
  ) );
#1006 = PCURVE('',#855,#1007);
#1007 = DEFINITIONAL_REPRESENTATION('',(#1008),#1012);
#1008 = LINE('',#1009,#1010);
#1009 = CARTESIAN_POINT('',(8.E-05,6.E-05));
#1010 = VECTOR('',#1011,1.);
#1011 = DIRECTION('',(-1.,0.));
#1012 = ( GEOMETRIC_REPRESENTATION_CONTEXT(2) 
PARAMETRIC_REPRESENTATION_CONTEXT() REPRESENTATION_CONTEXT('2D SPACE',''
  ) );
#1013 = ADVANCED_FACE('',(#1014),#773,.F.);
#1014 = FACE_BOUND('',#1015,.F.);
#1015 = EDGE_LOOP('',(#1016,#1017,#1038,#1039));
#1016 = ORIENTED_EDGE('',*,*,#970,.T.);
#1017 = ORIENTED_EDGE('',*,*,#1018,.T.);
#1018 = EDGE_CURVE('',#948,#753,#1019,.T.);
#1019 = SURFACE_CURVE('',#1020,(#1024,#1031),.PCURVE_S1.);
#1020 = LINE('',#1021,#1022);
#1021 = CARTESIAN_POINT('',(5.155E-03,3.960624220212E-03,2.66E-03));
#1022 = VECTOR('',#1023,1.E-03);
#1023 = DIRECTION('',(0.,-1.,0.));
#1024 = PCURVE('',#773,#1025);
#1025 = DEFINITIONAL_REPRESENTATION('',(#1026),#1030);
#1026 = LINE('',#1027,#1028);
#1027 = CARTESIAN_POINT('',(0.,-3.76E-03));
#1028 = VECTOR('',#1029,1.);
#1029 = DIRECTION('',(1.,0.));
#1030 = ( GEOMETRIC_REPRESENTATION_CONTEXT(2) 
PARAMETRIC_REPRESENTATION_CONTEXT() REPRESENTATION_CONTEXT('2D SPACE',''
  ) );
#1031 = PCURVE('',#801,#1032);
#1032 = DEFINITIONAL_REPRESENTATION('',(#1033),#1037);
#1033 = LINE('',#1034,#1035);
#1034 = CARTESIAN_POINT('',(-8.E-05,6.E-05));
#1035 = VECTOR('',#1036,1.);
#1036 = DIRECTION('',(0.,-1.));
#1037 = ( GEOMETRIC_REPRESENTATION_CONTEXT(2) 
PARAMETRIC_REPRESENTATION_CONTEXT() REPRESENTATION_CONTEXT('2D SPACE',''
  ) );
#1038 = ORIENTED_EDGE('',*,*,#750,.F.);
#1039 = ORIENTED_EDGE('',*,*,#1040,.F.);
#1040 = EDGE_CURVE('',#971,#751,#1041,.T.);
#1041 = SURFACE_CURVE('',#1042,(#1046,#1053),.PCURVE_S1.);
#1042 = LINE('',#1043,#1044);
#1043 = CARTESIAN_POINT('',(1.395E-03,3.960624220212E-03,2.66E-03));
#1044 = VECTOR('',#1045,1.E-03);
#1045 = DIRECTION('',(0.,-1.,0.));
#1046 = PCURVE('',#773,#1047);
#1047 = DEFINITIONAL_REPRESENTATION('',(#1048),#1052);
#1048 = LINE('',#1049,#1050);
#1049 = CARTESIAN_POINT('',(0.,0.));
#1050 = VECTOR('',#1051,1.);
#1051 = DIRECTION('',(1.,0.));
#1052 = ( GEOMETRIC_REPRESENTATION_CONTEXT(2) 
PARAMETRIC_REPRESENTATION_CONTEXT() REPRESENTATION_CONTEXT('2D SPACE',''
  ) );
#1053 = PCURVE('',#855,#1054);
#1054 = DEFINITIONAL_REPRESENTATION('',(#1055),#1059);
#1055 = LINE('',#1056,#1057);
#1056 = CARTESIAN_POINT('',(-8.E-05,6.E-05));
#1057 = VECTOR('',#1058,1.);
#1058 = DIRECTION('',(0.,-1.));
#1059 = ( GEOMETRIC_REPRESENTATION_CONTEXT(2) 
PARAMETRIC_REPRESENTATION_CONTEXT() REPRESENTATION_CONTEXT('2D SPACE',''
  ) );
#1060 = ADVANCED_FACE('',(#1061),#855,.F.);
#1061 = FACE_BOUND('',#1062,.F.);
#1062 = EDGE_LOOP('',(#1063,#1064,#1065,#1066));
#1063 = ORIENTED_EDGE('',*,*,#841,.T.);
#1064 = ORIENTED_EDGE('',*,*,#922,.T.);
#1065 = ORIENTED_EDGE('',*,*,#993,.T.);
#1066 = ORIENTED_EDGE('',*,*,#1040,.T.);
#1067 = ADVANCED_FACE('',(#1068),#801,.T.);
#1068 = FACE_BOUND('',#1069,.T.);
#1069 = EDGE_LOOP('',(#1070,#1071,#1072,#1073));
#1070 = ORIENTED_EDGE('',*,*,#785,.T.);
#1071 = ORIENTED_EDGE('',*,*,#871,.T.);
#1072 = ORIENTED_EDGE('',*,*,#947,.T.);
#1073 = ORIENTED_EDGE('',*,*,#1018,.T.);
#1074 = ( GEOMETRIC_REPRESENTATION_CONTEXT(3) 
GLOBAL_UNCERTAINTY_ASSIGNED_CONTEXT((#1078)) 
GLOBAL_UNIT_ASSIGNED_CONTEXT((#1075,#1076,#1077)) REPRESENTATION_CONTEXT
('Context #1','3D Context with UNIT and UNCERTAINTY') );
#1075 = ( LENGTH_UNIT() NAMED_UNIT(*) SI_UNIT($,.METRE.) );
#1076 = ( NAMED_UNIT(*) PLANE_ANGLE_UNIT() SI_UNIT($,.RADIAN.) );
#1077 = ( NAMED_UNIT(*) SI_UNIT($,.STERADIAN.) SOLID_ANGLE_UNIT() );
#1078 = UNCERTAINTY_MEASURE_WITH_UNIT(LENGTH_MEASURE(1.E-08),#1075,
  'distance_accuracy_value','confusion accuracy');
#1079 = PRODUCT_RELATED_PRODUCT_CATEGORY('detail',$,(#740));
#1080 = PRODUCT_CATEGORY_RELATIONSHIP('','',#1081,#1079);
#1081 = PRODUCT_CATEGORY('part',$);
#1082 = CC_DESIGN_PERSON_AND_ORGANIZATION_ASSIGNMENT(#354,#357,(#739,
    #738));
#1083 = CC_DESIGN_PERSON_AND_ORGANIZATION_ASSIGNMENT(#354,#359,(#740));
#1084 = CC_DESIGN_PERSON_AND_ORGANIZATION_ASSIGNMENT(#354,#361,(#739));
#1085 = CC_DESIGN_PERSON_AND_ORGANIZATION_ASSIGNMENT(#354,#363,(#1086));
#1086 = SECURITY_CLASSIFICATION('','',#365);
#1087 = CC_DESIGN_SECURITY_CLASSIFICATION(#1086,(#739));
#1088 = CC_DESIGN_DATE_AND_TIME_ASSIGNMENT(#368,#372,(#738));
#1089 = CC_DESIGN_DATE_AND_TIME_ASSIGNMENT(#368,#374,(#1086));
#1090 = CC_DESIGN_APPROVAL(#376,(#739,#738,#1086));
#1091 = SHAPE_DEFINITION_REPRESENTATION(#1092,#1098);
#1092 = PRODUCT_DEFINITION_SHAPE('','',#1093);
#1093 = PRODUCT_DEFINITION('design','',#1094,#1097);
#1094 = PRODUCT_DEFINITION_FORMATION_WITH_SPECIFIED_SOURCE('','',#1095,
  .NOT_KNOWN.);
#1095 = PRODUCT('Timber_0.02_m 4','Timber_0.02_m 4','',(#1096));
#1096 = MECHANICAL_CONTEXT('',#2,'mechanical');
#1097 = DESIGN_CONTEXT('',#2,'design');
#1098 = ADVANCED_BREP_SHAPE_REPRESENTATION('',(#11,#1099),#1429);
#1099 = MANIFOLD_SOLID_BREP('Timber_0.02_m',#1100);
#1100 = CLOSED_SHELL('',(#1101,#1221,#1297,#1368,#1415,#1422));
#1101 = ADVANCED_FACE('',(#1102),#1116,.F.);
#1102 = FACE_BOUND('',#1103,.F.);
#1103 = EDGE_LOOP('',(#1104,#1139,#1167,#1195));
#1104 = ORIENTED_EDGE('',*,*,#1105,.T.);
#1105 = EDGE_CURVE('',#1106,#1108,#1110,.T.);
#1106 = VERTEX_POINT('',#1107);
#1107 = CARTESIAN_POINT('',(1.395E-03,3.340624220212E-03,2.66E-03));
#1108 = VERTEX_POINT('',#1109);
#1109 = CARTESIAN_POINT('',(5.155E-03,3.340624220212E-03,2.66E-03));
#1110 = SURFACE_CURVE('',#1111,(#1115,#1127),.PCURVE_S1.);
#1111 = LINE('',#1112,#1113);
#1112 = CARTESIAN_POINT('',(1.395E-03,3.340624220212E-03,2.66E-03));
#1113 = VECTOR('',#1114,1.E-03);
#1114 = DIRECTION('',(1.,0.,0.));
#1115 = PCURVE('',#1116,#1121);
#1116 = PLANE('',#1117);
#1117 = AXIS2_PLACEMENT_3D('',#1118,#1119,#1120);
#1118 = CARTESIAN_POINT('',(1.395E-03,3.340624220212E-03,2.66E-03));
#1119 = DIRECTION('',(0.,1.,3.77302356025E-15));
#1120 = DIRECTION('',(0.,3.77302356025E-15,-1.));
#1121 = DEFINITIONAL_REPRESENTATION('',(#1122),#1126);
#1122 = LINE('',#1123,#1124);
#1123 = CARTESIAN_POINT('',(0.,0.));
#1124 = VECTOR('',#1125,1.);
#1125 = DIRECTION('',(0.,-1.));
#1126 = ( GEOMETRIC_REPRESENTATION_CONTEXT(2) 
PARAMETRIC_REPRESENTATION_CONTEXT() REPRESENTATION_CONTEXT('2D SPACE',''
  ) );
#1127 = PCURVE('',#1128,#1133);
#1128 = PLANE('',#1129);
#1129 = AXIS2_PLACEMENT_3D('',#1130,#1131,#1132);
#1130 = CARTESIAN_POINT('',(1.395E-03,3.460624220212E-03,2.66E-03));
#1131 = DIRECTION('',(0.,0.,-1.));
#1132 = DIRECTION('',(0.,-1.,0.));
#1133 = DEFINITIONAL_REPRESENTATION('',(#1134),#1138);
#1134 = LINE('',#1135,#1136);
#1135 = CARTESIAN_POINT('',(1.2E-04,0.));
#1136 = VECTOR('',#1137,1.);
#1137 = DIRECTION('',(0.,-1.));
#1138 = ( GEOMETRIC_REPRESENTATION_CONTEXT(2) 
PARAMETRIC_REPRESENTATION_CONTEXT() REPRESENTATION_CONTEXT('2D SPACE',''
  ) );
#1139 = ORIENTED_EDGE('',*,*,#1140,.T.);
#1140 = EDGE_CURVE('',#1108,#1141,#1143,.T.);
#1141 = VERTEX_POINT('',#1142);
#1142 = CARTESIAN_POINT('',(5.155E-03,3.340624220212E-03,2.5E-03));
#1143 = SURFACE_CURVE('',#1144,(#1148,#1155),.PCURVE_S1.);
#1144 = LINE('',#1145,#1146);
#1145 = CARTESIAN_POINT('',(5.155E-03,3.340624220212E-03,2.66E-03));
#1146 = VECTOR('',#1147,1.E-03);
#1147 = DIRECTION('',(0.,3.77302356025E-15,-1.));
#1148 = PCURVE('',#1116,#1149);
#1149 = DEFINITIONAL_REPRESENTATION('',(#1150),#1154);
#1150 = LINE('',#1151,#1152);
#1151 = CARTESIAN_POINT('',(0.,-3.76E-03));
#1152 = VECTOR('',#1153,1.);
#1153 = DIRECTION('',(1.,0.));
#1154 = ( GEOMETRIC_REPRESENTATION_CONTEXT(2) 
PARAMETRIC_REPRESENTATION_CONTEXT() REPRESENTATION_CONTEXT('2D SPACE',''
  ) );
#1155 = PCURVE('',#1156,#1161);
#1156 = PLANE('',#1157);
#1157 = AXIS2_PLACEMENT_3D('',#1158,#1159,#1160);
#1158 = CARTESIAN_POINT('',(5.155E-03,3.400624220212E-03,2.58E-03));
#1159 = DIRECTION('',(1.,0.,0.));
#1160 = DIRECTION('',(0.,0.,-1.));
#1161 = DEFINITIONAL_REPRESENTATION('',(#1162),#1166);
#1162 = LINE('',#1163,#1164);
#1163 = CARTESIAN_POINT('',(-8.E-05,-6.E-05));
#1164 = VECTOR('',#1165,1.);
#1165 = DIRECTION('',(1.,3.77302356025E-15));
#1166 = ( GEOMETRIC_REPRESENTATION_CONTEXT(2) 
PARAMETRIC_REPRESENTATION_CONTEXT() REPRESENTATION_CONTEXT('2D SPACE',''
  ) );
#1167 = ORIENTED_EDGE('',*,*,#1168,.F.);
#1168 = EDGE_CURVE('',#1169,#1141,#1171,.T.);
#1169 = VERTEX_POINT('',#1170);
#1170 = CARTESIAN_POINT('',(1.395E-03,3.340624220212E-03,2.5E-03));
#1171 = SURFACE_CURVE('',#1172,(#1176,#1183),.PCURVE_S1.);
#1172 = LINE('',#1173,#1174);
#1173 = CARTESIAN_POINT('',(1.395E-03,3.340624220212E-03,2.5E-03));
#1174 = VECTOR('',#1175,1.E-03);
#1175 = DIRECTION('',(1.,0.,0.));
#1176 = PCURVE('',#1116,#1177);
#1177 = DEFINITIONAL_REPRESENTATION('',(#1178),#1182);
#1178 = LINE('',#1179,#1180);
#1179 = CARTESIAN_POINT('',(1.6E-04,0.));
#1180 = VECTOR('',#1181,1.);
#1181 = DIRECTION('',(0.,-1.));
#1182 = ( GEOMETRIC_REPRESENTATION_CONTEXT(2) 
PARAMETRIC_REPRESENTATION_CONTEXT() REPRESENTATION_CONTEXT('2D SPACE',''
  ) );
#1183 = PCURVE('',#1184,#1189);
#1184 = PLANE('',#1185);
#1185 = AXIS2_PLACEMENT_3D('',#1186,#1187,#1188);
#1186 = CARTESIAN_POINT('',(1.395E-03,3.340624220212E-03,2.5E-03));
#1187 = DIRECTION('',(0.,0.,1.));
#1188 = DIRECTION('',(0.,1.,0.));
#1189 = DEFINITIONAL_REPRESENTATION('',(#1190),#1194);
#1190 = LINE('',#1191,#1192);
#1191 = CARTESIAN_POINT('',(0.,0.));
#1192 = VECTOR('',#1193,1.);
#1193 = DIRECTION('',(0.,-1.));
#1194 = ( GEOMETRIC_REPRESENTATION_CONTEXT(2) 
PARAMETRIC_REPRESENTATION_CONTEXT() REPRESENTATION_CONTEXT('2D SPACE',''
  ) );
#1195 = ORIENTED_EDGE('',*,*,#1196,.F.);
#1196 = EDGE_CURVE('',#1106,#1169,#1197,.T.);
#1197 = SURFACE_CURVE('',#1198,(#1202,#1209),.PCURVE_S1.);
#1198 = LINE('',#1199,#1200);
#1199 = CARTESIAN_POINT('',(1.395E-03,3.340624220212E-03,2.66E-03));
#1200 = VECTOR('',#1201,1.E-03);
#1201 = DIRECTION('',(0.,3.77302356025E-15,-1.));
#1202 = PCURVE('',#1116,#1203);
#1203 = DEFINITIONAL_REPRESENTATION('',(#1204),#1208);
#1204 = LINE('',#1205,#1206);
#1205 = CARTESIAN_POINT('',(0.,0.));
#1206 = VECTOR('',#1207,1.);
#1207 = DIRECTION('',(1.,0.));
#1208 = ( GEOMETRIC_REPRESENTATION_CONTEXT(2) 
PARAMETRIC_REPRESENTATION_CONTEXT() REPRESENTATION_CONTEXT('2D SPACE',''
  ) );
#1209 = PCURVE('',#1210,#1215);
#1210 = PLANE('',#1211);
#1211 = AXIS2_PLACEMENT_3D('',#1212,#1213,#1214);
#1212 = CARTESIAN_POINT('',(1.395E-03,3.400624220212E-03,2.58E-03));
#1213 = DIRECTION('',(1.,0.,0.));
#1214 = DIRECTION('',(0.,0.,-1.));
#1215 = DEFINITIONAL_REPRESENTATION('',(#1216),#1220);
#1216 = LINE('',#1217,#1218);
#1217 = CARTESIAN_POINT('',(-8.E-05,-6.E-05));
#1218 = VECTOR('',#1219,1.);
#1219 = DIRECTION('',(1.,3.77302356025E-15));
#1220 = ( GEOMETRIC_REPRESENTATION_CONTEXT(2) 
PARAMETRIC_REPRESENTATION_CONTEXT() REPRESENTATION_CONTEXT('2D SPACE',''
  ) );
#1221 = ADVANCED_FACE('',(#1222),#1184,.F.);
#1222 = FACE_BOUND('',#1223,.F.);
#1223 = EDGE_LOOP('',(#1224,#1225,#1248,#1276));
#1224 = ORIENTED_EDGE('',*,*,#1168,.T.);
#1225 = ORIENTED_EDGE('',*,*,#1226,.T.);
#1226 = EDGE_CURVE('',#1141,#1227,#1229,.T.);
#1227 = VERTEX_POINT('',#1228);
#1228 = CARTESIAN_POINT('',(5.155E-03,3.460624220212E-03,2.5E-03));
#1229 = SURFACE_CURVE('',#1230,(#1234,#1241),.PCURVE_S1.);
#1230 = LINE('',#1231,#1232);
#1231 = CARTESIAN_POINT('',(5.155E-03,3.340624220212E-03,2.5E-03));
#1232 = VECTOR('',#1233,1.E-03);
#1233 = DIRECTION('',(0.,1.,0.));
#1234 = PCURVE('',#1184,#1235);
#1235 = DEFINITIONAL_REPRESENTATION('',(#1236),#1240);
#1236 = LINE('',#1237,#1238);
#1237 = CARTESIAN_POINT('',(0.,-3.76E-03));
#1238 = VECTOR('',#1239,1.);
#1239 = DIRECTION('',(1.,0.));
#1240 = ( GEOMETRIC_REPRESENTATION_CONTEXT(2) 
PARAMETRIC_REPRESENTATION_CONTEXT() REPRESENTATION_CONTEXT('2D SPACE',''
  ) );
#1241 = PCURVE('',#1156,#1242);
#1242 = DEFINITIONAL_REPRESENTATION('',(#1243),#1247);
#1243 = LINE('',#1244,#1245);
#1244 = CARTESIAN_POINT('',(8.E-05,-6.E-05));
#1245 = VECTOR('',#1246,1.);
#1246 = DIRECTION('',(0.,1.));
#1247 = ( GEOMETRIC_REPRESENTATION_CONTEXT(2) 
PARAMETRIC_REPRESENTATION_CONTEXT() REPRESENTATION_CONTEXT('2D SPACE',''
  ) );
#1248 = ORIENTED_EDGE('',*,*,#1249,.F.);
#1249 = EDGE_CURVE('',#1250,#1227,#1252,.T.);
#1250 = VERTEX_POINT('',#1251);
#1251 = CARTESIAN_POINT('',(1.395E-03,3.460624220212E-03,2.5E-03));
#1252 = SURFACE_CURVE('',#1253,(#1257,#1264),.PCURVE_S1.);
#1253 = LINE('',#1254,#1255);
#1254 = CARTESIAN_POINT('',(1.395E-03,3.460624220212E-03,2.5E-03));
#1255 = VECTOR('',#1256,1.E-03);
#1256 = DIRECTION('',(1.,0.,0.));
#1257 = PCURVE('',#1184,#1258);
#1258 = DEFINITIONAL_REPRESENTATION('',(#1259),#1263);
#1259 = LINE('',#1260,#1261);
#1260 = CARTESIAN_POINT('',(1.2E-04,0.));
#1261 = VECTOR('',#1262,1.);
#1262 = DIRECTION('',(0.,-1.));
#1263 = ( GEOMETRIC_REPRESENTATION_CONTEXT(2) 
PARAMETRIC_REPRESENTATION_CONTEXT() REPRESENTATION_CONTEXT('2D SPACE',''
  ) );
#1264 = PCURVE('',#1265,#1270);
#1265 = PLANE('',#1266);
#1266 = AXIS2_PLACEMENT_3D('',#1267,#1268,#1269);
#1267 = CARTESIAN_POINT('',(1.395E-03,3.460624220212E-03,2.5E-03));
#1268 = DIRECTION('',(0.,-1.,0.));
#1269 = DIRECTION('',(0.,0.,1.));
#1270 = DEFINITIONAL_REPRESENTATION('',(#1271),#1275);
#1271 = LINE('',#1272,#1273);
#1272 = CARTESIAN_POINT('',(0.,-0.));
#1273 = VECTOR('',#1274,1.);
#1274 = DIRECTION('',(0.,-1.));
#1275 = ( GEOMETRIC_REPRESENTATION_CONTEXT(2) 
PARAMETRIC_REPRESENTATION_CONTEXT() REPRESENTATION_CONTEXT('2D SPACE',''
  ) );
#1276 = ORIENTED_EDGE('',*,*,#1277,.F.);
#1277 = EDGE_CURVE('',#1169,#1250,#1278,.T.);
#1278 = SURFACE_CURVE('',#1279,(#1283,#1290),.PCURVE_S1.);
#1279 = LINE('',#1280,#1281);
#1280 = CARTESIAN_POINT('',(1.395E-03,3.340624220212E-03,2.5E-03));
#1281 = VECTOR('',#1282,1.E-03);
#1282 = DIRECTION('',(0.,1.,0.));
#1283 = PCURVE('',#1184,#1284);
#1284 = DEFINITIONAL_REPRESENTATION('',(#1285),#1289);
#1285 = LINE('',#1286,#1287);
#1286 = CARTESIAN_POINT('',(0.,0.));
#1287 = VECTOR('',#1288,1.);
#1288 = DIRECTION('',(1.,0.));
#1289 = ( GEOMETRIC_REPRESENTATION_CONTEXT(2) 
PARAMETRIC_REPRESENTATION_CONTEXT() REPRESENTATION_CONTEXT('2D SPACE',''
  ) );
#1290 = PCURVE('',#1210,#1291);
#1291 = DEFINITIONAL_REPRESENTATION('',(#1292),#1296);
#1292 = LINE('',#1293,#1294);
#1293 = CARTESIAN_POINT('',(8.E-05,-6.E-05));
#1294 = VECTOR('',#1295,1.);
#1295 = DIRECTION('',(0.,1.));
#1296 = ( GEOMETRIC_REPRESENTATION_CONTEXT(2) 
PARAMETRIC_REPRESENTATION_CONTEXT() REPRESENTATION_CONTEXT('2D SPACE',''
  ) );
#1297 = ADVANCED_FACE('',(#1298),#1265,.F.);
#1298 = FACE_BOUND('',#1299,.F.);
#1299 = EDGE_LOOP('',(#1300,#1301,#1324,#1347));
#1300 = ORIENTED_EDGE('',*,*,#1249,.T.);
#1301 = ORIENTED_EDGE('',*,*,#1302,.T.);
#1302 = EDGE_CURVE('',#1227,#1303,#1305,.T.);
#1303 = VERTEX_POINT('',#1304);
#1304 = CARTESIAN_POINT('',(5.155E-03,3.460624220212E-03,2.66E-03));
#1305 = SURFACE_CURVE('',#1306,(#1310,#1317),.PCURVE_S1.);
#1306 = LINE('',#1307,#1308);
#1307 = CARTESIAN_POINT('',(5.155E-03,3.460624220212E-03,2.5E-03));
#1308 = VECTOR('',#1309,1.E-03);
#1309 = DIRECTION('',(0.,0.,1.));
#1310 = PCURVE('',#1265,#1311);
#1311 = DEFINITIONAL_REPRESENTATION('',(#1312),#1316);
#1312 = LINE('',#1313,#1314);
#1313 = CARTESIAN_POINT('',(0.,-3.76E-03));
#1314 = VECTOR('',#1315,1.);
#1315 = DIRECTION('',(1.,0.));
#1316 = ( GEOMETRIC_REPRESENTATION_CONTEXT(2) 
PARAMETRIC_REPRESENTATION_CONTEXT() REPRESENTATION_CONTEXT('2D SPACE',''
  ) );
#1317 = PCURVE('',#1156,#1318);
#1318 = DEFINITIONAL_REPRESENTATION('',(#1319),#1323);
#1319 = LINE('',#1320,#1321);
#1320 = CARTESIAN_POINT('',(8.E-05,6.E-05));
#1321 = VECTOR('',#1322,1.);
#1322 = DIRECTION('',(-1.,0.));
#1323 = ( GEOMETRIC_REPRESENTATION_CONTEXT(2) 
PARAMETRIC_REPRESENTATION_CONTEXT() REPRESENTATION_CONTEXT('2D SPACE',''
  ) );
#1324 = ORIENTED_EDGE('',*,*,#1325,.F.);
#1325 = EDGE_CURVE('',#1326,#1303,#1328,.T.);
#1326 = VERTEX_POINT('',#1327);
#1327 = CARTESIAN_POINT('',(1.395E-03,3.460624220212E-03,2.66E-03));
#1328 = SURFACE_CURVE('',#1329,(#1333,#1340),.PCURVE_S1.);
#1329 = LINE('',#1330,#1331);
#1330 = CARTESIAN_POINT('',(1.395E-03,3.460624220212E-03,2.66E-03));
#1331 = VECTOR('',#1332,1.E-03);
#1332 = DIRECTION('',(1.,0.,0.));
#1333 = PCURVE('',#1265,#1334);
#1334 = DEFINITIONAL_REPRESENTATION('',(#1335),#1339);
#1335 = LINE('',#1336,#1337);
#1336 = CARTESIAN_POINT('',(1.6E-04,0.));
#1337 = VECTOR('',#1338,1.);
#1338 = DIRECTION('',(0.,-1.));
#1339 = ( GEOMETRIC_REPRESENTATION_CONTEXT(2) 
PARAMETRIC_REPRESENTATION_CONTEXT() REPRESENTATION_CONTEXT('2D SPACE',''
  ) );
#1340 = PCURVE('',#1128,#1341);
#1341 = DEFINITIONAL_REPRESENTATION('',(#1342),#1346);
#1342 = LINE('',#1343,#1344);
#1343 = CARTESIAN_POINT('',(0.,0.));
#1344 = VECTOR('',#1345,1.);
#1345 = DIRECTION('',(0.,-1.));
#1346 = ( GEOMETRIC_REPRESENTATION_CONTEXT(2) 
PARAMETRIC_REPRESENTATION_CONTEXT() REPRESENTATION_CONTEXT('2D SPACE',''
  ) );
#1347 = ORIENTED_EDGE('',*,*,#1348,.F.);
#1348 = EDGE_CURVE('',#1250,#1326,#1349,.T.);
#1349 = SURFACE_CURVE('',#1350,(#1354,#1361),.PCURVE_S1.);
#1350 = LINE('',#1351,#1352);
#1351 = CARTESIAN_POINT('',(1.395E-03,3.460624220212E-03,2.5E-03));
#1352 = VECTOR('',#1353,1.E-03);
#1353 = DIRECTION('',(0.,0.,1.));
#1354 = PCURVE('',#1265,#1355);
#1355 = DEFINITIONAL_REPRESENTATION('',(#1356),#1360);
#1356 = LINE('',#1357,#1358);
#1357 = CARTESIAN_POINT('',(0.,-0.));
#1358 = VECTOR('',#1359,1.);
#1359 = DIRECTION('',(1.,0.));
#1360 = ( GEOMETRIC_REPRESENTATION_CONTEXT(2) 
PARAMETRIC_REPRESENTATION_CONTEXT() REPRESENTATION_CONTEXT('2D SPACE',''
  ) );
#1361 = PCURVE('',#1210,#1362);
#1362 = DEFINITIONAL_REPRESENTATION('',(#1363),#1367);
#1363 = LINE('',#1364,#1365);
#1364 = CARTESIAN_POINT('',(8.E-05,6.E-05));
#1365 = VECTOR('',#1366,1.);
#1366 = DIRECTION('',(-1.,0.));
#1367 = ( GEOMETRIC_REPRESENTATION_CONTEXT(2) 
PARAMETRIC_REPRESENTATION_CONTEXT() REPRESENTATION_CONTEXT('2D SPACE',''
  ) );
#1368 = ADVANCED_FACE('',(#1369),#1128,.F.);
#1369 = FACE_BOUND('',#1370,.F.);
#1370 = EDGE_LOOP('',(#1371,#1372,#1393,#1394));
#1371 = ORIENTED_EDGE('',*,*,#1325,.T.);
#1372 = ORIENTED_EDGE('',*,*,#1373,.T.);
#1373 = EDGE_CURVE('',#1303,#1108,#1374,.T.);
#1374 = SURFACE_CURVE('',#1375,(#1379,#1386),.PCURVE_S1.);
#1375 = LINE('',#1376,#1377);
#1376 = CARTESIAN_POINT('',(5.155E-03,3.460624220212E-03,2.66E-03));
#1377 = VECTOR('',#1378,1.E-03);
#1378 = DIRECTION('',(0.,-1.,0.));
#1379 = PCURVE('',#1128,#1380);
#1380 = DEFINITIONAL_REPRESENTATION('',(#1381),#1385);
#1381 = LINE('',#1382,#1383);
#1382 = CARTESIAN_POINT('',(0.,-3.76E-03));
#1383 = VECTOR('',#1384,1.);
#1384 = DIRECTION('',(1.,0.));
#1385 = ( GEOMETRIC_REPRESENTATION_CONTEXT(2) 
PARAMETRIC_REPRESENTATION_CONTEXT() REPRESENTATION_CONTEXT('2D SPACE',''
  ) );
#1386 = PCURVE('',#1156,#1387);
#1387 = DEFINITIONAL_REPRESENTATION('',(#1388),#1392);
#1388 = LINE('',#1389,#1390);
#1389 = CARTESIAN_POINT('',(-8.E-05,6.E-05));
#1390 = VECTOR('',#1391,1.);
#1391 = DIRECTION('',(0.,-1.));
#1392 = ( GEOMETRIC_REPRESENTATION_CONTEXT(2) 
PARAMETRIC_REPRESENTATION_CONTEXT() REPRESENTATION_CONTEXT('2D SPACE',''
  ) );
#1393 = ORIENTED_EDGE('',*,*,#1105,.F.);
#1394 = ORIENTED_EDGE('',*,*,#1395,.F.);
#1395 = EDGE_CURVE('',#1326,#1106,#1396,.T.);
#1396 = SURFACE_CURVE('',#1397,(#1401,#1408),.PCURVE_S1.);
#1397 = LINE('',#1398,#1399);
#1398 = CARTESIAN_POINT('',(1.395E-03,3.460624220212E-03,2.66E-03));
#1399 = VECTOR('',#1400,1.E-03);
#1400 = DIRECTION('',(0.,-1.,0.));
#1401 = PCURVE('',#1128,#1402);
#1402 = DEFINITIONAL_REPRESENTATION('',(#1403),#1407);
#1403 = LINE('',#1404,#1405);
#1404 = CARTESIAN_POINT('',(0.,0.));
#1405 = VECTOR('',#1406,1.);
#1406 = DIRECTION('',(1.,0.));
#1407 = ( GEOMETRIC_REPRESENTATION_CONTEXT(2) 
PARAMETRIC_REPRESENTATION_CONTEXT() REPRESENTATION_CONTEXT('2D SPACE',''
  ) );
#1408 = PCURVE('',#1210,#1409);
#1409 = DEFINITIONAL_REPRESENTATION('',(#1410),#1414);
#1410 = LINE('',#1411,#1412);
#1411 = CARTESIAN_POINT('',(-8.E-05,6.E-05));
#1412 = VECTOR('',#1413,1.);
#1413 = DIRECTION('',(0.,-1.));
#1414 = ( GEOMETRIC_REPRESENTATION_CONTEXT(2) 
PARAMETRIC_REPRESENTATION_CONTEXT() REPRESENTATION_CONTEXT('2D SPACE',''
  ) );
#1415 = ADVANCED_FACE('',(#1416),#1210,.F.);
#1416 = FACE_BOUND('',#1417,.F.);
#1417 = EDGE_LOOP('',(#1418,#1419,#1420,#1421));
#1418 = ORIENTED_EDGE('',*,*,#1196,.T.);
#1419 = ORIENTED_EDGE('',*,*,#1277,.T.);
#1420 = ORIENTED_EDGE('',*,*,#1348,.T.);
#1421 = ORIENTED_EDGE('',*,*,#1395,.T.);
#1422 = ADVANCED_FACE('',(#1423),#1156,.T.);
#1423 = FACE_BOUND('',#1424,.T.);
#1424 = EDGE_LOOP('',(#1425,#1426,#1427,#1428));
#1425 = ORIENTED_EDGE('',*,*,#1140,.T.);
#1426 = ORIENTED_EDGE('',*,*,#1226,.T.);
#1427 = ORIENTED_EDGE('',*,*,#1302,.T.);
#1428 = ORIENTED_EDGE('',*,*,#1373,.T.);
#1429 = ( GEOMETRIC_REPRESENTATION_CONTEXT(3) 
GLOBAL_UNCERTAINTY_ASSIGNED_CONTEXT((#1433)) 
GLOBAL_UNIT_ASSIGNED_CONTEXT((#1430,#1431,#1432)) REPRESENTATION_CONTEXT
('Context #1','3D Context with UNIT and UNCERTAINTY') );
#1430 = ( LENGTH_UNIT() NAMED_UNIT(*) SI_UNIT($,.METRE.) );
#1431 = ( NAMED_UNIT(*) PLANE_ANGLE_UNIT() SI_UNIT($,.RADIAN.) );
#1432 = ( NAMED_UNIT(*) SI_UNIT($,.STERADIAN.) SOLID_ANGLE_UNIT() );
#1433 = UNCERTAINTY_MEASURE_WITH_UNIT(LENGTH_MEASURE(1.E-08),#1430,
  'distance_accuracy_value','confusion accuracy');
#1434 = PRODUCT_RELATED_PRODUCT_CATEGORY('detail',$,(#1095));
#1435 = PRODUCT_CATEGORY_RELATIONSHIP('','',#1436,#1434);
#1436 = PRODUCT_CATEGORY('part',$);
#1437 = CC_DESIGN_PERSON_AND_ORGANIZATION_ASSIGNMENT(#354,#357,(#1094,
    #1093));
#1438 = CC_DESIGN_PERSON_AND_ORGANIZATION_ASSIGNMENT(#354,#359,(#1095));
#1439 = CC_DESIGN_PERSON_AND_ORGANIZATION_ASSIGNMENT(#354,#361,(#1094));
#1440 = CC_DESIGN_PERSON_AND_ORGANIZATION_ASSIGNMENT(#354,#363,(#1441));
#1441 = SECURITY_CLASSIFICATION('','',#365);
#1442 = CC_DESIGN_SECURITY_CLASSIFICATION(#1441,(#1094));
#1443 = CC_DESIGN_DATE_AND_TIME_ASSIGNMENT(#368,#372,(#1093));
#1444 = CC_DESIGN_DATE_AND_TIME_ASSIGNMENT(#368,#374,(#1441));
#1445 = CC_DESIGN_APPROVAL(#376,(#1094,#1093,#1441));
#1446 = SHAPE_DEFINITION_REPRESENTATION(#1447,#1453);
#1447 = PRODUCT_DEFINITION_SHAPE('','',#1448);
#1448 = PRODUCT_DEFINITION('design','',#1449,#1452);
#1449 = PRODUCT_DEFINITION_FORMATION_WITH_SPECIFIED_SOURCE('','',#1450,
  .NOT_KNOWN.);
#1450 = PRODUCT('Timber_0.02_m 5','Timber_0.02_m 5','',(#1451));
#1451 = MECHANICAL_CONTEXT('',#2,'mechanical');
#1452 = DESIGN_CONTEXT('',#2,'design');
#1453 = ADVANCED_BREP_SHAPE_REPRESENTATION('',(#11,#1454),#1784);
#1454 = MANIFOLD_SOLID_BREP('Timber_0.02_m',#1455);
#1455 = CLOSED_SHELL('',(#1456,#1576,#1652,#1723,#1770,#1777));
#1456 = ADVANCED_FACE('',(#1457),#1471,.F.);
#1457 = FACE_BOUND('',#1458,.F.);
#1458 = EDGE_LOOP('',(#1459,#1494,#1522,#1550));
#1459 = ORIENTED_EDGE('',*,*,#1460,.T.);
#1460 = EDGE_CURVE('',#1461,#1463,#1465,.T.);
#1461 = VERTEX_POINT('',#1462);
#1462 = CARTESIAN_POINT('',(1.395E-03,2.840624220212E-03,2.66E-03));
#1463 = VERTEX_POINT('',#1464);
#1464 = CARTESIAN_POINT('',(5.155E-03,2.840624220212E-03,2.66E-03));
#1465 = SURFACE_CURVE('',#1466,(#1470,#1482),.PCURVE_S1.);
#1466 = LINE('',#1467,#1468);
#1467 = CARTESIAN_POINT('',(1.395E-03,2.840624220212E-03,2.66E-03));
#1468 = VECTOR('',#1469,1.E-03);
#1469 = DIRECTION('',(1.,0.,0.));
#1470 = PCURVE('',#1471,#1476);
#1471 = PLANE('',#1472);
#1472 = AXIS2_PLACEMENT_3D('',#1473,#1474,#1475);
#1473 = CARTESIAN_POINT('',(1.395E-03,2.840624220212E-03,2.66E-03));
#1474 = DIRECTION('',(0.,1.,3.77302356025E-15));
#1475 = DIRECTION('',(0.,3.77302356025E-15,-1.));
#1476 = DEFINITIONAL_REPRESENTATION('',(#1477),#1481);
#1477 = LINE('',#1478,#1479);
#1478 = CARTESIAN_POINT('',(0.,0.));
#1479 = VECTOR('',#1480,1.);
#1480 = DIRECTION('',(0.,-1.));
#1481 = ( GEOMETRIC_REPRESENTATION_CONTEXT(2) 
PARAMETRIC_REPRESENTATION_CONTEXT() REPRESENTATION_CONTEXT('2D SPACE',''
  ) );
#1482 = PCURVE('',#1483,#1488);
#1483 = PLANE('',#1484);
#1484 = AXIS2_PLACEMENT_3D('',#1485,#1486,#1487);
#1485 = CARTESIAN_POINT('',(1.395E-03,2.960624220212E-03,2.66E-03));
#1486 = DIRECTION('',(0.,0.,-1.));
#1487 = DIRECTION('',(0.,-1.,0.));
#1488 = DEFINITIONAL_REPRESENTATION('',(#1489),#1493);
#1489 = LINE('',#1490,#1491);
#1490 = CARTESIAN_POINT('',(1.2E-04,0.));
#1491 = VECTOR('',#1492,1.);
#1492 = DIRECTION('',(0.,-1.));
#1493 = ( GEOMETRIC_REPRESENTATION_CONTEXT(2) 
PARAMETRIC_REPRESENTATION_CONTEXT() REPRESENTATION_CONTEXT('2D SPACE',''
  ) );
#1494 = ORIENTED_EDGE('',*,*,#1495,.T.);
#1495 = EDGE_CURVE('',#1463,#1496,#1498,.T.);
#1496 = VERTEX_POINT('',#1497);
#1497 = CARTESIAN_POINT('',(5.155E-03,2.840624220212E-03,2.5E-03));
#1498 = SURFACE_CURVE('',#1499,(#1503,#1510),.PCURVE_S1.);
#1499 = LINE('',#1500,#1501);
#1500 = CARTESIAN_POINT('',(5.155E-03,2.840624220212E-03,2.66E-03));
#1501 = VECTOR('',#1502,1.E-03);
#1502 = DIRECTION('',(0.,3.77302356025E-15,-1.));
#1503 = PCURVE('',#1471,#1504);
#1504 = DEFINITIONAL_REPRESENTATION('',(#1505),#1509);
#1505 = LINE('',#1506,#1507);
#1506 = CARTESIAN_POINT('',(0.,-3.76E-03));
#1507 = VECTOR('',#1508,1.);
#1508 = DIRECTION('',(1.,0.));
#1509 = ( GEOMETRIC_REPRESENTATION_CONTEXT(2) 
PARAMETRIC_REPRESENTATION_CONTEXT() REPRESENTATION_CONTEXT('2D SPACE',''
  ) );
#1510 = PCURVE('',#1511,#1516);
#1511 = PLANE('',#1512);
#1512 = AXIS2_PLACEMENT_3D('',#1513,#1514,#1515);
#1513 = CARTESIAN_POINT('',(5.155E-03,2.900624220212E-03,2.58E-03));
#1514 = DIRECTION('',(1.,0.,0.));
#1515 = DIRECTION('',(0.,0.,-1.));
#1516 = DEFINITIONAL_REPRESENTATION('',(#1517),#1521);
#1517 = LINE('',#1518,#1519);
#1518 = CARTESIAN_POINT('',(-8.E-05,-6.E-05));
#1519 = VECTOR('',#1520,1.);
#1520 = DIRECTION('',(1.,3.77302356025E-15));
#1521 = ( GEOMETRIC_REPRESENTATION_CONTEXT(2) 
PARAMETRIC_REPRESENTATION_CONTEXT() REPRESENTATION_CONTEXT('2D SPACE',''
  ) );
#1522 = ORIENTED_EDGE('',*,*,#1523,.F.);
#1523 = EDGE_CURVE('',#1524,#1496,#1526,.T.);
#1524 = VERTEX_POINT('',#1525);
#1525 = CARTESIAN_POINT('',(1.395E-03,2.840624220212E-03,2.5E-03));
#1526 = SURFACE_CURVE('',#1527,(#1531,#1538),.PCURVE_S1.);
#1527 = LINE('',#1528,#1529);
#1528 = CARTESIAN_POINT('',(1.395E-03,2.840624220212E-03,2.5E-03));
#1529 = VECTOR('',#1530,1.E-03);
#1530 = DIRECTION('',(1.,0.,0.));
#1531 = PCURVE('',#1471,#1532);
#1532 = DEFINITIONAL_REPRESENTATION('',(#1533),#1537);
#1533 = LINE('',#1534,#1535);
#1534 = CARTESIAN_POINT('',(1.6E-04,0.));
#1535 = VECTOR('',#1536,1.);
#1536 = DIRECTION('',(0.,-1.));
#1537 = ( GEOMETRIC_REPRESENTATION_CONTEXT(2) 
PARAMETRIC_REPRESENTATION_CONTEXT() REPRESENTATION_CONTEXT('2D SPACE',''
  ) );
#1538 = PCURVE('',#1539,#1544);
#1539 = PLANE('',#1540);
#1540 = AXIS2_PLACEMENT_3D('',#1541,#1542,#1543);
#1541 = CARTESIAN_POINT('',(1.395E-03,2.840624220212E-03,2.5E-03));
#1542 = DIRECTION('',(0.,0.,1.));
#1543 = DIRECTION('',(0.,1.,0.));
#1544 = DEFINITIONAL_REPRESENTATION('',(#1545),#1549);
#1545 = LINE('',#1546,#1547);
#1546 = CARTESIAN_POINT('',(0.,0.));
#1547 = VECTOR('',#1548,1.);
#1548 = DIRECTION('',(0.,-1.));
#1549 = ( GEOMETRIC_REPRESENTATION_CONTEXT(2) 
PARAMETRIC_REPRESENTATION_CONTEXT() REPRESENTATION_CONTEXT('2D SPACE',''
  ) );
#1550 = ORIENTED_EDGE('',*,*,#1551,.F.);
#1551 = EDGE_CURVE('',#1461,#1524,#1552,.T.);
#1552 = SURFACE_CURVE('',#1553,(#1557,#1564),.PCURVE_S1.);
#1553 = LINE('',#1554,#1555);
#1554 = CARTESIAN_POINT('',(1.395E-03,2.840624220212E-03,2.66E-03));
#1555 = VECTOR('',#1556,1.E-03);
#1556 = DIRECTION('',(0.,3.77302356025E-15,-1.));
#1557 = PCURVE('',#1471,#1558);
#1558 = DEFINITIONAL_REPRESENTATION('',(#1559),#1563);
#1559 = LINE('',#1560,#1561);
#1560 = CARTESIAN_POINT('',(0.,0.));
#1561 = VECTOR('',#1562,1.);
#1562 = DIRECTION('',(1.,0.));
#1563 = ( GEOMETRIC_REPRESENTATION_CONTEXT(2) 
PARAMETRIC_REPRESENTATION_CONTEXT() REPRESENTATION_CONTEXT('2D SPACE',''
  ) );
#1564 = PCURVE('',#1565,#1570);
#1565 = PLANE('',#1566);
#1566 = AXIS2_PLACEMENT_3D('',#1567,#1568,#1569);
#1567 = CARTESIAN_POINT('',(1.395E-03,2.900624220212E-03,2.58E-03));
#1568 = DIRECTION('',(1.,0.,0.));
#1569 = DIRECTION('',(0.,0.,-1.));
#1570 = DEFINITIONAL_REPRESENTATION('',(#1571),#1575);
#1571 = LINE('',#1572,#1573);
#1572 = CARTESIAN_POINT('',(-8.E-05,-6.E-05));
#1573 = VECTOR('',#1574,1.);
#1574 = DIRECTION('',(1.,3.77302356025E-15));
#1575 = ( GEOMETRIC_REPRESENTATION_CONTEXT(2) 
PARAMETRIC_REPRESENTATION_CONTEXT() REPRESENTATION_CONTEXT('2D SPACE',''
  ) );
#1576 = ADVANCED_FACE('',(#1577),#1539,.F.);
#1577 = FACE_BOUND('',#1578,.F.);
#1578 = EDGE_LOOP('',(#1579,#1580,#1603,#1631));
#1579 = ORIENTED_EDGE('',*,*,#1523,.T.);
#1580 = ORIENTED_EDGE('',*,*,#1581,.T.);
#1581 = EDGE_CURVE('',#1496,#1582,#1584,.T.);
#1582 = VERTEX_POINT('',#1583);
#1583 = CARTESIAN_POINT('',(5.155E-03,2.960624220212E-03,2.5E-03));
#1584 = SURFACE_CURVE('',#1585,(#1589,#1596),.PCURVE_S1.);
#1585 = LINE('',#1586,#1587);
#1586 = CARTESIAN_POINT('',(5.155E-03,2.840624220212E-03,2.5E-03));
#1587 = VECTOR('',#1588,1.E-03);
#1588 = DIRECTION('',(0.,1.,0.));
#1589 = PCURVE('',#1539,#1590);
#1590 = DEFINITIONAL_REPRESENTATION('',(#1591),#1595);
#1591 = LINE('',#1592,#1593);
#1592 = CARTESIAN_POINT('',(0.,-3.76E-03));
#1593 = VECTOR('',#1594,1.);
#1594 = DIRECTION('',(1.,0.));
#1595 = ( GEOMETRIC_REPRESENTATION_CONTEXT(2) 
PARAMETRIC_REPRESENTATION_CONTEXT() REPRESENTATION_CONTEXT('2D SPACE',''
  ) );
#1596 = PCURVE('',#1511,#1597);
#1597 = DEFINITIONAL_REPRESENTATION('',(#1598),#1602);
#1598 = LINE('',#1599,#1600);
#1599 = CARTESIAN_POINT('',(8.E-05,-6.E-05));
#1600 = VECTOR('',#1601,1.);
#1601 = DIRECTION('',(0.,1.));
#1602 = ( GEOMETRIC_REPRESENTATION_CONTEXT(2) 
PARAMETRIC_REPRESENTATION_CONTEXT() REPRESENTATION_CONTEXT('2D SPACE',''
  ) );
#1603 = ORIENTED_EDGE('',*,*,#1604,.F.);
#1604 = EDGE_CURVE('',#1605,#1582,#1607,.T.);
#1605 = VERTEX_POINT('',#1606);
#1606 = CARTESIAN_POINT('',(1.395E-03,2.960624220212E-03,2.5E-03));
#1607 = SURFACE_CURVE('',#1608,(#1612,#1619),.PCURVE_S1.);
#1608 = LINE('',#1609,#1610);
#1609 = CARTESIAN_POINT('',(1.395E-03,2.960624220212E-03,2.5E-03));
#1610 = VECTOR('',#1611,1.E-03);
#1611 = DIRECTION('',(1.,0.,0.));
#1612 = PCURVE('',#1539,#1613);
#1613 = DEFINITIONAL_REPRESENTATION('',(#1614),#1618);
#1614 = LINE('',#1615,#1616);
#1615 = CARTESIAN_POINT('',(1.2E-04,0.));
#1616 = VECTOR('',#1617,1.);
#1617 = DIRECTION('',(0.,-1.));
#1618 = ( GEOMETRIC_REPRESENTATION_CONTEXT(2) 
PARAMETRIC_REPRESENTATION_CONTEXT() REPRESENTATION_CONTEXT('2D SPACE',''
  ) );
#1619 = PCURVE('',#1620,#1625);
#1620 = PLANE('',#1621);
#1621 = AXIS2_PLACEMENT_3D('',#1622,#1623,#1624);
#1622 = CARTESIAN_POINT('',(1.395E-03,2.960624220212E-03,2.5E-03));
#1623 = DIRECTION('',(0.,-1.,0.));
#1624 = DIRECTION('',(0.,0.,1.));
#1625 = DEFINITIONAL_REPRESENTATION('',(#1626),#1630);
#1626 = LINE('',#1627,#1628);
#1627 = CARTESIAN_POINT('',(0.,-0.));
#1628 = VECTOR('',#1629,1.);
#1629 = DIRECTION('',(0.,-1.));
#1630 = ( GEOMETRIC_REPRESENTATION_CONTEXT(2) 
PARAMETRIC_REPRESENTATION_CONTEXT() REPRESENTATION_CONTEXT('2D SPACE',''
  ) );
#1631 = ORIENTED_EDGE('',*,*,#1632,.F.);
#1632 = EDGE_CURVE('',#1524,#1605,#1633,.T.);
#1633 = SURFACE_CURVE('',#1634,(#1638,#1645),.PCURVE_S1.);
#1634 = LINE('',#1635,#1636);
#1635 = CARTESIAN_POINT('',(1.395E-03,2.840624220212E-03,2.5E-03));
#1636 = VECTOR('',#1637,1.E-03);
#1637 = DIRECTION('',(0.,1.,0.));
#1638 = PCURVE('',#1539,#1639);
#1639 = DEFINITIONAL_REPRESENTATION('',(#1640),#1644);
#1640 = LINE('',#1641,#1642);
#1641 = CARTESIAN_POINT('',(0.,0.));
#1642 = VECTOR('',#1643,1.);
#1643 = DIRECTION('',(1.,0.));
#1644 = ( GEOMETRIC_REPRESENTATION_CONTEXT(2) 
PARAMETRIC_REPRESENTATION_CONTEXT() REPRESENTATION_CONTEXT('2D SPACE',''
  ) );
#1645 = PCURVE('',#1565,#1646);
#1646 = DEFINITIONAL_REPRESENTATION('',(#1647),#1651);
#1647 = LINE('',#1648,#1649);
#1648 = CARTESIAN_POINT('',(8.E-05,-6.E-05));
#1649 = VECTOR('',#1650,1.);
#1650 = DIRECTION('',(0.,1.));
#1651 = ( GEOMETRIC_REPRESENTATION_CONTEXT(2) 
PARAMETRIC_REPRESENTATION_CONTEXT() REPRESENTATION_CONTEXT('2D SPACE',''
  ) );
#1652 = ADVANCED_FACE('',(#1653),#1620,.F.);
#1653 = FACE_BOUND('',#1654,.F.);
#1654 = EDGE_LOOP('',(#1655,#1656,#1679,#1702));
#1655 = ORIENTED_EDGE('',*,*,#1604,.T.);
#1656 = ORIENTED_EDGE('',*,*,#1657,.T.);
#1657 = EDGE_CURVE('',#1582,#1658,#1660,.T.);
#1658 = VERTEX_POINT('',#1659);
#1659 = CARTESIAN_POINT('',(5.155E-03,2.960624220212E-03,2.66E-03));
#1660 = SURFACE_CURVE('',#1661,(#1665,#1672),.PCURVE_S1.);
#1661 = LINE('',#1662,#1663);
#1662 = CARTESIAN_POINT('',(5.155E-03,2.960624220212E-03,2.5E-03));
#1663 = VECTOR('',#1664,1.E-03);
#1664 = DIRECTION('',(0.,0.,1.));
#1665 = PCURVE('',#1620,#1666);
#1666 = DEFINITIONAL_REPRESENTATION('',(#1667),#1671);
#1667 = LINE('',#1668,#1669);
#1668 = CARTESIAN_POINT('',(0.,-3.76E-03));
#1669 = VECTOR('',#1670,1.);
#1670 = DIRECTION('',(1.,0.));
#1671 = ( GEOMETRIC_REPRESENTATION_CONTEXT(2) 
PARAMETRIC_REPRESENTATION_CONTEXT() REPRESENTATION_CONTEXT('2D SPACE',''
  ) );
#1672 = PCURVE('',#1511,#1673);
#1673 = DEFINITIONAL_REPRESENTATION('',(#1674),#1678);
#1674 = LINE('',#1675,#1676);
#1675 = CARTESIAN_POINT('',(8.E-05,6.E-05));
#1676 = VECTOR('',#1677,1.);
#1677 = DIRECTION('',(-1.,0.));
#1678 = ( GEOMETRIC_REPRESENTATION_CONTEXT(2) 
PARAMETRIC_REPRESENTATION_CONTEXT() REPRESENTATION_CONTEXT('2D SPACE',''
  ) );
#1679 = ORIENTED_EDGE('',*,*,#1680,.F.);
#1680 = EDGE_CURVE('',#1681,#1658,#1683,.T.);
#1681 = VERTEX_POINT('',#1682);
#1682 = CARTESIAN_POINT('',(1.395E-03,2.960624220212E-03,2.66E-03));
#1683 = SURFACE_CURVE('',#1684,(#1688,#1695),.PCURVE_S1.);
#1684 = LINE('',#1685,#1686);
#1685 = CARTESIAN_POINT('',(1.395E-03,2.960624220212E-03,2.66E-03));
#1686 = VECTOR('',#1687,1.E-03);
#1687 = DIRECTION('',(1.,0.,0.));
#1688 = PCURVE('',#1620,#1689);
#1689 = DEFINITIONAL_REPRESENTATION('',(#1690),#1694);
#1690 = LINE('',#1691,#1692);
#1691 = CARTESIAN_POINT('',(1.6E-04,0.));
#1692 = VECTOR('',#1693,1.);
#1693 = DIRECTION('',(0.,-1.));
#1694 = ( GEOMETRIC_REPRESENTATION_CONTEXT(2) 
PARAMETRIC_REPRESENTATION_CONTEXT() REPRESENTATION_CONTEXT('2D SPACE',''
  ) );
#1695 = PCURVE('',#1483,#1696);
#1696 = DEFINITIONAL_REPRESENTATION('',(#1697),#1701);
#1697 = LINE('',#1698,#1699);
#1698 = CARTESIAN_POINT('',(0.,0.));
#1699 = VECTOR('',#1700,1.);
#1700 = DIRECTION('',(0.,-1.));
#1701 = ( GEOMETRIC_REPRESENTATION_CONTEXT(2) 
PARAMETRIC_REPRESENTATION_CONTEXT() REPRESENTATION_CONTEXT('2D SPACE',''
  ) );
#1702 = ORIENTED_EDGE('',*,*,#1703,.F.);
#1703 = EDGE_CURVE('',#1605,#1681,#1704,.T.);
#1704 = SURFACE_CURVE('',#1705,(#1709,#1716),.PCURVE_S1.);
#1705 = LINE('',#1706,#1707);
#1706 = CARTESIAN_POINT('',(1.395E-03,2.960624220212E-03,2.5E-03));
#1707 = VECTOR('',#1708,1.E-03);
#1708 = DIRECTION('',(0.,0.,1.));
#1709 = PCURVE('',#1620,#1710);
#1710 = DEFINITIONAL_REPRESENTATION('',(#1711),#1715);
#1711 = LINE('',#1712,#1713);
#1712 = CARTESIAN_POINT('',(0.,-0.));
#1713 = VECTOR('',#1714,1.);
#1714 = DIRECTION('',(1.,0.));
#1715 = ( GEOMETRIC_REPRESENTATION_CONTEXT(2) 
PARAMETRIC_REPRESENTATION_CONTEXT() REPRESENTATION_CONTEXT('2D SPACE',''
  ) );
#1716 = PCURVE('',#1565,#1717);
#1717 = DEFINITIONAL_REPRESENTATION('',(#1718),#1722);
#1718 = LINE('',#1719,#1720);
#1719 = CARTESIAN_POINT('',(8.E-05,6.E-05));
#1720 = VECTOR('',#1721,1.);
#1721 = DIRECTION('',(-1.,0.));
#1722 = ( GEOMETRIC_REPRESENTATION_CONTEXT(2) 
PARAMETRIC_REPRESENTATION_CONTEXT() REPRESENTATION_CONTEXT('2D SPACE',''
  ) );
#1723 = ADVANCED_FACE('',(#1724),#1483,.F.);
#1724 = FACE_BOUND('',#1725,.F.);
#1725 = EDGE_LOOP('',(#1726,#1727,#1748,#1749));
#1726 = ORIENTED_EDGE('',*,*,#1680,.T.);
#1727 = ORIENTED_EDGE('',*,*,#1728,.T.);
#1728 = EDGE_CURVE('',#1658,#1463,#1729,.T.);
#1729 = SURFACE_CURVE('',#1730,(#1734,#1741),.PCURVE_S1.);
#1730 = LINE('',#1731,#1732);
#1731 = CARTESIAN_POINT('',(5.155E-03,2.960624220212E-03,2.66E-03));
#1732 = VECTOR('',#1733,1.E-03);
#1733 = DIRECTION('',(0.,-1.,0.));
#1734 = PCURVE('',#1483,#1735);
#1735 = DEFINITIONAL_REPRESENTATION('',(#1736),#1740);
#1736 = LINE('',#1737,#1738);
#1737 = CARTESIAN_POINT('',(0.,-3.76E-03));
#1738 = VECTOR('',#1739,1.);
#1739 = DIRECTION('',(1.,0.));
#1740 = ( GEOMETRIC_REPRESENTATION_CONTEXT(2) 
PARAMETRIC_REPRESENTATION_CONTEXT() REPRESENTATION_CONTEXT('2D SPACE',''
  ) );
#1741 = PCURVE('',#1511,#1742);
#1742 = DEFINITIONAL_REPRESENTATION('',(#1743),#1747);
#1743 = LINE('',#1744,#1745);
#1744 = CARTESIAN_POINT('',(-8.E-05,6.E-05));
#1745 = VECTOR('',#1746,1.);
#1746 = DIRECTION('',(0.,-1.));
#1747 = ( GEOMETRIC_REPRESENTATION_CONTEXT(2) 
PARAMETRIC_REPRESENTATION_CONTEXT() REPRESENTATION_CONTEXT('2D SPACE',''
  ) );
#1748 = ORIENTED_EDGE('',*,*,#1460,.F.);
#1749 = ORIENTED_EDGE('',*,*,#1750,.F.);
#1750 = EDGE_CURVE('',#1681,#1461,#1751,.T.);
#1751 = SURFACE_CURVE('',#1752,(#1756,#1763),.PCURVE_S1.);
#1752 = LINE('',#1753,#1754);
#1753 = CARTESIAN_POINT('',(1.395E-03,2.960624220212E-03,2.66E-03));
#1754 = VECTOR('',#1755,1.E-03);
#1755 = DIRECTION('',(0.,-1.,0.));
#1756 = PCURVE('',#1483,#1757);
#1757 = DEFINITIONAL_REPRESENTATION('',(#1758),#1762);
#1758 = LINE('',#1759,#1760);
#1759 = CARTESIAN_POINT('',(0.,0.));
#1760 = VECTOR('',#1761,1.);
#1761 = DIRECTION('',(1.,0.));
#1762 = ( GEOMETRIC_REPRESENTATION_CONTEXT(2) 
PARAMETRIC_REPRESENTATION_CONTEXT() REPRESENTATION_CONTEXT('2D SPACE',''
  ) );
#1763 = PCURVE('',#1565,#1764);
#1764 = DEFINITIONAL_REPRESENTATION('',(#1765),#1769);
#1765 = LINE('',#1766,#1767);
#1766 = CARTESIAN_POINT('',(-8.E-05,6.E-05));
#1767 = VECTOR('',#1768,1.);
#1768 = DIRECTION('',(0.,-1.));
#1769 = ( GEOMETRIC_REPRESENTATION_CONTEXT(2) 
PARAMETRIC_REPRESENTATION_CONTEXT() REPRESENTATION_CONTEXT('2D SPACE',''
  ) );
#1770 = ADVANCED_FACE('',(#1771),#1565,.F.);
#1771 = FACE_BOUND('',#1772,.F.);
#1772 = EDGE_LOOP('',(#1773,#1774,#1775,#1776));
#1773 = ORIENTED_EDGE('',*,*,#1551,.T.);
#1774 = ORIENTED_EDGE('',*,*,#1632,.T.);
#1775 = ORIENTED_EDGE('',*,*,#1703,.T.);
#1776 = ORIENTED_EDGE('',*,*,#1750,.T.);
#1777 = ADVANCED_FACE('',(#1778),#1511,.T.);
#1778 = FACE_BOUND('',#1779,.T.);
#1779 = EDGE_LOOP('',(#1780,#1781,#1782,#1783));
#1780 = ORIENTED_EDGE('',*,*,#1495,.T.);
#1781 = ORIENTED_EDGE('',*,*,#1581,.T.);
#1782 = ORIENTED_EDGE('',*,*,#1657,.T.);
#1783 = ORIENTED_EDGE('',*,*,#1728,.T.);
#1784 = ( GEOMETRIC_REPRESENTATION_CONTEXT(3) 
GLOBAL_UNCERTAINTY_ASSIGNED_CONTEXT((#1788)) 
GLOBAL_UNIT_ASSIGNED_CONTEXT((#1785,#1786,#1787)) REPRESENTATION_CONTEXT
('Context #1','3D Context with UNIT and UNCERTAINTY') );
#1785 = ( LENGTH_UNIT() NAMED_UNIT(*) SI_UNIT($,.METRE.) );
#1786 = ( NAMED_UNIT(*) PLANE_ANGLE_UNIT() SI_UNIT($,.RADIAN.) );
#1787 = ( NAMED_UNIT(*) SI_UNIT($,.STERADIAN.) SOLID_ANGLE_UNIT() );
#1788 = UNCERTAINTY_MEASURE_WITH_UNIT(LENGTH_MEASURE(1.E-08),#1785,
  'distance_accuracy_value','confusion accuracy');
#1789 = PRODUCT_RELATED_PRODUCT_CATEGORY('detail',$,(#1450));
#1790 = PRODUCT_CATEGORY_RELATIONSHIP('','',#1791,#1789);
#1791 = PRODUCT_CATEGORY('part',$);
#1792 = CC_DESIGN_PERSON_AND_ORGANIZATION_ASSIGNMENT(#354,#357,(#1449,
    #1448));
#1793 = CC_DESIGN_PERSON_AND_ORGANIZATION_ASSIGNMENT(#354,#359,(#1450));
#1794 = CC_DESIGN_PERSON_AND_ORGANIZATION_ASSIGNMENT(#354,#361,(#1449));
#1795 = CC_DESIGN_PERSON_AND_ORGANIZATION_ASSIGNMENT(#354,#363,(#1796));
#1796 = SECURITY_CLASSIFICATION('','',#365);
#1797 = CC_DESIGN_SECURITY_CLASSIFICATION(#1796,(#1449));
#1798 = CC_DESIGN_DATE_AND_TIME_ASSIGNMENT(#368,#372,(#1448));
#1799 = CC_DESIGN_DATE_AND_TIME_ASSIGNMENT(#368,#374,(#1796));
#1800 = CC_DESIGN_APPROVAL(#376,(#1449,#1448,#1796));
#1801 = SHAPE_DEFINITION_REPRESENTATION(#1802,#1808);
#1802 = PRODUCT_DEFINITION_SHAPE('','',#1803);
#1803 = PRODUCT_DEFINITION('design','',#1804,#1807);
#1804 = PRODUCT_DEFINITION_FORMATION_WITH_SPECIFIED_SOURCE('','',#1805,
  .NOT_KNOWN.);
#1805 = PRODUCT('Timber_0.02_m 6','Timber_0.02_m 6','',(#1806));
#1806 = MECHANICAL_CONTEXT('',#2,'mechanical');
#1807 = DESIGN_CONTEXT('',#2,'design');
#1808 = ADVANCED_BREP_SHAPE_REPRESENTATION('',(#11,#1809),#2139);
#1809 = MANIFOLD_SOLID_BREP('Timber_0.02_m',#1810);
#1810 = CLOSED_SHELL('',(#1811,#1931,#2007,#2078,#2125,#2132));
#1811 = ADVANCED_FACE('',(#1812),#1826,.F.);
#1812 = FACE_BOUND('',#1813,.F.);
#1813 = EDGE_LOOP('',(#1814,#1849,#1877,#1905));
#1814 = ORIENTED_EDGE('',*,*,#1815,.T.);
#1815 = EDGE_CURVE('',#1816,#1818,#1820,.T.);
#1816 = VERTEX_POINT('',#1817);
#1817 = CARTESIAN_POINT('',(1.395E-03,2.340624220212E-03,2.66E-03));
#1818 = VERTEX_POINT('',#1819);
#1819 = CARTESIAN_POINT('',(5.155E-03,2.340624220212E-03,2.66E-03));
#1820 = SURFACE_CURVE('',#1821,(#1825,#1837),.PCURVE_S1.);
#1821 = LINE('',#1822,#1823);
#1822 = CARTESIAN_POINT('',(1.395E-03,2.340624220212E-03,2.66E-03));
#1823 = VECTOR('',#1824,1.E-03);
#1824 = DIRECTION('',(1.,0.,0.));
#1825 = PCURVE('',#1826,#1831);
#1826 = PLANE('',#1827);
#1827 = AXIS2_PLACEMENT_3D('',#1828,#1829,#1830);
#1828 = CARTESIAN_POINT('',(1.395E-03,2.340624220212E-03,2.66E-03));
#1829 = DIRECTION('',(0.,1.,-3.77302356025E-15));
#1830 = DIRECTION('',(0.,-3.77302356025E-15,-1.));
#1831 = DEFINITIONAL_REPRESENTATION('',(#1832),#1836);
#1832 = LINE('',#1833,#1834);
#1833 = CARTESIAN_POINT('',(0.,0.));
#1834 = VECTOR('',#1835,1.);
#1835 = DIRECTION('',(0.,-1.));
#1836 = ( GEOMETRIC_REPRESENTATION_CONTEXT(2) 
PARAMETRIC_REPRESENTATION_CONTEXT() REPRESENTATION_CONTEXT('2D SPACE',''
  ) );
#1837 = PCURVE('',#1838,#1843);
#1838 = PLANE('',#1839);
#1839 = AXIS2_PLACEMENT_3D('',#1840,#1841,#1842);
#1840 = CARTESIAN_POINT('',(1.395E-03,2.460624220212E-03,2.66E-03));
#1841 = DIRECTION('',(0.,-3.353798720222E-15,-1.));
#1842 = DIRECTION('',(0.,-1.,3.353798720222E-15));
#1843 = DEFINITIONAL_REPRESENTATION('',(#1844),#1848);
#1844 = LINE('',#1845,#1846);
#1845 = CARTESIAN_POINT('',(1.2E-04,0.));
#1846 = VECTOR('',#1847,1.);
#1847 = DIRECTION('',(0.,-1.));
#1848 = ( GEOMETRIC_REPRESENTATION_CONTEXT(2) 
PARAMETRIC_REPRESENTATION_CONTEXT() REPRESENTATION_CONTEXT('2D SPACE',''
  ) );
#1849 = ORIENTED_EDGE('',*,*,#1850,.T.);
#1850 = EDGE_CURVE('',#1818,#1851,#1853,.T.);
#1851 = VERTEX_POINT('',#1852);
#1852 = CARTESIAN_POINT('',(5.155E-03,2.340624220212E-03,2.5E-03));
#1853 = SURFACE_CURVE('',#1854,(#1858,#1865),.PCURVE_S1.);
#1854 = LINE('',#1855,#1856);
#1855 = CARTESIAN_POINT('',(5.155E-03,2.340624220212E-03,2.66E-03));
#1856 = VECTOR('',#1857,1.E-03);
#1857 = DIRECTION('',(0.,-3.77302356025E-15,-1.));
#1858 = PCURVE('',#1826,#1859);
#1859 = DEFINITIONAL_REPRESENTATION('',(#1860),#1864);
#1860 = LINE('',#1861,#1862);
#1861 = CARTESIAN_POINT('',(0.,-3.76E-03));
#1862 = VECTOR('',#1863,1.);
#1863 = DIRECTION('',(1.,0.));
#1864 = ( GEOMETRIC_REPRESENTATION_CONTEXT(2) 
PARAMETRIC_REPRESENTATION_CONTEXT() REPRESENTATION_CONTEXT('2D SPACE',''
  ) );
#1865 = PCURVE('',#1866,#1871);
#1866 = PLANE('',#1867);
#1867 = AXIS2_PLACEMENT_3D('',#1868,#1869,#1870);
#1868 = CARTESIAN_POINT('',(5.155E-03,2.400624220212E-03,2.58E-03));
#1869 = DIRECTION('',(1.,0.,0.));
#1870 = DIRECTION('',(0.,0.,-1.));
#1871 = DEFINITIONAL_REPRESENTATION('',(#1872),#1876);
#1872 = LINE('',#1873,#1874);
#1873 = CARTESIAN_POINT('',(-8.E-05,-6.E-05));
#1874 = VECTOR('',#1875,1.);
#1875 = DIRECTION('',(1.,-3.77302356025E-15));
#1876 = ( GEOMETRIC_REPRESENTATION_CONTEXT(2) 
PARAMETRIC_REPRESENTATION_CONTEXT() REPRESENTATION_CONTEXT('2D SPACE',''
  ) );
#1877 = ORIENTED_EDGE('',*,*,#1878,.F.);
#1878 = EDGE_CURVE('',#1879,#1851,#1881,.T.);
#1879 = VERTEX_POINT('',#1880);
#1880 = CARTESIAN_POINT('',(1.395E-03,2.340624220212E-03,2.5E-03));
#1881 = SURFACE_CURVE('',#1882,(#1886,#1893),.PCURVE_S1.);
#1882 = LINE('',#1883,#1884);
#1883 = CARTESIAN_POINT('',(1.395E-03,2.340624220212E-03,2.5E-03));
#1884 = VECTOR('',#1885,1.E-03);
#1885 = DIRECTION('',(1.,0.,0.));
#1886 = PCURVE('',#1826,#1887);
#1887 = DEFINITIONAL_REPRESENTATION('',(#1888),#1892);
#1888 = LINE('',#1889,#1890);
#1889 = CARTESIAN_POINT('',(1.6E-04,0.));
#1890 = VECTOR('',#1891,1.);
#1891 = DIRECTION('',(0.,-1.));
#1892 = ( GEOMETRIC_REPRESENTATION_CONTEXT(2) 
PARAMETRIC_REPRESENTATION_CONTEXT() REPRESENTATION_CONTEXT('2D SPACE',''
  ) );
#1893 = PCURVE('',#1894,#1899);
#1894 = PLANE('',#1895);
#1895 = AXIS2_PLACEMENT_3D('',#1896,#1897,#1898);
#1896 = CARTESIAN_POINT('',(1.395E-03,2.340624220212E-03,2.5E-03));
#1897 = DIRECTION('',(0.,3.353798720222E-15,1.));
#1898 = DIRECTION('',(0.,1.,-3.353798720222E-15));
#1899 = DEFINITIONAL_REPRESENTATION('',(#1900),#1904);
#1900 = LINE('',#1901,#1902);
#1901 = CARTESIAN_POINT('',(0.,0.));
#1902 = VECTOR('',#1903,1.);
#1903 = DIRECTION('',(0.,-1.));
#1904 = ( GEOMETRIC_REPRESENTATION_CONTEXT(2) 
PARAMETRIC_REPRESENTATION_CONTEXT() REPRESENTATION_CONTEXT('2D SPACE',''
  ) );
#1905 = ORIENTED_EDGE('',*,*,#1906,.F.);
#1906 = EDGE_CURVE('',#1816,#1879,#1907,.T.);
#1907 = SURFACE_CURVE('',#1908,(#1912,#1919),.PCURVE_S1.);
#1908 = LINE('',#1909,#1910);
#1909 = CARTESIAN_POINT('',(1.395E-03,2.340624220212E-03,2.66E-03));
#1910 = VECTOR('',#1911,1.E-03);
#1911 = DIRECTION('',(0.,-3.77302356025E-15,-1.));
#1912 = PCURVE('',#1826,#1913);
#1913 = DEFINITIONAL_REPRESENTATION('',(#1914),#1918);
#1914 = LINE('',#1915,#1916);
#1915 = CARTESIAN_POINT('',(0.,0.));
#1916 = VECTOR('',#1917,1.);
#1917 = DIRECTION('',(1.,0.));
#1918 = ( GEOMETRIC_REPRESENTATION_CONTEXT(2) 
PARAMETRIC_REPRESENTATION_CONTEXT() REPRESENTATION_CONTEXT('2D SPACE',''
  ) );
#1919 = PCURVE('',#1920,#1925);
#1920 = PLANE('',#1921);
#1921 = AXIS2_PLACEMENT_3D('',#1922,#1923,#1924);
#1922 = CARTESIAN_POINT('',(1.395E-03,2.400624220212E-03,2.58E-03));
#1923 = DIRECTION('',(1.,0.,0.));
#1924 = DIRECTION('',(0.,0.,-1.));
#1925 = DEFINITIONAL_REPRESENTATION('',(#1926),#1930);
#1926 = LINE('',#1927,#1928);
#1927 = CARTESIAN_POINT('',(-8.E-05,-6.E-05));
#1928 = VECTOR('',#1929,1.);
#1929 = DIRECTION('',(1.,-3.77302356025E-15));
#1930 = ( GEOMETRIC_REPRESENTATION_CONTEXT(2) 
PARAMETRIC_REPRESENTATION_CONTEXT() REPRESENTATION_CONTEXT('2D SPACE',''
  ) );
#1931 = ADVANCED_FACE('',(#1932),#1894,.F.);
#1932 = FACE_BOUND('',#1933,.F.);
#1933 = EDGE_LOOP('',(#1934,#1935,#1958,#1986));
#1934 = ORIENTED_EDGE('',*,*,#1878,.T.);
#1935 = ORIENTED_EDGE('',*,*,#1936,.T.);
#1936 = EDGE_CURVE('',#1851,#1937,#1939,.T.);
#1937 = VERTEX_POINT('',#1938);
#1938 = CARTESIAN_POINT('',(5.155E-03,2.460624220212E-03,2.5E-03));
#1939 = SURFACE_CURVE('',#1940,(#1944,#1951),.PCURVE_S1.);
#1940 = LINE('',#1941,#1942);
#1941 = CARTESIAN_POINT('',(5.155E-03,2.340624220212E-03,2.5E-03));
#1942 = VECTOR('',#1943,1.E-03);
#1943 = DIRECTION('',(0.,1.,-3.353798720222E-15));
#1944 = PCURVE('',#1894,#1945);
#1945 = DEFINITIONAL_REPRESENTATION('',(#1946),#1950);
#1946 = LINE('',#1947,#1948);
#1947 = CARTESIAN_POINT('',(0.,-3.76E-03));
#1948 = VECTOR('',#1949,1.);
#1949 = DIRECTION('',(1.,0.));
#1950 = ( GEOMETRIC_REPRESENTATION_CONTEXT(2) 
PARAMETRIC_REPRESENTATION_CONTEXT() REPRESENTATION_CONTEXT('2D SPACE',''
  ) );
#1951 = PCURVE('',#1866,#1952);
#1952 = DEFINITIONAL_REPRESENTATION('',(#1953),#1957);
#1953 = LINE('',#1954,#1955);
#1954 = CARTESIAN_POINT('',(8.E-05,-6.E-05));
#1955 = VECTOR('',#1956,1.);
#1956 = DIRECTION('',(3.353798720222E-15,1.));
#1957 = ( GEOMETRIC_REPRESENTATION_CONTEXT(2) 
PARAMETRIC_REPRESENTATION_CONTEXT() REPRESENTATION_CONTEXT('2D SPACE',''
  ) );
#1958 = ORIENTED_EDGE('',*,*,#1959,.F.);
#1959 = EDGE_CURVE('',#1960,#1937,#1962,.T.);
#1960 = VERTEX_POINT('',#1961);
#1961 = CARTESIAN_POINT('',(1.395E-03,2.460624220212E-03,2.5E-03));
#1962 = SURFACE_CURVE('',#1963,(#1967,#1974),.PCURVE_S1.);
#1963 = LINE('',#1964,#1965);
#1964 = CARTESIAN_POINT('',(1.395E-03,2.460624220212E-03,2.5E-03));
#1965 = VECTOR('',#1966,1.E-03);
#1966 = DIRECTION('',(1.,0.,0.));
#1967 = PCURVE('',#1894,#1968);
#1968 = DEFINITIONAL_REPRESENTATION('',(#1969),#1973);
#1969 = LINE('',#1970,#1971);
#1970 = CARTESIAN_POINT('',(1.2E-04,0.));
#1971 = VECTOR('',#1972,1.);
#1972 = DIRECTION('',(0.,-1.));
#1973 = ( GEOMETRIC_REPRESENTATION_CONTEXT(2) 
PARAMETRIC_REPRESENTATION_CONTEXT() REPRESENTATION_CONTEXT('2D SPACE',''
  ) );
#1974 = PCURVE('',#1975,#1980);
#1975 = PLANE('',#1976);
#1976 = AXIS2_PLACEMENT_3D('',#1977,#1978,#1979);
#1977 = CARTESIAN_POINT('',(1.395E-03,2.460624220212E-03,2.5E-03));
#1978 = DIRECTION('',(0.,-1.,3.122502256758E-15));
#1979 = DIRECTION('',(0.,3.122502256758E-15,1.));
#1980 = DEFINITIONAL_REPRESENTATION('',(#1981),#1985);
#1981 = LINE('',#1982,#1983);
#1982 = CARTESIAN_POINT('',(0.,0.));
#1983 = VECTOR('',#1984,1.);
#1984 = DIRECTION('',(0.,-1.));
#1985 = ( GEOMETRIC_REPRESENTATION_CONTEXT(2) 
PARAMETRIC_REPRESENTATION_CONTEXT() REPRESENTATION_CONTEXT('2D SPACE',''
  ) );
#1986 = ORIENTED_EDGE('',*,*,#1987,.F.);
#1987 = EDGE_CURVE('',#1879,#1960,#1988,.T.);
#1988 = SURFACE_CURVE('',#1989,(#1993,#2000),.PCURVE_S1.);
#1989 = LINE('',#1990,#1991);
#1990 = CARTESIAN_POINT('',(1.395E-03,2.340624220212E-03,2.5E-03));
#1991 = VECTOR('',#1992,1.E-03);
#1992 = DIRECTION('',(0.,1.,-3.353798720222E-15));
#1993 = PCURVE('',#1894,#1994);
#1994 = DEFINITIONAL_REPRESENTATION('',(#1995),#1999);
#1995 = LINE('',#1996,#1997);
#1996 = CARTESIAN_POINT('',(0.,0.));
#1997 = VECTOR('',#1998,1.);
#1998 = DIRECTION('',(1.,0.));
#1999 = ( GEOMETRIC_REPRESENTATION_CONTEXT(2) 
PARAMETRIC_REPRESENTATION_CONTEXT() REPRESENTATION_CONTEXT('2D SPACE',''
  ) );
#2000 = PCURVE('',#1920,#2001);
#2001 = DEFINITIONAL_REPRESENTATION('',(#2002),#2006);
#2002 = LINE('',#2003,#2004);
#2003 = CARTESIAN_POINT('',(8.E-05,-6.E-05));
#2004 = VECTOR('',#2005,1.);
#2005 = DIRECTION('',(3.353798720222E-15,1.));
#2006 = ( GEOMETRIC_REPRESENTATION_CONTEXT(2) 
PARAMETRIC_REPRESENTATION_CONTEXT() REPRESENTATION_CONTEXT('2D SPACE',''
  ) );
#2007 = ADVANCED_FACE('',(#2008),#1975,.F.);
#2008 = FACE_BOUND('',#2009,.F.);
#2009 = EDGE_LOOP('',(#2010,#2011,#2034,#2057));
#2010 = ORIENTED_EDGE('',*,*,#1959,.T.);
#2011 = ORIENTED_EDGE('',*,*,#2012,.T.);
#2012 = EDGE_CURVE('',#1937,#2013,#2015,.T.);
#2013 = VERTEX_POINT('',#2014);
#2014 = CARTESIAN_POINT('',(5.155E-03,2.460624220212E-03,2.66E-03));
#2015 = SURFACE_CURVE('',#2016,(#2020,#2027),.PCURVE_S1.);
#2016 = LINE('',#2017,#2018);
#2017 = CARTESIAN_POINT('',(5.155E-03,2.460624220212E-03,2.5E-03));
#2018 = VECTOR('',#2019,1.E-03);
#2019 = DIRECTION('',(0.,3.122502256758E-15,1.));
#2020 = PCURVE('',#1975,#2021);
#2021 = DEFINITIONAL_REPRESENTATION('',(#2022),#2026);
#2022 = LINE('',#2023,#2024);
#2023 = CARTESIAN_POINT('',(0.,-3.76E-03));
#2024 = VECTOR('',#2025,1.);
#2025 = DIRECTION('',(1.,0.));
#2026 = ( GEOMETRIC_REPRESENTATION_CONTEXT(2) 
PARAMETRIC_REPRESENTATION_CONTEXT() REPRESENTATION_CONTEXT('2D SPACE',''
  ) );
#2027 = PCURVE('',#1866,#2028);
#2028 = DEFINITIONAL_REPRESENTATION('',(#2029),#2033);
#2029 = LINE('',#2030,#2031);
#2030 = CARTESIAN_POINT('',(8.E-05,6.E-05));
#2031 = VECTOR('',#2032,1.);
#2032 = DIRECTION('',(-1.,3.122502256758E-15));
#2033 = ( GEOMETRIC_REPRESENTATION_CONTEXT(2) 
PARAMETRIC_REPRESENTATION_CONTEXT() REPRESENTATION_CONTEXT('2D SPACE',''
  ) );
#2034 = ORIENTED_EDGE('',*,*,#2035,.F.);
#2035 = EDGE_CURVE('',#2036,#2013,#2038,.T.);
#2036 = VERTEX_POINT('',#2037);
#2037 = CARTESIAN_POINT('',(1.395E-03,2.460624220212E-03,2.66E-03));
#2038 = SURFACE_CURVE('',#2039,(#2043,#2050),.PCURVE_S1.);
#2039 = LINE('',#2040,#2041);
#2040 = CARTESIAN_POINT('',(1.395E-03,2.460624220212E-03,2.66E-03));
#2041 = VECTOR('',#2042,1.E-03);
#2042 = DIRECTION('',(1.,0.,0.));
#2043 = PCURVE('',#1975,#2044);
#2044 = DEFINITIONAL_REPRESENTATION('',(#2045),#2049);
#2045 = LINE('',#2046,#2047);
#2046 = CARTESIAN_POINT('',(1.6E-04,0.));
#2047 = VECTOR('',#2048,1.);
#2048 = DIRECTION('',(0.,-1.));
#2049 = ( GEOMETRIC_REPRESENTATION_CONTEXT(2) 
PARAMETRIC_REPRESENTATION_CONTEXT() REPRESENTATION_CONTEXT('2D SPACE',''
  ) );
#2050 = PCURVE('',#1838,#2051);
#2051 = DEFINITIONAL_REPRESENTATION('',(#2052),#2056);
#2052 = LINE('',#2053,#2054);
#2053 = CARTESIAN_POINT('',(0.,0.));
#2054 = VECTOR('',#2055,1.);
#2055 = DIRECTION('',(0.,-1.));
#2056 = ( GEOMETRIC_REPRESENTATION_CONTEXT(2) 
PARAMETRIC_REPRESENTATION_CONTEXT() REPRESENTATION_CONTEXT('2D SPACE',''
  ) );
#2057 = ORIENTED_EDGE('',*,*,#2058,.F.);
#2058 = EDGE_CURVE('',#1960,#2036,#2059,.T.);
#2059 = SURFACE_CURVE('',#2060,(#2064,#2071),.PCURVE_S1.);
#2060 = LINE('',#2061,#2062);
#2061 = CARTESIAN_POINT('',(1.395E-03,2.460624220212E-03,2.5E-03));
#2062 = VECTOR('',#2063,1.E-03);
#2063 = DIRECTION('',(0.,3.122502256758E-15,1.));
#2064 = PCURVE('',#1975,#2065);
#2065 = DEFINITIONAL_REPRESENTATION('',(#2066),#2070);
#2066 = LINE('',#2067,#2068);
#2067 = CARTESIAN_POINT('',(0.,0.));
#2068 = VECTOR('',#2069,1.);
#2069 = DIRECTION('',(1.,0.));
#2070 = ( GEOMETRIC_REPRESENTATION_CONTEXT(2) 
PARAMETRIC_REPRESENTATION_CONTEXT() REPRESENTATION_CONTEXT('2D SPACE',''
  ) );
#2071 = PCURVE('',#1920,#2072);
#2072 = DEFINITIONAL_REPRESENTATION('',(#2073),#2077);
#2073 = LINE('',#2074,#2075);
#2074 = CARTESIAN_POINT('',(8.E-05,6.E-05));
#2075 = VECTOR('',#2076,1.);
#2076 = DIRECTION('',(-1.,3.122502256758E-15));
#2077 = ( GEOMETRIC_REPRESENTATION_CONTEXT(2) 
PARAMETRIC_REPRESENTATION_CONTEXT() REPRESENTATION_CONTEXT('2D SPACE',''
  ) );
#2078 = ADVANCED_FACE('',(#2079),#1838,.F.);
#2079 = FACE_BOUND('',#2080,.F.);
#2080 = EDGE_LOOP('',(#2081,#2082,#2103,#2104));
#2081 = ORIENTED_EDGE('',*,*,#2035,.T.);
#2082 = ORIENTED_EDGE('',*,*,#2083,.T.);
#2083 = EDGE_CURVE('',#2013,#1818,#2084,.T.);
#2084 = SURFACE_CURVE('',#2085,(#2089,#2096),.PCURVE_S1.);
#2085 = LINE('',#2086,#2087);
#2086 = CARTESIAN_POINT('',(5.155E-03,2.460624220212E-03,2.66E-03));
#2087 = VECTOR('',#2088,1.E-03);
#2088 = DIRECTION('',(0.,-1.,3.353798720222E-15));
#2089 = PCURVE('',#1838,#2090);
#2090 = DEFINITIONAL_REPRESENTATION('',(#2091),#2095);
#2091 = LINE('',#2092,#2093);
#2092 = CARTESIAN_POINT('',(0.,-3.76E-03));
#2093 = VECTOR('',#2094,1.);
#2094 = DIRECTION('',(1.,0.));
#2095 = ( GEOMETRIC_REPRESENTATION_CONTEXT(2) 
PARAMETRIC_REPRESENTATION_CONTEXT() REPRESENTATION_CONTEXT('2D SPACE',''
  ) );
#2096 = PCURVE('',#1866,#2097);
#2097 = DEFINITIONAL_REPRESENTATION('',(#2098),#2102);
#2098 = LINE('',#2099,#2100);
#2099 = CARTESIAN_POINT('',(-8.E-05,6.E-05));
#2100 = VECTOR('',#2101,1.);
#2101 = DIRECTION('',(-3.353798720222E-15,-1.));
#2102 = ( GEOMETRIC_REPRESENTATION_CONTEXT(2) 
PARAMETRIC_REPRESENTATION_CONTEXT() REPRESENTATION_CONTEXT('2D SPACE',''
  ) );
#2103 = ORIENTED_EDGE('',*,*,#1815,.F.);
#2104 = ORIENTED_EDGE('',*,*,#2105,.F.);
#2105 = EDGE_CURVE('',#2036,#1816,#2106,.T.);
#2106 = SURFACE_CURVE('',#2107,(#2111,#2118),.PCURVE_S1.);
#2107 = LINE('',#2108,#2109);
#2108 = CARTESIAN_POINT('',(1.395E-03,2.460624220212E-03,2.66E-03));
#2109 = VECTOR('',#2110,1.E-03);
#2110 = DIRECTION('',(0.,-1.,3.353798720222E-15));
#2111 = PCURVE('',#1838,#2112);
#2112 = DEFINITIONAL_REPRESENTATION('',(#2113),#2117);
#2113 = LINE('',#2114,#2115);
#2114 = CARTESIAN_POINT('',(0.,0.));
#2115 = VECTOR('',#2116,1.);
#2116 = DIRECTION('',(1.,0.));
#2117 = ( GEOMETRIC_REPRESENTATION_CONTEXT(2) 
PARAMETRIC_REPRESENTATION_CONTEXT() REPRESENTATION_CONTEXT('2D SPACE',''
  ) );
#2118 = PCURVE('',#1920,#2119);
#2119 = DEFINITIONAL_REPRESENTATION('',(#2120),#2124);
#2120 = LINE('',#2121,#2122);
#2121 = CARTESIAN_POINT('',(-8.E-05,6.E-05));
#2122 = VECTOR('',#2123,1.);
#2123 = DIRECTION('',(-3.353798720222E-15,-1.));
#2124 = ( GEOMETRIC_REPRESENTATION_CONTEXT(2) 
PARAMETRIC_REPRESENTATION_CONTEXT() REPRESENTATION_CONTEXT('2D SPACE',''
  ) );
#2125 = ADVANCED_FACE('',(#2126),#1920,.F.);
#2126 = FACE_BOUND('',#2127,.F.);
#2127 = EDGE_LOOP('',(#2128,#2129,#2130,#2131));
#2128 = ORIENTED_EDGE('',*,*,#1906,.T.);
#2129 = ORIENTED_EDGE('',*,*,#1987,.T.);
#2130 = ORIENTED_EDGE('',*,*,#2058,.T.);
#2131 = ORIENTED_EDGE('',*,*,#2105,.T.);
#2132 = ADVANCED_FACE('',(#2133),#1866,.T.);
#2133 = FACE_BOUND('',#2134,.T.);
#2134 = EDGE_LOOP('',(#2135,#2136,#2137,#2138));
#2135 = ORIENTED_EDGE('',*,*,#1850,.T.);
#2136 = ORIENTED_EDGE('',*,*,#1936,.T.);
#2137 = ORIENTED_EDGE('',*,*,#2012,.T.);
#2138 = ORIENTED_EDGE('',*,*,#2083,.T.);
#2139 = ( GEOMETRIC_REPRESENTATION_CONTEXT(3) 
GLOBAL_UNCERTAINTY_ASSIGNED_CONTEXT((#2143)) 
GLOBAL_UNIT_ASSIGNED_CONTEXT((#2140,#2141,#2142)) REPRESENTATION_CONTEXT
('Context #1','3D Context with UNIT and UNCERTAINTY') );
#2140 = ( LENGTH_UNIT() NAMED_UNIT(*) SI_UNIT($,.METRE.) );
#2141 = ( NAMED_UNIT(*) PLANE_ANGLE_UNIT() SI_UNIT($,.RADIAN.) );
#2142 = ( NAMED_UNIT(*) SI_UNIT($,.STERADIAN.) SOLID_ANGLE_UNIT() );
#2143 = UNCERTAINTY_MEASURE_WITH_UNIT(LENGTH_MEASURE(1.E-08),#2140,
  'distance_accuracy_value','confusion accuracy');
#2144 = PRODUCT_RELATED_PRODUCT_CATEGORY('detail',$,(#1805));
#2145 = PRODUCT_CATEGORY_RELATIONSHIP('','',#2146,#2144);
#2146 = PRODUCT_CATEGORY('part',$);
#2147 = CC_DESIGN_PERSON_AND_ORGANIZATION_ASSIGNMENT(#354,#357,(#1804,
    #1803));
#2148 = CC_DESIGN_PERSON_AND_ORGANIZATION_ASSIGNMENT(#354,#359,(#1805));
#2149 = CC_DESIGN_PERSON_AND_ORGANIZATION_ASSIGNMENT(#354,#361,(#1804));
#2150 = CC_DESIGN_PERSON_AND_ORGANIZATION_ASSIGNMENT(#354,#363,(#2151));
#2151 = SECURITY_CLASSIFICATION('','',#365);
#2152 = CC_DESIGN_SECURITY_CLASSIFICATION(#2151,(#1804));
#2153 = CC_DESIGN_DATE_AND_TIME_ASSIGNMENT(#368,#372,(#1803));
#2154 = CC_DESIGN_DATE_AND_TIME_ASSIGNMENT(#368,#374,(#2151));
#2155 = CC_DESIGN_APPROVAL(#376,(#1804,#1803,#2151));
#2156 = SHAPE_DEFINITION_REPRESENTATION(#2157,#2163);
#2157 = PRODUCT_DEFINITION_SHAPE('','',#2158);
#2158 = PRODUCT_DEFINITION('design','',#2159,#2162);
#2159 = PRODUCT_DEFINITION_FORMATION_WITH_SPECIFIED_SOURCE('','',#2160,
  .NOT_KNOWN.);
#2160 = PRODUCT('Timber_0.02_m 7','Timber_0.02_m 7','',(#2161));
#2161 = MECHANICAL_CONTEXT('',#2,'mechanical');
#2162 = DESIGN_CONTEXT('',#2,'design');
#2163 = ADVANCED_BREP_SHAPE_REPRESENTATION('',(#11,#2164),#2494);
#2164 = MANIFOLD_SOLID_BREP('Timber_0.02_m',#2165);
#2165 = CLOSED_SHELL('',(#2166,#2286,#2362,#2433,#2480,#2487));
#2166 = ADVANCED_FACE('',(#2167),#2181,.F.);
#2167 = FACE_BOUND('',#2168,.F.);
#2168 = EDGE_LOOP('',(#2169,#2204,#2232,#2260));
#2169 = ORIENTED_EDGE('',*,*,#2170,.T.);
#2170 = EDGE_CURVE('',#2171,#2173,#2175,.T.);
#2171 = VERTEX_POINT('',#2172);
#2172 = CARTESIAN_POINT('',(1.395E-03,1.840624220212E-03,2.66E-03));
#2173 = VERTEX_POINT('',#2174);
#2174 = CARTESIAN_POINT('',(5.155E-03,1.840624220212E-03,2.66E-03));
#2175 = SURFACE_CURVE('',#2176,(#2180,#2192),.PCURVE_S1.);
#2176 = LINE('',#2177,#2178);
#2177 = CARTESIAN_POINT('',(1.395E-03,1.840624220212E-03,2.66E-03));
#2178 = VECTOR('',#2179,1.E-03);
#2179 = DIRECTION('',(1.,0.,0.));
#2180 = PCURVE('',#2181,#2186);
#2181 = PLANE('',#2182);
#2182 = AXIS2_PLACEMENT_3D('',#2183,#2184,#2185);
#2183 = CARTESIAN_POINT('',(1.395E-03,1.840624220212E-03,2.66E-03));
#2184 = DIRECTION('',(0.,1.,0.));
#2185 = DIRECTION('',(0.,0.,-1.));
#2186 = DEFINITIONAL_REPRESENTATION('',(#2187),#2191);
#2187 = LINE('',#2188,#2189);
#2188 = CARTESIAN_POINT('',(0.,0.));
#2189 = VECTOR('',#2190,1.);
#2190 = DIRECTION('',(0.,-1.));
#2191 = ( GEOMETRIC_REPRESENTATION_CONTEXT(2) 
PARAMETRIC_REPRESENTATION_CONTEXT() REPRESENTATION_CONTEXT('2D SPACE',''
  ) );
#2192 = PCURVE('',#2193,#2198);
#2193 = PLANE('',#2194);
#2194 = AXIS2_PLACEMENT_3D('',#2195,#2196,#2197);
#2195 = CARTESIAN_POINT('',(1.395E-03,1.960624220212E-03,2.66E-03));
#2196 = DIRECTION('',(0.,0.,-1.));
#2197 = DIRECTION('',(0.,-1.,0.));
#2198 = DEFINITIONAL_REPRESENTATION('',(#2199),#2203);
#2199 = LINE('',#2200,#2201);
#2200 = CARTESIAN_POINT('',(1.2E-04,0.));
#2201 = VECTOR('',#2202,1.);
#2202 = DIRECTION('',(0.,-1.));
#2203 = ( GEOMETRIC_REPRESENTATION_CONTEXT(2) 
PARAMETRIC_REPRESENTATION_CONTEXT() REPRESENTATION_CONTEXT('2D SPACE',''
  ) );
#2204 = ORIENTED_EDGE('',*,*,#2205,.T.);
#2205 = EDGE_CURVE('',#2173,#2206,#2208,.T.);
#2206 = VERTEX_POINT('',#2207);
#2207 = CARTESIAN_POINT('',(5.155E-03,1.840624220212E-03,2.5E-03));
#2208 = SURFACE_CURVE('',#2209,(#2213,#2220),.PCURVE_S1.);
#2209 = LINE('',#2210,#2211);
#2210 = CARTESIAN_POINT('',(5.155E-03,1.840624220212E-03,2.66E-03));
#2211 = VECTOR('',#2212,1.E-03);
#2212 = DIRECTION('',(0.,0.,-1.));
#2213 = PCURVE('',#2181,#2214);
#2214 = DEFINITIONAL_REPRESENTATION('',(#2215),#2219);
#2215 = LINE('',#2216,#2217);
#2216 = CARTESIAN_POINT('',(0.,-3.76E-03));
#2217 = VECTOR('',#2218,1.);
#2218 = DIRECTION('',(1.,0.));
#2219 = ( GEOMETRIC_REPRESENTATION_CONTEXT(2) 
PARAMETRIC_REPRESENTATION_CONTEXT() REPRESENTATION_CONTEXT('2D SPACE',''
  ) );
#2220 = PCURVE('',#2221,#2226);
#2221 = PLANE('',#2222);
#2222 = AXIS2_PLACEMENT_3D('',#2223,#2224,#2225);
#2223 = CARTESIAN_POINT('',(5.155E-03,1.900624220212E-03,2.58E-03));
#2224 = DIRECTION('',(1.,0.,0.));
#2225 = DIRECTION('',(0.,0.,-1.));
#2226 = DEFINITIONAL_REPRESENTATION('',(#2227),#2231);
#2227 = LINE('',#2228,#2229);
#2228 = CARTESIAN_POINT('',(-8.E-05,-6.E-05));
#2229 = VECTOR('',#2230,1.);
#2230 = DIRECTION('',(1.,0.));
#2231 = ( GEOMETRIC_REPRESENTATION_CONTEXT(2) 
PARAMETRIC_REPRESENTATION_CONTEXT() REPRESENTATION_CONTEXT('2D SPACE',''
  ) );
#2232 = ORIENTED_EDGE('',*,*,#2233,.F.);
#2233 = EDGE_CURVE('',#2234,#2206,#2236,.T.);
#2234 = VERTEX_POINT('',#2235);
#2235 = CARTESIAN_POINT('',(1.395E-03,1.840624220212E-03,2.5E-03));
#2236 = SURFACE_CURVE('',#2237,(#2241,#2248),.PCURVE_S1.);
#2237 = LINE('',#2238,#2239);
#2238 = CARTESIAN_POINT('',(1.395E-03,1.840624220212E-03,2.5E-03));
#2239 = VECTOR('',#2240,1.E-03);
#2240 = DIRECTION('',(1.,0.,0.));
#2241 = PCURVE('',#2181,#2242);
#2242 = DEFINITIONAL_REPRESENTATION('',(#2243),#2247);
#2243 = LINE('',#2244,#2245);
#2244 = CARTESIAN_POINT('',(1.6E-04,0.));
#2245 = VECTOR('',#2246,1.);
#2246 = DIRECTION('',(0.,-1.));
#2247 = ( GEOMETRIC_REPRESENTATION_CONTEXT(2) 
PARAMETRIC_REPRESENTATION_CONTEXT() REPRESENTATION_CONTEXT('2D SPACE',''
  ) );
#2248 = PCURVE('',#2249,#2254);
#2249 = PLANE('',#2250);
#2250 = AXIS2_PLACEMENT_3D('',#2251,#2252,#2253);
#2251 = CARTESIAN_POINT('',(1.395E-03,1.840624220212E-03,2.5E-03));
#2252 = DIRECTION('',(0.,0.,1.));
#2253 = DIRECTION('',(0.,1.,0.));
#2254 = DEFINITIONAL_REPRESENTATION('',(#2255),#2259);
#2255 = LINE('',#2256,#2257);
#2256 = CARTESIAN_POINT('',(0.,0.));
#2257 = VECTOR('',#2258,1.);
#2258 = DIRECTION('',(0.,-1.));
#2259 = ( GEOMETRIC_REPRESENTATION_CONTEXT(2) 
PARAMETRIC_REPRESENTATION_CONTEXT() REPRESENTATION_CONTEXT('2D SPACE',''
  ) );
#2260 = ORIENTED_EDGE('',*,*,#2261,.F.);
#2261 = EDGE_CURVE('',#2171,#2234,#2262,.T.);
#2262 = SURFACE_CURVE('',#2263,(#2267,#2274),.PCURVE_S1.);
#2263 = LINE('',#2264,#2265);
#2264 = CARTESIAN_POINT('',(1.395E-03,1.840624220212E-03,2.66E-03));
#2265 = VECTOR('',#2266,1.E-03);
#2266 = DIRECTION('',(0.,0.,-1.));
#2267 = PCURVE('',#2181,#2268);
#2268 = DEFINITIONAL_REPRESENTATION('',(#2269),#2273);
#2269 = LINE('',#2270,#2271);
#2270 = CARTESIAN_POINT('',(0.,0.));
#2271 = VECTOR('',#2272,1.);
#2272 = DIRECTION('',(1.,0.));
#2273 = ( GEOMETRIC_REPRESENTATION_CONTEXT(2) 
PARAMETRIC_REPRESENTATION_CONTEXT() REPRESENTATION_CONTEXT('2D SPACE',''
  ) );
#2274 = PCURVE('',#2275,#2280);
#2275 = PLANE('',#2276);
#2276 = AXIS2_PLACEMENT_3D('',#2277,#2278,#2279);
#2277 = CARTESIAN_POINT('',(1.395E-03,1.900624220212E-03,2.58E-03));
#2278 = DIRECTION('',(1.,0.,0.));
#2279 = DIRECTION('',(0.,0.,-1.));
#2280 = DEFINITIONAL_REPRESENTATION('',(#2281),#2285);
#2281 = LINE('',#2282,#2283);
#2282 = CARTESIAN_POINT('',(-8.E-05,-6.E-05));
#2283 = VECTOR('',#2284,1.);
#2284 = DIRECTION('',(1.,0.));
#2285 = ( GEOMETRIC_REPRESENTATION_CONTEXT(2) 
PARAMETRIC_REPRESENTATION_CONTEXT() REPRESENTATION_CONTEXT('2D SPACE',''
  ) );
#2286 = ADVANCED_FACE('',(#2287),#2249,.F.);
#2287 = FACE_BOUND('',#2288,.F.);
#2288 = EDGE_LOOP('',(#2289,#2290,#2313,#2341));
#2289 = ORIENTED_EDGE('',*,*,#2233,.T.);
#2290 = ORIENTED_EDGE('',*,*,#2291,.T.);
#2291 = EDGE_CURVE('',#2206,#2292,#2294,.T.);
#2292 = VERTEX_POINT('',#2293);
#2293 = CARTESIAN_POINT('',(5.155E-03,1.960624220212E-03,2.5E-03));
#2294 = SURFACE_CURVE('',#2295,(#2299,#2306),.PCURVE_S1.);
#2295 = LINE('',#2296,#2297);
#2296 = CARTESIAN_POINT('',(5.155E-03,1.840624220212E-03,2.5E-03));
#2297 = VECTOR('',#2298,1.E-03);
#2298 = DIRECTION('',(0.,1.,0.));
#2299 = PCURVE('',#2249,#2300);
#2300 = DEFINITIONAL_REPRESENTATION('',(#2301),#2305);
#2301 = LINE('',#2302,#2303);
#2302 = CARTESIAN_POINT('',(0.,-3.76E-03));
#2303 = VECTOR('',#2304,1.);
#2304 = DIRECTION('',(1.,0.));
#2305 = ( GEOMETRIC_REPRESENTATION_CONTEXT(2) 
PARAMETRIC_REPRESENTATION_CONTEXT() REPRESENTATION_CONTEXT('2D SPACE',''
  ) );
#2306 = PCURVE('',#2221,#2307);
#2307 = DEFINITIONAL_REPRESENTATION('',(#2308),#2312);
#2308 = LINE('',#2309,#2310);
#2309 = CARTESIAN_POINT('',(8.E-05,-6.E-05));
#2310 = VECTOR('',#2311,1.);
#2311 = DIRECTION('',(0.,1.));
#2312 = ( GEOMETRIC_REPRESENTATION_CONTEXT(2) 
PARAMETRIC_REPRESENTATION_CONTEXT() REPRESENTATION_CONTEXT('2D SPACE',''
  ) );
#2313 = ORIENTED_EDGE('',*,*,#2314,.F.);
#2314 = EDGE_CURVE('',#2315,#2292,#2317,.T.);
#2315 = VERTEX_POINT('',#2316);
#2316 = CARTESIAN_POINT('',(1.395E-03,1.960624220212E-03,2.5E-03));
#2317 = SURFACE_CURVE('',#2318,(#2322,#2329),.PCURVE_S1.);
#2318 = LINE('',#2319,#2320);
#2319 = CARTESIAN_POINT('',(1.395E-03,1.960624220212E-03,2.5E-03));
#2320 = VECTOR('',#2321,1.E-03);
#2321 = DIRECTION('',(1.,0.,0.));
#2322 = PCURVE('',#2249,#2323);
#2323 = DEFINITIONAL_REPRESENTATION('',(#2324),#2328);
#2324 = LINE('',#2325,#2326);
#2325 = CARTESIAN_POINT('',(1.2E-04,0.));
#2326 = VECTOR('',#2327,1.);
#2327 = DIRECTION('',(0.,-1.));
#2328 = ( GEOMETRIC_REPRESENTATION_CONTEXT(2) 
PARAMETRIC_REPRESENTATION_CONTEXT() REPRESENTATION_CONTEXT('2D SPACE',''
  ) );
#2329 = PCURVE('',#2330,#2335);
#2330 = PLANE('',#2331);
#2331 = AXIS2_PLACEMENT_3D('',#2332,#2333,#2334);
#2332 = CARTESIAN_POINT('',(1.395E-03,1.960624220212E-03,2.5E-03));
#2333 = DIRECTION('',(0.,-1.,-6.895525817008E-15));
#2334 = DIRECTION('',(0.,-6.895525817008E-15,1.));
#2335 = DEFINITIONAL_REPRESENTATION('',(#2336),#2340);
#2336 = LINE('',#2337,#2338);
#2337 = CARTESIAN_POINT('',(0.,0.));
#2338 = VECTOR('',#2339,1.);
#2339 = DIRECTION('',(0.,-1.));
#2340 = ( GEOMETRIC_REPRESENTATION_CONTEXT(2) 
PARAMETRIC_REPRESENTATION_CONTEXT() REPRESENTATION_CONTEXT('2D SPACE',''
  ) );
#2341 = ORIENTED_EDGE('',*,*,#2342,.F.);
#2342 = EDGE_CURVE('',#2234,#2315,#2343,.T.);
#2343 = SURFACE_CURVE('',#2344,(#2348,#2355),.PCURVE_S1.);
#2344 = LINE('',#2345,#2346);
#2345 = CARTESIAN_POINT('',(1.395E-03,1.840624220212E-03,2.5E-03));
#2346 = VECTOR('',#2347,1.E-03);
#2347 = DIRECTION('',(0.,1.,0.));
#2348 = PCURVE('',#2249,#2349);
#2349 = DEFINITIONAL_REPRESENTATION('',(#2350),#2354);
#2350 = LINE('',#2351,#2352);
#2351 = CARTESIAN_POINT('',(0.,0.));
#2352 = VECTOR('',#2353,1.);
#2353 = DIRECTION('',(1.,0.));
#2354 = ( GEOMETRIC_REPRESENTATION_CONTEXT(2) 
PARAMETRIC_REPRESENTATION_CONTEXT() REPRESENTATION_CONTEXT('2D SPACE',''
  ) );
#2355 = PCURVE('',#2275,#2356);
#2356 = DEFINITIONAL_REPRESENTATION('',(#2357),#2361);
#2357 = LINE('',#2358,#2359);
#2358 = CARTESIAN_POINT('',(8.E-05,-6.E-05));
#2359 = VECTOR('',#2360,1.);
#2360 = DIRECTION('',(0.,1.));
#2361 = ( GEOMETRIC_REPRESENTATION_CONTEXT(2) 
PARAMETRIC_REPRESENTATION_CONTEXT() REPRESENTATION_CONTEXT('2D SPACE',''
  ) );
#2362 = ADVANCED_FACE('',(#2363),#2330,.F.);
#2363 = FACE_BOUND('',#2364,.F.);
#2364 = EDGE_LOOP('',(#2365,#2366,#2389,#2412));
#2365 = ORIENTED_EDGE('',*,*,#2314,.T.);
#2366 = ORIENTED_EDGE('',*,*,#2367,.T.);
#2367 = EDGE_CURVE('',#2292,#2368,#2370,.T.);
#2368 = VERTEX_POINT('',#2369);
#2369 = CARTESIAN_POINT('',(5.155E-03,1.960624220212E-03,2.66E-03));
#2370 = SURFACE_CURVE('',#2371,(#2375,#2382),.PCURVE_S1.);
#2371 = LINE('',#2372,#2373);
#2372 = CARTESIAN_POINT('',(5.155E-03,1.960624220212E-03,2.5E-03));
#2373 = VECTOR('',#2374,1.E-03);
#2374 = DIRECTION('',(0.,-6.895525817008E-15,1.));
#2375 = PCURVE('',#2330,#2376);
#2376 = DEFINITIONAL_REPRESENTATION('',(#2377),#2381);
#2377 = LINE('',#2378,#2379);
#2378 = CARTESIAN_POINT('',(0.,-3.76E-03));
#2379 = VECTOR('',#2380,1.);
#2380 = DIRECTION('',(1.,0.));
#2381 = ( GEOMETRIC_REPRESENTATION_CONTEXT(2) 
PARAMETRIC_REPRESENTATION_CONTEXT() REPRESENTATION_CONTEXT('2D SPACE',''
  ) );
#2382 = PCURVE('',#2221,#2383);
#2383 = DEFINITIONAL_REPRESENTATION('',(#2384),#2388);
#2384 = LINE('',#2385,#2386);
#2385 = CARTESIAN_POINT('',(8.E-05,6.E-05));
#2386 = VECTOR('',#2387,1.);
#2387 = DIRECTION('',(-1.,-6.895525817008E-15));
#2388 = ( GEOMETRIC_REPRESENTATION_CONTEXT(2) 
PARAMETRIC_REPRESENTATION_CONTEXT() REPRESENTATION_CONTEXT('2D SPACE',''
  ) );
#2389 = ORIENTED_EDGE('',*,*,#2390,.F.);
#2390 = EDGE_CURVE('',#2391,#2368,#2393,.T.);
#2391 = VERTEX_POINT('',#2392);
#2392 = CARTESIAN_POINT('',(1.395E-03,1.960624220212E-03,2.66E-03));
#2393 = SURFACE_CURVE('',#2394,(#2398,#2405),.PCURVE_S1.);
#2394 = LINE('',#2395,#2396);
#2395 = CARTESIAN_POINT('',(1.395E-03,1.960624220212E-03,2.66E-03));
#2396 = VECTOR('',#2397,1.E-03);
#2397 = DIRECTION('',(1.,0.,0.));
#2398 = PCURVE('',#2330,#2399);
#2399 = DEFINITIONAL_REPRESENTATION('',(#2400),#2404);
#2400 = LINE('',#2401,#2402);
#2401 = CARTESIAN_POINT('',(1.6E-04,0.));
#2402 = VECTOR('',#2403,1.);
#2403 = DIRECTION('',(0.,-1.));
#2404 = ( GEOMETRIC_REPRESENTATION_CONTEXT(2) 
PARAMETRIC_REPRESENTATION_CONTEXT() REPRESENTATION_CONTEXT('2D SPACE',''
  ) );
#2405 = PCURVE('',#2193,#2406);
#2406 = DEFINITIONAL_REPRESENTATION('',(#2407),#2411);
#2407 = LINE('',#2408,#2409);
#2408 = CARTESIAN_POINT('',(0.,0.));
#2409 = VECTOR('',#2410,1.);
#2410 = DIRECTION('',(0.,-1.));
#2411 = ( GEOMETRIC_REPRESENTATION_CONTEXT(2) 
PARAMETRIC_REPRESENTATION_CONTEXT() REPRESENTATION_CONTEXT('2D SPACE',''
  ) );
#2412 = ORIENTED_EDGE('',*,*,#2413,.F.);
#2413 = EDGE_CURVE('',#2315,#2391,#2414,.T.);
#2414 = SURFACE_CURVE('',#2415,(#2419,#2426),.PCURVE_S1.);
#2415 = LINE('',#2416,#2417);
#2416 = CARTESIAN_POINT('',(1.395E-03,1.960624220212E-03,2.5E-03));
#2417 = VECTOR('',#2418,1.E-03);
#2418 = DIRECTION('',(0.,-6.895525817008E-15,1.));
#2419 = PCURVE('',#2330,#2420);
#2420 = DEFINITIONAL_REPRESENTATION('',(#2421),#2425);
#2421 = LINE('',#2422,#2423);
#2422 = CARTESIAN_POINT('',(0.,0.));
#2423 = VECTOR('',#2424,1.);
#2424 = DIRECTION('',(1.,0.));
#2425 = ( GEOMETRIC_REPRESENTATION_CONTEXT(2) 
PARAMETRIC_REPRESENTATION_CONTEXT() REPRESENTATION_CONTEXT('2D SPACE',''
  ) );
#2426 = PCURVE('',#2275,#2427);
#2427 = DEFINITIONAL_REPRESENTATION('',(#2428),#2432);
#2428 = LINE('',#2429,#2430);
#2429 = CARTESIAN_POINT('',(8.E-05,6.E-05));
#2430 = VECTOR('',#2431,1.);
#2431 = DIRECTION('',(-1.,-6.895525817008E-15));
#2432 = ( GEOMETRIC_REPRESENTATION_CONTEXT(2) 
PARAMETRIC_REPRESENTATION_CONTEXT() REPRESENTATION_CONTEXT('2D SPACE',''
  ) );
#2433 = ADVANCED_FACE('',(#2434),#2193,.F.);
#2434 = FACE_BOUND('',#2435,.F.);
#2435 = EDGE_LOOP('',(#2436,#2437,#2458,#2459));
#2436 = ORIENTED_EDGE('',*,*,#2390,.T.);
#2437 = ORIENTED_EDGE('',*,*,#2438,.T.);
#2438 = EDGE_CURVE('',#2368,#2173,#2439,.T.);
#2439 = SURFACE_CURVE('',#2440,(#2444,#2451),.PCURVE_S1.);
#2440 = LINE('',#2441,#2442);
#2441 = CARTESIAN_POINT('',(5.155E-03,1.960624220212E-03,2.66E-03));
#2442 = VECTOR('',#2443,1.E-03);
#2443 = DIRECTION('',(0.,-1.,0.));
#2444 = PCURVE('',#2193,#2445);
#2445 = DEFINITIONAL_REPRESENTATION('',(#2446),#2450);
#2446 = LINE('',#2447,#2448);
#2447 = CARTESIAN_POINT('',(0.,-3.76E-03));
#2448 = VECTOR('',#2449,1.);
#2449 = DIRECTION('',(1.,0.));
#2450 = ( GEOMETRIC_REPRESENTATION_CONTEXT(2) 
PARAMETRIC_REPRESENTATION_CONTEXT() REPRESENTATION_CONTEXT('2D SPACE',''
  ) );
#2451 = PCURVE('',#2221,#2452);
#2452 = DEFINITIONAL_REPRESENTATION('',(#2453),#2457);
#2453 = LINE('',#2454,#2455);
#2454 = CARTESIAN_POINT('',(-8.E-05,6.E-05));
#2455 = VECTOR('',#2456,1.);
#2456 = DIRECTION('',(0.,-1.));
#2457 = ( GEOMETRIC_REPRESENTATION_CONTEXT(2) 
PARAMETRIC_REPRESENTATION_CONTEXT() REPRESENTATION_CONTEXT('2D SPACE',''
  ) );
#2458 = ORIENTED_EDGE('',*,*,#2170,.F.);
#2459 = ORIENTED_EDGE('',*,*,#2460,.F.);
#2460 = EDGE_CURVE('',#2391,#2171,#2461,.T.);
#2461 = SURFACE_CURVE('',#2462,(#2466,#2473),.PCURVE_S1.);
#2462 = LINE('',#2463,#2464);
#2463 = CARTESIAN_POINT('',(1.395E-03,1.960624220212E-03,2.66E-03));
#2464 = VECTOR('',#2465,1.E-03);
#2465 = DIRECTION('',(0.,-1.,0.));
#2466 = PCURVE('',#2193,#2467);
#2467 = DEFINITIONAL_REPRESENTATION('',(#2468),#2472);
#2468 = LINE('',#2469,#2470);
#2469 = CARTESIAN_POINT('',(0.,0.));
#2470 = VECTOR('',#2471,1.);
#2471 = DIRECTION('',(1.,0.));
#2472 = ( GEOMETRIC_REPRESENTATION_CONTEXT(2) 
PARAMETRIC_REPRESENTATION_CONTEXT() REPRESENTATION_CONTEXT('2D SPACE',''
  ) );
#2473 = PCURVE('',#2275,#2474);
#2474 = DEFINITIONAL_REPRESENTATION('',(#2475),#2479);
#2475 = LINE('',#2476,#2477);
#2476 = CARTESIAN_POINT('',(-8.E-05,6.E-05));
#2477 = VECTOR('',#2478,1.);
#2478 = DIRECTION('',(0.,-1.));
#2479 = ( GEOMETRIC_REPRESENTATION_CONTEXT(2) 
PARAMETRIC_REPRESENTATION_CONTEXT() REPRESENTATION_CONTEXT('2D SPACE',''
  ) );
#2480 = ADVANCED_FACE('',(#2481),#2275,.F.);
#2481 = FACE_BOUND('',#2482,.F.);
#2482 = EDGE_LOOP('',(#2483,#2484,#2485,#2486));
#2483 = ORIENTED_EDGE('',*,*,#2261,.T.);
#2484 = ORIENTED_EDGE('',*,*,#2342,.T.);
#2485 = ORIENTED_EDGE('',*,*,#2413,.T.);
#2486 = ORIENTED_EDGE('',*,*,#2460,.T.);
#2487 = ADVANCED_FACE('',(#2488),#2221,.T.);
#2488 = FACE_BOUND('',#2489,.T.);
#2489 = EDGE_LOOP('',(#2490,#2491,#2492,#2493));
#2490 = ORIENTED_EDGE('',*,*,#2205,.T.);
#2491 = ORIENTED_EDGE('',*,*,#2291,.T.);
#2492 = ORIENTED_EDGE('',*,*,#2367,.T.);
#2493 = ORIENTED_EDGE('',*,*,#2438,.T.);
#2494 = ( GEOMETRIC_REPRESENTATION_CONTEXT(3) 
GLOBAL_UNCERTAINTY_ASSIGNED_CONTEXT((#2498)) 
GLOBAL_UNIT_ASSIGNED_CONTEXT((#2495,#2496,#2497)) REPRESENTATION_CONTEXT
('Context #1','3D Context with UNIT and UNCERTAINTY') );
#2495 = ( LENGTH_UNIT() NAMED_UNIT(*) SI_UNIT($,.METRE.) );
#2496 = ( NAMED_UNIT(*) PLANE_ANGLE_UNIT() SI_UNIT($,.RADIAN.) );
#2497 = ( NAMED_UNIT(*) SI_UNIT($,.STERADIAN.) SOLID_ANGLE_UNIT() );
#2498 = UNCERTAINTY_MEASURE_WITH_UNIT(LENGTH_MEASURE(1.E-08),#2495,
  'distance_accuracy_value','confusion accuracy');
#2499 = PRODUCT_RELATED_PRODUCT_CATEGORY('detail',$,(#2160));
#2500 = PRODUCT_CATEGORY_RELATIONSHIP('','',#2501,#2499);
#2501 = PRODUCT_CATEGORY('part',$);
#2502 = CC_DESIGN_PERSON_AND_ORGANIZATION_ASSIGNMENT(#354,#357,(#2159,
    #2158));
#2503 = CC_DESIGN_PERSON_AND_ORGANIZATION_ASSIGNMENT(#354,#359,(#2160));
#2504 = CC_DESIGN_PERSON_AND_ORGANIZATION_ASSIGNMENT(#354,#361,(#2159));
#2505 = CC_DESIGN_PERSON_AND_ORGANIZATION_ASSIGNMENT(#354,#363,(#2506));
#2506 = SECURITY_CLASSIFICATION('','',#365);
#2507 = CC_DESIGN_SECURITY_CLASSIFICATION(#2506,(#2159));
#2508 = CC_DESIGN_DATE_AND_TIME_ASSIGNMENT(#368,#372,(#2158));
#2509 = CC_DESIGN_DATE_AND_TIME_ASSIGNMENT(#368,#374,(#2506));
#2510 = CC_DESIGN_APPROVAL(#376,(#2159,#2158,#2506));
#2511 = SHAPE_DEFINITION_REPRESENTATION(#2512,#2518);
#2512 = PRODUCT_DEFINITION_SHAPE('','',#2513);
#2513 = PRODUCT_DEFINITION('design','',#2514,#2517);
#2514 = PRODUCT_DEFINITION_FORMATION_WITH_SPECIFIED_SOURCE('','',#2515,
  .NOT_KNOWN.);
#2515 = PRODUCT('Timber_0.02_m 8','Timber_0.02_m 8','',(#2516));
#2516 = MECHANICAL_CONTEXT('',#2,'mechanical');
#2517 = DESIGN_CONTEXT('',#2,'design');
#2518 = ADVANCED_BREP_SHAPE_REPRESENTATION('',(#11,#2519),#2849);
#2519 = MANIFOLD_SOLID_BREP('Timber_0.02_m',#2520);
#2520 = CLOSED_SHELL('',(#2521,#2641,#2717,#2788,#2835,#2842));
#2521 = ADVANCED_FACE('',(#2522),#2536,.F.);
#2522 = FACE_BOUND('',#2523,.F.);
#2523 = EDGE_LOOP('',(#2524,#2559,#2587,#2615));
#2524 = ORIENTED_EDGE('',*,*,#2525,.T.);
#2525 = EDGE_CURVE('',#2526,#2528,#2530,.T.);
#2526 = VERTEX_POINT('',#2527);
#2527 = CARTESIAN_POINT('',(1.395E-03,1.340624220212E-03,2.66E-03));
#2528 = VERTEX_POINT('',#2529);
#2529 = CARTESIAN_POINT('',(5.155E-03,1.340624220212E-03,2.66E-03));
#2530 = SURFACE_CURVE('',#2531,(#2535,#2547),.PCURVE_S1.);
#2531 = LINE('',#2532,#2533);
#2532 = CARTESIAN_POINT('',(1.395E-03,1.340624220212E-03,2.66E-03));
#2533 = VECTOR('',#2534,1.E-03);
#2534 = DIRECTION('',(1.,0.,0.));
#2535 = PCURVE('',#2536,#2541);
#2536 = PLANE('',#2537);
#2537 = AXIS2_PLACEMENT_3D('',#2538,#2539,#2540);
#2538 = CARTESIAN_POINT('',(1.395E-03,1.340624220212E-03,2.66E-03));
#2539 = DIRECTION('',(0.,1.,0.));
#2540 = DIRECTION('',(0.,0.,-1.));
#2541 = DEFINITIONAL_REPRESENTATION('',(#2542),#2546);
#2542 = LINE('',#2543,#2544);
#2543 = CARTESIAN_POINT('',(0.,0.));
#2544 = VECTOR('',#2545,1.);
#2545 = DIRECTION('',(0.,-1.));
#2546 = ( GEOMETRIC_REPRESENTATION_CONTEXT(2) 
PARAMETRIC_REPRESENTATION_CONTEXT() REPRESENTATION_CONTEXT('2D SPACE',''
  ) );
#2547 = PCURVE('',#2548,#2553);
#2548 = PLANE('',#2549);
#2549 = AXIS2_PLACEMENT_3D('',#2550,#2551,#2552);
#2550 = CARTESIAN_POINT('',(1.395E-03,1.460624220212E-03,2.66E-03));
#2551 = DIRECTION('',(0.,0.,-1.));
#2552 = DIRECTION('',(0.,-1.,0.));
#2553 = DEFINITIONAL_REPRESENTATION('',(#2554),#2558);
#2554 = LINE('',#2555,#2556);
#2555 = CARTESIAN_POINT('',(1.2E-04,0.));
#2556 = VECTOR('',#2557,1.);
#2557 = DIRECTION('',(0.,-1.));
#2558 = ( GEOMETRIC_REPRESENTATION_CONTEXT(2) 
PARAMETRIC_REPRESENTATION_CONTEXT() REPRESENTATION_CONTEXT('2D SPACE',''
  ) );
#2559 = ORIENTED_EDGE('',*,*,#2560,.T.);
#2560 = EDGE_CURVE('',#2528,#2561,#2563,.T.);
#2561 = VERTEX_POINT('',#2562);
#2562 = CARTESIAN_POINT('',(5.155E-03,1.340624220212E-03,2.5E-03));
#2563 = SURFACE_CURVE('',#2564,(#2568,#2575),.PCURVE_S1.);
#2564 = LINE('',#2565,#2566);
#2565 = CARTESIAN_POINT('',(5.155E-03,1.340624220212E-03,2.66E-03));
#2566 = VECTOR('',#2567,1.E-03);
#2567 = DIRECTION('',(0.,0.,-1.));
#2568 = PCURVE('',#2536,#2569);
#2569 = DEFINITIONAL_REPRESENTATION('',(#2570),#2574);
#2570 = LINE('',#2571,#2572);
#2571 = CARTESIAN_POINT('',(0.,-3.76E-03));
#2572 = VECTOR('',#2573,1.);
#2573 = DIRECTION('',(1.,0.));
#2574 = ( GEOMETRIC_REPRESENTATION_CONTEXT(2) 
PARAMETRIC_REPRESENTATION_CONTEXT() REPRESENTATION_CONTEXT('2D SPACE',''
  ) );
#2575 = PCURVE('',#2576,#2581);
#2576 = PLANE('',#2577);
#2577 = AXIS2_PLACEMENT_3D('',#2578,#2579,#2580);
#2578 = CARTESIAN_POINT('',(5.155E-03,1.400624220212E-03,2.58E-03));
#2579 = DIRECTION('',(1.,0.,0.));
#2580 = DIRECTION('',(0.,0.,-1.));
#2581 = DEFINITIONAL_REPRESENTATION('',(#2582),#2586);
#2582 = LINE('',#2583,#2584);
#2583 = CARTESIAN_POINT('',(-8.E-05,-6.E-05));
#2584 = VECTOR('',#2585,1.);
#2585 = DIRECTION('',(1.,0.));
#2586 = ( GEOMETRIC_REPRESENTATION_CONTEXT(2) 
PARAMETRIC_REPRESENTATION_CONTEXT() REPRESENTATION_CONTEXT('2D SPACE',''
  ) );
#2587 = ORIENTED_EDGE('',*,*,#2588,.F.);
#2588 = EDGE_CURVE('',#2589,#2561,#2591,.T.);
#2589 = VERTEX_POINT('',#2590);
#2590 = CARTESIAN_POINT('',(1.395E-03,1.340624220212E-03,2.5E-03));
#2591 = SURFACE_CURVE('',#2592,(#2596,#2603),.PCURVE_S1.);
#2592 = LINE('',#2593,#2594);
#2593 = CARTESIAN_POINT('',(1.395E-03,1.340624220212E-03,2.5E-03));
#2594 = VECTOR('',#2595,1.E-03);
#2595 = DIRECTION('',(1.,0.,0.));
#2596 = PCURVE('',#2536,#2597);
#2597 = DEFINITIONAL_REPRESENTATION('',(#2598),#2602);
#2598 = LINE('',#2599,#2600);
#2599 = CARTESIAN_POINT('',(1.6E-04,0.));
#2600 = VECTOR('',#2601,1.);
#2601 = DIRECTION('',(0.,-1.));
#2602 = ( GEOMETRIC_REPRESENTATION_CONTEXT(2) 
PARAMETRIC_REPRESENTATION_CONTEXT() REPRESENTATION_CONTEXT('2D SPACE',''
  ) );
#2603 = PCURVE('',#2604,#2609);
#2604 = PLANE('',#2605);
#2605 = AXIS2_PLACEMENT_3D('',#2606,#2607,#2608);
#2606 = CARTESIAN_POINT('',(1.395E-03,1.340624220212E-03,2.5E-03));
#2607 = DIRECTION('',(0.,0.,1.));
#2608 = DIRECTION('',(0.,1.,0.));
#2609 = DEFINITIONAL_REPRESENTATION('',(#2610),#2614);
#2610 = LINE('',#2611,#2612);
#2611 = CARTESIAN_POINT('',(0.,0.));
#2612 = VECTOR('',#2613,1.);
#2613 = DIRECTION('',(0.,-1.));
#2614 = ( GEOMETRIC_REPRESENTATION_CONTEXT(2) 
PARAMETRIC_REPRESENTATION_CONTEXT() REPRESENTATION_CONTEXT('2D SPACE',''
  ) );
#2615 = ORIENTED_EDGE('',*,*,#2616,.F.);
#2616 = EDGE_CURVE('',#2526,#2589,#2617,.T.);
#2617 = SURFACE_CURVE('',#2618,(#2622,#2629),.PCURVE_S1.);
#2618 = LINE('',#2619,#2620);
#2619 = CARTESIAN_POINT('',(1.395E-03,1.340624220212E-03,2.66E-03));
#2620 = VECTOR('',#2621,1.E-03);
#2621 = DIRECTION('',(0.,0.,-1.));
#2622 = PCURVE('',#2536,#2623);
#2623 = DEFINITIONAL_REPRESENTATION('',(#2624),#2628);
#2624 = LINE('',#2625,#2626);
#2625 = CARTESIAN_POINT('',(0.,0.));
#2626 = VECTOR('',#2627,1.);
#2627 = DIRECTION('',(1.,0.));
#2628 = ( GEOMETRIC_REPRESENTATION_CONTEXT(2) 
PARAMETRIC_REPRESENTATION_CONTEXT() REPRESENTATION_CONTEXT('2D SPACE',''
  ) );
#2629 = PCURVE('',#2630,#2635);
#2630 = PLANE('',#2631);
#2631 = AXIS2_PLACEMENT_3D('',#2632,#2633,#2634);
#2632 = CARTESIAN_POINT('',(1.395E-03,1.400624220212E-03,2.58E-03));
#2633 = DIRECTION('',(1.,0.,0.));
#2634 = DIRECTION('',(0.,0.,-1.));
#2635 = DEFINITIONAL_REPRESENTATION('',(#2636),#2640);
#2636 = LINE('',#2637,#2638);
#2637 = CARTESIAN_POINT('',(-8.E-05,-6.E-05));
#2638 = VECTOR('',#2639,1.);
#2639 = DIRECTION('',(1.,0.));
#2640 = ( GEOMETRIC_REPRESENTATION_CONTEXT(2) 
PARAMETRIC_REPRESENTATION_CONTEXT() REPRESENTATION_CONTEXT('2D SPACE',''
  ) );
#2641 = ADVANCED_FACE('',(#2642),#2604,.F.);
#2642 = FACE_BOUND('',#2643,.F.);
#2643 = EDGE_LOOP('',(#2644,#2645,#2668,#2696));
#2644 = ORIENTED_EDGE('',*,*,#2588,.T.);
#2645 = ORIENTED_EDGE('',*,*,#2646,.T.);
#2646 = EDGE_CURVE('',#2561,#2647,#2649,.T.);
#2647 = VERTEX_POINT('',#2648);
#2648 = CARTESIAN_POINT('',(5.155E-03,1.460624220212E-03,2.5E-03));
#2649 = SURFACE_CURVE('',#2650,(#2654,#2661),.PCURVE_S1.);
#2650 = LINE('',#2651,#2652);
#2651 = CARTESIAN_POINT('',(5.155E-03,1.340624220212E-03,2.5E-03));
#2652 = VECTOR('',#2653,1.E-03);
#2653 = DIRECTION('',(0.,1.,0.));
#2654 = PCURVE('',#2604,#2655);
#2655 = DEFINITIONAL_REPRESENTATION('',(#2656),#2660);
#2656 = LINE('',#2657,#2658);
#2657 = CARTESIAN_POINT('',(0.,-3.76E-03));
#2658 = VECTOR('',#2659,1.);
#2659 = DIRECTION('',(1.,0.));
#2660 = ( GEOMETRIC_REPRESENTATION_CONTEXT(2) 
PARAMETRIC_REPRESENTATION_CONTEXT() REPRESENTATION_CONTEXT('2D SPACE',''
  ) );
#2661 = PCURVE('',#2576,#2662);
#2662 = DEFINITIONAL_REPRESENTATION('',(#2663),#2667);
#2663 = LINE('',#2664,#2665);
#2664 = CARTESIAN_POINT('',(8.E-05,-6.E-05));
#2665 = VECTOR('',#2666,1.);
#2666 = DIRECTION('',(0.,1.));
#2667 = ( GEOMETRIC_REPRESENTATION_CONTEXT(2) 
PARAMETRIC_REPRESENTATION_CONTEXT() REPRESENTATION_CONTEXT('2D SPACE',''
  ) );
#2668 = ORIENTED_EDGE('',*,*,#2669,.F.);
#2669 = EDGE_CURVE('',#2670,#2647,#2672,.T.);
#2670 = VERTEX_POINT('',#2671);
#2671 = CARTESIAN_POINT('',(1.395E-03,1.460624220212E-03,2.5E-03));
#2672 = SURFACE_CURVE('',#2673,(#2677,#2684),.PCURVE_S1.);
#2673 = LINE('',#2674,#2675);
#2674 = CARTESIAN_POINT('',(1.395E-03,1.460624220212E-03,2.5E-03));
#2675 = VECTOR('',#2676,1.E-03);
#2676 = DIRECTION('',(1.,0.,0.));
#2677 = PCURVE('',#2604,#2678);
#2678 = DEFINITIONAL_REPRESENTATION('',(#2679),#2683);
#2679 = LINE('',#2680,#2681);
#2680 = CARTESIAN_POINT('',(1.2E-04,0.));
#2681 = VECTOR('',#2682,1.);
#2682 = DIRECTION('',(0.,-1.));
#2683 = ( GEOMETRIC_REPRESENTATION_CONTEXT(2) 
PARAMETRIC_REPRESENTATION_CONTEXT() REPRESENTATION_CONTEXT('2D SPACE',''
  ) );
#2684 = PCURVE('',#2685,#2690);
#2685 = PLANE('',#2686);
#2686 = AXIS2_PLACEMENT_3D('',#2687,#2688,#2689);
#2687 = CARTESIAN_POINT('',(1.395E-03,1.460624220212E-03,2.5E-03));
#2688 = DIRECTION('',(0.,-1.,-6.895525817008E-15));
#2689 = DIRECTION('',(0.,-6.895525817008E-15,1.));
#2690 = DEFINITIONAL_REPRESENTATION('',(#2691),#2695);
#2691 = LINE('',#2692,#2693);
#2692 = CARTESIAN_POINT('',(0.,0.));
#2693 = VECTOR('',#2694,1.);
#2694 = DIRECTION('',(0.,-1.));
#2695 = ( GEOMETRIC_REPRESENTATION_CONTEXT(2) 
PARAMETRIC_REPRESENTATION_CONTEXT() REPRESENTATION_CONTEXT('2D SPACE',''
  ) );
#2696 = ORIENTED_EDGE('',*,*,#2697,.F.);
#2697 = EDGE_CURVE('',#2589,#2670,#2698,.T.);
#2698 = SURFACE_CURVE('',#2699,(#2703,#2710),.PCURVE_S1.);
#2699 = LINE('',#2700,#2701);
#2700 = CARTESIAN_POINT('',(1.395E-03,1.340624220212E-03,2.5E-03));
#2701 = VECTOR('',#2702,1.E-03);
#2702 = DIRECTION('',(0.,1.,0.));
#2703 = PCURVE('',#2604,#2704);
#2704 = DEFINITIONAL_REPRESENTATION('',(#2705),#2709);
#2705 = LINE('',#2706,#2707);
#2706 = CARTESIAN_POINT('',(0.,0.));
#2707 = VECTOR('',#2708,1.);
#2708 = DIRECTION('',(1.,0.));
#2709 = ( GEOMETRIC_REPRESENTATION_CONTEXT(2) 
PARAMETRIC_REPRESENTATION_CONTEXT() REPRESENTATION_CONTEXT('2D SPACE',''
  ) );
#2710 = PCURVE('',#2630,#2711);
#2711 = DEFINITIONAL_REPRESENTATION('',(#2712),#2716);
#2712 = LINE('',#2713,#2714);
#2713 = CARTESIAN_POINT('',(8.E-05,-6.E-05));
#2714 = VECTOR('',#2715,1.);
#2715 = DIRECTION('',(0.,1.));
#2716 = ( GEOMETRIC_REPRESENTATION_CONTEXT(2) 
PARAMETRIC_REPRESENTATION_CONTEXT() REPRESENTATION_CONTEXT('2D SPACE',''
  ) );
#2717 = ADVANCED_FACE('',(#2718),#2685,.F.);
#2718 = FACE_BOUND('',#2719,.F.);
#2719 = EDGE_LOOP('',(#2720,#2721,#2744,#2767));
#2720 = ORIENTED_EDGE('',*,*,#2669,.T.);
#2721 = ORIENTED_EDGE('',*,*,#2722,.T.);
#2722 = EDGE_CURVE('',#2647,#2723,#2725,.T.);
#2723 = VERTEX_POINT('',#2724);
#2724 = CARTESIAN_POINT('',(5.155E-03,1.460624220212E-03,2.66E-03));
#2725 = SURFACE_CURVE('',#2726,(#2730,#2737),.PCURVE_S1.);
#2726 = LINE('',#2727,#2728);
#2727 = CARTESIAN_POINT('',(5.155E-03,1.460624220212E-03,2.5E-03));
#2728 = VECTOR('',#2729,1.E-03);
#2729 = DIRECTION('',(0.,-6.895525817008E-15,1.));
#2730 = PCURVE('',#2685,#2731);
#2731 = DEFINITIONAL_REPRESENTATION('',(#2732),#2736);
#2732 = LINE('',#2733,#2734);
#2733 = CARTESIAN_POINT('',(0.,-3.76E-03));
#2734 = VECTOR('',#2735,1.);
#2735 = DIRECTION('',(1.,0.));
#2736 = ( GEOMETRIC_REPRESENTATION_CONTEXT(2) 
PARAMETRIC_REPRESENTATION_CONTEXT() REPRESENTATION_CONTEXT('2D SPACE',''
  ) );
#2737 = PCURVE('',#2576,#2738);
#2738 = DEFINITIONAL_REPRESENTATION('',(#2739),#2743);
#2739 = LINE('',#2740,#2741);
#2740 = CARTESIAN_POINT('',(8.E-05,6.E-05));
#2741 = VECTOR('',#2742,1.);
#2742 = DIRECTION('',(-1.,-6.895525817008E-15));
#2743 = ( GEOMETRIC_REPRESENTATION_CONTEXT(2) 
PARAMETRIC_REPRESENTATION_CONTEXT() REPRESENTATION_CONTEXT('2D SPACE',''
  ) );
#2744 = ORIENTED_EDGE('',*,*,#2745,.F.);
#2745 = EDGE_CURVE('',#2746,#2723,#2748,.T.);
#2746 = VERTEX_POINT('',#2747);
#2747 = CARTESIAN_POINT('',(1.395E-03,1.460624220212E-03,2.66E-03));
#2748 = SURFACE_CURVE('',#2749,(#2753,#2760),.PCURVE_S1.);
#2749 = LINE('',#2750,#2751);
#2750 = CARTESIAN_POINT('',(1.395E-03,1.460624220212E-03,2.66E-03));
#2751 = VECTOR('',#2752,1.E-03);
#2752 = DIRECTION('',(1.,0.,0.));
#2753 = PCURVE('',#2685,#2754);
#2754 = DEFINITIONAL_REPRESENTATION('',(#2755),#2759);
#2755 = LINE('',#2756,#2757);
#2756 = CARTESIAN_POINT('',(1.6E-04,0.));
#2757 = VECTOR('',#2758,1.);
#2758 = DIRECTION('',(0.,-1.));
#2759 = ( GEOMETRIC_REPRESENTATION_CONTEXT(2) 
PARAMETRIC_REPRESENTATION_CONTEXT() REPRESENTATION_CONTEXT('2D SPACE',''
  ) );
#2760 = PCURVE('',#2548,#2761);
#2761 = DEFINITIONAL_REPRESENTATION('',(#2762),#2766);
#2762 = LINE('',#2763,#2764);
#2763 = CARTESIAN_POINT('',(0.,0.));
#2764 = VECTOR('',#2765,1.);
#2765 = DIRECTION('',(0.,-1.));
#2766 = ( GEOMETRIC_REPRESENTATION_CONTEXT(2) 
PARAMETRIC_REPRESENTATION_CONTEXT() REPRESENTATION_CONTEXT('2D SPACE',''
  ) );
#2767 = ORIENTED_EDGE('',*,*,#2768,.F.);
#2768 = EDGE_CURVE('',#2670,#2746,#2769,.T.);
#2769 = SURFACE_CURVE('',#2770,(#2774,#2781),.PCURVE_S1.);
#2770 = LINE('',#2771,#2772);
#2771 = CARTESIAN_POINT('',(1.395E-03,1.460624220212E-03,2.5E-03));
#2772 = VECTOR('',#2773,1.E-03);
#2773 = DIRECTION('',(0.,-6.895525817008E-15,1.));
#2774 = PCURVE('',#2685,#2775);
#2775 = DEFINITIONAL_REPRESENTATION('',(#2776),#2780);
#2776 = LINE('',#2777,#2778);
#2777 = CARTESIAN_POINT('',(0.,0.));
#2778 = VECTOR('',#2779,1.);
#2779 = DIRECTION('',(1.,0.));
#2780 = ( GEOMETRIC_REPRESENTATION_CONTEXT(2) 
PARAMETRIC_REPRESENTATION_CONTEXT() REPRESENTATION_CONTEXT('2D SPACE',''
  ) );
#2781 = PCURVE('',#2630,#2782);
#2782 = DEFINITIONAL_REPRESENTATION('',(#2783),#2787);
#2783 = LINE('',#2784,#2785);
#2784 = CARTESIAN_POINT('',(8.E-05,6.E-05));
#2785 = VECTOR('',#2786,1.);
#2786 = DIRECTION('',(-1.,-6.895525817008E-15));
#2787 = ( GEOMETRIC_REPRESENTATION_CONTEXT(2) 
PARAMETRIC_REPRESENTATION_CONTEXT() REPRESENTATION_CONTEXT('2D SPACE',''
  ) );
#2788 = ADVANCED_FACE('',(#2789),#2548,.F.);
#2789 = FACE_BOUND('',#2790,.F.);
#2790 = EDGE_LOOP('',(#2791,#2792,#2813,#2814));
#2791 = ORIENTED_EDGE('',*,*,#2745,.T.);
#2792 = ORIENTED_EDGE('',*,*,#2793,.T.);
#2793 = EDGE_CURVE('',#2723,#2528,#2794,.T.);
#2794 = SURFACE_CURVE('',#2795,(#2799,#2806),.PCURVE_S1.);
#2795 = LINE('',#2796,#2797);
#2796 = CARTESIAN_POINT('',(5.155E-03,1.460624220212E-03,2.66E-03));
#2797 = VECTOR('',#2798,1.E-03);
#2798 = DIRECTION('',(0.,-1.,0.));
#2799 = PCURVE('',#2548,#2800);
#2800 = DEFINITIONAL_REPRESENTATION('',(#2801),#2805);
#2801 = LINE('',#2802,#2803);
#2802 = CARTESIAN_POINT('',(0.,-3.76E-03));
#2803 = VECTOR('',#2804,1.);
#2804 = DIRECTION('',(1.,0.));
#2805 = ( GEOMETRIC_REPRESENTATION_CONTEXT(2) 
PARAMETRIC_REPRESENTATION_CONTEXT() REPRESENTATION_CONTEXT('2D SPACE',''
  ) );
#2806 = PCURVE('',#2576,#2807);
#2807 = DEFINITIONAL_REPRESENTATION('',(#2808),#2812);
#2808 = LINE('',#2809,#2810);
#2809 = CARTESIAN_POINT('',(-8.E-05,6.E-05));
#2810 = VECTOR('',#2811,1.);
#2811 = DIRECTION('',(0.,-1.));
#2812 = ( GEOMETRIC_REPRESENTATION_CONTEXT(2) 
PARAMETRIC_REPRESENTATION_CONTEXT() REPRESENTATION_CONTEXT('2D SPACE',''
  ) );
#2813 = ORIENTED_EDGE('',*,*,#2525,.F.);
#2814 = ORIENTED_EDGE('',*,*,#2815,.F.);
#2815 = EDGE_CURVE('',#2746,#2526,#2816,.T.);
#2816 = SURFACE_CURVE('',#2817,(#2821,#2828),.PCURVE_S1.);
#2817 = LINE('',#2818,#2819);
#2818 = CARTESIAN_POINT('',(1.395E-03,1.460624220212E-03,2.66E-03));
#2819 = VECTOR('',#2820,1.E-03);
#2820 = DIRECTION('',(0.,-1.,0.));
#2821 = PCURVE('',#2548,#2822);
#2822 = DEFINITIONAL_REPRESENTATION('',(#2823),#2827);
#2823 = LINE('',#2824,#2825);
#2824 = CARTESIAN_POINT('',(0.,0.));
#2825 = VECTOR('',#2826,1.);
#2826 = DIRECTION('',(1.,0.));
#2827 = ( GEOMETRIC_REPRESENTATION_CONTEXT(2) 
PARAMETRIC_REPRESENTATION_CONTEXT() REPRESENTATION_CONTEXT('2D SPACE',''
  ) );
#2828 = PCURVE('',#2630,#2829);
#2829 = DEFINITIONAL_REPRESENTATION('',(#2830),#2834);
#2830 = LINE('',#2831,#2832);
#2831 = CARTESIAN_POINT('',(-8.E-05,6.E-05));
#2832 = VECTOR('',#2833,1.);
#2833 = DIRECTION('',(0.,-1.));
#2834 = ( GEOMETRIC_REPRESENTATION_CONTEXT(2) 
PARAMETRIC_REPRESENTATION_CONTEXT() REPRESENTATION_CONTEXT('2D SPACE',''
  ) );
#2835 = ADVANCED_FACE('',(#2836),#2630,.F.);
#2836 = FACE_BOUND('',#2837,.F.);
#2837 = EDGE_LOOP('',(#2838,#2839,#2840,#2841));
#2838 = ORIENTED_EDGE('',*,*,#2616,.T.);
#2839 = ORIENTED_EDGE('',*,*,#2697,.T.);
#2840 = ORIENTED_EDGE('',*,*,#2768,.T.);
#2841 = ORIENTED_EDGE('',*,*,#2815,.T.);
#2842 = ADVANCED_FACE('',(#2843),#2576,.T.);
#2843 = FACE_BOUND('',#2844,.T.);
#2844 = EDGE_LOOP('',(#2845,#2846,#2847,#2848));
#2845 = ORIENTED_EDGE('',*,*,#2560,.T.);
#2846 = ORIENTED_EDGE('',*,*,#2646,.T.);
#2847 = ORIENTED_EDGE('',*,*,#2722,.T.);
#2848 = ORIENTED_EDGE('',*,*,#2793,.T.);
#2849 = ( GEOMETRIC_REPRESENTATION_CONTEXT(3) 
GLOBAL_UNCERTAINTY_ASSIGNED_CONTEXT((#2853)) 
GLOBAL_UNIT_ASSIGNED_CONTEXT((#2850,#2851,#2852)) REPRESENTATION_CONTEXT
('Context #1','3D Context with UNIT and UNCERTAINTY') );
#2850 = ( LENGTH_UNIT() NAMED_UNIT(*) SI_UNIT($,.METRE.) );
#2851 = ( NAMED_UNIT(*) PLANE_ANGLE_UNIT() SI_UNIT($,.RADIAN.) );
#2852 = ( NAMED_UNIT(*) SI_UNIT($,.STERADIAN.) SOLID_ANGLE_UNIT() );
#2853 = UNCERTAINTY_MEASURE_WITH_UNIT(LENGTH_MEASURE(1.E-08),#2850,
  'distance_accuracy_value','confusion accuracy');
#2854 = PRODUCT_RELATED_PRODUCT_CATEGORY('detail',$,(#2515));
#2855 = PRODUCT_CATEGORY_RELATIONSHIP('','',#2856,#2854);
#2856 = PRODUCT_CATEGORY('part',$);
#2857 = CC_DESIGN_PERSON_AND_ORGANIZATION_ASSIGNMENT(#354,#357,(#2514,
    #2513));
#2858 = CC_DESIGN_PERSON_AND_ORGANIZATION_ASSIGNMENT(#354,#359,(#2515));
#2859 = CC_DESIGN_PERSON_AND_ORGANIZATION_ASSIGNMENT(#354,#361,(#2514));
#2860 = CC_DESIGN_PERSON_AND_ORGANIZATION_ASSIGNMENT(#354,#363,(#2861));
#2861 = SECURITY_CLASSIFICATION('','',#365);
#2862 = CC_DESIGN_SECURITY_CLASSIFICATION(#2861,(#2514));
#2863 = CC_DESIGN_DATE_AND_TIME_ASSIGNMENT(#368,#372,(#2513));
#2864 = CC_DESIGN_DATE_AND_TIME_ASSIGNMENT(#368,#374,(#2861));
#2865 = CC_DESIGN_APPROVAL(#376,(#2514,#2513,#2861));
#2866 = SHAPE_DEFINITION_REPRESENTATION(#2867,#2873);
#2867 = PRODUCT_DEFINITION_SHAPE('','',#2868);
#2868 = PRODUCT_DEFINITION('design','',#2869,#2872);
#2869 = PRODUCT_DEFINITION_FORMATION_WITH_SPECIFIED_SOURCE('','',#2870,
  .NOT_KNOWN.);
#2870 = PRODUCT('Timber_0.02_m 9','Timber_0.02_m 9','',(#2871));
#2871 = MECHANICAL_CONTEXT('',#2,'mechanical');
#2872 = DESIGN_CONTEXT('',#2,'design');
#2873 = ADVANCED_BREP_SHAPE_REPRESENTATION('',(#11,#2874),#3204);
#2874 = MANIFOLD_SOLID_BREP('Timber_0.02_m',#2875);
#2875 = CLOSED_SHELL('',(#2876,#2996,#3072,#3143,#3190,#3197));
#2876 = ADVANCED_FACE('',(#2877),#2891,.F.);
#2877 = FACE_BOUND('',#2878,.F.);
#2878 = EDGE_LOOP('',(#2879,#2914,#2942,#2970));
#2879 = ORIENTED_EDGE('',*,*,#2880,.T.);
#2880 = EDGE_CURVE('',#2881,#2883,#2885,.T.);
#2881 = VERTEX_POINT('',#2882);
#2882 = CARTESIAN_POINT('',(1.395E-03,8.406242202118E-04,2.66E-03));
#2883 = VERTEX_POINT('',#2884);
#2884 = CARTESIAN_POINT('',(5.155E-03,8.406242202118E-04,2.66E-03));
#2885 = SURFACE_CURVE('',#2886,(#2890,#2902),.PCURVE_S1.);
#2886 = LINE('',#2887,#2888);
#2887 = CARTESIAN_POINT('',(1.395E-03,8.406242202118E-04,2.66E-03));
#2888 = VECTOR('',#2889,1.E-03);
#2889 = DIRECTION('',(1.,0.,0.));
#2890 = PCURVE('',#2891,#2896);
#2891 = PLANE('',#2892);
#2892 = AXIS2_PLACEMENT_3D('',#2893,#2894,#2895);
#2893 = CARTESIAN_POINT('',(1.395E-03,8.406242202118E-04,2.66E-03));
#2894 = DIRECTION('',(0.,1.,0.));
#2895 = DIRECTION('',(0.,0.,-1.));
#2896 = DEFINITIONAL_REPRESENTATION('',(#2897),#2901);
#2897 = LINE('',#2898,#2899);
#2898 = CARTESIAN_POINT('',(0.,0.));
#2899 = VECTOR('',#2900,1.);
#2900 = DIRECTION('',(0.,-1.));
#2901 = ( GEOMETRIC_REPRESENTATION_CONTEXT(2) 
PARAMETRIC_REPRESENTATION_CONTEXT() REPRESENTATION_CONTEXT('2D SPACE',''
  ) );
#2902 = PCURVE('',#2903,#2908);
#2903 = PLANE('',#2904);
#2904 = AXIS2_PLACEMENT_3D('',#2905,#2906,#2907);
#2905 = CARTESIAN_POINT('',(1.395E-03,9.606242202118E-04,2.66E-03));
#2906 = DIRECTION('',(0.,0.,-1.));
#2907 = DIRECTION('',(0.,-1.,0.));
#2908 = DEFINITIONAL_REPRESENTATION('',(#2909),#2913);
#2909 = LINE('',#2910,#2911);
#2910 = CARTESIAN_POINT('',(1.2E-04,0.));
#2911 = VECTOR('',#2912,1.);
#2912 = DIRECTION('',(0.,-1.));
#2913 = ( GEOMETRIC_REPRESENTATION_CONTEXT(2) 
PARAMETRIC_REPRESENTATION_CONTEXT() REPRESENTATION_CONTEXT('2D SPACE',''
  ) );
#2914 = ORIENTED_EDGE('',*,*,#2915,.T.);
#2915 = EDGE_CURVE('',#2883,#2916,#2918,.T.);
#2916 = VERTEX_POINT('',#2917);
#2917 = CARTESIAN_POINT('',(5.155E-03,8.406242202118E-04,2.5E-03));
#2918 = SURFACE_CURVE('',#2919,(#2923,#2930),.PCURVE_S1.);
#2919 = LINE('',#2920,#2921);
#2920 = CARTESIAN_POINT('',(5.155E-03,8.406242202118E-04,2.66E-03));
#2921 = VECTOR('',#2922,1.E-03);
#2922 = DIRECTION('',(0.,0.,-1.));
#2923 = PCURVE('',#2891,#2924);
#2924 = DEFINITIONAL_REPRESENTATION('',(#2925),#2929);
#2925 = LINE('',#2926,#2927);
#2926 = CARTESIAN_POINT('',(0.,-3.76E-03));
#2927 = VECTOR('',#2928,1.);
#2928 = DIRECTION('',(1.,0.));
#2929 = ( GEOMETRIC_REPRESENTATION_CONTEXT(2) 
PARAMETRIC_REPRESENTATION_CONTEXT() REPRESENTATION_CONTEXT('2D SPACE',''
  ) );
#2930 = PCURVE('',#2931,#2936);
#2931 = PLANE('',#2932);
#2932 = AXIS2_PLACEMENT_3D('',#2933,#2934,#2935);
#2933 = CARTESIAN_POINT('',(5.155E-03,9.006242202118E-04,2.58E-03));
#2934 = DIRECTION('',(1.,0.,0.));
#2935 = DIRECTION('',(0.,0.,-1.));
#2936 = DEFINITIONAL_REPRESENTATION('',(#2937),#2941);
#2937 = LINE('',#2938,#2939);
#2938 = CARTESIAN_POINT('',(-8.E-05,-6.E-05));
#2939 = VECTOR('',#2940,1.);
#2940 = DIRECTION('',(1.,0.));
#2941 = ( GEOMETRIC_REPRESENTATION_CONTEXT(2) 
PARAMETRIC_REPRESENTATION_CONTEXT() REPRESENTATION_CONTEXT('2D SPACE',''
  ) );
#2942 = ORIENTED_EDGE('',*,*,#2943,.F.);
#2943 = EDGE_CURVE('',#2944,#2916,#2946,.T.);
#2944 = VERTEX_POINT('',#2945);
#2945 = CARTESIAN_POINT('',(1.395E-03,8.406242202118E-04,2.5E-03));
#2946 = SURFACE_CURVE('',#2947,(#2951,#2958),.PCURVE_S1.);
#2947 = LINE('',#2948,#2949);
#2948 = CARTESIAN_POINT('',(1.395E-03,8.406242202118E-04,2.5E-03));
#2949 = VECTOR('',#2950,1.E-03);
#2950 = DIRECTION('',(1.,0.,0.));
#2951 = PCURVE('',#2891,#2952);
#2952 = DEFINITIONAL_REPRESENTATION('',(#2953),#2957);
#2953 = LINE('',#2954,#2955);
#2954 = CARTESIAN_POINT('',(1.6E-04,0.));
#2955 = VECTOR('',#2956,1.);
#2956 = DIRECTION('',(0.,-1.));
#2957 = ( GEOMETRIC_REPRESENTATION_CONTEXT(2) 
PARAMETRIC_REPRESENTATION_CONTEXT() REPRESENTATION_CONTEXT('2D SPACE',''
  ) );
#2958 = PCURVE('',#2959,#2964);
#2959 = PLANE('',#2960);
#2960 = AXIS2_PLACEMENT_3D('',#2961,#2962,#2963);
#2961 = CARTESIAN_POINT('',(1.395E-03,8.406242202118E-04,2.5E-03));
#2962 = DIRECTION('',(0.,0.,1.));
#2963 = DIRECTION('',(0.,1.,0.));
#2964 = DEFINITIONAL_REPRESENTATION('',(#2965),#2969);
#2965 = LINE('',#2966,#2967);
#2966 = CARTESIAN_POINT('',(0.,0.));
#2967 = VECTOR('',#2968,1.);
#2968 = DIRECTION('',(0.,-1.));
#2969 = ( GEOMETRIC_REPRESENTATION_CONTEXT(2) 
PARAMETRIC_REPRESENTATION_CONTEXT() REPRESENTATION_CONTEXT('2D SPACE',''
  ) );
#2970 = ORIENTED_EDGE('',*,*,#2971,.F.);
#2971 = EDGE_CURVE('',#2881,#2944,#2972,.T.);
#2972 = SURFACE_CURVE('',#2973,(#2977,#2984),.PCURVE_S1.);
#2973 = LINE('',#2974,#2975);
#2974 = CARTESIAN_POINT('',(1.395E-03,8.406242202118E-04,2.66E-03));
#2975 = VECTOR('',#2976,1.E-03);
#2976 = DIRECTION('',(0.,0.,-1.));
#2977 = PCURVE('',#2891,#2978);
#2978 = DEFINITIONAL_REPRESENTATION('',(#2979),#2983);
#2979 = LINE('',#2980,#2981);
#2980 = CARTESIAN_POINT('',(0.,0.));
#2981 = VECTOR('',#2982,1.);
#2982 = DIRECTION('',(1.,0.));
#2983 = ( GEOMETRIC_REPRESENTATION_CONTEXT(2) 
PARAMETRIC_REPRESENTATION_CONTEXT() REPRESENTATION_CONTEXT('2D SPACE',''
  ) );
#2984 = PCURVE('',#2985,#2990);
#2985 = PLANE('',#2986);
#2986 = AXIS2_PLACEMENT_3D('',#2987,#2988,#2989);
#2987 = CARTESIAN_POINT('',(1.395E-03,9.006242202118E-04,2.58E-03));
#2988 = DIRECTION('',(1.,0.,0.));
#2989 = DIRECTION('',(0.,0.,-1.));
#2990 = DEFINITIONAL_REPRESENTATION('',(#2991),#2995);
#2991 = LINE('',#2992,#2993);
#2992 = CARTESIAN_POINT('',(-8.E-05,-6.E-05));
#2993 = VECTOR('',#2994,1.);
#2994 = DIRECTION('',(1.,0.));
#2995 = ( GEOMETRIC_REPRESENTATION_CONTEXT(2) 
PARAMETRIC_REPRESENTATION_CONTEXT() REPRESENTATION_CONTEXT('2D SPACE',''
  ) );
#2996 = ADVANCED_FACE('',(#2997),#2959,.F.);
#2997 = FACE_BOUND('',#2998,.F.);
#2998 = EDGE_LOOP('',(#2999,#3000,#3023,#3051));
#2999 = ORIENTED_EDGE('',*,*,#2943,.T.);
#3000 = ORIENTED_EDGE('',*,*,#3001,.T.);
#3001 = EDGE_CURVE('',#2916,#3002,#3004,.T.);
#3002 = VERTEX_POINT('',#3003);
#3003 = CARTESIAN_POINT('',(5.155E-03,9.606242202118E-04,2.5E-03));
#3004 = SURFACE_CURVE('',#3005,(#3009,#3016),.PCURVE_S1.);
#3005 = LINE('',#3006,#3007);
#3006 = CARTESIAN_POINT('',(5.155E-03,8.406242202118E-04,2.5E-03));
#3007 = VECTOR('',#3008,1.E-03);
#3008 = DIRECTION('',(0.,1.,0.));
#3009 = PCURVE('',#2959,#3010);
#3010 = DEFINITIONAL_REPRESENTATION('',(#3011),#3015);
#3011 = LINE('',#3012,#3013);
#3012 = CARTESIAN_POINT('',(0.,-3.76E-03));
#3013 = VECTOR('',#3014,1.);
#3014 = DIRECTION('',(1.,0.));
#3015 = ( GEOMETRIC_REPRESENTATION_CONTEXT(2) 
PARAMETRIC_REPRESENTATION_CONTEXT() REPRESENTATION_CONTEXT('2D SPACE',''
  ) );
#3016 = PCURVE('',#2931,#3017);
#3017 = DEFINITIONAL_REPRESENTATION('',(#3018),#3022);
#3018 = LINE('',#3019,#3020);
#3019 = CARTESIAN_POINT('',(8.E-05,-6.E-05));
#3020 = VECTOR('',#3021,1.);
#3021 = DIRECTION('',(0.,1.));
#3022 = ( GEOMETRIC_REPRESENTATION_CONTEXT(2) 
PARAMETRIC_REPRESENTATION_CONTEXT() REPRESENTATION_CONTEXT('2D SPACE',''
  ) );
#3023 = ORIENTED_EDGE('',*,*,#3024,.F.);
#3024 = EDGE_CURVE('',#3025,#3002,#3027,.T.);
#3025 = VERTEX_POINT('',#3026);
#3026 = CARTESIAN_POINT('',(1.395E-03,9.606242202118E-04,2.5E-03));
#3027 = SURFACE_CURVE('',#3028,(#3032,#3039),.PCURVE_S1.);
#3028 = LINE('',#3029,#3030);
#3029 = CARTESIAN_POINT('',(1.395E-03,9.606242202118E-04,2.5E-03));
#3030 = VECTOR('',#3031,1.E-03);
#3031 = DIRECTION('',(1.,0.,0.));
#3032 = PCURVE('',#2959,#3033);
#3033 = DEFINITIONAL_REPRESENTATION('',(#3034),#3038);
#3034 = LINE('',#3035,#3036);
#3035 = CARTESIAN_POINT('',(1.2E-04,0.));
#3036 = VECTOR('',#3037,1.);
#3037 = DIRECTION('',(0.,-1.));
#3038 = ( GEOMETRIC_REPRESENTATION_CONTEXT(2) 
PARAMETRIC_REPRESENTATION_CONTEXT() REPRESENTATION_CONTEXT('2D SPACE',''
  ) );
#3039 = PCURVE('',#3040,#3045);
#3040 = PLANE('',#3041);
#3041 = AXIS2_PLACEMENT_3D('',#3042,#3043,#3044);
#3042 = CARTESIAN_POINT('',(1.395E-03,9.606242202118E-04,2.5E-03));
#3043 = DIRECTION('',(0.,-1.,-6.895525817008E-15));
#3044 = DIRECTION('',(0.,-6.895525817008E-15,1.));
#3045 = DEFINITIONAL_REPRESENTATION('',(#3046),#3050);
#3046 = LINE('',#3047,#3048);
#3047 = CARTESIAN_POINT('',(0.,0.));
#3048 = VECTOR('',#3049,1.);
#3049 = DIRECTION('',(0.,-1.));
#3050 = ( GEOMETRIC_REPRESENTATION_CONTEXT(2) 
PARAMETRIC_REPRESENTATION_CONTEXT() REPRESENTATION_CONTEXT('2D SPACE',''
  ) );
#3051 = ORIENTED_EDGE('',*,*,#3052,.F.);
#3052 = EDGE_CURVE('',#2944,#3025,#3053,.T.);
#3053 = SURFACE_CURVE('',#3054,(#3058,#3065),.PCURVE_S1.);
#3054 = LINE('',#3055,#3056);
#3055 = CARTESIAN_POINT('',(1.395E-03,8.406242202118E-04,2.5E-03));
#3056 = VECTOR('',#3057,1.E-03);
#3057 = DIRECTION('',(0.,1.,0.));
#3058 = PCURVE('',#2959,#3059);
#3059 = DEFINITIONAL_REPRESENTATION('',(#3060),#3064);
#3060 = LINE('',#3061,#3062);
#3061 = CARTESIAN_POINT('',(0.,0.));
#3062 = VECTOR('',#3063,1.);
#3063 = DIRECTION('',(1.,0.));
#3064 = ( GEOMETRIC_REPRESENTATION_CONTEXT(2) 
PARAMETRIC_REPRESENTATION_CONTEXT() REPRESENTATION_CONTEXT('2D SPACE',''
  ) );
#3065 = PCURVE('',#2985,#3066);
#3066 = DEFINITIONAL_REPRESENTATION('',(#3067),#3071);
#3067 = LINE('',#3068,#3069);
#3068 = CARTESIAN_POINT('',(8.E-05,-6.E-05));
#3069 = VECTOR('',#3070,1.);
#3070 = DIRECTION('',(0.,1.));
#3071 = ( GEOMETRIC_REPRESENTATION_CONTEXT(2) 
PARAMETRIC_REPRESENTATION_CONTEXT() REPRESENTATION_CONTEXT('2D SPACE',''
  ) );
#3072 = ADVANCED_FACE('',(#3073),#3040,.F.);
#3073 = FACE_BOUND('',#3074,.F.);
#3074 = EDGE_LOOP('',(#3075,#3076,#3099,#3122));
#3075 = ORIENTED_EDGE('',*,*,#3024,.T.);
#3076 = ORIENTED_EDGE('',*,*,#3077,.T.);
#3077 = EDGE_CURVE('',#3002,#3078,#3080,.T.);
#3078 = VERTEX_POINT('',#3079);
#3079 = CARTESIAN_POINT('',(5.155E-03,9.606242202118E-04,2.66E-03));
#3080 = SURFACE_CURVE('',#3081,(#3085,#3092),.PCURVE_S1.);
#3081 = LINE('',#3082,#3083);
#3082 = CARTESIAN_POINT('',(5.155E-03,9.606242202118E-04,2.5E-03));
#3083 = VECTOR('',#3084,1.E-03);
#3084 = DIRECTION('',(0.,-6.895525817008E-15,1.));
#3085 = PCURVE('',#3040,#3086);
#3086 = DEFINITIONAL_REPRESENTATION('',(#3087),#3091);
#3087 = LINE('',#3088,#3089);
#3088 = CARTESIAN_POINT('',(0.,-3.76E-03));
#3089 = VECTOR('',#3090,1.);
#3090 = DIRECTION('',(1.,0.));
#3091 = ( GEOMETRIC_REPRESENTATION_CONTEXT(2) 
PARAMETRIC_REPRESENTATION_CONTEXT() REPRESENTATION_CONTEXT('2D SPACE',''
  ) );
#3092 = PCURVE('',#2931,#3093);
#3093 = DEFINITIONAL_REPRESENTATION('',(#3094),#3098);
#3094 = LINE('',#3095,#3096);
#3095 = CARTESIAN_POINT('',(8.E-05,6.E-05));
#3096 = VECTOR('',#3097,1.);
#3097 = DIRECTION('',(-1.,-6.895525817008E-15));
#3098 = ( GEOMETRIC_REPRESENTATION_CONTEXT(2) 
PARAMETRIC_REPRESENTATION_CONTEXT() REPRESENTATION_CONTEXT('2D SPACE',''
  ) );
#3099 = ORIENTED_EDGE('',*,*,#3100,.F.);
#3100 = EDGE_CURVE('',#3101,#3078,#3103,.T.);
#3101 = VERTEX_POINT('',#3102);
#3102 = CARTESIAN_POINT('',(1.395E-03,9.606242202118E-04,2.66E-03));
#3103 = SURFACE_CURVE('',#3104,(#3108,#3115),.PCURVE_S1.);
#3104 = LINE('',#3105,#3106);
#3105 = CARTESIAN_POINT('',(1.395E-03,9.606242202118E-04,2.66E-03));
#3106 = VECTOR('',#3107,1.E-03);
#3107 = DIRECTION('',(1.,0.,0.));
#3108 = PCURVE('',#3040,#3109);
#3109 = DEFINITIONAL_REPRESENTATION('',(#3110),#3114);
#3110 = LINE('',#3111,#3112);
#3111 = CARTESIAN_POINT('',(1.6E-04,0.));
#3112 = VECTOR('',#3113,1.);
#3113 = DIRECTION('',(0.,-1.));
#3114 = ( GEOMETRIC_REPRESENTATION_CONTEXT(2) 
PARAMETRIC_REPRESENTATION_CONTEXT() REPRESENTATION_CONTEXT('2D SPACE',''
  ) );
#3115 = PCURVE('',#2903,#3116);
#3116 = DEFINITIONAL_REPRESENTATION('',(#3117),#3121);
#3117 = LINE('',#3118,#3119);
#3118 = CARTESIAN_POINT('',(0.,0.));
#3119 = VECTOR('',#3120,1.);
#3120 = DIRECTION('',(0.,-1.));
#3121 = ( GEOMETRIC_REPRESENTATION_CONTEXT(2) 
PARAMETRIC_REPRESENTATION_CONTEXT() REPRESENTATION_CONTEXT('2D SPACE',''
  ) );
#3122 = ORIENTED_EDGE('',*,*,#3123,.F.);
#3123 = EDGE_CURVE('',#3025,#3101,#3124,.T.);
#3124 = SURFACE_CURVE('',#3125,(#3129,#3136),.PCURVE_S1.);
#3125 = LINE('',#3126,#3127);
#3126 = CARTESIAN_POINT('',(1.395E-03,9.606242202118E-04,2.5E-03));
#3127 = VECTOR('',#3128,1.E-03);
#3128 = DIRECTION('',(0.,-6.895525817008E-15,1.));
#3129 = PCURVE('',#3040,#3130);
#3130 = DEFINITIONAL_REPRESENTATION('',(#3131),#3135);
#3131 = LINE('',#3132,#3133);
#3132 = CARTESIAN_POINT('',(0.,0.));
#3133 = VECTOR('',#3134,1.);
#3134 = DIRECTION('',(1.,0.));
#3135 = ( GEOMETRIC_REPRESENTATION_CONTEXT(2) 
PARAMETRIC_REPRESENTATION_CONTEXT() REPRESENTATION_CONTEXT('2D SPACE',''
  ) );
#3136 = PCURVE('',#2985,#3137);
#3137 = DEFINITIONAL_REPRESENTATION('',(#3138),#3142);
#3138 = LINE('',#3139,#3140);
#3139 = CARTESIAN_POINT('',(8.E-05,6.E-05));
#3140 = VECTOR('',#3141,1.);
#3141 = DIRECTION('',(-1.,-6.895525817008E-15));
#3142 = ( GEOMETRIC_REPRESENTATION_CONTEXT(2) 
PARAMETRIC_REPRESENTATION_CONTEXT() REPRESENTATION_CONTEXT('2D SPACE',''
  ) );
#3143 = ADVANCED_FACE('',(#3144),#2903,.F.);
#3144 = FACE_BOUND('',#3145,.F.);
#3145 = EDGE_LOOP('',(#3146,#3147,#3168,#3169));
#3146 = ORIENTED_EDGE('',*,*,#3100,.T.);
#3147 = ORIENTED_EDGE('',*,*,#3148,.T.);
#3148 = EDGE_CURVE('',#3078,#2883,#3149,.T.);
#3149 = SURFACE_CURVE('',#3150,(#3154,#3161),.PCURVE_S1.);
#3150 = LINE('',#3151,#3152);
#3151 = CARTESIAN_POINT('',(5.155E-03,9.606242202118E-04,2.66E-03));
#3152 = VECTOR('',#3153,1.E-03);
#3153 = DIRECTION('',(0.,-1.,0.));
#3154 = PCURVE('',#2903,#3155);
#3155 = DEFINITIONAL_REPRESENTATION('',(#3156),#3160);
#3156 = LINE('',#3157,#3158);
#3157 = CARTESIAN_POINT('',(0.,-3.76E-03));
#3158 = VECTOR('',#3159,1.);
#3159 = DIRECTION('',(1.,0.));
#3160 = ( GEOMETRIC_REPRESENTATION_CONTEXT(2) 
PARAMETRIC_REPRESENTATION_CONTEXT() REPRESENTATION_CONTEXT('2D SPACE',''
  ) );
#3161 = PCURVE('',#2931,#3162);
#3162 = DEFINITIONAL_REPRESENTATION('',(#3163),#3167);
#3163 = LINE('',#3164,#3165);
#3164 = CARTESIAN_POINT('',(-8.E-05,6.E-05));
#3165 = VECTOR('',#3166,1.);
#3166 = DIRECTION('',(0.,-1.));
#3167 = ( GEOMETRIC_REPRESENTATION_CONTEXT(2) 
PARAMETRIC_REPRESENTATION_CONTEXT() REPRESENTATION_CONTEXT('2D SPACE',''
  ) );
#3168 = ORIENTED_EDGE('',*,*,#2880,.F.);
#3169 = ORIENTED_EDGE('',*,*,#3170,.F.);
#3170 = EDGE_CURVE('',#3101,#2881,#3171,.T.);
#3171 = SURFACE_CURVE('',#3172,(#3176,#3183),.PCURVE_S1.);
#3172 = LINE('',#3173,#3174);
#3173 = CARTESIAN_POINT('',(1.395E-03,9.606242202118E-04,2.66E-03));
#3174 = VECTOR('',#3175,1.E-03);
#3175 = DIRECTION('',(0.,-1.,0.));
#3176 = PCURVE('',#2903,#3177);
#3177 = DEFINITIONAL_REPRESENTATION('',(#3178),#3182);
#3178 = LINE('',#3179,#3180);
#3179 = CARTESIAN_POINT('',(0.,0.));
#3180 = VECTOR('',#3181,1.);
#3181 = DIRECTION('',(1.,0.));
#3182 = ( GEOMETRIC_REPRESENTATION_CONTEXT(2) 
PARAMETRIC_REPRESENTATION_CONTEXT() REPRESENTATION_CONTEXT('2D SPACE',''
  ) );
#3183 = PCURVE('',#2985,#3184);
#3184 = DEFINITIONAL_REPRESENTATION('',(#3185),#3189);
#3185 = LINE('',#3186,#3187);
#3186 = CARTESIAN_POINT('',(-8.E-05,6.E-05));
#3187 = VECTOR('',#3188,1.);
#3188 = DIRECTION('',(0.,-1.));
#3189 = ( GEOMETRIC_REPRESENTATION_CONTEXT(2) 
PARAMETRIC_REPRESENTATION_CONTEXT() REPRESENTATION_CONTEXT('2D SPACE',''
  ) );
#3190 = ADVANCED_FACE('',(#3191),#2985,.F.);
#3191 = FACE_BOUND('',#3192,.F.);
#3192 = EDGE_LOOP('',(#3193,#3194,#3195,#3196));
#3193 = ORIENTED_EDGE('',*,*,#2971,.T.);
#3194 = ORIENTED_EDGE('',*,*,#3052,.T.);
#3195 = ORIENTED_EDGE('',*,*,#3123,.T.);
#3196 = ORIENTED_EDGE('',*,*,#3170,.T.);
#3197 = ADVANCED_FACE('',(#3198),#2931,.T.);
#3198 = FACE_BOUND('',#3199,.T.);
#3199 = EDGE_LOOP('',(#3200,#3201,#3202,#3203));
#3200 = ORIENTED_EDGE('',*,*,#2915,.T.);
#3201 = ORIENTED_EDGE('',*,*,#3001,.T.);
#3202 = ORIENTED_EDGE('',*,*,#3077,.T.);
#3203 = ORIENTED_EDGE('',*,*,#3148,.T.);
#3204 = ( GEOMETRIC_REPRESENTATION_CONTEXT(3) 
GLOBAL_UNCERTAINTY_ASSIGNED_CONTEXT((#3208)) 
GLOBAL_UNIT_ASSIGNED_CONTEXT((#3205,#3206,#3207)) REPRESENTATION_CONTEXT
('Context #1','3D Context with UNIT and UNCERTAINTY') );
#3205 = ( LENGTH_UNIT() NAMED_UNIT(*) SI_UNIT($,.METRE.) );
#3206 = ( NAMED_UNIT(*) PLANE_ANGLE_UNIT() SI_UNIT($,.RADIAN.) );
#3207 = ( NAMED_UNIT(*) SI_UNIT($,.STERADIAN.) SOLID_ANGLE_UNIT() );
#3208 = UNCERTAINTY_MEASURE_WITH_UNIT(LENGTH_MEASURE(1.E-08),#3205,
  'distance_accuracy_value','confusion accuracy');
#3209 = PRODUCT_RELATED_PRODUCT_CATEGORY('detail',$,(#2870));
#3210 = PRODUCT_CATEGORY_RELATIONSHIP('','',#3211,#3209);
#3211 = PRODUCT_CATEGORY('part',$);
#3212 = CC_DESIGN_PERSON_AND_ORGANIZATION_ASSIGNMENT(#354,#357,(#2869,
    #2868));
#3213 = CC_DESIGN_PERSON_AND_ORGANIZATION_ASSIGNMENT(#354,#359,(#2870));
#3214 = CC_DESIGN_PERSON_AND_ORGANIZATION_ASSIGNMENT(#354,#361,(#2869));
#3215 = CC_DESIGN_PERSON_AND_ORGANIZATION_ASSIGNMENT(#354,#363,(#3216));
#3216 = SECURITY_CLASSIFICATION('','',#365);
#3217 = CC_DESIGN_SECURITY_CLASSIFICATION(#3216,(#2869));
#3218 = CC_DESIGN_DATE_AND_TIME_ASSIGNMENT(#368,#372,(#2868));
#3219 = CC_DESIGN_DATE_AND_TIME_ASSIGNMENT(#368,#374,(#3216));
#3220 = CC_DESIGN_APPROVAL(#376,(#2869,#2868,#3216));
#3221 = SHAPE_DEFINITION_REPRESENTATION(#3222,#3228);
#3222 = PRODUCT_DEFINITION_SHAPE('','',#3223);
#3223 = PRODUCT_DEFINITION('design','',#3224,#3227);
#3224 = PRODUCT_DEFINITION_FORMATION_WITH_SPECIFIED_SOURCE('','',#3225,
  .NOT_KNOWN.);
#3225 = PRODUCT('Timber_0.04_m 10','Timber_0.04_m 10','',(#3226));
#3226 = MECHANICAL_CONTEXT('',#2,'mechanical');
#3227 = DESIGN_CONTEXT('',#2,'design');
#3228 = ADVANCED_BREP_SHAPE_REPRESENTATION('',(#11,#3229),#3559);
#3229 = MANIFOLD_SOLID_BREP('Timber_0.04_m',#3230);
#3230 = CLOSED_SHELL('',(#3231,#3351,#3427,#3498,#3545,#3552));
#3231 = ADVANCED_FACE('',(#3232),#3246,.F.);
#3232 = FACE_BOUND('',#3233,.F.);
#3233 = EDGE_LOOP('',(#3234,#3269,#3297,#3325));
#3234 = ORIENTED_EDGE('',*,*,#3235,.T.);
#3235 = EDGE_CURVE('',#3236,#3238,#3240,.T.);
#3236 = VERTEX_POINT('',#3237);
#3237 = CARTESIAN_POINT('',(3.375E-03,3.206242202118E-04,4.93E-03));
#3238 = VERTEX_POINT('',#3239);
#3239 = CARTESIAN_POINT('',(3.375E-03,3.206242202118E-04,5.25E-03));
#3240 = SURFACE_CURVE('',#3241,(#3245,#3257),.PCURVE_S1.);
#3241 = LINE('',#3242,#3243);
#3242 = CARTESIAN_POINT('',(3.375E-03,3.206242202118E-04,4.93E-03));
#3243 = VECTOR('',#3244,1.E-03);
#3244 = DIRECTION('',(0.,0.,1.));
#3245 = PCURVE('',#3246,#3251);
#3246 = PLANE('',#3247);
#3247 = AXIS2_PLACEMENT_3D('',#3248,#3249,#3250);
#3248 = CARTESIAN_POINT('',(3.375E-03,3.206242202118E-04,4.93E-03));
#3249 = DIRECTION('',(-1.,0.,0.));
#3250 = DIRECTION('',(0.,1.,0.));
#3251 = DEFINITIONAL_REPRESENTATION('',(#3252),#3256);
#3252 = LINE('',#3253,#3254);
#3253 = CARTESIAN_POINT('',(0.,0.));
#3254 = VECTOR('',#3255,1.);
#3255 = DIRECTION('',(0.,-1.));
#3256 = ( GEOMETRIC_REPRESENTATION_CONTEXT(2) 
PARAMETRIC_REPRESENTATION_CONTEXT() REPRESENTATION_CONTEXT('2D SPACE',''
  ) );
#3257 = PCURVE('',#3258,#3263);
#3258 = PLANE('',#3259);
#3259 = AXIS2_PLACEMENT_3D('',#3260,#3261,#3262);
#3260 = CARTESIAN_POINT('',(3.175E-03,3.206242202118E-04,4.93E-03));
#3261 = DIRECTION('',(0.,1.,0.));
#3262 = DIRECTION('',(1.,0.,0.));
#3263 = DEFINITIONAL_REPRESENTATION('',(#3264),#3268);
#3264 = LINE('',#3265,#3266);
#3265 = CARTESIAN_POINT('',(2.E-04,0.));
#3266 = VECTOR('',#3267,1.);
#3267 = DIRECTION('',(0.,-1.));
#3268 = ( GEOMETRIC_REPRESENTATION_CONTEXT(2) 
PARAMETRIC_REPRESENTATION_CONTEXT() REPRESENTATION_CONTEXT('2D SPACE',''
  ) );
#3269 = ORIENTED_EDGE('',*,*,#3270,.T.);
#3270 = EDGE_CURVE('',#3238,#3271,#3273,.T.);
#3271 = VERTEX_POINT('',#3272);
#3272 = CARTESIAN_POINT('',(3.375E-03,5.480624220212E-03,5.25E-03));
#3273 = SURFACE_CURVE('',#3274,(#3278,#3285),.PCURVE_S1.);
#3274 = LINE('',#3275,#3276);
#3275 = CARTESIAN_POINT('',(3.375E-03,3.206242202118E-04,5.25E-03));
#3276 = VECTOR('',#3277,1.E-03);
#3277 = DIRECTION('',(0.,1.,0.));
#3278 = PCURVE('',#3246,#3279);
#3279 = DEFINITIONAL_REPRESENTATION('',(#3280),#3284);
#3280 = LINE('',#3281,#3282);
#3281 = CARTESIAN_POINT('',(0.,-3.2E-04));
#3282 = VECTOR('',#3283,1.);
#3283 = DIRECTION('',(1.,0.));
#3284 = ( GEOMETRIC_REPRESENTATION_CONTEXT(2) 
PARAMETRIC_REPRESENTATION_CONTEXT() REPRESENTATION_CONTEXT('2D SPACE',''
  ) );
#3285 = PCURVE('',#3286,#3291);
#3286 = PLANE('',#3287);
#3287 = AXIS2_PLACEMENT_3D('',#3288,#3289,#3290);
#3288 = CARTESIAN_POINT('',(3.275E-03,2.900624220212E-03,5.25E-03));
#3289 = DIRECTION('',(0.,0.,1.));
#3290 = DIRECTION('',(0.,1.,0.));
#3291 = DEFINITIONAL_REPRESENTATION('',(#3292),#3296);
#3292 = LINE('',#3293,#3294);
#3293 = CARTESIAN_POINT('',(-2.58E-03,-1.E-04));
#3294 = VECTOR('',#3295,1.);
#3295 = DIRECTION('',(1.,0.));
#3296 = ( GEOMETRIC_REPRESENTATION_CONTEXT(2) 
PARAMETRIC_REPRESENTATION_CONTEXT() REPRESENTATION_CONTEXT('2D SPACE',''
  ) );
#3297 = ORIENTED_EDGE('',*,*,#3298,.F.);
#3298 = EDGE_CURVE('',#3299,#3271,#3301,.T.);
#3299 = VERTEX_POINT('',#3300);
#3300 = CARTESIAN_POINT('',(3.375E-03,5.480624220212E-03,4.93E-03));
#3301 = SURFACE_CURVE('',#3302,(#3306,#3313),.PCURVE_S1.);
#3302 = LINE('',#3303,#3304);
#3303 = CARTESIAN_POINT('',(3.375E-03,5.480624220212E-03,4.93E-03));
#3304 = VECTOR('',#3305,1.E-03);
#3305 = DIRECTION('',(0.,0.,1.));
#3306 = PCURVE('',#3246,#3307);
#3307 = DEFINITIONAL_REPRESENTATION('',(#3308),#3312);
#3308 = LINE('',#3309,#3310);
#3309 = CARTESIAN_POINT('',(5.16E-03,0.));
#3310 = VECTOR('',#3311,1.);
#3311 = DIRECTION('',(0.,-1.));
#3312 = ( GEOMETRIC_REPRESENTATION_CONTEXT(2) 
PARAMETRIC_REPRESENTATION_CONTEXT() REPRESENTATION_CONTEXT('2D SPACE',''
  ) );
#3313 = PCURVE('',#3314,#3319);
#3314 = PLANE('',#3315);
#3315 = AXIS2_PLACEMENT_3D('',#3316,#3317,#3318);
#3316 = CARTESIAN_POINT('',(3.375E-03,5.480624220212E-03,4.93E-03));
#3317 = DIRECTION('',(0.,-1.,0.));
#3318 = DIRECTION('',(-1.,0.,0.));
#3319 = DEFINITIONAL_REPRESENTATION('',(#3320),#3324);
#3320 = LINE('',#3321,#3322);
#3321 = CARTESIAN_POINT('',(0.,0.));
#3322 = VECTOR('',#3323,1.);
#3323 = DIRECTION('',(0.,-1.));
#3324 = ( GEOMETRIC_REPRESENTATION_CONTEXT(2) 
PARAMETRIC_REPRESENTATION_CONTEXT() REPRESENTATION_CONTEXT('2D SPACE',''
  ) );
#3325 = ORIENTED_EDGE('',*,*,#3326,.F.);
#3326 = EDGE_CURVE('',#3236,#3299,#3327,.T.);
#3327 = SURFACE_CURVE('',#3328,(#3332,#3339),.PCURVE_S1.);
#3328 = LINE('',#3329,#3330);
#3329 = CARTESIAN_POINT('',(3.375E-03,3.206242202118E-04,4.93E-03));
#3330 = VECTOR('',#3331,1.E-03);
#3331 = DIRECTION('',(0.,1.,0.));
#3332 = PCURVE('',#3246,#3333);
#3333 = DEFINITIONAL_REPRESENTATION('',(#3334),#3338);
#3334 = LINE('',#3335,#3336);
#3335 = CARTESIAN_POINT('',(0.,0.));
#3336 = VECTOR('',#3337,1.);
#3337 = DIRECTION('',(1.,0.));
#3338 = ( GEOMETRIC_REPRESENTATION_CONTEXT(2) 
PARAMETRIC_REPRESENTATION_CONTEXT() REPRESENTATION_CONTEXT('2D SPACE',''
  ) );
#3339 = PCURVE('',#3340,#3345);
#3340 = PLANE('',#3341);
#3341 = AXIS2_PLACEMENT_3D('',#3342,#3343,#3344);
#3342 = CARTESIAN_POINT('',(3.275E-03,2.900624220212E-03,4.93E-03));
#3343 = DIRECTION('',(0.,0.,1.));
#3344 = DIRECTION('',(0.,1.,0.));
#3345 = DEFINITIONAL_REPRESENTATION('',(#3346),#3350);
#3346 = LINE('',#3347,#3348);
#3347 = CARTESIAN_POINT('',(-2.58E-03,-1.E-04));
#3348 = VECTOR('',#3349,1.);
#3349 = DIRECTION('',(1.,0.));
#3350 = ( GEOMETRIC_REPRESENTATION_CONTEXT(2) 
PARAMETRIC_REPRESENTATION_CONTEXT() REPRESENTATION_CONTEXT('2D SPACE',''
  ) );
#3351 = ADVANCED_FACE('',(#3352),#3314,.F.);
#3352 = FACE_BOUND('',#3353,.F.);
#3353 = EDGE_LOOP('',(#3354,#3355,#3378,#3406));
#3354 = ORIENTED_EDGE('',*,*,#3298,.T.);
#3355 = ORIENTED_EDGE('',*,*,#3356,.T.);
#3356 = EDGE_CURVE('',#3271,#3357,#3359,.T.);
#3357 = VERTEX_POINT('',#3358);
#3358 = CARTESIAN_POINT('',(3.175E-03,5.480624220212E-03,5.25E-03));
#3359 = SURFACE_CURVE('',#3360,(#3364,#3371),.PCURVE_S1.);
#3360 = LINE('',#3361,#3362);
#3361 = CARTESIAN_POINT('',(3.375E-03,5.480624220212E-03,5.25E-03));
#3362 = VECTOR('',#3363,1.E-03);
#3363 = DIRECTION('',(-1.,0.,0.));
#3364 = PCURVE('',#3314,#3365);
#3365 = DEFINITIONAL_REPRESENTATION('',(#3366),#3370);
#3366 = LINE('',#3367,#3368);
#3367 = CARTESIAN_POINT('',(0.,-3.2E-04));
#3368 = VECTOR('',#3369,1.);
#3369 = DIRECTION('',(1.,0.));
#3370 = ( GEOMETRIC_REPRESENTATION_CONTEXT(2) 
PARAMETRIC_REPRESENTATION_CONTEXT() REPRESENTATION_CONTEXT('2D SPACE',''
  ) );
#3371 = PCURVE('',#3286,#3372);
#3372 = DEFINITIONAL_REPRESENTATION('',(#3373),#3377);
#3373 = LINE('',#3374,#3375);
#3374 = CARTESIAN_POINT('',(2.58E-03,-1.E-04));
#3375 = VECTOR('',#3376,1.);
#3376 = DIRECTION('',(0.,1.));
#3377 = ( GEOMETRIC_REPRESENTATION_CONTEXT(2) 
PARAMETRIC_REPRESENTATION_CONTEXT() REPRESENTATION_CONTEXT('2D SPACE',''
  ) );
#3378 = ORIENTED_EDGE('',*,*,#3379,.F.);
#3379 = EDGE_CURVE('',#3380,#3357,#3382,.T.);
#3380 = VERTEX_POINT('',#3381);
#3381 = CARTESIAN_POINT('',(3.175E-03,5.480624220212E-03,4.93E-03));
#3382 = SURFACE_CURVE('',#3383,(#3387,#3394),.PCURVE_S1.);
#3383 = LINE('',#3384,#3385);
#3384 = CARTESIAN_POINT('',(3.175E-03,5.480624220212E-03,4.93E-03));
#3385 = VECTOR('',#3386,1.E-03);
#3386 = DIRECTION('',(0.,0.,1.));
#3387 = PCURVE('',#3314,#3388);
#3388 = DEFINITIONAL_REPRESENTATION('',(#3389),#3393);
#3389 = LINE('',#3390,#3391);
#3390 = CARTESIAN_POINT('',(2.E-04,0.));
#3391 = VECTOR('',#3392,1.);
#3392 = DIRECTION('',(0.,-1.));
#3393 = ( GEOMETRIC_REPRESENTATION_CONTEXT(2) 
PARAMETRIC_REPRESENTATION_CONTEXT() REPRESENTATION_CONTEXT('2D SPACE',''
  ) );
#3394 = PCURVE('',#3395,#3400);
#3395 = PLANE('',#3396);
#3396 = AXIS2_PLACEMENT_3D('',#3397,#3398,#3399);
#3397 = CARTESIAN_POINT('',(3.175E-03,5.480624220212E-03,4.93E-03));
#3398 = DIRECTION('',(1.,0.,0.));
#3399 = DIRECTION('',(0.,-1.,0.));
#3400 = DEFINITIONAL_REPRESENTATION('',(#3401),#3405);
#3401 = LINE('',#3402,#3403);
#3402 = CARTESIAN_POINT('',(0.,-0.));
#3403 = VECTOR('',#3404,1.);
#3404 = DIRECTION('',(0.,-1.));
#3405 = ( GEOMETRIC_REPRESENTATION_CONTEXT(2) 
PARAMETRIC_REPRESENTATION_CONTEXT() REPRESENTATION_CONTEXT('2D SPACE',''
  ) );
#3406 = ORIENTED_EDGE('',*,*,#3407,.F.);
#3407 = EDGE_CURVE('',#3299,#3380,#3408,.T.);
#3408 = SURFACE_CURVE('',#3409,(#3413,#3420),.PCURVE_S1.);
#3409 = LINE('',#3410,#3411);
#3410 = CARTESIAN_POINT('',(3.375E-03,5.480624220212E-03,4.93E-03));
#3411 = VECTOR('',#3412,1.E-03);
#3412 = DIRECTION('',(-1.,0.,0.));
#3413 = PCURVE('',#3314,#3414);
#3414 = DEFINITIONAL_REPRESENTATION('',(#3415),#3419);
#3415 = LINE('',#3416,#3417);
#3416 = CARTESIAN_POINT('',(0.,0.));
#3417 = VECTOR('',#3418,1.);
#3418 = DIRECTION('',(1.,0.));
#3419 = ( GEOMETRIC_REPRESENTATION_CONTEXT(2) 
PARAMETRIC_REPRESENTATION_CONTEXT() REPRESENTATION_CONTEXT('2D SPACE',''
  ) );
#3420 = PCURVE('',#3340,#3421);
#3421 = DEFINITIONAL_REPRESENTATION('',(#3422),#3426);
#3422 = LINE('',#3423,#3424);
#3423 = CARTESIAN_POINT('',(2.58E-03,-1.E-04));
#3424 = VECTOR('',#3425,1.);
#3425 = DIRECTION('',(0.,1.));
#3426 = ( GEOMETRIC_REPRESENTATION_CONTEXT(2) 
PARAMETRIC_REPRESENTATION_CONTEXT() REPRESENTATION_CONTEXT('2D SPACE',''
  ) );
#3427 = ADVANCED_FACE('',(#3428),#3395,.F.);
#3428 = FACE_BOUND('',#3429,.F.);
#3429 = EDGE_LOOP('',(#3430,#3431,#3454,#3477));
#3430 = ORIENTED_EDGE('',*,*,#3379,.T.);
#3431 = ORIENTED_EDGE('',*,*,#3432,.T.);
#3432 = EDGE_CURVE('',#3357,#3433,#3435,.T.);
#3433 = VERTEX_POINT('',#3434);
#3434 = CARTESIAN_POINT('',(3.175E-03,3.206242202118E-04,5.25E-03));
#3435 = SURFACE_CURVE('',#3436,(#3440,#3447),.PCURVE_S1.);
#3436 = LINE('',#3437,#3438);
#3437 = CARTESIAN_POINT('',(3.175E-03,5.480624220212E-03,5.25E-03));
#3438 = VECTOR('',#3439,1.E-03);
#3439 = DIRECTION('',(0.,-1.,0.));
#3440 = PCURVE('',#3395,#3441);
#3441 = DEFINITIONAL_REPRESENTATION('',(#3442),#3446);
#3442 = LINE('',#3443,#3444);
#3443 = CARTESIAN_POINT('',(0.,-3.2E-04));
#3444 = VECTOR('',#3445,1.);
#3445 = DIRECTION('',(1.,0.));
#3446 = ( GEOMETRIC_REPRESENTATION_CONTEXT(2) 
PARAMETRIC_REPRESENTATION_CONTEXT() REPRESENTATION_CONTEXT('2D SPACE',''
  ) );
#3447 = PCURVE('',#3286,#3448);
#3448 = DEFINITIONAL_REPRESENTATION('',(#3449),#3453);
#3449 = LINE('',#3450,#3451);
#3450 = CARTESIAN_POINT('',(2.58E-03,1.E-04));
#3451 = VECTOR('',#3452,1.);
#3452 = DIRECTION('',(-1.,0.));
#3453 = ( GEOMETRIC_REPRESENTATION_CONTEXT(2) 
PARAMETRIC_REPRESENTATION_CONTEXT() REPRESENTATION_CONTEXT('2D SPACE',''
  ) );
#3454 = ORIENTED_EDGE('',*,*,#3455,.F.);
#3455 = EDGE_CURVE('',#3456,#3433,#3458,.T.);
#3456 = VERTEX_POINT('',#3457);
#3457 = CARTESIAN_POINT('',(3.175E-03,3.206242202118E-04,4.93E-03));
#3458 = SURFACE_CURVE('',#3459,(#3463,#3470),.PCURVE_S1.);
#3459 = LINE('',#3460,#3461);
#3460 = CARTESIAN_POINT('',(3.175E-03,3.206242202118E-04,4.93E-03));
#3461 = VECTOR('',#3462,1.E-03);
#3462 = DIRECTION('',(0.,0.,1.));
#3463 = PCURVE('',#3395,#3464);
#3464 = DEFINITIONAL_REPRESENTATION('',(#3465),#3469);
#3465 = LINE('',#3466,#3467);
#3466 = CARTESIAN_POINT('',(5.16E-03,0.));
#3467 = VECTOR('',#3468,1.);
#3468 = DIRECTION('',(0.,-1.));
#3469 = ( GEOMETRIC_REPRESENTATION_CONTEXT(2) 
PARAMETRIC_REPRESENTATION_CONTEXT() REPRESENTATION_CONTEXT('2D SPACE',''
  ) );
#3470 = PCURVE('',#3258,#3471);
#3471 = DEFINITIONAL_REPRESENTATION('',(#3472),#3476);
#3472 = LINE('',#3473,#3474);
#3473 = CARTESIAN_POINT('',(0.,0.));
#3474 = VECTOR('',#3475,1.);
#3475 = DIRECTION('',(0.,-1.));
#3476 = ( GEOMETRIC_REPRESENTATION_CONTEXT(2) 
PARAMETRIC_REPRESENTATION_CONTEXT() REPRESENTATION_CONTEXT('2D SPACE',''
  ) );
#3477 = ORIENTED_EDGE('',*,*,#3478,.F.);
#3478 = EDGE_CURVE('',#3380,#3456,#3479,.T.);
#3479 = SURFACE_CURVE('',#3480,(#3484,#3491),.PCURVE_S1.);
#3480 = LINE('',#3481,#3482);
#3481 = CARTESIAN_POINT('',(3.175E-03,5.480624220212E-03,4.93E-03));
#3482 = VECTOR('',#3483,1.E-03);
#3483 = DIRECTION('',(0.,-1.,0.));
#3484 = PCURVE('',#3395,#3485);
#3485 = DEFINITIONAL_REPRESENTATION('',(#3486),#3490);
#3486 = LINE('',#3487,#3488);
#3487 = CARTESIAN_POINT('',(0.,-0.));
#3488 = VECTOR('',#3489,1.);
#3489 = DIRECTION('',(1.,0.));
#3490 = ( GEOMETRIC_REPRESENTATION_CONTEXT(2) 
PARAMETRIC_REPRESENTATION_CONTEXT() REPRESENTATION_CONTEXT('2D SPACE',''
  ) );
#3491 = PCURVE('',#3340,#3492);
#3492 = DEFINITIONAL_REPRESENTATION('',(#3493),#3497);
#3493 = LINE('',#3494,#3495);
#3494 = CARTESIAN_POINT('',(2.58E-03,1.E-04));
#3495 = VECTOR('',#3496,1.);
#3496 = DIRECTION('',(-1.,0.));
#3497 = ( GEOMETRIC_REPRESENTATION_CONTEXT(2) 
PARAMETRIC_REPRESENTATION_CONTEXT() REPRESENTATION_CONTEXT('2D SPACE',''
  ) );
#3498 = ADVANCED_FACE('',(#3499),#3258,.F.);
#3499 = FACE_BOUND('',#3500,.F.);
#3500 = EDGE_LOOP('',(#3501,#3502,#3523,#3524));
#3501 = ORIENTED_EDGE('',*,*,#3455,.T.);
#3502 = ORIENTED_EDGE('',*,*,#3503,.T.);
#3503 = EDGE_CURVE('',#3433,#3238,#3504,.T.);
#3504 = SURFACE_CURVE('',#3505,(#3509,#3516),.PCURVE_S1.);
#3505 = LINE('',#3506,#3507);
#3506 = CARTESIAN_POINT('',(3.175E-03,3.206242202118E-04,5.25E-03));
#3507 = VECTOR('',#3508,1.E-03);
#3508 = DIRECTION('',(1.,0.,0.));
#3509 = PCURVE('',#3258,#3510);
#3510 = DEFINITIONAL_REPRESENTATION('',(#3511),#3515);
#3511 = LINE('',#3512,#3513);
#3512 = CARTESIAN_POINT('',(0.,-3.2E-04));
#3513 = VECTOR('',#3514,1.);
#3514 = DIRECTION('',(1.,0.));
#3515 = ( GEOMETRIC_REPRESENTATION_CONTEXT(2) 
PARAMETRIC_REPRESENTATION_CONTEXT() REPRESENTATION_CONTEXT('2D SPACE',''
  ) );
#3516 = PCURVE('',#3286,#3517);
#3517 = DEFINITIONAL_REPRESENTATION('',(#3518),#3522);
#3518 = LINE('',#3519,#3520);
#3519 = CARTESIAN_POINT('',(-2.58E-03,1.E-04));
#3520 = VECTOR('',#3521,1.);
#3521 = DIRECTION('',(0.,-1.));
#3522 = ( GEOMETRIC_REPRESENTATION_CONTEXT(2) 
PARAMETRIC_REPRESENTATION_CONTEXT() REPRESENTATION_CONTEXT('2D SPACE',''
  ) );
#3523 = ORIENTED_EDGE('',*,*,#3235,.F.);
#3524 = ORIENTED_EDGE('',*,*,#3525,.F.);
#3525 = EDGE_CURVE('',#3456,#3236,#3526,.T.);
#3526 = SURFACE_CURVE('',#3527,(#3531,#3538),.PCURVE_S1.);
#3527 = LINE('',#3528,#3529);
#3528 = CARTESIAN_POINT('',(3.175E-03,3.206242202118E-04,4.93E-03));
#3529 = VECTOR('',#3530,1.E-03);
#3530 = DIRECTION('',(1.,0.,0.));
#3531 = PCURVE('',#3258,#3532);
#3532 = DEFINITIONAL_REPRESENTATION('',(#3533),#3537);
#3533 = LINE('',#3534,#3535);
#3534 = CARTESIAN_POINT('',(0.,0.));
#3535 = VECTOR('',#3536,1.);
#3536 = DIRECTION('',(1.,0.));
#3537 = ( GEOMETRIC_REPRESENTATION_CONTEXT(2) 
PARAMETRIC_REPRESENTATION_CONTEXT() REPRESENTATION_CONTEXT('2D SPACE',''
  ) );
#3538 = PCURVE('',#3340,#3539);
#3539 = DEFINITIONAL_REPRESENTATION('',(#3540),#3544);
#3540 = LINE('',#3541,#3542);
#3541 = CARTESIAN_POINT('',(-2.58E-03,1.E-04));
#3542 = VECTOR('',#3543,1.);
#3543 = DIRECTION('',(0.,-1.));
#3544 = ( GEOMETRIC_REPRESENTATION_CONTEXT(2) 
PARAMETRIC_REPRESENTATION_CONTEXT() REPRESENTATION_CONTEXT('2D SPACE',''
  ) );
#3545 = ADVANCED_FACE('',(#3546),#3340,.F.);
#3546 = FACE_BOUND('',#3547,.F.);
#3547 = EDGE_LOOP('',(#3548,#3549,#3550,#3551));
#3548 = ORIENTED_EDGE('',*,*,#3326,.T.);
#3549 = ORIENTED_EDGE('',*,*,#3407,.T.);
#3550 = ORIENTED_EDGE('',*,*,#3478,.T.);
#3551 = ORIENTED_EDGE('',*,*,#3525,.T.);
#3552 = ADVANCED_FACE('',(#3553),#3286,.T.);
#3553 = FACE_BOUND('',#3554,.T.);
#3554 = EDGE_LOOP('',(#3555,#3556,#3557,#3558));
#3555 = ORIENTED_EDGE('',*,*,#3270,.T.);
#3556 = ORIENTED_EDGE('',*,*,#3356,.T.);
#3557 = ORIENTED_EDGE('',*,*,#3432,.T.);
#3558 = ORIENTED_EDGE('',*,*,#3503,.T.);
#3559 = ( GEOMETRIC_REPRESENTATION_CONTEXT(3) 
GLOBAL_UNCERTAINTY_ASSIGNED_CONTEXT((#3563)) 
GLOBAL_UNIT_ASSIGNED_CONTEXT((#3560,#3561,#3562)) REPRESENTATION_CONTEXT
('Context #1','3D Context with UNIT and UNCERTAINTY') );
#3560 = ( LENGTH_UNIT() NAMED_UNIT(*) SI_UNIT($,.METRE.) );
#3561 = ( NAMED_UNIT(*) PLANE_ANGLE_UNIT() SI_UNIT($,.RADIAN.) );
#3562 = ( NAMED_UNIT(*) SI_UNIT($,.STERADIAN.) SOLID_ANGLE_UNIT() );
#3563 = UNCERTAINTY_MEASURE_WITH_UNIT(LENGTH_MEASURE(1.E-08),#3560,
  'distance_accuracy_value','confusion accuracy');
#3564 = PRODUCT_RELATED_PRODUCT_CATEGORY('detail',$,(#3225));
#3565 = PRODUCT_CATEGORY_RELATIONSHIP('','',#3566,#3564);
#3566 = PRODUCT_CATEGORY('part',$);
#3567 = CC_DESIGN_PERSON_AND_ORGANIZATION_ASSIGNMENT(#354,#357,(#3224,
    #3223));
#3568 = CC_DESIGN_PERSON_AND_ORGANIZATION_ASSIGNMENT(#354,#359,(#3225));
#3569 = CC_DESIGN_PERSON_AND_ORGANIZATION_ASSIGNMENT(#354,#361,(#3224));
#3570 = CC_DESIGN_PERSON_AND_ORGANIZATION_ASSIGNMENT(#354,#363,(#3571));
#3571 = SECURITY_CLASSIFICATION('','',#365);
#3572 = CC_DESIGN_SECURITY_CLASSIFICATION(#3571,(#3224));
#3573 = CC_DESIGN_DATE_AND_TIME_ASSIGNMENT(#368,#372,(#3223));
#3574 = CC_DESIGN_DATE_AND_TIME_ASSIGNMENT(#368,#374,(#3571));
#3575 = CC_DESIGN_APPROVAL(#376,(#3224,#3223,#3571));
#3576 = SHAPE_DEFINITION_REPRESENTATION(#3577,#3583);
#3577 = PRODUCT_DEFINITION_SHAPE('','',#3578);
#3578 = PRODUCT_DEFINITION('design','',#3579,#3582);
#3579 = PRODUCT_DEFINITION_FORMATION_WITH_SPECIFIED_SOURCE('','',#3580,
  .NOT_KNOWN.);
#3580 = PRODUCT('Timber_0.02_m 11','Timber_0.02_m 11','',(#3581));
#3581 = MECHANICAL_CONTEXT('',#2,'mechanical');
#3582 = DESIGN_CONTEXT('',#2,'design');
#3583 = ADVANCED_BREP_SHAPE_REPRESENTATION('',(#11,#3584),#3914);
#3584 = MANIFOLD_SOLID_BREP('Timber_0.02_m',#3585);
#3585 = CLOSED_SHELL('',(#3586,#3706,#3782,#3853,#3900,#3907));
#3586 = ADVANCED_FACE('',(#3587),#3601,.F.);
#3587 = FACE_BOUND('',#3588,.F.);
#3588 = EDGE_LOOP('',(#3589,#3624,#3652,#3680));
#3589 = ORIENTED_EDGE('',*,*,#3590,.T.);
#3590 = EDGE_CURVE('',#3591,#3593,#3595,.T.);
#3591 = VERTEX_POINT('',#3592);
#3592 = CARTESIAN_POINT('',(5.475E-03,2.450624220212E-03,
    1.799999999998E-03));
#3593 = VERTEX_POINT('',#3594);
#3594 = CARTESIAN_POINT('',(5.475E-03,2.450624220212E-03,
    1.919999999998E-03));
#3595 = SURFACE_CURVE('',#3596,(#3600,#3612),.PCURVE_S1.);
#3596 = LINE('',#3597,#3598);
#3597 = CARTESIAN_POINT('',(5.475E-03,2.450624220212E-03,
    1.799999999998E-03));
#3598 = VECTOR('',#3599,1.E-03);
#3599 = DIRECTION('',(0.,0.,1.));
#3600 = PCURVE('',#3601,#3606);
#3601 = PLANE('',#3602);
#3602 = AXIS2_PLACEMENT_3D('',#3603,#3604,#3605);
#3603 = CARTESIAN_POINT('',(5.475E-03,2.450624220212E-03,
    1.799999999998E-03));
#3604 = DIRECTION('',(0.,-1.,0.));
#3605 = DIRECTION('',(-1.,0.,0.));
#3606 = DEFINITIONAL_REPRESENTATION('',(#3607),#3611);
#3607 = LINE('',#3608,#3609);
#3608 = CARTESIAN_POINT('',(0.,0.));
#3609 = VECTOR('',#3610,1.);
#3610 = DIRECTION('',(0.,-1.));
#3611 = ( GEOMETRIC_REPRESENTATION_CONTEXT(2) 
PARAMETRIC_REPRESENTATION_CONTEXT() REPRESENTATION_CONTEXT('2D SPACE',''
  ) );
#3612 = PCURVE('',#3613,#3618);
#3613 = PLANE('',#3614);
#3614 = AXIS2_PLACEMENT_3D('',#3615,#3616,#3617);
#3615 = CARTESIAN_POINT('',(5.475E-03,8.506242202118E-04,
    1.799999999998E-03));
#3616 = DIRECTION('',(-1.,0.,0.));
#3617 = DIRECTION('',(0.,1.,0.));
#3618 = DEFINITIONAL_REPRESENTATION('',(#3619),#3623);
#3619 = LINE('',#3620,#3621);
#3620 = CARTESIAN_POINT('',(1.6E-03,0.));
#3621 = VECTOR('',#3622,1.);
#3622 = DIRECTION('',(0.,-1.));
#3623 = ( GEOMETRIC_REPRESENTATION_CONTEXT(2) 
PARAMETRIC_REPRESENTATION_CONTEXT() REPRESENTATION_CONTEXT('2D SPACE',''
  ) );
#3624 = ORIENTED_EDGE('',*,*,#3625,.T.);
#3625 = EDGE_CURVE('',#3593,#3626,#3628,.T.);
#3626 = VERTEX_POINT('',#3627);
#3627 = CARTESIAN_POINT('',(5.155E-03,2.450624220212E-03,
    1.919999999998E-03));
#3628 = SURFACE_CURVE('',#3629,(#3633,#3640),.PCURVE_S1.);
#3629 = LINE('',#3630,#3631);
#3630 = CARTESIAN_POINT('',(5.475E-03,2.450624220212E-03,
    1.919999999998E-03));
#3631 = VECTOR('',#3632,1.E-03);
#3632 = DIRECTION('',(-1.,0.,0.));
#3633 = PCURVE('',#3601,#3634);
#3634 = DEFINITIONAL_REPRESENTATION('',(#3635),#3639);
#3635 = LINE('',#3636,#3637);
#3636 = CARTESIAN_POINT('',(0.,-1.2E-04));
#3637 = VECTOR('',#3638,1.);
#3638 = DIRECTION('',(1.,0.));
#3639 = ( GEOMETRIC_REPRESENTATION_CONTEXT(2) 
PARAMETRIC_REPRESENTATION_CONTEXT() REPRESENTATION_CONTEXT('2D SPACE',''
  ) );
#3640 = PCURVE('',#3641,#3646);
#3641 = PLANE('',#3642);
#3642 = AXIS2_PLACEMENT_3D('',#3643,#3644,#3645);
#3643 = CARTESIAN_POINT('',(5.315E-03,1.650624220212E-03,
    1.919999999998E-03));
#3644 = DIRECTION('',(0.,0.,1.));
#3645 = DIRECTION('',(-1.,0.,0.));
#3646 = DEFINITIONAL_REPRESENTATION('',(#3647),#3651);
#3647 = LINE('',#3648,#3649);
#3648 = CARTESIAN_POINT('',(-1.6E-04,-8.E-04));
#3649 = VECTOR('',#3650,1.);
#3650 = DIRECTION('',(1.,0.));
#3651 = ( GEOMETRIC_REPRESENTATION_CONTEXT(2) 
PARAMETRIC_REPRESENTATION_CONTEXT() REPRESENTATION_CONTEXT('2D SPACE',''
  ) );
#3652 = ORIENTED_EDGE('',*,*,#3653,.F.);
#3653 = EDGE_CURVE('',#3654,#3626,#3656,.T.);
#3654 = VERTEX_POINT('',#3655);
#3655 = CARTESIAN_POINT('',(5.155E-03,2.450624220212E-03,
    1.799999999998E-03));
#3656 = SURFACE_CURVE('',#3657,(#3661,#3668),.PCURVE_S1.);
#3657 = LINE('',#3658,#3659);
#3658 = CARTESIAN_POINT('',(5.155E-03,2.450624220212E-03,
    1.799999999998E-03));
#3659 = VECTOR('',#3660,1.E-03);
#3660 = DIRECTION('',(0.,0.,1.));
#3661 = PCURVE('',#3601,#3662);
#3662 = DEFINITIONAL_REPRESENTATION('',(#3663),#3667);
#3663 = LINE('',#3664,#3665);
#3664 = CARTESIAN_POINT('',(3.2E-04,0.));
#3665 = VECTOR('',#3666,1.);
#3666 = DIRECTION('',(0.,-1.));
#3667 = ( GEOMETRIC_REPRESENTATION_CONTEXT(2) 
PARAMETRIC_REPRESENTATION_CONTEXT() REPRESENTATION_CONTEXT('2D SPACE',''
  ) );
#3668 = PCURVE('',#3669,#3674);
#3669 = PLANE('',#3670);
#3670 = AXIS2_PLACEMENT_3D('',#3671,#3672,#3673);
#3671 = CARTESIAN_POINT('',(5.155E-03,2.450624220212E-03,
    1.799999999998E-03));
#3672 = DIRECTION('',(1.,0.,0.));
#3673 = DIRECTION('',(0.,-1.,0.));
#3674 = DEFINITIONAL_REPRESENTATION('',(#3675),#3679);
#3675 = LINE('',#3676,#3677);
#3676 = CARTESIAN_POINT('',(0.,0.));
#3677 = VECTOR('',#3678,1.);
#3678 = DIRECTION('',(0.,-1.));
#3679 = ( GEOMETRIC_REPRESENTATION_CONTEXT(2) 
PARAMETRIC_REPRESENTATION_CONTEXT() REPRESENTATION_CONTEXT('2D SPACE',''
  ) );
#3680 = ORIENTED_EDGE('',*,*,#3681,.F.);
#3681 = EDGE_CURVE('',#3591,#3654,#3682,.T.);
#3682 = SURFACE_CURVE('',#3683,(#3687,#3694),.PCURVE_S1.);
#3683 = LINE('',#3684,#3685);
#3684 = CARTESIAN_POINT('',(5.475E-03,2.450624220212E-03,
    1.799999999998E-03));
#3685 = VECTOR('',#3686,1.E-03);
#3686 = DIRECTION('',(-1.,0.,0.));
#3687 = PCURVE('',#3601,#3688);
#3688 = DEFINITIONAL_REPRESENTATION('',(#3689),#3693);
#3689 = LINE('',#3690,#3691);
#3690 = CARTESIAN_POINT('',(0.,0.));
#3691 = VECTOR('',#3692,1.);
#3692 = DIRECTION('',(1.,0.));
#3693 = ( GEOMETRIC_REPRESENTATION_CONTEXT(2) 
PARAMETRIC_REPRESENTATION_CONTEXT() REPRESENTATION_CONTEXT('2D SPACE',''
  ) );
#3694 = PCURVE('',#3695,#3700);
#3695 = PLANE('',#3696);
#3696 = AXIS2_PLACEMENT_3D('',#3697,#3698,#3699);
#3697 = CARTESIAN_POINT('',(5.315E-03,1.650624220212E-03,
    1.799999999998E-03));
#3698 = DIRECTION('',(0.,0.,1.));
#3699 = DIRECTION('',(-1.,0.,0.));
#3700 = DEFINITIONAL_REPRESENTATION('',(#3701),#3705);
#3701 = LINE('',#3702,#3703);
#3702 = CARTESIAN_POINT('',(-1.6E-04,-8.E-04));
#3703 = VECTOR('',#3704,1.);
#3704 = DIRECTION('',(1.,0.));
#3705 = ( GEOMETRIC_REPRESENTATION_CONTEXT(2) 
PARAMETRIC_REPRESENTATION_CONTEXT() REPRESENTATION_CONTEXT('2D SPACE',''
  ) );
#3706 = ADVANCED_FACE('',(#3707),#3669,.F.);
#3707 = FACE_BOUND('',#3708,.F.);
#3708 = EDGE_LOOP('',(#3709,#3710,#3733,#3761));
#3709 = ORIENTED_EDGE('',*,*,#3653,.T.);
#3710 = ORIENTED_EDGE('',*,*,#3711,.T.);
#3711 = EDGE_CURVE('',#3626,#3712,#3714,.T.);
#3712 = VERTEX_POINT('',#3713);
#3713 = CARTESIAN_POINT('',(5.155E-03,8.506242202118E-04,
    1.919999999998E-03));
#3714 = SURFACE_CURVE('',#3715,(#3719,#3726),.PCURVE_S1.);
#3715 = LINE('',#3716,#3717);
#3716 = CARTESIAN_POINT('',(5.155E-03,2.450624220212E-03,
    1.919999999998E-03));
#3717 = VECTOR('',#3718,1.E-03);
#3718 = DIRECTION('',(0.,-1.,0.));
#3719 = PCURVE('',#3669,#3720);
#3720 = DEFINITIONAL_REPRESENTATION('',(#3721),#3725);
#3721 = LINE('',#3722,#3723);
#3722 = CARTESIAN_POINT('',(0.,-1.2E-04));
#3723 = VECTOR('',#3724,1.);
#3724 = DIRECTION('',(1.,0.));
#3725 = ( GEOMETRIC_REPRESENTATION_CONTEXT(2) 
PARAMETRIC_REPRESENTATION_CONTEXT() REPRESENTATION_CONTEXT('2D SPACE',''
  ) );
#3726 = PCURVE('',#3641,#3727);
#3727 = DEFINITIONAL_REPRESENTATION('',(#3728),#3732);
#3728 = LINE('',#3729,#3730);
#3729 = CARTESIAN_POINT('',(1.6E-04,-8.E-04));
#3730 = VECTOR('',#3731,1.);
#3731 = DIRECTION('',(0.,1.));
#3732 = ( GEOMETRIC_REPRESENTATION_CONTEXT(2) 
PARAMETRIC_REPRESENTATION_CONTEXT() REPRESENTATION_CONTEXT('2D SPACE',''
  ) );
#3733 = ORIENTED_EDGE('',*,*,#3734,.F.);
#3734 = EDGE_CURVE('',#3735,#3712,#3737,.T.);
#3735 = VERTEX_POINT('',#3736);
#3736 = CARTESIAN_POINT('',(5.155E-03,8.506242202118E-04,
    1.799999999998E-03));
#3737 = SURFACE_CURVE('',#3738,(#3742,#3749),.PCURVE_S1.);
#3738 = LINE('',#3739,#3740);
#3739 = CARTESIAN_POINT('',(5.155E-03,8.506242202118E-04,
    1.799999999998E-03));
#3740 = VECTOR('',#3741,1.E-03);
#3741 = DIRECTION('',(0.,0.,1.));
#3742 = PCURVE('',#3669,#3743);
#3743 = DEFINITIONAL_REPRESENTATION('',(#3744),#3748);
#3744 = LINE('',#3745,#3746);
#3745 = CARTESIAN_POINT('',(1.6E-03,0.));
#3746 = VECTOR('',#3747,1.);
#3747 = DIRECTION('',(0.,-1.));
#3748 = ( GEOMETRIC_REPRESENTATION_CONTEXT(2) 
PARAMETRIC_REPRESENTATION_CONTEXT() REPRESENTATION_CONTEXT('2D SPACE',''
  ) );
#3749 = PCURVE('',#3750,#3755);
#3750 = PLANE('',#3751);
#3751 = AXIS2_PLACEMENT_3D('',#3752,#3753,#3754);
#3752 = CARTESIAN_POINT('',(5.155E-03,8.506242202118E-04,
    1.799999999998E-03));
#3753 = DIRECTION('',(0.,1.,0.));
#3754 = DIRECTION('',(1.,0.,0.));
#3755 = DEFINITIONAL_REPRESENTATION('',(#3756),#3760);
#3756 = LINE('',#3757,#3758);
#3757 = CARTESIAN_POINT('',(0.,-0.));
#3758 = VECTOR('',#3759,1.);
#3759 = DIRECTION('',(0.,-1.));
#3760 = ( GEOMETRIC_REPRESENTATION_CONTEXT(2) 
PARAMETRIC_REPRESENTATION_CONTEXT() REPRESENTATION_CONTEXT('2D SPACE',''
  ) );
#3761 = ORIENTED_EDGE('',*,*,#3762,.F.);
#3762 = EDGE_CURVE('',#3654,#3735,#3763,.T.);
#3763 = SURFACE_CURVE('',#3764,(#3768,#3775),.PCURVE_S1.);
#3764 = LINE('',#3765,#3766);
#3765 = CARTESIAN_POINT('',(5.155E-03,2.450624220212E-03,
    1.799999999998E-03));
#3766 = VECTOR('',#3767,1.E-03);
#3767 = DIRECTION('',(0.,-1.,0.));
#3768 = PCURVE('',#3669,#3769);
#3769 = DEFINITIONAL_REPRESENTATION('',(#3770),#3774);
#3770 = LINE('',#3771,#3772);
#3771 = CARTESIAN_POINT('',(0.,0.));
#3772 = VECTOR('',#3773,1.);
#3773 = DIRECTION('',(1.,0.));
#3774 = ( GEOMETRIC_REPRESENTATION_CONTEXT(2) 
PARAMETRIC_REPRESENTATION_CONTEXT() REPRESENTATION_CONTEXT('2D SPACE',''
  ) );
#3775 = PCURVE('',#3695,#3776);
#3776 = DEFINITIONAL_REPRESENTATION('',(#3777),#3781);
#3777 = LINE('',#3778,#3779);
#3778 = CARTESIAN_POINT('',(1.6E-04,-8.E-04));
#3779 = VECTOR('',#3780,1.);
#3780 = DIRECTION('',(0.,1.));
#3781 = ( GEOMETRIC_REPRESENTATION_CONTEXT(2) 
PARAMETRIC_REPRESENTATION_CONTEXT() REPRESENTATION_CONTEXT('2D SPACE',''
  ) );
#3782 = ADVANCED_FACE('',(#3783),#3750,.F.);
#3783 = FACE_BOUND('',#3784,.F.);
#3784 = EDGE_LOOP('',(#3785,#3786,#3809,#3832));
#3785 = ORIENTED_EDGE('',*,*,#3734,.T.);
#3786 = ORIENTED_EDGE('',*,*,#3787,.T.);
#3787 = EDGE_CURVE('',#3712,#3788,#3790,.T.);
#3788 = VERTEX_POINT('',#3789);
#3789 = CARTESIAN_POINT('',(5.475E-03,8.506242202118E-04,
    1.919999999998E-03));
#3790 = SURFACE_CURVE('',#3791,(#3795,#3802),.PCURVE_S1.);
#3791 = LINE('',#3792,#3793);
#3792 = CARTESIAN_POINT('',(5.155E-03,8.506242202118E-04,
    1.919999999998E-03));
#3793 = VECTOR('',#3794,1.E-03);
#3794 = DIRECTION('',(1.,0.,0.));
#3795 = PCURVE('',#3750,#3796);
#3796 = DEFINITIONAL_REPRESENTATION('',(#3797),#3801);
#3797 = LINE('',#3798,#3799);
#3798 = CARTESIAN_POINT('',(0.,-1.2E-04));
#3799 = VECTOR('',#3800,1.);
#3800 = DIRECTION('',(1.,0.));
#3801 = ( GEOMETRIC_REPRESENTATION_CONTEXT(2) 
PARAMETRIC_REPRESENTATION_CONTEXT() REPRESENTATION_CONTEXT('2D SPACE',''
  ) );
#3802 = PCURVE('',#3641,#3803);
#3803 = DEFINITIONAL_REPRESENTATION('',(#3804),#3808);
#3804 = LINE('',#3805,#3806);
#3805 = CARTESIAN_POINT('',(1.6E-04,8.E-04));
#3806 = VECTOR('',#3807,1.);
#3807 = DIRECTION('',(-1.,0.));
#3808 = ( GEOMETRIC_REPRESENTATION_CONTEXT(2) 
PARAMETRIC_REPRESENTATION_CONTEXT() REPRESENTATION_CONTEXT('2D SPACE',''
  ) );
#3809 = ORIENTED_EDGE('',*,*,#3810,.F.);
#3810 = EDGE_CURVE('',#3811,#3788,#3813,.T.);
#3811 = VERTEX_POINT('',#3812);
#3812 = CARTESIAN_POINT('',(5.475E-03,8.506242202118E-04,
    1.799999999998E-03));
#3813 = SURFACE_CURVE('',#3814,(#3818,#3825),.PCURVE_S1.);
#3814 = LINE('',#3815,#3816);
#3815 = CARTESIAN_POINT('',(5.475E-03,8.506242202118E-04,
    1.799999999998E-03));
#3816 = VECTOR('',#3817,1.E-03);
#3817 = DIRECTION('',(0.,0.,1.));
#3818 = PCURVE('',#3750,#3819);
#3819 = DEFINITIONAL_REPRESENTATION('',(#3820),#3824);
#3820 = LINE('',#3821,#3822);
#3821 = CARTESIAN_POINT('',(3.2E-04,0.));
#3822 = VECTOR('',#3823,1.);
#3823 = DIRECTION('',(0.,-1.));
#3824 = ( GEOMETRIC_REPRESENTATION_CONTEXT(2) 
PARAMETRIC_REPRESENTATION_CONTEXT() REPRESENTATION_CONTEXT('2D SPACE',''
  ) );
#3825 = PCURVE('',#3613,#3826);
#3826 = DEFINITIONAL_REPRESENTATION('',(#3827),#3831);
#3827 = LINE('',#3828,#3829);
#3828 = CARTESIAN_POINT('',(0.,0.));
#3829 = VECTOR('',#3830,1.);
#3830 = DIRECTION('',(0.,-1.));
#3831 = ( GEOMETRIC_REPRESENTATION_CONTEXT(2) 
PARAMETRIC_REPRESENTATION_CONTEXT() REPRESENTATION_CONTEXT('2D SPACE',''
  ) );
#3832 = ORIENTED_EDGE('',*,*,#3833,.F.);
#3833 = EDGE_CURVE('',#3735,#3811,#3834,.T.);
#3834 = SURFACE_CURVE('',#3835,(#3839,#3846),.PCURVE_S1.);
#3835 = LINE('',#3836,#3837);
#3836 = CARTESIAN_POINT('',(5.155E-03,8.506242202118E-04,
    1.799999999998E-03));
#3837 = VECTOR('',#3838,1.E-03);
#3838 = DIRECTION('',(1.,0.,0.));
#3839 = PCURVE('',#3750,#3840);
#3840 = DEFINITIONAL_REPRESENTATION('',(#3841),#3845);
#3841 = LINE('',#3842,#3843);
#3842 = CARTESIAN_POINT('',(0.,-0.));
#3843 = VECTOR('',#3844,1.);
#3844 = DIRECTION('',(1.,0.));
#3845 = ( GEOMETRIC_REPRESENTATION_CONTEXT(2) 
PARAMETRIC_REPRESENTATION_CONTEXT() REPRESENTATION_CONTEXT('2D SPACE',''
  ) );
#3846 = PCURVE('',#3695,#3847);
#3847 = DEFINITIONAL_REPRESENTATION('',(#3848),#3852);
#3848 = LINE('',#3849,#3850);
#3849 = CARTESIAN_POINT('',(1.6E-04,8.E-04));
#3850 = VECTOR('',#3851,1.);
#3851 = DIRECTION('',(-1.,0.));
#3852 = ( GEOMETRIC_REPRESENTATION_CONTEXT(2) 
PARAMETRIC_REPRESENTATION_CONTEXT() REPRESENTATION_CONTEXT('2D SPACE',''
  ) );
#3853 = ADVANCED_FACE('',(#3854),#3613,.F.);
#3854 = FACE_BOUND('',#3855,.F.);
#3855 = EDGE_LOOP('',(#3856,#3857,#3878,#3879));
#3856 = ORIENTED_EDGE('',*,*,#3810,.T.);
#3857 = ORIENTED_EDGE('',*,*,#3858,.T.);
#3858 = EDGE_CURVE('',#3788,#3593,#3859,.T.);
#3859 = SURFACE_CURVE('',#3860,(#3864,#3871),.PCURVE_S1.);
#3860 = LINE('',#3861,#3862);
#3861 = CARTESIAN_POINT('',(5.475E-03,8.506242202118E-04,
    1.919999999998E-03));
#3862 = VECTOR('',#3863,1.E-03);
#3863 = DIRECTION('',(0.,1.,0.));
#3864 = PCURVE('',#3613,#3865);
#3865 = DEFINITIONAL_REPRESENTATION('',(#3866),#3870);
#3866 = LINE('',#3867,#3868);
#3867 = CARTESIAN_POINT('',(0.,-1.2E-04));
#3868 = VECTOR('',#3869,1.);
#3869 = DIRECTION('',(1.,0.));
#3870 = ( GEOMETRIC_REPRESENTATION_CONTEXT(2) 
PARAMETRIC_REPRESENTATION_CONTEXT() REPRESENTATION_CONTEXT('2D SPACE',''
  ) );
#3871 = PCURVE('',#3641,#3872);
#3872 = DEFINITIONAL_REPRESENTATION('',(#3873),#3877);
#3873 = LINE('',#3874,#3875);
#3874 = CARTESIAN_POINT('',(-1.6E-04,8.E-04));
#3875 = VECTOR('',#3876,1.);
#3876 = DIRECTION('',(0.,-1.));
#3877 = ( GEOMETRIC_REPRESENTATION_CONTEXT(2) 
PARAMETRIC_REPRESENTATION_CONTEXT() REPRESENTATION_CONTEXT('2D SPACE',''
  ) );
#3878 = ORIENTED_EDGE('',*,*,#3590,.F.);
#3879 = ORIENTED_EDGE('',*,*,#3880,.F.);
#3880 = EDGE_CURVE('',#3811,#3591,#3881,.T.);
#3881 = SURFACE_CURVE('',#3882,(#3886,#3893),.PCURVE_S1.);
#3882 = LINE('',#3883,#3884);
#3883 = CARTESIAN_POINT('',(5.475E-03,8.506242202118E-04,
    1.799999999998E-03));
#3884 = VECTOR('',#3885,1.E-03);
#3885 = DIRECTION('',(0.,1.,0.));
#3886 = PCURVE('',#3613,#3887);
#3887 = DEFINITIONAL_REPRESENTATION('',(#3888),#3892);
#3888 = LINE('',#3889,#3890);
#3889 = CARTESIAN_POINT('',(0.,0.));
#3890 = VECTOR('',#3891,1.);
#3891 = DIRECTION('',(1.,0.));
#3892 = ( GEOMETRIC_REPRESENTATION_CONTEXT(2) 
PARAMETRIC_REPRESENTATION_CONTEXT() REPRESENTATION_CONTEXT('2D SPACE',''
  ) );
#3893 = PCURVE('',#3695,#3894);
#3894 = DEFINITIONAL_REPRESENTATION('',(#3895),#3899);
#3895 = LINE('',#3896,#3897);
#3896 = CARTESIAN_POINT('',(-1.6E-04,8.E-04));
#3897 = VECTOR('',#3898,1.);
#3898 = DIRECTION('',(0.,-1.));
#3899 = ( GEOMETRIC_REPRESENTATION_CONTEXT(2) 
PARAMETRIC_REPRESENTATION_CONTEXT() REPRESENTATION_CONTEXT('2D SPACE',''
  ) );
#3900 = ADVANCED_FACE('',(#3901),#3695,.F.);
#3901 = FACE_BOUND('',#3902,.F.);
#3902 = EDGE_LOOP('',(#3903,#3904,#3905,#3906));
#3903 = ORIENTED_EDGE('',*,*,#3681,.T.);
#3904 = ORIENTED_EDGE('',*,*,#3762,.T.);
#3905 = ORIENTED_EDGE('',*,*,#3833,.T.);
#3906 = ORIENTED_EDGE('',*,*,#3880,.T.);
#3907 = ADVANCED_FACE('',(#3908),#3641,.T.);
#3908 = FACE_BOUND('',#3909,.T.);
#3909 = EDGE_LOOP('',(#3910,#3911,#3912,#3913));
#3910 = ORIENTED_EDGE('',*,*,#3625,.T.);
#3911 = ORIENTED_EDGE('',*,*,#3711,.T.);
#3912 = ORIENTED_EDGE('',*,*,#3787,.T.);
#3913 = ORIENTED_EDGE('',*,*,#3858,.T.);
#3914 = ( GEOMETRIC_REPRESENTATION_CONTEXT(3) 
GLOBAL_UNCERTAINTY_ASSIGNED_CONTEXT((#3918)) 
GLOBAL_UNIT_ASSIGNED_CONTEXT((#3915,#3916,#3917)) REPRESENTATION_CONTEXT
('Context #1','3D Context with UNIT and UNCERTAINTY') );
#3915 = ( LENGTH_UNIT() NAMED_UNIT(*) SI_UNIT($,.METRE.) );
#3916 = ( NAMED_UNIT(*) PLANE_ANGLE_UNIT() SI_UNIT($,.RADIAN.) );
#3917 = ( NAMED_UNIT(*) SI_UNIT($,.STERADIAN.) SOLID_ANGLE_UNIT() );
#3918 = UNCERTAINTY_MEASURE_WITH_UNIT(LENGTH_MEASURE(1.E-08),#3915,
  'distance_accuracy_value','confusion accuracy');
#3919 = PRODUCT_RELATED_PRODUCT_CATEGORY('detail',$,(#3580));
#3920 = PRODUCT_CATEGORY_RELATIONSHIP('','',#3921,#3919);
#3921 = PRODUCT_CATEGORY('part',$);
#3922 = CC_DESIGN_PERSON_AND_ORGANIZATION_ASSIGNMENT(#354,#357,(#3579,
    #3578));
#3923 = CC_DESIGN_PERSON_AND_ORGANIZATION_ASSIGNMENT(#354,#359,(#3580));
#3924 = CC_DESIGN_PERSON_AND_ORGANIZATION_ASSIGNMENT(#354,#361,(#3579));
#3925 = CC_DESIGN_PERSON_AND_ORGANIZATION_ASSIGNMENT(#354,#363,(#3926));
#3926 = SECURITY_CLASSIFICATION('','',#365);
#3927 = CC_DESIGN_SECURITY_CLASSIFICATION(#3926,(#3579));
#3928 = CC_DESIGN_DATE_AND_TIME_ASSIGNMENT(#368,#372,(#3578));
#3929 = CC_DESIGN_DATE_AND_TIME_ASSIGNMENT(#368,#374,(#3926));
#3930 = CC_DESIGN_APPROVAL(#376,(#3579,#3578,#3926));
#3931 = SHAPE_DEFINITION_REPRESENTATION(#3932,#3938);
#3932 = PRODUCT_DEFINITION_SHAPE('','',#3933);
#3933 = PRODUCT_DEFINITION('design','',#3934,#3937);
#3934 = PRODUCT_DEFINITION_FORMATION_WITH_SPECIFIED_SOURCE('','',#3935,
  .NOT_KNOWN.);
#3935 = PRODUCT('Timber_0.02_m 12','Timber_0.02_m 12','',(#3936));
#3936 = MECHANICAL_CONTEXT('',#2,'mechanical');
#3937 = DESIGN_CONTEXT('',#2,'design');
#3938 = ADVANCED_BREP_SHAPE_REPRESENTATION('',(#11,#3939),#4269);
#3939 = MANIFOLD_SOLID_BREP('Timber_0.02_m',#3940);
#3940 = CLOSED_SHELL('',(#3941,#4061,#4137,#4208,#4255,#4262));
#3941 = ADVANCED_FACE('',(#3942),#3956,.F.);
#3942 = FACE_BOUND('',#3943,.F.);
#3943 = EDGE_LOOP('',(#3944,#3979,#4007,#4035));
#3944 = ORIENTED_EDGE('',*,*,#3945,.T.);
#3945 = EDGE_CURVE('',#3946,#3948,#3950,.T.);
#3946 = VERTEX_POINT('',#3947);
#3947 = CARTESIAN_POINT('',(5.475E-03,4.950624220212E-03,
    1.799999999998E-03));
#3948 = VERTEX_POINT('',#3949);
#3949 = CARTESIAN_POINT('',(5.475E-03,4.950624220212E-03,
    1.919999999998E-03));
#3950 = SURFACE_CURVE('',#3951,(#3955,#3967),.PCURVE_S1.);
#3951 = LINE('',#3952,#3953);
#3952 = CARTESIAN_POINT('',(5.475E-03,4.950624220212E-03,
    1.799999999998E-03));
#3953 = VECTOR('',#3954,1.E-03);
#3954 = DIRECTION('',(0.,0.,1.));
#3955 = PCURVE('',#3956,#3961);
#3956 = PLANE('',#3957);
#3957 = AXIS2_PLACEMENT_3D('',#3958,#3959,#3960);
#3958 = CARTESIAN_POINT('',(5.475E-03,4.950624220212E-03,
    1.799999999998E-03));
#3959 = DIRECTION('',(0.,-1.,0.));
#3960 = DIRECTION('',(-1.,0.,0.));
#3961 = DEFINITIONAL_REPRESENTATION('',(#3962),#3966);
#3962 = LINE('',#3963,#3964);
#3963 = CARTESIAN_POINT('',(0.,0.));
#3964 = VECTOR('',#3965,1.);
#3965 = DIRECTION('',(0.,-1.));
#3966 = ( GEOMETRIC_REPRESENTATION_CONTEXT(2) 
PARAMETRIC_REPRESENTATION_CONTEXT() REPRESENTATION_CONTEXT('2D SPACE',''
  ) );
#3967 = PCURVE('',#3968,#3973);
#3968 = PLANE('',#3969);
#3969 = AXIS2_PLACEMENT_3D('',#3970,#3971,#3972);
#3970 = CARTESIAN_POINT('',(5.475E-03,3.350624220212E-03,
    1.799999999998E-03));
#3971 = DIRECTION('',(-1.,0.,0.));
#3972 = DIRECTION('',(0.,1.,0.));
#3973 = DEFINITIONAL_REPRESENTATION('',(#3974),#3978);
#3974 = LINE('',#3975,#3976);
#3975 = CARTESIAN_POINT('',(1.6E-03,0.));
#3976 = VECTOR('',#3977,1.);
#3977 = DIRECTION('',(0.,-1.));
#3978 = ( GEOMETRIC_REPRESENTATION_CONTEXT(2) 
PARAMETRIC_REPRESENTATION_CONTEXT() REPRESENTATION_CONTEXT('2D SPACE',''
  ) );
#3979 = ORIENTED_EDGE('',*,*,#3980,.T.);
#3980 = EDGE_CURVE('',#3948,#3981,#3983,.T.);
#3981 = VERTEX_POINT('',#3982);
#3982 = CARTESIAN_POINT('',(5.155E-03,4.950624220212E-03,
    1.919999999998E-03));
#3983 = SURFACE_CURVE('',#3984,(#3988,#3995),.PCURVE_S1.);
#3984 = LINE('',#3985,#3986);
#3985 = CARTESIAN_POINT('',(5.475E-03,4.950624220212E-03,
    1.919999999998E-03));
#3986 = VECTOR('',#3987,1.E-03);
#3987 = DIRECTION('',(-1.,0.,0.));
#3988 = PCURVE('',#3956,#3989);
#3989 = DEFINITIONAL_REPRESENTATION('',(#3990),#3994);
#3990 = LINE('',#3991,#3992);
#3991 = CARTESIAN_POINT('',(0.,-1.2E-04));
#3992 = VECTOR('',#3993,1.);
#3993 = DIRECTION('',(1.,0.));
#3994 = ( GEOMETRIC_REPRESENTATION_CONTEXT(2) 
PARAMETRIC_REPRESENTATION_CONTEXT() REPRESENTATION_CONTEXT('2D SPACE',''
  ) );
#3995 = PCURVE('',#3996,#4001);
#3996 = PLANE('',#3997);
#3997 = AXIS2_PLACEMENT_3D('',#3998,#3999,#4000);
#3998 = CARTESIAN_POINT('',(5.315E-03,4.150624220212E-03,
    1.919999999998E-03));
#3999 = DIRECTION('',(0.,0.,1.));
#4000 = DIRECTION('',(-1.,0.,0.));
#4001 = DEFINITIONAL_REPRESENTATION('',(#4002),#4006);
#4002 = LINE('',#4003,#4004);
#4003 = CARTESIAN_POINT('',(-1.6E-04,-8.E-04));
#4004 = VECTOR('',#4005,1.);
#4005 = DIRECTION('',(1.,0.));
#4006 = ( GEOMETRIC_REPRESENTATION_CONTEXT(2) 
PARAMETRIC_REPRESENTATION_CONTEXT() REPRESENTATION_CONTEXT('2D SPACE',''
  ) );
#4007 = ORIENTED_EDGE('',*,*,#4008,.F.);
#4008 = EDGE_CURVE('',#4009,#3981,#4011,.T.);
#4009 = VERTEX_POINT('',#4010);
#4010 = CARTESIAN_POINT('',(5.155E-03,4.950624220212E-03,
    1.799999999998E-03));
#4011 = SURFACE_CURVE('',#4012,(#4016,#4023),.PCURVE_S1.);
#4012 = LINE('',#4013,#4014);
#4013 = CARTESIAN_POINT('',(5.155E-03,4.950624220212E-03,
    1.799999999998E-03));
#4014 = VECTOR('',#4015,1.E-03);
#4015 = DIRECTION('',(0.,0.,1.));
#4016 = PCURVE('',#3956,#4017);
#4017 = DEFINITIONAL_REPRESENTATION('',(#4018),#4022);
#4018 = LINE('',#4019,#4020);
#4019 = CARTESIAN_POINT('',(3.2E-04,0.));
#4020 = VECTOR('',#4021,1.);
#4021 = DIRECTION('',(0.,-1.));
#4022 = ( GEOMETRIC_REPRESENTATION_CONTEXT(2) 
PARAMETRIC_REPRESENTATION_CONTEXT() REPRESENTATION_CONTEXT('2D SPACE',''
  ) );
#4023 = PCURVE('',#4024,#4029);
#4024 = PLANE('',#4025);
#4025 = AXIS2_PLACEMENT_3D('',#4026,#4027,#4028);
#4026 = CARTESIAN_POINT('',(5.155E-03,4.950624220212E-03,
    1.799999999998E-03));
#4027 = DIRECTION('',(1.,0.,0.));
#4028 = DIRECTION('',(0.,-1.,0.));
#4029 = DEFINITIONAL_REPRESENTATION('',(#4030),#4034);
#4030 = LINE('',#4031,#4032);
#4031 = CARTESIAN_POINT('',(0.,0.));
#4032 = VECTOR('',#4033,1.);
#4033 = DIRECTION('',(0.,-1.));
#4034 = ( GEOMETRIC_REPRESENTATION_CONTEXT(2) 
PARAMETRIC_REPRESENTATION_CONTEXT() REPRESENTATION_CONTEXT('2D SPACE',''
  ) );
#4035 = ORIENTED_EDGE('',*,*,#4036,.F.);
#4036 = EDGE_CURVE('',#3946,#4009,#4037,.T.);
#4037 = SURFACE_CURVE('',#4038,(#4042,#4049),.PCURVE_S1.);
#4038 = LINE('',#4039,#4040);
#4039 = CARTESIAN_POINT('',(5.475E-03,4.950624220212E-03,
    1.799999999998E-03));
#4040 = VECTOR('',#4041,1.E-03);
#4041 = DIRECTION('',(-1.,0.,0.));
#4042 = PCURVE('',#3956,#4043);
#4043 = DEFINITIONAL_REPRESENTATION('',(#4044),#4048);
#4044 = LINE('',#4045,#4046);
#4045 = CARTESIAN_POINT('',(0.,0.));
#4046 = VECTOR('',#4047,1.);
#4047 = DIRECTION('',(1.,0.));
#4048 = ( GEOMETRIC_REPRESENTATION_CONTEXT(2) 
PARAMETRIC_REPRESENTATION_CONTEXT() REPRESENTATION_CONTEXT('2D SPACE',''
  ) );
#4049 = PCURVE('',#4050,#4055);
#4050 = PLANE('',#4051);
#4051 = AXIS2_PLACEMENT_3D('',#4052,#4053,#4054);
#4052 = CARTESIAN_POINT('',(5.315E-03,4.150624220212E-03,
    1.799999999998E-03));
#4053 = DIRECTION('',(0.,0.,1.));
#4054 = DIRECTION('',(-1.,0.,0.));
#4055 = DEFINITIONAL_REPRESENTATION('',(#4056),#4060);
#4056 = LINE('',#4057,#4058);
#4057 = CARTESIAN_POINT('',(-1.6E-04,-8.E-04));
#4058 = VECTOR('',#4059,1.);
#4059 = DIRECTION('',(1.,0.));
#4060 = ( GEOMETRIC_REPRESENTATION_CONTEXT(2) 
PARAMETRIC_REPRESENTATION_CONTEXT() REPRESENTATION_CONTEXT('2D SPACE',''
  ) );
#4061 = ADVANCED_FACE('',(#4062),#4024,.F.);
#4062 = FACE_BOUND('',#4063,.F.);
#4063 = EDGE_LOOP('',(#4064,#4065,#4088,#4116));
#4064 = ORIENTED_EDGE('',*,*,#4008,.T.);
#4065 = ORIENTED_EDGE('',*,*,#4066,.T.);
#4066 = EDGE_CURVE('',#3981,#4067,#4069,.T.);
#4067 = VERTEX_POINT('',#4068);
#4068 = CARTESIAN_POINT('',(5.155E-03,3.350624220212E-03,
    1.919999999998E-03));
#4069 = SURFACE_CURVE('',#4070,(#4074,#4081),.PCURVE_S1.);
#4070 = LINE('',#4071,#4072);
#4071 = CARTESIAN_POINT('',(5.155E-03,4.950624220212E-03,
    1.919999999998E-03));
#4072 = VECTOR('',#4073,1.E-03);
#4073 = DIRECTION('',(0.,-1.,0.));
#4074 = PCURVE('',#4024,#4075);
#4075 = DEFINITIONAL_REPRESENTATION('',(#4076),#4080);
#4076 = LINE('',#4077,#4078);
#4077 = CARTESIAN_POINT('',(0.,-1.2E-04));
#4078 = VECTOR('',#4079,1.);
#4079 = DIRECTION('',(1.,0.));
#4080 = ( GEOMETRIC_REPRESENTATION_CONTEXT(2) 
PARAMETRIC_REPRESENTATION_CONTEXT() REPRESENTATION_CONTEXT('2D SPACE',''
  ) );
#4081 = PCURVE('',#3996,#4082);
#4082 = DEFINITIONAL_REPRESENTATION('',(#4083),#4087);
#4083 = LINE('',#4084,#4085);
#4084 = CARTESIAN_POINT('',(1.6E-04,-8.E-04));
#4085 = VECTOR('',#4086,1.);
#4086 = DIRECTION('',(0.,1.));
#4087 = ( GEOMETRIC_REPRESENTATION_CONTEXT(2) 
PARAMETRIC_REPRESENTATION_CONTEXT() REPRESENTATION_CONTEXT('2D SPACE',''
  ) );
#4088 = ORIENTED_EDGE('',*,*,#4089,.F.);
#4089 = EDGE_CURVE('',#4090,#4067,#4092,.T.);
#4090 = VERTEX_POINT('',#4091);
#4091 = CARTESIAN_POINT('',(5.155E-03,3.350624220212E-03,
    1.799999999998E-03));
#4092 = SURFACE_CURVE('',#4093,(#4097,#4104),.PCURVE_S1.);
#4093 = LINE('',#4094,#4095);
#4094 = CARTESIAN_POINT('',(5.155E-03,3.350624220212E-03,
    1.799999999998E-03));
#4095 = VECTOR('',#4096,1.E-03);
#4096 = DIRECTION('',(0.,0.,1.));
#4097 = PCURVE('',#4024,#4098);
#4098 = DEFINITIONAL_REPRESENTATION('',(#4099),#4103);
#4099 = LINE('',#4100,#4101);
#4100 = CARTESIAN_POINT('',(1.6E-03,0.));
#4101 = VECTOR('',#4102,1.);
#4102 = DIRECTION('',(0.,-1.));
#4103 = ( GEOMETRIC_REPRESENTATION_CONTEXT(2) 
PARAMETRIC_REPRESENTATION_CONTEXT() REPRESENTATION_CONTEXT('2D SPACE',''
  ) );
#4104 = PCURVE('',#4105,#4110);
#4105 = PLANE('',#4106);
#4106 = AXIS2_PLACEMENT_3D('',#4107,#4108,#4109);
#4107 = CARTESIAN_POINT('',(5.155E-03,3.350624220212E-03,
    1.799999999998E-03));
#4108 = DIRECTION('',(0.,1.,0.));
#4109 = DIRECTION('',(1.,0.,0.));
#4110 = DEFINITIONAL_REPRESENTATION('',(#4111),#4115);
#4111 = LINE('',#4112,#4113);
#4112 = CARTESIAN_POINT('',(0.,-0.));
#4113 = VECTOR('',#4114,1.);
#4114 = DIRECTION('',(0.,-1.));
#4115 = ( GEOMETRIC_REPRESENTATION_CONTEXT(2) 
PARAMETRIC_REPRESENTATION_CONTEXT() REPRESENTATION_CONTEXT('2D SPACE',''
  ) );
#4116 = ORIENTED_EDGE('',*,*,#4117,.F.);
#4117 = EDGE_CURVE('',#4009,#4090,#4118,.T.);
#4118 = SURFACE_CURVE('',#4119,(#4123,#4130),.PCURVE_S1.);
#4119 = LINE('',#4120,#4121);
#4120 = CARTESIAN_POINT('',(5.155E-03,4.950624220212E-03,
    1.799999999998E-03));
#4121 = VECTOR('',#4122,1.E-03);
#4122 = DIRECTION('',(0.,-1.,0.));
#4123 = PCURVE('',#4024,#4124);
#4124 = DEFINITIONAL_REPRESENTATION('',(#4125),#4129);
#4125 = LINE('',#4126,#4127);
#4126 = CARTESIAN_POINT('',(0.,0.));
#4127 = VECTOR('',#4128,1.);
#4128 = DIRECTION('',(1.,0.));
#4129 = ( GEOMETRIC_REPRESENTATION_CONTEXT(2) 
PARAMETRIC_REPRESENTATION_CONTEXT() REPRESENTATION_CONTEXT('2D SPACE',''
  ) );
#4130 = PCURVE('',#4050,#4131);
#4131 = DEFINITIONAL_REPRESENTATION('',(#4132),#4136);
#4132 = LINE('',#4133,#4134);
#4133 = CARTESIAN_POINT('',(1.6E-04,-8.E-04));
#4134 = VECTOR('',#4135,1.);
#4135 = DIRECTION('',(0.,1.));
#4136 = ( GEOMETRIC_REPRESENTATION_CONTEXT(2) 
PARAMETRIC_REPRESENTATION_CONTEXT() REPRESENTATION_CONTEXT('2D SPACE',''
  ) );
#4137 = ADVANCED_FACE('',(#4138),#4105,.F.);
#4138 = FACE_BOUND('',#4139,.F.);
#4139 = EDGE_LOOP('',(#4140,#4141,#4164,#4187));
#4140 = ORIENTED_EDGE('',*,*,#4089,.T.);
#4141 = ORIENTED_EDGE('',*,*,#4142,.T.);
#4142 = EDGE_CURVE('',#4067,#4143,#4145,.T.);
#4143 = VERTEX_POINT('',#4144);
#4144 = CARTESIAN_POINT('',(5.475E-03,3.350624220212E-03,
    1.919999999998E-03));
#4145 = SURFACE_CURVE('',#4146,(#4150,#4157),.PCURVE_S1.);
#4146 = LINE('',#4147,#4148);
#4147 = CARTESIAN_POINT('',(5.155E-03,3.350624220212E-03,
    1.919999999998E-03));
#4148 = VECTOR('',#4149,1.E-03);
#4149 = DIRECTION('',(1.,0.,0.));
#4150 = PCURVE('',#4105,#4151);
#4151 = DEFINITIONAL_REPRESENTATION('',(#4152),#4156);
#4152 = LINE('',#4153,#4154);
#4153 = CARTESIAN_POINT('',(0.,-1.2E-04));
#4154 = VECTOR('',#4155,1.);
#4155 = DIRECTION('',(1.,0.));
#4156 = ( GEOMETRIC_REPRESENTATION_CONTEXT(2) 
PARAMETRIC_REPRESENTATION_CONTEXT() REPRESENTATION_CONTEXT('2D SPACE',''
  ) );
#4157 = PCURVE('',#3996,#4158);
#4158 = DEFINITIONAL_REPRESENTATION('',(#4159),#4163);
#4159 = LINE('',#4160,#4161);
#4160 = CARTESIAN_POINT('',(1.6E-04,8.E-04));
#4161 = VECTOR('',#4162,1.);
#4162 = DIRECTION('',(-1.,0.));
#4163 = ( GEOMETRIC_REPRESENTATION_CONTEXT(2) 
PARAMETRIC_REPRESENTATION_CONTEXT() REPRESENTATION_CONTEXT('2D SPACE',''
  ) );
#4164 = ORIENTED_EDGE('',*,*,#4165,.F.);
#4165 = EDGE_CURVE('',#4166,#4143,#4168,.T.);
#4166 = VERTEX_POINT('',#4167);
#4167 = CARTESIAN_POINT('',(5.475E-03,3.350624220212E-03,
    1.799999999998E-03));
#4168 = SURFACE_CURVE('',#4169,(#4173,#4180),.PCURVE_S1.);
#4169 = LINE('',#4170,#4171);
#4170 = CARTESIAN_POINT('',(5.475E-03,3.350624220212E-03,
    1.799999999998E-03));
#4171 = VECTOR('',#4172,1.E-03);
#4172 = DIRECTION('',(0.,0.,1.));
#4173 = PCURVE('',#4105,#4174);
#4174 = DEFINITIONAL_REPRESENTATION('',(#4175),#4179);
#4175 = LINE('',#4176,#4177);
#4176 = CARTESIAN_POINT('',(3.2E-04,0.));
#4177 = VECTOR('',#4178,1.);
#4178 = DIRECTION('',(0.,-1.));
#4179 = ( GEOMETRIC_REPRESENTATION_CONTEXT(2) 
PARAMETRIC_REPRESENTATION_CONTEXT() REPRESENTATION_CONTEXT('2D SPACE',''
  ) );
#4180 = PCURVE('',#3968,#4181);
#4181 = DEFINITIONAL_REPRESENTATION('',(#4182),#4186);
#4182 = LINE('',#4183,#4184);
#4183 = CARTESIAN_POINT('',(0.,0.));
#4184 = VECTOR('',#4185,1.);
#4185 = DIRECTION('',(0.,-1.));
#4186 = ( GEOMETRIC_REPRESENTATION_CONTEXT(2) 
PARAMETRIC_REPRESENTATION_CONTEXT() REPRESENTATION_CONTEXT('2D SPACE',''
  ) );
#4187 = ORIENTED_EDGE('',*,*,#4188,.F.);
#4188 = EDGE_CURVE('',#4090,#4166,#4189,.T.);
#4189 = SURFACE_CURVE('',#4190,(#4194,#4201),.PCURVE_S1.);
#4190 = LINE('',#4191,#4192);
#4191 = CARTESIAN_POINT('',(5.155E-03,3.350624220212E-03,
    1.799999999998E-03));
#4192 = VECTOR('',#4193,1.E-03);
#4193 = DIRECTION('',(1.,0.,0.));
#4194 = PCURVE('',#4105,#4195);
#4195 = DEFINITIONAL_REPRESENTATION('',(#4196),#4200);
#4196 = LINE('',#4197,#4198);
#4197 = CARTESIAN_POINT('',(0.,-0.));
#4198 = VECTOR('',#4199,1.);
#4199 = DIRECTION('',(1.,0.));
#4200 = ( GEOMETRIC_REPRESENTATION_CONTEXT(2) 
PARAMETRIC_REPRESENTATION_CONTEXT() REPRESENTATION_CONTEXT('2D SPACE',''
  ) );
#4201 = PCURVE('',#4050,#4202);
#4202 = DEFINITIONAL_REPRESENTATION('',(#4203),#4207);
#4203 = LINE('',#4204,#4205);
#4204 = CARTESIAN_POINT('',(1.6E-04,8.E-04));
#4205 = VECTOR('',#4206,1.);
#4206 = DIRECTION('',(-1.,0.));
#4207 = ( GEOMETRIC_REPRESENTATION_CONTEXT(2) 
PARAMETRIC_REPRESENTATION_CONTEXT() REPRESENTATION_CONTEXT('2D SPACE',''
  ) );
#4208 = ADVANCED_FACE('',(#4209),#3968,.F.);
#4209 = FACE_BOUND('',#4210,.F.);
#4210 = EDGE_LOOP('',(#4211,#4212,#4233,#4234));
#4211 = ORIENTED_EDGE('',*,*,#4165,.T.);
#4212 = ORIENTED_EDGE('',*,*,#4213,.T.);
#4213 = EDGE_CURVE('',#4143,#3948,#4214,.T.);
#4214 = SURFACE_CURVE('',#4215,(#4219,#4226),.PCURVE_S1.);
#4215 = LINE('',#4216,#4217);
#4216 = CARTESIAN_POINT('',(5.475E-03,3.350624220212E-03,
    1.919999999998E-03));
#4217 = VECTOR('',#4218,1.E-03);
#4218 = DIRECTION('',(0.,1.,0.));
#4219 = PCURVE('',#3968,#4220);
#4220 = DEFINITIONAL_REPRESENTATION('',(#4221),#4225);
#4221 = LINE('',#4222,#4223);
#4222 = CARTESIAN_POINT('',(0.,-1.2E-04));
#4223 = VECTOR('',#4224,1.);
#4224 = DIRECTION('',(1.,0.));
#4225 = ( GEOMETRIC_REPRESENTATION_CONTEXT(2) 
PARAMETRIC_REPRESENTATION_CONTEXT() REPRESENTATION_CONTEXT('2D SPACE',''
  ) );
#4226 = PCURVE('',#3996,#4227);
#4227 = DEFINITIONAL_REPRESENTATION('',(#4228),#4232);
#4228 = LINE('',#4229,#4230);
#4229 = CARTESIAN_POINT('',(-1.6E-04,8.E-04));
#4230 = VECTOR('',#4231,1.);
#4231 = DIRECTION('',(0.,-1.));
#4232 = ( GEOMETRIC_REPRESENTATION_CONTEXT(2) 
PARAMETRIC_REPRESENTATION_CONTEXT() REPRESENTATION_CONTEXT('2D SPACE',''
  ) );
#4233 = ORIENTED_EDGE('',*,*,#3945,.F.);
#4234 = ORIENTED_EDGE('',*,*,#4235,.F.);
#4235 = EDGE_CURVE('',#4166,#3946,#4236,.T.);
#4236 = SURFACE_CURVE('',#4237,(#4241,#4248),.PCURVE_S1.);
#4237 = LINE('',#4238,#4239);
#4238 = CARTESIAN_POINT('',(5.475E-03,3.350624220212E-03,
    1.799999999998E-03));
#4239 = VECTOR('',#4240,1.E-03);
#4240 = DIRECTION('',(0.,1.,0.));
#4241 = PCURVE('',#3968,#4242);
#4242 = DEFINITIONAL_REPRESENTATION('',(#4243),#4247);
#4243 = LINE('',#4244,#4245);
#4244 = CARTESIAN_POINT('',(0.,0.));
#4245 = VECTOR('',#4246,1.);
#4246 = DIRECTION('',(1.,0.));
#4247 = ( GEOMETRIC_REPRESENTATION_CONTEXT(2) 
PARAMETRIC_REPRESENTATION_CONTEXT() REPRESENTATION_CONTEXT('2D SPACE',''
  ) );
#4248 = PCURVE('',#4050,#4249);
#4249 = DEFINITIONAL_REPRESENTATION('',(#4250),#4254);
#4250 = LINE('',#4251,#4252);
#4251 = CARTESIAN_POINT('',(-1.6E-04,8.E-04));
#4252 = VECTOR('',#4253,1.);
#4253 = DIRECTION('',(0.,-1.));
#4254 = ( GEOMETRIC_REPRESENTATION_CONTEXT(2) 
PARAMETRIC_REPRESENTATION_CONTEXT() REPRESENTATION_CONTEXT('2D SPACE',''
  ) );
#4255 = ADVANCED_FACE('',(#4256),#4050,.F.);
#4256 = FACE_BOUND('',#4257,.F.);
#4257 = EDGE_LOOP('',(#4258,#4259,#4260,#4261));
#4258 = ORIENTED_EDGE('',*,*,#4036,.T.);
#4259 = ORIENTED_EDGE('',*,*,#4117,.T.);
#4260 = ORIENTED_EDGE('',*,*,#4188,.T.);
#4261 = ORIENTED_EDGE('',*,*,#4235,.T.);
#4262 = ADVANCED_FACE('',(#4263),#3996,.T.);
#4263 = FACE_BOUND('',#4264,.T.);
#4264 = EDGE_LOOP('',(#4265,#4266,#4267,#4268));
#4265 = ORIENTED_EDGE('',*,*,#3980,.T.);
#4266 = ORIENTED_EDGE('',*,*,#4066,.T.);
#4267 = ORIENTED_EDGE('',*,*,#4142,.T.);
#4268 = ORIENTED_EDGE('',*,*,#4213,.T.);
#4269 = ( GEOMETRIC_REPRESENTATION_CONTEXT(3) 
GLOBAL_UNCERTAINTY_ASSIGNED_CONTEXT((#4273)) 
GLOBAL_UNIT_ASSIGNED_CONTEXT((#4270,#4271,#4272)) REPRESENTATION_CONTEXT
('Context #1','3D Context with UNIT and UNCERTAINTY') );
#4270 = ( LENGTH_UNIT() NAMED_UNIT(*) SI_UNIT($,.METRE.) );
#4271 = ( NAMED_UNIT(*) PLANE_ANGLE_UNIT() SI_UNIT($,.RADIAN.) );
#4272 = ( NAMED_UNIT(*) SI_UNIT($,.STERADIAN.) SOLID_ANGLE_UNIT() );
#4273 = UNCERTAINTY_MEASURE_WITH_UNIT(LENGTH_MEASURE(1.E-08),#4270,
  'distance_accuracy_value','confusion accuracy');
#4274 = PRODUCT_RELATED_PRODUCT_CATEGORY('detail',$,(#3935));
#4275 = PRODUCT_CATEGORY_RELATIONSHIP('','',#4276,#4274);
#4276 = PRODUCT_CATEGORY('part',$);
#4277 = CC_DESIGN_PERSON_AND_ORGANIZATION_ASSIGNMENT(#354,#357,(#3934,
    #3933));
#4278 = CC_DESIGN_PERSON_AND_ORGANIZATION_ASSIGNMENT(#354,#359,(#3935));
#4279 = CC_DESIGN_PERSON_AND_ORGANIZATION_ASSIGNMENT(#354,#361,(#3934));
#4280 = CC_DESIGN_PERSON_AND_ORGANIZATION_ASSIGNMENT(#354,#363,(#4281));
#4281 = SECURITY_CLASSIFICATION('','',#365);
#4282 = CC_DESIGN_SECURITY_CLASSIFICATION(#4281,(#3934));
#4283 = CC_DESIGN_DATE_AND_TIME_ASSIGNMENT(#368,#372,(#3933));
#4284 = CC_DESIGN_DATE_AND_TIME_ASSIGNMENT(#368,#374,(#4281));
#4285 = CC_DESIGN_APPROVAL(#376,(#3934,#3933,#4281));
#4286 = SHAPE_DEFINITION_REPRESENTATION(#4287,#4293);
#4287 = PRODUCT_DEFINITION_SHAPE('','',#4288);
#4288 = PRODUCT_DEFINITION('design','',#4289,#4292);
#4289 = PRODUCT_DEFINITION_FORMATION_WITH_SPECIFIED_SOURCE('','',#4290,
  .NOT_KNOWN.);
#4290 = PRODUCT('Timber_0.02_m 13','Timber_0.02_m 13','',(#4291));
#4291 = MECHANICAL_CONTEXT('',#2,'mechanical');
#4292 = DESIGN_CONTEXT('',#2,'design');
#4293 = ADVANCED_BREP_SHAPE_REPRESENTATION('',(#11,#4294),#4624);
#4294 = MANIFOLD_SOLID_BREP('Timber_0.02_m',#4295);
#4295 = CLOSED_SHELL('',(#4296,#4416,#4492,#4563,#4610,#4617));
#4296 = ADVANCED_FACE('',(#4297),#4311,.F.);
#4297 = FACE_BOUND('',#4298,.F.);
#4298 = EDGE_LOOP('',(#4299,#4334,#4362,#4390));
#4299 = ORIENTED_EDGE('',*,*,#4300,.T.);
#4300 = EDGE_CURVE('',#4301,#4303,#4305,.T.);
#4301 = VERTEX_POINT('',#4302);
#4302 = CARTESIAN_POINT('',(5.475E-03,2.450624220212E-03,
    4.489999999998E-03));
#4303 = VERTEX_POINT('',#4304);
#4304 = CARTESIAN_POINT('',(5.475E-03,2.450624220212E-03,
    4.609999999998E-03));
#4305 = SURFACE_CURVE('',#4306,(#4310,#4322),.PCURVE_S1.);
#4306 = LINE('',#4307,#4308);
#4307 = CARTESIAN_POINT('',(5.475E-03,2.450624220212E-03,
    4.489999999998E-03));
#4308 = VECTOR('',#4309,1.E-03);
#4309 = DIRECTION('',(0.,0.,1.));
#4310 = PCURVE('',#4311,#4316);
#4311 = PLANE('',#4312);
#4312 = AXIS2_PLACEMENT_3D('',#4313,#4314,#4315);
#4313 = CARTESIAN_POINT('',(5.475E-03,2.450624220212E-03,
    4.489999999998E-03));
#4314 = DIRECTION('',(0.,-1.,0.));
#4315 = DIRECTION('',(-1.,0.,0.));
#4316 = DEFINITIONAL_REPRESENTATION('',(#4317),#4321);
#4317 = LINE('',#4318,#4319);
#4318 = CARTESIAN_POINT('',(0.,0.));
#4319 = VECTOR('',#4320,1.);
#4320 = DIRECTION('',(0.,-1.));
#4321 = ( GEOMETRIC_REPRESENTATION_CONTEXT(2) 
PARAMETRIC_REPRESENTATION_CONTEXT() REPRESENTATION_CONTEXT('2D SPACE',''
  ) );
#4322 = PCURVE('',#4323,#4328);
#4323 = PLANE('',#4324);
#4324 = AXIS2_PLACEMENT_3D('',#4325,#4326,#4327);
#4325 = CARTESIAN_POINT('',(5.475E-03,8.506242202119E-04,
    4.489999999998E-03));
#4326 = DIRECTION('',(-1.,0.,0.));
#4327 = DIRECTION('',(0.,1.,0.));
#4328 = DEFINITIONAL_REPRESENTATION('',(#4329),#4333);
#4329 = LINE('',#4330,#4331);
#4330 = CARTESIAN_POINT('',(1.6E-03,0.));
#4331 = VECTOR('',#4332,1.);
#4332 = DIRECTION('',(0.,-1.));
#4333 = ( GEOMETRIC_REPRESENTATION_CONTEXT(2) 
PARAMETRIC_REPRESENTATION_CONTEXT() REPRESENTATION_CONTEXT('2D SPACE',''
  ) );
#4334 = ORIENTED_EDGE('',*,*,#4335,.T.);
#4335 = EDGE_CURVE('',#4303,#4336,#4338,.T.);
#4336 = VERTEX_POINT('',#4337);
#4337 = CARTESIAN_POINT('',(5.155E-03,2.450624220212E-03,
    4.609999999998E-03));
#4338 = SURFACE_CURVE('',#4339,(#4343,#4350),.PCURVE_S1.);
#4339 = LINE('',#4340,#4341);
#4340 = CARTESIAN_POINT('',(5.475E-03,2.450624220212E-03,
    4.609999999998E-03));
#4341 = VECTOR('',#4342,1.E-03);
#4342 = DIRECTION('',(-1.,0.,0.));
#4343 = PCURVE('',#4311,#4344);
#4344 = DEFINITIONAL_REPRESENTATION('',(#4345),#4349);
#4345 = LINE('',#4346,#4347);
#4346 = CARTESIAN_POINT('',(0.,-1.2E-04));
#4347 = VECTOR('',#4348,1.);
#4348 = DIRECTION('',(1.,0.));
#4349 = ( GEOMETRIC_REPRESENTATION_CONTEXT(2) 
PARAMETRIC_REPRESENTATION_CONTEXT() REPRESENTATION_CONTEXT('2D SPACE',''
  ) );
#4350 = PCURVE('',#4351,#4356);
#4351 = PLANE('',#4352);
#4352 = AXIS2_PLACEMENT_3D('',#4353,#4354,#4355);
#4353 = CARTESIAN_POINT('',(5.315E-03,1.650624220212E-03,
    4.609999999998E-03));
#4354 = DIRECTION('',(0.,0.,1.));
#4355 = DIRECTION('',(-1.,0.,0.));
#4356 = DEFINITIONAL_REPRESENTATION('',(#4357),#4361);
#4357 = LINE('',#4358,#4359);
#4358 = CARTESIAN_POINT('',(-1.6E-04,-8.E-04));
#4359 = VECTOR('',#4360,1.);
#4360 = DIRECTION('',(1.,0.));
#4361 = ( GEOMETRIC_REPRESENTATION_CONTEXT(2) 
PARAMETRIC_REPRESENTATION_CONTEXT() REPRESENTATION_CONTEXT('2D SPACE',''
  ) );
#4362 = ORIENTED_EDGE('',*,*,#4363,.F.);
#4363 = EDGE_CURVE('',#4364,#4336,#4366,.T.);
#4364 = VERTEX_POINT('',#4365);
#4365 = CARTESIAN_POINT('',(5.155E-03,2.450624220212E-03,
    4.489999999998E-03));
#4366 = SURFACE_CURVE('',#4367,(#4371,#4378),.PCURVE_S1.);
#4367 = LINE('',#4368,#4369);
#4368 = CARTESIAN_POINT('',(5.155E-03,2.450624220212E-03,
    4.489999999998E-03));
#4369 = VECTOR('',#4370,1.E-03);
#4370 = DIRECTION('',(0.,0.,1.));
#4371 = PCURVE('',#4311,#4372);
#4372 = DEFINITIONAL_REPRESENTATION('',(#4373),#4377);
#4373 = LINE('',#4374,#4375);
#4374 = CARTESIAN_POINT('',(3.2E-04,0.));
#4375 = VECTOR('',#4376,1.);
#4376 = DIRECTION('',(0.,-1.));
#4377 = ( GEOMETRIC_REPRESENTATION_CONTEXT(2) 
PARAMETRIC_REPRESENTATION_CONTEXT() REPRESENTATION_CONTEXT('2D SPACE',''
  ) );
#4378 = PCURVE('',#4379,#4384);
#4379 = PLANE('',#4380);
#4380 = AXIS2_PLACEMENT_3D('',#4381,#4382,#4383);
#4381 = CARTESIAN_POINT('',(5.155E-03,2.450624220212E-03,
    4.489999999998E-03));
#4382 = DIRECTION('',(1.,0.,0.));
#4383 = DIRECTION('',(0.,-1.,0.));
#4384 = DEFINITIONAL_REPRESENTATION('',(#4385),#4389);
#4385 = LINE('',#4386,#4387);
#4386 = CARTESIAN_POINT('',(0.,0.));
#4387 = VECTOR('',#4388,1.);
#4388 = DIRECTION('',(0.,-1.));
#4389 = ( GEOMETRIC_REPRESENTATION_CONTEXT(2) 
PARAMETRIC_REPRESENTATION_CONTEXT() REPRESENTATION_CONTEXT('2D SPACE',''
  ) );
#4390 = ORIENTED_EDGE('',*,*,#4391,.F.);
#4391 = EDGE_CURVE('',#4301,#4364,#4392,.T.);
#4392 = SURFACE_CURVE('',#4393,(#4397,#4404),.PCURVE_S1.);
#4393 = LINE('',#4394,#4395);
#4394 = CARTESIAN_POINT('',(5.475E-03,2.450624220212E-03,
    4.489999999998E-03));
#4395 = VECTOR('',#4396,1.E-03);
#4396 = DIRECTION('',(-1.,0.,0.));
#4397 = PCURVE('',#4311,#4398);
#4398 = DEFINITIONAL_REPRESENTATION('',(#4399),#4403);
#4399 = LINE('',#4400,#4401);
#4400 = CARTESIAN_POINT('',(0.,0.));
#4401 = VECTOR('',#4402,1.);
#4402 = DIRECTION('',(1.,0.));
#4403 = ( GEOMETRIC_REPRESENTATION_CONTEXT(2) 
PARAMETRIC_REPRESENTATION_CONTEXT() REPRESENTATION_CONTEXT('2D SPACE',''
  ) );
#4404 = PCURVE('',#4405,#4410);
#4405 = PLANE('',#4406);
#4406 = AXIS2_PLACEMENT_3D('',#4407,#4408,#4409);
#4407 = CARTESIAN_POINT('',(5.315E-03,1.650624220212E-03,
    4.489999999998E-03));
#4408 = DIRECTION('',(0.,0.,1.));
#4409 = DIRECTION('',(-1.,0.,0.));
#4410 = DEFINITIONAL_REPRESENTATION('',(#4411),#4415);
#4411 = LINE('',#4412,#4413);
#4412 = CARTESIAN_POINT('',(-1.6E-04,-8.E-04));
#4413 = VECTOR('',#4414,1.);
#4414 = DIRECTION('',(1.,0.));
#4415 = ( GEOMETRIC_REPRESENTATION_CONTEXT(2) 
PARAMETRIC_REPRESENTATION_CONTEXT() REPRESENTATION_CONTEXT('2D SPACE',''
  ) );
#4416 = ADVANCED_FACE('',(#4417),#4379,.F.);
#4417 = FACE_BOUND('',#4418,.F.);
#4418 = EDGE_LOOP('',(#4419,#4420,#4443,#4471));
#4419 = ORIENTED_EDGE('',*,*,#4363,.T.);
#4420 = ORIENTED_EDGE('',*,*,#4421,.T.);
#4421 = EDGE_CURVE('',#4336,#4422,#4424,.T.);
#4422 = VERTEX_POINT('',#4423);
#4423 = CARTESIAN_POINT('',(5.155E-03,8.506242202119E-04,
    4.609999999998E-03));
#4424 = SURFACE_CURVE('',#4425,(#4429,#4436),.PCURVE_S1.);
#4425 = LINE('',#4426,#4427);
#4426 = CARTESIAN_POINT('',(5.155E-03,2.450624220212E-03,
    4.609999999998E-03));
#4427 = VECTOR('',#4428,1.E-03);
#4428 = DIRECTION('',(0.,-1.,0.));
#4429 = PCURVE('',#4379,#4430);
#4430 = DEFINITIONAL_REPRESENTATION('',(#4431),#4435);
#4431 = LINE('',#4432,#4433);
#4432 = CARTESIAN_POINT('',(0.,-1.2E-04));
#4433 = VECTOR('',#4434,1.);
#4434 = DIRECTION('',(1.,0.));
#4435 = ( GEOMETRIC_REPRESENTATION_CONTEXT(2) 
PARAMETRIC_REPRESENTATION_CONTEXT() REPRESENTATION_CONTEXT('2D SPACE',''
  ) );
#4436 = PCURVE('',#4351,#4437);
#4437 = DEFINITIONAL_REPRESENTATION('',(#4438),#4442);
#4438 = LINE('',#4439,#4440);
#4439 = CARTESIAN_POINT('',(1.6E-04,-8.E-04));
#4440 = VECTOR('',#4441,1.);
#4441 = DIRECTION('',(0.,1.));
#4442 = ( GEOMETRIC_REPRESENTATION_CONTEXT(2) 
PARAMETRIC_REPRESENTATION_CONTEXT() REPRESENTATION_CONTEXT('2D SPACE',''
  ) );
#4443 = ORIENTED_EDGE('',*,*,#4444,.F.);
#4444 = EDGE_CURVE('',#4445,#4422,#4447,.T.);
#4445 = VERTEX_POINT('',#4446);
#4446 = CARTESIAN_POINT('',(5.155E-03,8.506242202119E-04,
    4.489999999998E-03));
#4447 = SURFACE_CURVE('',#4448,(#4452,#4459),.PCURVE_S1.);
#4448 = LINE('',#4449,#4450);
#4449 = CARTESIAN_POINT('',(5.155E-03,8.506242202119E-04,
    4.489999999998E-03));
#4450 = VECTOR('',#4451,1.E-03);
#4451 = DIRECTION('',(0.,0.,1.));
#4452 = PCURVE('',#4379,#4453);
#4453 = DEFINITIONAL_REPRESENTATION('',(#4454),#4458);
#4454 = LINE('',#4455,#4456);
#4455 = CARTESIAN_POINT('',(1.6E-03,0.));
#4456 = VECTOR('',#4457,1.);
#4457 = DIRECTION('',(0.,-1.));
#4458 = ( GEOMETRIC_REPRESENTATION_CONTEXT(2) 
PARAMETRIC_REPRESENTATION_CONTEXT() REPRESENTATION_CONTEXT('2D SPACE',''
  ) );
#4459 = PCURVE('',#4460,#4465);
#4460 = PLANE('',#4461);
#4461 = AXIS2_PLACEMENT_3D('',#4462,#4463,#4464);
#4462 = CARTESIAN_POINT('',(5.155E-03,8.506242202119E-04,
    4.489999999998E-03));
#4463 = DIRECTION('',(0.,1.,0.));
#4464 = DIRECTION('',(1.,0.,0.));
#4465 = DEFINITIONAL_REPRESENTATION('',(#4466),#4470);
#4466 = LINE('',#4467,#4468);
#4467 = CARTESIAN_POINT('',(0.,-0.));
#4468 = VECTOR('',#4469,1.);
#4469 = DIRECTION('',(0.,-1.));
#4470 = ( GEOMETRIC_REPRESENTATION_CONTEXT(2) 
PARAMETRIC_REPRESENTATION_CONTEXT() REPRESENTATION_CONTEXT('2D SPACE',''
  ) );
#4471 = ORIENTED_EDGE('',*,*,#4472,.F.);
#4472 = EDGE_CURVE('',#4364,#4445,#4473,.T.);
#4473 = SURFACE_CURVE('',#4474,(#4478,#4485),.PCURVE_S1.);
#4474 = LINE('',#4475,#4476);
#4475 = CARTESIAN_POINT('',(5.155E-03,2.450624220212E-03,
    4.489999999998E-03));
#4476 = VECTOR('',#4477,1.E-03);
#4477 = DIRECTION('',(0.,-1.,0.));
#4478 = PCURVE('',#4379,#4479);
#4479 = DEFINITIONAL_REPRESENTATION('',(#4480),#4484);
#4480 = LINE('',#4481,#4482);
#4481 = CARTESIAN_POINT('',(0.,0.));
#4482 = VECTOR('',#4483,1.);
#4483 = DIRECTION('',(1.,0.));
#4484 = ( GEOMETRIC_REPRESENTATION_CONTEXT(2) 
PARAMETRIC_REPRESENTATION_CONTEXT() REPRESENTATION_CONTEXT('2D SPACE',''
  ) );
#4485 = PCURVE('',#4405,#4486);
#4486 = DEFINITIONAL_REPRESENTATION('',(#4487),#4491);
#4487 = LINE('',#4488,#4489);
#4488 = CARTESIAN_POINT('',(1.6E-04,-8.E-04));
#4489 = VECTOR('',#4490,1.);
#4490 = DIRECTION('',(0.,1.));
#4491 = ( GEOMETRIC_REPRESENTATION_CONTEXT(2) 
PARAMETRIC_REPRESENTATION_CONTEXT() REPRESENTATION_CONTEXT('2D SPACE',''
  ) );
#4492 = ADVANCED_FACE('',(#4493),#4460,.F.);
#4493 = FACE_BOUND('',#4494,.F.);
#4494 = EDGE_LOOP('',(#4495,#4496,#4519,#4542));
#4495 = ORIENTED_EDGE('',*,*,#4444,.T.);
#4496 = ORIENTED_EDGE('',*,*,#4497,.T.);
#4497 = EDGE_CURVE('',#4422,#4498,#4500,.T.);
#4498 = VERTEX_POINT('',#4499);
#4499 = CARTESIAN_POINT('',(5.475E-03,8.506242202119E-04,
    4.609999999998E-03));
#4500 = SURFACE_CURVE('',#4501,(#4505,#4512),.PCURVE_S1.);
#4501 = LINE('',#4502,#4503);
#4502 = CARTESIAN_POINT('',(5.155E-03,8.506242202119E-04,
    4.609999999998E-03));
#4503 = VECTOR('',#4504,1.E-03);
#4504 = DIRECTION('',(1.,0.,0.));
#4505 = PCURVE('',#4460,#4506);
#4506 = DEFINITIONAL_REPRESENTATION('',(#4507),#4511);
#4507 = LINE('',#4508,#4509);
#4508 = CARTESIAN_POINT('',(0.,-1.2E-04));
#4509 = VECTOR('',#4510,1.);
#4510 = DIRECTION('',(1.,0.));
#4511 = ( GEOMETRIC_REPRESENTATION_CONTEXT(2) 
PARAMETRIC_REPRESENTATION_CONTEXT() REPRESENTATION_CONTEXT('2D SPACE',''
  ) );
#4512 = PCURVE('',#4351,#4513);
#4513 = DEFINITIONAL_REPRESENTATION('',(#4514),#4518);
#4514 = LINE('',#4515,#4516);
#4515 = CARTESIAN_POINT('',(1.6E-04,8.E-04));
#4516 = VECTOR('',#4517,1.);
#4517 = DIRECTION('',(-1.,0.));
#4518 = ( GEOMETRIC_REPRESENTATION_CONTEXT(2) 
PARAMETRIC_REPRESENTATION_CONTEXT() REPRESENTATION_CONTEXT('2D SPACE',''
  ) );
#4519 = ORIENTED_EDGE('',*,*,#4520,.F.);
#4520 = EDGE_CURVE('',#4521,#4498,#4523,.T.);
#4521 = VERTEX_POINT('',#4522);
#4522 = CARTESIAN_POINT('',(5.475E-03,8.506242202119E-04,
    4.489999999998E-03));
#4523 = SURFACE_CURVE('',#4524,(#4528,#4535),.PCURVE_S1.);
#4524 = LINE('',#4525,#4526);
#4525 = CARTESIAN_POINT('',(5.475E-03,8.506242202119E-04,
    4.489999999998E-03));
#4526 = VECTOR('',#4527,1.E-03);
#4527 = DIRECTION('',(0.,0.,1.));
#4528 = PCURVE('',#4460,#4529);
#4529 = DEFINITIONAL_REPRESENTATION('',(#4530),#4534);
#4530 = LINE('',#4531,#4532);
#4531 = CARTESIAN_POINT('',(3.2E-04,0.));
#4532 = VECTOR('',#4533,1.);
#4533 = DIRECTION('',(0.,-1.));
#4534 = ( GEOMETRIC_REPRESENTATION_CONTEXT(2) 
PARAMETRIC_REPRESENTATION_CONTEXT() REPRESENTATION_CONTEXT('2D SPACE',''
  ) );
#4535 = PCURVE('',#4323,#4536);
#4536 = DEFINITIONAL_REPRESENTATION('',(#4537),#4541);
#4537 = LINE('',#4538,#4539);
#4538 = CARTESIAN_POINT('',(0.,0.));
#4539 = VECTOR('',#4540,1.);
#4540 = DIRECTION('',(0.,-1.));
#4541 = ( GEOMETRIC_REPRESENTATION_CONTEXT(2) 
PARAMETRIC_REPRESENTATION_CONTEXT() REPRESENTATION_CONTEXT('2D SPACE',''
  ) );
#4542 = ORIENTED_EDGE('',*,*,#4543,.F.);
#4543 = EDGE_CURVE('',#4445,#4521,#4544,.T.);
#4544 = SURFACE_CURVE('',#4545,(#4549,#4556),.PCURVE_S1.);
#4545 = LINE('',#4546,#4547);
#4546 = CARTESIAN_POINT('',(5.155E-03,8.506242202119E-04,
    4.489999999998E-03));
#4547 = VECTOR('',#4548,1.E-03);
#4548 = DIRECTION('',(1.,0.,0.));
#4549 = PCURVE('',#4460,#4550);
#4550 = DEFINITIONAL_REPRESENTATION('',(#4551),#4555);
#4551 = LINE('',#4552,#4553);
#4552 = CARTESIAN_POINT('',(0.,-0.));
#4553 = VECTOR('',#4554,1.);
#4554 = DIRECTION('',(1.,0.));
#4555 = ( GEOMETRIC_REPRESENTATION_CONTEXT(2) 
PARAMETRIC_REPRESENTATION_CONTEXT() REPRESENTATION_CONTEXT('2D SPACE',''
  ) );
#4556 = PCURVE('',#4405,#4557);
#4557 = DEFINITIONAL_REPRESENTATION('',(#4558),#4562);
#4558 = LINE('',#4559,#4560);
#4559 = CARTESIAN_POINT('',(1.6E-04,8.E-04));
#4560 = VECTOR('',#4561,1.);
#4561 = DIRECTION('',(-1.,0.));
#4562 = ( GEOMETRIC_REPRESENTATION_CONTEXT(2) 
PARAMETRIC_REPRESENTATION_CONTEXT() REPRESENTATION_CONTEXT('2D SPACE',''
  ) );
#4563 = ADVANCED_FACE('',(#4564),#4323,.F.);
#4564 = FACE_BOUND('',#4565,.F.);
#4565 = EDGE_LOOP('',(#4566,#4567,#4588,#4589));
#4566 = ORIENTED_EDGE('',*,*,#4520,.T.);
#4567 = ORIENTED_EDGE('',*,*,#4568,.T.);
#4568 = EDGE_CURVE('',#4498,#4303,#4569,.T.);
#4569 = SURFACE_CURVE('',#4570,(#4574,#4581),.PCURVE_S1.);
#4570 = LINE('',#4571,#4572);
#4571 = CARTESIAN_POINT('',(5.475E-03,8.506242202119E-04,
    4.609999999998E-03));
#4572 = VECTOR('',#4573,1.E-03);
#4573 = DIRECTION('',(0.,1.,0.));
#4574 = PCURVE('',#4323,#4575);
#4575 = DEFINITIONAL_REPRESENTATION('',(#4576),#4580);
#4576 = LINE('',#4577,#4578);
#4577 = CARTESIAN_POINT('',(0.,-1.2E-04));
#4578 = VECTOR('',#4579,1.);
#4579 = DIRECTION('',(1.,0.));
#4580 = ( GEOMETRIC_REPRESENTATION_CONTEXT(2) 
PARAMETRIC_REPRESENTATION_CONTEXT() REPRESENTATION_CONTEXT('2D SPACE',''
  ) );
#4581 = PCURVE('',#4351,#4582);
#4582 = DEFINITIONAL_REPRESENTATION('',(#4583),#4587);
#4583 = LINE('',#4584,#4585);
#4584 = CARTESIAN_POINT('',(-1.6E-04,8.E-04));
#4585 = VECTOR('',#4586,1.);
#4586 = DIRECTION('',(0.,-1.));
#4587 = ( GEOMETRIC_REPRESENTATION_CONTEXT(2) 
PARAMETRIC_REPRESENTATION_CONTEXT() REPRESENTATION_CONTEXT('2D SPACE',''
  ) );
#4588 = ORIENTED_EDGE('',*,*,#4300,.F.);
#4589 = ORIENTED_EDGE('',*,*,#4590,.F.);
#4590 = EDGE_CURVE('',#4521,#4301,#4591,.T.);
#4591 = SURFACE_CURVE('',#4592,(#4596,#4603),.PCURVE_S1.);
#4592 = LINE('',#4593,#4594);
#4593 = CARTESIAN_POINT('',(5.475E-03,8.506242202119E-04,
    4.489999999998E-03));
#4594 = VECTOR('',#4595,1.E-03);
#4595 = DIRECTION('',(0.,1.,0.));
#4596 = PCURVE('',#4323,#4597);
#4597 = DEFINITIONAL_REPRESENTATION('',(#4598),#4602);
#4598 = LINE('',#4599,#4600);
#4599 = CARTESIAN_POINT('',(0.,0.));
#4600 = VECTOR('',#4601,1.);
#4601 = DIRECTION('',(1.,0.));
#4602 = ( GEOMETRIC_REPRESENTATION_CONTEXT(2) 
PARAMETRIC_REPRESENTATION_CONTEXT() REPRESENTATION_CONTEXT('2D SPACE',''
  ) );
#4603 = PCURVE('',#4405,#4604);
#4604 = DEFINITIONAL_REPRESENTATION('',(#4605),#4609);
#4605 = LINE('',#4606,#4607);
#4606 = CARTESIAN_POINT('',(-1.6E-04,8.E-04));
#4607 = VECTOR('',#4608,1.);
#4608 = DIRECTION('',(0.,-1.));
#4609 = ( GEOMETRIC_REPRESENTATION_CONTEXT(2) 
PARAMETRIC_REPRESENTATION_CONTEXT() REPRESENTATION_CONTEXT('2D SPACE',''
  ) );
#4610 = ADVANCED_FACE('',(#4611),#4405,.F.);
#4611 = FACE_BOUND('',#4612,.F.);
#4612 = EDGE_LOOP('',(#4613,#4614,#4615,#4616));
#4613 = ORIENTED_EDGE('',*,*,#4391,.T.);
#4614 = ORIENTED_EDGE('',*,*,#4472,.T.);
#4615 = ORIENTED_EDGE('',*,*,#4543,.T.);
#4616 = ORIENTED_EDGE('',*,*,#4590,.T.);
#4617 = ADVANCED_FACE('',(#4618),#4351,.T.);
#4618 = FACE_BOUND('',#4619,.T.);
#4619 = EDGE_LOOP('',(#4620,#4621,#4622,#4623));
#4620 = ORIENTED_EDGE('',*,*,#4335,.T.);
#4621 = ORIENTED_EDGE('',*,*,#4421,.T.);
#4622 = ORIENTED_EDGE('',*,*,#4497,.T.);
#4623 = ORIENTED_EDGE('',*,*,#4568,.T.);
#4624 = ( GEOMETRIC_REPRESENTATION_CONTEXT(3) 
GLOBAL_UNCERTAINTY_ASSIGNED_CONTEXT((#4628)) 
GLOBAL_UNIT_ASSIGNED_CONTEXT((#4625,#4626,#4627)) REPRESENTATION_CONTEXT
('Context #1','3D Context with UNIT and UNCERTAINTY') );
#4625 = ( LENGTH_UNIT() NAMED_UNIT(*) SI_UNIT($,.METRE.) );
#4626 = ( NAMED_UNIT(*) PLANE_ANGLE_UNIT() SI_UNIT($,.RADIAN.) );
#4627 = ( NAMED_UNIT(*) SI_UNIT($,.STERADIAN.) SOLID_ANGLE_UNIT() );
#4628 = UNCERTAINTY_MEASURE_WITH_UNIT(LENGTH_MEASURE(1.E-08),#4625,
  'distance_accuracy_value','confusion accuracy');
#4629 = PRODUCT_RELATED_PRODUCT_CATEGORY('detail',$,(#4290));
#4630 = PRODUCT_CATEGORY_RELATIONSHIP('','',#4631,#4629);
#4631 = PRODUCT_CATEGORY('part',$);
#4632 = CC_DESIGN_PERSON_AND_ORGANIZATION_ASSIGNMENT(#354,#357,(#4289,
    #4288));
#4633 = CC_DESIGN_PERSON_AND_ORGANIZATION_ASSIGNMENT(#354,#359,(#4290));
#4634 = CC_DESIGN_PERSON_AND_ORGANIZATION_ASSIGNMENT(#354,#361,(#4289));
#4635 = CC_DESIGN_PERSON_AND_ORGANIZATION_ASSIGNMENT(#354,#363,(#4636));
#4636 = SECURITY_CLASSIFICATION('','',#365);
#4637 = CC_DESIGN_SECURITY_CLASSIFICATION(#4636,(#4289));
#4638 = CC_DESIGN_DATE_AND_TIME_ASSIGNMENT(#368,#372,(#4288));
#4639 = CC_DESIGN_DATE_AND_TIME_ASSIGNMENT(#368,#374,(#4636));
#4640 = CC_DESIGN_APPROVAL(#376,(#4289,#4288,#4636));
#4641 = SHAPE_DEFINITION_REPRESENTATION(#4642,#4648);
#4642 = PRODUCT_DEFINITION_SHAPE('','',#4643);
#4643 = PRODUCT_DEFINITION('design','',#4644,#4647);
#4644 = PRODUCT_DEFINITION_FORMATION_WITH_SPECIFIED_SOURCE('','',#4645,
  .NOT_KNOWN.);
#4645 = PRODUCT('Timber_0.02_m 14','Timber_0.02_m 14','',(#4646));
#4646 = MECHANICAL_CONTEXT('',#2,'mechanical');
#4647 = DESIGN_CONTEXT('',#2,'design');
#4648 = ADVANCED_BREP_SHAPE_REPRESENTATION('',(#11,#4649),#4979);
#4649 = MANIFOLD_SOLID_BREP('Timber_0.02_m',#4650);
#4650 = CLOSED_SHELL('',(#4651,#4771,#4847,#4918,#4965,#4972));
#4651 = ADVANCED_FACE('',(#4652),#4666,.F.);
#4652 = FACE_BOUND('',#4653,.F.);
#4653 = EDGE_LOOP('',(#4654,#4689,#4717,#4745));
#4654 = ORIENTED_EDGE('',*,*,#4655,.T.);
#4655 = EDGE_CURVE('',#4656,#4658,#4660,.T.);
#4656 = VERTEX_POINT('',#4657);
#4657 = CARTESIAN_POINT('',(5.475E-03,4.950624220212E-03,
    4.489999999998E-03));
#4658 = VERTEX_POINT('',#4659);
#4659 = CARTESIAN_POINT('',(5.475E-03,4.950624220212E-03,
    4.609999999998E-03));
#4660 = SURFACE_CURVE('',#4661,(#4665,#4677),.PCURVE_S1.);
#4661 = LINE('',#4662,#4663);
#4662 = CARTESIAN_POINT('',(5.475E-03,4.950624220212E-03,
    4.489999999998E-03));
#4663 = VECTOR('',#4664,1.E-03);
#4664 = DIRECTION('',(0.,0.,1.));
#4665 = PCURVE('',#4666,#4671);
#4666 = PLANE('',#4667);
#4667 = AXIS2_PLACEMENT_3D('',#4668,#4669,#4670);
#4668 = CARTESIAN_POINT('',(5.475E-03,4.950624220212E-03,
    4.489999999998E-03));
#4669 = DIRECTION('',(0.,-1.,0.));
#4670 = DIRECTION('',(-1.,0.,0.));
#4671 = DEFINITIONAL_REPRESENTATION('',(#4672),#4676);
#4672 = LINE('',#4673,#4674);
#4673 = CARTESIAN_POINT('',(0.,0.));
#4674 = VECTOR('',#4675,1.);
#4675 = DIRECTION('',(0.,-1.));
#4676 = ( GEOMETRIC_REPRESENTATION_CONTEXT(2) 
PARAMETRIC_REPRESENTATION_CONTEXT() REPRESENTATION_CONTEXT('2D SPACE',''
  ) );
#4677 = PCURVE('',#4678,#4683);
#4678 = PLANE('',#4679);
#4679 = AXIS2_PLACEMENT_3D('',#4680,#4681,#4682);
#4680 = CARTESIAN_POINT('',(5.475E-03,3.350624220212E-03,
    4.489999999998E-03));
#4681 = DIRECTION('',(-1.,0.,0.));
#4682 = DIRECTION('',(0.,1.,0.));
#4683 = DEFINITIONAL_REPRESENTATION('',(#4684),#4688);
#4684 = LINE('',#4685,#4686);
#4685 = CARTESIAN_POINT('',(1.6E-03,0.));
#4686 = VECTOR('',#4687,1.);
#4687 = DIRECTION('',(0.,-1.));
#4688 = ( GEOMETRIC_REPRESENTATION_CONTEXT(2) 
PARAMETRIC_REPRESENTATION_CONTEXT() REPRESENTATION_CONTEXT('2D SPACE',''
  ) );
#4689 = ORIENTED_EDGE('',*,*,#4690,.T.);
#4690 = EDGE_CURVE('',#4658,#4691,#4693,.T.);
#4691 = VERTEX_POINT('',#4692);
#4692 = CARTESIAN_POINT('',(5.155E-03,4.950624220212E-03,
    4.609999999998E-03));
#4693 = SURFACE_CURVE('',#4694,(#4698,#4705),.PCURVE_S1.);
#4694 = LINE('',#4695,#4696);
#4695 = CARTESIAN_POINT('',(5.475E-03,4.950624220212E-03,
    4.609999999998E-03));
#4696 = VECTOR('',#4697,1.E-03);
#4697 = DIRECTION('',(-1.,0.,0.));
#4698 = PCURVE('',#4666,#4699);
#4699 = DEFINITIONAL_REPRESENTATION('',(#4700),#4704);
#4700 = LINE('',#4701,#4702);
#4701 = CARTESIAN_POINT('',(0.,-1.2E-04));
#4702 = VECTOR('',#4703,1.);
#4703 = DIRECTION('',(1.,0.));
#4704 = ( GEOMETRIC_REPRESENTATION_CONTEXT(2) 
PARAMETRIC_REPRESENTATION_CONTEXT() REPRESENTATION_CONTEXT('2D SPACE',''
  ) );
#4705 = PCURVE('',#4706,#4711);
#4706 = PLANE('',#4707);
#4707 = AXIS2_PLACEMENT_3D('',#4708,#4709,#4710);
#4708 = CARTESIAN_POINT('',(5.315E-03,4.150624220212E-03,
    4.609999999998E-03));
#4709 = DIRECTION('',(0.,0.,1.));
#4710 = DIRECTION('',(-1.,0.,0.));
#4711 = DEFINITIONAL_REPRESENTATION('',(#4712),#4716);
#4712 = LINE('',#4713,#4714);
#4713 = CARTESIAN_POINT('',(-1.6E-04,-8.E-04));
#4714 = VECTOR('',#4715,1.);
#4715 = DIRECTION('',(1.,0.));
#4716 = ( GEOMETRIC_REPRESENTATION_CONTEXT(2) 
PARAMETRIC_REPRESENTATION_CONTEXT() REPRESENTATION_CONTEXT('2D SPACE',''
  ) );
#4717 = ORIENTED_EDGE('',*,*,#4718,.F.);
#4718 = EDGE_CURVE('',#4719,#4691,#4721,.T.);
#4719 = VERTEX_POINT('',#4720);
#4720 = CARTESIAN_POINT('',(5.155E-03,4.950624220212E-03,
    4.489999999998E-03));
#4721 = SURFACE_CURVE('',#4722,(#4726,#4733),.PCURVE_S1.);
#4722 = LINE('',#4723,#4724);
#4723 = CARTESIAN_POINT('',(5.155E-03,4.950624220212E-03,
    4.489999999998E-03));
#4724 = VECTOR('',#4725,1.E-03);
#4725 = DIRECTION('',(0.,0.,1.));
#4726 = PCURVE('',#4666,#4727);
#4727 = DEFINITIONAL_REPRESENTATION('',(#4728),#4732);
#4728 = LINE('',#4729,#4730);
#4729 = CARTESIAN_POINT('',(3.2E-04,0.));
#4730 = VECTOR('',#4731,1.);
#4731 = DIRECTION('',(0.,-1.));
#4732 = ( GEOMETRIC_REPRESENTATION_CONTEXT(2) 
PARAMETRIC_REPRESENTATION_CONTEXT() REPRESENTATION_CONTEXT('2D SPACE',''
  ) );
#4733 = PCURVE('',#4734,#4739);
#4734 = PLANE('',#4735);
#4735 = AXIS2_PLACEMENT_3D('',#4736,#4737,#4738);
#4736 = CARTESIAN_POINT('',(5.155E-03,4.950624220212E-03,
    4.489999999998E-03));
#4737 = DIRECTION('',(1.,0.,0.));
#4738 = DIRECTION('',(0.,-1.,0.));
#4739 = DEFINITIONAL_REPRESENTATION('',(#4740),#4744);
#4740 = LINE('',#4741,#4742);
#4741 = CARTESIAN_POINT('',(0.,0.));
#4742 = VECTOR('',#4743,1.);
#4743 = DIRECTION('',(0.,-1.));
#4744 = ( GEOMETRIC_REPRESENTATION_CONTEXT(2) 
PARAMETRIC_REPRESENTATION_CONTEXT() REPRESENTATION_CONTEXT('2D SPACE',''
  ) );
#4745 = ORIENTED_EDGE('',*,*,#4746,.F.);
#4746 = EDGE_CURVE('',#4656,#4719,#4747,.T.);
#4747 = SURFACE_CURVE('',#4748,(#4752,#4759),.PCURVE_S1.);
#4748 = LINE('',#4749,#4750);
#4749 = CARTESIAN_POINT('',(5.475E-03,4.950624220212E-03,
    4.489999999998E-03));
#4750 = VECTOR('',#4751,1.E-03);
#4751 = DIRECTION('',(-1.,0.,0.));
#4752 = PCURVE('',#4666,#4753);
#4753 = DEFINITIONAL_REPRESENTATION('',(#4754),#4758);
#4754 = LINE('',#4755,#4756);
#4755 = CARTESIAN_POINT('',(0.,0.));
#4756 = VECTOR('',#4757,1.);
#4757 = DIRECTION('',(1.,0.));
#4758 = ( GEOMETRIC_REPRESENTATION_CONTEXT(2) 
PARAMETRIC_REPRESENTATION_CONTEXT() REPRESENTATION_CONTEXT('2D SPACE',''
  ) );
#4759 = PCURVE('',#4760,#4765);
#4760 = PLANE('',#4761);
#4761 = AXIS2_PLACEMENT_3D('',#4762,#4763,#4764);
#4762 = CARTESIAN_POINT('',(5.315E-03,4.150624220212E-03,
    4.489999999998E-03));
#4763 = DIRECTION('',(0.,0.,1.));
#4764 = DIRECTION('',(-1.,0.,0.));
#4765 = DEFINITIONAL_REPRESENTATION('',(#4766),#4770);
#4766 = LINE('',#4767,#4768);
#4767 = CARTESIAN_POINT('',(-1.6E-04,-8.E-04));
#4768 = VECTOR('',#4769,1.);
#4769 = DIRECTION('',(1.,0.));
#4770 = ( GEOMETRIC_REPRESENTATION_CONTEXT(2) 
PARAMETRIC_REPRESENTATION_CONTEXT() REPRESENTATION_CONTEXT('2D SPACE',''
  ) );
#4771 = ADVANCED_FACE('',(#4772),#4734,.F.);
#4772 = FACE_BOUND('',#4773,.F.);
#4773 = EDGE_LOOP('',(#4774,#4775,#4798,#4826));
#4774 = ORIENTED_EDGE('',*,*,#4718,.T.);
#4775 = ORIENTED_EDGE('',*,*,#4776,.T.);
#4776 = EDGE_CURVE('',#4691,#4777,#4779,.T.);
#4777 = VERTEX_POINT('',#4778);
#4778 = CARTESIAN_POINT('',(5.155E-03,3.350624220212E-03,
    4.609999999998E-03));
#4779 = SURFACE_CURVE('',#4780,(#4784,#4791),.PCURVE_S1.);
#4780 = LINE('',#4781,#4782);
#4781 = CARTESIAN_POINT('',(5.155E-03,4.950624220212E-03,
    4.609999999998E-03));
#4782 = VECTOR('',#4783,1.E-03);
#4783 = DIRECTION('',(0.,-1.,0.));
#4784 = PCURVE('',#4734,#4785);
#4785 = DEFINITIONAL_REPRESENTATION('',(#4786),#4790);
#4786 = LINE('',#4787,#4788);
#4787 = CARTESIAN_POINT('',(0.,-1.2E-04));
#4788 = VECTOR('',#4789,1.);
#4789 = DIRECTION('',(1.,0.));
#4790 = ( GEOMETRIC_REPRESENTATION_CONTEXT(2) 
PARAMETRIC_REPRESENTATION_CONTEXT() REPRESENTATION_CONTEXT('2D SPACE',''
  ) );
#4791 = PCURVE('',#4706,#4792);
#4792 = DEFINITIONAL_REPRESENTATION('',(#4793),#4797);
#4793 = LINE('',#4794,#4795);
#4794 = CARTESIAN_POINT('',(1.6E-04,-8.E-04));
#4795 = VECTOR('',#4796,1.);
#4796 = DIRECTION('',(0.,1.));
#4797 = ( GEOMETRIC_REPRESENTATION_CONTEXT(2) 
PARAMETRIC_REPRESENTATION_CONTEXT() REPRESENTATION_CONTEXT('2D SPACE',''
  ) );
#4798 = ORIENTED_EDGE('',*,*,#4799,.F.);
#4799 = EDGE_CURVE('',#4800,#4777,#4802,.T.);
#4800 = VERTEX_POINT('',#4801);
#4801 = CARTESIAN_POINT('',(5.155E-03,3.350624220212E-03,
    4.489999999998E-03));
#4802 = SURFACE_CURVE('',#4803,(#4807,#4814),.PCURVE_S1.);
#4803 = LINE('',#4804,#4805);
#4804 = CARTESIAN_POINT('',(5.155E-03,3.350624220212E-03,
    4.489999999998E-03));
#4805 = VECTOR('',#4806,1.E-03);
#4806 = DIRECTION('',(0.,0.,1.));
#4807 = PCURVE('',#4734,#4808);
#4808 = DEFINITIONAL_REPRESENTATION('',(#4809),#4813);
#4809 = LINE('',#4810,#4811);
#4810 = CARTESIAN_POINT('',(1.6E-03,0.));
#4811 = VECTOR('',#4812,1.);
#4812 = DIRECTION('',(0.,-1.));
#4813 = ( GEOMETRIC_REPRESENTATION_CONTEXT(2) 
PARAMETRIC_REPRESENTATION_CONTEXT() REPRESENTATION_CONTEXT('2D SPACE',''
  ) );
#4814 = PCURVE('',#4815,#4820);
#4815 = PLANE('',#4816);
#4816 = AXIS2_PLACEMENT_3D('',#4817,#4818,#4819);
#4817 = CARTESIAN_POINT('',(5.155E-03,3.350624220212E-03,
    4.489999999998E-03));
#4818 = DIRECTION('',(0.,1.,0.));
#4819 = DIRECTION('',(1.,0.,0.));
#4820 = DEFINITIONAL_REPRESENTATION('',(#4821),#4825);
#4821 = LINE('',#4822,#4823);
#4822 = CARTESIAN_POINT('',(0.,-0.));
#4823 = VECTOR('',#4824,1.);
#4824 = DIRECTION('',(0.,-1.));
#4825 = ( GEOMETRIC_REPRESENTATION_CONTEXT(2) 
PARAMETRIC_REPRESENTATION_CONTEXT() REPRESENTATION_CONTEXT('2D SPACE',''
  ) );
#4826 = ORIENTED_EDGE('',*,*,#4827,.F.);
#4827 = EDGE_CURVE('',#4719,#4800,#4828,.T.);
#4828 = SURFACE_CURVE('',#4829,(#4833,#4840),.PCURVE_S1.);
#4829 = LINE('',#4830,#4831);
#4830 = CARTESIAN_POINT('',(5.155E-03,4.950624220212E-03,
    4.489999999998E-03));
#4831 = VECTOR('',#4832,1.E-03);
#4832 = DIRECTION('',(0.,-1.,0.));
#4833 = PCURVE('',#4734,#4834);
#4834 = DEFINITIONAL_REPRESENTATION('',(#4835),#4839);
#4835 = LINE('',#4836,#4837);
#4836 = CARTESIAN_POINT('',(0.,0.));
#4837 = VECTOR('',#4838,1.);
#4838 = DIRECTION('',(1.,0.));
#4839 = ( GEOMETRIC_REPRESENTATION_CONTEXT(2) 
PARAMETRIC_REPRESENTATION_CONTEXT() REPRESENTATION_CONTEXT('2D SPACE',''
  ) );
#4840 = PCURVE('',#4760,#4841);
#4841 = DEFINITIONAL_REPRESENTATION('',(#4842),#4846);
#4842 = LINE('',#4843,#4844);
#4843 = CARTESIAN_POINT('',(1.6E-04,-8.E-04));
#4844 = VECTOR('',#4845,1.);
#4845 = DIRECTION('',(0.,1.));
#4846 = ( GEOMETRIC_REPRESENTATION_CONTEXT(2) 
PARAMETRIC_REPRESENTATION_CONTEXT() REPRESENTATION_CONTEXT('2D SPACE',''
  ) );
#4847 = ADVANCED_FACE('',(#4848),#4815,.F.);
#4848 = FACE_BOUND('',#4849,.F.);
#4849 = EDGE_LOOP('',(#4850,#4851,#4874,#4897));
#4850 = ORIENTED_EDGE('',*,*,#4799,.T.);
#4851 = ORIENTED_EDGE('',*,*,#4852,.T.);
#4852 = EDGE_CURVE('',#4777,#4853,#4855,.T.);
#4853 = VERTEX_POINT('',#4854);
#4854 = CARTESIAN_POINT('',(5.475E-03,3.350624220212E-03,
    4.609999999998E-03));
#4855 = SURFACE_CURVE('',#4856,(#4860,#4867),.PCURVE_S1.);
#4856 = LINE('',#4857,#4858);
#4857 = CARTESIAN_POINT('',(5.155E-03,3.350624220212E-03,
    4.609999999998E-03));
#4858 = VECTOR('',#4859,1.E-03);
#4859 = DIRECTION('',(1.,0.,0.));
#4860 = PCURVE('',#4815,#4861);
#4861 = DEFINITIONAL_REPRESENTATION('',(#4862),#4866);
#4862 = LINE('',#4863,#4864);
#4863 = CARTESIAN_POINT('',(0.,-1.2E-04));
#4864 = VECTOR('',#4865,1.);
#4865 = DIRECTION('',(1.,0.));
#4866 = ( GEOMETRIC_REPRESENTATION_CONTEXT(2) 
PARAMETRIC_REPRESENTATION_CONTEXT() REPRESENTATION_CONTEXT('2D SPACE',''
  ) );
#4867 = PCURVE('',#4706,#4868);
#4868 = DEFINITIONAL_REPRESENTATION('',(#4869),#4873);
#4869 = LINE('',#4870,#4871);
#4870 = CARTESIAN_POINT('',(1.6E-04,8.E-04));
#4871 = VECTOR('',#4872,1.);
#4872 = DIRECTION('',(-1.,0.));
#4873 = ( GEOMETRIC_REPRESENTATION_CONTEXT(2) 
PARAMETRIC_REPRESENTATION_CONTEXT() REPRESENTATION_CONTEXT('2D SPACE',''
  ) );
#4874 = ORIENTED_EDGE('',*,*,#4875,.F.);
#4875 = EDGE_CURVE('',#4876,#4853,#4878,.T.);
#4876 = VERTEX_POINT('',#4877);
#4877 = CARTESIAN_POINT('',(5.475E-03,3.350624220212E-03,
    4.489999999998E-03));
#4878 = SURFACE_CURVE('',#4879,(#4883,#4890),.PCURVE_S1.);
#4879 = LINE('',#4880,#4881);
#4880 = CARTESIAN_POINT('',(5.475E-03,3.350624220212E-03,
    4.489999999998E-03));
#4881 = VECTOR('',#4882,1.E-03);
#4882 = DIRECTION('',(0.,0.,1.));
#4883 = PCURVE('',#4815,#4884);
#4884 = DEFINITIONAL_REPRESENTATION('',(#4885),#4889);
#4885 = LINE('',#4886,#4887);
#4886 = CARTESIAN_POINT('',(3.2E-04,0.));
#4887 = VECTOR('',#4888,1.);
#4888 = DIRECTION('',(0.,-1.));
#4889 = ( GEOMETRIC_REPRESENTATION_CONTEXT(2) 
PARAMETRIC_REPRESENTATION_CONTEXT() REPRESENTATION_CONTEXT('2D SPACE',''
  ) );
#4890 = PCURVE('',#4678,#4891);
#4891 = DEFINITIONAL_REPRESENTATION('',(#4892),#4896);
#4892 = LINE('',#4893,#4894);
#4893 = CARTESIAN_POINT('',(0.,0.));
#4894 = VECTOR('',#4895,1.);
#4895 = DIRECTION('',(0.,-1.));
#4896 = ( GEOMETRIC_REPRESENTATION_CONTEXT(2) 
PARAMETRIC_REPRESENTATION_CONTEXT() REPRESENTATION_CONTEXT('2D SPACE',''
  ) );
#4897 = ORIENTED_EDGE('',*,*,#4898,.F.);
#4898 = EDGE_CURVE('',#4800,#4876,#4899,.T.);
#4899 = SURFACE_CURVE('',#4900,(#4904,#4911),.PCURVE_S1.);
#4900 = LINE('',#4901,#4902);
#4901 = CARTESIAN_POINT('',(5.155E-03,3.350624220212E-03,
    4.489999999998E-03));
#4902 = VECTOR('',#4903,1.E-03);
#4903 = DIRECTION('',(1.,0.,0.));
#4904 = PCURVE('',#4815,#4905);
#4905 = DEFINITIONAL_REPRESENTATION('',(#4906),#4910);
#4906 = LINE('',#4907,#4908);
#4907 = CARTESIAN_POINT('',(0.,-0.));
#4908 = VECTOR('',#4909,1.);
#4909 = DIRECTION('',(1.,0.));
#4910 = ( GEOMETRIC_REPRESENTATION_CONTEXT(2) 
PARAMETRIC_REPRESENTATION_CONTEXT() REPRESENTATION_CONTEXT('2D SPACE',''
  ) );
#4911 = PCURVE('',#4760,#4912);
#4912 = DEFINITIONAL_REPRESENTATION('',(#4913),#4917);
#4913 = LINE('',#4914,#4915);
#4914 = CARTESIAN_POINT('',(1.6E-04,8.E-04));
#4915 = VECTOR('',#4916,1.);
#4916 = DIRECTION('',(-1.,0.));
#4917 = ( GEOMETRIC_REPRESENTATION_CONTEXT(2) 
PARAMETRIC_REPRESENTATION_CONTEXT() REPRESENTATION_CONTEXT('2D SPACE',''
  ) );
#4918 = ADVANCED_FACE('',(#4919),#4678,.F.);
#4919 = FACE_BOUND('',#4920,.F.);
#4920 = EDGE_LOOP('',(#4921,#4922,#4943,#4944));
#4921 = ORIENTED_EDGE('',*,*,#4875,.T.);
#4922 = ORIENTED_EDGE('',*,*,#4923,.T.);
#4923 = EDGE_CURVE('',#4853,#4658,#4924,.T.);
#4924 = SURFACE_CURVE('',#4925,(#4929,#4936),.PCURVE_S1.);
#4925 = LINE('',#4926,#4927);
#4926 = CARTESIAN_POINT('',(5.475E-03,3.350624220212E-03,
    4.609999999998E-03));
#4927 = VECTOR('',#4928,1.E-03);
#4928 = DIRECTION('',(0.,1.,0.));
#4929 = PCURVE('',#4678,#4930);
#4930 = DEFINITIONAL_REPRESENTATION('',(#4931),#4935);
#4931 = LINE('',#4932,#4933);
#4932 = CARTESIAN_POINT('',(0.,-1.2E-04));
#4933 = VECTOR('',#4934,1.);
#4934 = DIRECTION('',(1.,0.));
#4935 = ( GEOMETRIC_REPRESENTATION_CONTEXT(2) 
PARAMETRIC_REPRESENTATION_CONTEXT() REPRESENTATION_CONTEXT('2D SPACE',''
  ) );
#4936 = PCURVE('',#4706,#4937);
#4937 = DEFINITIONAL_REPRESENTATION('',(#4938),#4942);
#4938 = LINE('',#4939,#4940);
#4939 = CARTESIAN_POINT('',(-1.6E-04,8.E-04));
#4940 = VECTOR('',#4941,1.);
#4941 = DIRECTION('',(0.,-1.));
#4942 = ( GEOMETRIC_REPRESENTATION_CONTEXT(2) 
PARAMETRIC_REPRESENTATION_CONTEXT() REPRESENTATION_CONTEXT('2D SPACE',''
  ) );
#4943 = ORIENTED_EDGE('',*,*,#4655,.F.);
#4944 = ORIENTED_EDGE('',*,*,#4945,.F.);
#4945 = EDGE_CURVE('',#4876,#4656,#4946,.T.);
#4946 = SURFACE_CURVE('',#4947,(#4951,#4958),.PCURVE_S1.);
#4947 = LINE('',#4948,#4949);
#4948 = CARTESIAN_POINT('',(5.475E-03,3.350624220212E-03,
    4.489999999998E-03));
#4949 = VECTOR('',#4950,1.E-03);
#4950 = DIRECTION('',(0.,1.,0.));
#4951 = PCURVE('',#4678,#4952);
#4952 = DEFINITIONAL_REPRESENTATION('',(#4953),#4957);
#4953 = LINE('',#4954,#4955);
#4954 = CARTESIAN_POINT('',(0.,0.));
#4955 = VECTOR('',#4956,1.);
#4956 = DIRECTION('',(1.,0.));
#4957 = ( GEOMETRIC_REPRESENTATION_CONTEXT(2) 
PARAMETRIC_REPRESENTATION_CONTEXT() REPRESENTATION_CONTEXT('2D SPACE',''
  ) );
#4958 = PCURVE('',#4760,#4959);
#4959 = DEFINITIONAL_REPRESENTATION('',(#4960),#4964);
#4960 = LINE('',#4961,#4962);
#4961 = CARTESIAN_POINT('',(-1.6E-04,8.E-04));
#4962 = VECTOR('',#4963,1.);
#4963 = DIRECTION('',(0.,-1.));
#4964 = ( GEOMETRIC_REPRESENTATION_CONTEXT(2) 
PARAMETRIC_REPRESENTATION_CONTEXT() REPRESENTATION_CONTEXT('2D SPACE',''
  ) );
#4965 = ADVANCED_FACE('',(#4966),#4760,.F.);
#4966 = FACE_BOUND('',#4967,.F.);
#4967 = EDGE_LOOP('',(#4968,#4969,#4970,#4971));
#4968 = ORIENTED_EDGE('',*,*,#4746,.T.);
#4969 = ORIENTED_EDGE('',*,*,#4827,.T.);
#4970 = ORIENTED_EDGE('',*,*,#4898,.T.);
#4971 = ORIENTED_EDGE('',*,*,#4945,.T.);
#4972 = ADVANCED_FACE('',(#4973),#4706,.T.);
#4973 = FACE_BOUND('',#4974,.T.);
#4974 = EDGE_LOOP('',(#4975,#4976,#4977,#4978));
#4975 = ORIENTED_EDGE('',*,*,#4690,.T.);
#4976 = ORIENTED_EDGE('',*,*,#4776,.T.);
#4977 = ORIENTED_EDGE('',*,*,#4852,.T.);
#4978 = ORIENTED_EDGE('',*,*,#4923,.T.);
#4979 = ( GEOMETRIC_REPRESENTATION_CONTEXT(3) 
GLOBAL_UNCERTAINTY_ASSIGNED_CONTEXT((#4983)) 
GLOBAL_UNIT_ASSIGNED_CONTEXT((#4980,#4981,#4982)) REPRESENTATION_CONTEXT
('Context #1','3D Context with UNIT and UNCERTAINTY') );
#4980 = ( LENGTH_UNIT() NAMED_UNIT(*) SI_UNIT($,.METRE.) );
#4981 = ( NAMED_UNIT(*) PLANE_ANGLE_UNIT() SI_UNIT($,.RADIAN.) );
#4982 = ( NAMED_UNIT(*) SI_UNIT($,.STERADIAN.) SOLID_ANGLE_UNIT() );
#4983 = UNCERTAINTY_MEASURE_WITH_UNIT(LENGTH_MEASURE(1.E-08),#4980,
  'distance_accuracy_value','confusion accuracy');
#4984 = PRODUCT_RELATED_PRODUCT_CATEGORY('detail',$,(#4645));
#4985 = PRODUCT_CATEGORY_RELATIONSHIP('','',#4986,#4984);
#4986 = PRODUCT_CATEGORY('part',$);
#4987 = CC_DESIGN_PERSON_AND_ORGANIZATION_ASSIGNMENT(#354,#357,(#4644,
    #4643));
#4988 = CC_DESIGN_PERSON_AND_ORGANIZATION_ASSIGNMENT(#354,#359,(#4645));
#4989 = CC_DESIGN_PERSON_AND_ORGANIZATION_ASSIGNMENT(#354,#361,(#4644));
#4990 = CC_DESIGN_PERSON_AND_ORGANIZATION_ASSIGNMENT(#354,#363,(#4991));
#4991 = SECURITY_CLASSIFICATION('','',#365);
#4992 = CC_DESIGN_SECURITY_CLASSIFICATION(#4991,(#4644));
#4993 = CC_DESIGN_DATE_AND_TIME_ASSIGNMENT(#368,#372,(#4643));
#4994 = CC_DESIGN_DATE_AND_TIME_ASSIGNMENT(#368,#374,(#4991));
#4995 = CC_DESIGN_APPROVAL(#376,(#4644,#4643,#4991));
#4996 = SHAPE_DEFINITION_REPRESENTATION(#4997,#5003);
#4997 = PRODUCT_DEFINITION_SHAPE('','',#4998);
#4998 = PRODUCT_DEFINITION('design','',#4999,#5002);
#4999 = PRODUCT_DEFINITION_FORMATION_WITH_SPECIFIED_SOURCE('','',#5000,
  .NOT_KNOWN.);
#5000 = PRODUCT('FootingMasonryFooting_0.50_m 15',
  'FootingMasonryFooting_0.50_m 15','',(#5001));
#5001 = MECHANICAL_CONTEXT('',#2,'mechanical');
#5002 = DESIGN_CONTEXT('',#2,'design');
#5003 = ADVANCED_BREP_SHAPE_REPRESENTATION('',(#11,#5004),#5490);
#5004 = MANIFOLD_SOLID_BREP('FootingMasonryFooting_0.50_m',#5005);
#5005 = CLOSED_SHELL('',(#5006,#5126,#5202,#5278,#5354,#5425,#5472,#5481
    ));
#5006 = ADVANCED_FACE('',(#5007),#5021,.F.);
#5007 = FACE_BOUND('',#5008,.F.);
#5008 = EDGE_LOOP('',(#5009,#5044,#5072,#5100));
#5009 = ORIENTED_EDGE('',*,*,#5010,.T.);
#5010 = EDGE_CURVE('',#5011,#5013,#5015,.T.);
#5011 = VERTEX_POINT('',#5012);
#5012 = CARTESIAN_POINT('',(5.565E-03,4.106242202118E-04,-6.E-04));
#5013 = VERTEX_POINT('',#5014);
#5014 = CARTESIAN_POINT('',(5.565E-03,4.106242202118E-04,-1.E-04));
#5015 = SURFACE_CURVE('',#5016,(#5020,#5032),.PCURVE_S1.);
#5016 = LINE('',#5017,#5018);
#5017 = CARTESIAN_POINT('',(5.565E-03,4.106242202118E-04,-6.E-04));
#5018 = VECTOR('',#5019,1.E-03);
#5019 = DIRECTION('',(0.,0.,1.));
#5020 = PCURVE('',#5021,#5026);
#5021 = PLANE('',#5022);
#5022 = AXIS2_PLACEMENT_3D('',#5023,#5024,#5025);
#5023 = CARTESIAN_POINT('',(5.565E-03,4.106242202118E-04,-6.E-04));
#5024 = DIRECTION('',(0.,-1.,0.));
#5025 = DIRECTION('',(-1.,0.,0.));
#5026 = DEFINITIONAL_REPRESENTATION('',(#5027),#5031);
#5027 = LINE('',#5028,#5029);
#5028 = CARTESIAN_POINT('',(0.,0.));
#5029 = VECTOR('',#5030,1.);
#5030 = DIRECTION('',(0.,-1.));
#5031 = ( GEOMETRIC_REPRESENTATION_CONTEXT(2) 
PARAMETRIC_REPRESENTATION_CONTEXT() REPRESENTATION_CONTEXT('2D SPACE',''
  ) );
#5032 = PCURVE('',#5033,#5038);
#5033 = PLANE('',#5034);
#5034 = AXIS2_PLACEMENT_3D('',#5035,#5036,#5037);
#5035 = CARTESIAN_POINT('',(5.565E-03,-8.937577978817E-05,-6.E-04));
#5036 = DIRECTION('',(-1.,0.,0.));
#5037 = DIRECTION('',(0.,1.,0.));
#5038 = DEFINITIONAL_REPRESENTATION('',(#5039),#5043);
#5039 = LINE('',#5040,#5041);
#5040 = CARTESIAN_POINT('',(5.E-04,0.));
#5041 = VECTOR('',#5042,1.);
#5042 = DIRECTION('',(0.,-1.));
#5043 = ( GEOMETRIC_REPRESENTATION_CONTEXT(2) 
PARAMETRIC_REPRESENTATION_CONTEXT() REPRESENTATION_CONTEXT('2D SPACE',''
  ) );
#5044 = ORIENTED_EDGE('',*,*,#5045,.T.);
#5045 = EDGE_CURVE('',#5013,#5046,#5048,.T.);
#5046 = VERTEX_POINT('',#5047);
#5047 = CARTESIAN_POINT('',(5.065E-03,4.106242202118E-04,-1.E-04));
#5048 = SURFACE_CURVE('',#5049,(#5053,#5060),.PCURVE_S1.);
#5049 = LINE('',#5050,#5051);
#5050 = CARTESIAN_POINT('',(5.565E-03,4.106242202118E-04,-1.E-04));
#5051 = VECTOR('',#5052,1.E-03);
#5052 = DIRECTION('',(-1.,0.,0.));
#5053 = PCURVE('',#5021,#5054);
#5054 = DEFINITIONAL_REPRESENTATION('',(#5055),#5059);
#5055 = LINE('',#5056,#5057);
#5056 = CARTESIAN_POINT('',(0.,-5.E-04));
#5057 = VECTOR('',#5058,1.);
#5058 = DIRECTION('',(1.,0.));
#5059 = ( GEOMETRIC_REPRESENTATION_CONTEXT(2) 
PARAMETRIC_REPRESENTATION_CONTEXT() REPRESENTATION_CONTEXT('2D SPACE',''
  ) );
#5060 = PCURVE('',#5061,#5066);
#5061 = PLANE('',#5062);
#5062 = AXIS2_PLACEMENT_3D('',#5063,#5064,#5065);
#5063 = CARTESIAN_POINT('',(3.275E-03,2.439575535452E-04,-1.E-04));
#5064 = DIRECTION('',(0.,0.,1.));
#5065 = DIRECTION('',(-1.,0.,0.));
#5066 = DEFINITIONAL_REPRESENTATION('',(#5067),#5071);
#5067 = LINE('',#5068,#5069);
#5068 = CARTESIAN_POINT('',(-2.29E-03,-1.666666666667E-04));
#5069 = VECTOR('',#5070,1.);
#5070 = DIRECTION('',(1.,0.));
#5071 = ( GEOMETRIC_REPRESENTATION_CONTEXT(2) 
PARAMETRIC_REPRESENTATION_CONTEXT() REPRESENTATION_CONTEXT('2D SPACE',''
  ) );
#5072 = ORIENTED_EDGE('',*,*,#5073,.F.);
#5073 = EDGE_CURVE('',#5074,#5046,#5076,.T.);
#5074 = VERTEX_POINT('',#5075);
#5075 = CARTESIAN_POINT('',(5.065E-03,4.106242202118E-04,-6.E-04));
#5076 = SURFACE_CURVE('',#5077,(#5081,#5088),.PCURVE_S1.);
#5077 = LINE('',#5078,#5079);
#5078 = CARTESIAN_POINT('',(5.065E-03,4.106242202118E-04,-6.E-04));
#5079 = VECTOR('',#5080,1.E-03);
#5080 = DIRECTION('',(0.,0.,1.));
#5081 = PCURVE('',#5021,#5082);
#5082 = DEFINITIONAL_REPRESENTATION('',(#5083),#5087);
#5083 = LINE('',#5084,#5085);
#5084 = CARTESIAN_POINT('',(5.E-04,0.));
#5085 = VECTOR('',#5086,1.);
#5086 = DIRECTION('',(0.,-1.));
#5087 = ( GEOMETRIC_REPRESENTATION_CONTEXT(2) 
PARAMETRIC_REPRESENTATION_CONTEXT() REPRESENTATION_CONTEXT('2D SPACE',''
  ) );
#5088 = PCURVE('',#5089,#5094);
#5089 = PLANE('',#5090);
#5090 = AXIS2_PLACEMENT_3D('',#5091,#5092,#5093);
#5091 = CARTESIAN_POINT('',(5.065E-03,4.106242202118E-04,-6.E-04));
#5092 = DIRECTION('',(-1.116425387891E-15,-1.,0.));
#5093 = DIRECTION('',(-1.,1.116425387891E-15,0.));
#5094 = DEFINITIONAL_REPRESENTATION('',(#5095),#5099);
#5095 = LINE('',#5096,#5097);
#5096 = CARTESIAN_POINT('',(0.,0.));
#5097 = VECTOR('',#5098,1.);
#5098 = DIRECTION('',(0.,-1.));
#5099 = ( GEOMETRIC_REPRESENTATION_CONTEXT(2) 
PARAMETRIC_REPRESENTATION_CONTEXT() REPRESENTATION_CONTEXT('2D SPACE',''
  ) );
#5100 = ORIENTED_EDGE('',*,*,#5101,.F.);
#5101 = EDGE_CURVE('',#5011,#5074,#5102,.T.);
#5102 = SURFACE_CURVE('',#5103,(#5107,#5114),.PCURVE_S1.);
#5103 = LINE('',#5104,#5105);
#5104 = CARTESIAN_POINT('',(5.565E-03,4.106242202118E-04,-6.E-04));
#5105 = VECTOR('',#5106,1.E-03);
#5106 = DIRECTION('',(-1.,0.,0.));
#5107 = PCURVE('',#5021,#5108);
#5108 = DEFINITIONAL_REPRESENTATION('',(#5109),#5113);
#5109 = LINE('',#5110,#5111);
#5110 = CARTESIAN_POINT('',(0.,0.));
#5111 = VECTOR('',#5112,1.);
#5112 = DIRECTION('',(1.,0.));
#5113 = ( GEOMETRIC_REPRESENTATION_CONTEXT(2) 
PARAMETRIC_REPRESENTATION_CONTEXT() REPRESENTATION_CONTEXT('2D SPACE',''
  ) );
#5114 = PCURVE('',#5115,#5120);
#5115 = PLANE('',#5116);
#5116 = AXIS2_PLACEMENT_3D('',#5117,#5118,#5119);
#5117 = CARTESIAN_POINT('',(3.275E-03,2.439575535452E-04,-6.E-04));
#5118 = DIRECTION('',(0.,0.,1.));
#5119 = DIRECTION('',(-1.,0.,0.));
#5120 = DEFINITIONAL_REPRESENTATION('',(#5121),#5125);
#5121 = LINE('',#5122,#5123);
#5122 = CARTESIAN_POINT('',(-2.29E-03,-1.666666666667E-04));
#5123 = VECTOR('',#5124,1.);
#5124 = DIRECTION('',(1.,0.));
#5125 = ( GEOMETRIC_REPRESENTATION_CONTEXT(2) 
PARAMETRIC_REPRESENTATION_CONTEXT() REPRESENTATION_CONTEXT('2D SPACE',''
  ) );
#5126 = ADVANCED_FACE('',(#5127),#5089,.F.);
#5127 = FACE_BOUND('',#5128,.F.);
#5128 = EDGE_LOOP('',(#5129,#5130,#5153,#5181));
#5129 = ORIENTED_EDGE('',*,*,#5073,.T.);
#5130 = ORIENTED_EDGE('',*,*,#5131,.T.);
#5131 = EDGE_CURVE('',#5046,#5132,#5134,.T.);
#5132 = VERTEX_POINT('',#5133);
#5133 = CARTESIAN_POINT('',(1.485E-03,4.106242202118E-04,-1.E-04));
#5134 = SURFACE_CURVE('',#5135,(#5139,#5146),.PCURVE_S1.);
#5135 = LINE('',#5136,#5137);
#5136 = CARTESIAN_POINT('',(5.065E-03,4.106242202118E-04,-1.E-04));
#5137 = VECTOR('',#5138,1.E-03);
#5138 = DIRECTION('',(-1.,1.116425387891E-15,0.));
#5139 = PCURVE('',#5089,#5140);
#5140 = DEFINITIONAL_REPRESENTATION('',(#5141),#5145);
#5141 = LINE('',#5142,#5143);
#5142 = CARTESIAN_POINT('',(0.,-5.E-04));
#5143 = VECTOR('',#5144,1.);
#5144 = DIRECTION('',(1.,0.));
#5145 = ( GEOMETRIC_REPRESENTATION_CONTEXT(2) 
PARAMETRIC_REPRESENTATION_CONTEXT() REPRESENTATION_CONTEXT('2D SPACE',''
  ) );
#5146 = PCURVE('',#5061,#5147);
#5147 = DEFINITIONAL_REPRESENTATION('',(#5148),#5152);
#5148 = LINE('',#5149,#5150);
#5149 = CARTESIAN_POINT('',(-1.79E-03,-1.666666666667E-04));
#5150 = VECTOR('',#5151,1.);
#5151 = DIRECTION('',(1.,-1.116425387891E-15));
#5152 = ( GEOMETRIC_REPRESENTATION_CONTEXT(2) 
PARAMETRIC_REPRESENTATION_CONTEXT() REPRESENTATION_CONTEXT('2D SPACE',''
  ) );
#5153 = ORIENTED_EDGE('',*,*,#5154,.F.);
#5154 = EDGE_CURVE('',#5155,#5132,#5157,.T.);
#5155 = VERTEX_POINT('',#5156);
#5156 = CARTESIAN_POINT('',(1.485E-03,4.106242202118E-04,-6.E-04));
#5157 = SURFACE_CURVE('',#5158,(#5162,#5169),.PCURVE_S1.);
#5158 = LINE('',#5159,#5160);
#5159 = CARTESIAN_POINT('',(1.485E-03,4.106242202118E-04,-6.E-04));
#5160 = VECTOR('',#5161,1.E-03);
#5161 = DIRECTION('',(0.,0.,1.));
#5162 = PCURVE('',#5089,#5163);
#5163 = DEFINITIONAL_REPRESENTATION('',(#5164),#5168);
#5164 = LINE('',#5165,#5166);
#5165 = CARTESIAN_POINT('',(3.58E-03,0.));
#5166 = VECTOR('',#5167,1.);
#5167 = DIRECTION('',(0.,-1.));
#5168 = ( GEOMETRIC_REPRESENTATION_CONTEXT(2) 
PARAMETRIC_REPRESENTATION_CONTEXT() REPRESENTATION_CONTEXT('2D SPACE',''
  ) );
#5169 = PCURVE('',#5170,#5175);
#5170 = PLANE('',#5171);
#5171 = AXIS2_PLACEMENT_3D('',#5172,#5173,#5174);
#5172 = CARTESIAN_POINT('',(1.485E-03,4.106242202118E-04,-6.E-04));
#5173 = DIRECTION('',(0.,-1.,0.));
#5174 = DIRECTION('',(-1.,0.,0.));
#5175 = DEFINITIONAL_REPRESENTATION('',(#5176),#5180);
#5176 = LINE('',#5177,#5178);
#5177 = CARTESIAN_POINT('',(0.,0.));
#5178 = VECTOR('',#5179,1.);
#5179 = DIRECTION('',(0.,-1.));
#5180 = ( GEOMETRIC_REPRESENTATION_CONTEXT(2) 
PARAMETRIC_REPRESENTATION_CONTEXT() REPRESENTATION_CONTEXT('2D SPACE',''
  ) );
#5181 = ORIENTED_EDGE('',*,*,#5182,.F.);
#5182 = EDGE_CURVE('',#5074,#5155,#5183,.T.);
#5183 = SURFACE_CURVE('',#5184,(#5188,#5195),.PCURVE_S1.);
#5184 = LINE('',#5185,#5186);
#5185 = CARTESIAN_POINT('',(5.065E-03,4.106242202118E-04,-6.E-04));
#5186 = VECTOR('',#5187,1.E-03);
#5187 = DIRECTION('',(-1.,1.116425387891E-15,0.));
#5188 = PCURVE('',#5089,#5189);
#5189 = DEFINITIONAL_REPRESENTATION('',(#5190),#5194);
#5190 = LINE('',#5191,#5192);
#5191 = CARTESIAN_POINT('',(0.,0.));
#5192 = VECTOR('',#5193,1.);
#5193 = DIRECTION('',(1.,0.));
#5194 = ( GEOMETRIC_REPRESENTATION_CONTEXT(2) 
PARAMETRIC_REPRESENTATION_CONTEXT() REPRESENTATION_CONTEXT('2D SPACE',''
  ) );
#5195 = PCURVE('',#5115,#5196);
#5196 = DEFINITIONAL_REPRESENTATION('',(#5197),#5201);
#5197 = LINE('',#5198,#5199);
#5198 = CARTESIAN_POINT('',(-1.79E-03,-1.666666666667E-04));
#5199 = VECTOR('',#5200,1.);
#5200 = DIRECTION('',(1.,-1.116425387891E-15));
#5201 = ( GEOMETRIC_REPRESENTATION_CONTEXT(2) 
PARAMETRIC_REPRESENTATION_CONTEXT() REPRESENTATION_CONTEXT('2D SPACE',''
  ) );
#5202 = ADVANCED_FACE('',(#5203),#5170,.F.);
#5203 = FACE_BOUND('',#5204,.F.);
#5204 = EDGE_LOOP('',(#5205,#5206,#5229,#5257));
#5205 = ORIENTED_EDGE('',*,*,#5154,.T.);
#5206 = ORIENTED_EDGE('',*,*,#5207,.T.);
#5207 = EDGE_CURVE('',#5132,#5208,#5210,.T.);
#5208 = VERTEX_POINT('',#5209);
#5209 = CARTESIAN_POINT('',(9.85E-04,4.106242202118E-04,-1.E-04));
#5210 = SURFACE_CURVE('',#5211,(#5215,#5222),.PCURVE_S1.);
#5211 = LINE('',#5212,#5213);
#5212 = CARTESIAN_POINT('',(1.485E-03,4.106242202118E-04,-1.E-04));
#5213 = VECTOR('',#5214,1.E-03);
#5214 = DIRECTION('',(-1.,0.,0.));
#5215 = PCURVE('',#5170,#5216);
#5216 = DEFINITIONAL_REPRESENTATION('',(#5217),#5221);
#5217 = LINE('',#5218,#5219);
#5218 = CARTESIAN_POINT('',(0.,-5.E-04));
#5219 = VECTOR('',#5220,1.);
#5220 = DIRECTION('',(1.,0.));
#5221 = ( GEOMETRIC_REPRESENTATION_CONTEXT(2) 
PARAMETRIC_REPRESENTATION_CONTEXT() REPRESENTATION_CONTEXT('2D SPACE',''
  ) );
#5222 = PCURVE('',#5061,#5223);
#5223 = DEFINITIONAL_REPRESENTATION('',(#5224),#5228);
#5224 = LINE('',#5225,#5226);
#5225 = CARTESIAN_POINT('',(1.79E-03,-1.666666666667E-04));
#5226 = VECTOR('',#5227,1.);
#5227 = DIRECTION('',(1.,0.));
#5228 = ( GEOMETRIC_REPRESENTATION_CONTEXT(2) 
PARAMETRIC_REPRESENTATION_CONTEXT() REPRESENTATION_CONTEXT('2D SPACE',''
  ) );
#5229 = ORIENTED_EDGE('',*,*,#5230,.F.);
#5230 = EDGE_CURVE('',#5231,#5208,#5233,.T.);
#5231 = VERTEX_POINT('',#5232);
#5232 = CARTESIAN_POINT('',(9.85E-04,4.106242202118E-04,-6.E-04));
#5233 = SURFACE_CURVE('',#5234,(#5238,#5245),.PCURVE_S1.);
#5234 = LINE('',#5235,#5236);
#5235 = CARTESIAN_POINT('',(9.85E-04,4.106242202118E-04,-6.E-04));
#5236 = VECTOR('',#5237,1.E-03);
#5237 = DIRECTION('',(0.,0.,1.));
#5238 = PCURVE('',#5170,#5239);
#5239 = DEFINITIONAL_REPRESENTATION('',(#5240),#5244);
#5240 = LINE('',#5241,#5242);
#5241 = CARTESIAN_POINT('',(5.E-04,0.));
#5242 = VECTOR('',#5243,1.);
#5243 = DIRECTION('',(0.,-1.));
#5244 = ( GEOMETRIC_REPRESENTATION_CONTEXT(2) 
PARAMETRIC_REPRESENTATION_CONTEXT() REPRESENTATION_CONTEXT('2D SPACE',''
  ) );
#5245 = PCURVE('',#5246,#5251);
#5246 = PLANE('',#5247);
#5247 = AXIS2_PLACEMENT_3D('',#5248,#5249,#5250);
#5248 = CARTESIAN_POINT('',(9.85E-04,4.106242202118E-04,-6.E-04));
#5249 = DIRECTION('',(1.,0.,0.));
#5250 = DIRECTION('',(0.,-1.,0.));
#5251 = DEFINITIONAL_REPRESENTATION('',(#5252),#5256);
#5252 = LINE('',#5253,#5254);
#5253 = CARTESIAN_POINT('',(0.,0.));
#5254 = VECTOR('',#5255,1.);
#5255 = DIRECTION('',(0.,-1.));
#5256 = ( GEOMETRIC_REPRESENTATION_CONTEXT(2) 
PARAMETRIC_REPRESENTATION_CONTEXT() REPRESENTATION_CONTEXT('2D SPACE',''
  ) );
#5257 = ORIENTED_EDGE('',*,*,#5258,.F.);
#5258 = EDGE_CURVE('',#5155,#5231,#5259,.T.);
#5259 = SURFACE_CURVE('',#5260,(#5264,#5271),.PCURVE_S1.);
#5260 = LINE('',#5261,#5262);
#5261 = CARTESIAN_POINT('',(1.485E-03,4.106242202118E-04,-6.E-04));
#5262 = VECTOR('',#5263,1.E-03);
#5263 = DIRECTION('',(-1.,0.,0.));
#5264 = PCURVE('',#5170,#5265);
#5265 = DEFINITIONAL_REPRESENTATION('',(#5266),#5270);
#5266 = LINE('',#5267,#5268);
#5267 = CARTESIAN_POINT('',(0.,0.));
#5268 = VECTOR('',#5269,1.);
#5269 = DIRECTION('',(1.,0.));
#5270 = ( GEOMETRIC_REPRESENTATION_CONTEXT(2) 
PARAMETRIC_REPRESENTATION_CONTEXT() REPRESENTATION_CONTEXT('2D SPACE',''
  ) );
#5271 = PCURVE('',#5115,#5272);
#5272 = DEFINITIONAL_REPRESENTATION('',(#5273),#5277);
#5273 = LINE('',#5274,#5275);
#5274 = CARTESIAN_POINT('',(1.79E-03,-1.666666666667E-04));
#5275 = VECTOR('',#5276,1.);
#5276 = DIRECTION('',(1.,0.));
#5277 = ( GEOMETRIC_REPRESENTATION_CONTEXT(2) 
PARAMETRIC_REPRESENTATION_CONTEXT() REPRESENTATION_CONTEXT('2D SPACE',''
  ) );
#5278 = ADVANCED_FACE('',(#5279),#5246,.F.);
#5279 = FACE_BOUND('',#5280,.F.);
#5280 = EDGE_LOOP('',(#5281,#5282,#5305,#5333));
#5281 = ORIENTED_EDGE('',*,*,#5230,.T.);
#5282 = ORIENTED_EDGE('',*,*,#5283,.T.);
#5283 = EDGE_CURVE('',#5208,#5284,#5286,.T.);
#5284 = VERTEX_POINT('',#5285);
#5285 = CARTESIAN_POINT('',(9.85E-04,-8.937577978817E-05,-1.E-04));
#5286 = SURFACE_CURVE('',#5287,(#5291,#5298),.PCURVE_S1.);
#5287 = LINE('',#5288,#5289);
#5288 = CARTESIAN_POINT('',(9.85E-04,4.106242202118E-04,-1.E-04));
#5289 = VECTOR('',#5290,1.E-03);
#5290 = DIRECTION('',(0.,-1.,0.));
#5291 = PCURVE('',#5246,#5292);
#5292 = DEFINITIONAL_REPRESENTATION('',(#5293),#5297);
#5293 = LINE('',#5294,#5295);
#5294 = CARTESIAN_POINT('',(0.,-5.E-04));
#5295 = VECTOR('',#5296,1.);
#5296 = DIRECTION('',(1.,0.));
#5297 = ( GEOMETRIC_REPRESENTATION_CONTEXT(2) 
PARAMETRIC_REPRESENTATION_CONTEXT() REPRESENTATION_CONTEXT('2D SPACE',''
  ) );
#5298 = PCURVE('',#5061,#5299);
#5299 = DEFINITIONAL_REPRESENTATION('',(#5300),#5304);
#5300 = LINE('',#5301,#5302);
#5301 = CARTESIAN_POINT('',(2.29E-03,-1.666666666667E-04));
#5302 = VECTOR('',#5303,1.);
#5303 = DIRECTION('',(0.,1.));
#5304 = ( GEOMETRIC_REPRESENTATION_CONTEXT(2) 
PARAMETRIC_REPRESENTATION_CONTEXT() REPRESENTATION_CONTEXT('2D SPACE',''
  ) );
#5305 = ORIENTED_EDGE('',*,*,#5306,.F.);
#5306 = EDGE_CURVE('',#5307,#5284,#5309,.T.);
#5307 = VERTEX_POINT('',#5308);
#5308 = CARTESIAN_POINT('',(9.85E-04,-8.937577978817E-05,-6.E-04));
#5309 = SURFACE_CURVE('',#5310,(#5314,#5321),.PCURVE_S1.);
#5310 = LINE('',#5311,#5312);
#5311 = CARTESIAN_POINT('',(9.85E-04,-8.937577978817E-05,-6.E-04));
#5312 = VECTOR('',#5313,1.E-03);
#5313 = DIRECTION('',(0.,0.,1.));
#5314 = PCURVE('',#5246,#5315);
#5315 = DEFINITIONAL_REPRESENTATION('',(#5316),#5320);
#5316 = LINE('',#5317,#5318);
#5317 = CARTESIAN_POINT('',(5.E-04,0.));
#5318 = VECTOR('',#5319,1.);
#5319 = DIRECTION('',(0.,-1.));
#5320 = ( GEOMETRIC_REPRESENTATION_CONTEXT(2) 
PARAMETRIC_REPRESENTATION_CONTEXT() REPRESENTATION_CONTEXT('2D SPACE',''
  ) );
#5321 = PCURVE('',#5322,#5327);
#5322 = PLANE('',#5323);
#5323 = AXIS2_PLACEMENT_3D('',#5324,#5325,#5326);
#5324 = CARTESIAN_POINT('',(9.85E-04,-8.937577978817E-05,-6.E-04));
#5325 = DIRECTION('',(8.726643861682E-16,1.,0.));
#5326 = DIRECTION('',(1.,-8.726643861682E-16,0.));
#5327 = DEFINITIONAL_REPRESENTATION('',(#5328),#5332);
#5328 = LINE('',#5329,#5330);
#5329 = CARTESIAN_POINT('',(0.,0.));
#5330 = VECTOR('',#5331,1.);
#5331 = DIRECTION('',(0.,-1.));
#5332 = ( GEOMETRIC_REPRESENTATION_CONTEXT(2) 
PARAMETRIC_REPRESENTATION_CONTEXT() REPRESENTATION_CONTEXT('2D SPACE',''
  ) );
#5333 = ORIENTED_EDGE('',*,*,#5334,.F.);
#5334 = EDGE_CURVE('',#5231,#5307,#5335,.T.);
#5335 = SURFACE_CURVE('',#5336,(#5340,#5347),.PCURVE_S1.);
#5336 = LINE('',#5337,#5338);
#5337 = CARTESIAN_POINT('',(9.85E-04,4.106242202118E-04,-6.E-04));
#5338 = VECTOR('',#5339,1.E-03);
#5339 = DIRECTION('',(0.,-1.,0.));
#5340 = PCURVE('',#5246,#5341);
#5341 = DEFINITIONAL_REPRESENTATION('',(#5342),#5346);
#5342 = LINE('',#5343,#5344);
#5343 = CARTESIAN_POINT('',(0.,0.));
#5344 = VECTOR('',#5345,1.);
#5345 = DIRECTION('',(1.,0.));
#5346 = ( GEOMETRIC_REPRESENTATION_CONTEXT(2) 
PARAMETRIC_REPRESENTATION_CONTEXT() REPRESENTATION_CONTEXT('2D SPACE',''
  ) );
#5347 = PCURVE('',#5115,#5348);
#5348 = DEFINITIONAL_REPRESENTATION('',(#5349),#5353);
#5349 = LINE('',#5350,#5351);
#5350 = CARTESIAN_POINT('',(2.29E-03,-1.666666666667E-04));
#5351 = VECTOR('',#5352,1.);
#5352 = DIRECTION('',(0.,1.));
#5353 = ( GEOMETRIC_REPRESENTATION_CONTEXT(2) 
PARAMETRIC_REPRESENTATION_CONTEXT() REPRESENTATION_CONTEXT('2D SPACE',''
  ) );
#5354 = ADVANCED_FACE('',(#5355),#5322,.F.);
#5355 = FACE_BOUND('',#5356,.F.);
#5356 = EDGE_LOOP('',(#5357,#5358,#5381,#5404));
#5357 = ORIENTED_EDGE('',*,*,#5306,.T.);
#5358 = ORIENTED_EDGE('',*,*,#5359,.T.);
#5359 = EDGE_CURVE('',#5284,#5360,#5362,.T.);
#5360 = VERTEX_POINT('',#5361);
#5361 = CARTESIAN_POINT('',(5.565E-03,-8.937577978817E-05,-1.E-04));
#5362 = SURFACE_CURVE('',#5363,(#5367,#5374),.PCURVE_S1.);
#5363 = LINE('',#5364,#5365);
#5364 = CARTESIAN_POINT('',(9.85E-04,-8.937577978817E-05,-1.E-04));
#5365 = VECTOR('',#5366,1.E-03);
#5366 = DIRECTION('',(1.,-8.726643861682E-16,0.));
#5367 = PCURVE('',#5322,#5368);
#5368 = DEFINITIONAL_REPRESENTATION('',(#5369),#5373);
#5369 = LINE('',#5370,#5371);
#5370 = CARTESIAN_POINT('',(0.,-5.E-04));
#5371 = VECTOR('',#5372,1.);
#5372 = DIRECTION('',(1.,0.));
#5373 = ( GEOMETRIC_REPRESENTATION_CONTEXT(2) 
PARAMETRIC_REPRESENTATION_CONTEXT() REPRESENTATION_CONTEXT('2D SPACE',''
  ) );
#5374 = PCURVE('',#5061,#5375);
#5375 = DEFINITIONAL_REPRESENTATION('',(#5376),#5380);
#5376 = LINE('',#5377,#5378);
#5377 = CARTESIAN_POINT('',(2.29E-03,3.333333333333E-04));
#5378 = VECTOR('',#5379,1.);
#5379 = DIRECTION('',(-1.,8.726643861682E-16));
#5380 = ( GEOMETRIC_REPRESENTATION_CONTEXT(2) 
PARAMETRIC_REPRESENTATION_CONTEXT() REPRESENTATION_CONTEXT('2D SPACE',''
  ) );
#5381 = ORIENTED_EDGE('',*,*,#5382,.F.);
#5382 = EDGE_CURVE('',#5383,#5360,#5385,.T.);
#5383 = VERTEX_POINT('',#5384);
#5384 = CARTESIAN_POINT('',(5.565E-03,-8.937577978817E-05,-6.E-04));
#5385 = SURFACE_CURVE('',#5386,(#5390,#5397),.PCURVE_S1.);
#5386 = LINE('',#5387,#5388);
#5387 = CARTESIAN_POINT('',(5.565E-03,-8.937577978817E-05,-6.E-04));
#5388 = VECTOR('',#5389,1.E-03);
#5389 = DIRECTION('',(0.,0.,1.));
#5390 = PCURVE('',#5322,#5391);
#5391 = DEFINITIONAL_REPRESENTATION('',(#5392),#5396);
#5392 = LINE('',#5393,#5394);
#5393 = CARTESIAN_POINT('',(4.58E-03,0.));
#5394 = VECTOR('',#5395,1.);
#5395 = DIRECTION('',(0.,-1.));
#5396 = ( GEOMETRIC_REPRESENTATION_CONTEXT(2) 
PARAMETRIC_REPRESENTATION_CONTEXT() REPRESENTATION_CONTEXT('2D SPACE',''
  ) );
#5397 = PCURVE('',#5033,#5398);
#5398 = DEFINITIONAL_REPRESENTATION('',(#5399),#5403);
#5399 = LINE('',#5400,#5401);
#5400 = CARTESIAN_POINT('',(0.,0.));
#5401 = VECTOR('',#5402,1.);
#5402 = DIRECTION('',(0.,-1.));
#5403 = ( GEOMETRIC_REPRESENTATION_CONTEXT(2) 
PARAMETRIC_REPRESENTATION_CONTEXT() REPRESENTATION_CONTEXT('2D SPACE',''
  ) );
#5404 = ORIENTED_EDGE('',*,*,#5405,.F.);
#5405 = EDGE_CURVE('',#5307,#5383,#5406,.T.);
#5406 = SURFACE_CURVE('',#5407,(#5411,#5418),.PCURVE_S1.);
#5407 = LINE('',#5408,#5409);
#5408 = CARTESIAN_POINT('',(9.85E-04,-8.937577978817E-05,-6.E-04));
#5409 = VECTOR('',#5410,1.E-03);
#5410 = DIRECTION('',(1.,-8.726643861682E-16,0.));
#5411 = PCURVE('',#5322,#5412);
#5412 = DEFINITIONAL_REPRESENTATION('',(#5413),#5417);
#5413 = LINE('',#5414,#5415);
#5414 = CARTESIAN_POINT('',(0.,0.));
#5415 = VECTOR('',#5416,1.);
#5416 = DIRECTION('',(1.,0.));
#5417 = ( GEOMETRIC_REPRESENTATION_CONTEXT(2) 
PARAMETRIC_REPRESENTATION_CONTEXT() REPRESENTATION_CONTEXT('2D SPACE',''
  ) );
#5418 = PCURVE('',#5115,#5419);
#5419 = DEFINITIONAL_REPRESENTATION('',(#5420),#5424);
#5420 = LINE('',#5421,#5422);
#5421 = CARTESIAN_POINT('',(2.29E-03,3.333333333333E-04));
#5422 = VECTOR('',#5423,1.);
#5423 = DIRECTION('',(-1.,8.726643861682E-16));
#5424 = ( GEOMETRIC_REPRESENTATION_CONTEXT(2) 
PARAMETRIC_REPRESENTATION_CONTEXT() REPRESENTATION_CONTEXT('2D SPACE',''
  ) );
#5425 = ADVANCED_FACE('',(#5426),#5033,.F.);
#5426 = FACE_BOUND('',#5427,.F.);
#5427 = EDGE_LOOP('',(#5428,#5429,#5450,#5451));
#5428 = ORIENTED_EDGE('',*,*,#5382,.T.);
#5429 = ORIENTED_EDGE('',*,*,#5430,.T.);
#5430 = EDGE_CURVE('',#5360,#5013,#5431,.T.);
#5431 = SURFACE_CURVE('',#5432,(#5436,#5443),.PCURVE_S1.);
#5432 = LINE('',#5433,#5434);
#5433 = CARTESIAN_POINT('',(5.565E-03,-8.937577978817E-05,-1.E-04));
#5434 = VECTOR('',#5435,1.E-03);
#5435 = DIRECTION('',(0.,1.,0.));
#5436 = PCURVE('',#5033,#5437);
#5437 = DEFINITIONAL_REPRESENTATION('',(#5438),#5442);
#5438 = LINE('',#5439,#5440);
#5439 = CARTESIAN_POINT('',(0.,-5.E-04));
#5440 = VECTOR('',#5441,1.);
#5441 = DIRECTION('',(1.,0.));
#5442 = ( GEOMETRIC_REPRESENTATION_CONTEXT(2) 
PARAMETRIC_REPRESENTATION_CONTEXT() REPRESENTATION_CONTEXT('2D SPACE',''
  ) );
#5443 = PCURVE('',#5061,#5444);
#5444 = DEFINITIONAL_REPRESENTATION('',(#5445),#5449);
#5445 = LINE('',#5446,#5447);
#5446 = CARTESIAN_POINT('',(-2.29E-03,3.333333333333E-04));
#5447 = VECTOR('',#5448,1.);
#5448 = DIRECTION('',(0.,-1.));
#5449 = ( GEOMETRIC_REPRESENTATION_CONTEXT(2) 
PARAMETRIC_REPRESENTATION_CONTEXT() REPRESENTATION_CONTEXT('2D SPACE',''
  ) );
#5450 = ORIENTED_EDGE('',*,*,#5010,.F.);
#5451 = ORIENTED_EDGE('',*,*,#5452,.F.);
#5452 = EDGE_CURVE('',#5383,#5011,#5453,.T.);
#5453 = SURFACE_CURVE('',#5454,(#5458,#5465),.PCURVE_S1.);
#5454 = LINE('',#5455,#5456);
#5455 = CARTESIAN_POINT('',(5.565E-03,-8.937577978817E-05,-6.E-04));
#5456 = VECTOR('',#5457,1.E-03);
#5457 = DIRECTION('',(0.,1.,0.));
#5458 = PCURVE('',#5033,#5459);
#5459 = DEFINITIONAL_REPRESENTATION('',(#5460),#5464);
#5460 = LINE('',#5461,#5462);
#5461 = CARTESIAN_POINT('',(0.,0.));
#5462 = VECTOR('',#5463,1.);
#5463 = DIRECTION('',(1.,0.));
#5464 = ( GEOMETRIC_REPRESENTATION_CONTEXT(2) 
PARAMETRIC_REPRESENTATION_CONTEXT() REPRESENTATION_CONTEXT('2D SPACE',''
  ) );
#5465 = PCURVE('',#5115,#5466);
#5466 = DEFINITIONAL_REPRESENTATION('',(#5467),#5471);
#5467 = LINE('',#5468,#5469);
#5468 = CARTESIAN_POINT('',(-2.29E-03,3.333333333333E-04));
#5469 = VECTOR('',#5470,1.);
#5470 = DIRECTION('',(0.,-1.));
#5471 = ( GEOMETRIC_REPRESENTATION_CONTEXT(2) 
PARAMETRIC_REPRESENTATION_CONTEXT() REPRESENTATION_CONTEXT('2D SPACE',''
  ) );
#5472 = ADVANCED_FACE('',(#5473),#5115,.F.);
#5473 = FACE_BOUND('',#5474,.F.);
#5474 = EDGE_LOOP('',(#5475,#5476,#5477,#5478,#5479,#5480));
#5475 = ORIENTED_EDGE('',*,*,#5101,.T.);
#5476 = ORIENTED_EDGE('',*,*,#5182,.T.);
#5477 = ORIENTED_EDGE('',*,*,#5258,.T.);
#5478 = ORIENTED_EDGE('',*,*,#5334,.T.);
#5479 = ORIENTED_EDGE('',*,*,#5405,.T.);
#5480 = ORIENTED_EDGE('',*,*,#5452,.T.);
#5481 = ADVANCED_FACE('',(#5482),#5061,.T.);
#5482 = FACE_BOUND('',#5483,.T.);
#5483 = EDGE_LOOP('',(#5484,#5485,#5486,#5487,#5488,#5489));
#5484 = ORIENTED_EDGE('',*,*,#5045,.T.);
#5485 = ORIENTED_EDGE('',*,*,#5131,.T.);
#5486 = ORIENTED_EDGE('',*,*,#5207,.T.);
#5487 = ORIENTED_EDGE('',*,*,#5283,.T.);
#5488 = ORIENTED_EDGE('',*,*,#5359,.T.);
#5489 = ORIENTED_EDGE('',*,*,#5430,.T.);
#5490 = ( GEOMETRIC_REPRESENTATION_CONTEXT(3) 
GLOBAL_UNCERTAINTY_ASSIGNED_CONTEXT((#5494)) 
GLOBAL_UNIT_ASSIGNED_CONTEXT((#5491,#5492,#5493)) REPRESENTATION_CONTEXT
('Context #1','3D Context with UNIT and UNCERTAINTY') );
#5491 = ( LENGTH_UNIT() NAMED_UNIT(*) SI_UNIT($,.METRE.) );
#5492 = ( NAMED_UNIT(*) PLANE_ANGLE_UNIT() SI_UNIT($,.RADIAN.) );
#5493 = ( NAMED_UNIT(*) SI_UNIT($,.STERADIAN.) SOLID_ANGLE_UNIT() );
#5494 = UNCERTAINTY_MEASURE_WITH_UNIT(LENGTH_MEASURE(1.E-08),#5491,
  'distance_accuracy_value','confusion accuracy');
#5495 = PRODUCT_RELATED_PRODUCT_CATEGORY('detail',$,(#5000));
#5496 = PRODUCT_CATEGORY_RELATIONSHIP('','',#5497,#5495);
#5497 = PRODUCT_CATEGORY('part',$);
#5498 = CC_DESIGN_PERSON_AND_ORGANIZATION_ASSIGNMENT(#354,#357,(#4999,
    #4998));
#5499 = CC_DESIGN_PERSON_AND_ORGANIZATION_ASSIGNMENT(#354,#359,(#5000));
#5500 = CC_DESIGN_PERSON_AND_ORGANIZATION_ASSIGNMENT(#354,#361,(#4999));
#5501 = CC_DESIGN_PERSON_AND_ORGANIZATION_ASSIGNMENT(#354,#363,(#5502));
#5502 = SECURITY_CLASSIFICATION('','',#365);
#5503 = CC_DESIGN_SECURITY_CLASSIFICATION(#5502,(#4999));
#5504 = CC_DESIGN_DATE_AND_TIME_ASSIGNMENT(#368,#372,(#4998));
#5505 = CC_DESIGN_DATE_AND_TIME_ASSIGNMENT(#368,#374,(#5502));
#5506 = CC_DESIGN_APPROVAL(#376,(#4999,#4998,#5502));
#5507 = SHAPE_DEFINITION_REPRESENTATION(#5508,#5514);
#5508 = PRODUCT_DEFINITION_SHAPE('','',#5509);
#5509 = PRODUCT_DEFINITION('design','',#5510,#5513);
#5510 = PRODUCT_DEFINITION_FORMATION_WITH_SPECIFIED_SOURCE('','',#5511,
  .NOT_KNOWN.);
#5511 = PRODUCT('FootingMasonryFooting_0.50_m 16',
  'FootingMasonryFooting_0.50_m 16','',(#5512));
#5512 = MECHANICAL_CONTEXT('',#2,'mechanical');
#5513 = DESIGN_CONTEXT('',#2,'design');
#5514 = ADVANCED_BREP_SHAPE_REPRESENTATION('',(#11,#5515),#6001);
#5515 = MANIFOLD_SOLID_BREP('FootingMasonryFooting_0.50_m',#5516);
#5516 = CLOSED_SHELL('',(#5517,#5637,#5713,#5789,#5865,#5936,#5983,#5992
    ));
#5517 = ADVANCED_FACE('',(#5518),#5532,.F.);
#5518 = FACE_BOUND('',#5519,.F.);
#5519 = EDGE_LOOP('',(#5520,#5555,#5583,#5611));
#5520 = ORIENTED_EDGE('',*,*,#5521,.T.);
#5521 = EDGE_CURVE('',#5522,#5524,#5526,.T.);
#5522 = VERTEX_POINT('',#5523);
#5523 = CARTESIAN_POINT('',(9.85E-04,5.390624220212E-03,-6.E-04));
#5524 = VERTEX_POINT('',#5525);
#5525 = CARTESIAN_POINT('',(9.85E-04,5.390624220212E-03,-1.E-04));
#5526 = SURFACE_CURVE('',#5527,(#5531,#5543),.PCURVE_S1.);
#5527 = LINE('',#5528,#5529);
#5528 = CARTESIAN_POINT('',(9.85E-04,5.390624220212E-03,-6.E-04));
#5529 = VECTOR('',#5530,1.E-03);
#5530 = DIRECTION('',(0.,0.,1.));
#5531 = PCURVE('',#5532,#5537);
#5532 = PLANE('',#5533);
#5533 = AXIS2_PLACEMENT_3D('',#5534,#5535,#5536);
#5534 = CARTESIAN_POINT('',(9.85E-04,5.390624220212E-03,-6.E-04));
#5535 = DIRECTION('',(0.,1.,0.));
#5536 = DIRECTION('',(1.,0.,0.));
#5537 = DEFINITIONAL_REPRESENTATION('',(#5538),#5542);
#5538 = LINE('',#5539,#5540);
#5539 = CARTESIAN_POINT('',(0.,0.));
#5540 = VECTOR('',#5541,1.);
#5541 = DIRECTION('',(0.,-1.));
#5542 = ( GEOMETRIC_REPRESENTATION_CONTEXT(2) 
PARAMETRIC_REPRESENTATION_CONTEXT() REPRESENTATION_CONTEXT('2D SPACE',''
  ) );
#5543 = PCURVE('',#5544,#5549);
#5544 = PLANE('',#5545);
#5545 = AXIS2_PLACEMENT_3D('',#5546,#5547,#5548);
#5546 = CARTESIAN_POINT('',(9.85E-04,5.890624220212E-03,-6.E-04));
#5547 = DIRECTION('',(1.,0.,0.));
#5548 = DIRECTION('',(0.,-1.,0.));
#5549 = DEFINITIONAL_REPRESENTATION('',(#5550),#5554);
#5550 = LINE('',#5551,#5552);
#5551 = CARTESIAN_POINT('',(5.E-04,0.));
#5552 = VECTOR('',#5553,1.);
#5553 = DIRECTION('',(0.,-1.));
#5554 = ( GEOMETRIC_REPRESENTATION_CONTEXT(2) 
PARAMETRIC_REPRESENTATION_CONTEXT() REPRESENTATION_CONTEXT('2D SPACE',''
  ) );
#5555 = ORIENTED_EDGE('',*,*,#5556,.T.);
#5556 = EDGE_CURVE('',#5524,#5557,#5559,.T.);
#5557 = VERTEX_POINT('',#5558);
#5558 = CARTESIAN_POINT('',(1.485E-03,5.390624220212E-03,-1.E-04));
#5559 = SURFACE_CURVE('',#5560,(#5564,#5571),.PCURVE_S1.);
#5560 = LINE('',#5561,#5562);
#5561 = CARTESIAN_POINT('',(9.85E-04,5.390624220212E-03,-1.E-04));
#5562 = VECTOR('',#5563,1.E-03);
#5563 = DIRECTION('',(1.,0.,0.));
#5564 = PCURVE('',#5532,#5565);
#5565 = DEFINITIONAL_REPRESENTATION('',(#5566),#5570);
#5566 = LINE('',#5567,#5568);
#5567 = CARTESIAN_POINT('',(0.,-5.E-04));
#5568 = VECTOR('',#5569,1.);
#5569 = DIRECTION('',(1.,0.));
#5570 = ( GEOMETRIC_REPRESENTATION_CONTEXT(2) 
PARAMETRIC_REPRESENTATION_CONTEXT() REPRESENTATION_CONTEXT('2D SPACE',''
  ) );
#5571 = PCURVE('',#5572,#5577);
#5572 = PLANE('',#5573);
#5573 = AXIS2_PLACEMENT_3D('',#5574,#5575,#5576);
#5574 = CARTESIAN_POINT('',(3.275E-03,5.557290886878E-03,-1.E-04));
#5575 = DIRECTION('',(0.,0.,1.));
#5576 = DIRECTION('',(1.,0.,0.));
#5577 = DEFINITIONAL_REPRESENTATION('',(#5578),#5582);
#5578 = LINE('',#5579,#5580);
#5579 = CARTESIAN_POINT('',(-2.29E-03,-1.666666666667E-04));
#5580 = VECTOR('',#5581,1.);
#5581 = DIRECTION('',(1.,0.));
#5582 = ( GEOMETRIC_REPRESENTATION_CONTEXT(2) 
PARAMETRIC_REPRESENTATION_CONTEXT() REPRESENTATION_CONTEXT('2D SPACE',''
  ) );
#5583 = ORIENTED_EDGE('',*,*,#5584,.F.);
#5584 = EDGE_CURVE('',#5585,#5557,#5587,.T.);
#5585 = VERTEX_POINT('',#5586);
#5586 = CARTESIAN_POINT('',(1.485E-03,5.390624220212E-03,-6.E-04));
#5587 = SURFACE_CURVE('',#5588,(#5592,#5599),.PCURVE_S1.);
#5588 = LINE('',#5589,#5590);
#5589 = CARTESIAN_POINT('',(1.485E-03,5.390624220212E-03,-6.E-04));
#5590 = VECTOR('',#5591,1.E-03);
#5591 = DIRECTION('',(0.,0.,1.));
#5592 = PCURVE('',#5532,#5593);
#5593 = DEFINITIONAL_REPRESENTATION('',(#5594),#5598);
#5594 = LINE('',#5595,#5596);
#5595 = CARTESIAN_POINT('',(5.E-04,0.));
#5596 = VECTOR('',#5597,1.);
#5597 = DIRECTION('',(0.,-1.));
#5598 = ( GEOMETRIC_REPRESENTATION_CONTEXT(2) 
PARAMETRIC_REPRESENTATION_CONTEXT() REPRESENTATION_CONTEXT('2D SPACE',''
  ) );
#5599 = PCURVE('',#5600,#5605);
#5600 = PLANE('',#5601);
#5601 = AXIS2_PLACEMENT_3D('',#5602,#5603,#5604);
#5602 = CARTESIAN_POINT('',(1.485E-03,5.390624220212E-03,-6.E-04));
#5603 = DIRECTION('',(0.,1.,0.));
#5604 = DIRECTION('',(1.,0.,0.));
#5605 = DEFINITIONAL_REPRESENTATION('',(#5606),#5610);
#5606 = LINE('',#5607,#5608);
#5607 = CARTESIAN_POINT('',(0.,0.));
#5608 = VECTOR('',#5609,1.);
#5609 = DIRECTION('',(0.,-1.));
#5610 = ( GEOMETRIC_REPRESENTATION_CONTEXT(2) 
PARAMETRIC_REPRESENTATION_CONTEXT() REPRESENTATION_CONTEXT('2D SPACE',''
  ) );
#5611 = ORIENTED_EDGE('',*,*,#5612,.F.);
#5612 = EDGE_CURVE('',#5522,#5585,#5613,.T.);
#5613 = SURFACE_CURVE('',#5614,(#5618,#5625),.PCURVE_S1.);
#5614 = LINE('',#5615,#5616);
#5615 = CARTESIAN_POINT('',(9.85E-04,5.390624220212E-03,-6.E-04));
#5616 = VECTOR('',#5617,1.E-03);
#5617 = DIRECTION('',(1.,0.,0.));
#5618 = PCURVE('',#5532,#5619);
#5619 = DEFINITIONAL_REPRESENTATION('',(#5620),#5624);
#5620 = LINE('',#5621,#5622);
#5621 = CARTESIAN_POINT('',(0.,0.));
#5622 = VECTOR('',#5623,1.);
#5623 = DIRECTION('',(1.,0.));
#5624 = ( GEOMETRIC_REPRESENTATION_CONTEXT(2) 
PARAMETRIC_REPRESENTATION_CONTEXT() REPRESENTATION_CONTEXT('2D SPACE',''
  ) );
#5625 = PCURVE('',#5626,#5631);
#5626 = PLANE('',#5627);
#5627 = AXIS2_PLACEMENT_3D('',#5628,#5629,#5630);
#5628 = CARTESIAN_POINT('',(3.275E-03,5.557290886878E-03,-6.E-04));
#5629 = DIRECTION('',(0.,0.,1.));
#5630 = DIRECTION('',(1.,0.,0.));
#5631 = DEFINITIONAL_REPRESENTATION('',(#5632),#5636);
#5632 = LINE('',#5633,#5634);
#5633 = CARTESIAN_POINT('',(-2.29E-03,-1.666666666667E-04));
#5634 = VECTOR('',#5635,1.);
#5635 = DIRECTION('',(1.,0.));
#5636 = ( GEOMETRIC_REPRESENTATION_CONTEXT(2) 
PARAMETRIC_REPRESENTATION_CONTEXT() REPRESENTATION_CONTEXT('2D SPACE',''
  ) );
#5637 = ADVANCED_FACE('',(#5638),#5600,.F.);
#5638 = FACE_BOUND('',#5639,.F.);
#5639 = EDGE_LOOP('',(#5640,#5641,#5664,#5692));
#5640 = ORIENTED_EDGE('',*,*,#5584,.T.);
#5641 = ORIENTED_EDGE('',*,*,#5642,.T.);
#5642 = EDGE_CURVE('',#5557,#5643,#5645,.T.);
#5643 = VERTEX_POINT('',#5644);
#5644 = CARTESIAN_POINT('',(5.065E-03,5.390624220212E-03,-1.E-04));
#5645 = SURFACE_CURVE('',#5646,(#5650,#5657),.PCURVE_S1.);
#5646 = LINE('',#5647,#5648);
#5647 = CARTESIAN_POINT('',(1.485E-03,5.390624220212E-03,-1.E-04));
#5648 = VECTOR('',#5649,1.E-03);
#5649 = DIRECTION('',(1.,0.,0.));
#5650 = PCURVE('',#5600,#5651);
#5651 = DEFINITIONAL_REPRESENTATION('',(#5652),#5656);
#5652 = LINE('',#5653,#5654);
#5653 = CARTESIAN_POINT('',(0.,-5.E-04));
#5654 = VECTOR('',#5655,1.);
#5655 = DIRECTION('',(1.,0.));
#5656 = ( GEOMETRIC_REPRESENTATION_CONTEXT(2) 
PARAMETRIC_REPRESENTATION_CONTEXT() REPRESENTATION_CONTEXT('2D SPACE',''
  ) );
#5657 = PCURVE('',#5572,#5658);
#5658 = DEFINITIONAL_REPRESENTATION('',(#5659),#5663);
#5659 = LINE('',#5660,#5661);
#5660 = CARTESIAN_POINT('',(-1.79E-03,-1.666666666667E-04));
#5661 = VECTOR('',#5662,1.);
#5662 = DIRECTION('',(1.,0.));
#5663 = ( GEOMETRIC_REPRESENTATION_CONTEXT(2) 
PARAMETRIC_REPRESENTATION_CONTEXT() REPRESENTATION_CONTEXT('2D SPACE',''
  ) );
#5664 = ORIENTED_EDGE('',*,*,#5665,.F.);
#5665 = EDGE_CURVE('',#5666,#5643,#5668,.T.);
#5666 = VERTEX_POINT('',#5667);
#5667 = CARTESIAN_POINT('',(5.065E-03,5.390624220212E-03,-6.E-04));
#5668 = SURFACE_CURVE('',#5669,(#5673,#5680),.PCURVE_S1.);
#5669 = LINE('',#5670,#5671);
#5670 = CARTESIAN_POINT('',(5.065E-03,5.390624220212E-03,-6.E-04));
#5671 = VECTOR('',#5672,1.E-03);
#5672 = DIRECTION('',(0.,0.,1.));
#5673 = PCURVE('',#5600,#5674);
#5674 = DEFINITIONAL_REPRESENTATION('',(#5675),#5679);
#5675 = LINE('',#5676,#5677);
#5676 = CARTESIAN_POINT('',(3.58E-03,0.));
#5677 = VECTOR('',#5678,1.);
#5678 = DIRECTION('',(0.,-1.));
#5679 = ( GEOMETRIC_REPRESENTATION_CONTEXT(2) 
PARAMETRIC_REPRESENTATION_CONTEXT() REPRESENTATION_CONTEXT('2D SPACE',''
  ) );
#5680 = PCURVE('',#5681,#5686);
#5681 = PLANE('',#5682);
#5682 = AXIS2_PLACEMENT_3D('',#5683,#5684,#5685);
#5683 = CARTESIAN_POINT('',(5.065E-03,5.390624220212E-03,-6.E-04));
#5684 = DIRECTION('',(0.,1.,0.));
#5685 = DIRECTION('',(1.,0.,0.));
#5686 = DEFINITIONAL_REPRESENTATION('',(#5687),#5691);
#5687 = LINE('',#5688,#5689);
#5688 = CARTESIAN_POINT('',(0.,0.));
#5689 = VECTOR('',#5690,1.);
#5690 = DIRECTION('',(0.,-1.));
#5691 = ( GEOMETRIC_REPRESENTATION_CONTEXT(2) 
PARAMETRIC_REPRESENTATION_CONTEXT() REPRESENTATION_CONTEXT('2D SPACE',''
  ) );
#5692 = ORIENTED_EDGE('',*,*,#5693,.F.);
#5693 = EDGE_CURVE('',#5585,#5666,#5694,.T.);
#5694 = SURFACE_CURVE('',#5695,(#5699,#5706),.PCURVE_S1.);
#5695 = LINE('',#5696,#5697);
#5696 = CARTESIAN_POINT('',(1.485E-03,5.390624220212E-03,-6.E-04));
#5697 = VECTOR('',#5698,1.E-03);
#5698 = DIRECTION('',(1.,0.,0.));
#5699 = PCURVE('',#5600,#5700);
#5700 = DEFINITIONAL_REPRESENTATION('',(#5701),#5705);
#5701 = LINE('',#5702,#5703);
#5702 = CARTESIAN_POINT('',(0.,0.));
#5703 = VECTOR('',#5704,1.);
#5704 = DIRECTION('',(1.,0.));
#5705 = ( GEOMETRIC_REPRESENTATION_CONTEXT(2) 
PARAMETRIC_REPRESENTATION_CONTEXT() REPRESENTATION_CONTEXT('2D SPACE',''
  ) );
#5706 = PCURVE('',#5626,#5707);
#5707 = DEFINITIONAL_REPRESENTATION('',(#5708),#5712);
#5708 = LINE('',#5709,#5710);
#5709 = CARTESIAN_POINT('',(-1.79E-03,-1.666666666667E-04));
#5710 = VECTOR('',#5711,1.);
#5711 = DIRECTION('',(1.,0.));
#5712 = ( GEOMETRIC_REPRESENTATION_CONTEXT(2) 
PARAMETRIC_REPRESENTATION_CONTEXT() REPRESENTATION_CONTEXT('2D SPACE',''
  ) );
#5713 = ADVANCED_FACE('',(#5714),#5681,.F.);
#5714 = FACE_BOUND('',#5715,.F.);
#5715 = EDGE_LOOP('',(#5716,#5717,#5740,#5768));
#5716 = ORIENTED_EDGE('',*,*,#5665,.T.);
#5717 = ORIENTED_EDGE('',*,*,#5718,.T.);
#5718 = EDGE_CURVE('',#5643,#5719,#5721,.T.);
#5719 = VERTEX_POINT('',#5720);
#5720 = CARTESIAN_POINT('',(5.565E-03,5.390624220212E-03,-1.E-04));
#5721 = SURFACE_CURVE('',#5722,(#5726,#5733),.PCURVE_S1.);
#5722 = LINE('',#5723,#5724);
#5723 = CARTESIAN_POINT('',(5.065E-03,5.390624220212E-03,-1.E-04));
#5724 = VECTOR('',#5725,1.E-03);
#5725 = DIRECTION('',(1.,0.,0.));
#5726 = PCURVE('',#5681,#5727);
#5727 = DEFINITIONAL_REPRESENTATION('',(#5728),#5732);
#5728 = LINE('',#5729,#5730);
#5729 = CARTESIAN_POINT('',(0.,-5.E-04));
#5730 = VECTOR('',#5731,1.);
#5731 = DIRECTION('',(1.,0.));
#5732 = ( GEOMETRIC_REPRESENTATION_CONTEXT(2) 
PARAMETRIC_REPRESENTATION_CONTEXT() REPRESENTATION_CONTEXT('2D SPACE',''
  ) );
#5733 = PCURVE('',#5572,#5734);
#5734 = DEFINITIONAL_REPRESENTATION('',(#5735),#5739);
#5735 = LINE('',#5736,#5737);
#5736 = CARTESIAN_POINT('',(1.79E-03,-1.666666666667E-04));
#5737 = VECTOR('',#5738,1.);
#5738 = DIRECTION('',(1.,0.));
#5739 = ( GEOMETRIC_REPRESENTATION_CONTEXT(2) 
PARAMETRIC_REPRESENTATION_CONTEXT() REPRESENTATION_CONTEXT('2D SPACE',''
  ) );
#5740 = ORIENTED_EDGE('',*,*,#5741,.F.);
#5741 = EDGE_CURVE('',#5742,#5719,#5744,.T.);
#5742 = VERTEX_POINT('',#5743);
#5743 = CARTESIAN_POINT('',(5.565E-03,5.390624220212E-03,-6.E-04));
#5744 = SURFACE_CURVE('',#5745,(#5749,#5756),.PCURVE_S1.);
#5745 = LINE('',#5746,#5747);
#5746 = CARTESIAN_POINT('',(5.565E-03,5.390624220212E-03,-6.E-04));
#5747 = VECTOR('',#5748,1.E-03);
#5748 = DIRECTION('',(0.,0.,1.));
#5749 = PCURVE('',#5681,#5750);
#5750 = DEFINITIONAL_REPRESENTATION('',(#5751),#5755);
#5751 = LINE('',#5752,#5753);
#5752 = CARTESIAN_POINT('',(5.E-04,0.));
#5753 = VECTOR('',#5754,1.);
#5754 = DIRECTION('',(0.,-1.));
#5755 = ( GEOMETRIC_REPRESENTATION_CONTEXT(2) 
PARAMETRIC_REPRESENTATION_CONTEXT() REPRESENTATION_CONTEXT('2D SPACE',''
  ) );
#5756 = PCURVE('',#5757,#5762);
#5757 = PLANE('',#5758);
#5758 = AXIS2_PLACEMENT_3D('',#5759,#5760,#5761);
#5759 = CARTESIAN_POINT('',(5.565E-03,5.390624220212E-03,-6.E-04));
#5760 = DIRECTION('',(-1.,0.,0.));
#5761 = DIRECTION('',(0.,1.,0.));
#5762 = DEFINITIONAL_REPRESENTATION('',(#5763),#5767);
#5763 = LINE('',#5764,#5765);
#5764 = CARTESIAN_POINT('',(0.,0.));
#5765 = VECTOR('',#5766,1.);
#5766 = DIRECTION('',(0.,-1.));
#5767 = ( GEOMETRIC_REPRESENTATION_CONTEXT(2) 
PARAMETRIC_REPRESENTATION_CONTEXT() REPRESENTATION_CONTEXT('2D SPACE',''
  ) );
#5768 = ORIENTED_EDGE('',*,*,#5769,.F.);
#5769 = EDGE_CURVE('',#5666,#5742,#5770,.T.);
#5770 = SURFACE_CURVE('',#5771,(#5775,#5782),.PCURVE_S1.);
#5771 = LINE('',#5772,#5773);
#5772 = CARTESIAN_POINT('',(5.065E-03,5.390624220212E-03,-6.E-04));
#5773 = VECTOR('',#5774,1.E-03);
#5774 = DIRECTION('',(1.,0.,0.));
#5775 = PCURVE('',#5681,#5776);
#5776 = DEFINITIONAL_REPRESENTATION('',(#5777),#5781);
#5777 = LINE('',#5778,#5779);
#5778 = CARTESIAN_POINT('',(0.,0.));
#5779 = VECTOR('',#5780,1.);
#5780 = DIRECTION('',(1.,0.));
#5781 = ( GEOMETRIC_REPRESENTATION_CONTEXT(2) 
PARAMETRIC_REPRESENTATION_CONTEXT() REPRESENTATION_CONTEXT('2D SPACE',''
  ) );
#5782 = PCURVE('',#5626,#5783);
#5783 = DEFINITIONAL_REPRESENTATION('',(#5784),#5788);
#5784 = LINE('',#5785,#5786);
#5785 = CARTESIAN_POINT('',(1.79E-03,-1.666666666667E-04));
#5786 = VECTOR('',#5787,1.);
#5787 = DIRECTION('',(1.,0.));
#5788 = ( GEOMETRIC_REPRESENTATION_CONTEXT(2) 
PARAMETRIC_REPRESENTATION_CONTEXT() REPRESENTATION_CONTEXT('2D SPACE',''
  ) );
#5789 = ADVANCED_FACE('',(#5790),#5757,.F.);
#5790 = FACE_BOUND('',#5791,.F.);
#5791 = EDGE_LOOP('',(#5792,#5793,#5816,#5844));
#5792 = ORIENTED_EDGE('',*,*,#5741,.T.);
#5793 = ORIENTED_EDGE('',*,*,#5794,.T.);
#5794 = EDGE_CURVE('',#5719,#5795,#5797,.T.);
#5795 = VERTEX_POINT('',#5796);
#5796 = CARTESIAN_POINT('',(5.565E-03,5.890624220212E-03,-1.E-04));
#5797 = SURFACE_CURVE('',#5798,(#5802,#5809),.PCURVE_S1.);
#5798 = LINE('',#5799,#5800);
#5799 = CARTESIAN_POINT('',(5.565E-03,5.390624220212E-03,-1.E-04));
#5800 = VECTOR('',#5801,1.E-03);
#5801 = DIRECTION('',(0.,1.,0.));
#5802 = PCURVE('',#5757,#5803);
#5803 = DEFINITIONAL_REPRESENTATION('',(#5804),#5808);
#5804 = LINE('',#5805,#5806);
#5805 = CARTESIAN_POINT('',(0.,-5.E-04));
#5806 = VECTOR('',#5807,1.);
#5807 = DIRECTION('',(1.,0.));
#5808 = ( GEOMETRIC_REPRESENTATION_CONTEXT(2) 
PARAMETRIC_REPRESENTATION_CONTEXT() REPRESENTATION_CONTEXT('2D SPACE',''
  ) );
#5809 = PCURVE('',#5572,#5810);
#5810 = DEFINITIONAL_REPRESENTATION('',(#5811),#5815);
#5811 = LINE('',#5812,#5813);
#5812 = CARTESIAN_POINT('',(2.29E-03,-1.666666666667E-04));
#5813 = VECTOR('',#5814,1.);
#5814 = DIRECTION('',(0.,1.));
#5815 = ( GEOMETRIC_REPRESENTATION_CONTEXT(2) 
PARAMETRIC_REPRESENTATION_CONTEXT() REPRESENTATION_CONTEXT('2D SPACE',''
  ) );
#5816 = ORIENTED_EDGE('',*,*,#5817,.F.);
#5817 = EDGE_CURVE('',#5818,#5795,#5820,.T.);
#5818 = VERTEX_POINT('',#5819);
#5819 = CARTESIAN_POINT('',(5.565E-03,5.890624220212E-03,-6.E-04));
#5820 = SURFACE_CURVE('',#5821,(#5825,#5832),.PCURVE_S1.);
#5821 = LINE('',#5822,#5823);
#5822 = CARTESIAN_POINT('',(5.565E-03,5.890624220212E-03,-6.E-04));
#5823 = VECTOR('',#5824,1.E-03);
#5824 = DIRECTION('',(0.,0.,1.));
#5825 = PCURVE('',#5757,#5826);
#5826 = DEFINITIONAL_REPRESENTATION('',(#5827),#5831);
#5827 = LINE('',#5828,#5829);
#5828 = CARTESIAN_POINT('',(5.E-04,0.));
#5829 = VECTOR('',#5830,1.);
#5830 = DIRECTION('',(0.,-1.));
#5831 = ( GEOMETRIC_REPRESENTATION_CONTEXT(2) 
PARAMETRIC_REPRESENTATION_CONTEXT() REPRESENTATION_CONTEXT('2D SPACE',''
  ) );
#5832 = PCURVE('',#5833,#5838);
#5833 = PLANE('',#5834);
#5834 = AXIS2_PLACEMENT_3D('',#5835,#5836,#5837);
#5835 = CARTESIAN_POINT('',(5.565E-03,5.890624220212E-03,-6.E-04));
#5836 = DIRECTION('',(0.,-1.,0.));
#5837 = DIRECTION('',(-1.,0.,0.));
#5838 = DEFINITIONAL_REPRESENTATION('',(#5839),#5843);
#5839 = LINE('',#5840,#5841);
#5840 = CARTESIAN_POINT('',(0.,-0.));
#5841 = VECTOR('',#5842,1.);
#5842 = DIRECTION('',(0.,-1.));
#5843 = ( GEOMETRIC_REPRESENTATION_CONTEXT(2) 
PARAMETRIC_REPRESENTATION_CONTEXT() REPRESENTATION_CONTEXT('2D SPACE',''
  ) );
#5844 = ORIENTED_EDGE('',*,*,#5845,.F.);
#5845 = EDGE_CURVE('',#5742,#5818,#5846,.T.);
#5846 = SURFACE_CURVE('',#5847,(#5851,#5858),.PCURVE_S1.);
#5847 = LINE('',#5848,#5849);
#5848 = CARTESIAN_POINT('',(5.565E-03,5.390624220212E-03,-6.E-04));
#5849 = VECTOR('',#5850,1.E-03);
#5850 = DIRECTION('',(0.,1.,0.));
#5851 = PCURVE('',#5757,#5852);
#5852 = DEFINITIONAL_REPRESENTATION('',(#5853),#5857);
#5853 = LINE('',#5854,#5855);
#5854 = CARTESIAN_POINT('',(0.,0.));
#5855 = VECTOR('',#5856,1.);
#5856 = DIRECTION('',(1.,0.));
#5857 = ( GEOMETRIC_REPRESENTATION_CONTEXT(2) 
PARAMETRIC_REPRESENTATION_CONTEXT() REPRESENTATION_CONTEXT('2D SPACE',''
  ) );
#5858 = PCURVE('',#5626,#5859);
#5859 = DEFINITIONAL_REPRESENTATION('',(#5860),#5864);
#5860 = LINE('',#5861,#5862);
#5861 = CARTESIAN_POINT('',(2.29E-03,-1.666666666667E-04));
#5862 = VECTOR('',#5863,1.);
#5863 = DIRECTION('',(0.,1.));
#5864 = ( GEOMETRIC_REPRESENTATION_CONTEXT(2) 
PARAMETRIC_REPRESENTATION_CONTEXT() REPRESENTATION_CONTEXT('2D SPACE',''
  ) );
#5865 = ADVANCED_FACE('',(#5866),#5833,.F.);
#5866 = FACE_BOUND('',#5867,.F.);
#5867 = EDGE_LOOP('',(#5868,#5869,#5892,#5915));
#5868 = ORIENTED_EDGE('',*,*,#5817,.T.);
#5869 = ORIENTED_EDGE('',*,*,#5870,.T.);
#5870 = EDGE_CURVE('',#5795,#5871,#5873,.T.);
#5871 = VERTEX_POINT('',#5872);
#5872 = CARTESIAN_POINT('',(9.85E-04,5.890624220212E-03,-1.E-04));
#5873 = SURFACE_CURVE('',#5874,(#5878,#5885),.PCURVE_S1.);
#5874 = LINE('',#5875,#5876);
#5875 = CARTESIAN_POINT('',(5.565E-03,5.890624220212E-03,-1.E-04));
#5876 = VECTOR('',#5877,1.E-03);
#5877 = DIRECTION('',(-1.,0.,0.));
#5878 = PCURVE('',#5833,#5879);
#5879 = DEFINITIONAL_REPRESENTATION('',(#5880),#5884);
#5880 = LINE('',#5881,#5882);
#5881 = CARTESIAN_POINT('',(0.,-5.E-04));
#5882 = VECTOR('',#5883,1.);
#5883 = DIRECTION('',(1.,0.));
#5884 = ( GEOMETRIC_REPRESENTATION_CONTEXT(2) 
PARAMETRIC_REPRESENTATION_CONTEXT() REPRESENTATION_CONTEXT('2D SPACE',''
  ) );
#5885 = PCURVE('',#5572,#5886);
#5886 = DEFINITIONAL_REPRESENTATION('',(#5887),#5891);
#5887 = LINE('',#5888,#5889);
#5888 = CARTESIAN_POINT('',(2.29E-03,3.333333333333E-04));
#5889 = VECTOR('',#5890,1.);
#5890 = DIRECTION('',(-1.,0.));
#5891 = ( GEOMETRIC_REPRESENTATION_CONTEXT(2) 
PARAMETRIC_REPRESENTATION_CONTEXT() REPRESENTATION_CONTEXT('2D SPACE',''
  ) );
#5892 = ORIENTED_EDGE('',*,*,#5893,.F.);
#5893 = EDGE_CURVE('',#5894,#5871,#5896,.T.);
#5894 = VERTEX_POINT('',#5895);
#5895 = CARTESIAN_POINT('',(9.85E-04,5.890624220212E-03,-6.E-04));
#5896 = SURFACE_CURVE('',#5897,(#5901,#5908),.PCURVE_S1.);
#5897 = LINE('',#5898,#5899);
#5898 = CARTESIAN_POINT('',(9.85E-04,5.890624220212E-03,-6.E-04));
#5899 = VECTOR('',#5900,1.E-03);
#5900 = DIRECTION('',(0.,0.,1.));
#5901 = PCURVE('',#5833,#5902);
#5902 = DEFINITIONAL_REPRESENTATION('',(#5903),#5907);
#5903 = LINE('',#5904,#5905);
#5904 = CARTESIAN_POINT('',(4.58E-03,0.));
#5905 = VECTOR('',#5906,1.);
#5906 = DIRECTION('',(0.,-1.));
#5907 = ( GEOMETRIC_REPRESENTATION_CONTEXT(2) 
PARAMETRIC_REPRESENTATION_CONTEXT() REPRESENTATION_CONTEXT('2D SPACE',''
  ) );
#5908 = PCURVE('',#5544,#5909);
#5909 = DEFINITIONAL_REPRESENTATION('',(#5910),#5914);
#5910 = LINE('',#5911,#5912);
#5911 = CARTESIAN_POINT('',(0.,0.));
#5912 = VECTOR('',#5913,1.);
#5913 = DIRECTION('',(0.,-1.));
#5914 = ( GEOMETRIC_REPRESENTATION_CONTEXT(2) 
PARAMETRIC_REPRESENTATION_CONTEXT() REPRESENTATION_CONTEXT('2D SPACE',''
  ) );
#5915 = ORIENTED_EDGE('',*,*,#5916,.F.);
#5916 = EDGE_CURVE('',#5818,#5894,#5917,.T.);
#5917 = SURFACE_CURVE('',#5918,(#5922,#5929),.PCURVE_S1.);
#5918 = LINE('',#5919,#5920);
#5919 = CARTESIAN_POINT('',(5.565E-03,5.890624220212E-03,-6.E-04));
#5920 = VECTOR('',#5921,1.E-03);
#5921 = DIRECTION('',(-1.,0.,0.));
#5922 = PCURVE('',#5833,#5923);
#5923 = DEFINITIONAL_REPRESENTATION('',(#5924),#5928);
#5924 = LINE('',#5925,#5926);
#5925 = CARTESIAN_POINT('',(0.,-0.));
#5926 = VECTOR('',#5927,1.);
#5927 = DIRECTION('',(1.,0.));
#5928 = ( GEOMETRIC_REPRESENTATION_CONTEXT(2) 
PARAMETRIC_REPRESENTATION_CONTEXT() REPRESENTATION_CONTEXT('2D SPACE',''
  ) );
#5929 = PCURVE('',#5626,#5930);
#5930 = DEFINITIONAL_REPRESENTATION('',(#5931),#5935);
#5931 = LINE('',#5932,#5933);
#5932 = CARTESIAN_POINT('',(2.29E-03,3.333333333333E-04));
#5933 = VECTOR('',#5934,1.);
#5934 = DIRECTION('',(-1.,0.));
#5935 = ( GEOMETRIC_REPRESENTATION_CONTEXT(2) 
PARAMETRIC_REPRESENTATION_CONTEXT() REPRESENTATION_CONTEXT('2D SPACE',''
  ) );
#5936 = ADVANCED_FACE('',(#5937),#5544,.F.);
#5937 = FACE_BOUND('',#5938,.F.);
#5938 = EDGE_LOOP('',(#5939,#5940,#5961,#5962));
#5939 = ORIENTED_EDGE('',*,*,#5893,.T.);
#5940 = ORIENTED_EDGE('',*,*,#5941,.T.);
#5941 = EDGE_CURVE('',#5871,#5524,#5942,.T.);
#5942 = SURFACE_CURVE('',#5943,(#5947,#5954),.PCURVE_S1.);
#5943 = LINE('',#5944,#5945);
#5944 = CARTESIAN_POINT('',(9.85E-04,5.890624220212E-03,-1.E-04));
#5945 = VECTOR('',#5946,1.E-03);
#5946 = DIRECTION('',(0.,-1.,0.));
#5947 = PCURVE('',#5544,#5948);
#5948 = DEFINITIONAL_REPRESENTATION('',(#5949),#5953);
#5949 = LINE('',#5950,#5951);
#5950 = CARTESIAN_POINT('',(0.,-5.E-04));
#5951 = VECTOR('',#5952,1.);
#5952 = DIRECTION('',(1.,0.));
#5953 = ( GEOMETRIC_REPRESENTATION_CONTEXT(2) 
PARAMETRIC_REPRESENTATION_CONTEXT() REPRESENTATION_CONTEXT('2D SPACE',''
  ) );
#5954 = PCURVE('',#5572,#5955);
#5955 = DEFINITIONAL_REPRESENTATION('',(#5956),#5960);
#5956 = LINE('',#5957,#5958);
#5957 = CARTESIAN_POINT('',(-2.29E-03,3.333333333333E-04));
#5958 = VECTOR('',#5959,1.);
#5959 = DIRECTION('',(0.,-1.));
#5960 = ( GEOMETRIC_REPRESENTATION_CONTEXT(2) 
PARAMETRIC_REPRESENTATION_CONTEXT() REPRESENTATION_CONTEXT('2D SPACE',''
  ) );
#5961 = ORIENTED_EDGE('',*,*,#5521,.F.);
#5962 = ORIENTED_EDGE('',*,*,#5963,.F.);
#5963 = EDGE_CURVE('',#5894,#5522,#5964,.T.);
#5964 = SURFACE_CURVE('',#5965,(#5969,#5976),.PCURVE_S1.);
#5965 = LINE('',#5966,#5967);
#5966 = CARTESIAN_POINT('',(9.85E-04,5.890624220212E-03,-6.E-04));
#5967 = VECTOR('',#5968,1.E-03);
#5968 = DIRECTION('',(0.,-1.,0.));
#5969 = PCURVE('',#5544,#5970);
#5970 = DEFINITIONAL_REPRESENTATION('',(#5971),#5975);
#5971 = LINE('',#5972,#5973);
#5972 = CARTESIAN_POINT('',(0.,0.));
#5973 = VECTOR('',#5974,1.);
#5974 = DIRECTION('',(1.,0.));
#5975 = ( GEOMETRIC_REPRESENTATION_CONTEXT(2) 
PARAMETRIC_REPRESENTATION_CONTEXT() REPRESENTATION_CONTEXT('2D SPACE',''
  ) );
#5976 = PCURVE('',#5626,#5977);
#5977 = DEFINITIONAL_REPRESENTATION('',(#5978),#5982);
#5978 = LINE('',#5979,#5980);
#5979 = CARTESIAN_POINT('',(-2.29E-03,3.333333333333E-04));
#5980 = VECTOR('',#5981,1.);
#5981 = DIRECTION('',(0.,-1.));
#5982 = ( GEOMETRIC_REPRESENTATION_CONTEXT(2) 
PARAMETRIC_REPRESENTATION_CONTEXT() REPRESENTATION_CONTEXT('2D SPACE',''
  ) );
#5983 = ADVANCED_FACE('',(#5984),#5626,.F.);
#5984 = FACE_BOUND('',#5985,.F.);
#5985 = EDGE_LOOP('',(#5986,#5987,#5988,#5989,#5990,#5991));
#5986 = ORIENTED_EDGE('',*,*,#5612,.T.);
#5987 = ORIENTED_EDGE('',*,*,#5693,.T.);
#5988 = ORIENTED_EDGE('',*,*,#5769,.T.);
#5989 = ORIENTED_EDGE('',*,*,#5845,.T.);
#5990 = ORIENTED_EDGE('',*,*,#5916,.T.);
#5991 = ORIENTED_EDGE('',*,*,#5963,.T.);
#5992 = ADVANCED_FACE('',(#5993),#5572,.T.);
#5993 = FACE_BOUND('',#5994,.T.);
#5994 = EDGE_LOOP('',(#5995,#5996,#5997,#5998,#5999,#6000));
#5995 = ORIENTED_EDGE('',*,*,#5556,.T.);
#5996 = ORIENTED_EDGE('',*,*,#5642,.T.);
#5997 = ORIENTED_EDGE('',*,*,#5718,.T.);
#5998 = ORIENTED_EDGE('',*,*,#5794,.T.);
#5999 = ORIENTED_EDGE('',*,*,#5870,.T.);
#6000 = ORIENTED_EDGE('',*,*,#5941,.T.);
#6001 = ( GEOMETRIC_REPRESENTATION_CONTEXT(3) 
GLOBAL_UNCERTAINTY_ASSIGNED_CONTEXT((#6005)) 
GLOBAL_UNIT_ASSIGNED_CONTEXT((#6002,#6003,#6004)) REPRESENTATION_CONTEXT
('Context #1','3D Context with UNIT and UNCERTAINTY') );
#6002 = ( LENGTH_UNIT() NAMED_UNIT(*) SI_UNIT($,.METRE.) );
#6003 = ( NAMED_UNIT(*) PLANE_ANGLE_UNIT() SI_UNIT($,.RADIAN.) );
#6004 = ( NAMED_UNIT(*) SI_UNIT($,.STERADIAN.) SOLID_ANGLE_UNIT() );
#6005 = UNCERTAINTY_MEASURE_WITH_UNIT(LENGTH_MEASURE(1.E-08),#6002,
  'distance_accuracy_value','confusion accuracy');
#6006 = PRODUCT_RELATED_PRODUCT_CATEGORY('detail',$,(#5511));
#6007 = PRODUCT_CATEGORY_RELATIONSHIP('','',#6008,#6006);
#6008 = PRODUCT_CATEGORY('part',$);
#6009 = CC_DESIGN_PERSON_AND_ORGANIZATION_ASSIGNMENT(#354,#357,(#5510,
    #5509));
#6010 = CC_DESIGN_PERSON_AND_ORGANIZATION_ASSIGNMENT(#354,#359,(#5511));
#6011 = CC_DESIGN_PERSON_AND_ORGANIZATION_ASSIGNMENT(#354,#361,(#5510));
#6012 = CC_DESIGN_PERSON_AND_ORGANIZATION_ASSIGNMENT(#354,#363,(#6013));
#6013 = SECURITY_CLASSIFICATION('','',#365);
#6014 = CC_DESIGN_SECURITY_CLASSIFICATION(#6013,(#5510));
#6015 = CC_DESIGN_DATE_AND_TIME_ASSIGNMENT(#368,#372,(#5509));
#6016 = CC_DESIGN_DATE_AND_TIME_ASSIGNMENT(#368,#374,(#6013));
#6017 = CC_DESIGN_APPROVAL(#376,(#5510,#5509,#6013));
#6018 = SHAPE_DEFINITION_REPRESENTATION(#6019,#6025);
#6019 = PRODUCT_DEFINITION_SHAPE('','',#6020);
#6020 = PRODUCT_DEFINITION('design','',#6021,#6024);
#6021 = PRODUCT_DEFINITION_FORMATION_WITH_SPECIFIED_SOURCE('','',#6022,
  .NOT_KNOWN.);
#6022 = PRODUCT('FootingMasonryFooting_0.50_m 17',
  'FootingMasonryFooting_0.50_m 17','',(#6023));
#6023 = MECHANICAL_CONTEXT('',#2,'mechanical');
#6024 = DESIGN_CONTEXT('',#2,'design');
#6025 = ADVANCED_BREP_SHAPE_REPRESENTATION('',(#11,#6026),#6356);
#6026 = MANIFOLD_SOLID_BREP('FootingMasonryFooting_0.50_m',#6027);
#6027 = CLOSED_SHELL('',(#6028,#6148,#6224,#6295,#6342,#6349));
#6028 = ADVANCED_FACE('',(#6029),#6043,.F.);
#6029 = FACE_BOUND('',#6030,.F.);
#6030 = EDGE_LOOP('',(#6031,#6066,#6094,#6122));
#6031 = ORIENTED_EDGE('',*,*,#6032,.T.);
#6032 = EDGE_CURVE('',#6033,#6035,#6037,.T.);
#6033 = VERTEX_POINT('',#6034);
#6034 = CARTESIAN_POINT('',(1.485E-03,4.106242202118E-04,-6.E-04));
#6035 = VERTEX_POINT('',#6036);
#6036 = CARTESIAN_POINT('',(1.485E-03,4.106242202118E-04,-1.E-04));
#6037 = SURFACE_CURVE('',#6038,(#6042,#6054),.PCURVE_S1.);
#6038 = LINE('',#6039,#6040);
#6039 = CARTESIAN_POINT('',(1.485E-03,4.106242202118E-04,-6.E-04));
#6040 = VECTOR('',#6041,1.E-03);
#6041 = DIRECTION('',(0.,0.,1.));
#6042 = PCURVE('',#6043,#6048);
#6043 = PLANE('',#6044);
#6044 = AXIS2_PLACEMENT_3D('',#6045,#6046,#6047);
#6045 = CARTESIAN_POINT('',(1.485E-03,4.106242202118E-04,-6.E-04));
#6046 = DIRECTION('',(-1.,-4.012854305874E-16,0.));
#6047 = DIRECTION('',(-4.012854305874E-16,1.,0.));
#6048 = DEFINITIONAL_REPRESENTATION('',(#6049),#6053);
#6049 = LINE('',#6050,#6051);
#6050 = CARTESIAN_POINT('',(0.,0.));
#6051 = VECTOR('',#6052,1.);
#6052 = DIRECTION('',(0.,-1.));
#6053 = ( GEOMETRIC_REPRESENTATION_CONTEXT(2) 
PARAMETRIC_REPRESENTATION_CONTEXT() REPRESENTATION_CONTEXT('2D SPACE',''
  ) );
#6054 = PCURVE('',#6055,#6060);
#6055 = PLANE('',#6056);
#6056 = AXIS2_PLACEMENT_3D('',#6057,#6058,#6059);
#6057 = CARTESIAN_POINT('',(9.85E-04,4.106242202118E-04,-6.E-04));
#6058 = DIRECTION('',(0.,1.,0.));
#6059 = DIRECTION('',(1.,0.,0.));
#6060 = DEFINITIONAL_REPRESENTATION('',(#6061),#6065);
#6061 = LINE('',#6062,#6063);
#6062 = CARTESIAN_POINT('',(5.E-04,0.));
#6063 = VECTOR('',#6064,1.);
#6064 = DIRECTION('',(0.,-1.));
#6065 = ( GEOMETRIC_REPRESENTATION_CONTEXT(2) 
PARAMETRIC_REPRESENTATION_CONTEXT() REPRESENTATION_CONTEXT('2D SPACE',''
  ) );
#6066 = ORIENTED_EDGE('',*,*,#6067,.T.);
#6067 = EDGE_CURVE('',#6035,#6068,#6070,.T.);
#6068 = VERTEX_POINT('',#6069);
#6069 = CARTESIAN_POINT('',(1.485E-03,5.390624220212E-03,-1.E-04));
#6070 = SURFACE_CURVE('',#6071,(#6075,#6082),.PCURVE_S1.);
#6071 = LINE('',#6072,#6073);
#6072 = CARTESIAN_POINT('',(1.485E-03,4.106242202118E-04,-1.E-04));
#6073 = VECTOR('',#6074,1.E-03);
#6074 = DIRECTION('',(-4.012854305874E-16,1.,0.));
#6075 = PCURVE('',#6043,#6076);
#6076 = DEFINITIONAL_REPRESENTATION('',(#6077),#6081);
#6077 = LINE('',#6078,#6079);
#6078 = CARTESIAN_POINT('',(0.,-5.E-04));
#6079 = VECTOR('',#6080,1.);
#6080 = DIRECTION('',(1.,0.));
#6081 = ( GEOMETRIC_REPRESENTATION_CONTEXT(2) 
PARAMETRIC_REPRESENTATION_CONTEXT() REPRESENTATION_CONTEXT('2D SPACE',''
  ) );
#6082 = PCURVE('',#6083,#6088);
#6083 = PLANE('',#6084);
#6084 = AXIS2_PLACEMENT_3D('',#6085,#6086,#6087);
#6085 = CARTESIAN_POINT('',(1.235E-03,2.900624220212E-03,-1.E-04));
#6086 = DIRECTION('',(0.,0.,1.));
#6087 = DIRECTION('',(0.,1.,0.));
#6088 = DEFINITIONAL_REPRESENTATION('',(#6089),#6093);
#6089 = LINE('',#6090,#6091);
#6090 = CARTESIAN_POINT('',(-2.49E-03,-2.5E-04));
#6091 = VECTOR('',#6092,1.);
#6092 = DIRECTION('',(1.,4.012854305874E-16));
#6093 = ( GEOMETRIC_REPRESENTATION_CONTEXT(2) 
PARAMETRIC_REPRESENTATION_CONTEXT() REPRESENTATION_CONTEXT('2D SPACE',''
  ) );
#6094 = ORIENTED_EDGE('',*,*,#6095,.F.);
#6095 = EDGE_CURVE('',#6096,#6068,#6098,.T.);
#6096 = VERTEX_POINT('',#6097);
#6097 = CARTESIAN_POINT('',(1.485E-03,5.390624220212E-03,-6.E-04));
#6098 = SURFACE_CURVE('',#6099,(#6103,#6110),.PCURVE_S1.);
#6099 = LINE('',#6100,#6101);
#6100 = CARTESIAN_POINT('',(1.485E-03,5.390624220212E-03,-6.E-04));
#6101 = VECTOR('',#6102,1.E-03);
#6102 = DIRECTION('',(0.,0.,1.));
#6103 = PCURVE('',#6043,#6104);
#6104 = DEFINITIONAL_REPRESENTATION('',(#6105),#6109);
#6105 = LINE('',#6106,#6107);
#6106 = CARTESIAN_POINT('',(4.98E-03,0.));
#6107 = VECTOR('',#6108,1.);
#6108 = DIRECTION('',(0.,-1.));
#6109 = ( GEOMETRIC_REPRESENTATION_CONTEXT(2) 
PARAMETRIC_REPRESENTATION_CONTEXT() REPRESENTATION_CONTEXT('2D SPACE',''
  ) );
#6110 = PCURVE('',#6111,#6116);
#6111 = PLANE('',#6112);
#6112 = AXIS2_PLACEMENT_3D('',#6113,#6114,#6115);
#6113 = CARTESIAN_POINT('',(1.485E-03,5.390624220212E-03,-6.E-04));
#6114 = DIRECTION('',(0.,-1.,0.));
#6115 = DIRECTION('',(-1.,0.,0.));
#6116 = DEFINITIONAL_REPRESENTATION('',(#6117),#6121);
#6117 = LINE('',#6118,#6119);
#6118 = CARTESIAN_POINT('',(0.,0.));
#6119 = VECTOR('',#6120,1.);
#6120 = DIRECTION('',(0.,-1.));
#6121 = ( GEOMETRIC_REPRESENTATION_CONTEXT(2) 
PARAMETRIC_REPRESENTATION_CONTEXT() REPRESENTATION_CONTEXT('2D SPACE',''
  ) );
#6122 = ORIENTED_EDGE('',*,*,#6123,.F.);
#6123 = EDGE_CURVE('',#6033,#6096,#6124,.T.);
#6124 = SURFACE_CURVE('',#6125,(#6129,#6136),.PCURVE_S1.);
#6125 = LINE('',#6126,#6127);
#6126 = CARTESIAN_POINT('',(1.485E-03,4.106242202118E-04,-6.E-04));
#6127 = VECTOR('',#6128,1.E-03);
#6128 = DIRECTION('',(-4.012854305874E-16,1.,0.));
#6129 = PCURVE('',#6043,#6130);
#6130 = DEFINITIONAL_REPRESENTATION('',(#6131),#6135);
#6131 = LINE('',#6132,#6133);
#6132 = CARTESIAN_POINT('',(0.,0.));
#6133 = VECTOR('',#6134,1.);
#6134 = DIRECTION('',(1.,0.));
#6135 = ( GEOMETRIC_REPRESENTATION_CONTEXT(2) 
PARAMETRIC_REPRESENTATION_CONTEXT() REPRESENTATION_CONTEXT('2D SPACE',''
  ) );
#6136 = PCURVE('',#6137,#6142);
#6137 = PLANE('',#6138);
#6138 = AXIS2_PLACEMENT_3D('',#6139,#6140,#6141);
#6139 = CARTESIAN_POINT('',(1.235E-03,2.900624220212E-03,-6.E-04));
#6140 = DIRECTION('',(0.,0.,1.));
#6141 = DIRECTION('',(0.,1.,0.));
#6142 = DEFINITIONAL_REPRESENTATION('',(#6143),#6147);
#6143 = LINE('',#6144,#6145);
#6144 = CARTESIAN_POINT('',(-2.49E-03,-2.5E-04));
#6145 = VECTOR('',#6146,1.);
#6146 = DIRECTION('',(1.,4.012854305874E-16));
#6147 = ( GEOMETRIC_REPRESENTATION_CONTEXT(2) 
PARAMETRIC_REPRESENTATION_CONTEXT() REPRESENTATION_CONTEXT('2D SPACE',''
  ) );
#6148 = ADVANCED_FACE('',(#6149),#6111,.F.);
#6149 = FACE_BOUND('',#6150,.F.);
#6150 = EDGE_LOOP('',(#6151,#6152,#6175,#6203));
#6151 = ORIENTED_EDGE('',*,*,#6095,.T.);
#6152 = ORIENTED_EDGE('',*,*,#6153,.T.);
#6153 = EDGE_CURVE('',#6068,#6154,#6156,.T.);
#6154 = VERTEX_POINT('',#6155);
#6155 = CARTESIAN_POINT('',(9.85E-04,5.390624220212E-03,-1.E-04));
#6156 = SURFACE_CURVE('',#6157,(#6161,#6168),.PCURVE_S1.);
#6157 = LINE('',#6158,#6159);
#6158 = CARTESIAN_POINT('',(1.485E-03,5.390624220212E-03,-1.E-04));
#6159 = VECTOR('',#6160,1.E-03);
#6160 = DIRECTION('',(-1.,0.,0.));
#6161 = PCURVE('',#6111,#6162);
#6162 = DEFINITIONAL_REPRESENTATION('',(#6163),#6167);
#6163 = LINE('',#6164,#6165);
#6164 = CARTESIAN_POINT('',(0.,-5.E-04));
#6165 = VECTOR('',#6166,1.);
#6166 = DIRECTION('',(1.,0.));
#6167 = ( GEOMETRIC_REPRESENTATION_CONTEXT(2) 
PARAMETRIC_REPRESENTATION_CONTEXT() REPRESENTATION_CONTEXT('2D SPACE',''
  ) );
#6168 = PCURVE('',#6083,#6169);
#6169 = DEFINITIONAL_REPRESENTATION('',(#6170),#6174);
#6170 = LINE('',#6171,#6172);
#6171 = CARTESIAN_POINT('',(2.49E-03,-2.5E-04));
#6172 = VECTOR('',#6173,1.);
#6173 = DIRECTION('',(0.,1.));
#6174 = ( GEOMETRIC_REPRESENTATION_CONTEXT(2) 
PARAMETRIC_REPRESENTATION_CONTEXT() REPRESENTATION_CONTEXT('2D SPACE',''
  ) );
#6175 = ORIENTED_EDGE('',*,*,#6176,.F.);
#6176 = EDGE_CURVE('',#6177,#6154,#6179,.T.);
#6177 = VERTEX_POINT('',#6178);
#6178 = CARTESIAN_POINT('',(9.85E-04,5.390624220212E-03,-6.E-04));
#6179 = SURFACE_CURVE('',#6180,(#6184,#6191),.PCURVE_S1.);
#6180 = LINE('',#6181,#6182);
#6181 = CARTESIAN_POINT('',(9.85E-04,5.390624220212E-03,-6.E-04));
#6182 = VECTOR('',#6183,1.E-03);
#6183 = DIRECTION('',(0.,0.,1.));
#6184 = PCURVE('',#6111,#6185);
#6185 = DEFINITIONAL_REPRESENTATION('',(#6186),#6190);
#6186 = LINE('',#6187,#6188);
#6187 = CARTESIAN_POINT('',(5.E-04,0.));
#6188 = VECTOR('',#6189,1.);
#6189 = DIRECTION('',(0.,-1.));
#6190 = ( GEOMETRIC_REPRESENTATION_CONTEXT(2) 
PARAMETRIC_REPRESENTATION_CONTEXT() REPRESENTATION_CONTEXT('2D SPACE',''
  ) );
#6191 = PCURVE('',#6192,#6197);
#6192 = PLANE('',#6193);
#6193 = AXIS2_PLACEMENT_3D('',#6194,#6195,#6196);
#6194 = CARTESIAN_POINT('',(9.85E-04,5.390624220212E-03,-6.E-04));
#6195 = DIRECTION('',(1.,4.012854305874E-16,0.));
#6196 = DIRECTION('',(4.012854305874E-16,-1.,0.));
#6197 = DEFINITIONAL_REPRESENTATION('',(#6198),#6202);
#6198 = LINE('',#6199,#6200);
#6199 = CARTESIAN_POINT('',(0.,0.));
#6200 = VECTOR('',#6201,1.);
#6201 = DIRECTION('',(0.,-1.));
#6202 = ( GEOMETRIC_REPRESENTATION_CONTEXT(2) 
PARAMETRIC_REPRESENTATION_CONTEXT() REPRESENTATION_CONTEXT('2D SPACE',''
  ) );
#6203 = ORIENTED_EDGE('',*,*,#6204,.F.);
#6204 = EDGE_CURVE('',#6096,#6177,#6205,.T.);
#6205 = SURFACE_CURVE('',#6206,(#6210,#6217),.PCURVE_S1.);
#6206 = LINE('',#6207,#6208);
#6207 = CARTESIAN_POINT('',(1.485E-03,5.390624220212E-03,-6.E-04));
#6208 = VECTOR('',#6209,1.E-03);
#6209 = DIRECTION('',(-1.,0.,0.));
#6210 = PCURVE('',#6111,#6211);
#6211 = DEFINITIONAL_REPRESENTATION('',(#6212),#6216);
#6212 = LINE('',#6213,#6214);
#6213 = CARTESIAN_POINT('',(0.,0.));
#6214 = VECTOR('',#6215,1.);
#6215 = DIRECTION('',(1.,0.));
#6216 = ( GEOMETRIC_REPRESENTATION_CONTEXT(2) 
PARAMETRIC_REPRESENTATION_CONTEXT() REPRESENTATION_CONTEXT('2D SPACE',''
  ) );
#6217 = PCURVE('',#6137,#6218);
#6218 = DEFINITIONAL_REPRESENTATION('',(#6219),#6223);
#6219 = LINE('',#6220,#6221);
#6220 = CARTESIAN_POINT('',(2.49E-03,-2.5E-04));
#6221 = VECTOR('',#6222,1.);
#6222 = DIRECTION('',(0.,1.));
#6223 = ( GEOMETRIC_REPRESENTATION_CONTEXT(2) 
PARAMETRIC_REPRESENTATION_CONTEXT() REPRESENTATION_CONTEXT('2D SPACE',''
  ) );
#6224 = ADVANCED_FACE('',(#6225),#6192,.F.);
#6225 = FACE_BOUND('',#6226,.F.);
#6226 = EDGE_LOOP('',(#6227,#6228,#6251,#6274));
#6227 = ORIENTED_EDGE('',*,*,#6176,.T.);
#6228 = ORIENTED_EDGE('',*,*,#6229,.T.);
#6229 = EDGE_CURVE('',#6154,#6230,#6232,.T.);
#6230 = VERTEX_POINT('',#6231);
#6231 = CARTESIAN_POINT('',(9.85E-04,4.106242202118E-04,-1.E-04));
#6232 = SURFACE_CURVE('',#6233,(#6237,#6244),.PCURVE_S1.);
#6233 = LINE('',#6234,#6235);
#6234 = CARTESIAN_POINT('',(9.85E-04,5.390624220212E-03,-1.E-04));
#6235 = VECTOR('',#6236,1.E-03);
#6236 = DIRECTION('',(4.012854305874E-16,-1.,0.));
#6237 = PCURVE('',#6192,#6238);
#6238 = DEFINITIONAL_REPRESENTATION('',(#6239),#6243);
#6239 = LINE('',#6240,#6241);
#6240 = CARTESIAN_POINT('',(0.,-5.E-04));
#6241 = VECTOR('',#6242,1.);
#6242 = DIRECTION('',(1.,0.));
#6243 = ( GEOMETRIC_REPRESENTATION_CONTEXT(2) 
PARAMETRIC_REPRESENTATION_CONTEXT() REPRESENTATION_CONTEXT('2D SPACE',''
  ) );
#6244 = PCURVE('',#6083,#6245);
#6245 = DEFINITIONAL_REPRESENTATION('',(#6246),#6250);
#6246 = LINE('',#6247,#6248);
#6247 = CARTESIAN_POINT('',(2.49E-03,2.5E-04));
#6248 = VECTOR('',#6249,1.);
#6249 = DIRECTION('',(-1.,-4.012854305874E-16));
#6250 = ( GEOMETRIC_REPRESENTATION_CONTEXT(2) 
PARAMETRIC_REPRESENTATION_CONTEXT() REPRESENTATION_CONTEXT('2D SPACE',''
  ) );
#6251 = ORIENTED_EDGE('',*,*,#6252,.F.);
#6252 = EDGE_CURVE('',#6253,#6230,#6255,.T.);
#6253 = VERTEX_POINT('',#6254);
#6254 = CARTESIAN_POINT('',(9.85E-04,4.106242202118E-04,-6.E-04));
#6255 = SURFACE_CURVE('',#6256,(#6260,#6267),.PCURVE_S1.);
#6256 = LINE('',#6257,#6258);
#6257 = CARTESIAN_POINT('',(9.85E-04,4.106242202118E-04,-6.E-04));
#6258 = VECTOR('',#6259,1.E-03);
#6259 = DIRECTION('',(0.,0.,1.));
#6260 = PCURVE('',#6192,#6261);
#6261 = DEFINITIONAL_REPRESENTATION('',(#6262),#6266);
#6262 = LINE('',#6263,#6264);
#6263 = CARTESIAN_POINT('',(4.98E-03,0.));
#6264 = VECTOR('',#6265,1.);
#6265 = DIRECTION('',(0.,-1.));
#6266 = ( GEOMETRIC_REPRESENTATION_CONTEXT(2) 
PARAMETRIC_REPRESENTATION_CONTEXT() REPRESENTATION_CONTEXT('2D SPACE',''
  ) );
#6267 = PCURVE('',#6055,#6268);
#6268 = DEFINITIONAL_REPRESENTATION('',(#6269),#6273);
#6269 = LINE('',#6270,#6271);
#6270 = CARTESIAN_POINT('',(0.,0.));
#6271 = VECTOR('',#6272,1.);
#6272 = DIRECTION('',(0.,-1.));
#6273 = ( GEOMETRIC_REPRESENTATION_CONTEXT(2) 
PARAMETRIC_REPRESENTATION_CONTEXT() REPRESENTATION_CONTEXT('2D SPACE',''
  ) );
#6274 = ORIENTED_EDGE('',*,*,#6275,.F.);
#6275 = EDGE_CURVE('',#6177,#6253,#6276,.T.);
#6276 = SURFACE_CURVE('',#6277,(#6281,#6288),.PCURVE_S1.);
#6277 = LINE('',#6278,#6279);
#6278 = CARTESIAN_POINT('',(9.85E-04,5.390624220212E-03,-6.E-04));
#6279 = VECTOR('',#6280,1.E-03);
#6280 = DIRECTION('',(4.012854305874E-16,-1.,0.));
#6281 = PCURVE('',#6192,#6282);
#6282 = DEFINITIONAL_REPRESENTATION('',(#6283),#6287);
#6283 = LINE('',#6284,#6285);
#6284 = CARTESIAN_POINT('',(0.,0.));
#6285 = VECTOR('',#6286,1.);
#6286 = DIRECTION('',(1.,0.));
#6287 = ( GEOMETRIC_REPRESENTATION_CONTEXT(2) 
PARAMETRIC_REPRESENTATION_CONTEXT() REPRESENTATION_CONTEXT('2D SPACE',''
  ) );
#6288 = PCURVE('',#6137,#6289);
#6289 = DEFINITIONAL_REPRESENTATION('',(#6290),#6294);
#6290 = LINE('',#6291,#6292);
#6291 = CARTESIAN_POINT('',(2.49E-03,2.5E-04));
#6292 = VECTOR('',#6293,1.);
#6293 = DIRECTION('',(-1.,-4.012854305874E-16));
#6294 = ( GEOMETRIC_REPRESENTATION_CONTEXT(2) 
PARAMETRIC_REPRESENTATION_CONTEXT() REPRESENTATION_CONTEXT('2D SPACE',''
  ) );
#6295 = ADVANCED_FACE('',(#6296),#6055,.F.);
#6296 = FACE_BOUND('',#6297,.F.);
#6297 = EDGE_LOOP('',(#6298,#6299,#6320,#6321));
#6298 = ORIENTED_EDGE('',*,*,#6252,.T.);
#6299 = ORIENTED_EDGE('',*,*,#6300,.T.);
#6300 = EDGE_CURVE('',#6230,#6035,#6301,.T.);
#6301 = SURFACE_CURVE('',#6302,(#6306,#6313),.PCURVE_S1.);
#6302 = LINE('',#6303,#6304);
#6303 = CARTESIAN_POINT('',(9.85E-04,4.106242202118E-04,-1.E-04));
#6304 = VECTOR('',#6305,1.E-03);
#6305 = DIRECTION('',(1.,0.,0.));
#6306 = PCURVE('',#6055,#6307);
#6307 = DEFINITIONAL_REPRESENTATION('',(#6308),#6312);
#6308 = LINE('',#6309,#6310);
#6309 = CARTESIAN_POINT('',(0.,-5.E-04));
#6310 = VECTOR('',#6311,1.);
#6311 = DIRECTION('',(1.,0.));
#6312 = ( GEOMETRIC_REPRESENTATION_CONTEXT(2) 
PARAMETRIC_REPRESENTATION_CONTEXT() REPRESENTATION_CONTEXT('2D SPACE',''
  ) );
#6313 = PCURVE('',#6083,#6314);
#6314 = DEFINITIONAL_REPRESENTATION('',(#6315),#6319);
#6315 = LINE('',#6316,#6317);
#6316 = CARTESIAN_POINT('',(-2.49E-03,2.5E-04));
#6317 = VECTOR('',#6318,1.);
#6318 = DIRECTION('',(0.,-1.));
#6319 = ( GEOMETRIC_REPRESENTATION_CONTEXT(2) 
PARAMETRIC_REPRESENTATION_CONTEXT() REPRESENTATION_CONTEXT('2D SPACE',''
  ) );
#6320 = ORIENTED_EDGE('',*,*,#6032,.F.);
#6321 = ORIENTED_EDGE('',*,*,#6322,.F.);
#6322 = EDGE_CURVE('',#6253,#6033,#6323,.T.);
#6323 = SURFACE_CURVE('',#6324,(#6328,#6335),.PCURVE_S1.);
#6324 = LINE('',#6325,#6326);
#6325 = CARTESIAN_POINT('',(9.85E-04,4.106242202118E-04,-6.E-04));
#6326 = VECTOR('',#6327,1.E-03);
#6327 = DIRECTION('',(1.,0.,0.));
#6328 = PCURVE('',#6055,#6329);
#6329 = DEFINITIONAL_REPRESENTATION('',(#6330),#6334);
#6330 = LINE('',#6331,#6332);
#6331 = CARTESIAN_POINT('',(0.,0.));
#6332 = VECTOR('',#6333,1.);
#6333 = DIRECTION('',(1.,0.));
#6334 = ( GEOMETRIC_REPRESENTATION_CONTEXT(2) 
PARAMETRIC_REPRESENTATION_CONTEXT() REPRESENTATION_CONTEXT('2D SPACE',''
  ) );
#6335 = PCURVE('',#6137,#6336);
#6336 = DEFINITIONAL_REPRESENTATION('',(#6337),#6341);
#6337 = LINE('',#6338,#6339);
#6338 = CARTESIAN_POINT('',(-2.49E-03,2.5E-04));
#6339 = VECTOR('',#6340,1.);
#6340 = DIRECTION('',(0.,-1.));
#6341 = ( GEOMETRIC_REPRESENTATION_CONTEXT(2) 
PARAMETRIC_REPRESENTATION_CONTEXT() REPRESENTATION_CONTEXT('2D SPACE',''
  ) );
#6342 = ADVANCED_FACE('',(#6343),#6137,.F.);
#6343 = FACE_BOUND('',#6344,.F.);
#6344 = EDGE_LOOP('',(#6345,#6346,#6347,#6348));
#6345 = ORIENTED_EDGE('',*,*,#6123,.T.);
#6346 = ORIENTED_EDGE('',*,*,#6204,.T.);
#6347 = ORIENTED_EDGE('',*,*,#6275,.T.);
#6348 = ORIENTED_EDGE('',*,*,#6322,.T.);
#6349 = ADVANCED_FACE('',(#6350),#6083,.T.);
#6350 = FACE_BOUND('',#6351,.T.);
#6351 = EDGE_LOOP('',(#6352,#6353,#6354,#6355));
#6352 = ORIENTED_EDGE('',*,*,#6067,.T.);
#6353 = ORIENTED_EDGE('',*,*,#6153,.T.);
#6354 = ORIENTED_EDGE('',*,*,#6229,.T.);
#6355 = ORIENTED_EDGE('',*,*,#6300,.T.);
#6356 = ( GEOMETRIC_REPRESENTATION_CONTEXT(3) 
GLOBAL_UNCERTAINTY_ASSIGNED_CONTEXT((#6360)) 
GLOBAL_UNIT_ASSIGNED_CONTEXT((#6357,#6358,#6359)) REPRESENTATION_CONTEXT
('Context #1','3D Context with UNIT and UNCERTAINTY') );
#6357 = ( LENGTH_UNIT() NAMED_UNIT(*) SI_UNIT($,.METRE.) );
#6358 = ( NAMED_UNIT(*) PLANE_ANGLE_UNIT() SI_UNIT($,.RADIAN.) );
#6359 = ( NAMED_UNIT(*) SI_UNIT($,.STERADIAN.) SOLID_ANGLE_UNIT() );
#6360 = UNCERTAINTY_MEASURE_WITH_UNIT(LENGTH_MEASURE(1.E-08),#6357,
  'distance_accuracy_value','confusion accuracy');
#6361 = PRODUCT_RELATED_PRODUCT_CATEGORY('detail',$,(#6022));
#6362 = PRODUCT_CATEGORY_RELATIONSHIP('','',#6363,#6361);
#6363 = PRODUCT_CATEGORY('part',$);
#6364 = CC_DESIGN_PERSON_AND_ORGANIZATION_ASSIGNMENT(#354,#357,(#6021,
    #6020));
#6365 = CC_DESIGN_PERSON_AND_ORGANIZATION_ASSIGNMENT(#354,#359,(#6022));
#6366 = CC_DESIGN_PERSON_AND_ORGANIZATION_ASSIGNMENT(#354,#361,(#6021));
#6367 = CC_DESIGN_PERSON_AND_ORGANIZATION_ASSIGNMENT(#354,#363,(#6368));
#6368 = SECURITY_CLASSIFICATION('','',#365);
#6369 = CC_DESIGN_SECURITY_CLASSIFICATION(#6368,(#6021));
#6370 = CC_DESIGN_DATE_AND_TIME_ASSIGNMENT(#368,#372,(#6020));
#6371 = CC_DESIGN_DATE_AND_TIME_ASSIGNMENT(#368,#374,(#6368));
#6372 = CC_DESIGN_APPROVAL(#376,(#6021,#6020,#6368));
#6373 = SHAPE_DEFINITION_REPRESENTATION(#6374,#6380);
#6374 = PRODUCT_DEFINITION_SHAPE('','',#6375);
#6375 = PRODUCT_DEFINITION('design','',#6376,#6379);
#6376 = PRODUCT_DEFINITION_FORMATION_WITH_SPECIFIED_SOURCE('','',#6377,
  .NOT_KNOWN.);
#6377 = PRODUCT('FootingMasonryFooting_0.50_m 18',
  'FootingMasonryFooting_0.50_m 18','',(#6378));
#6378 = MECHANICAL_CONTEXT('',#2,'mechanical');
#6379 = DESIGN_CONTEXT('',#2,'design');
#6380 = ADVANCED_BREP_SHAPE_REPRESENTATION('',(#11,#6381),#6711);
#6381 = MANIFOLD_SOLID_BREP('FootingMasonryFooting_0.50_m',#6382);
#6382 = CLOSED_SHELL('',(#6383,#6503,#6579,#6650,#6697,#6704));
#6383 = ADVANCED_FACE('',(#6384),#6398,.F.);
#6384 = FACE_BOUND('',#6385,.F.);
#6385 = EDGE_LOOP('',(#6386,#6421,#6449,#6477));
#6386 = ORIENTED_EDGE('',*,*,#6387,.T.);
#6387 = EDGE_CURVE('',#6388,#6390,#6392,.T.);
#6388 = VERTEX_POINT('',#6389);
#6389 = CARTESIAN_POINT('',(5.565E-03,4.106242202118E-04,-6.E-04));
#6390 = VERTEX_POINT('',#6391);
#6391 = CARTESIAN_POINT('',(5.565E-03,4.106242202118E-04,-1.E-04));
#6392 = SURFACE_CURVE('',#6393,(#6397,#6409),.PCURVE_S1.);
#6393 = LINE('',#6394,#6395);
#6394 = CARTESIAN_POINT('',(5.565E-03,4.106242202118E-04,-6.E-04));
#6395 = VECTOR('',#6396,1.E-03);
#6396 = DIRECTION('',(0.,0.,1.));
#6397 = PCURVE('',#6398,#6403);
#6398 = PLANE('',#6399);
#6399 = AXIS2_PLACEMENT_3D('',#6400,#6401,#6402);
#6400 = CARTESIAN_POINT('',(5.565E-03,4.106242202118E-04,-6.E-04));
#6401 = DIRECTION('',(-1.,0.,0.));
#6402 = DIRECTION('',(0.,1.,0.));
#6403 = DEFINITIONAL_REPRESENTATION('',(#6404),#6408);
#6404 = LINE('',#6405,#6406);
#6405 = CARTESIAN_POINT('',(0.,0.));
#6406 = VECTOR('',#6407,1.);
#6407 = DIRECTION('',(0.,-1.));
#6408 = ( GEOMETRIC_REPRESENTATION_CONTEXT(2) 
PARAMETRIC_REPRESENTATION_CONTEXT() REPRESENTATION_CONTEXT('2D SPACE',''
  ) );
#6409 = PCURVE('',#6410,#6415);
#6410 = PLANE('',#6411);
#6411 = AXIS2_PLACEMENT_3D('',#6412,#6413,#6414);
#6412 = CARTESIAN_POINT('',(5.065E-03,4.106242202118E-04,-6.E-04));
#6413 = DIRECTION('',(0.,1.,0.));
#6414 = DIRECTION('',(1.,0.,0.));
#6415 = DEFINITIONAL_REPRESENTATION('',(#6416),#6420);
#6416 = LINE('',#6417,#6418);
#6417 = CARTESIAN_POINT('',(5.E-04,0.));
#6418 = VECTOR('',#6419,1.);
#6419 = DIRECTION('',(0.,-1.));
#6420 = ( GEOMETRIC_REPRESENTATION_CONTEXT(2) 
PARAMETRIC_REPRESENTATION_CONTEXT() REPRESENTATION_CONTEXT('2D SPACE',''
  ) );
#6421 = ORIENTED_EDGE('',*,*,#6422,.T.);
#6422 = EDGE_CURVE('',#6390,#6423,#6425,.T.);
#6423 = VERTEX_POINT('',#6424);
#6424 = CARTESIAN_POINT('',(5.565E-03,5.390624220212E-03,-1.E-04));
#6425 = SURFACE_CURVE('',#6426,(#6430,#6437),.PCURVE_S1.);
#6426 = LINE('',#6427,#6428);
#6427 = CARTESIAN_POINT('',(5.565E-03,4.106242202118E-04,-1.E-04));
#6428 = VECTOR('',#6429,1.E-03);
#6429 = DIRECTION('',(0.,1.,0.));
#6430 = PCURVE('',#6398,#6431);
#6431 = DEFINITIONAL_REPRESENTATION('',(#6432),#6436);
#6432 = LINE('',#6433,#6434);
#6433 = CARTESIAN_POINT('',(0.,-5.E-04));
#6434 = VECTOR('',#6435,1.);
#6435 = DIRECTION('',(1.,0.));
#6436 = ( GEOMETRIC_REPRESENTATION_CONTEXT(2) 
PARAMETRIC_REPRESENTATION_CONTEXT() REPRESENTATION_CONTEXT('2D SPACE',''
  ) );
#6437 = PCURVE('',#6438,#6443);
#6438 = PLANE('',#6439);
#6439 = AXIS2_PLACEMENT_3D('',#6440,#6441,#6442);
#6440 = CARTESIAN_POINT('',(5.315E-03,2.900624220212E-03,-1.E-04));
#6441 = DIRECTION('',(0.,0.,1.));
#6442 = DIRECTION('',(0.,1.,0.));
#6443 = DEFINITIONAL_REPRESENTATION('',(#6444),#6448);
#6444 = LINE('',#6445,#6446);
#6445 = CARTESIAN_POINT('',(-2.49E-03,-2.5E-04));
#6446 = VECTOR('',#6447,1.);
#6447 = DIRECTION('',(1.,0.));
#6448 = ( GEOMETRIC_REPRESENTATION_CONTEXT(2) 
PARAMETRIC_REPRESENTATION_CONTEXT() REPRESENTATION_CONTEXT('2D SPACE',''
  ) );
#6449 = ORIENTED_EDGE('',*,*,#6450,.F.);
#6450 = EDGE_CURVE('',#6451,#6423,#6453,.T.);
#6451 = VERTEX_POINT('',#6452);
#6452 = CARTESIAN_POINT('',(5.565E-03,5.390624220212E-03,-6.E-04));
#6453 = SURFACE_CURVE('',#6454,(#6458,#6465),.PCURVE_S1.);
#6454 = LINE('',#6455,#6456);
#6455 = CARTESIAN_POINT('',(5.565E-03,5.390624220212E-03,-6.E-04));
#6456 = VECTOR('',#6457,1.E-03);
#6457 = DIRECTION('',(0.,0.,1.));
#6458 = PCURVE('',#6398,#6459);
#6459 = DEFINITIONAL_REPRESENTATION('',(#6460),#6464);
#6460 = LINE('',#6461,#6462);
#6461 = CARTESIAN_POINT('',(4.98E-03,0.));
#6462 = VECTOR('',#6463,1.);
#6463 = DIRECTION('',(0.,-1.));
#6464 = ( GEOMETRIC_REPRESENTATION_CONTEXT(2) 
PARAMETRIC_REPRESENTATION_CONTEXT() REPRESENTATION_CONTEXT('2D SPACE',''
  ) );
#6465 = PCURVE('',#6466,#6471);
#6466 = PLANE('',#6467);
#6467 = AXIS2_PLACEMENT_3D('',#6468,#6469,#6470);
#6468 = CARTESIAN_POINT('',(5.565E-03,5.390624220212E-03,-6.E-04));
#6469 = DIRECTION('',(0.,-1.,0.));
#6470 = DIRECTION('',(-1.,0.,0.));
#6471 = DEFINITIONAL_REPRESENTATION('',(#6472),#6476);
#6472 = LINE('',#6473,#6474);
#6473 = CARTESIAN_POINT('',(0.,0.));
#6474 = VECTOR('',#6475,1.);
#6475 = DIRECTION('',(0.,-1.));
#6476 = ( GEOMETRIC_REPRESENTATION_CONTEXT(2) 
PARAMETRIC_REPRESENTATION_CONTEXT() REPRESENTATION_CONTEXT('2D SPACE',''
  ) );
#6477 = ORIENTED_EDGE('',*,*,#6478,.F.);
#6478 = EDGE_CURVE('',#6388,#6451,#6479,.T.);
#6479 = SURFACE_CURVE('',#6480,(#6484,#6491),.PCURVE_S1.);
#6480 = LINE('',#6481,#6482);
#6481 = CARTESIAN_POINT('',(5.565E-03,4.106242202118E-04,-6.E-04));
#6482 = VECTOR('',#6483,1.E-03);
#6483 = DIRECTION('',(0.,1.,0.));
#6484 = PCURVE('',#6398,#6485);
#6485 = DEFINITIONAL_REPRESENTATION('',(#6486),#6490);
#6486 = LINE('',#6487,#6488);
#6487 = CARTESIAN_POINT('',(0.,0.));
#6488 = VECTOR('',#6489,1.);
#6489 = DIRECTION('',(1.,0.));
#6490 = ( GEOMETRIC_REPRESENTATION_CONTEXT(2) 
PARAMETRIC_REPRESENTATION_CONTEXT() REPRESENTATION_CONTEXT('2D SPACE',''
  ) );
#6491 = PCURVE('',#6492,#6497);
#6492 = PLANE('',#6493);
#6493 = AXIS2_PLACEMENT_3D('',#6494,#6495,#6496);
#6494 = CARTESIAN_POINT('',(5.315E-03,2.900624220212E-03,-6.E-04));
#6495 = DIRECTION('',(0.,0.,1.));
#6496 = DIRECTION('',(0.,1.,0.));
#6497 = DEFINITIONAL_REPRESENTATION('',(#6498),#6502);
#6498 = LINE('',#6499,#6500);
#6499 = CARTESIAN_POINT('',(-2.49E-03,-2.5E-04));
#6500 = VECTOR('',#6501,1.);
#6501 = DIRECTION('',(1.,0.));
#6502 = ( GEOMETRIC_REPRESENTATION_CONTEXT(2) 
PARAMETRIC_REPRESENTATION_CONTEXT() REPRESENTATION_CONTEXT('2D SPACE',''
  ) );
#6503 = ADVANCED_FACE('',(#6504),#6466,.F.);
#6504 = FACE_BOUND('',#6505,.F.);
#6505 = EDGE_LOOP('',(#6506,#6507,#6530,#6558));
#6506 = ORIENTED_EDGE('',*,*,#6450,.T.);
#6507 = ORIENTED_EDGE('',*,*,#6508,.T.);
#6508 = EDGE_CURVE('',#6423,#6509,#6511,.T.);
#6509 = VERTEX_POINT('',#6510);
#6510 = CARTESIAN_POINT('',(5.065E-03,5.390624220212E-03,-1.E-04));
#6511 = SURFACE_CURVE('',#6512,(#6516,#6523),.PCURVE_S1.);
#6512 = LINE('',#6513,#6514);
#6513 = CARTESIAN_POINT('',(5.565E-03,5.390624220212E-03,-1.E-04));
#6514 = VECTOR('',#6515,1.E-03);
#6515 = DIRECTION('',(-1.,0.,0.));
#6516 = PCURVE('',#6466,#6517);
#6517 = DEFINITIONAL_REPRESENTATION('',(#6518),#6522);
#6518 = LINE('',#6519,#6520);
#6519 = CARTESIAN_POINT('',(0.,-5.E-04));
#6520 = VECTOR('',#6521,1.);
#6521 = DIRECTION('',(1.,0.));
#6522 = ( GEOMETRIC_REPRESENTATION_CONTEXT(2) 
PARAMETRIC_REPRESENTATION_CONTEXT() REPRESENTATION_CONTEXT('2D SPACE',''
  ) );
#6523 = PCURVE('',#6438,#6524);
#6524 = DEFINITIONAL_REPRESENTATION('',(#6525),#6529);
#6525 = LINE('',#6526,#6527);
#6526 = CARTESIAN_POINT('',(2.49E-03,-2.5E-04));
#6527 = VECTOR('',#6528,1.);
#6528 = DIRECTION('',(0.,1.));
#6529 = ( GEOMETRIC_REPRESENTATION_CONTEXT(2) 
PARAMETRIC_REPRESENTATION_CONTEXT() REPRESENTATION_CONTEXT('2D SPACE',''
  ) );
#6530 = ORIENTED_EDGE('',*,*,#6531,.F.);
#6531 = EDGE_CURVE('',#6532,#6509,#6534,.T.);
#6532 = VERTEX_POINT('',#6533);
#6533 = CARTESIAN_POINT('',(5.065E-03,5.390624220212E-03,-6.E-04));
#6534 = SURFACE_CURVE('',#6535,(#6539,#6546),.PCURVE_S1.);
#6535 = LINE('',#6536,#6537);
#6536 = CARTESIAN_POINT('',(5.065E-03,5.390624220212E-03,-6.E-04));
#6537 = VECTOR('',#6538,1.E-03);
#6538 = DIRECTION('',(0.,0.,1.));
#6539 = PCURVE('',#6466,#6540);
#6540 = DEFINITIONAL_REPRESENTATION('',(#6541),#6545);
#6541 = LINE('',#6542,#6543);
#6542 = CARTESIAN_POINT('',(5.E-04,0.));
#6543 = VECTOR('',#6544,1.);
#6544 = DIRECTION('',(0.,-1.));
#6545 = ( GEOMETRIC_REPRESENTATION_CONTEXT(2) 
PARAMETRIC_REPRESENTATION_CONTEXT() REPRESENTATION_CONTEXT('2D SPACE',''
  ) );
#6546 = PCURVE('',#6547,#6552);
#6547 = PLANE('',#6548);
#6548 = AXIS2_PLACEMENT_3D('',#6549,#6550,#6551);
#6549 = CARTESIAN_POINT('',(5.065E-03,5.390624220212E-03,-6.E-04));
#6550 = DIRECTION('',(1.,0.,0.));
#6551 = DIRECTION('',(0.,-1.,0.));
#6552 = DEFINITIONAL_REPRESENTATION('',(#6553),#6557);
#6553 = LINE('',#6554,#6555);
#6554 = CARTESIAN_POINT('',(0.,-0.));
#6555 = VECTOR('',#6556,1.);
#6556 = DIRECTION('',(0.,-1.));
#6557 = ( GEOMETRIC_REPRESENTATION_CONTEXT(2) 
PARAMETRIC_REPRESENTATION_CONTEXT() REPRESENTATION_CONTEXT('2D SPACE',''
  ) );
#6558 = ORIENTED_EDGE('',*,*,#6559,.F.);
#6559 = EDGE_CURVE('',#6451,#6532,#6560,.T.);
#6560 = SURFACE_CURVE('',#6561,(#6565,#6572),.PCURVE_S1.);
#6561 = LINE('',#6562,#6563);
#6562 = CARTESIAN_POINT('',(5.565E-03,5.390624220212E-03,-6.E-04));
#6563 = VECTOR('',#6564,1.E-03);
#6564 = DIRECTION('',(-1.,0.,0.));
#6565 = PCURVE('',#6466,#6566);
#6566 = DEFINITIONAL_REPRESENTATION('',(#6567),#6571);
#6567 = LINE('',#6568,#6569);
#6568 = CARTESIAN_POINT('',(0.,0.));
#6569 = VECTOR('',#6570,1.);
#6570 = DIRECTION('',(1.,0.));
#6571 = ( GEOMETRIC_REPRESENTATION_CONTEXT(2) 
PARAMETRIC_REPRESENTATION_CONTEXT() REPRESENTATION_CONTEXT('2D SPACE',''
  ) );
#6572 = PCURVE('',#6492,#6573);
#6573 = DEFINITIONAL_REPRESENTATION('',(#6574),#6578);
#6574 = LINE('',#6575,#6576);
#6575 = CARTESIAN_POINT('',(2.49E-03,-2.5E-04));
#6576 = VECTOR('',#6577,1.);
#6577 = DIRECTION('',(0.,1.));
#6578 = ( GEOMETRIC_REPRESENTATION_CONTEXT(2) 
PARAMETRIC_REPRESENTATION_CONTEXT() REPRESENTATION_CONTEXT('2D SPACE',''
  ) );
#6579 = ADVANCED_FACE('',(#6580),#6547,.F.);
#6580 = FACE_BOUND('',#6581,.F.);
#6581 = EDGE_LOOP('',(#6582,#6583,#6606,#6629));
#6582 = ORIENTED_EDGE('',*,*,#6531,.T.);
#6583 = ORIENTED_EDGE('',*,*,#6584,.T.);
#6584 = EDGE_CURVE('',#6509,#6585,#6587,.T.);
#6585 = VERTEX_POINT('',#6586);
#6586 = CARTESIAN_POINT('',(5.065E-03,4.106242202118E-04,-1.E-04));
#6587 = SURFACE_CURVE('',#6588,(#6592,#6599),.PCURVE_S1.);
#6588 = LINE('',#6589,#6590);
#6589 = CARTESIAN_POINT('',(5.065E-03,5.390624220212E-03,-1.E-04));
#6590 = VECTOR('',#6591,1.E-03);
#6591 = DIRECTION('',(0.,-1.,0.));
#6592 = PCURVE('',#6547,#6593);
#6593 = DEFINITIONAL_REPRESENTATION('',(#6594),#6598);
#6594 = LINE('',#6595,#6596);
#6595 = CARTESIAN_POINT('',(0.,-5.E-04));
#6596 = VECTOR('',#6597,1.);
#6597 = DIRECTION('',(1.,0.));
#6598 = ( GEOMETRIC_REPRESENTATION_CONTEXT(2) 
PARAMETRIC_REPRESENTATION_CONTEXT() REPRESENTATION_CONTEXT('2D SPACE',''
  ) );
#6599 = PCURVE('',#6438,#6600);
#6600 = DEFINITIONAL_REPRESENTATION('',(#6601),#6605);
#6601 = LINE('',#6602,#6603);
#6602 = CARTESIAN_POINT('',(2.49E-03,2.5E-04));
#6603 = VECTOR('',#6604,1.);
#6604 = DIRECTION('',(-1.,0.));
#6605 = ( GEOMETRIC_REPRESENTATION_CONTEXT(2) 
PARAMETRIC_REPRESENTATION_CONTEXT() REPRESENTATION_CONTEXT('2D SPACE',''
  ) );
#6606 = ORIENTED_EDGE('',*,*,#6607,.F.);
#6607 = EDGE_CURVE('',#6608,#6585,#6610,.T.);
#6608 = VERTEX_POINT('',#6609);
#6609 = CARTESIAN_POINT('',(5.065E-03,4.106242202118E-04,-6.E-04));
#6610 = SURFACE_CURVE('',#6611,(#6615,#6622),.PCURVE_S1.);
#6611 = LINE('',#6612,#6613);
#6612 = CARTESIAN_POINT('',(5.065E-03,4.106242202118E-04,-6.E-04));
#6613 = VECTOR('',#6614,1.E-03);
#6614 = DIRECTION('',(0.,0.,1.));
#6615 = PCURVE('',#6547,#6616);
#6616 = DEFINITIONAL_REPRESENTATION('',(#6617),#6621);
#6617 = LINE('',#6618,#6619);
#6618 = CARTESIAN_POINT('',(4.98E-03,0.));
#6619 = VECTOR('',#6620,1.);
#6620 = DIRECTION('',(0.,-1.));
#6621 = ( GEOMETRIC_REPRESENTATION_CONTEXT(2) 
PARAMETRIC_REPRESENTATION_CONTEXT() REPRESENTATION_CONTEXT('2D SPACE',''
  ) );
#6622 = PCURVE('',#6410,#6623);
#6623 = DEFINITIONAL_REPRESENTATION('',(#6624),#6628);
#6624 = LINE('',#6625,#6626);
#6625 = CARTESIAN_POINT('',(0.,0.));
#6626 = VECTOR('',#6627,1.);
#6627 = DIRECTION('',(0.,-1.));
#6628 = ( GEOMETRIC_REPRESENTATION_CONTEXT(2) 
PARAMETRIC_REPRESENTATION_CONTEXT() REPRESENTATION_CONTEXT('2D SPACE',''
  ) );
#6629 = ORIENTED_EDGE('',*,*,#6630,.F.);
#6630 = EDGE_CURVE('',#6532,#6608,#6631,.T.);
#6631 = SURFACE_CURVE('',#6632,(#6636,#6643),.PCURVE_S1.);
#6632 = LINE('',#6633,#6634);
#6633 = CARTESIAN_POINT('',(5.065E-03,5.390624220212E-03,-6.E-04));
#6634 = VECTOR('',#6635,1.E-03);
#6635 = DIRECTION('',(0.,-1.,0.));
#6636 = PCURVE('',#6547,#6637);
#6637 = DEFINITIONAL_REPRESENTATION('',(#6638),#6642);
#6638 = LINE('',#6639,#6640);
#6639 = CARTESIAN_POINT('',(0.,-0.));
#6640 = VECTOR('',#6641,1.);
#6641 = DIRECTION('',(1.,0.));
#6642 = ( GEOMETRIC_REPRESENTATION_CONTEXT(2) 
PARAMETRIC_REPRESENTATION_CONTEXT() REPRESENTATION_CONTEXT('2D SPACE',''
  ) );
#6643 = PCURVE('',#6492,#6644);
#6644 = DEFINITIONAL_REPRESENTATION('',(#6645),#6649);
#6645 = LINE('',#6646,#6647);
#6646 = CARTESIAN_POINT('',(2.49E-03,2.5E-04));
#6647 = VECTOR('',#6648,1.);
#6648 = DIRECTION('',(-1.,0.));
#6649 = ( GEOMETRIC_REPRESENTATION_CONTEXT(2) 
PARAMETRIC_REPRESENTATION_CONTEXT() REPRESENTATION_CONTEXT('2D SPACE',''
  ) );
#6650 = ADVANCED_FACE('',(#6651),#6410,.F.);
#6651 = FACE_BOUND('',#6652,.F.);
#6652 = EDGE_LOOP('',(#6653,#6654,#6675,#6676));
#6653 = ORIENTED_EDGE('',*,*,#6607,.T.);
#6654 = ORIENTED_EDGE('',*,*,#6655,.T.);
#6655 = EDGE_CURVE('',#6585,#6390,#6656,.T.);
#6656 = SURFACE_CURVE('',#6657,(#6661,#6668),.PCURVE_S1.);
#6657 = LINE('',#6658,#6659);
#6658 = CARTESIAN_POINT('',(5.065E-03,4.106242202118E-04,-1.E-04));
#6659 = VECTOR('',#6660,1.E-03);
#6660 = DIRECTION('',(1.,0.,0.));
#6661 = PCURVE('',#6410,#6662);
#6662 = DEFINITIONAL_REPRESENTATION('',(#6663),#6667);
#6663 = LINE('',#6664,#6665);
#6664 = CARTESIAN_POINT('',(0.,-5.E-04));
#6665 = VECTOR('',#6666,1.);
#6666 = DIRECTION('',(1.,0.));
#6667 = ( GEOMETRIC_REPRESENTATION_CONTEXT(2) 
PARAMETRIC_REPRESENTATION_CONTEXT() REPRESENTATION_CONTEXT('2D SPACE',''
  ) );
#6668 = PCURVE('',#6438,#6669);
#6669 = DEFINITIONAL_REPRESENTATION('',(#6670),#6674);
#6670 = LINE('',#6671,#6672);
#6671 = CARTESIAN_POINT('',(-2.49E-03,2.5E-04));
#6672 = VECTOR('',#6673,1.);
#6673 = DIRECTION('',(0.,-1.));
#6674 = ( GEOMETRIC_REPRESENTATION_CONTEXT(2) 
PARAMETRIC_REPRESENTATION_CONTEXT() REPRESENTATION_CONTEXT('2D SPACE',''
  ) );
#6675 = ORIENTED_EDGE('',*,*,#6387,.F.);
#6676 = ORIENTED_EDGE('',*,*,#6677,.F.);
#6677 = EDGE_CURVE('',#6608,#6388,#6678,.T.);
#6678 = SURFACE_CURVE('',#6679,(#6683,#6690),.PCURVE_S1.);
#6679 = LINE('',#6680,#6681);
#6680 = CARTESIAN_POINT('',(5.065E-03,4.106242202118E-04,-6.E-04));
#6681 = VECTOR('',#6682,1.E-03);
#6682 = DIRECTION('',(1.,0.,0.));
#6683 = PCURVE('',#6410,#6684);
#6684 = DEFINITIONAL_REPRESENTATION('',(#6685),#6689);
#6685 = LINE('',#6686,#6687);
#6686 = CARTESIAN_POINT('',(0.,0.));
#6687 = VECTOR('',#6688,1.);
#6688 = DIRECTION('',(1.,0.));
#6689 = ( GEOMETRIC_REPRESENTATION_CONTEXT(2) 
PARAMETRIC_REPRESENTATION_CONTEXT() REPRESENTATION_CONTEXT('2D SPACE',''
  ) );
#6690 = PCURVE('',#6492,#6691);
#6691 = DEFINITIONAL_REPRESENTATION('',(#6692),#6696);
#6692 = LINE('',#6693,#6694);
#6693 = CARTESIAN_POINT('',(-2.49E-03,2.5E-04));
#6694 = VECTOR('',#6695,1.);
#6695 = DIRECTION('',(0.,-1.));
#6696 = ( GEOMETRIC_REPRESENTATION_CONTEXT(2) 
PARAMETRIC_REPRESENTATION_CONTEXT() REPRESENTATION_CONTEXT('2D SPACE',''
  ) );
#6697 = ADVANCED_FACE('',(#6698),#6492,.F.);
#6698 = FACE_BOUND('',#6699,.F.);
#6699 = EDGE_LOOP('',(#6700,#6701,#6702,#6703));
#6700 = ORIENTED_EDGE('',*,*,#6478,.T.);
#6701 = ORIENTED_EDGE('',*,*,#6559,.T.);
#6702 = ORIENTED_EDGE('',*,*,#6630,.T.);
#6703 = ORIENTED_EDGE('',*,*,#6677,.T.);
#6704 = ADVANCED_FACE('',(#6705),#6438,.T.);
#6705 = FACE_BOUND('',#6706,.T.);
#6706 = EDGE_LOOP('',(#6707,#6708,#6709,#6710));
#6707 = ORIENTED_EDGE('',*,*,#6422,.T.);
#6708 = ORIENTED_EDGE('',*,*,#6508,.T.);
#6709 = ORIENTED_EDGE('',*,*,#6584,.T.);
#6710 = ORIENTED_EDGE('',*,*,#6655,.T.);
#6711 = ( GEOMETRIC_REPRESENTATION_CONTEXT(3) 
GLOBAL_UNCERTAINTY_ASSIGNED_CONTEXT((#6715)) 
GLOBAL_UNIT_ASSIGNED_CONTEXT((#6712,#6713,#6714)) REPRESENTATION_CONTEXT
('Context #1','3D Context with UNIT and UNCERTAINTY') );
#6712 = ( LENGTH_UNIT() NAMED_UNIT(*) SI_UNIT($,.METRE.) );
#6713 = ( NAMED_UNIT(*) PLANE_ANGLE_UNIT() SI_UNIT($,.RADIAN.) );
#6714 = ( NAMED_UNIT(*) SI_UNIT($,.STERADIAN.) SOLID_ANGLE_UNIT() );
#6715 = UNCERTAINTY_MEASURE_WITH_UNIT(LENGTH_MEASURE(1.E-08),#6712,
  'distance_accuracy_value','confusion accuracy');
#6716 = PRODUCT_RELATED_PRODUCT_CATEGORY('detail',$,(#6377));
#6717 = PRODUCT_CATEGORY_RELATIONSHIP('','',#6718,#6716);
#6718 = PRODUCT_CATEGORY('part',$);
#6719 = CC_DESIGN_PERSON_AND_ORGANIZATION_ASSIGNMENT(#354,#357,(#6376,
    #6375));
#6720 = CC_DESIGN_PERSON_AND_ORGANIZATION_ASSIGNMENT(#354,#359,(#6377));
#6721 = CC_DESIGN_PERSON_AND_ORGANIZATION_ASSIGNMENT(#354,#361,(#6376));
#6722 = CC_DESIGN_PERSON_AND_ORGANIZATION_ASSIGNMENT(#354,#363,(#6723));
#6723 = SECURITY_CLASSIFICATION('','',#365);
#6724 = CC_DESIGN_SECURITY_CLASSIFICATION(#6723,(#6376));
#6725 = CC_DESIGN_DATE_AND_TIME_ASSIGNMENT(#368,#372,(#6375));
#6726 = CC_DESIGN_DATE_AND_TIME_ASSIGNMENT(#368,#374,(#6723));
#6727 = CC_DESIGN_APPROVAL(#376,(#6376,#6375,#6723));
#6728 = SHAPE_DEFINITION_REPRESENTATION(#6729,#6735);
#6729 = PRODUCT_DEFINITION_SHAPE('','',#6730);
#6730 = PRODUCT_DEFINITION('design','',#6731,#6734);
#6731 = PRODUCT_DEFINITION_FORMATION_WITH_SPECIFIED_SOURCE('','',#6732,
  .NOT_KNOWN.);
#6732 = PRODUCT('DoubleLeafMasonry_0.32_m 19',
  'DoubleLeafMasonry_0.32_m 19','',(#6733));
#6733 = MECHANICAL_CONTEXT('',#2,'mechanical');
#6734 = DESIGN_CONTEXT('',#2,'design');
#6735 = SHAPE_REPRESENTATION('',(#11,#6736),#6740);
#6736 = AXIS2_PLACEMENT_3D('',#6737,#6738,#6739);
#6737 = CARTESIAN_POINT('',(5.475E-03,1.606242202118E-04,-1.E-04));
#6738 = DIRECTION('',(0.,0.,1.));
#6739 = DIRECTION('',(-1.,0.,0.));
#6740 = ( GEOMETRIC_REPRESENTATION_CONTEXT(3) 
GLOBAL_UNCERTAINTY_ASSIGNED_CONTEXT((#6744)) 
GLOBAL_UNIT_ASSIGNED_CONTEXT((#6741,#6742,#6743)) REPRESENTATION_CONTEXT
('Context #1','3D Context with UNIT and UNCERTAINTY') );
#6741 = ( LENGTH_UNIT() NAMED_UNIT(*) SI_UNIT($,.METRE.) );
#6742 = ( NAMED_UNIT(*) PLANE_ANGLE_UNIT() SI_UNIT($,.RADIAN.) );
#6743 = ( NAMED_UNIT(*) SI_UNIT($,.STERADIAN.) SOLID_ANGLE_UNIT() );
#6744 = UNCERTAINTY_MEASURE_WITH_UNIT(LENGTH_MEASURE(5.E-09),#6741,
  'distance_accuracy_value','confusion accuracy');
#6745 = PRODUCT_RELATED_PRODUCT_CATEGORY('detail',$,(#6732));
#6746 = PRODUCT_CATEGORY_RELATIONSHIP('','',#6747,#6745);
#6747 = PRODUCT_CATEGORY('part',$);
#6748 = CC_DESIGN_PERSON_AND_ORGANIZATION_ASSIGNMENT(#354,#357,(#6731,
    #6730));
#6749 = CC_DESIGN_PERSON_AND_ORGANIZATION_ASSIGNMENT(#354,#359,(#6732));
#6750 = CC_DESIGN_PERSON_AND_ORGANIZATION_ASSIGNMENT(#354,#361,(#6731));
#6751 = CC_DESIGN_PERSON_AND_ORGANIZATION_ASSIGNMENT(#354,#363,(#6752));
#6752 = SECURITY_CLASSIFICATION('','',#365);
#6753 = CC_DESIGN_SECURITY_CLASSIFICATION(#6752,(#6731));
#6754 = CC_DESIGN_DATE_AND_TIME_ASSIGNMENT(#368,#372,(#6730));
#6755 = CC_DESIGN_DATE_AND_TIME_ASSIGNMENT(#368,#374,(#6752));
#6756 = CC_DESIGN_APPROVAL(#376,(#6731,#6730,#6752));
#6757 = SHAPE_DEFINITION_REPRESENTATION(#6758,#6764);
#6758 = PRODUCT_DEFINITION_SHAPE('','',#6759);
#6759 = PRODUCT_DEFINITION('design','',#6760,#6763);
#6760 = PRODUCT_DEFINITION_FORMATION_WITH_SPECIFIED_SOURCE('','',#6761,
  .NOT_KNOWN.);
#6761 = PRODUCT('DoubleLeafMasonry_0.32_m 19.1',
  'DoubleLeafMasonry_0.32_m 19.1','',(#6762));
#6762 = MECHANICAL_CONTEXT('',#2,'mechanical');
#6763 = DESIGN_CONTEXT('',#2,'design');
#6764 = ADVANCED_BREP_SHAPE_REPRESENTATION('',(#11,#6765),#7723);
#6765 = MANIFOLD_SOLID_BREP('DoubleLeafMasonry_0.32_m',#6766);
#6766 = CLOSED_SHELL('',(#6767,#7113,#7189,#7446,#7473,#7500,#7527,#7554
    ,#7581,#7608,#7615,#7662,#7689,#7716));
#6767 = ADVANCED_FACE('',(#6768,#6887),#6782,.T.);
#6768 = FACE_BOUND('',#6769,.T.);
#6769 = EDGE_LOOP('',(#6770,#6805,#6833,#6861));
#6770 = ORIENTED_EDGE('',*,*,#6771,.T.);
#6771 = EDGE_CURVE('',#6772,#6774,#6776,.T.);
#6772 = VERTEX_POINT('',#6773);
#6773 = CARTESIAN_POINT('',(3.2E-04,-1.6E-04,0.));
#6774 = VERTEX_POINT('',#6775);
#6775 = CARTESIAN_POINT('',(4.08E-03,-1.6E-04,0.));
#6776 = SURFACE_CURVE('',#6777,(#6781,#6793),.PCURVE_S1.);
#6777 = LINE('',#6778,#6779);
#6778 = CARTESIAN_POINT('',(3.2E-04,-1.6E-04,0.));
#6779 = VECTOR('',#6780,1.E-03);
#6780 = DIRECTION('',(1.,2.657448729156E-16,0.));
#6781 = PCURVE('',#6782,#6787);
#6782 = PLANE('',#6783);
#6783 = AXIS2_PLACEMENT_3D('',#6784,#6785,#6786);
#6784 = CARTESIAN_POINT('',(2.2E-03,-1.6E-04,1.395E-03));
#6785 = DIRECTION('',(2.657448729156E-16,-1.,0.));
#6786 = DIRECTION('',(-1.,-2.657448729156E-16,0.));
#6787 = DEFINITIONAL_REPRESENTATION('',(#6788),#6792);
#6788 = LINE('',#6789,#6790);
#6789 = CARTESIAN_POINT('',(1.88E-03,1.395E-03));
#6790 = VECTOR('',#6791,1.);
#6791 = DIRECTION('',(-1.,0.));
#6792 = ( GEOMETRIC_REPRESENTATION_CONTEXT(2) 
PARAMETRIC_REPRESENTATION_CONTEXT() REPRESENTATION_CONTEXT('2D SPACE',''
  ) );
#6793 = PCURVE('',#6794,#6799);
#6794 = PLANE('',#6795);
#6795 = AXIS2_PLACEMENT_3D('',#6796,#6797,#6798);
#6796 = CARTESIAN_POINT('',(2.2E-03,7.49400541622E-19,0.));
#6797 = DIRECTION('',(0.,0.,-1.));
#6798 = DIRECTION('',(-1.,0.,0.));
#6799 = DEFINITIONAL_REPRESENTATION('',(#6800),#6804);
#6800 = LINE('',#6801,#6802);
#6801 = CARTESIAN_POINT('',(1.88E-03,-1.6E-04));
#6802 = VECTOR('',#6803,1.);
#6803 = DIRECTION('',(-1.,2.657448729156E-16));
#6804 = ( GEOMETRIC_REPRESENTATION_CONTEXT(2) 
PARAMETRIC_REPRESENTATION_CONTEXT() REPRESENTATION_CONTEXT('2D SPACE',''
  ) );
#6805 = ORIENTED_EDGE('',*,*,#6806,.T.);
#6806 = EDGE_CURVE('',#6774,#6807,#6809,.T.);
#6807 = VERTEX_POINT('',#6808);
#6808 = CARTESIAN_POINT('',(4.08E-03,-1.6E-04,2.79E-03));
#6809 = SURFACE_CURVE('',#6810,(#6814,#6821),.PCURVE_S1.);
#6810 = LINE('',#6811,#6812);
#6811 = CARTESIAN_POINT('',(4.08E-03,-1.6E-04,0.));
#6812 = VECTOR('',#6813,1.E-03);
#6813 = DIRECTION('',(0.,0.,1.));
#6814 = PCURVE('',#6782,#6815);
#6815 = DEFINITIONAL_REPRESENTATION('',(#6816),#6820);
#6816 = LINE('',#6817,#6818);
#6817 = CARTESIAN_POINT('',(-1.88E-03,1.395E-03));
#6818 = VECTOR('',#6819,1.);
#6819 = DIRECTION('',(0.,-1.));
#6820 = ( GEOMETRIC_REPRESENTATION_CONTEXT(2) 
PARAMETRIC_REPRESENTATION_CONTEXT() REPRESENTATION_CONTEXT('2D SPACE',''
  ) );
#6821 = PCURVE('',#6822,#6827);
#6822 = PLANE('',#6823);
#6823 = AXIS2_PLACEMENT_3D('',#6824,#6825,#6826);
#6824 = CARTESIAN_POINT('',(4.24E-03,9.992007221626E-19,1.395E-03));
#6825 = DIRECTION('',(0.707106781187,-0.707106781187,0.));
#6826 = DIRECTION('',(-0.707106781187,-0.707106781187,0.));
#6827 = DEFINITIONAL_REPRESENTATION('',(#6828),#6832);
#6828 = LINE('',#6829,#6830);
#6829 = CARTESIAN_POINT('',(2.262741699797E-04,1.395E-03));
#6830 = VECTOR('',#6831,1.);
#6831 = DIRECTION('',(0.,-1.));
#6832 = ( GEOMETRIC_REPRESENTATION_CONTEXT(2) 
PARAMETRIC_REPRESENTATION_CONTEXT() REPRESENTATION_CONTEXT('2D SPACE',''
  ) );
#6833 = ORIENTED_EDGE('',*,*,#6834,.T.);
#6834 = EDGE_CURVE('',#6807,#6835,#6837,.T.);
#6835 = VERTEX_POINT('',#6836);
#6836 = CARTESIAN_POINT('',(3.2E-04,-1.6E-04,2.79E-03));
#6837 = SURFACE_CURVE('',#6838,(#6842,#6849),.PCURVE_S1.);
#6838 = LINE('',#6839,#6840);
#6839 = CARTESIAN_POINT('',(4.08E-03,-1.6E-04,2.79E-03));
#6840 = VECTOR('',#6841,1.E-03);
#6841 = DIRECTION('',(-1.,-2.657448729156E-16,0.));
#6842 = PCURVE('',#6782,#6843);
#6843 = DEFINITIONAL_REPRESENTATION('',(#6844),#6848);
#6844 = LINE('',#6845,#6846);
#6845 = CARTESIAN_POINT('',(-1.88E-03,-1.395E-03));
#6846 = VECTOR('',#6847,1.);
#6847 = DIRECTION('',(1.,0.));
#6848 = ( GEOMETRIC_REPRESENTATION_CONTEXT(2) 
PARAMETRIC_REPRESENTATION_CONTEXT() REPRESENTATION_CONTEXT('2D SPACE',''
  ) );
#6849 = PCURVE('',#6850,#6855);
#6850 = PLANE('',#6851);
#6851 = AXIS2_PLACEMENT_3D('',#6852,#6853,#6854);
#6852 = CARTESIAN_POINT('',(2.2E-03,7.49400541622E-19,2.79E-03));
#6853 = DIRECTION('',(0.,0.,1.));
#6854 = DIRECTION('',(1.,0.,0.));
#6855 = DEFINITIONAL_REPRESENTATION('',(#6856),#6860);
#6856 = LINE('',#6857,#6858);
#6857 = CARTESIAN_POINT('',(1.88E-03,-1.6E-04));
#6858 = VECTOR('',#6859,1.);
#6859 = DIRECTION('',(-1.,-2.657448729156E-16));
#6860 = ( GEOMETRIC_REPRESENTATION_CONTEXT(2) 
PARAMETRIC_REPRESENTATION_CONTEXT() REPRESENTATION_CONTEXT('2D SPACE',''
  ) );
#6861 = ORIENTED_EDGE('',*,*,#6862,.F.);
#6862 = EDGE_CURVE('',#6772,#6835,#6863,.T.);
#6863 = SURFACE_CURVE('',#6864,(#6868,#6875),.PCURVE_S1.);
#6864 = LINE('',#6865,#6866);
#6865 = CARTESIAN_POINT('',(3.2E-04,-1.6E-04,0.));
#6866 = VECTOR('',#6867,1.E-03);
#6867 = DIRECTION('',(0.,0.,1.));
#6868 = PCURVE('',#6782,#6869);
#6869 = DEFINITIONAL_REPRESENTATION('',(#6870),#6874);
#6870 = LINE('',#6871,#6872);
#6871 = CARTESIAN_POINT('',(1.88E-03,1.395E-03));
#6872 = VECTOR('',#6873,1.);
#6873 = DIRECTION('',(0.,-1.));
#6874 = ( GEOMETRIC_REPRESENTATION_CONTEXT(2) 
PARAMETRIC_REPRESENTATION_CONTEXT() REPRESENTATION_CONTEXT('2D SPACE',''
  ) );
#6875 = PCURVE('',#6876,#6881);
#6876 = PLANE('',#6877);
#6877 = AXIS2_PLACEMENT_3D('',#6878,#6879,#6880);
#6878 = CARTESIAN_POINT('',(1.6E-04,4.996003610813E-19,1.395E-03));
#6879 = DIRECTION('',(-0.707106781187,-0.707106781187,0.));
#6880 = DIRECTION('',(-0.707106781187,0.707106781187,0.));
#6881 = DEFINITIONAL_REPRESENTATION('',(#6882),#6886);
#6882 = LINE('',#6883,#6884);
#6883 = CARTESIAN_POINT('',(-2.262741699797E-04,1.395E-03));
#6884 = VECTOR('',#6885,1.);
#6885 = DIRECTION('',(0.,-1.));
#6886 = ( GEOMETRIC_REPRESENTATION_CONTEXT(2) 
PARAMETRIC_REPRESENTATION_CONTEXT() REPRESENTATION_CONTEXT('2D SPACE',''
  ) );
#6887 = FACE_BOUND('',#6888,.T.);
#6888 = EDGE_LOOP('',(#6889,#6919,#6947,#6975,#7003,#7031,#7059,#7087));
#6889 = ORIENTED_EDGE('',*,*,#6890,.T.);
#6890 = EDGE_CURVE('',#6891,#6893,#6895,.T.);
#6891 = VERTEX_POINT('',#6892);
#6892 = CARTESIAN_POINT('',(1.6E-03,-1.6E-04,7.2E-04));
#6893 = VERTEX_POINT('',#6894);
#6894 = CARTESIAN_POINT('',(1.6E-03,-1.6E-04,1.92E-03));
#6895 = SURFACE_CURVE('',#6896,(#6900,#6907),.PCURVE_S1.);
#6896 = LINE('',#6897,#6898);
#6897 = CARTESIAN_POINT('',(1.6E-03,-1.6E-04,7.2E-04));
#6898 = VECTOR('',#6899,1.E-03);
#6899 = DIRECTION('',(0.,0.,1.));
#6900 = PCURVE('',#6782,#6901);
#6901 = DEFINITIONAL_REPRESENTATION('',(#6902),#6906);
#6902 = LINE('',#6903,#6904);
#6903 = CARTESIAN_POINT('',(6.E-04,6.75E-04));
#6904 = VECTOR('',#6905,1.);
#6905 = DIRECTION('',(0.,-1.));
#6906 = ( GEOMETRIC_REPRESENTATION_CONTEXT(2) 
PARAMETRIC_REPRESENTATION_CONTEXT() REPRESENTATION_CONTEXT('2D SPACE',''
  ) );
#6907 = PCURVE('',#6908,#6913);
#6908 = PLANE('',#6909);
#6909 = AXIS2_PLACEMENT_3D('',#6910,#6911,#6912);
#6910 = CARTESIAN_POINT('',(1.6E-03,9.992007221626E-19,1.32E-03));
#6911 = DIRECTION('',(1.,0.,0.));
#6912 = DIRECTION('',(0.,0.,1.));
#6913 = DEFINITIONAL_REPRESENTATION('',(#6914),#6918);
#6914 = LINE('',#6915,#6916);
#6915 = CARTESIAN_POINT('',(-6.E-04,1.6E-04));
#6916 = VECTOR('',#6917,1.);
#6917 = DIRECTION('',(1.,0.));
#6918 = ( GEOMETRIC_REPRESENTATION_CONTEXT(2) 
PARAMETRIC_REPRESENTATION_CONTEXT() REPRESENTATION_CONTEXT('2D SPACE',''
  ) );
#6919 = ORIENTED_EDGE('',*,*,#6920,.T.);
#6920 = EDGE_CURVE('',#6893,#6921,#6923,.T.);
#6921 = VERTEX_POINT('',#6922);
#6922 = CARTESIAN_POINT('',(1.4E-03,-1.6E-04,1.92E-03));
#6923 = SURFACE_CURVE('',#6924,(#6928,#6935),.PCURVE_S1.);
#6924 = LINE('',#6925,#6926);
#6925 = CARTESIAN_POINT('',(1.6E-03,-1.6E-04,1.92E-03));
#6926 = VECTOR('',#6927,1.E-03);
#6927 = DIRECTION('',(-1.,0.,0.));
#6928 = PCURVE('',#6782,#6929);
#6929 = DEFINITIONAL_REPRESENTATION('',(#6930),#6934);
#6930 = LINE('',#6931,#6932);
#6931 = CARTESIAN_POINT('',(6.E-04,-5.25E-04));
#6932 = VECTOR('',#6933,1.);
#6933 = DIRECTION('',(1.,0.));
#6934 = ( GEOMETRIC_REPRESENTATION_CONTEXT(2) 
PARAMETRIC_REPRESENTATION_CONTEXT() REPRESENTATION_CONTEXT('2D SPACE',''
  ) );
#6935 = PCURVE('',#6936,#6941);
#6936 = PLANE('',#6937);
#6937 = AXIS2_PLACEMENT_3D('',#6938,#6939,#6940);
#6938 = CARTESIAN_POINT('',(1.5E-03,9.992007221626E-19,1.92E-03));
#6939 = DIRECTION('',(0.,0.,1.));
#6940 = DIRECTION('',(1.,0.,0.));
#6941 = DEFINITIONAL_REPRESENTATION('',(#6942),#6946);
#6942 = LINE('',#6943,#6944);
#6943 = CARTESIAN_POINT('',(1.E-04,-1.6E-04));
#6944 = VECTOR('',#6945,1.);
#6945 = DIRECTION('',(-1.,0.));
#6946 = ( GEOMETRIC_REPRESENTATION_CONTEXT(2) 
PARAMETRIC_REPRESENTATION_CONTEXT() REPRESENTATION_CONTEXT('2D SPACE',''
  ) );
#6947 = ORIENTED_EDGE('',*,*,#6948,.T.);
#6948 = EDGE_CURVE('',#6921,#6949,#6951,.T.);
#6949 = VERTEX_POINT('',#6950);
#6950 = CARTESIAN_POINT('',(1.4E-03,-1.6E-04,2.04E-03));
#6951 = SURFACE_CURVE('',#6952,(#6956,#6963),.PCURVE_S1.);
#6952 = LINE('',#6953,#6954);
#6953 = CARTESIAN_POINT('',(1.4E-03,-1.6E-04,1.92E-03));
#6954 = VECTOR('',#6955,1.E-03);
#6955 = DIRECTION('',(0.,0.,1.));
#6956 = PCURVE('',#6782,#6957);
#6957 = DEFINITIONAL_REPRESENTATION('',(#6958),#6962);
#6958 = LINE('',#6959,#6960);
#6959 = CARTESIAN_POINT('',(8.E-04,-5.25E-04));
#6960 = VECTOR('',#6961,1.);
#6961 = DIRECTION('',(0.,-1.));
#6962 = ( GEOMETRIC_REPRESENTATION_CONTEXT(2) 
PARAMETRIC_REPRESENTATION_CONTEXT() REPRESENTATION_CONTEXT('2D SPACE',''
  ) );
#6963 = PCURVE('',#6964,#6969);
#6964 = PLANE('',#6965);
#6965 = AXIS2_PLACEMENT_3D('',#6966,#6967,#6968);
#6966 = CARTESIAN_POINT('',(1.4E-03,9.992007221626E-19,1.98E-03));
#6967 = DIRECTION('',(1.,0.,0.));
#6968 = DIRECTION('',(0.,0.,1.));
#6969 = DEFINITIONAL_REPRESENTATION('',(#6970),#6974);
#6970 = LINE('',#6971,#6972);
#6971 = CARTESIAN_POINT('',(-6.E-05,1.6E-04));
#6972 = VECTOR('',#6973,1.);
#6973 = DIRECTION('',(1.,0.));
#6974 = ( GEOMETRIC_REPRESENTATION_CONTEXT(2) 
PARAMETRIC_REPRESENTATION_CONTEXT() REPRESENTATION_CONTEXT('2D SPACE',''
  ) );
#6975 = ORIENTED_EDGE('',*,*,#6976,.T.);
#6976 = EDGE_CURVE('',#6949,#6977,#6979,.T.);
#6977 = VERTEX_POINT('',#6978);
#6978 = CARTESIAN_POINT('',(3.E-03,-1.6E-04,2.04E-03));
#6979 = SURFACE_CURVE('',#6980,(#6984,#6991),.PCURVE_S1.);
#6980 = LINE('',#6981,#6982);
#6981 = CARTESIAN_POINT('',(1.4E-03,-1.6E-04,2.04E-03));
#6982 = VECTOR('',#6983,1.E-03);
#6983 = DIRECTION('',(1.,-6.245004513517E-16,0.));
#6984 = PCURVE('',#6782,#6985);
#6985 = DEFINITIONAL_REPRESENTATION('',(#6986),#6990);
#6986 = LINE('',#6987,#6988);
#6987 = CARTESIAN_POINT('',(8.E-04,-6.45E-04));
#6988 = VECTOR('',#6989,1.);
#6989 = DIRECTION('',(-1.,0.));
#6990 = ( GEOMETRIC_REPRESENTATION_CONTEXT(2) 
PARAMETRIC_REPRESENTATION_CONTEXT() REPRESENTATION_CONTEXT('2D SPACE',''
  ) );
#6991 = PCURVE('',#6992,#6997);
#6992 = PLANE('',#6993);
#6993 = AXIS2_PLACEMENT_3D('',#6994,#6995,#6996);
#6994 = CARTESIAN_POINT('',(2.2E-03,7.49400541622E-19,2.04E-03));
#6995 = DIRECTION('',(0.,0.,-1.));
#6996 = DIRECTION('',(-1.,0.,0.));
#6997 = DEFINITIONAL_REPRESENTATION('',(#6998),#7002);
#6998 = LINE('',#6999,#7000);
#6999 = CARTESIAN_POINT('',(8.E-04,-1.6E-04));
#7000 = VECTOR('',#7001,1.);
#7001 = DIRECTION('',(-1.,-6.245004513517E-16));
#7002 = ( GEOMETRIC_REPRESENTATION_CONTEXT(2) 
PARAMETRIC_REPRESENTATION_CONTEXT() REPRESENTATION_CONTEXT('2D SPACE',''
  ) );
#7003 = ORIENTED_EDGE('',*,*,#7004,.T.);
#7004 = EDGE_CURVE('',#6977,#7005,#7007,.T.);
#7005 = VERTEX_POINT('',#7006);
#7006 = CARTESIAN_POINT('',(3.E-03,-1.6E-04,1.92E-03));
#7007 = SURFACE_CURVE('',#7008,(#7012,#7019),.PCURVE_S1.);
#7008 = LINE('',#7009,#7010);
#7009 = CARTESIAN_POINT('',(3.E-03,-1.6E-04,2.04E-03));
#7010 = VECTOR('',#7011,1.E-03);
#7011 = DIRECTION('',(0.,0.,-1.));
#7012 = PCURVE('',#6782,#7013);
#7013 = DEFINITIONAL_REPRESENTATION('',(#7014),#7018);
#7014 = LINE('',#7015,#7016);
#7015 = CARTESIAN_POINT('',(-8.E-04,-6.45E-04));
#7016 = VECTOR('',#7017,1.);
#7017 = DIRECTION('',(-0.,1.));
#7018 = ( GEOMETRIC_REPRESENTATION_CONTEXT(2) 
PARAMETRIC_REPRESENTATION_CONTEXT() REPRESENTATION_CONTEXT('2D SPACE',''
  ) );
#7019 = PCURVE('',#7020,#7025);
#7020 = PLANE('',#7021);
#7021 = AXIS2_PLACEMENT_3D('',#7022,#7023,#7024);
#7022 = CARTESIAN_POINT('',(3.E-03,4.996003610813E-19,1.98E-03));
#7023 = DIRECTION('',(-1.,0.,0.));
#7024 = DIRECTION('',(0.,0.,-1.));
#7025 = DEFINITIONAL_REPRESENTATION('',(#7026),#7030);
#7026 = LINE('',#7027,#7028);
#7027 = CARTESIAN_POINT('',(-6.E-05,1.6E-04));
#7028 = VECTOR('',#7029,1.);
#7029 = DIRECTION('',(1.,0.));
#7030 = ( GEOMETRIC_REPRESENTATION_CONTEXT(2) 
PARAMETRIC_REPRESENTATION_CONTEXT() REPRESENTATION_CONTEXT('2D SPACE',''
  ) );
#7031 = ORIENTED_EDGE('',*,*,#7032,.T.);
#7032 = EDGE_CURVE('',#7005,#7033,#7035,.T.);
#7033 = VERTEX_POINT('',#7034);
#7034 = CARTESIAN_POINT('',(2.8E-03,-1.6E-04,1.92E-03));
#7035 = SURFACE_CURVE('',#7036,(#7040,#7047),.PCURVE_S1.);
#7036 = LINE('',#7037,#7038);
#7037 = CARTESIAN_POINT('',(3.E-03,-1.6E-04,1.92E-03));
#7038 = VECTOR('',#7039,1.E-03);
#7039 = DIRECTION('',(-1.,-4.996003610813E-15,0.));
#7040 = PCURVE('',#6782,#7041);
#7041 = DEFINITIONAL_REPRESENTATION('',(#7042),#7046);
#7042 = LINE('',#7043,#7044);
#7043 = CARTESIAN_POINT('',(-8.E-04,-5.25E-04));
#7044 = VECTOR('',#7045,1.);
#7045 = DIRECTION('',(1.,0.));
#7046 = ( GEOMETRIC_REPRESENTATION_CONTEXT(2) 
PARAMETRIC_REPRESENTATION_CONTEXT() REPRESENTATION_CONTEXT('2D SPACE',''
  ) );
#7047 = PCURVE('',#7048,#7053);
#7048 = PLANE('',#7049);
#7049 = AXIS2_PLACEMENT_3D('',#7050,#7051,#7052);
#7050 = CARTESIAN_POINT('',(2.9E-03,2.498001805407E-19,1.92E-03));
#7051 = DIRECTION('',(0.,0.,1.));
#7052 = DIRECTION('',(1.,0.,0.));
#7053 = DEFINITIONAL_REPRESENTATION('',(#7054),#7058);
#7054 = LINE('',#7055,#7056);
#7055 = CARTESIAN_POINT('',(1.E-04,-1.6E-04));
#7056 = VECTOR('',#7057,1.);
#7057 = DIRECTION('',(-1.,-4.996003610813E-15));
#7058 = ( GEOMETRIC_REPRESENTATION_CONTEXT(2) 
PARAMETRIC_REPRESENTATION_CONTEXT() REPRESENTATION_CONTEXT('2D SPACE',''
  ) );
#7059 = ORIENTED_EDGE('',*,*,#7060,.T.);
#7060 = EDGE_CURVE('',#7033,#7061,#7063,.T.);
#7061 = VERTEX_POINT('',#7062);
#7062 = CARTESIAN_POINT('',(2.8E-03,-1.6E-04,7.2E-04));
#7063 = SURFACE_CURVE('',#7064,(#7068,#7075),.PCURVE_S1.);
#7064 = LINE('',#7065,#7066);
#7065 = CARTESIAN_POINT('',(2.8E-03,-1.6E-04,1.92E-03));
#7066 = VECTOR('',#7067,1.E-03);
#7067 = DIRECTION('',(0.,0.,-1.));
#7068 = PCURVE('',#6782,#7069);
#7069 = DEFINITIONAL_REPRESENTATION('',(#7070),#7074);
#7070 = LINE('',#7071,#7072);
#7071 = CARTESIAN_POINT('',(-6.E-04,-5.25E-04));
#7072 = VECTOR('',#7073,1.);
#7073 = DIRECTION('',(-0.,1.));
#7074 = ( GEOMETRIC_REPRESENTATION_CONTEXT(2) 
PARAMETRIC_REPRESENTATION_CONTEXT() REPRESENTATION_CONTEXT('2D SPACE',''
  ) );
#7075 = PCURVE('',#7076,#7081);
#7076 = PLANE('',#7077);
#7077 = AXIS2_PLACEMENT_3D('',#7078,#7079,#7080);
#7078 = CARTESIAN_POINT('',(2.8E-03,0.,1.32E-03));
#7079 = DIRECTION('',(-1.,0.,0.));
#7080 = DIRECTION('',(0.,0.,-1.));
#7081 = DEFINITIONAL_REPRESENTATION('',(#7082),#7086);
#7082 = LINE('',#7083,#7084);
#7083 = CARTESIAN_POINT('',(-6.E-04,1.6E-04));
#7084 = VECTOR('',#7085,1.);
#7085 = DIRECTION('',(1.,0.));
#7086 = ( GEOMETRIC_REPRESENTATION_CONTEXT(2) 
PARAMETRIC_REPRESENTATION_CONTEXT() REPRESENTATION_CONTEXT('2D SPACE',''
  ) );
#7087 = ORIENTED_EDGE('',*,*,#7088,.F.);
#7088 = EDGE_CURVE('',#6891,#7061,#7089,.T.);
#7089 = SURFACE_CURVE('',#7090,(#7094,#7101),.PCURVE_S1.);
#7090 = LINE('',#7091,#7092);
#7091 = CARTESIAN_POINT('',(1.6E-03,-1.6E-04,7.2E-04));
#7092 = VECTOR('',#7093,1.E-03);
#7093 = DIRECTION('',(1.,-1.665334536938E-15,0.));
#7094 = PCURVE('',#6782,#7095);
#7095 = DEFINITIONAL_REPRESENTATION('',(#7096),#7100);
#7096 = LINE('',#7097,#7098);
#7097 = CARTESIAN_POINT('',(6.E-04,6.75E-04));
#7098 = VECTOR('',#7099,1.);
#7099 = DIRECTION('',(-1.,0.));
#7100 = ( GEOMETRIC_REPRESENTATION_CONTEXT(2) 
PARAMETRIC_REPRESENTATION_CONTEXT() REPRESENTATION_CONTEXT('2D SPACE',''
  ) );
#7101 = PCURVE('',#7102,#7107);
#7102 = PLANE('',#7103);
#7103 = AXIS2_PLACEMENT_3D('',#7104,#7105,#7106);
#7104 = CARTESIAN_POINT('',(2.2E-03,4.996003610813E-19,7.2E-04));
#7105 = DIRECTION('',(0.,0.,1.));
#7106 = DIRECTION('',(1.,0.,0.));
#7107 = DEFINITIONAL_REPRESENTATION('',(#7108),#7112);
#7108 = LINE('',#7109,#7110);
#7109 = CARTESIAN_POINT('',(-6.E-04,-1.6E-04));
#7110 = VECTOR('',#7111,1.);
#7111 = DIRECTION('',(1.,-1.665334536938E-15));
#7112 = ( GEOMETRIC_REPRESENTATION_CONTEXT(2) 
PARAMETRIC_REPRESENTATION_CONTEXT() REPRESENTATION_CONTEXT('2D SPACE',''
  ) );
#7113 = ADVANCED_FACE('',(#7114),#7102,.T.);
#7114 = FACE_BOUND('',#7115,.T.);
#7115 = EDGE_LOOP('',(#7116,#7117,#7140,#7168));
#7116 = ORIENTED_EDGE('',*,*,#7088,.T.);
#7117 = ORIENTED_EDGE('',*,*,#7118,.T.);
#7118 = EDGE_CURVE('',#7061,#7119,#7121,.T.);
#7119 = VERTEX_POINT('',#7120);
#7120 = CARTESIAN_POINT('',(2.8E-03,1.6E-04,7.2E-04));
#7121 = SURFACE_CURVE('',#7122,(#7126,#7133),.PCURVE_S1.);
#7122 = LINE('',#7123,#7124);
#7123 = CARTESIAN_POINT('',(2.8E-03,-1.6E-04,7.2E-04));
#7124 = VECTOR('',#7125,1.E-03);
#7125 = DIRECTION('',(0.,1.,0.));
#7126 = PCURVE('',#7102,#7127);
#7127 = DEFINITIONAL_REPRESENTATION('',(#7128),#7132);
#7128 = LINE('',#7129,#7130);
#7129 = CARTESIAN_POINT('',(6.E-04,-1.6E-04));
#7130 = VECTOR('',#7131,1.);
#7131 = DIRECTION('',(0.,1.));
#7132 = ( GEOMETRIC_REPRESENTATION_CONTEXT(2) 
PARAMETRIC_REPRESENTATION_CONTEXT() REPRESENTATION_CONTEXT('2D SPACE',''
  ) );
#7133 = PCURVE('',#7076,#7134);
#7134 = DEFINITIONAL_REPRESENTATION('',(#7135),#7139);
#7135 = LINE('',#7136,#7137);
#7136 = CARTESIAN_POINT('',(6.E-04,1.6E-04));
#7137 = VECTOR('',#7138,1.);
#7138 = DIRECTION('',(0.,-1.));
#7139 = ( GEOMETRIC_REPRESENTATION_CONTEXT(2) 
PARAMETRIC_REPRESENTATION_CONTEXT() REPRESENTATION_CONTEXT('2D SPACE',''
  ) );
#7140 = ORIENTED_EDGE('',*,*,#7141,.F.);
#7141 = EDGE_CURVE('',#7142,#7119,#7144,.T.);
#7142 = VERTEX_POINT('',#7143);
#7143 = CARTESIAN_POINT('',(1.6E-03,1.6E-04,7.2E-04));
#7144 = SURFACE_CURVE('',#7145,(#7149,#7156),.PCURVE_S1.);
#7145 = LINE('',#7146,#7147);
#7146 = CARTESIAN_POINT('',(1.6E-03,1.6E-04,7.2E-04));
#7147 = VECTOR('',#7148,1.E-03);
#7148 = DIRECTION('',(1.,0.,0.));
#7149 = PCURVE('',#7102,#7150);
#7150 = DEFINITIONAL_REPRESENTATION('',(#7151),#7155);
#7151 = LINE('',#7152,#7153);
#7152 = CARTESIAN_POINT('',(-6.E-04,1.6E-04));
#7153 = VECTOR('',#7154,1.);
#7154 = DIRECTION('',(1.,0.));
#7155 = ( GEOMETRIC_REPRESENTATION_CONTEXT(2) 
PARAMETRIC_REPRESENTATION_CONTEXT() REPRESENTATION_CONTEXT('2D SPACE',''
  ) );
#7156 = PCURVE('',#7157,#7162);
#7157 = PLANE('',#7158);
#7158 = AXIS2_PLACEMENT_3D('',#7159,#7160,#7161);
#7159 = CARTESIAN_POINT('',(2.2E-03,1.6E-04,1.395E-03));
#7160 = DIRECTION('',(0.,1.,0.));
#7161 = DIRECTION('',(0.,0.,1.));
#7162 = DEFINITIONAL_REPRESENTATION('',(#7163),#7167);
#7163 = LINE('',#7164,#7165);
#7164 = CARTESIAN_POINT('',(-6.75E-04,-6.E-04));
#7165 = VECTOR('',#7166,1.);
#7166 = DIRECTION('',(0.,1.));
#7167 = ( GEOMETRIC_REPRESENTATION_CONTEXT(2) 
PARAMETRIC_REPRESENTATION_CONTEXT() REPRESENTATION_CONTEXT('2D SPACE',''
  ) );
#7168 = ORIENTED_EDGE('',*,*,#7169,.F.);
#7169 = EDGE_CURVE('',#6891,#7142,#7170,.T.);
#7170 = SURFACE_CURVE('',#7171,(#7175,#7182),.PCURVE_S1.);
#7171 = LINE('',#7172,#7173);
#7172 = CARTESIAN_POINT('',(1.6E-03,-1.6E-04,7.2E-04));
#7173 = VECTOR('',#7174,1.E-03);
#7174 = DIRECTION('',(0.,1.,0.));
#7175 = PCURVE('',#7102,#7176);
#7176 = DEFINITIONAL_REPRESENTATION('',(#7177),#7181);
#7177 = LINE('',#7178,#7179);
#7178 = CARTESIAN_POINT('',(-6.E-04,-1.6E-04));
#7179 = VECTOR('',#7180,1.);
#7180 = DIRECTION('',(0.,1.));
#7181 = ( GEOMETRIC_REPRESENTATION_CONTEXT(2) 
PARAMETRIC_REPRESENTATION_CONTEXT() REPRESENTATION_CONTEXT('2D SPACE',''
  ) );
#7182 = PCURVE('',#6908,#7183);
#7183 = DEFINITIONAL_REPRESENTATION('',(#7184),#7188);
#7184 = LINE('',#7185,#7186);
#7185 = CARTESIAN_POINT('',(-6.E-04,1.6E-04));
#7186 = VECTOR('',#7187,1.);
#7187 = DIRECTION('',(0.,-1.));
#7188 = ( GEOMETRIC_REPRESENTATION_CONTEXT(2) 
PARAMETRIC_REPRESENTATION_CONTEXT() REPRESENTATION_CONTEXT('2D SPACE',''
  ) );
#7189 = ADVANCED_FACE('',(#7190,#7284),#7157,.T.);
#7190 = FACE_BOUND('',#7191,.T.);
#7191 = EDGE_LOOP('',(#7192,#7217,#7240,#7263));
#7192 = ORIENTED_EDGE('',*,*,#7193,.T.);
#7193 = EDGE_CURVE('',#7194,#7196,#7198,.T.);
#7194 = VERTEX_POINT('',#7195);
#7195 = CARTESIAN_POINT('',(-6.541489717368E-21,1.6E-04,0.));
#7196 = VERTEX_POINT('',#7197);
#7197 = CARTESIAN_POINT('',(-6.541489717368E-21,1.6E-04,2.79E-03));
#7198 = SURFACE_CURVE('',#7199,(#7203,#7210),.PCURVE_S1.);
#7199 = LINE('',#7200,#7201);
#7200 = CARTESIAN_POINT('',(-6.541489717368E-21,1.6E-04,0.));
#7201 = VECTOR('',#7202,1.E-03);
#7202 = DIRECTION('',(0.,0.,1.));
#7203 = PCURVE('',#7157,#7204);
#7204 = DEFINITIONAL_REPRESENTATION('',(#7205),#7209);
#7205 = LINE('',#7206,#7207);
#7206 = CARTESIAN_POINT('',(-1.395E-03,-2.2E-03));
#7207 = VECTOR('',#7208,1.);
#7208 = DIRECTION('',(1.,0.));
#7209 = ( GEOMETRIC_REPRESENTATION_CONTEXT(2) 
PARAMETRIC_REPRESENTATION_CONTEXT() REPRESENTATION_CONTEXT('2D SPACE',''
  ) );
#7210 = PCURVE('',#6876,#7211);
#7211 = DEFINITIONAL_REPRESENTATION('',(#7212),#7216);
#7212 = LINE('',#7213,#7214);
#7213 = CARTESIAN_POINT('',(2.262741699797E-04,1.395E-03));
#7214 = VECTOR('',#7215,1.);
#7215 = DIRECTION('',(0.,-1.));
#7216 = ( GEOMETRIC_REPRESENTATION_CONTEXT(2) 
PARAMETRIC_REPRESENTATION_CONTEXT() REPRESENTATION_CONTEXT('2D SPACE',''
  ) );
#7217 = ORIENTED_EDGE('',*,*,#7218,.T.);
#7218 = EDGE_CURVE('',#7196,#7219,#7221,.T.);
#7219 = VERTEX_POINT('',#7220);
#7220 = CARTESIAN_POINT('',(4.4E-03,1.6E-04,2.79E-03));
#7221 = SURFACE_CURVE('',#7222,(#7226,#7233),.PCURVE_S1.);
#7222 = LINE('',#7223,#7224);
#7223 = CARTESIAN_POINT('',(-6.541489717368E-21,1.6E-04,2.79E-03));
#7224 = VECTOR('',#7225,1.E-03);
#7225 = DIRECTION('',(1.,0.,0.));
#7226 = PCURVE('',#7157,#7227);
#7227 = DEFINITIONAL_REPRESENTATION('',(#7228),#7232);
#7228 = LINE('',#7229,#7230);
#7229 = CARTESIAN_POINT('',(1.395E-03,-2.2E-03));
#7230 = VECTOR('',#7231,1.);
#7231 = DIRECTION('',(0.,1.));
#7232 = ( GEOMETRIC_REPRESENTATION_CONTEXT(2) 
PARAMETRIC_REPRESENTATION_CONTEXT() REPRESENTATION_CONTEXT('2D SPACE',''
  ) );
#7233 = PCURVE('',#6850,#7234);
#7234 = DEFINITIONAL_REPRESENTATION('',(#7235),#7239);
#7235 = LINE('',#7236,#7237);
#7236 = CARTESIAN_POINT('',(-2.2E-03,1.6E-04));
#7237 = VECTOR('',#7238,1.);
#7238 = DIRECTION('',(1.,0.));
#7239 = ( GEOMETRIC_REPRESENTATION_CONTEXT(2) 
PARAMETRIC_REPRESENTATION_CONTEXT() REPRESENTATION_CONTEXT('2D SPACE',''
  ) );
#7240 = ORIENTED_EDGE('',*,*,#7241,.T.);
#7241 = EDGE_CURVE('',#7219,#7242,#7244,.T.);
#7242 = VERTEX_POINT('',#7243);
#7243 = CARTESIAN_POINT('',(4.4E-03,1.6E-04,0.));
#7244 = SURFACE_CURVE('',#7245,(#7249,#7256),.PCURVE_S1.);
#7245 = LINE('',#7246,#7247);
#7246 = CARTESIAN_POINT('',(4.4E-03,1.6E-04,2.79E-03));
#7247 = VECTOR('',#7248,1.E-03);
#7248 = DIRECTION('',(0.,0.,-1.));
#7249 = PCURVE('',#7157,#7250);
#7250 = DEFINITIONAL_REPRESENTATION('',(#7251),#7255);
#7251 = LINE('',#7252,#7253);
#7252 = CARTESIAN_POINT('',(1.395E-03,2.2E-03));
#7253 = VECTOR('',#7254,1.);
#7254 = DIRECTION('',(-1.,0.));
#7255 = ( GEOMETRIC_REPRESENTATION_CONTEXT(2) 
PARAMETRIC_REPRESENTATION_CONTEXT() REPRESENTATION_CONTEXT('2D SPACE',''
  ) );
#7256 = PCURVE('',#6822,#7257);
#7257 = DEFINITIONAL_REPRESENTATION('',(#7258),#7262);
#7258 = LINE('',#7259,#7260);
#7259 = CARTESIAN_POINT('',(-2.262741699797E-04,-1.395E-03));
#7260 = VECTOR('',#7261,1.);
#7261 = DIRECTION('',(-0.,1.));
#7262 = ( GEOMETRIC_REPRESENTATION_CONTEXT(2) 
PARAMETRIC_REPRESENTATION_CONTEXT() REPRESENTATION_CONTEXT('2D SPACE',''
  ) );
#7263 = ORIENTED_EDGE('',*,*,#7264,.F.);
#7264 = EDGE_CURVE('',#7194,#7242,#7265,.T.);
#7265 = SURFACE_CURVE('',#7266,(#7270,#7277),.PCURVE_S1.);
#7266 = LINE('',#7267,#7268);
#7267 = CARTESIAN_POINT('',(-6.541489717368E-21,1.6E-04,0.));
#7268 = VECTOR('',#7269,1.E-03);
#7269 = DIRECTION('',(1.,0.,0.));
#7270 = PCURVE('',#7157,#7271);
#7271 = DEFINITIONAL_REPRESENTATION('',(#7272),#7276);
#7272 = LINE('',#7273,#7274);
#7273 = CARTESIAN_POINT('',(-1.395E-03,-2.2E-03));
#7274 = VECTOR('',#7275,1.);
#7275 = DIRECTION('',(0.,1.));
#7276 = ( GEOMETRIC_REPRESENTATION_CONTEXT(2) 
PARAMETRIC_REPRESENTATION_CONTEXT() REPRESENTATION_CONTEXT('2D SPACE',''
  ) );
#7277 = PCURVE('',#6794,#7278);
#7278 = DEFINITIONAL_REPRESENTATION('',(#7279),#7283);
#7279 = LINE('',#7280,#7281);
#7280 = CARTESIAN_POINT('',(2.2E-03,1.6E-04));
#7281 = VECTOR('',#7282,1.);
#7282 = DIRECTION('',(-1.,0.));
#7283 = ( GEOMETRIC_REPRESENTATION_CONTEXT(2) 
PARAMETRIC_REPRESENTATION_CONTEXT() REPRESENTATION_CONTEXT('2D SPACE',''
  ) );
#7284 = FACE_BOUND('',#7285,.T.);
#7285 = EDGE_LOOP('',(#7286,#7287,#7310,#7333,#7356,#7379,#7402,#7425));
#7286 = ORIENTED_EDGE('',*,*,#7141,.T.);
#7287 = ORIENTED_EDGE('',*,*,#7288,.T.);
#7288 = EDGE_CURVE('',#7119,#7289,#7291,.T.);
#7289 = VERTEX_POINT('',#7290);
#7290 = CARTESIAN_POINT('',(2.8E-03,1.6E-04,1.92E-03));
#7291 = SURFACE_CURVE('',#7292,(#7296,#7303),.PCURVE_S1.);
#7292 = LINE('',#7293,#7294);
#7293 = CARTESIAN_POINT('',(2.8E-03,1.6E-04,7.2E-04));
#7294 = VECTOR('',#7295,1.E-03);
#7295 = DIRECTION('',(0.,0.,1.));
#7296 = PCURVE('',#7157,#7297);
#7297 = DEFINITIONAL_REPRESENTATION('',(#7298),#7302);
#7298 = LINE('',#7299,#7300);
#7299 = CARTESIAN_POINT('',(-6.75E-04,6.E-04));
#7300 = VECTOR('',#7301,1.);
#7301 = DIRECTION('',(1.,0.));
#7302 = ( GEOMETRIC_REPRESENTATION_CONTEXT(2) 
PARAMETRIC_REPRESENTATION_CONTEXT() REPRESENTATION_CONTEXT('2D SPACE',''
  ) );
#7303 = PCURVE('',#7076,#7304);
#7304 = DEFINITIONAL_REPRESENTATION('',(#7305),#7309);
#7305 = LINE('',#7306,#7307);
#7306 = CARTESIAN_POINT('',(6.E-04,-1.6E-04));
#7307 = VECTOR('',#7308,1.);
#7308 = DIRECTION('',(-1.,-0.));
#7309 = ( GEOMETRIC_REPRESENTATION_CONTEXT(2) 
PARAMETRIC_REPRESENTATION_CONTEXT() REPRESENTATION_CONTEXT('2D SPACE',''
  ) );
#7310 = ORIENTED_EDGE('',*,*,#7311,.T.);
#7311 = EDGE_CURVE('',#7289,#7312,#7314,.T.);
#7312 = VERTEX_POINT('',#7313);
#7313 = CARTESIAN_POINT('',(3.E-03,1.6E-04,1.92E-03));
#7314 = SURFACE_CURVE('',#7315,(#7319,#7326),.PCURVE_S1.);
#7315 = LINE('',#7316,#7317);
#7316 = CARTESIAN_POINT('',(2.8E-03,1.6E-04,1.92E-03));
#7317 = VECTOR('',#7318,1.E-03);
#7318 = DIRECTION('',(1.,0.,0.));
#7319 = PCURVE('',#7157,#7320);
#7320 = DEFINITIONAL_REPRESENTATION('',(#7321),#7325);
#7321 = LINE('',#7322,#7323);
#7322 = CARTESIAN_POINT('',(5.25E-04,6.E-04));
#7323 = VECTOR('',#7324,1.);
#7324 = DIRECTION('',(0.,1.));
#7325 = ( GEOMETRIC_REPRESENTATION_CONTEXT(2) 
PARAMETRIC_REPRESENTATION_CONTEXT() REPRESENTATION_CONTEXT('2D SPACE',''
  ) );
#7326 = PCURVE('',#7048,#7327);
#7327 = DEFINITIONAL_REPRESENTATION('',(#7328),#7332);
#7328 = LINE('',#7329,#7330);
#7329 = CARTESIAN_POINT('',(-1.E-04,1.6E-04));
#7330 = VECTOR('',#7331,1.);
#7331 = DIRECTION('',(1.,0.));
#7332 = ( GEOMETRIC_REPRESENTATION_CONTEXT(2) 
PARAMETRIC_REPRESENTATION_CONTEXT() REPRESENTATION_CONTEXT('2D SPACE',''
  ) );
#7333 = ORIENTED_EDGE('',*,*,#7334,.T.);
#7334 = EDGE_CURVE('',#7312,#7335,#7337,.T.);
#7335 = VERTEX_POINT('',#7336);
#7336 = CARTESIAN_POINT('',(3.E-03,1.6E-04,2.04E-03));
#7337 = SURFACE_CURVE('',#7338,(#7342,#7349),.PCURVE_S1.);
#7338 = LINE('',#7339,#7340);
#7339 = CARTESIAN_POINT('',(3.E-03,1.6E-04,1.92E-03));
#7340 = VECTOR('',#7341,1.E-03);
#7341 = DIRECTION('',(0.,0.,1.));
#7342 = PCURVE('',#7157,#7343);
#7343 = DEFINITIONAL_REPRESENTATION('',(#7344),#7348);
#7344 = LINE('',#7345,#7346);
#7345 = CARTESIAN_POINT('',(5.25E-04,8.E-04));
#7346 = VECTOR('',#7347,1.);
#7347 = DIRECTION('',(1.,0.));
#7348 = ( GEOMETRIC_REPRESENTATION_CONTEXT(2) 
PARAMETRIC_REPRESENTATION_CONTEXT() REPRESENTATION_CONTEXT('2D SPACE',''
  ) );
#7349 = PCURVE('',#7020,#7350);
#7350 = DEFINITIONAL_REPRESENTATION('',(#7351),#7355);
#7351 = LINE('',#7352,#7353);
#7352 = CARTESIAN_POINT('',(6.E-05,-1.6E-04));
#7353 = VECTOR('',#7354,1.);
#7354 = DIRECTION('',(-1.,-0.));
#7355 = ( GEOMETRIC_REPRESENTATION_CONTEXT(2) 
PARAMETRIC_REPRESENTATION_CONTEXT() REPRESENTATION_CONTEXT('2D SPACE',''
  ) );
#7356 = ORIENTED_EDGE('',*,*,#7357,.T.);
#7357 = EDGE_CURVE('',#7335,#7358,#7360,.T.);
#7358 = VERTEX_POINT('',#7359);
#7359 = CARTESIAN_POINT('',(1.4E-03,1.6E-04,2.04E-03));
#7360 = SURFACE_CURVE('',#7361,(#7365,#7372),.PCURVE_S1.);
#7361 = LINE('',#7362,#7363);
#7362 = CARTESIAN_POINT('',(3.E-03,1.6E-04,2.04E-03));
#7363 = VECTOR('',#7364,1.E-03);
#7364 = DIRECTION('',(-1.,0.,0.));
#7365 = PCURVE('',#7157,#7366);
#7366 = DEFINITIONAL_REPRESENTATION('',(#7367),#7371);
#7367 = LINE('',#7368,#7369);
#7368 = CARTESIAN_POINT('',(6.45E-04,8.E-04));
#7369 = VECTOR('',#7370,1.);
#7370 = DIRECTION('',(0.,-1.));
#7371 = ( GEOMETRIC_REPRESENTATION_CONTEXT(2) 
PARAMETRIC_REPRESENTATION_CONTEXT() REPRESENTATION_CONTEXT('2D SPACE',''
  ) );
#7372 = PCURVE('',#6992,#7373);
#7373 = DEFINITIONAL_REPRESENTATION('',(#7374),#7378);
#7374 = LINE('',#7375,#7376);
#7375 = CARTESIAN_POINT('',(-8.E-04,1.6E-04));
#7376 = VECTOR('',#7377,1.);
#7377 = DIRECTION('',(1.,0.));
#7378 = ( GEOMETRIC_REPRESENTATION_CONTEXT(2) 
PARAMETRIC_REPRESENTATION_CONTEXT() REPRESENTATION_CONTEXT('2D SPACE',''
  ) );
#7379 = ORIENTED_EDGE('',*,*,#7380,.T.);
#7380 = EDGE_CURVE('',#7358,#7381,#7383,.T.);
#7381 = VERTEX_POINT('',#7382);
#7382 = CARTESIAN_POINT('',(1.4E-03,1.6E-04,1.92E-03));
#7383 = SURFACE_CURVE('',#7384,(#7388,#7395),.PCURVE_S1.);
#7384 = LINE('',#7385,#7386);
#7385 = CARTESIAN_POINT('',(1.4E-03,1.6E-04,2.04E-03));
#7386 = VECTOR('',#7387,1.E-03);
#7387 = DIRECTION('',(0.,0.,-1.));
#7388 = PCURVE('',#7157,#7389);
#7389 = DEFINITIONAL_REPRESENTATION('',(#7390),#7394);
#7390 = LINE('',#7391,#7392);
#7391 = CARTESIAN_POINT('',(6.45E-04,-8.E-04));
#7392 = VECTOR('',#7393,1.);
#7393 = DIRECTION('',(-1.,0.));
#7394 = ( GEOMETRIC_REPRESENTATION_CONTEXT(2) 
PARAMETRIC_REPRESENTATION_CONTEXT() REPRESENTATION_CONTEXT('2D SPACE',''
  ) );
#7395 = PCURVE('',#6964,#7396);
#7396 = DEFINITIONAL_REPRESENTATION('',(#7397),#7401);
#7397 = LINE('',#7398,#7399);
#7398 = CARTESIAN_POINT('',(6.E-05,-1.6E-04));
#7399 = VECTOR('',#7400,1.);
#7400 = DIRECTION('',(-1.,0.));
#7401 = ( GEOMETRIC_REPRESENTATION_CONTEXT(2) 
PARAMETRIC_REPRESENTATION_CONTEXT() REPRESENTATION_CONTEXT('2D SPACE',''
  ) );
#7402 = ORIENTED_EDGE('',*,*,#7403,.T.);
#7403 = EDGE_CURVE('',#7381,#7404,#7406,.T.);
#7404 = VERTEX_POINT('',#7405);
#7405 = CARTESIAN_POINT('',(1.6E-03,1.6E-04,1.92E-03));
#7406 = SURFACE_CURVE('',#7407,(#7411,#7418),.PCURVE_S1.);
#7407 = LINE('',#7408,#7409);
#7408 = CARTESIAN_POINT('',(1.4E-03,1.6E-04,1.92E-03));
#7409 = VECTOR('',#7410,1.E-03);
#7410 = DIRECTION('',(1.,0.,0.));
#7411 = PCURVE('',#7157,#7412);
#7412 = DEFINITIONAL_REPRESENTATION('',(#7413),#7417);
#7413 = LINE('',#7414,#7415);
#7414 = CARTESIAN_POINT('',(5.25E-04,-8.E-04));
#7415 = VECTOR('',#7416,1.);
#7416 = DIRECTION('',(0.,1.));
#7417 = ( GEOMETRIC_REPRESENTATION_CONTEXT(2) 
PARAMETRIC_REPRESENTATION_CONTEXT() REPRESENTATION_CONTEXT('2D SPACE',''
  ) );
#7418 = PCURVE('',#6936,#7419);
#7419 = DEFINITIONAL_REPRESENTATION('',(#7420),#7424);
#7420 = LINE('',#7421,#7422);
#7421 = CARTESIAN_POINT('',(-1.E-04,1.6E-04));
#7422 = VECTOR('',#7423,1.);
#7423 = DIRECTION('',(1.,0.));
#7424 = ( GEOMETRIC_REPRESENTATION_CONTEXT(2) 
PARAMETRIC_REPRESENTATION_CONTEXT() REPRESENTATION_CONTEXT('2D SPACE',''
  ) );
#7425 = ORIENTED_EDGE('',*,*,#7426,.F.);
#7426 = EDGE_CURVE('',#7142,#7404,#7427,.T.);
#7427 = SURFACE_CURVE('',#7428,(#7432,#7439),.PCURVE_S1.);
#7428 = LINE('',#7429,#7430);
#7429 = CARTESIAN_POINT('',(1.6E-03,1.6E-04,7.2E-04));
#7430 = VECTOR('',#7431,1.E-03);
#7431 = DIRECTION('',(0.,0.,1.));
#7432 = PCURVE('',#7157,#7433);
#7433 = DEFINITIONAL_REPRESENTATION('',(#7434),#7438);
#7434 = LINE('',#7435,#7436);
#7435 = CARTESIAN_POINT('',(-6.75E-04,-6.E-04));
#7436 = VECTOR('',#7437,1.);
#7437 = DIRECTION('',(1.,0.));
#7438 = ( GEOMETRIC_REPRESENTATION_CONTEXT(2) 
PARAMETRIC_REPRESENTATION_CONTEXT() REPRESENTATION_CONTEXT('2D SPACE',''
  ) );
#7439 = PCURVE('',#6908,#7440);
#7440 = DEFINITIONAL_REPRESENTATION('',(#7441),#7445);
#7441 = LINE('',#7442,#7443);
#7442 = CARTESIAN_POINT('',(-6.E-04,-1.6E-04));
#7443 = VECTOR('',#7444,1.);
#7444 = DIRECTION('',(1.,0.));
#7445 = ( GEOMETRIC_REPRESENTATION_CONTEXT(2) 
PARAMETRIC_REPRESENTATION_CONTEXT() REPRESENTATION_CONTEXT('2D SPACE',''
  ) );
#7446 = ADVANCED_FACE('',(#7447),#7076,.T.);
#7447 = FACE_BOUND('',#7448,.T.);
#7448 = EDGE_LOOP('',(#7449,#7450,#7471,#7472));
#7449 = ORIENTED_EDGE('',*,*,#7060,.F.);
#7450 = ORIENTED_EDGE('',*,*,#7451,.T.);
#7451 = EDGE_CURVE('',#7033,#7289,#7452,.T.);
#7452 = SURFACE_CURVE('',#7453,(#7457,#7464),.PCURVE_S1.);
#7453 = LINE('',#7454,#7455);
#7454 = CARTESIAN_POINT('',(2.8E-03,-1.6E-04,1.92E-03));
#7455 = VECTOR('',#7456,1.E-03);
#7456 = DIRECTION('',(0.,1.,0.));
#7457 = PCURVE('',#7076,#7458);
#7458 = DEFINITIONAL_REPRESENTATION('',(#7459),#7463);
#7459 = LINE('',#7460,#7461);
#7460 = CARTESIAN_POINT('',(-6.E-04,1.6E-04));
#7461 = VECTOR('',#7462,1.);
#7462 = DIRECTION('',(0.,-1.));
#7463 = ( GEOMETRIC_REPRESENTATION_CONTEXT(2) 
PARAMETRIC_REPRESENTATION_CONTEXT() REPRESENTATION_CONTEXT('2D SPACE',''
  ) );
#7464 = PCURVE('',#7048,#7465);
#7465 = DEFINITIONAL_REPRESENTATION('',(#7466),#7470);
#7466 = LINE('',#7467,#7468);
#7467 = CARTESIAN_POINT('',(-1.E-04,-1.6E-04));
#7468 = VECTOR('',#7469,1.);
#7469 = DIRECTION('',(0.,1.));
#7470 = ( GEOMETRIC_REPRESENTATION_CONTEXT(2) 
PARAMETRIC_REPRESENTATION_CONTEXT() REPRESENTATION_CONTEXT('2D SPACE',''
  ) );
#7471 = ORIENTED_EDGE('',*,*,#7288,.F.);
#7472 = ORIENTED_EDGE('',*,*,#7118,.F.);
#7473 = ADVANCED_FACE('',(#7474),#7048,.T.);
#7474 = FACE_BOUND('',#7475,.T.);
#7475 = EDGE_LOOP('',(#7476,#7477,#7498,#7499));
#7476 = ORIENTED_EDGE('',*,*,#7032,.F.);
#7477 = ORIENTED_EDGE('',*,*,#7478,.T.);
#7478 = EDGE_CURVE('',#7005,#7312,#7479,.T.);
#7479 = SURFACE_CURVE('',#7480,(#7484,#7491),.PCURVE_S1.);
#7480 = LINE('',#7481,#7482);
#7481 = CARTESIAN_POINT('',(3.E-03,-1.6E-04,1.92E-03));
#7482 = VECTOR('',#7483,1.E-03);
#7483 = DIRECTION('',(0.,1.,0.));
#7484 = PCURVE('',#7048,#7485);
#7485 = DEFINITIONAL_REPRESENTATION('',(#7486),#7490);
#7486 = LINE('',#7487,#7488);
#7487 = CARTESIAN_POINT('',(1.E-04,-1.6E-04));
#7488 = VECTOR('',#7489,1.);
#7489 = DIRECTION('',(0.,1.));
#7490 = ( GEOMETRIC_REPRESENTATION_CONTEXT(2) 
PARAMETRIC_REPRESENTATION_CONTEXT() REPRESENTATION_CONTEXT('2D SPACE',''
  ) );
#7491 = PCURVE('',#7020,#7492);
#7492 = DEFINITIONAL_REPRESENTATION('',(#7493),#7497);
#7493 = LINE('',#7494,#7495);
#7494 = CARTESIAN_POINT('',(6.E-05,1.6E-04));
#7495 = VECTOR('',#7496,1.);
#7496 = DIRECTION('',(0.,-1.));
#7497 = ( GEOMETRIC_REPRESENTATION_CONTEXT(2) 
PARAMETRIC_REPRESENTATION_CONTEXT() REPRESENTATION_CONTEXT('2D SPACE',''
  ) );
#7498 = ORIENTED_EDGE('',*,*,#7311,.F.);
#7499 = ORIENTED_EDGE('',*,*,#7451,.F.);
#7500 = ADVANCED_FACE('',(#7501),#7020,.T.);
#7501 = FACE_BOUND('',#7502,.T.);
#7502 = EDGE_LOOP('',(#7503,#7504,#7525,#7526));
#7503 = ORIENTED_EDGE('',*,*,#7004,.F.);
#7504 = ORIENTED_EDGE('',*,*,#7505,.T.);
#7505 = EDGE_CURVE('',#6977,#7335,#7506,.T.);
#7506 = SURFACE_CURVE('',#7507,(#7511,#7518),.PCURVE_S1.);
#7507 = LINE('',#7508,#7509);
#7508 = CARTESIAN_POINT('',(3.E-03,-1.6E-04,2.04E-03));
#7509 = VECTOR('',#7510,1.E-03);
#7510 = DIRECTION('',(0.,1.,0.));
#7511 = PCURVE('',#7020,#7512);
#7512 = DEFINITIONAL_REPRESENTATION('',(#7513),#7517);
#7513 = LINE('',#7514,#7515);
#7514 = CARTESIAN_POINT('',(-6.E-05,1.6E-04));
#7515 = VECTOR('',#7516,1.);
#7516 = DIRECTION('',(0.,-1.));
#7517 = ( GEOMETRIC_REPRESENTATION_CONTEXT(2) 
PARAMETRIC_REPRESENTATION_CONTEXT() REPRESENTATION_CONTEXT('2D SPACE',''
  ) );
#7518 = PCURVE('',#6992,#7519);
#7519 = DEFINITIONAL_REPRESENTATION('',(#7520),#7524);
#7520 = LINE('',#7521,#7522);
#7521 = CARTESIAN_POINT('',(-8.E-04,-1.6E-04));
#7522 = VECTOR('',#7523,1.);
#7523 = DIRECTION('',(0.,1.));
#7524 = ( GEOMETRIC_REPRESENTATION_CONTEXT(2) 
PARAMETRIC_REPRESENTATION_CONTEXT() REPRESENTATION_CONTEXT('2D SPACE',''
  ) );
#7525 = ORIENTED_EDGE('',*,*,#7334,.F.);
#7526 = ORIENTED_EDGE('',*,*,#7478,.F.);
#7527 = ADVANCED_FACE('',(#7528),#6992,.T.);
#7528 = FACE_BOUND('',#7529,.T.);
#7529 = EDGE_LOOP('',(#7530,#7531,#7552,#7553));
#7530 = ORIENTED_EDGE('',*,*,#6976,.F.);
#7531 = ORIENTED_EDGE('',*,*,#7532,.T.);
#7532 = EDGE_CURVE('',#6949,#7358,#7533,.T.);
#7533 = SURFACE_CURVE('',#7534,(#7538,#7545),.PCURVE_S1.);
#7534 = LINE('',#7535,#7536);
#7535 = CARTESIAN_POINT('',(1.4E-03,-1.6E-04,2.04E-03));
#7536 = VECTOR('',#7537,1.E-03);
#7537 = DIRECTION('',(0.,1.,0.));
#7538 = PCURVE('',#6992,#7539);
#7539 = DEFINITIONAL_REPRESENTATION('',(#7540),#7544);
#7540 = LINE('',#7541,#7542);
#7541 = CARTESIAN_POINT('',(8.E-04,-1.6E-04));
#7542 = VECTOR('',#7543,1.);
#7543 = DIRECTION('',(0.,1.));
#7544 = ( GEOMETRIC_REPRESENTATION_CONTEXT(2) 
PARAMETRIC_REPRESENTATION_CONTEXT() REPRESENTATION_CONTEXT('2D SPACE',''
  ) );
#7545 = PCURVE('',#6964,#7546);
#7546 = DEFINITIONAL_REPRESENTATION('',(#7547),#7551);
#7547 = LINE('',#7548,#7549);
#7548 = CARTESIAN_POINT('',(6.E-05,1.6E-04));
#7549 = VECTOR('',#7550,1.);
#7550 = DIRECTION('',(0.,-1.));
#7551 = ( GEOMETRIC_REPRESENTATION_CONTEXT(2) 
PARAMETRIC_REPRESENTATION_CONTEXT() REPRESENTATION_CONTEXT('2D SPACE',''
  ) );
#7552 = ORIENTED_EDGE('',*,*,#7357,.F.);
#7553 = ORIENTED_EDGE('',*,*,#7505,.F.);
#7554 = ADVANCED_FACE('',(#7555),#6964,.T.);
#7555 = FACE_BOUND('',#7556,.T.);
#7556 = EDGE_LOOP('',(#7557,#7558,#7579,#7580));
#7557 = ORIENTED_EDGE('',*,*,#6948,.F.);
#7558 = ORIENTED_EDGE('',*,*,#7559,.T.);
#7559 = EDGE_CURVE('',#6921,#7381,#7560,.T.);
#7560 = SURFACE_CURVE('',#7561,(#7565,#7572),.PCURVE_S1.);
#7561 = LINE('',#7562,#7563);
#7562 = CARTESIAN_POINT('',(1.4E-03,-1.6E-04,1.92E-03));
#7563 = VECTOR('',#7564,1.E-03);
#7564 = DIRECTION('',(0.,1.,0.));
#7565 = PCURVE('',#6964,#7566);
#7566 = DEFINITIONAL_REPRESENTATION('',(#7567),#7571);
#7567 = LINE('',#7568,#7569);
#7568 = CARTESIAN_POINT('',(-6.E-05,1.6E-04));
#7569 = VECTOR('',#7570,1.);
#7570 = DIRECTION('',(0.,-1.));
#7571 = ( GEOMETRIC_REPRESENTATION_CONTEXT(2) 
PARAMETRIC_REPRESENTATION_CONTEXT() REPRESENTATION_CONTEXT('2D SPACE',''
  ) );
#7572 = PCURVE('',#6936,#7573);
#7573 = DEFINITIONAL_REPRESENTATION('',(#7574),#7578);
#7574 = LINE('',#7575,#7576);
#7575 = CARTESIAN_POINT('',(-1.E-04,-1.6E-04));
#7576 = VECTOR('',#7577,1.);
#7577 = DIRECTION('',(0.,1.));
#7578 = ( GEOMETRIC_REPRESENTATION_CONTEXT(2) 
PARAMETRIC_REPRESENTATION_CONTEXT() REPRESENTATION_CONTEXT('2D SPACE',''
  ) );
#7579 = ORIENTED_EDGE('',*,*,#7380,.F.);
#7580 = ORIENTED_EDGE('',*,*,#7532,.F.);
#7581 = ADVANCED_FACE('',(#7582),#6936,.T.);
#7582 = FACE_BOUND('',#7583,.T.);
#7583 = EDGE_LOOP('',(#7584,#7585,#7606,#7607));
#7584 = ORIENTED_EDGE('',*,*,#6920,.F.);
#7585 = ORIENTED_EDGE('',*,*,#7586,.T.);
#7586 = EDGE_CURVE('',#6893,#7404,#7587,.T.);
#7587 = SURFACE_CURVE('',#7588,(#7592,#7599),.PCURVE_S1.);
#7588 = LINE('',#7589,#7590);
#7589 = CARTESIAN_POINT('',(1.6E-03,-1.6E-04,1.92E-03));
#7590 = VECTOR('',#7591,1.E-03);
#7591 = DIRECTION('',(0.,1.,0.));
#7592 = PCURVE('',#6936,#7593);
#7593 = DEFINITIONAL_REPRESENTATION('',(#7594),#7598);
#7594 = LINE('',#7595,#7596);
#7595 = CARTESIAN_POINT('',(1.E-04,-1.6E-04));
#7596 = VECTOR('',#7597,1.);
#7597 = DIRECTION('',(0.,1.));
#7598 = ( GEOMETRIC_REPRESENTATION_CONTEXT(2) 
PARAMETRIC_REPRESENTATION_CONTEXT() REPRESENTATION_CONTEXT('2D SPACE',''
  ) );
#7599 = PCURVE('',#6908,#7600);
#7600 = DEFINITIONAL_REPRESENTATION('',(#7601),#7605);
#7601 = LINE('',#7602,#7603);
#7602 = CARTESIAN_POINT('',(6.E-04,1.6E-04));
#7603 = VECTOR('',#7604,1.);
#7604 = DIRECTION('',(0.,-1.));
#7605 = ( GEOMETRIC_REPRESENTATION_CONTEXT(2) 
PARAMETRIC_REPRESENTATION_CONTEXT() REPRESENTATION_CONTEXT('2D SPACE',''
  ) );
#7606 = ORIENTED_EDGE('',*,*,#7403,.F.);
#7607 = ORIENTED_EDGE('',*,*,#7559,.F.);
#7608 = ADVANCED_FACE('',(#7609),#6908,.T.);
#7609 = FACE_BOUND('',#7610,.T.);
#7610 = EDGE_LOOP('',(#7611,#7612,#7613,#7614));
#7611 = ORIENTED_EDGE('',*,*,#6890,.F.);
#7612 = ORIENTED_EDGE('',*,*,#7169,.T.);
#7613 = ORIENTED_EDGE('',*,*,#7426,.T.);
#7614 = ORIENTED_EDGE('',*,*,#7586,.F.);
#7615 = ADVANCED_FACE('',(#7616),#6876,.T.);
#7616 = FACE_BOUND('',#7617,.T.);
#7617 = EDGE_LOOP('',(#7618,#7619,#7640,#7641));
#7618 = ORIENTED_EDGE('',*,*,#6862,.T.);
#7619 = ORIENTED_EDGE('',*,*,#7620,.T.);
#7620 = EDGE_CURVE('',#6835,#7196,#7621,.T.);
#7621 = SURFACE_CURVE('',#7622,(#7626,#7633),.PCURVE_S1.);
#7622 = LINE('',#7623,#7624);
#7623 = CARTESIAN_POINT('',(3.2E-04,-1.6E-04,2.79E-03));
#7624 = VECTOR('',#7625,1.E-03);
#7625 = DIRECTION('',(-0.707106781187,0.707106781187,0.));
#7626 = PCURVE('',#6876,#7627);
#7627 = DEFINITIONAL_REPRESENTATION('',(#7628),#7632);
#7628 = LINE('',#7629,#7630);
#7629 = CARTESIAN_POINT('',(-2.262741699797E-04,-1.395E-03));
#7630 = VECTOR('',#7631,1.);
#7631 = DIRECTION('',(1.,0.));
#7632 = ( GEOMETRIC_REPRESENTATION_CONTEXT(2) 
PARAMETRIC_REPRESENTATION_CONTEXT() REPRESENTATION_CONTEXT('2D SPACE',''
  ) );
#7633 = PCURVE('',#6850,#7634);
#7634 = DEFINITIONAL_REPRESENTATION('',(#7635),#7639);
#7635 = LINE('',#7636,#7637);
#7636 = CARTESIAN_POINT('',(-1.88E-03,-1.6E-04));
#7637 = VECTOR('',#7638,1.);
#7638 = DIRECTION('',(-0.707106781187,0.707106781187));
#7639 = ( GEOMETRIC_REPRESENTATION_CONTEXT(2) 
PARAMETRIC_REPRESENTATION_CONTEXT() REPRESENTATION_CONTEXT('2D SPACE',''
  ) );
#7640 = ORIENTED_EDGE('',*,*,#7193,.F.);
#7641 = ORIENTED_EDGE('',*,*,#7642,.F.);
#7642 = EDGE_CURVE('',#6772,#7194,#7643,.T.);
#7643 = SURFACE_CURVE('',#7644,(#7648,#7655),.PCURVE_S1.);
#7644 = LINE('',#7645,#7646);
#7645 = CARTESIAN_POINT('',(3.2E-04,-1.6E-04,0.));
#7646 = VECTOR('',#7647,1.E-03);
#7647 = DIRECTION('',(-0.707106781187,0.707106781187,0.));
#7648 = PCURVE('',#6876,#7649);
#7649 = DEFINITIONAL_REPRESENTATION('',(#7650),#7654);
#7650 = LINE('',#7651,#7652);
#7651 = CARTESIAN_POINT('',(-2.262741699797E-04,1.395E-03));
#7652 = VECTOR('',#7653,1.);
#7653 = DIRECTION('',(1.,0.));
#7654 = ( GEOMETRIC_REPRESENTATION_CONTEXT(2) 
PARAMETRIC_REPRESENTATION_CONTEXT() REPRESENTATION_CONTEXT('2D SPACE',''
  ) );
#7655 = PCURVE('',#6794,#7656);
#7656 = DEFINITIONAL_REPRESENTATION('',(#7657),#7661);
#7657 = LINE('',#7658,#7659);
#7658 = CARTESIAN_POINT('',(1.88E-03,-1.6E-04));
#7659 = VECTOR('',#7660,1.);
#7660 = DIRECTION('',(0.707106781187,0.707106781187));
#7661 = ( GEOMETRIC_REPRESENTATION_CONTEXT(2) 
PARAMETRIC_REPRESENTATION_CONTEXT() REPRESENTATION_CONTEXT('2D SPACE',''
  ) );
#7662 = ADVANCED_FACE('',(#7663),#6850,.T.);
#7663 = FACE_BOUND('',#7664,.T.);
#7664 = EDGE_LOOP('',(#7665,#7666,#7687,#7688));
#7665 = ORIENTED_EDGE('',*,*,#6834,.F.);
#7666 = ORIENTED_EDGE('',*,*,#7667,.T.);
#7667 = EDGE_CURVE('',#6807,#7219,#7668,.T.);
#7668 = SURFACE_CURVE('',#7669,(#7673,#7680),.PCURVE_S1.);
#7669 = LINE('',#7670,#7671);
#7670 = CARTESIAN_POINT('',(4.08E-03,-1.6E-04,2.79E-03));
#7671 = VECTOR('',#7672,1.E-03);
#7672 = DIRECTION('',(0.707106781187,0.707106781187,0.));
#7673 = PCURVE('',#6850,#7674);
#7674 = DEFINITIONAL_REPRESENTATION('',(#7675),#7679);
#7675 = LINE('',#7676,#7677);
#7676 = CARTESIAN_POINT('',(1.88E-03,-1.6E-04));
#7677 = VECTOR('',#7678,1.);
#7678 = DIRECTION('',(0.707106781187,0.707106781187));
#7679 = ( GEOMETRIC_REPRESENTATION_CONTEXT(2) 
PARAMETRIC_REPRESENTATION_CONTEXT() REPRESENTATION_CONTEXT('2D SPACE',''
  ) );
#7680 = PCURVE('',#6822,#7681);
#7681 = DEFINITIONAL_REPRESENTATION('',(#7682),#7686);
#7682 = LINE('',#7683,#7684);
#7683 = CARTESIAN_POINT('',(2.262741699797E-04,-1.395E-03));
#7684 = VECTOR('',#7685,1.);
#7685 = DIRECTION('',(-1.,0.));
#7686 = ( GEOMETRIC_REPRESENTATION_CONTEXT(2) 
PARAMETRIC_REPRESENTATION_CONTEXT() REPRESENTATION_CONTEXT('2D SPACE',''
  ) );
#7687 = ORIENTED_EDGE('',*,*,#7218,.F.);
#7688 = ORIENTED_EDGE('',*,*,#7620,.F.);
#7689 = ADVANCED_FACE('',(#7690),#6822,.T.);
#7690 = FACE_BOUND('',#7691,.T.);
#7691 = EDGE_LOOP('',(#7692,#7693,#7714,#7715));
#7692 = ORIENTED_EDGE('',*,*,#6806,.F.);
#7693 = ORIENTED_EDGE('',*,*,#7694,.T.);
#7694 = EDGE_CURVE('',#6774,#7242,#7695,.T.);
#7695 = SURFACE_CURVE('',#7696,(#7700,#7707),.PCURVE_S1.);
#7696 = LINE('',#7697,#7698);
#7697 = CARTESIAN_POINT('',(4.08E-03,-1.6E-04,0.));
#7698 = VECTOR('',#7699,1.E-03);
#7699 = DIRECTION('',(0.707106781187,0.707106781187,0.));
#7700 = PCURVE('',#6822,#7701);
#7701 = DEFINITIONAL_REPRESENTATION('',(#7702),#7706);
#7702 = LINE('',#7703,#7704);
#7703 = CARTESIAN_POINT('',(2.262741699797E-04,1.395E-03));
#7704 = VECTOR('',#7705,1.);
#7705 = DIRECTION('',(-1.,0.));
#7706 = ( GEOMETRIC_REPRESENTATION_CONTEXT(2) 
PARAMETRIC_REPRESENTATION_CONTEXT() REPRESENTATION_CONTEXT('2D SPACE',''
  ) );
#7707 = PCURVE('',#6794,#7708);
#7708 = DEFINITIONAL_REPRESENTATION('',(#7709),#7713);
#7709 = LINE('',#7710,#7711);
#7710 = CARTESIAN_POINT('',(-1.88E-03,-1.6E-04));
#7711 = VECTOR('',#7712,1.);
#7712 = DIRECTION('',(-0.707106781187,0.707106781187));
#7713 = ( GEOMETRIC_REPRESENTATION_CONTEXT(2) 
PARAMETRIC_REPRESENTATION_CONTEXT() REPRESENTATION_CONTEXT('2D SPACE',''
  ) );
#7714 = ORIENTED_EDGE('',*,*,#7241,.F.);
#7715 = ORIENTED_EDGE('',*,*,#7667,.F.);
#7716 = ADVANCED_FACE('',(#7717),#6794,.T.);
#7717 = FACE_BOUND('',#7718,.T.);
#7718 = EDGE_LOOP('',(#7719,#7720,#7721,#7722));
#7719 = ORIENTED_EDGE('',*,*,#6771,.F.);
#7720 = ORIENTED_EDGE('',*,*,#7642,.T.);
#7721 = ORIENTED_EDGE('',*,*,#7264,.T.);
#7722 = ORIENTED_EDGE('',*,*,#7694,.F.);
#7723 = ( GEOMETRIC_REPRESENTATION_CONTEXT(3) 
GLOBAL_UNCERTAINTY_ASSIGNED_CONTEXT((#7727)) 
GLOBAL_UNIT_ASSIGNED_CONTEXT((#7724,#7725,#7726)) REPRESENTATION_CONTEXT
('Context #1','3D Context with UNIT and UNCERTAINTY') );
#7724 = ( LENGTH_UNIT() NAMED_UNIT(*) SI_UNIT($,.METRE.) );
#7725 = ( NAMED_UNIT(*) PLANE_ANGLE_UNIT() SI_UNIT($,.RADIAN.) );
#7726 = ( NAMED_UNIT(*) SI_UNIT($,.STERADIAN.) SOLID_ANGLE_UNIT() );
#7727 = UNCERTAINTY_MEASURE_WITH_UNIT(LENGTH_MEASURE(5.E-09),#7724,
  'distance_accuracy_value','confusion accuracy');
#7728 = CONTEXT_DEPENDENT_SHAPE_REPRESENTATION(#7729,#7731);
#7729 = ( REPRESENTATION_RELATIONSHIP('','',#6764,#6735) 
REPRESENTATION_RELATIONSHIP_WITH_TRANSFORMATION(#7730) 
SHAPE_REPRESENTATION_RELATIONSHIP() );
#7730 = ITEM_DEFINED_TRANSFORMATION('','',#11,#6736);
#7731 = PRODUCT_DEFINITION_SHAPE('Placement','Placement of an item',
  #7732);
#7732 = NEXT_ASSEMBLY_USAGE_OCCURRENCE('1','','',#6730,#6759,$);
#7733 = CC_DESIGN_SECURITY_CLASSIFICATION(#7734,(#7732));
#7734 = SECURITY_CLASSIFICATION('','',#365);
#7735 = CC_DESIGN_PERSON_AND_ORGANIZATION_ASSIGNMENT(#354,#363,(#7734));
#7736 = CC_DESIGN_DATE_AND_TIME_ASSIGNMENT(#368,#374,(#7734));
#7737 = CC_DESIGN_APPROVAL(#376,(#7734));
#7738 = PRODUCT_RELATED_PRODUCT_CATEGORY('detail',$,(#6761));
#7739 = PRODUCT_CATEGORY_RELATIONSHIP('','',#7740,#7738);
#7740 = PRODUCT_CATEGORY('part',$);
#7741 = CC_DESIGN_PERSON_AND_ORGANIZATION_ASSIGNMENT(#354,#357,(#6760,
    #6759));
#7742 = CC_DESIGN_PERSON_AND_ORGANIZATION_ASSIGNMENT(#354,#359,(#6761));
#7743 = CC_DESIGN_PERSON_AND_ORGANIZATION_ASSIGNMENT(#354,#361,(#6760));
#7744 = CC_DESIGN_PERSON_AND_ORGANIZATION_ASSIGNMENT(#354,#363,(#7745));
#7745 = SECURITY_CLASSIFICATION('','',#365);
#7746 = CC_DESIGN_SECURITY_CLASSIFICATION(#7745,(#6760));
#7747 = CC_DESIGN_DATE_AND_TIME_ASSIGNMENT(#368,#372,(#6759));
#7748 = CC_DESIGN_DATE_AND_TIME_ASSIGNMENT(#368,#374,(#7745));
#7749 = CC_DESIGN_APPROVAL(#376,(#6760,#6759,#7745));
#7750 = SHAPE_DEFINITION_REPRESENTATION(#7751,#7757);
#7751 = PRODUCT_DEFINITION_SHAPE('','',#7752);
#7752 = PRODUCT_DEFINITION('design','',#7753,#7756);
#7753 = PRODUCT_DEFINITION_FORMATION_WITH_SPECIFIED_SOURCE('','',#7754,
  .NOT_KNOWN.);
#7754 = PRODUCT('DoubleLeafMasonry_0.32_m 20',
  'DoubleLeafMasonry_0.32_m 20','',(#7755));
#7755 = MECHANICAL_CONTEXT('',#2,'mechanical');
#7756 = DESIGN_CONTEXT('',#2,'design');
#7757 = ADVANCED_BREP_SHAPE_REPRESENTATION('',(#11,#7758),#8088);
#7758 = MANIFOLD_SOLID_BREP('DoubleLeafMasonry_0.32_m',#7759);
#7759 = CLOSED_SHELL('',(#7760,#7880,#7956,#8027,#8074,#8081));
#7760 = ADVANCED_FACE('',(#7761),#7775,.F.);
#7761 = FACE_BOUND('',#7762,.F.);
#7762 = EDGE_LOOP('',(#7763,#7798,#7826,#7854));
#7763 = ORIENTED_EDGE('',*,*,#7764,.T.);
#7764 = EDGE_CURVE('',#7765,#7767,#7769,.T.);
#7765 = VERTEX_POINT('',#7766);
#7766 = CARTESIAN_POINT('',(5.155E-03,5.480624220212E-03,-1.E-04));
#7767 = VERTEX_POINT('',#7768);
#7768 = CARTESIAN_POINT('',(5.155E-03,5.480624220212E-03,2.69E-03));
#7769 = SURFACE_CURVE('',#7770,(#7774,#7786),.PCURVE_S1.);
#7770 = LINE('',#7771,#7772);
#7771 = CARTESIAN_POINT('',(5.155E-03,5.480624220212E-03,-1.E-04));
#7772 = VECTOR('',#7773,1.E-03);
#7773 = DIRECTION('',(0.,0.,1.));
#7774 = PCURVE('',#7775,#7780);
#7775 = PLANE('',#7776);
#7776 = AXIS2_PLACEMENT_3D('',#7777,#7778,#7779);
#7777 = CARTESIAN_POINT('',(5.155E-03,5.480624220212E-03,-1.E-04));
#7778 = DIRECTION('',(-0.707106781187,0.707106781187,0.));
#7779 = DIRECTION('',(0.707106781187,0.707106781187,0.));
#7780 = DEFINITIONAL_REPRESENTATION('',(#7781),#7785);
#7781 = LINE('',#7782,#7783);
#7782 = CARTESIAN_POINT('',(0.,0.));
#7783 = VECTOR('',#7784,1.);
#7784 = DIRECTION('',(0.,-1.));
#7785 = ( GEOMETRIC_REPRESENTATION_CONTEXT(2) 
PARAMETRIC_REPRESENTATION_CONTEXT() REPRESENTATION_CONTEXT('2D SPACE',''
  ) );
#7786 = PCURVE('',#7787,#7792);
#7787 = PLANE('',#7788);
#7788 = AXIS2_PLACEMENT_3D('',#7789,#7790,#7791);
#7789 = CARTESIAN_POINT('',(1.395E-03,5.480624220212E-03,-1.E-04));
#7790 = DIRECTION('',(0.,1.,0.));
#7791 = DIRECTION('',(1.,0.,0.));
#7792 = DEFINITIONAL_REPRESENTATION('',(#7793),#7797);
#7793 = LINE('',#7794,#7795);
#7794 = CARTESIAN_POINT('',(3.76E-03,0.));
#7795 = VECTOR('',#7796,1.);
#7796 = DIRECTION('',(0.,-1.));
#7797 = ( GEOMETRIC_REPRESENTATION_CONTEXT(2) 
PARAMETRIC_REPRESENTATION_CONTEXT() REPRESENTATION_CONTEXT('2D SPACE',''
  ) );
#7798 = ORIENTED_EDGE('',*,*,#7799,.T.);
#7799 = EDGE_CURVE('',#7767,#7800,#7802,.T.);
#7800 = VERTEX_POINT('',#7801);
#7801 = CARTESIAN_POINT('',(5.475E-03,5.800624220212E-03,2.69E-03));
#7802 = SURFACE_CURVE('',#7803,(#7807,#7814),.PCURVE_S1.);
#7803 = LINE('',#7804,#7805);
#7804 = CARTESIAN_POINT('',(5.155E-03,5.480624220212E-03,2.69E-03));
#7805 = VECTOR('',#7806,1.E-03);
#7806 = DIRECTION('',(0.707106781187,0.707106781187,0.));
#7807 = PCURVE('',#7775,#7808);
#7808 = DEFINITIONAL_REPRESENTATION('',(#7809),#7813);
#7809 = LINE('',#7810,#7811);
#7810 = CARTESIAN_POINT('',(0.,-2.79E-03));
#7811 = VECTOR('',#7812,1.);
#7812 = DIRECTION('',(1.,0.));
#7813 = ( GEOMETRIC_REPRESENTATION_CONTEXT(2) 
PARAMETRIC_REPRESENTATION_CONTEXT() REPRESENTATION_CONTEXT('2D SPACE',''
  ) );
#7814 = PCURVE('',#7815,#7820);
#7815 = PLANE('',#7816);
#7816 = AXIS2_PLACEMENT_3D('',#7817,#7818,#7819);
#7817 = CARTESIAN_POINT('',(3.275E-03,5.640624220212E-03,2.69E-03));
#7818 = DIRECTION('',(0.,0.,1.));
#7819 = DIRECTION('',(1.,0.,0.));
#7820 = DEFINITIONAL_REPRESENTATION('',(#7821),#7825);
#7821 = LINE('',#7822,#7823);
#7822 = CARTESIAN_POINT('',(1.88E-03,-1.6E-04));
#7823 = VECTOR('',#7824,1.);
#7824 = DIRECTION('',(0.707106781187,0.707106781187));
#7825 = ( GEOMETRIC_REPRESENTATION_CONTEXT(2) 
PARAMETRIC_REPRESENTATION_CONTEXT() REPRESENTATION_CONTEXT('2D SPACE',''
  ) );
#7826 = ORIENTED_EDGE('',*,*,#7827,.F.);
#7827 = EDGE_CURVE('',#7828,#7800,#7830,.T.);
#7828 = VERTEX_POINT('',#7829);
#7829 = CARTESIAN_POINT('',(5.475E-03,5.800624220212E-03,-1.E-04));
#7830 = SURFACE_CURVE('',#7831,(#7835,#7842),.PCURVE_S1.);
#7831 = LINE('',#7832,#7833);
#7832 = CARTESIAN_POINT('',(5.475E-03,5.800624220212E-03,-1.E-04));
#7833 = VECTOR('',#7834,1.E-03);
#7834 = DIRECTION('',(0.,0.,1.));
#7835 = PCURVE('',#7775,#7836);
#7836 = DEFINITIONAL_REPRESENTATION('',(#7837),#7841);
#7837 = LINE('',#7838,#7839);
#7838 = CARTESIAN_POINT('',(4.525483399594E-04,0.));
#7839 = VECTOR('',#7840,1.);
#7840 = DIRECTION('',(0.,-1.));
#7841 = ( GEOMETRIC_REPRESENTATION_CONTEXT(2) 
PARAMETRIC_REPRESENTATION_CONTEXT() REPRESENTATION_CONTEXT('2D SPACE',''
  ) );
#7842 = PCURVE('',#7843,#7848);
#7843 = PLANE('',#7844);
#7844 = AXIS2_PLACEMENT_3D('',#7845,#7846,#7847);
#7845 = CARTESIAN_POINT('',(5.475E-03,5.800624220212E-03,-1.E-04));
#7846 = DIRECTION('',(0.,-1.,0.));
#7847 = DIRECTION('',(-1.,0.,0.));
#7848 = DEFINITIONAL_REPRESENTATION('',(#7849),#7853);
#7849 = LINE('',#7850,#7851);
#7850 = CARTESIAN_POINT('',(0.,-0.));
#7851 = VECTOR('',#7852,1.);
#7852 = DIRECTION('',(0.,-1.));
#7853 = ( GEOMETRIC_REPRESENTATION_CONTEXT(2) 
PARAMETRIC_REPRESENTATION_CONTEXT() REPRESENTATION_CONTEXT('2D SPACE',''
  ) );
#7854 = ORIENTED_EDGE('',*,*,#7855,.F.);
#7855 = EDGE_CURVE('',#7765,#7828,#7856,.T.);
#7856 = SURFACE_CURVE('',#7857,(#7861,#7868),.PCURVE_S1.);
#7857 = LINE('',#7858,#7859);
#7858 = CARTESIAN_POINT('',(5.155E-03,5.480624220212E-03,-1.E-04));
#7859 = VECTOR('',#7860,1.E-03);
#7860 = DIRECTION('',(0.707106781187,0.707106781187,0.));
#7861 = PCURVE('',#7775,#7862);
#7862 = DEFINITIONAL_REPRESENTATION('',(#7863),#7867);
#7863 = LINE('',#7864,#7865);
#7864 = CARTESIAN_POINT('',(0.,0.));
#7865 = VECTOR('',#7866,1.);
#7866 = DIRECTION('',(1.,0.));
#7867 = ( GEOMETRIC_REPRESENTATION_CONTEXT(2) 
PARAMETRIC_REPRESENTATION_CONTEXT() REPRESENTATION_CONTEXT('2D SPACE',''
  ) );
#7868 = PCURVE('',#7869,#7874);
#7869 = PLANE('',#7870);
#7870 = AXIS2_PLACEMENT_3D('',#7871,#7872,#7873);
#7871 = CARTESIAN_POINT('',(3.275E-03,5.640624220212E-03,-1.E-04));
#7872 = DIRECTION('',(0.,0.,1.));
#7873 = DIRECTION('',(1.,0.,0.));
#7874 = DEFINITIONAL_REPRESENTATION('',(#7875),#7879);
#7875 = LINE('',#7876,#7877);
#7876 = CARTESIAN_POINT('',(1.88E-03,-1.6E-04));
#7877 = VECTOR('',#7878,1.);
#7878 = DIRECTION('',(0.707106781187,0.707106781187));
#7879 = ( GEOMETRIC_REPRESENTATION_CONTEXT(2) 
PARAMETRIC_REPRESENTATION_CONTEXT() REPRESENTATION_CONTEXT('2D SPACE',''
  ) );
#7880 = ADVANCED_FACE('',(#7881),#7843,.F.);
#7881 = FACE_BOUND('',#7882,.F.);
#7882 = EDGE_LOOP('',(#7883,#7884,#7907,#7935));
#7883 = ORIENTED_EDGE('',*,*,#7827,.T.);
#7884 = ORIENTED_EDGE('',*,*,#7885,.T.);
#7885 = EDGE_CURVE('',#7800,#7886,#7888,.T.);
#7886 = VERTEX_POINT('',#7887);
#7887 = CARTESIAN_POINT('',(1.075E-03,5.800624220212E-03,2.69E-03));
#7888 = SURFACE_CURVE('',#7889,(#7893,#7900),.PCURVE_S1.);
#7889 = LINE('',#7890,#7891);
#7890 = CARTESIAN_POINT('',(5.475E-03,5.800624220212E-03,2.69E-03));
#7891 = VECTOR('',#7892,1.E-03);
#7892 = DIRECTION('',(-1.,0.,0.));
#7893 = PCURVE('',#7843,#7894);
#7894 = DEFINITIONAL_REPRESENTATION('',(#7895),#7899);
#7895 = LINE('',#7896,#7897);
#7896 = CARTESIAN_POINT('',(0.,-2.79E-03));
#7897 = VECTOR('',#7898,1.);
#7898 = DIRECTION('',(1.,0.));
#7899 = ( GEOMETRIC_REPRESENTATION_CONTEXT(2) 
PARAMETRIC_REPRESENTATION_CONTEXT() REPRESENTATION_CONTEXT('2D SPACE',''
  ) );
#7900 = PCURVE('',#7815,#7901);
#7901 = DEFINITIONAL_REPRESENTATION('',(#7902),#7906);
#7902 = LINE('',#7903,#7904);
#7903 = CARTESIAN_POINT('',(2.2E-03,1.6E-04));
#7904 = VECTOR('',#7905,1.);
#7905 = DIRECTION('',(-1.,0.));
#7906 = ( GEOMETRIC_REPRESENTATION_CONTEXT(2) 
PARAMETRIC_REPRESENTATION_CONTEXT() REPRESENTATION_CONTEXT('2D SPACE',''
  ) );
#7907 = ORIENTED_EDGE('',*,*,#7908,.F.);
#7908 = EDGE_CURVE('',#7909,#7886,#7911,.T.);
#7909 = VERTEX_POINT('',#7910);
#7910 = CARTESIAN_POINT('',(1.075E-03,5.800624220212E-03,-1.E-04));
#7911 = SURFACE_CURVE('',#7912,(#7916,#7923),.PCURVE_S1.);
#7912 = LINE('',#7913,#7914);
#7913 = CARTESIAN_POINT('',(1.075E-03,5.800624220212E-03,-1.E-04));
#7914 = VECTOR('',#7915,1.E-03);
#7915 = DIRECTION('',(0.,0.,1.));
#7916 = PCURVE('',#7843,#7917);
#7917 = DEFINITIONAL_REPRESENTATION('',(#7918),#7922);
#7918 = LINE('',#7919,#7920);
#7919 = CARTESIAN_POINT('',(4.4E-03,0.));
#7920 = VECTOR('',#7921,1.);
#7921 = DIRECTION('',(0.,-1.));
#7922 = ( GEOMETRIC_REPRESENTATION_CONTEXT(2) 
PARAMETRIC_REPRESENTATION_CONTEXT() REPRESENTATION_CONTEXT('2D SPACE',''
  ) );
#7923 = PCURVE('',#7924,#7929);
#7924 = PLANE('',#7925);
#7925 = AXIS2_PLACEMENT_3D('',#7926,#7927,#7928);
#7926 = CARTESIAN_POINT('',(1.075E-03,5.800624220212E-03,-1.E-04));
#7927 = DIRECTION('',(0.707106781187,0.707106781187,0.));
#7928 = DIRECTION('',(0.707106781187,-0.707106781187,0.));
#7929 = DEFINITIONAL_REPRESENTATION('',(#7930),#7934);
#7930 = LINE('',#7931,#7932);
#7931 = CARTESIAN_POINT('',(0.,0.));
#7932 = VECTOR('',#7933,1.);
#7933 = DIRECTION('',(0.,-1.));
#7934 = ( GEOMETRIC_REPRESENTATION_CONTEXT(2) 
PARAMETRIC_REPRESENTATION_CONTEXT() REPRESENTATION_CONTEXT('2D SPACE',''
  ) );
#7935 = ORIENTED_EDGE('',*,*,#7936,.F.);
#7936 = EDGE_CURVE('',#7828,#7909,#7937,.T.);
#7937 = SURFACE_CURVE('',#7938,(#7942,#7949),.PCURVE_S1.);
#7938 = LINE('',#7939,#7940);
#7939 = CARTESIAN_POINT('',(5.475E-03,5.800624220212E-03,-1.E-04));
#7940 = VECTOR('',#7941,1.E-03);
#7941 = DIRECTION('',(-1.,0.,0.));
#7942 = PCURVE('',#7843,#7943);
#7943 = DEFINITIONAL_REPRESENTATION('',(#7944),#7948);
#7944 = LINE('',#7945,#7946);
#7945 = CARTESIAN_POINT('',(0.,-0.));
#7946 = VECTOR('',#7947,1.);
#7947 = DIRECTION('',(1.,0.));
#7948 = ( GEOMETRIC_REPRESENTATION_CONTEXT(2) 
PARAMETRIC_REPRESENTATION_CONTEXT() REPRESENTATION_CONTEXT('2D SPACE',''
  ) );
#7949 = PCURVE('',#7869,#7950);
#7950 = DEFINITIONAL_REPRESENTATION('',(#7951),#7955);
#7951 = LINE('',#7952,#7953);
#7952 = CARTESIAN_POINT('',(2.2E-03,1.6E-04));
#7953 = VECTOR('',#7954,1.);
#7954 = DIRECTION('',(-1.,0.));
#7955 = ( GEOMETRIC_REPRESENTATION_CONTEXT(2) 
PARAMETRIC_REPRESENTATION_CONTEXT() REPRESENTATION_CONTEXT('2D SPACE',''
  ) );
#7956 = ADVANCED_FACE('',(#7957),#7924,.F.);
#7957 = FACE_BOUND('',#7958,.F.);
#7958 = EDGE_LOOP('',(#7959,#7960,#7983,#8006));
#7959 = ORIENTED_EDGE('',*,*,#7908,.T.);
#7960 = ORIENTED_EDGE('',*,*,#7961,.T.);
#7961 = EDGE_CURVE('',#7886,#7962,#7964,.T.);
#7962 = VERTEX_POINT('',#7963);
#7963 = CARTESIAN_POINT('',(1.395E-03,5.480624220212E-03,2.69E-03));
#7964 = SURFACE_CURVE('',#7965,(#7969,#7976),.PCURVE_S1.);
#7965 = LINE('',#7966,#7967);
#7966 = CARTESIAN_POINT('',(1.075E-03,5.800624220212E-03,2.69E-03));
#7967 = VECTOR('',#7968,1.E-03);
#7968 = DIRECTION('',(0.707106781187,-0.707106781187,0.));
#7969 = PCURVE('',#7924,#7970);
#7970 = DEFINITIONAL_REPRESENTATION('',(#7971),#7975);
#7971 = LINE('',#7972,#7973);
#7972 = CARTESIAN_POINT('',(0.,-2.79E-03));
#7973 = VECTOR('',#7974,1.);
#7974 = DIRECTION('',(1.,0.));
#7975 = ( GEOMETRIC_REPRESENTATION_CONTEXT(2) 
PARAMETRIC_REPRESENTATION_CONTEXT() REPRESENTATION_CONTEXT('2D SPACE',''
  ) );
#7976 = PCURVE('',#7815,#7977);
#7977 = DEFINITIONAL_REPRESENTATION('',(#7978),#7982);
#7978 = LINE('',#7979,#7980);
#7979 = CARTESIAN_POINT('',(-2.2E-03,1.6E-04));
#7980 = VECTOR('',#7981,1.);
#7981 = DIRECTION('',(0.707106781187,-0.707106781187));
#7982 = ( GEOMETRIC_REPRESENTATION_CONTEXT(2) 
PARAMETRIC_REPRESENTATION_CONTEXT() REPRESENTATION_CONTEXT('2D SPACE',''
  ) );
#7983 = ORIENTED_EDGE('',*,*,#7984,.F.);
#7984 = EDGE_CURVE('',#7985,#7962,#7987,.T.);
#7985 = VERTEX_POINT('',#7986);
#7986 = CARTESIAN_POINT('',(1.395E-03,5.480624220212E-03,-1.E-04));
#7987 = SURFACE_CURVE('',#7988,(#7992,#7999),.PCURVE_S1.);
#7988 = LINE('',#7989,#7990);
#7989 = CARTESIAN_POINT('',(1.395E-03,5.480624220212E-03,-1.E-04));
#7990 = VECTOR('',#7991,1.E-03);
#7991 = DIRECTION('',(0.,0.,1.));
#7992 = PCURVE('',#7924,#7993);
#7993 = DEFINITIONAL_REPRESENTATION('',(#7994),#7998);
#7994 = LINE('',#7995,#7996);
#7995 = CARTESIAN_POINT('',(4.525483399594E-04,0.));
#7996 = VECTOR('',#7997,1.);
#7997 = DIRECTION('',(0.,-1.));
#7998 = ( GEOMETRIC_REPRESENTATION_CONTEXT(2) 
PARAMETRIC_REPRESENTATION_CONTEXT() REPRESENTATION_CONTEXT('2D SPACE',''
  ) );
#7999 = PCURVE('',#7787,#8000);
#8000 = DEFINITIONAL_REPRESENTATION('',(#8001),#8005);
#8001 = LINE('',#8002,#8003);
#8002 = CARTESIAN_POINT('',(0.,0.));
#8003 = VECTOR('',#8004,1.);
#8004 = DIRECTION('',(0.,-1.));
#8005 = ( GEOMETRIC_REPRESENTATION_CONTEXT(2) 
PARAMETRIC_REPRESENTATION_CONTEXT() REPRESENTATION_CONTEXT('2D SPACE',''
  ) );
#8006 = ORIENTED_EDGE('',*,*,#8007,.F.);
#8007 = EDGE_CURVE('',#7909,#7985,#8008,.T.);
#8008 = SURFACE_CURVE('',#8009,(#8013,#8020),.PCURVE_S1.);
#8009 = LINE('',#8010,#8011);
#8010 = CARTESIAN_POINT('',(1.075E-03,5.800624220212E-03,-1.E-04));
#8011 = VECTOR('',#8012,1.E-03);
#8012 = DIRECTION('',(0.707106781187,-0.707106781187,0.));
#8013 = PCURVE('',#7924,#8014);
#8014 = DEFINITIONAL_REPRESENTATION('',(#8015),#8019);
#8015 = LINE('',#8016,#8017);
#8016 = CARTESIAN_POINT('',(0.,0.));
#8017 = VECTOR('',#8018,1.);
#8018 = DIRECTION('',(1.,0.));
#8019 = ( GEOMETRIC_REPRESENTATION_CONTEXT(2) 
PARAMETRIC_REPRESENTATION_CONTEXT() REPRESENTATION_CONTEXT('2D SPACE',''
  ) );
#8020 = PCURVE('',#7869,#8021);
#8021 = DEFINITIONAL_REPRESENTATION('',(#8022),#8026);
#8022 = LINE('',#8023,#8024);
#8023 = CARTESIAN_POINT('',(-2.2E-03,1.6E-04));
#8024 = VECTOR('',#8025,1.);
#8025 = DIRECTION('',(0.707106781187,-0.707106781187));
#8026 = ( GEOMETRIC_REPRESENTATION_CONTEXT(2) 
PARAMETRIC_REPRESENTATION_CONTEXT() REPRESENTATION_CONTEXT('2D SPACE',''
  ) );
#8027 = ADVANCED_FACE('',(#8028),#7787,.F.);
#8028 = FACE_BOUND('',#8029,.F.);
#8029 = EDGE_LOOP('',(#8030,#8031,#8052,#8053));
#8030 = ORIENTED_EDGE('',*,*,#7984,.T.);
#8031 = ORIENTED_EDGE('',*,*,#8032,.T.);
#8032 = EDGE_CURVE('',#7962,#7767,#8033,.T.);
#8033 = SURFACE_CURVE('',#8034,(#8038,#8045),.PCURVE_S1.);
#8034 = LINE('',#8035,#8036);
#8035 = CARTESIAN_POINT('',(1.395E-03,5.480624220212E-03,2.69E-03));
#8036 = VECTOR('',#8037,1.E-03);
#8037 = DIRECTION('',(1.,0.,0.));
#8038 = PCURVE('',#7787,#8039);
#8039 = DEFINITIONAL_REPRESENTATION('',(#8040),#8044);
#8040 = LINE('',#8041,#8042);
#8041 = CARTESIAN_POINT('',(0.,-2.79E-03));
#8042 = VECTOR('',#8043,1.);
#8043 = DIRECTION('',(1.,0.));
#8044 = ( GEOMETRIC_REPRESENTATION_CONTEXT(2) 
PARAMETRIC_REPRESENTATION_CONTEXT() REPRESENTATION_CONTEXT('2D SPACE',''
  ) );
#8045 = PCURVE('',#7815,#8046);
#8046 = DEFINITIONAL_REPRESENTATION('',(#8047),#8051);
#8047 = LINE('',#8048,#8049);
#8048 = CARTESIAN_POINT('',(-1.88E-03,-1.6E-04));
#8049 = VECTOR('',#8050,1.);
#8050 = DIRECTION('',(1.,0.));
#8051 = ( GEOMETRIC_REPRESENTATION_CONTEXT(2) 
PARAMETRIC_REPRESENTATION_CONTEXT() REPRESENTATION_CONTEXT('2D SPACE',''
  ) );
#8052 = ORIENTED_EDGE('',*,*,#7764,.F.);
#8053 = ORIENTED_EDGE('',*,*,#8054,.F.);
#8054 = EDGE_CURVE('',#7985,#7765,#8055,.T.);
#8055 = SURFACE_CURVE('',#8056,(#8060,#8067),.PCURVE_S1.);
#8056 = LINE('',#8057,#8058);
#8057 = CARTESIAN_POINT('',(1.395E-03,5.480624220212E-03,-1.E-04));
#8058 = VECTOR('',#8059,1.E-03);
#8059 = DIRECTION('',(1.,0.,0.));
#8060 = PCURVE('',#7787,#8061);
#8061 = DEFINITIONAL_REPRESENTATION('',(#8062),#8066);
#8062 = LINE('',#8063,#8064);
#8063 = CARTESIAN_POINT('',(0.,0.));
#8064 = VECTOR('',#8065,1.);
#8065 = DIRECTION('',(1.,0.));
#8066 = ( GEOMETRIC_REPRESENTATION_CONTEXT(2) 
PARAMETRIC_REPRESENTATION_CONTEXT() REPRESENTATION_CONTEXT('2D SPACE',''
  ) );
#8067 = PCURVE('',#7869,#8068);
#8068 = DEFINITIONAL_REPRESENTATION('',(#8069),#8073);
#8069 = LINE('',#8070,#8071);
#8070 = CARTESIAN_POINT('',(-1.88E-03,-1.6E-04));
#8071 = VECTOR('',#8072,1.);
#8072 = DIRECTION('',(1.,0.));
#8073 = ( GEOMETRIC_REPRESENTATION_CONTEXT(2) 
PARAMETRIC_REPRESENTATION_CONTEXT() REPRESENTATION_CONTEXT('2D SPACE',''
  ) );
#8074 = ADVANCED_FACE('',(#8075),#7869,.F.);
#8075 = FACE_BOUND('',#8076,.F.);
#8076 = EDGE_LOOP('',(#8077,#8078,#8079,#8080));
#8077 = ORIENTED_EDGE('',*,*,#7855,.T.);
#8078 = ORIENTED_EDGE('',*,*,#7936,.T.);
#8079 = ORIENTED_EDGE('',*,*,#8007,.T.);
#8080 = ORIENTED_EDGE('',*,*,#8054,.T.);
#8081 = ADVANCED_FACE('',(#8082),#7815,.T.);
#8082 = FACE_BOUND('',#8083,.T.);
#8083 = EDGE_LOOP('',(#8084,#8085,#8086,#8087));
#8084 = ORIENTED_EDGE('',*,*,#7799,.T.);
#8085 = ORIENTED_EDGE('',*,*,#7885,.T.);
#8086 = ORIENTED_EDGE('',*,*,#7961,.T.);
#8087 = ORIENTED_EDGE('',*,*,#8032,.T.);
#8088 = ( GEOMETRIC_REPRESENTATION_CONTEXT(3) 
GLOBAL_UNCERTAINTY_ASSIGNED_CONTEXT((#8092)) 
GLOBAL_UNIT_ASSIGNED_CONTEXT((#8089,#8090,#8091)) REPRESENTATION_CONTEXT
('Context #1','3D Context with UNIT and UNCERTAINTY') );
#8089 = ( LENGTH_UNIT() NAMED_UNIT(*) SI_UNIT($,.METRE.) );
#8090 = ( NAMED_UNIT(*) PLANE_ANGLE_UNIT() SI_UNIT($,.RADIAN.) );
#8091 = ( NAMED_UNIT(*) SI_UNIT($,.STERADIAN.) SOLID_ANGLE_UNIT() );
#8092 = UNCERTAINTY_MEASURE_WITH_UNIT(LENGTH_MEASURE(1.E-08),#8089,
  'distance_accuracy_value','confusion accuracy');
#8093 = PRODUCT_RELATED_PRODUCT_CATEGORY('detail',$,(#7754));
#8094 = PRODUCT_CATEGORY_RELATIONSHIP('','',#8095,#8093);
#8095 = PRODUCT_CATEGORY('part',$);
#8096 = CC_DESIGN_PERSON_AND_ORGANIZATION_ASSIGNMENT(#354,#357,(#7753,
    #7752));
#8097 = CC_DESIGN_PERSON_AND_ORGANIZATION_ASSIGNMENT(#354,#359,(#7754));
#8098 = CC_DESIGN_PERSON_AND_ORGANIZATION_ASSIGNMENT(#354,#361,(#7753));
#8099 = CC_DESIGN_PERSON_AND_ORGANIZATION_ASSIGNMENT(#354,#363,(#8100));
#8100 = SECURITY_CLASSIFICATION('','',#365);
#8101 = CC_DESIGN_SECURITY_CLASSIFICATION(#8100,(#7753));
#8102 = CC_DESIGN_DATE_AND_TIME_ASSIGNMENT(#368,#372,(#7752));
#8103 = CC_DESIGN_DATE_AND_TIME_ASSIGNMENT(#368,#374,(#8100));
#8104 = CC_DESIGN_APPROVAL(#376,(#7753,#7752,#8100));
#8105 = SHAPE_DEFINITION_REPRESENTATION(#8106,#8112);
#8106 = PRODUCT_DEFINITION_SHAPE('','',#8107);
#8107 = PRODUCT_DEFINITION('design','',#8108,#8111);
#8108 = PRODUCT_DEFINITION_FORMATION_WITH_SPECIFIED_SOURCE('','',#8109,
  .NOT_KNOWN.);
#8109 = PRODUCT('DoubleLeafMasonry_0.32_m 21',
  'DoubleLeafMasonry_0.32_m 21','',(#8110));
#8110 = MECHANICAL_CONTEXT('',#2,'mechanical');
#8111 = DESIGN_CONTEXT('',#2,'design');
#8112 = SHAPE_REPRESENTATION('',(#11,#8113),#8117);
#8113 = AXIS2_PLACEMENT_3D('',#8114,#8115,#8116);
#8114 = CARTESIAN_POINT('',(5.315E-03,5.800624220212E-03,-1.E-04));
#8115 = DIRECTION('',(-0.,0.,1.));
#8116 = DIRECTION('',(0.,-1.,0.));
#8117 = ( GEOMETRIC_REPRESENTATION_CONTEXT(3) 
GLOBAL_UNCERTAINTY_ASSIGNED_CONTEXT((#8121)) 
GLOBAL_UNIT_ASSIGNED_CONTEXT((#8118,#8119,#8120)) REPRESENTATION_CONTEXT
('Context #1','3D Context with UNIT and UNCERTAINTY') );
#8118 = ( LENGTH_UNIT() NAMED_UNIT(*) SI_UNIT($,.METRE.) );
#8119 = ( NAMED_UNIT(*) PLANE_ANGLE_UNIT() SI_UNIT($,.RADIAN.) );
#8120 = ( NAMED_UNIT(*) SI_UNIT($,.STERADIAN.) SOLID_ANGLE_UNIT() );
#8121 = UNCERTAINTY_MEASURE_WITH_UNIT(LENGTH_MEASURE(1.E-08),#8118,
  'distance_accuracy_value','confusion accuracy');
#8122 = PRODUCT_RELATED_PRODUCT_CATEGORY('detail',$,(#8109));
#8123 = PRODUCT_CATEGORY_RELATIONSHIP('','',#8124,#8122);
#8124 = PRODUCT_CATEGORY('part',$);
#8125 = CC_DESIGN_PERSON_AND_ORGANIZATION_ASSIGNMENT(#354,#357,(#8108,
    #8107));
#8126 = CC_DESIGN_PERSON_AND_ORGANIZATION_ASSIGNMENT(#354,#359,(#8109));
#8127 = CC_DESIGN_PERSON_AND_ORGANIZATION_ASSIGNMENT(#354,#361,(#8108));
#8128 = CC_DESIGN_PERSON_AND_ORGANIZATION_ASSIGNMENT(#354,#363,(#8129));
#8129 = SECURITY_CLASSIFICATION('','',#365);
#8130 = CC_DESIGN_SECURITY_CLASSIFICATION(#8129,(#8108));
#8131 = CC_DESIGN_DATE_AND_TIME_ASSIGNMENT(#368,#372,(#8107));
#8132 = CC_DESIGN_DATE_AND_TIME_ASSIGNMENT(#368,#374,(#8129));
#8133 = CC_DESIGN_APPROVAL(#376,(#8108,#8107,#8129));
#8134 = SHAPE_DEFINITION_REPRESENTATION(#8135,#8141);
#8135 = PRODUCT_DEFINITION_SHAPE('','',#8136);
#8136 = PRODUCT_DEFINITION('design','',#8137,#8140);
#8137 = PRODUCT_DEFINITION_FORMATION_WITH_SPECIFIED_SOURCE('','',#8138,
  .NOT_KNOWN.);
#8138 = PRODUCT('DoubleLeafMasonry_0.32_m 21.1',
  'DoubleLeafMasonry_0.32_m 21.1','',(#8139));
#8139 = MECHANICAL_CONTEXT('',#2,'mechanical');
#8140 = DESIGN_CONTEXT('',#2,'design');
#8141 = ADVANCED_BREP_SHAPE_REPRESENTATION('',(#11,#8142),#9728);
#8142 = MANIFOLD_SOLID_BREP('DoubleLeafMasonry_0.32_m',#8143);
#8143 = CLOSED_SHELL('',(#8144,#8716,#8792,#9235,#9262,#9289,#9316,#9343
    ,#9370,#9397,#9404,#9451,#9478,#9505,#9532,#9559,#9586,#9613,#9620,
    #9667,#9694,#9721));
#8144 = ADVANCED_FACE('',(#8145,#8264,#8490),#8159,.T.);
#8145 = FACE_BOUND('',#8146,.T.);
#8146 = EDGE_LOOP('',(#8147,#8182,#8210,#8238));
#8147 = ORIENTED_EDGE('',*,*,#8148,.T.);
#8148 = EDGE_CURVE('',#8149,#8151,#8153,.T.);
#8149 = VERTEX_POINT('',#8150);
#8150 = CARTESIAN_POINT('',(3.2E-04,-1.6E-04,0.));
#8151 = VERTEX_POINT('',#8152);
#8152 = CARTESIAN_POINT('',(5.48E-03,-1.6E-04,0.));
#8153 = SURFACE_CURVE('',#8154,(#8158,#8170),.PCURVE_S1.);
#8154 = LINE('',#8155,#8156);
#8155 = CARTESIAN_POINT('',(3.2E-04,-1.6E-04,0.));
#8156 = VECTOR('',#8157,1.E-03);
#8157 = DIRECTION('',(1.,0.,0.));
#8158 = PCURVE('',#8159,#8164);
#8159 = PLANE('',#8160);
#8160 = AXIS2_PLACEMENT_3D('',#8161,#8162,#8163);
#8161 = CARTESIAN_POINT('',(2.9E-03,-1.6E-04,1.395E-03));
#8162 = DIRECTION('',(0.,-1.,0.));
#8163 = DIRECTION('',(0.,0.,-1.));
#8164 = DEFINITIONAL_REPRESENTATION('',(#8165),#8169);
#8165 = LINE('',#8166,#8167);
#8166 = CARTESIAN_POINT('',(1.395E-03,-2.58E-03));
#8167 = VECTOR('',#8168,1.);
#8168 = DIRECTION('',(0.,1.));
#8169 = ( GEOMETRIC_REPRESENTATION_CONTEXT(2) 
PARAMETRIC_REPRESENTATION_CONTEXT() REPRESENTATION_CONTEXT('2D SPACE',''
  ) );
#8170 = PCURVE('',#8171,#8176);
#8171 = PLANE('',#8172);
#8172 = AXIS2_PLACEMENT_3D('',#8173,#8174,#8175);
#8173 = CARTESIAN_POINT('',(2.9E-03,0.,0.));
#8174 = DIRECTION('',(0.,0.,-1.));
#8175 = DIRECTION('',(-1.,0.,0.));
#8176 = DEFINITIONAL_REPRESENTATION('',(#8177),#8181);
#8177 = LINE('',#8178,#8179);
#8178 = CARTESIAN_POINT('',(2.58E-03,-1.6E-04));
#8179 = VECTOR('',#8180,1.);
#8180 = DIRECTION('',(-1.,0.));
#8181 = ( GEOMETRIC_REPRESENTATION_CONTEXT(2) 
PARAMETRIC_REPRESENTATION_CONTEXT() REPRESENTATION_CONTEXT('2D SPACE',''
  ) );
#8182 = ORIENTED_EDGE('',*,*,#8183,.T.);
#8183 = EDGE_CURVE('',#8151,#8184,#8186,.T.);
#8184 = VERTEX_POINT('',#8185);
#8185 = CARTESIAN_POINT('',(5.48E-03,-1.6E-04,2.79E-03));
#8186 = SURFACE_CURVE('',#8187,(#8191,#8198),.PCURVE_S1.);
#8187 = LINE('',#8188,#8189);
#8188 = CARTESIAN_POINT('',(5.48E-03,-1.6E-04,0.));
#8189 = VECTOR('',#8190,1.E-03);
#8190 = DIRECTION('',(0.,0.,1.));
#8191 = PCURVE('',#8159,#8192);
#8192 = DEFINITIONAL_REPRESENTATION('',(#8193),#8197);
#8193 = LINE('',#8194,#8195);
#8194 = CARTESIAN_POINT('',(1.395E-03,2.58E-03));
#8195 = VECTOR('',#8196,1.);
#8196 = DIRECTION('',(-1.,0.));
#8197 = ( GEOMETRIC_REPRESENTATION_CONTEXT(2) 
PARAMETRIC_REPRESENTATION_CONTEXT() REPRESENTATION_CONTEXT('2D SPACE',''
  ) );
#8198 = PCURVE('',#8199,#8204);
#8199 = PLANE('',#8200);
#8200 = AXIS2_PLACEMENT_3D('',#8201,#8202,#8203);
#8201 = CARTESIAN_POINT('',(5.64E-03,0.,1.395E-03));
#8202 = DIRECTION('',(0.707106781187,-0.707106781187,0.));
#8203 = DIRECTION('',(0.707106781187,0.707106781187,0.));
#8204 = DEFINITIONAL_REPRESENTATION('',(#8205),#8209);
#8205 = LINE('',#8206,#8207);
#8206 = CARTESIAN_POINT('',(-2.262741699797E-04,-1.395E-03));
#8207 = VECTOR('',#8208,1.);
#8208 = DIRECTION('',(0.,1.));
#8209 = ( GEOMETRIC_REPRESENTATION_CONTEXT(2) 
PARAMETRIC_REPRESENTATION_CONTEXT() REPRESENTATION_CONTEXT('2D SPACE',''
  ) );
#8210 = ORIENTED_EDGE('',*,*,#8211,.T.);
#8211 = EDGE_CURVE('',#8184,#8212,#8214,.T.);
#8212 = VERTEX_POINT('',#8213);
#8213 = CARTESIAN_POINT('',(3.2E-04,-1.6E-04,2.79E-03));
#8214 = SURFACE_CURVE('',#8215,(#8219,#8226),.PCURVE_S1.);
#8215 = LINE('',#8216,#8217);
#8216 = CARTESIAN_POINT('',(5.48E-03,-1.6E-04,2.79E-03));
#8217 = VECTOR('',#8218,1.E-03);
#8218 = DIRECTION('',(-1.,0.,0.));
#8219 = PCURVE('',#8159,#8220);
#8220 = DEFINITIONAL_REPRESENTATION('',(#8221),#8225);
#8221 = LINE('',#8222,#8223);
#8222 = CARTESIAN_POINT('',(-1.395E-03,2.58E-03));
#8223 = VECTOR('',#8224,1.);
#8224 = DIRECTION('',(-0.,-1.));
#8225 = ( GEOMETRIC_REPRESENTATION_CONTEXT(2) 
PARAMETRIC_REPRESENTATION_CONTEXT() REPRESENTATION_CONTEXT('2D SPACE',''
  ) );
#8226 = PCURVE('',#8227,#8232);
#8227 = PLANE('',#8228);
#8228 = AXIS2_PLACEMENT_3D('',#8229,#8230,#8231);
#8229 = CARTESIAN_POINT('',(2.9E-03,0.,2.79E-03));
#8230 = DIRECTION('',(0.,0.,1.));
#8231 = DIRECTION('',(1.,0.,0.));
#8232 = DEFINITIONAL_REPRESENTATION('',(#8233),#8237);
#8233 = LINE('',#8234,#8235);
#8234 = CARTESIAN_POINT('',(2.58E-03,-1.6E-04));
#8235 = VECTOR('',#8236,1.);
#8236 = DIRECTION('',(-1.,0.));
#8237 = ( GEOMETRIC_REPRESENTATION_CONTEXT(2) 
PARAMETRIC_REPRESENTATION_CONTEXT() REPRESENTATION_CONTEXT('2D SPACE',''
  ) );
#8238 = ORIENTED_EDGE('',*,*,#8239,.F.);
#8239 = EDGE_CURVE('',#8149,#8212,#8240,.T.);
#8240 = SURFACE_CURVE('',#8241,(#8245,#8252),.PCURVE_S1.);
#8241 = LINE('',#8242,#8243);
#8242 = CARTESIAN_POINT('',(3.2E-04,-1.6E-04,0.));
#8243 = VECTOR('',#8244,1.E-03);
#8244 = DIRECTION('',(0.,0.,1.));
#8245 = PCURVE('',#8159,#8246);
#8246 = DEFINITIONAL_REPRESENTATION('',(#8247),#8251);
#8247 = LINE('',#8248,#8249);
#8248 = CARTESIAN_POINT('',(1.395E-03,-2.58E-03));
#8249 = VECTOR('',#8250,1.);
#8250 = DIRECTION('',(-1.,0.));
#8251 = ( GEOMETRIC_REPRESENTATION_CONTEXT(2) 
PARAMETRIC_REPRESENTATION_CONTEXT() REPRESENTATION_CONTEXT('2D SPACE',''
  ) );
#8252 = PCURVE('',#8253,#8258);
#8253 = PLANE('',#8254);
#8254 = AXIS2_PLACEMENT_3D('',#8255,#8256,#8257);
#8255 = CARTESIAN_POINT('',(1.6E-04,0.,1.395E-03));
#8256 = DIRECTION('',(-0.707106781187,-0.707106781187,0.));
#8257 = DIRECTION('',(0.707106781187,-0.707106781187,0.));
#8258 = DEFINITIONAL_REPRESENTATION('',(#8259),#8263);
#8259 = LINE('',#8260,#8261);
#8260 = CARTESIAN_POINT('',(2.262741699797E-04,-1.395E-03));
#8261 = VECTOR('',#8262,1.);
#8262 = DIRECTION('',(0.,1.));
#8263 = ( GEOMETRIC_REPRESENTATION_CONTEXT(2) 
PARAMETRIC_REPRESENTATION_CONTEXT() REPRESENTATION_CONTEXT('2D SPACE',''
  ) );
#8264 = FACE_BOUND('',#8265,.T.);
#8265 = EDGE_LOOP('',(#8266,#8296,#8324,#8352,#8380,#8408,#8436,#8464));
#8266 = ORIENTED_EDGE('',*,*,#8267,.T.);
#8267 = EDGE_CURVE('',#8268,#8270,#8272,.T.);
#8268 = VERTEX_POINT('',#8269);
#8269 = CARTESIAN_POINT('',(3.55E-03,-1.6E-04,1.E-04));
#8270 = VERTEX_POINT('',#8271);
#8271 = CARTESIAN_POINT('',(3.55E-03,-1.6E-04,1.899999999998E-03));
#8272 = SURFACE_CURVE('',#8273,(#8277,#8284),.PCURVE_S1.);
#8273 = LINE('',#8274,#8275);
#8274 = CARTESIAN_POINT('',(3.55E-03,-1.6E-04,1.E-04));
#8275 = VECTOR('',#8276,1.E-03);
#8276 = DIRECTION('',(0.,0.,1.));
#8277 = PCURVE('',#8159,#8278);
#8278 = DEFINITIONAL_REPRESENTATION('',(#8279),#8283);
#8279 = LINE('',#8280,#8281);
#8280 = CARTESIAN_POINT('',(1.295E-03,6.5E-04));
#8281 = VECTOR('',#8282,1.);
#8282 = DIRECTION('',(-1.,0.));
#8283 = ( GEOMETRIC_REPRESENTATION_CONTEXT(2) 
PARAMETRIC_REPRESENTATION_CONTEXT() REPRESENTATION_CONTEXT('2D SPACE',''
  ) );
#8284 = PCURVE('',#8285,#8290);
#8285 = PLANE('',#8286);
#8286 = AXIS2_PLACEMENT_3D('',#8287,#8288,#8289);
#8287 = CARTESIAN_POINT('',(3.55E-03,4.996003610813E-19,
    9.99999999999E-04));
#8288 = DIRECTION('',(1.,0.,0.));
#8289 = DIRECTION('',(0.,0.,1.));
#8290 = DEFINITIONAL_REPRESENTATION('',(#8291),#8295);
#8291 = LINE('',#8292,#8293);
#8292 = CARTESIAN_POINT('',(-8.99999999999E-04,1.6E-04));
#8293 = VECTOR('',#8294,1.);
#8294 = DIRECTION('',(1.,0.));
#8295 = ( GEOMETRIC_REPRESENTATION_CONTEXT(2) 
PARAMETRIC_REPRESENTATION_CONTEXT() REPRESENTATION_CONTEXT('2D SPACE',''
  ) );
#8296 = ORIENTED_EDGE('',*,*,#8297,.T.);
#8297 = EDGE_CURVE('',#8270,#8298,#8300,.T.);
#8298 = VERTEX_POINT('',#8299);
#8299 = CARTESIAN_POINT('',(3.35E-03,-1.6E-04,1.899999999998E-03));
#8300 = SURFACE_CURVE('',#8301,(#8305,#8312),.PCURVE_S1.);
#8301 = LINE('',#8302,#8303);
#8302 = CARTESIAN_POINT('',(3.55E-03,-1.6E-04,1.899999999998E-03));
#8303 = VECTOR('',#8304,1.E-03);
#8304 = DIRECTION('',(-1.,0.,0.));
#8305 = PCURVE('',#8159,#8306);
#8306 = DEFINITIONAL_REPRESENTATION('',(#8307),#8311);
#8307 = LINE('',#8308,#8309);
#8308 = CARTESIAN_POINT('',(-5.04999999998E-04,6.5E-04));
#8309 = VECTOR('',#8310,1.);
#8310 = DIRECTION('',(-0.,-1.));
#8311 = ( GEOMETRIC_REPRESENTATION_CONTEXT(2) 
PARAMETRIC_REPRESENTATION_CONTEXT() REPRESENTATION_CONTEXT('2D SPACE',''
  ) );
#8312 = PCURVE('',#8313,#8318);
#8313 = PLANE('',#8314);
#8314 = AXIS2_PLACEMENT_3D('',#8315,#8316,#8317);
#8315 = CARTESIAN_POINT('',(3.45E-03,4.996003610813E-19,
    1.899999999998E-03));
#8316 = DIRECTION('',(0.,0.,1.));
#8317 = DIRECTION('',(1.,0.,0.));
#8318 = DEFINITIONAL_REPRESENTATION('',(#8319),#8323);
#8319 = LINE('',#8320,#8321);
#8320 = CARTESIAN_POINT('',(1.E-04,-1.6E-04));
#8321 = VECTOR('',#8322,1.);
#8322 = DIRECTION('',(-1.,0.));
#8323 = ( GEOMETRIC_REPRESENTATION_CONTEXT(2) 
PARAMETRIC_REPRESENTATION_CONTEXT() REPRESENTATION_CONTEXT('2D SPACE',''
  ) );
#8324 = ORIENTED_EDGE('',*,*,#8325,.T.);
#8325 = EDGE_CURVE('',#8298,#8326,#8328,.T.);
#8326 = VERTEX_POINT('',#8327);
#8327 = CARTESIAN_POINT('',(3.35E-03,-1.6E-04,2.019999999998E-03));
#8328 = SURFACE_CURVE('',#8329,(#8333,#8340),.PCURVE_S1.);
#8329 = LINE('',#8330,#8331);
#8330 = CARTESIAN_POINT('',(3.35E-03,-1.6E-04,1.899999999998E-03));
#8331 = VECTOR('',#8332,1.E-03);
#8332 = DIRECTION('',(0.,0.,1.));
#8333 = PCURVE('',#8159,#8334);
#8334 = DEFINITIONAL_REPRESENTATION('',(#8335),#8339);
#8335 = LINE('',#8336,#8337);
#8336 = CARTESIAN_POINT('',(-5.04999999998E-04,4.5E-04));
#8337 = VECTOR('',#8338,1.);
#8338 = DIRECTION('',(-1.,0.));
#8339 = ( GEOMETRIC_REPRESENTATION_CONTEXT(2) 
PARAMETRIC_REPRESENTATION_CONTEXT() REPRESENTATION_CONTEXT('2D SPACE',''
  ) );
#8340 = PCURVE('',#8341,#8346);
#8341 = PLANE('',#8342);
#8342 = AXIS2_PLACEMENT_3D('',#8343,#8344,#8345);
#8343 = CARTESIAN_POINT('',(3.35E-03,4.996003610813E-19,
    1.959999999998E-03));
#8344 = DIRECTION('',(1.,0.,0.));
#8345 = DIRECTION('',(0.,0.,1.));
#8346 = DEFINITIONAL_REPRESENTATION('',(#8347),#8351);
#8347 = LINE('',#8348,#8349);
#8348 = CARTESIAN_POINT('',(-5.999999999999E-05,1.6E-04));
#8349 = VECTOR('',#8350,1.);
#8350 = DIRECTION('',(1.,0.));
#8351 = ( GEOMETRIC_REPRESENTATION_CONTEXT(2) 
PARAMETRIC_REPRESENTATION_CONTEXT() REPRESENTATION_CONTEXT('2D SPACE',''
  ) );
#8352 = ORIENTED_EDGE('',*,*,#8353,.T.);
#8353 = EDGE_CURVE('',#8326,#8354,#8356,.T.);
#8354 = VERTEX_POINT('',#8355);
#8355 = CARTESIAN_POINT('',(4.95E-03,-1.6E-04,2.019999999998E-03));
#8356 = SURFACE_CURVE('',#8357,(#8361,#8368),.PCURVE_S1.);
#8357 = LINE('',#8358,#8359);
#8358 = CARTESIAN_POINT('',(3.35E-03,-1.6E-04,2.019999999998E-03));
#8359 = VECTOR('',#8360,1.E-03);
#8360 = DIRECTION('',(1.,-6.245004513517E-16,0.));
#8361 = PCURVE('',#8159,#8362);
#8362 = DEFINITIONAL_REPRESENTATION('',(#8363),#8367);
#8363 = LINE('',#8364,#8365);
#8364 = CARTESIAN_POINT('',(-6.24999999998E-04,4.5E-04));
#8365 = VECTOR('',#8366,1.);
#8366 = DIRECTION('',(0.,1.));
#8367 = ( GEOMETRIC_REPRESENTATION_CONTEXT(2) 
PARAMETRIC_REPRESENTATION_CONTEXT() REPRESENTATION_CONTEXT('2D SPACE',''
  ) );
#8368 = PCURVE('',#8369,#8374);
#8369 = PLANE('',#8370);
#8370 = AXIS2_PLACEMENT_3D('',#8371,#8372,#8373);
#8371 = CARTESIAN_POINT('',(4.15E-03,2.498001805407E-19,
    2.019999999998E-03));
#8372 = DIRECTION('',(-3.903127820563E-17,0.,-1.));
#8373 = DIRECTION('',(-1.,0.,3.903127820563E-17));
#8374 = DEFINITIONAL_REPRESENTATION('',(#8375),#8379);
#8375 = LINE('',#8376,#8377);
#8376 = CARTESIAN_POINT('',(8.E-04,-1.6E-04));
#8377 = VECTOR('',#8378,1.);
#8378 = DIRECTION('',(-1.,-6.245004513517E-16));
#8379 = ( GEOMETRIC_REPRESENTATION_CONTEXT(2) 
PARAMETRIC_REPRESENTATION_CONTEXT() REPRESENTATION_CONTEXT('2D SPACE',''
  ) );
#8380 = ORIENTED_EDGE('',*,*,#8381,.T.);
#8381 = EDGE_CURVE('',#8354,#8382,#8384,.T.);
#8382 = VERTEX_POINT('',#8383);
#8383 = CARTESIAN_POINT('',(4.95E-03,-1.6E-04,1.899999999998E-03));
#8384 = SURFACE_CURVE('',#8385,(#8389,#8396),.PCURVE_S1.);
#8385 = LINE('',#8386,#8387);
#8386 = CARTESIAN_POINT('',(4.95E-03,-1.6E-04,2.019999999998E-03));
#8387 = VECTOR('',#8388,1.E-03);
#8388 = DIRECTION('',(0.,0.,-1.));
#8389 = PCURVE('',#8159,#8390);
#8390 = DEFINITIONAL_REPRESENTATION('',(#8391),#8395);
#8391 = LINE('',#8392,#8393);
#8392 = CARTESIAN_POINT('',(-6.24999999998E-04,2.05E-03));
#8393 = VECTOR('',#8394,1.);
#8394 = DIRECTION('',(1.,0.));
#8395 = ( GEOMETRIC_REPRESENTATION_CONTEXT(2) 
PARAMETRIC_REPRESENTATION_CONTEXT() REPRESENTATION_CONTEXT('2D SPACE',''
  ) );
#8396 = PCURVE('',#8397,#8402);
#8397 = PLANE('',#8398);
#8398 = AXIS2_PLACEMENT_3D('',#8399,#8400,#8401);
#8399 = CARTESIAN_POINT('',(4.95E-03,0.,1.959999999998E-03));
#8400 = DIRECTION('',(-1.,0.,0.));
#8401 = DIRECTION('',(0.,0.,-1.));
#8402 = DEFINITIONAL_REPRESENTATION('',(#8403),#8407);
#8403 = LINE('',#8404,#8405);
#8404 = CARTESIAN_POINT('',(-5.999999999999E-05,1.6E-04));
#8405 = VECTOR('',#8406,1.);
#8406 = DIRECTION('',(1.,0.));
#8407 = ( GEOMETRIC_REPRESENTATION_CONTEXT(2) 
PARAMETRIC_REPRESENTATION_CONTEXT() REPRESENTATION_CONTEXT('2D SPACE',''
  ) );
#8408 = ORIENTED_EDGE('',*,*,#8409,.T.);
#8409 = EDGE_CURVE('',#8382,#8410,#8412,.T.);
#8410 = VERTEX_POINT('',#8411);
#8411 = CARTESIAN_POINT('',(4.75E-03,-1.6E-04,1.899999999998E-03));
#8412 = SURFACE_CURVE('',#8413,(#8417,#8424),.PCURVE_S1.);
#8413 = LINE('',#8414,#8415);
#8414 = CARTESIAN_POINT('',(4.95E-03,-1.6E-04,1.899999999998E-03));
#8415 = VECTOR('',#8416,1.E-03);
#8416 = DIRECTION('',(-1.,0.,0.));
#8417 = PCURVE('',#8159,#8418);
#8418 = DEFINITIONAL_REPRESENTATION('',(#8419),#8423);
#8419 = LINE('',#8420,#8421);
#8420 = CARTESIAN_POINT('',(-5.04999999998E-04,2.05E-03));
#8421 = VECTOR('',#8422,1.);
#8422 = DIRECTION('',(-0.,-1.));
#8423 = ( GEOMETRIC_REPRESENTATION_CONTEXT(2) 
PARAMETRIC_REPRESENTATION_CONTEXT() REPRESENTATION_CONTEXT('2D SPACE',''
  ) );
#8424 = PCURVE('',#8425,#8430);
#8425 = PLANE('',#8426);
#8426 = AXIS2_PLACEMENT_3D('',#8427,#8428,#8429);
#8427 = CARTESIAN_POINT('',(4.85E-03,0.,1.899999999998E-03));
#8428 = DIRECTION('',(0.,0.,1.));
#8429 = DIRECTION('',(1.,0.,0.));
#8430 = DEFINITIONAL_REPRESENTATION('',(#8431),#8435);
#8431 = LINE('',#8432,#8433);
#8432 = CARTESIAN_POINT('',(1.E-04,-1.6E-04));
#8433 = VECTOR('',#8434,1.);
#8434 = DIRECTION('',(-1.,0.));
#8435 = ( GEOMETRIC_REPRESENTATION_CONTEXT(2) 
PARAMETRIC_REPRESENTATION_CONTEXT() REPRESENTATION_CONTEXT('2D SPACE',''
  ) );
#8436 = ORIENTED_EDGE('',*,*,#8437,.T.);
#8437 = EDGE_CURVE('',#8410,#8438,#8440,.T.);
#8438 = VERTEX_POINT('',#8439);
#8439 = CARTESIAN_POINT('',(4.75E-03,-1.6E-04,1.E-04));
#8440 = SURFACE_CURVE('',#8441,(#8445,#8452),.PCURVE_S1.);
#8441 = LINE('',#8442,#8443);
#8442 = CARTESIAN_POINT('',(4.75E-03,-1.6E-04,1.899999999998E-03));
#8443 = VECTOR('',#8444,1.E-03);
#8444 = DIRECTION('',(0.,0.,-1.));
#8445 = PCURVE('',#8159,#8446);
#8446 = DEFINITIONAL_REPRESENTATION('',(#8447),#8451);
#8447 = LINE('',#8448,#8449);
#8448 = CARTESIAN_POINT('',(-5.04999999998E-04,1.85E-03));
#8449 = VECTOR('',#8450,1.);
#8450 = DIRECTION('',(1.,0.));
#8451 = ( GEOMETRIC_REPRESENTATION_CONTEXT(2) 
PARAMETRIC_REPRESENTATION_CONTEXT() REPRESENTATION_CONTEXT('2D SPACE',''
  ) );
#8452 = PCURVE('',#8453,#8458);
#8453 = PLANE('',#8454);
#8454 = AXIS2_PLACEMENT_3D('',#8455,#8456,#8457);
#8455 = CARTESIAN_POINT('',(4.75E-03,0.,9.99999999999E-04));
#8456 = DIRECTION('',(-1.,0.,0.));
#8457 = DIRECTION('',(0.,0.,-1.));
#8458 = DEFINITIONAL_REPRESENTATION('',(#8459),#8463);
#8459 = LINE('',#8460,#8461);
#8460 = CARTESIAN_POINT('',(-8.99999999999E-04,1.6E-04));
#8461 = VECTOR('',#8462,1.);
#8462 = DIRECTION('',(1.,0.));
#8463 = ( GEOMETRIC_REPRESENTATION_CONTEXT(2) 
PARAMETRIC_REPRESENTATION_CONTEXT() REPRESENTATION_CONTEXT('2D SPACE',''
  ) );
#8464 = ORIENTED_EDGE('',*,*,#8465,.F.);
#8465 = EDGE_CURVE('',#8268,#8438,#8466,.T.);
#8466 = SURFACE_CURVE('',#8467,(#8471,#8478),.PCURVE_S1.);
#8467 = LINE('',#8468,#8469);
#8468 = CARTESIAN_POINT('',(3.55E-03,-1.6E-04,1.E-04));
#8469 = VECTOR('',#8470,1.E-03);
#8470 = DIRECTION('',(1.,-8.326672684689E-16,0.));
#8471 = PCURVE('',#8159,#8472);
#8472 = DEFINITIONAL_REPRESENTATION('',(#8473),#8477);
#8473 = LINE('',#8474,#8475);
#8474 = CARTESIAN_POINT('',(1.295E-03,6.5E-04));
#8475 = VECTOR('',#8476,1.);
#8476 = DIRECTION('',(0.,1.));
#8477 = ( GEOMETRIC_REPRESENTATION_CONTEXT(2) 
PARAMETRIC_REPRESENTATION_CONTEXT() REPRESENTATION_CONTEXT('2D SPACE',''
  ) );
#8478 = PCURVE('',#8479,#8484);
#8479 = PLANE('',#8480);
#8480 = AXIS2_PLACEMENT_3D('',#8481,#8482,#8483);
#8481 = CARTESIAN_POINT('',(4.15E-03,2.498001805407E-19,1.E-04));
#8482 = DIRECTION('',(0.,0.,1.));
#8483 = DIRECTION('',(1.,0.,0.));
#8484 = DEFINITIONAL_REPRESENTATION('',(#8485),#8489);
#8485 = LINE('',#8486,#8487);
#8486 = CARTESIAN_POINT('',(-6.E-04,-1.6E-04));
#8487 = VECTOR('',#8488,1.);
#8488 = DIRECTION('',(1.,-8.326672684689E-16));
#8489 = ( GEOMETRIC_REPRESENTATION_CONTEXT(2) 
PARAMETRIC_REPRESENTATION_CONTEXT() REPRESENTATION_CONTEXT('2D SPACE',''
  ) );
#8490 = FACE_BOUND('',#8491,.T.);
#8491 = EDGE_LOOP('',(#8492,#8522,#8550,#8578,#8606,#8634,#8662,#8690));
#8492 = ORIENTED_EDGE('',*,*,#8493,.T.);
#8493 = EDGE_CURVE('',#8494,#8496,#8498,.T.);
#8494 = VERTEX_POINT('',#8495);
#8495 = CARTESIAN_POINT('',(1.05E-03,-1.6E-04,9.999999999999E-05));
#8496 = VERTEX_POINT('',#8497);
#8497 = CARTESIAN_POINT('',(1.05E-03,-1.6E-04,1.899999999998E-03));
#8498 = SURFACE_CURVE('',#8499,(#8503,#8510),.PCURVE_S1.);
#8499 = LINE('',#8500,#8501);
#8500 = CARTESIAN_POINT('',(1.05E-03,-1.6E-04,9.999999999999E-05));
#8501 = VECTOR('',#8502,1.E-03);
#8502 = DIRECTION('',(0.,0.,1.));
#8503 = PCURVE('',#8159,#8504);
#8504 = DEFINITIONAL_REPRESENTATION('',(#8505),#8509);
#8505 = LINE('',#8506,#8507);
#8506 = CARTESIAN_POINT('',(1.295E-03,-1.85E-03));
#8507 = VECTOR('',#8508,1.);
#8508 = DIRECTION('',(-1.,0.));
#8509 = ( GEOMETRIC_REPRESENTATION_CONTEXT(2) 
PARAMETRIC_REPRESENTATION_CONTEXT() REPRESENTATION_CONTEXT('2D SPACE',''
  ) );
#8510 = PCURVE('',#8511,#8516);
#8511 = PLANE('',#8512);
#8512 = AXIS2_PLACEMENT_3D('',#8513,#8514,#8515);
#8513 = CARTESIAN_POINT('',(1.05E-03,0.,9.99999999999E-04));
#8514 = DIRECTION('',(1.,0.,0.));
#8515 = DIRECTION('',(0.,0.,1.));
#8516 = DEFINITIONAL_REPRESENTATION('',(#8517),#8521);
#8517 = LINE('',#8518,#8519);
#8518 = CARTESIAN_POINT('',(-8.99999999999E-04,1.6E-04));
#8519 = VECTOR('',#8520,1.);
#8520 = DIRECTION('',(1.,0.));
#8521 = ( GEOMETRIC_REPRESENTATION_CONTEXT(2) 
PARAMETRIC_REPRESENTATION_CONTEXT() REPRESENTATION_CONTEXT('2D SPACE',''
  ) );
#8522 = ORIENTED_EDGE('',*,*,#8523,.T.);
#8523 = EDGE_CURVE('',#8496,#8524,#8526,.T.);
#8524 = VERTEX_POINT('',#8525);
#8525 = CARTESIAN_POINT('',(8.5E-04,-1.6E-04,1.899999999998E-03));
#8526 = SURFACE_CURVE('',#8527,(#8531,#8538),.PCURVE_S1.);
#8527 = LINE('',#8528,#8529);
#8528 = CARTESIAN_POINT('',(1.05E-03,-1.6E-04,1.899999999998E-03));
#8529 = VECTOR('',#8530,1.E-03);
#8530 = DIRECTION('',(-1.,4.996003610813E-15,0.));
#8531 = PCURVE('',#8159,#8532);
#8532 = DEFINITIONAL_REPRESENTATION('',(#8533),#8537);
#8533 = LINE('',#8534,#8535);
#8534 = CARTESIAN_POINT('',(-5.04999999998E-04,-1.85E-03));
#8535 = VECTOR('',#8536,1.);
#8536 = DIRECTION('',(-0.,-1.));
#8537 = ( GEOMETRIC_REPRESENTATION_CONTEXT(2) 
PARAMETRIC_REPRESENTATION_CONTEXT() REPRESENTATION_CONTEXT('2D SPACE',''
  ) );
#8538 = PCURVE('',#8539,#8544);
#8539 = PLANE('',#8540);
#8540 = AXIS2_PLACEMENT_3D('',#8541,#8542,#8543);
#8541 = CARTESIAN_POINT('',(9.5E-04,2.498001805407E-19,
    1.899999999998E-03));
#8542 = DIRECTION('',(1.734723475671E-16,0.,1.));
#8543 = DIRECTION('',(1.,0.,-1.734723475671E-16));
#8544 = DEFINITIONAL_REPRESENTATION('',(#8545),#8549);
#8545 = LINE('',#8546,#8547);
#8546 = CARTESIAN_POINT('',(1.E-04,-1.6E-04));
#8547 = VECTOR('',#8548,1.);
#8548 = DIRECTION('',(-1.,4.996003610813E-15));
#8549 = ( GEOMETRIC_REPRESENTATION_CONTEXT(2) 
PARAMETRIC_REPRESENTATION_CONTEXT() REPRESENTATION_CONTEXT('2D SPACE',''
  ) );
#8550 = ORIENTED_EDGE('',*,*,#8551,.T.);
#8551 = EDGE_CURVE('',#8524,#8552,#8554,.T.);
#8552 = VERTEX_POINT('',#8553);
#8553 = CARTESIAN_POINT('',(8.5E-04,-1.6E-04,2.019999999998E-03));
#8554 = SURFACE_CURVE('',#8555,(#8559,#8566),.PCURVE_S1.);
#8555 = LINE('',#8556,#8557);
#8556 = CARTESIAN_POINT('',(8.5E-04,-1.6E-04,1.899999999998E-03));
#8557 = VECTOR('',#8558,1.E-03);
#8558 = DIRECTION('',(0.,0.,1.));
#8559 = PCURVE('',#8159,#8560);
#8560 = DEFINITIONAL_REPRESENTATION('',(#8561),#8565);
#8561 = LINE('',#8562,#8563);
#8562 = CARTESIAN_POINT('',(-5.04999999998E-04,-2.05E-03));
#8563 = VECTOR('',#8564,1.);
#8564 = DIRECTION('',(-1.,0.));
#8565 = ( GEOMETRIC_REPRESENTATION_CONTEXT(2) 
PARAMETRIC_REPRESENTATION_CONTEXT() REPRESENTATION_CONTEXT('2D SPACE',''
  ) );
#8566 = PCURVE('',#8567,#8572);
#8567 = PLANE('',#8568);
#8568 = AXIS2_PLACEMENT_3D('',#8569,#8570,#8571);
#8569 = CARTESIAN_POINT('',(8.5E-04,4.996003610813E-19,
    1.959999999998E-03));
#8570 = DIRECTION('',(1.,0.,0.));
#8571 = DIRECTION('',(0.,0.,1.));
#8572 = DEFINITIONAL_REPRESENTATION('',(#8573),#8577);
#8573 = LINE('',#8574,#8575);
#8574 = CARTESIAN_POINT('',(-5.999999999999E-05,1.6E-04));
#8575 = VECTOR('',#8576,1.);
#8576 = DIRECTION('',(1.,0.));
#8577 = ( GEOMETRIC_REPRESENTATION_CONTEXT(2) 
PARAMETRIC_REPRESENTATION_CONTEXT() REPRESENTATION_CONTEXT('2D SPACE',''
  ) );
#8578 = ORIENTED_EDGE('',*,*,#8579,.T.);
#8579 = EDGE_CURVE('',#8552,#8580,#8582,.T.);
#8580 = VERTEX_POINT('',#8581);
#8581 = CARTESIAN_POINT('',(2.45E-03,-1.6E-04,2.019999999998E-03));
#8582 = SURFACE_CURVE('',#8583,(#8587,#8594),.PCURVE_S1.);
#8583 = LINE('',#8584,#8585);
#8584 = CARTESIAN_POINT('',(8.5E-04,-1.6E-04,2.019999999998E-03));
#8585 = VECTOR('',#8586,1.E-03);
#8586 = DIRECTION('',(1.,-6.245004513516E-16,0.));
#8587 = PCURVE('',#8159,#8588);
#8588 = DEFINITIONAL_REPRESENTATION('',(#8589),#8593);
#8589 = LINE('',#8590,#8591);
#8590 = CARTESIAN_POINT('',(-6.24999999998E-04,-2.05E-03));
#8591 = VECTOR('',#8592,1.);
#8592 = DIRECTION('',(0.,1.));
#8593 = ( GEOMETRIC_REPRESENTATION_CONTEXT(2) 
PARAMETRIC_REPRESENTATION_CONTEXT() REPRESENTATION_CONTEXT('2D SPACE',''
  ) );
#8594 = PCURVE('',#8595,#8600);
#8595 = PLANE('',#8596);
#8596 = AXIS2_PLACEMENT_3D('',#8597,#8598,#8599);
#8597 = CARTESIAN_POINT('',(1.65E-03,2.498001805407E-19,
    2.019999999998E-03));
#8598 = DIRECTION('',(-3.903127820563E-17,0.,-1.));
#8599 = DIRECTION('',(-1.,0.,3.903127820563E-17));
#8600 = DEFINITIONAL_REPRESENTATION('',(#8601),#8605);
#8601 = LINE('',#8602,#8603);
#8602 = CARTESIAN_POINT('',(8.E-04,-1.6E-04));
#8603 = VECTOR('',#8604,1.);
#8604 = DIRECTION('',(-1.,-6.245004513516E-16));
#8605 = ( GEOMETRIC_REPRESENTATION_CONTEXT(2) 
PARAMETRIC_REPRESENTATION_CONTEXT() REPRESENTATION_CONTEXT('2D SPACE',''
  ) );
#8606 = ORIENTED_EDGE('',*,*,#8607,.T.);
#8607 = EDGE_CURVE('',#8580,#8608,#8610,.T.);
#8608 = VERTEX_POINT('',#8609);
#8609 = CARTESIAN_POINT('',(2.45E-03,-1.6E-04,1.899999999998E-03));
#8610 = SURFACE_CURVE('',#8611,(#8615,#8622),.PCURVE_S1.);
#8611 = LINE('',#8612,#8613);
#8612 = CARTESIAN_POINT('',(2.45E-03,-1.6E-04,2.019999999998E-03));
#8613 = VECTOR('',#8614,1.E-03);
#8614 = DIRECTION('',(0.,0.,-1.));
#8615 = PCURVE('',#8159,#8616);
#8616 = DEFINITIONAL_REPRESENTATION('',(#8617),#8621);
#8617 = LINE('',#8618,#8619);
#8618 = CARTESIAN_POINT('',(-6.24999999998E-04,-4.5E-04));
#8619 = VECTOR('',#8620,1.);
#8620 = DIRECTION('',(1.,0.));
#8621 = ( GEOMETRIC_REPRESENTATION_CONTEXT(2) 
PARAMETRIC_REPRESENTATION_CONTEXT() REPRESENTATION_CONTEXT('2D SPACE',''
  ) );
#8622 = PCURVE('',#8623,#8628);
#8623 = PLANE('',#8624);
#8624 = AXIS2_PLACEMENT_3D('',#8625,#8626,#8627);
#8625 = CARTESIAN_POINT('',(2.45E-03,0.,1.959999999998E-03));
#8626 = DIRECTION('',(-1.,0.,0.));
#8627 = DIRECTION('',(0.,0.,-1.));
#8628 = DEFINITIONAL_REPRESENTATION('',(#8629),#8633);
#8629 = LINE('',#8630,#8631);
#8630 = CARTESIAN_POINT('',(-5.999999999999E-05,1.6E-04));
#8631 = VECTOR('',#8632,1.);
#8632 = DIRECTION('',(1.,0.));
#8633 = ( GEOMETRIC_REPRESENTATION_CONTEXT(2) 
PARAMETRIC_REPRESENTATION_CONTEXT() REPRESENTATION_CONTEXT('2D SPACE',''
  ) );
#8634 = ORIENTED_EDGE('',*,*,#8635,.T.);
#8635 = EDGE_CURVE('',#8608,#8636,#8638,.T.);
#8636 = VERTEX_POINT('',#8637);
#8637 = CARTESIAN_POINT('',(2.25E-03,-1.6E-04,1.899999999998E-03));
#8638 = SURFACE_CURVE('',#8639,(#8643,#8650),.PCURVE_S1.);
#8639 = LINE('',#8640,#8641);
#8640 = CARTESIAN_POINT('',(2.45E-03,-1.6E-04,1.899999999998E-03));
#8641 = VECTOR('',#8642,1.E-03);
#8642 = DIRECTION('',(-1.,0.,0.));
#8643 = PCURVE('',#8159,#8644);
#8644 = DEFINITIONAL_REPRESENTATION('',(#8645),#8649);
#8645 = LINE('',#8646,#8647);
#8646 = CARTESIAN_POINT('',(-5.04999999998E-04,-4.5E-04));
#8647 = VECTOR('',#8648,1.);
#8648 = DIRECTION('',(-0.,-1.));
#8649 = ( GEOMETRIC_REPRESENTATION_CONTEXT(2) 
PARAMETRIC_REPRESENTATION_CONTEXT() REPRESENTATION_CONTEXT('2D SPACE',''
  ) );
#8650 = PCURVE('',#8651,#8656);
#8651 = PLANE('',#8652);
#8652 = AXIS2_PLACEMENT_3D('',#8653,#8654,#8655);
#8653 = CARTESIAN_POINT('',(2.35E-03,0.,1.899999999998E-03));
#8654 = DIRECTION('',(0.,0.,1.));
#8655 = DIRECTION('',(1.,0.,0.));
#8656 = DEFINITIONAL_REPRESENTATION('',(#8657),#8661);
#8657 = LINE('',#8658,#8659);
#8658 = CARTESIAN_POINT('',(1.E-04,-1.6E-04));
#8659 = VECTOR('',#8660,1.);
#8660 = DIRECTION('',(-1.,0.));
#8661 = ( GEOMETRIC_REPRESENTATION_CONTEXT(2) 
PARAMETRIC_REPRESENTATION_CONTEXT() REPRESENTATION_CONTEXT('2D SPACE',''
  ) );
#8662 = ORIENTED_EDGE('',*,*,#8663,.T.);
#8663 = EDGE_CURVE('',#8636,#8664,#8666,.T.);
#8664 = VERTEX_POINT('',#8665);
#8665 = CARTESIAN_POINT('',(2.25E-03,-1.6E-04,9.999999999999E-05));
#8666 = SURFACE_CURVE('',#8667,(#8671,#8678),.PCURVE_S1.);
#8667 = LINE('',#8668,#8669);
#8668 = CARTESIAN_POINT('',(2.25E-03,-1.6E-04,1.899999999998E-03));
#8669 = VECTOR('',#8670,1.E-03);
#8670 = DIRECTION('',(0.,0.,-1.));
#8671 = PCURVE('',#8159,#8672);
#8672 = DEFINITIONAL_REPRESENTATION('',(#8673),#8677);
#8673 = LINE('',#8674,#8675);
#8674 = CARTESIAN_POINT('',(-5.04999999998E-04,-6.5E-04));
#8675 = VECTOR('',#8676,1.);
#8676 = DIRECTION('',(1.,0.));
#8677 = ( GEOMETRIC_REPRESENTATION_CONTEXT(2) 
PARAMETRIC_REPRESENTATION_CONTEXT() REPRESENTATION_CONTEXT('2D SPACE',''
  ) );
#8678 = PCURVE('',#8679,#8684);
#8679 = PLANE('',#8680);
#8680 = AXIS2_PLACEMENT_3D('',#8681,#8682,#8683);
#8681 = CARTESIAN_POINT('',(2.25E-03,0.,9.99999999999E-04));
#8682 = DIRECTION('',(-1.,0.,0.));
#8683 = DIRECTION('',(0.,0.,-1.));
#8684 = DEFINITIONAL_REPRESENTATION('',(#8685),#8689);
#8685 = LINE('',#8686,#8687);
#8686 = CARTESIAN_POINT('',(-8.99999999999E-04,1.6E-04));
#8687 = VECTOR('',#8688,1.);
#8688 = DIRECTION('',(1.,0.));
#8689 = ( GEOMETRIC_REPRESENTATION_CONTEXT(2) 
PARAMETRIC_REPRESENTATION_CONTEXT() REPRESENTATION_CONTEXT('2D SPACE',''
  ) );
#8690 = ORIENTED_EDGE('',*,*,#8691,.F.);
#8691 = EDGE_CURVE('',#8494,#8664,#8692,.T.);
#8692 = SURFACE_CURVE('',#8693,(#8697,#8704),.PCURVE_S1.);
#8693 = LINE('',#8694,#8695);
#8694 = CARTESIAN_POINT('',(1.05E-03,-1.6E-04,9.999999999999E-05));
#8695 = VECTOR('',#8696,1.E-03);
#8696 = DIRECTION('',(1.,0.,0.));
#8697 = PCURVE('',#8159,#8698);
#8698 = DEFINITIONAL_REPRESENTATION('',(#8699),#8703);
#8699 = LINE('',#8700,#8701);
#8700 = CARTESIAN_POINT('',(1.295E-03,-1.85E-03));
#8701 = VECTOR('',#8702,1.);
#8702 = DIRECTION('',(0.,1.));
#8703 = ( GEOMETRIC_REPRESENTATION_CONTEXT(2) 
PARAMETRIC_REPRESENTATION_CONTEXT() REPRESENTATION_CONTEXT('2D SPACE',''
  ) );
#8704 = PCURVE('',#8705,#8710);
#8705 = PLANE('',#8706);
#8706 = AXIS2_PLACEMENT_3D('',#8707,#8708,#8709);
#8707 = CARTESIAN_POINT('',(1.65E-03,0.,9.999999999999E-05));
#8708 = DIRECTION('',(0.,0.,1.));
#8709 = DIRECTION('',(1.,0.,0.));
#8710 = DEFINITIONAL_REPRESENTATION('',(#8711),#8715);
#8711 = LINE('',#8712,#8713);
#8712 = CARTESIAN_POINT('',(-6.E-04,-1.6E-04));
#8713 = VECTOR('',#8714,1.);
#8714 = DIRECTION('',(1.,0.));
#8715 = ( GEOMETRIC_REPRESENTATION_CONTEXT(2) 
PARAMETRIC_REPRESENTATION_CONTEXT() REPRESENTATION_CONTEXT('2D SPACE',''
  ) );
#8716 = ADVANCED_FACE('',(#8717),#8705,.T.);
#8717 = FACE_BOUND('',#8718,.T.);
#8718 = EDGE_LOOP('',(#8719,#8742,#8743,#8766));
#8719 = ORIENTED_EDGE('',*,*,#8720,.F.);
#8720 = EDGE_CURVE('',#8494,#8721,#8723,.T.);
#8721 = VERTEX_POINT('',#8722);
#8722 = CARTESIAN_POINT('',(1.05E-03,1.6E-04,9.999999999999E-05));
#8723 = SURFACE_CURVE('',#8724,(#8728,#8735),.PCURVE_S1.);
#8724 = LINE('',#8725,#8726);
#8725 = CARTESIAN_POINT('',(1.05E-03,-1.6E-04,9.999999999999E-05));
#8726 = VECTOR('',#8727,1.E-03);
#8727 = DIRECTION('',(0.,1.,0.));
#8728 = PCURVE('',#8705,#8729);
#8729 = DEFINITIONAL_REPRESENTATION('',(#8730),#8734);
#8730 = LINE('',#8731,#8732);
#8731 = CARTESIAN_POINT('',(-6.E-04,-1.6E-04));
#8732 = VECTOR('',#8733,1.);
#8733 = DIRECTION('',(0.,1.));
#8734 = ( GEOMETRIC_REPRESENTATION_CONTEXT(2) 
PARAMETRIC_REPRESENTATION_CONTEXT() REPRESENTATION_CONTEXT('2D SPACE',''
  ) );
#8735 = PCURVE('',#8511,#8736);
#8736 = DEFINITIONAL_REPRESENTATION('',(#8737),#8741);
#8737 = LINE('',#8738,#8739);
#8738 = CARTESIAN_POINT('',(-8.99999999999E-04,1.6E-04));
#8739 = VECTOR('',#8740,1.);
#8740 = DIRECTION('',(0.,-1.));
#8741 = ( GEOMETRIC_REPRESENTATION_CONTEXT(2) 
PARAMETRIC_REPRESENTATION_CONTEXT() REPRESENTATION_CONTEXT('2D SPACE',''
  ) );
#8742 = ORIENTED_EDGE('',*,*,#8691,.T.);
#8743 = ORIENTED_EDGE('',*,*,#8744,.T.);
#8744 = EDGE_CURVE('',#8664,#8745,#8747,.T.);
#8745 = VERTEX_POINT('',#8746);
#8746 = CARTESIAN_POINT('',(2.25E-03,1.6E-04,9.999999999999E-05));
#8747 = SURFACE_CURVE('',#8748,(#8752,#8759),.PCURVE_S1.);
#8748 = LINE('',#8749,#8750);
#8749 = CARTESIAN_POINT('',(2.25E-03,-1.6E-04,9.999999999999E-05));
#8750 = VECTOR('',#8751,1.E-03);
#8751 = DIRECTION('',(0.,1.,0.));
#8752 = PCURVE('',#8705,#8753);
#8753 = DEFINITIONAL_REPRESENTATION('',(#8754),#8758);
#8754 = LINE('',#8755,#8756);
#8755 = CARTESIAN_POINT('',(6.E-04,-1.6E-04));
#8756 = VECTOR('',#8757,1.);
#8757 = DIRECTION('',(0.,1.));
#8758 = ( GEOMETRIC_REPRESENTATION_CONTEXT(2) 
PARAMETRIC_REPRESENTATION_CONTEXT() REPRESENTATION_CONTEXT('2D SPACE',''
  ) );
#8759 = PCURVE('',#8679,#8760);
#8760 = DEFINITIONAL_REPRESENTATION('',(#8761),#8765);
#8761 = LINE('',#8762,#8763);
#8762 = CARTESIAN_POINT('',(8.99999999999E-04,1.6E-04));
#8763 = VECTOR('',#8764,1.);
#8764 = DIRECTION('',(0.,-1.));
#8765 = ( GEOMETRIC_REPRESENTATION_CONTEXT(2) 
PARAMETRIC_REPRESENTATION_CONTEXT() REPRESENTATION_CONTEXT('2D SPACE',''
  ) );
#8766 = ORIENTED_EDGE('',*,*,#8767,.F.);
#8767 = EDGE_CURVE('',#8721,#8745,#8768,.T.);
#8768 = SURFACE_CURVE('',#8769,(#8773,#8780),.PCURVE_S1.);
#8769 = LINE('',#8770,#8771);
#8770 = CARTESIAN_POINT('',(1.05E-03,1.6E-04,9.999999999999E-05));
#8771 = VECTOR('',#8772,1.E-03);
#8772 = DIRECTION('',(1.,0.,0.));
#8773 = PCURVE('',#8705,#8774);
#8774 = DEFINITIONAL_REPRESENTATION('',(#8775),#8779);
#8775 = LINE('',#8776,#8777);
#8776 = CARTESIAN_POINT('',(-6.E-04,1.6E-04));
#8777 = VECTOR('',#8778,1.);
#8778 = DIRECTION('',(1.,0.));
#8779 = ( GEOMETRIC_REPRESENTATION_CONTEXT(2) 
PARAMETRIC_REPRESENTATION_CONTEXT() REPRESENTATION_CONTEXT('2D SPACE',''
  ) );
#8780 = PCURVE('',#8781,#8786);
#8781 = PLANE('',#8782);
#8782 = AXIS2_PLACEMENT_3D('',#8783,#8784,#8785);
#8783 = CARTESIAN_POINT('',(2.9E-03,1.6E-04,1.395E-03));
#8784 = DIRECTION('',(0.,1.,0.));
#8785 = DIRECTION('',(0.,0.,1.));
#8786 = DEFINITIONAL_REPRESENTATION('',(#8787),#8791);
#8787 = LINE('',#8788,#8789);
#8788 = CARTESIAN_POINT('',(-1.295E-03,-1.85E-03));
#8789 = VECTOR('',#8790,1.);
#8790 = DIRECTION('',(0.,1.));
#8791 = ( GEOMETRIC_REPRESENTATION_CONTEXT(2) 
PARAMETRIC_REPRESENTATION_CONTEXT() REPRESENTATION_CONTEXT('2D SPACE',''
  ) );
#8792 = ADVANCED_FACE('',(#8793,#8887,#9073),#8781,.T.);
#8793 = FACE_BOUND('',#8794,.T.);
#8794 = EDGE_LOOP('',(#8795,#8820,#8843,#8866));
#8795 = ORIENTED_EDGE('',*,*,#8796,.T.);
#8796 = EDGE_CURVE('',#8797,#8799,#8801,.T.);
#8797 = VERTEX_POINT('',#8798);
#8798 = CARTESIAN_POINT('',(5.8E-03,1.6E-04,0.));
#8799 = VERTEX_POINT('',#8800);
#8800 = CARTESIAN_POINT('',(1.353583911623E-19,1.6E-04,0.));
#8801 = SURFACE_CURVE('',#8802,(#8806,#8813),.PCURVE_S1.);
#8802 = LINE('',#8803,#8804);
#8803 = CARTESIAN_POINT('',(5.8E-03,1.6E-04,0.));
#8804 = VECTOR('',#8805,1.E-03);
#8805 = DIRECTION('',(-1.,0.,0.));
#8806 = PCURVE('',#8781,#8807);
#8807 = DEFINITIONAL_REPRESENTATION('',(#8808),#8812);
#8808 = LINE('',#8809,#8810);
#8809 = CARTESIAN_POINT('',(-1.395E-03,2.9E-03));
#8810 = VECTOR('',#8811,1.);
#8811 = DIRECTION('',(0.,-1.));
#8812 = ( GEOMETRIC_REPRESENTATION_CONTEXT(2) 
PARAMETRIC_REPRESENTATION_CONTEXT() REPRESENTATION_CONTEXT('2D SPACE',''
  ) );
#8813 = PCURVE('',#8171,#8814);
#8814 = DEFINITIONAL_REPRESENTATION('',(#8815),#8819);
#8815 = LINE('',#8816,#8817);
#8816 = CARTESIAN_POINT('',(-2.9E-03,1.6E-04));
#8817 = VECTOR('',#8818,1.);
#8818 = DIRECTION('',(1.,0.));
#8819 = ( GEOMETRIC_REPRESENTATION_CONTEXT(2) 
PARAMETRIC_REPRESENTATION_CONTEXT() REPRESENTATION_CONTEXT('2D SPACE',''
  ) );
#8820 = ORIENTED_EDGE('',*,*,#8821,.T.);
#8821 = EDGE_CURVE('',#8799,#8822,#8824,.T.);
#8822 = VERTEX_POINT('',#8823);
#8823 = CARTESIAN_POINT('',(1.353583911623E-19,1.6E-04,2.79E-03));
#8824 = SURFACE_CURVE('',#8825,(#8829,#8836),.PCURVE_S1.);
#8825 = LINE('',#8826,#8827);
#8826 = CARTESIAN_POINT('',(1.353583911623E-19,1.6E-04,0.));
#8827 = VECTOR('',#8828,1.E-03);
#8828 = DIRECTION('',(0.,0.,1.));
#8829 = PCURVE('',#8781,#8830);
#8830 = DEFINITIONAL_REPRESENTATION('',(#8831),#8835);
#8831 = LINE('',#8832,#8833);
#8832 = CARTESIAN_POINT('',(-1.395E-03,-2.9E-03));
#8833 = VECTOR('',#8834,1.);
#8834 = DIRECTION('',(1.,0.));
#8835 = ( GEOMETRIC_REPRESENTATION_CONTEXT(2) 
PARAMETRIC_REPRESENTATION_CONTEXT() REPRESENTATION_CONTEXT('2D SPACE',''
  ) );
#8836 = PCURVE('',#8253,#8837);
#8837 = DEFINITIONAL_REPRESENTATION('',(#8838),#8842);
#8838 = LINE('',#8839,#8840);
#8839 = CARTESIAN_POINT('',(-2.262741699797E-04,-1.395E-03));
#8840 = VECTOR('',#8841,1.);
#8841 = DIRECTION('',(0.,1.));
#8842 = ( GEOMETRIC_REPRESENTATION_CONTEXT(2) 
PARAMETRIC_REPRESENTATION_CONTEXT() REPRESENTATION_CONTEXT('2D SPACE',''
  ) );
#8843 = ORIENTED_EDGE('',*,*,#8844,.T.);
#8844 = EDGE_CURVE('',#8822,#8845,#8847,.T.);
#8845 = VERTEX_POINT('',#8846);
#8846 = CARTESIAN_POINT('',(5.8E-03,1.6E-04,2.79E-03));
#8847 = SURFACE_CURVE('',#8848,(#8852,#8859),.PCURVE_S1.);
#8848 = LINE('',#8849,#8850);
#8849 = CARTESIAN_POINT('',(1.353583911623E-19,1.6E-04,2.79E-03));
#8850 = VECTOR('',#8851,1.E-03);
#8851 = DIRECTION('',(1.,0.,0.));
#8852 = PCURVE('',#8781,#8853);
#8853 = DEFINITIONAL_REPRESENTATION('',(#8854),#8858);
#8854 = LINE('',#8855,#8856);
#8855 = CARTESIAN_POINT('',(1.395E-03,-2.9E-03));
#8856 = VECTOR('',#8857,1.);
#8857 = DIRECTION('',(0.,1.));
#8858 = ( GEOMETRIC_REPRESENTATION_CONTEXT(2) 
PARAMETRIC_REPRESENTATION_CONTEXT() REPRESENTATION_CONTEXT('2D SPACE',''
  ) );
#8859 = PCURVE('',#8227,#8860);
#8860 = DEFINITIONAL_REPRESENTATION('',(#8861),#8865);
#8861 = LINE('',#8862,#8863);
#8862 = CARTESIAN_POINT('',(-2.9E-03,1.6E-04));
#8863 = VECTOR('',#8864,1.);
#8864 = DIRECTION('',(1.,0.));
#8865 = ( GEOMETRIC_REPRESENTATION_CONTEXT(2) 
PARAMETRIC_REPRESENTATION_CONTEXT() REPRESENTATION_CONTEXT('2D SPACE',''
  ) );
#8866 = ORIENTED_EDGE('',*,*,#8867,.F.);
#8867 = EDGE_CURVE('',#8797,#8845,#8868,.T.);
#8868 = SURFACE_CURVE('',#8869,(#8873,#8880),.PCURVE_S1.);
#8869 = LINE('',#8870,#8871);
#8870 = CARTESIAN_POINT('',(5.8E-03,1.6E-04,0.));
#8871 = VECTOR('',#8872,1.E-03);
#8872 = DIRECTION('',(0.,0.,1.));
#8873 = PCURVE('',#8781,#8874);
#8874 = DEFINITIONAL_REPRESENTATION('',(#8875),#8879);
#8875 = LINE('',#8876,#8877);
#8876 = CARTESIAN_POINT('',(-1.395E-03,2.9E-03));
#8877 = VECTOR('',#8878,1.);
#8878 = DIRECTION('',(1.,0.));
#8879 = ( GEOMETRIC_REPRESENTATION_CONTEXT(2) 
PARAMETRIC_REPRESENTATION_CONTEXT() REPRESENTATION_CONTEXT('2D SPACE',''
  ) );
#8880 = PCURVE('',#8199,#8881);
#8881 = DEFINITIONAL_REPRESENTATION('',(#8882),#8886);
#8882 = LINE('',#8883,#8884);
#8883 = CARTESIAN_POINT('',(2.262741699797E-04,-1.395E-03));
#8884 = VECTOR('',#8885,1.);
#8885 = DIRECTION('',(0.,1.));
#8886 = ( GEOMETRIC_REPRESENTATION_CONTEXT(2) 
PARAMETRIC_REPRESENTATION_CONTEXT() REPRESENTATION_CONTEXT('2D SPACE',''
  ) );
#8887 = FACE_BOUND('',#8888,.T.);
#8888 = EDGE_LOOP('',(#8889,#8914,#8937,#8960,#8983,#9006,#9029,#9052));
#8889 = ORIENTED_EDGE('',*,*,#8890,.T.);
#8890 = EDGE_CURVE('',#8891,#8893,#8895,.T.);
#8891 = VERTEX_POINT('',#8892);
#8892 = CARTESIAN_POINT('',(3.55E-03,1.6E-04,1.899999999998E-03));
#8893 = VERTEX_POINT('',#8894);
#8894 = CARTESIAN_POINT('',(3.55E-03,1.6E-04,1.E-04));
#8895 = SURFACE_CURVE('',#8896,(#8900,#8907),.PCURVE_S1.);
#8896 = LINE('',#8897,#8898);
#8897 = CARTESIAN_POINT('',(3.55E-03,1.6E-04,1.899999999998E-03));
#8898 = VECTOR('',#8899,1.E-03);
#8899 = DIRECTION('',(0.,0.,-1.));
#8900 = PCURVE('',#8781,#8901);
#8901 = DEFINITIONAL_REPRESENTATION('',(#8902),#8906);
#8902 = LINE('',#8903,#8904);
#8903 = CARTESIAN_POINT('',(5.04999999998E-04,6.5E-04));
#8904 = VECTOR('',#8905,1.);
#8905 = DIRECTION('',(-1.,0.));
#8906 = ( GEOMETRIC_REPRESENTATION_CONTEXT(2) 
PARAMETRIC_REPRESENTATION_CONTEXT() REPRESENTATION_CONTEXT('2D SPACE',''
  ) );
#8907 = PCURVE('',#8285,#8908);
#8908 = DEFINITIONAL_REPRESENTATION('',(#8909),#8913);
#8909 = LINE('',#8910,#8911);
#8910 = CARTESIAN_POINT('',(8.99999999999E-04,-1.6E-04));
#8911 = VECTOR('',#8912,1.);
#8912 = DIRECTION('',(-1.,0.));
#8913 = ( GEOMETRIC_REPRESENTATION_CONTEXT(2) 
PARAMETRIC_REPRESENTATION_CONTEXT() REPRESENTATION_CONTEXT('2D SPACE',''
  ) );
#8914 = ORIENTED_EDGE('',*,*,#8915,.T.);
#8915 = EDGE_CURVE('',#8893,#8916,#8918,.T.);
#8916 = VERTEX_POINT('',#8917);
#8917 = CARTESIAN_POINT('',(4.75E-03,1.6E-04,1.E-04));
#8918 = SURFACE_CURVE('',#8919,(#8923,#8930),.PCURVE_S1.);
#8919 = LINE('',#8920,#8921);
#8920 = CARTESIAN_POINT('',(3.55E-03,1.6E-04,1.E-04));
#8921 = VECTOR('',#8922,1.E-03);
#8922 = DIRECTION('',(1.,0.,0.));
#8923 = PCURVE('',#8781,#8924);
#8924 = DEFINITIONAL_REPRESENTATION('',(#8925),#8929);
#8925 = LINE('',#8926,#8927);
#8926 = CARTESIAN_POINT('',(-1.295E-03,6.5E-04));
#8927 = VECTOR('',#8928,1.);
#8928 = DIRECTION('',(0.,1.));
#8929 = ( GEOMETRIC_REPRESENTATION_CONTEXT(2) 
PARAMETRIC_REPRESENTATION_CONTEXT() REPRESENTATION_CONTEXT('2D SPACE',''
  ) );
#8930 = PCURVE('',#8479,#8931);
#8931 = DEFINITIONAL_REPRESENTATION('',(#8932),#8936);
#8932 = LINE('',#8933,#8934);
#8933 = CARTESIAN_POINT('',(-6.E-04,1.6E-04));
#8934 = VECTOR('',#8935,1.);
#8935 = DIRECTION('',(1.,0.));
#8936 = ( GEOMETRIC_REPRESENTATION_CONTEXT(2) 
PARAMETRIC_REPRESENTATION_CONTEXT() REPRESENTATION_CONTEXT('2D SPACE',''
  ) );
#8937 = ORIENTED_EDGE('',*,*,#8938,.T.);
#8938 = EDGE_CURVE('',#8916,#8939,#8941,.T.);
#8939 = VERTEX_POINT('',#8940);
#8940 = CARTESIAN_POINT('',(4.75E-03,1.6E-04,1.899999999998E-03));
#8941 = SURFACE_CURVE('',#8942,(#8946,#8953),.PCURVE_S1.);
#8942 = LINE('',#8943,#8944);
#8943 = CARTESIAN_POINT('',(4.75E-03,1.6E-04,1.E-04));
#8944 = VECTOR('',#8945,1.E-03);
#8945 = DIRECTION('',(0.,0.,1.));
#8946 = PCURVE('',#8781,#8947);
#8947 = DEFINITIONAL_REPRESENTATION('',(#8948),#8952);
#8948 = LINE('',#8949,#8950);
#8949 = CARTESIAN_POINT('',(-1.295E-03,1.85E-03));
#8950 = VECTOR('',#8951,1.);
#8951 = DIRECTION('',(1.,0.));
#8952 = ( GEOMETRIC_REPRESENTATION_CONTEXT(2) 
PARAMETRIC_REPRESENTATION_CONTEXT() REPRESENTATION_CONTEXT('2D SPACE',''
  ) );
#8953 = PCURVE('',#8453,#8954);
#8954 = DEFINITIONAL_REPRESENTATION('',(#8955),#8959);
#8955 = LINE('',#8956,#8957);
#8956 = CARTESIAN_POINT('',(8.99999999999E-04,-1.6E-04));
#8957 = VECTOR('',#8958,1.);
#8958 = DIRECTION('',(-1.,-0.));
#8959 = ( GEOMETRIC_REPRESENTATION_CONTEXT(2) 
PARAMETRIC_REPRESENTATION_CONTEXT() REPRESENTATION_CONTEXT('2D SPACE',''
  ) );
#8960 = ORIENTED_EDGE('',*,*,#8961,.T.);
#8961 = EDGE_CURVE('',#8939,#8962,#8964,.T.);
#8962 = VERTEX_POINT('',#8963);
#8963 = CARTESIAN_POINT('',(4.95E-03,1.6E-04,1.899999999998E-03));
#8964 = SURFACE_CURVE('',#8965,(#8969,#8976),.PCURVE_S1.);
#8965 = LINE('',#8966,#8967);
#8966 = CARTESIAN_POINT('',(4.75E-03,1.6E-04,1.899999999998E-03));
#8967 = VECTOR('',#8968,1.E-03);
#8968 = DIRECTION('',(1.,0.,0.));
#8969 = PCURVE('',#8781,#8970);
#8970 = DEFINITIONAL_REPRESENTATION('',(#8971),#8975);
#8971 = LINE('',#8972,#8973);
#8972 = CARTESIAN_POINT('',(5.04999999998E-04,1.85E-03));
#8973 = VECTOR('',#8974,1.);
#8974 = DIRECTION('',(0.,1.));
#8975 = ( GEOMETRIC_REPRESENTATION_CONTEXT(2) 
PARAMETRIC_REPRESENTATION_CONTEXT() REPRESENTATION_CONTEXT('2D SPACE',''
  ) );
#8976 = PCURVE('',#8425,#8977);
#8977 = DEFINITIONAL_REPRESENTATION('',(#8978),#8982);
#8978 = LINE('',#8979,#8980);
#8979 = CARTESIAN_POINT('',(-1.E-04,1.6E-04));
#8980 = VECTOR('',#8981,1.);
#8981 = DIRECTION('',(1.,0.));
#8982 = ( GEOMETRIC_REPRESENTATION_CONTEXT(2) 
PARAMETRIC_REPRESENTATION_CONTEXT() REPRESENTATION_CONTEXT('2D SPACE',''
  ) );
#8983 = ORIENTED_EDGE('',*,*,#8984,.T.);
#8984 = EDGE_CURVE('',#8962,#8985,#8987,.T.);
#8985 = VERTEX_POINT('',#8986);
#8986 = CARTESIAN_POINT('',(4.95E-03,1.6E-04,2.019999999998E-03));
#8987 = SURFACE_CURVE('',#8988,(#8992,#8999),.PCURVE_S1.);
#8988 = LINE('',#8989,#8990);
#8989 = CARTESIAN_POINT('',(4.95E-03,1.6E-04,1.899999999998E-03));
#8990 = VECTOR('',#8991,1.E-03);
#8991 = DIRECTION('',(0.,0.,1.));
#8992 = PCURVE('',#8781,#8993);
#8993 = DEFINITIONAL_REPRESENTATION('',(#8994),#8998);
#8994 = LINE('',#8995,#8996);
#8995 = CARTESIAN_POINT('',(5.04999999998E-04,2.05E-03));
#8996 = VECTOR('',#8997,1.);
#8997 = DIRECTION('',(1.,0.));
#8998 = ( GEOMETRIC_REPRESENTATION_CONTEXT(2) 
PARAMETRIC_REPRESENTATION_CONTEXT() REPRESENTATION_CONTEXT('2D SPACE',''
  ) );
#8999 = PCURVE('',#8397,#9000);
#9000 = DEFINITIONAL_REPRESENTATION('',(#9001),#9005);
#9001 = LINE('',#9002,#9003);
#9002 = CARTESIAN_POINT('',(5.999999999999E-05,-1.6E-04));
#9003 = VECTOR('',#9004,1.);
#9004 = DIRECTION('',(-1.,-0.));
#9005 = ( GEOMETRIC_REPRESENTATION_CONTEXT(2) 
PARAMETRIC_REPRESENTATION_CONTEXT() REPRESENTATION_CONTEXT('2D SPACE',''
  ) );
#9006 = ORIENTED_EDGE('',*,*,#9007,.T.);
#9007 = EDGE_CURVE('',#8985,#9008,#9010,.T.);
#9008 = VERTEX_POINT('',#9009);
#9009 = CARTESIAN_POINT('',(3.35E-03,1.6E-04,2.019999999998E-03));
#9010 = SURFACE_CURVE('',#9011,(#9015,#9022),.PCURVE_S1.);
#9011 = LINE('',#9012,#9013);
#9012 = CARTESIAN_POINT('',(4.95E-03,1.6E-04,2.019999999998E-03));
#9013 = VECTOR('',#9014,1.E-03);
#9014 = DIRECTION('',(-1.,0.,0.));
#9015 = PCURVE('',#8781,#9016);
#9016 = DEFINITIONAL_REPRESENTATION('',(#9017),#9021);
#9017 = LINE('',#9018,#9019);
#9018 = CARTESIAN_POINT('',(6.24999999998E-04,2.05E-03));
#9019 = VECTOR('',#9020,1.);
#9020 = DIRECTION('',(0.,-1.));
#9021 = ( GEOMETRIC_REPRESENTATION_CONTEXT(2) 
PARAMETRIC_REPRESENTATION_CONTEXT() REPRESENTATION_CONTEXT('2D SPACE',''
  ) );
#9022 = PCURVE('',#8369,#9023);
#9023 = DEFINITIONAL_REPRESENTATION('',(#9024),#9028);
#9024 = LINE('',#9025,#9026);
#9025 = CARTESIAN_POINT('',(-8.E-04,1.6E-04));
#9026 = VECTOR('',#9027,1.);
#9027 = DIRECTION('',(1.,0.));
#9028 = ( GEOMETRIC_REPRESENTATION_CONTEXT(2) 
PARAMETRIC_REPRESENTATION_CONTEXT() REPRESENTATION_CONTEXT('2D SPACE',''
  ) );
#9029 = ORIENTED_EDGE('',*,*,#9030,.T.);
#9030 = EDGE_CURVE('',#9008,#9031,#9033,.T.);
#9031 = VERTEX_POINT('',#9032);
#9032 = CARTESIAN_POINT('',(3.35E-03,1.6E-04,1.899999999998E-03));
#9033 = SURFACE_CURVE('',#9034,(#9038,#9045),.PCURVE_S1.);
#9034 = LINE('',#9035,#9036);
#9035 = CARTESIAN_POINT('',(3.35E-03,1.6E-04,2.019999999998E-03));
#9036 = VECTOR('',#9037,1.E-03);
#9037 = DIRECTION('',(0.,0.,-1.));
#9038 = PCURVE('',#8781,#9039);
#9039 = DEFINITIONAL_REPRESENTATION('',(#9040),#9044);
#9040 = LINE('',#9041,#9042);
#9041 = CARTESIAN_POINT('',(6.24999999998E-04,4.5E-04));
#9042 = VECTOR('',#9043,1.);
#9043 = DIRECTION('',(-1.,0.));
#9044 = ( GEOMETRIC_REPRESENTATION_CONTEXT(2) 
PARAMETRIC_REPRESENTATION_CONTEXT() REPRESENTATION_CONTEXT('2D SPACE',''
  ) );
#9045 = PCURVE('',#8341,#9046);
#9046 = DEFINITIONAL_REPRESENTATION('',(#9047),#9051);
#9047 = LINE('',#9048,#9049);
#9048 = CARTESIAN_POINT('',(5.999999999999E-05,-1.6E-04));
#9049 = VECTOR('',#9050,1.);
#9050 = DIRECTION('',(-1.,0.));
#9051 = ( GEOMETRIC_REPRESENTATION_CONTEXT(2) 
PARAMETRIC_REPRESENTATION_CONTEXT() REPRESENTATION_CONTEXT('2D SPACE',''
  ) );
#9052 = ORIENTED_EDGE('',*,*,#9053,.F.);
#9053 = EDGE_CURVE('',#8891,#9031,#9054,.T.);
#9054 = SURFACE_CURVE('',#9055,(#9059,#9066),.PCURVE_S1.);
#9055 = LINE('',#9056,#9057);
#9056 = CARTESIAN_POINT('',(3.55E-03,1.6E-04,1.899999999998E-03));
#9057 = VECTOR('',#9058,1.E-03);
#9058 = DIRECTION('',(-1.,0.,0.));
#9059 = PCURVE('',#8781,#9060);
#9060 = DEFINITIONAL_REPRESENTATION('',(#9061),#9065);
#9061 = LINE('',#9062,#9063);
#9062 = CARTESIAN_POINT('',(5.04999999998E-04,6.5E-04));
#9063 = VECTOR('',#9064,1.);
#9064 = DIRECTION('',(0.,-1.));
#9065 = ( GEOMETRIC_REPRESENTATION_CONTEXT(2) 
PARAMETRIC_REPRESENTATION_CONTEXT() REPRESENTATION_CONTEXT('2D SPACE',''
  ) );
#9066 = PCURVE('',#8313,#9067);
#9067 = DEFINITIONAL_REPRESENTATION('',(#9068),#9072);
#9068 = LINE('',#9069,#9070);
#9069 = CARTESIAN_POINT('',(1.E-04,1.6E-04));
#9070 = VECTOR('',#9071,1.);
#9071 = DIRECTION('',(-1.,0.));
#9072 = ( GEOMETRIC_REPRESENTATION_CONTEXT(2) 
PARAMETRIC_REPRESENTATION_CONTEXT() REPRESENTATION_CONTEXT('2D SPACE',''
  ) );
#9073 = FACE_BOUND('',#9074,.T.);
#9074 = EDGE_LOOP('',(#9075,#9098,#9099,#9122,#9145,#9168,#9191,#9214));
#9075 = ORIENTED_EDGE('',*,*,#9076,.T.);
#9076 = EDGE_CURVE('',#9077,#8721,#9079,.T.);
#9077 = VERTEX_POINT('',#9078);
#9078 = CARTESIAN_POINT('',(1.05E-03,1.6E-04,1.899999999998E-03));
#9079 = SURFACE_CURVE('',#9080,(#9084,#9091),.PCURVE_S1.);
#9080 = LINE('',#9081,#9082);
#9081 = CARTESIAN_POINT('',(1.05E-03,1.6E-04,1.899999999998E-03));
#9082 = VECTOR('',#9083,1.E-03);
#9083 = DIRECTION('',(0.,0.,-1.));
#9084 = PCURVE('',#8781,#9085);
#9085 = DEFINITIONAL_REPRESENTATION('',(#9086),#9090);
#9086 = LINE('',#9087,#9088);
#9087 = CARTESIAN_POINT('',(5.04999999998E-04,-1.85E-03));
#9088 = VECTOR('',#9089,1.);
#9089 = DIRECTION('',(-1.,0.));
#9090 = ( GEOMETRIC_REPRESENTATION_CONTEXT(2) 
PARAMETRIC_REPRESENTATION_CONTEXT() REPRESENTATION_CONTEXT('2D SPACE',''
  ) );
#9091 = PCURVE('',#8511,#9092);
#9092 = DEFINITIONAL_REPRESENTATION('',(#9093),#9097);
#9093 = LINE('',#9094,#9095);
#9094 = CARTESIAN_POINT('',(8.99999999999E-04,-1.6E-04));
#9095 = VECTOR('',#9096,1.);
#9096 = DIRECTION('',(-1.,0.));
#9097 = ( GEOMETRIC_REPRESENTATION_CONTEXT(2) 
PARAMETRIC_REPRESENTATION_CONTEXT() REPRESENTATION_CONTEXT('2D SPACE',''
  ) );
#9098 = ORIENTED_EDGE('',*,*,#8767,.T.);
#9099 = ORIENTED_EDGE('',*,*,#9100,.T.);
#9100 = EDGE_CURVE('',#8745,#9101,#9103,.T.);
#9101 = VERTEX_POINT('',#9102);
#9102 = CARTESIAN_POINT('',(2.25E-03,1.6E-04,1.899999999998E-03));
#9103 = SURFACE_CURVE('',#9104,(#9108,#9115),.PCURVE_S1.);
#9104 = LINE('',#9105,#9106);
#9105 = CARTESIAN_POINT('',(2.25E-03,1.6E-04,9.999999999999E-05));
#9106 = VECTOR('',#9107,1.E-03);
#9107 = DIRECTION('',(0.,0.,1.));
#9108 = PCURVE('',#8781,#9109);
#9109 = DEFINITIONAL_REPRESENTATION('',(#9110),#9114);
#9110 = LINE('',#9111,#9112);
#9111 = CARTESIAN_POINT('',(-1.295E-03,-6.5E-04));
#9112 = VECTOR('',#9113,1.);
#9113 = DIRECTION('',(1.,0.));
#9114 = ( GEOMETRIC_REPRESENTATION_CONTEXT(2) 
PARAMETRIC_REPRESENTATION_CONTEXT() REPRESENTATION_CONTEXT('2D SPACE',''
  ) );
#9115 = PCURVE('',#8679,#9116);
#9116 = DEFINITIONAL_REPRESENTATION('',(#9117),#9121);
#9117 = LINE('',#9118,#9119);
#9118 = CARTESIAN_POINT('',(8.99999999999E-04,-1.6E-04));
#9119 = VECTOR('',#9120,1.);
#9120 = DIRECTION('',(-1.,-0.));
#9121 = ( GEOMETRIC_REPRESENTATION_CONTEXT(2) 
PARAMETRIC_REPRESENTATION_CONTEXT() REPRESENTATION_CONTEXT('2D SPACE',''
  ) );
#9122 = ORIENTED_EDGE('',*,*,#9123,.T.);
#9123 = EDGE_CURVE('',#9101,#9124,#9126,.T.);
#9124 = VERTEX_POINT('',#9125);
#9125 = CARTESIAN_POINT('',(2.45E-03,1.6E-04,1.899999999998E-03));
#9126 = SURFACE_CURVE('',#9127,(#9131,#9138),.PCURVE_S1.);
#9127 = LINE('',#9128,#9129);
#9128 = CARTESIAN_POINT('',(2.25E-03,1.6E-04,1.899999999998E-03));
#9129 = VECTOR('',#9130,1.E-03);
#9130 = DIRECTION('',(1.,0.,0.));
#9131 = PCURVE('',#8781,#9132);
#9132 = DEFINITIONAL_REPRESENTATION('',(#9133),#9137);
#9133 = LINE('',#9134,#9135);
#9134 = CARTESIAN_POINT('',(5.04999999998E-04,-6.5E-04));
#9135 = VECTOR('',#9136,1.);
#9136 = DIRECTION('',(0.,1.));
#9137 = ( GEOMETRIC_REPRESENTATION_CONTEXT(2) 
PARAMETRIC_REPRESENTATION_CONTEXT() REPRESENTATION_CONTEXT('2D SPACE',''
  ) );
#9138 = PCURVE('',#8651,#9139);
#9139 = DEFINITIONAL_REPRESENTATION('',(#9140),#9144);
#9140 = LINE('',#9141,#9142);
#9141 = CARTESIAN_POINT('',(-1.E-04,1.6E-04));
#9142 = VECTOR('',#9143,1.);
#9143 = DIRECTION('',(1.,0.));
#9144 = ( GEOMETRIC_REPRESENTATION_CONTEXT(2) 
PARAMETRIC_REPRESENTATION_CONTEXT() REPRESENTATION_CONTEXT('2D SPACE',''
  ) );
#9145 = ORIENTED_EDGE('',*,*,#9146,.T.);
#9146 = EDGE_CURVE('',#9124,#9147,#9149,.T.);
#9147 = VERTEX_POINT('',#9148);
#9148 = CARTESIAN_POINT('',(2.45E-03,1.6E-04,2.019999999998E-03));
#9149 = SURFACE_CURVE('',#9150,(#9154,#9161),.PCURVE_S1.);
#9150 = LINE('',#9151,#9152);
#9151 = CARTESIAN_POINT('',(2.45E-03,1.6E-04,1.899999999998E-03));
#9152 = VECTOR('',#9153,1.E-03);
#9153 = DIRECTION('',(0.,0.,1.));
#9154 = PCURVE('',#8781,#9155);
#9155 = DEFINITIONAL_REPRESENTATION('',(#9156),#9160);
#9156 = LINE('',#9157,#9158);
#9157 = CARTESIAN_POINT('',(5.04999999998E-04,-4.5E-04));
#9158 = VECTOR('',#9159,1.);
#9159 = DIRECTION('',(1.,0.));
#9160 = ( GEOMETRIC_REPRESENTATION_CONTEXT(2) 
PARAMETRIC_REPRESENTATION_CONTEXT() REPRESENTATION_CONTEXT('2D SPACE',''
  ) );
#9161 = PCURVE('',#8623,#9162);
#9162 = DEFINITIONAL_REPRESENTATION('',(#9163),#9167);
#9163 = LINE('',#9164,#9165);
#9164 = CARTESIAN_POINT('',(6.E-05,-1.6E-04));
#9165 = VECTOR('',#9166,1.);
#9166 = DIRECTION('',(-1.,-0.));
#9167 = ( GEOMETRIC_REPRESENTATION_CONTEXT(2) 
PARAMETRIC_REPRESENTATION_CONTEXT() REPRESENTATION_CONTEXT('2D SPACE',''
  ) );
#9168 = ORIENTED_EDGE('',*,*,#9169,.T.);
#9169 = EDGE_CURVE('',#9147,#9170,#9172,.T.);
#9170 = VERTEX_POINT('',#9171);
#9171 = CARTESIAN_POINT('',(8.5E-04,1.6E-04,2.019999999998E-03));
#9172 = SURFACE_CURVE('',#9173,(#9177,#9184),.PCURVE_S1.);
#9173 = LINE('',#9174,#9175);
#9174 = CARTESIAN_POINT('',(2.45E-03,1.6E-04,2.019999999998E-03));
#9175 = VECTOR('',#9176,1.E-03);
#9176 = DIRECTION('',(-1.,0.,0.));
#9177 = PCURVE('',#8781,#9178);
#9178 = DEFINITIONAL_REPRESENTATION('',(#9179),#9183);
#9179 = LINE('',#9180,#9181);
#9180 = CARTESIAN_POINT('',(6.24999999998E-04,-4.5E-04));
#9181 = VECTOR('',#9182,1.);
#9182 = DIRECTION('',(0.,-1.));
#9183 = ( GEOMETRIC_REPRESENTATION_CONTEXT(2) 
PARAMETRIC_REPRESENTATION_CONTEXT() REPRESENTATION_CONTEXT('2D SPACE',''
  ) );
#9184 = PCURVE('',#8595,#9185);
#9185 = DEFINITIONAL_REPRESENTATION('',(#9186),#9190);
#9186 = LINE('',#9187,#9188);
#9187 = CARTESIAN_POINT('',(-8.E-04,1.6E-04));
#9188 = VECTOR('',#9189,1.);
#9189 = DIRECTION('',(1.,0.));
#9190 = ( GEOMETRIC_REPRESENTATION_CONTEXT(2) 
PARAMETRIC_REPRESENTATION_CONTEXT() REPRESENTATION_CONTEXT('2D SPACE',''
  ) );
#9191 = ORIENTED_EDGE('',*,*,#9192,.T.);
#9192 = EDGE_CURVE('',#9170,#9193,#9195,.T.);
#9193 = VERTEX_POINT('',#9194);
#9194 = CARTESIAN_POINT('',(8.5E-04,1.6E-04,1.899999999998E-03));
#9195 = SURFACE_CURVE('',#9196,(#9200,#9207),.PCURVE_S1.);
#9196 = LINE('',#9197,#9198);
#9197 = CARTESIAN_POINT('',(8.5E-04,1.6E-04,2.019999999998E-03));
#9198 = VECTOR('',#9199,1.E-03);
#9199 = DIRECTION('',(0.,0.,-1.));
#9200 = PCURVE('',#8781,#9201);
#9201 = DEFINITIONAL_REPRESENTATION('',(#9202),#9206);
#9202 = LINE('',#9203,#9204);
#9203 = CARTESIAN_POINT('',(6.24999999998E-04,-2.05E-03));
#9204 = VECTOR('',#9205,1.);
#9205 = DIRECTION('',(-1.,0.));
#9206 = ( GEOMETRIC_REPRESENTATION_CONTEXT(2) 
PARAMETRIC_REPRESENTATION_CONTEXT() REPRESENTATION_CONTEXT('2D SPACE',''
  ) );
#9207 = PCURVE('',#8567,#9208);
#9208 = DEFINITIONAL_REPRESENTATION('',(#9209),#9213);
#9209 = LINE('',#9210,#9211);
#9210 = CARTESIAN_POINT('',(6.E-05,-1.6E-04));
#9211 = VECTOR('',#9212,1.);
#9212 = DIRECTION('',(-1.,0.));
#9213 = ( GEOMETRIC_REPRESENTATION_CONTEXT(2) 
PARAMETRIC_REPRESENTATION_CONTEXT() REPRESENTATION_CONTEXT('2D SPACE',''
  ) );
#9214 = ORIENTED_EDGE('',*,*,#9215,.F.);
#9215 = EDGE_CURVE('',#9077,#9193,#9216,.T.);
#9216 = SURFACE_CURVE('',#9217,(#9221,#9228),.PCURVE_S1.);
#9217 = LINE('',#9218,#9219);
#9218 = CARTESIAN_POINT('',(1.05E-03,1.6E-04,1.899999999998E-03));
#9219 = VECTOR('',#9220,1.E-03);
#9220 = DIRECTION('',(-1.,0.,0.));
#9221 = PCURVE('',#8781,#9222);
#9222 = DEFINITIONAL_REPRESENTATION('',(#9223),#9227);
#9223 = LINE('',#9224,#9225);
#9224 = CARTESIAN_POINT('',(5.04999999998E-04,-1.85E-03));
#9225 = VECTOR('',#9226,1.);
#9226 = DIRECTION('',(0.,-1.));
#9227 = ( GEOMETRIC_REPRESENTATION_CONTEXT(2) 
PARAMETRIC_REPRESENTATION_CONTEXT() REPRESENTATION_CONTEXT('2D SPACE',''
  ) );
#9228 = PCURVE('',#8539,#9229);
#9229 = DEFINITIONAL_REPRESENTATION('',(#9230),#9234);
#9230 = LINE('',#9231,#9232);
#9231 = CARTESIAN_POINT('',(1.E-04,1.6E-04));
#9232 = VECTOR('',#9233,1.);
#9233 = DIRECTION('',(-1.,0.));
#9234 = ( GEOMETRIC_REPRESENTATION_CONTEXT(2) 
PARAMETRIC_REPRESENTATION_CONTEXT() REPRESENTATION_CONTEXT('2D SPACE',''
  ) );
#9235 = ADVANCED_FACE('',(#9236),#8679,.T.);
#9236 = FACE_BOUND('',#9237,.T.);
#9237 = EDGE_LOOP('',(#9238,#9239,#9240,#9261));
#9238 = ORIENTED_EDGE('',*,*,#8744,.F.);
#9239 = ORIENTED_EDGE('',*,*,#8663,.F.);
#9240 = ORIENTED_EDGE('',*,*,#9241,.T.);
#9241 = EDGE_CURVE('',#8636,#9101,#9242,.T.);
#9242 = SURFACE_CURVE('',#9243,(#9247,#9254),.PCURVE_S1.);
#9243 = LINE('',#9244,#9245);
#9244 = CARTESIAN_POINT('',(2.25E-03,-1.6E-04,1.899999999998E-03));
#9245 = VECTOR('',#9246,1.E-03);
#9246 = DIRECTION('',(0.,1.,0.));
#9247 = PCURVE('',#8679,#9248);
#9248 = DEFINITIONAL_REPRESENTATION('',(#9249),#9253);
#9249 = LINE('',#9250,#9251);
#9250 = CARTESIAN_POINT('',(-8.99999999999E-04,1.6E-04));
#9251 = VECTOR('',#9252,1.);
#9252 = DIRECTION('',(0.,-1.));
#9253 = ( GEOMETRIC_REPRESENTATION_CONTEXT(2) 
PARAMETRIC_REPRESENTATION_CONTEXT() REPRESENTATION_CONTEXT('2D SPACE',''
  ) );
#9254 = PCURVE('',#8651,#9255);
#9255 = DEFINITIONAL_REPRESENTATION('',(#9256),#9260);
#9256 = LINE('',#9257,#9258);
#9257 = CARTESIAN_POINT('',(-1.E-04,-1.6E-04));
#9258 = VECTOR('',#9259,1.);
#9259 = DIRECTION('',(0.,1.));
#9260 = ( GEOMETRIC_REPRESENTATION_CONTEXT(2) 
PARAMETRIC_REPRESENTATION_CONTEXT() REPRESENTATION_CONTEXT('2D SPACE',''
  ) );
#9261 = ORIENTED_EDGE('',*,*,#9100,.F.);
#9262 = ADVANCED_FACE('',(#9263),#8651,.T.);
#9263 = FACE_BOUND('',#9264,.T.);
#9264 = EDGE_LOOP('',(#9265,#9286,#9287,#9288));
#9265 = ORIENTED_EDGE('',*,*,#9266,.T.);
#9266 = EDGE_CURVE('',#8608,#9124,#9267,.T.);
#9267 = SURFACE_CURVE('',#9268,(#9272,#9279),.PCURVE_S1.);
#9268 = LINE('',#9269,#9270);
#9269 = CARTESIAN_POINT('',(2.45E-03,-1.6E-04,1.899999999998E-03));
#9270 = VECTOR('',#9271,1.E-03);
#9271 = DIRECTION('',(0.,1.,0.));
#9272 = PCURVE('',#8651,#9273);
#9273 = DEFINITIONAL_REPRESENTATION('',(#9274),#9278);
#9274 = LINE('',#9275,#9276);
#9275 = CARTESIAN_POINT('',(1.E-04,-1.6E-04));
#9276 = VECTOR('',#9277,1.);
#9277 = DIRECTION('',(0.,1.));
#9278 = ( GEOMETRIC_REPRESENTATION_CONTEXT(2) 
PARAMETRIC_REPRESENTATION_CONTEXT() REPRESENTATION_CONTEXT('2D SPACE',''
  ) );
#9279 = PCURVE('',#8623,#9280);
#9280 = DEFINITIONAL_REPRESENTATION('',(#9281),#9285);
#9281 = LINE('',#9282,#9283);
#9282 = CARTESIAN_POINT('',(6.E-05,1.6E-04));
#9283 = VECTOR('',#9284,1.);
#9284 = DIRECTION('',(0.,-1.));
#9285 = ( GEOMETRIC_REPRESENTATION_CONTEXT(2) 
PARAMETRIC_REPRESENTATION_CONTEXT() REPRESENTATION_CONTEXT('2D SPACE',''
  ) );
#9286 = ORIENTED_EDGE('',*,*,#9123,.F.);
#9287 = ORIENTED_EDGE('',*,*,#9241,.F.);
#9288 = ORIENTED_EDGE('',*,*,#8635,.F.);
#9289 = ADVANCED_FACE('',(#9290),#8623,.T.);
#9290 = FACE_BOUND('',#9291,.T.);
#9291 = EDGE_LOOP('',(#9292,#9313,#9314,#9315));
#9292 = ORIENTED_EDGE('',*,*,#9293,.T.);
#9293 = EDGE_CURVE('',#8580,#9147,#9294,.T.);
#9294 = SURFACE_CURVE('',#9295,(#9299,#9306),.PCURVE_S1.);
#9295 = LINE('',#9296,#9297);
#9296 = CARTESIAN_POINT('',(2.45E-03,-1.6E-04,2.019999999998E-03));
#9297 = VECTOR('',#9298,1.E-03);
#9298 = DIRECTION('',(0.,1.,0.));
#9299 = PCURVE('',#8623,#9300);
#9300 = DEFINITIONAL_REPRESENTATION('',(#9301),#9305);
#9301 = LINE('',#9302,#9303);
#9302 = CARTESIAN_POINT('',(-5.999999999999E-05,1.6E-04));
#9303 = VECTOR('',#9304,1.);
#9304 = DIRECTION('',(0.,-1.));
#9305 = ( GEOMETRIC_REPRESENTATION_CONTEXT(2) 
PARAMETRIC_REPRESENTATION_CONTEXT() REPRESENTATION_CONTEXT('2D SPACE',''
  ) );
#9306 = PCURVE('',#8595,#9307);
#9307 = DEFINITIONAL_REPRESENTATION('',(#9308),#9312);
#9308 = LINE('',#9309,#9310);
#9309 = CARTESIAN_POINT('',(-8.E-04,-1.6E-04));
#9310 = VECTOR('',#9311,1.);
#9311 = DIRECTION('',(0.,1.));
#9312 = ( GEOMETRIC_REPRESENTATION_CONTEXT(2) 
PARAMETRIC_REPRESENTATION_CONTEXT() REPRESENTATION_CONTEXT('2D SPACE',''
  ) );
#9313 = ORIENTED_EDGE('',*,*,#9146,.F.);
#9314 = ORIENTED_EDGE('',*,*,#9266,.F.);
#9315 = ORIENTED_EDGE('',*,*,#8607,.F.);
#9316 = ADVANCED_FACE('',(#9317),#8595,.T.);
#9317 = FACE_BOUND('',#9318,.T.);
#9318 = EDGE_LOOP('',(#9319,#9340,#9341,#9342));
#9319 = ORIENTED_EDGE('',*,*,#9320,.T.);
#9320 = EDGE_CURVE('',#8552,#9170,#9321,.T.);
#9321 = SURFACE_CURVE('',#9322,(#9326,#9333),.PCURVE_S1.);
#9322 = LINE('',#9323,#9324);
#9323 = CARTESIAN_POINT('',(8.5E-04,-1.6E-04,2.019999999998E-03));
#9324 = VECTOR('',#9325,1.E-03);
#9325 = DIRECTION('',(0.,1.,0.));
#9326 = PCURVE('',#8595,#9327);
#9327 = DEFINITIONAL_REPRESENTATION('',(#9328),#9332);
#9328 = LINE('',#9329,#9330);
#9329 = CARTESIAN_POINT('',(8.E-04,-1.6E-04));
#9330 = VECTOR('',#9331,1.);
#9331 = DIRECTION('',(0.,1.));
#9332 = ( GEOMETRIC_REPRESENTATION_CONTEXT(2) 
PARAMETRIC_REPRESENTATION_CONTEXT() REPRESENTATION_CONTEXT('2D SPACE',''
  ) );
#9333 = PCURVE('',#8567,#9334);
#9334 = DEFINITIONAL_REPRESENTATION('',(#9335),#9339);
#9335 = LINE('',#9336,#9337);
#9336 = CARTESIAN_POINT('',(6.E-05,1.6E-04));
#9337 = VECTOR('',#9338,1.);
#9338 = DIRECTION('',(0.,-1.));
#9339 = ( GEOMETRIC_REPRESENTATION_CONTEXT(2) 
PARAMETRIC_REPRESENTATION_CONTEXT() REPRESENTATION_CONTEXT('2D SPACE',''
  ) );
#9340 = ORIENTED_EDGE('',*,*,#9169,.F.);
#9341 = ORIENTED_EDGE('',*,*,#9293,.F.);
#9342 = ORIENTED_EDGE('',*,*,#8579,.F.);
#9343 = ADVANCED_FACE('',(#9344),#8567,.T.);
#9344 = FACE_BOUND('',#9345,.T.);
#9345 = EDGE_LOOP('',(#9346,#9367,#9368,#9369));
#9346 = ORIENTED_EDGE('',*,*,#9347,.T.);
#9347 = EDGE_CURVE('',#8524,#9193,#9348,.T.);
#9348 = SURFACE_CURVE('',#9349,(#9353,#9360),.PCURVE_S1.);
#9349 = LINE('',#9350,#9351);
#9350 = CARTESIAN_POINT('',(8.5E-04,-1.6E-04,1.899999999998E-03));
#9351 = VECTOR('',#9352,1.E-03);
#9352 = DIRECTION('',(0.,1.,0.));
#9353 = PCURVE('',#8567,#9354);
#9354 = DEFINITIONAL_REPRESENTATION('',(#9355),#9359);
#9355 = LINE('',#9356,#9357);
#9356 = CARTESIAN_POINT('',(-5.999999999999E-05,1.6E-04));
#9357 = VECTOR('',#9358,1.);
#9358 = DIRECTION('',(0.,-1.));
#9359 = ( GEOMETRIC_REPRESENTATION_CONTEXT(2) 
PARAMETRIC_REPRESENTATION_CONTEXT() REPRESENTATION_CONTEXT('2D SPACE',''
  ) );
#9360 = PCURVE('',#8539,#9361);
#9361 = DEFINITIONAL_REPRESENTATION('',(#9362),#9366);
#9362 = LINE('',#9363,#9364);
#9363 = CARTESIAN_POINT('',(-1.E-04,-1.6E-04));
#9364 = VECTOR('',#9365,1.);
#9365 = DIRECTION('',(0.,1.));
#9366 = ( GEOMETRIC_REPRESENTATION_CONTEXT(2) 
PARAMETRIC_REPRESENTATION_CONTEXT() REPRESENTATION_CONTEXT('2D SPACE',''
  ) );
#9367 = ORIENTED_EDGE('',*,*,#9192,.F.);
#9368 = ORIENTED_EDGE('',*,*,#9320,.F.);
#9369 = ORIENTED_EDGE('',*,*,#8551,.F.);
#9370 = ADVANCED_FACE('',(#9371),#8539,.T.);
#9371 = FACE_BOUND('',#9372,.T.);
#9372 = EDGE_LOOP('',(#9373,#9394,#9395,#9396));
#9373 = ORIENTED_EDGE('',*,*,#9374,.T.);
#9374 = EDGE_CURVE('',#8496,#9077,#9375,.T.);
#9375 = SURFACE_CURVE('',#9376,(#9380,#9387),.PCURVE_S1.);
#9376 = LINE('',#9377,#9378);
#9377 = CARTESIAN_POINT('',(1.05E-03,-1.6E-04,1.899999999998E-03));
#9378 = VECTOR('',#9379,1.E-03);
#9379 = DIRECTION('',(0.,1.,0.));
#9380 = PCURVE('',#8539,#9381);
#9381 = DEFINITIONAL_REPRESENTATION('',(#9382),#9386);
#9382 = LINE('',#9383,#9384);
#9383 = CARTESIAN_POINT('',(1.E-04,-1.6E-04));
#9384 = VECTOR('',#9385,1.);
#9385 = DIRECTION('',(0.,1.));
#9386 = ( GEOMETRIC_REPRESENTATION_CONTEXT(2) 
PARAMETRIC_REPRESENTATION_CONTEXT() REPRESENTATION_CONTEXT('2D SPACE',''
  ) );
#9387 = PCURVE('',#8511,#9388);
#9388 = DEFINITIONAL_REPRESENTATION('',(#9389),#9393);
#9389 = LINE('',#9390,#9391);
#9390 = CARTESIAN_POINT('',(8.99999999999E-04,1.6E-04));
#9391 = VECTOR('',#9392,1.);
#9392 = DIRECTION('',(0.,-1.));
#9393 = ( GEOMETRIC_REPRESENTATION_CONTEXT(2) 
PARAMETRIC_REPRESENTATION_CONTEXT() REPRESENTATION_CONTEXT('2D SPACE',''
  ) );
#9394 = ORIENTED_EDGE('',*,*,#9215,.T.);
#9395 = ORIENTED_EDGE('',*,*,#9347,.F.);
#9396 = ORIENTED_EDGE('',*,*,#8523,.F.);
#9397 = ADVANCED_FACE('',(#9398),#8511,.T.);
#9398 = FACE_BOUND('',#9399,.T.);
#9399 = EDGE_LOOP('',(#9400,#9401,#9402,#9403));
#9400 = ORIENTED_EDGE('',*,*,#8720,.T.);
#9401 = ORIENTED_EDGE('',*,*,#9076,.F.);
#9402 = ORIENTED_EDGE('',*,*,#9374,.F.);
#9403 = ORIENTED_EDGE('',*,*,#8493,.F.);
#9404 = ADVANCED_FACE('',(#9405),#8479,.T.);
#9405 = FACE_BOUND('',#9406,.T.);
#9406 = EDGE_LOOP('',(#9407,#9428,#9429,#9450));
#9407 = ORIENTED_EDGE('',*,*,#9408,.F.);
#9408 = EDGE_CURVE('',#8268,#8893,#9409,.T.);
#9409 = SURFACE_CURVE('',#9410,(#9414,#9421),.PCURVE_S1.);
#9410 = LINE('',#9411,#9412);
#9411 = CARTESIAN_POINT('',(3.55E-03,-1.6E-04,1.E-04));
#9412 = VECTOR('',#9413,1.E-03);
#9413 = DIRECTION('',(0.,1.,0.));
#9414 = PCURVE('',#8479,#9415);
#9415 = DEFINITIONAL_REPRESENTATION('',(#9416),#9420);
#9416 = LINE('',#9417,#9418);
#9417 = CARTESIAN_POINT('',(-6.E-04,-1.6E-04));
#9418 = VECTOR('',#9419,1.);
#9419 = DIRECTION('',(0.,1.));
#9420 = ( GEOMETRIC_REPRESENTATION_CONTEXT(2) 
PARAMETRIC_REPRESENTATION_CONTEXT() REPRESENTATION_CONTEXT('2D SPACE',''
  ) );
#9421 = PCURVE('',#8285,#9422);
#9422 = DEFINITIONAL_REPRESENTATION('',(#9423),#9427);
#9423 = LINE('',#9424,#9425);
#9424 = CARTESIAN_POINT('',(-8.99999999999E-04,1.6E-04));
#9425 = VECTOR('',#9426,1.);
#9426 = DIRECTION('',(0.,-1.));
#9427 = ( GEOMETRIC_REPRESENTATION_CONTEXT(2) 
PARAMETRIC_REPRESENTATION_CONTEXT() REPRESENTATION_CONTEXT('2D SPACE',''
  ) );
#9428 = ORIENTED_EDGE('',*,*,#8465,.T.);
#9429 = ORIENTED_EDGE('',*,*,#9430,.T.);
#9430 = EDGE_CURVE('',#8438,#8916,#9431,.T.);
#9431 = SURFACE_CURVE('',#9432,(#9436,#9443),.PCURVE_S1.);
#9432 = LINE('',#9433,#9434);
#9433 = CARTESIAN_POINT('',(4.75E-03,-1.6E-04,1.E-04));
#9434 = VECTOR('',#9435,1.E-03);
#9435 = DIRECTION('',(0.,1.,0.));
#9436 = PCURVE('',#8479,#9437);
#9437 = DEFINITIONAL_REPRESENTATION('',(#9438),#9442);
#9438 = LINE('',#9439,#9440);
#9439 = CARTESIAN_POINT('',(6.E-04,-1.6E-04));
#9440 = VECTOR('',#9441,1.);
#9441 = DIRECTION('',(0.,1.));
#9442 = ( GEOMETRIC_REPRESENTATION_CONTEXT(2) 
PARAMETRIC_REPRESENTATION_CONTEXT() REPRESENTATION_CONTEXT('2D SPACE',''
  ) );
#9443 = PCURVE('',#8453,#9444);
#9444 = DEFINITIONAL_REPRESENTATION('',(#9445),#9449);
#9445 = LINE('',#9446,#9447);
#9446 = CARTESIAN_POINT('',(8.99999999999E-04,1.6E-04));
#9447 = VECTOR('',#9448,1.);
#9448 = DIRECTION('',(0.,-1.));
#9449 = ( GEOMETRIC_REPRESENTATION_CONTEXT(2) 
PARAMETRIC_REPRESENTATION_CONTEXT() REPRESENTATION_CONTEXT('2D SPACE',''
  ) );
#9450 = ORIENTED_EDGE('',*,*,#8915,.F.);
#9451 = ADVANCED_FACE('',(#9452),#8453,.T.);
#9452 = FACE_BOUND('',#9453,.T.);
#9453 = EDGE_LOOP('',(#9454,#9475,#9476,#9477));
#9454 = ORIENTED_EDGE('',*,*,#9455,.T.);
#9455 = EDGE_CURVE('',#8410,#8939,#9456,.T.);
#9456 = SURFACE_CURVE('',#9457,(#9461,#9468),.PCURVE_S1.);
#9457 = LINE('',#9458,#9459);
#9458 = CARTESIAN_POINT('',(4.75E-03,-1.6E-04,1.899999999998E-03));
#9459 = VECTOR('',#9460,1.E-03);
#9460 = DIRECTION('',(0.,1.,0.));
#9461 = PCURVE('',#8453,#9462);
#9462 = DEFINITIONAL_REPRESENTATION('',(#9463),#9467);
#9463 = LINE('',#9464,#9465);
#9464 = CARTESIAN_POINT('',(-8.99999999999E-04,1.6E-04));
#9465 = VECTOR('',#9466,1.);
#9466 = DIRECTION('',(0.,-1.));
#9467 = ( GEOMETRIC_REPRESENTATION_CONTEXT(2) 
PARAMETRIC_REPRESENTATION_CONTEXT() REPRESENTATION_CONTEXT('2D SPACE',''
  ) );
#9468 = PCURVE('',#8425,#9469);
#9469 = DEFINITIONAL_REPRESENTATION('',(#9470),#9474);
#9470 = LINE('',#9471,#9472);
#9471 = CARTESIAN_POINT('',(-1.E-04,-1.6E-04));
#9472 = VECTOR('',#9473,1.);
#9473 = DIRECTION('',(0.,1.));
#9474 = ( GEOMETRIC_REPRESENTATION_CONTEXT(2) 
PARAMETRIC_REPRESENTATION_CONTEXT() REPRESENTATION_CONTEXT('2D SPACE',''
  ) );
#9475 = ORIENTED_EDGE('',*,*,#8938,.F.);
#9476 = ORIENTED_EDGE('',*,*,#9430,.F.);
#9477 = ORIENTED_EDGE('',*,*,#8437,.F.);
#9478 = ADVANCED_FACE('',(#9479),#8425,.T.);
#9479 = FACE_BOUND('',#9480,.T.);
#9480 = EDGE_LOOP('',(#9481,#9502,#9503,#9504));
#9481 = ORIENTED_EDGE('',*,*,#9482,.T.);
#9482 = EDGE_CURVE('',#8382,#8962,#9483,.T.);
#9483 = SURFACE_CURVE('',#9484,(#9488,#9495),.PCURVE_S1.);
#9484 = LINE('',#9485,#9486);
#9485 = CARTESIAN_POINT('',(4.95E-03,-1.6E-04,1.899999999998E-03));
#9486 = VECTOR('',#9487,1.E-03);
#9487 = DIRECTION('',(0.,1.,0.));
#9488 = PCURVE('',#8425,#9489);
#9489 = DEFINITIONAL_REPRESENTATION('',(#9490),#9494);
#9490 = LINE('',#9491,#9492);
#9491 = CARTESIAN_POINT('',(1.E-04,-1.6E-04));
#9492 = VECTOR('',#9493,1.);
#9493 = DIRECTION('',(0.,1.));
#9494 = ( GEOMETRIC_REPRESENTATION_CONTEXT(2) 
PARAMETRIC_REPRESENTATION_CONTEXT() REPRESENTATION_CONTEXT('2D SPACE',''
  ) );
#9495 = PCURVE('',#8397,#9496);
#9496 = DEFINITIONAL_REPRESENTATION('',(#9497),#9501);
#9497 = LINE('',#9498,#9499);
#9498 = CARTESIAN_POINT('',(5.999999999999E-05,1.6E-04));
#9499 = VECTOR('',#9500,1.);
#9500 = DIRECTION('',(0.,-1.));
#9501 = ( GEOMETRIC_REPRESENTATION_CONTEXT(2) 
PARAMETRIC_REPRESENTATION_CONTEXT() REPRESENTATION_CONTEXT('2D SPACE',''
  ) );
#9502 = ORIENTED_EDGE('',*,*,#8961,.F.);
#9503 = ORIENTED_EDGE('',*,*,#9455,.F.);
#9504 = ORIENTED_EDGE('',*,*,#8409,.F.);
#9505 = ADVANCED_FACE('',(#9506),#8397,.T.);
#9506 = FACE_BOUND('',#9507,.T.);
#9507 = EDGE_LOOP('',(#9508,#9529,#9530,#9531));
#9508 = ORIENTED_EDGE('',*,*,#9509,.T.);
#9509 = EDGE_CURVE('',#8354,#8985,#9510,.T.);
#9510 = SURFACE_CURVE('',#9511,(#9515,#9522),.PCURVE_S1.);
#9511 = LINE('',#9512,#9513);
#9512 = CARTESIAN_POINT('',(4.95E-03,-1.6E-04,2.019999999998E-03));
#9513 = VECTOR('',#9514,1.E-03);
#9514 = DIRECTION('',(0.,1.,0.));
#9515 = PCURVE('',#8397,#9516);
#9516 = DEFINITIONAL_REPRESENTATION('',(#9517),#9521);
#9517 = LINE('',#9518,#9519);
#9518 = CARTESIAN_POINT('',(-5.999999999999E-05,1.6E-04));
#9519 = VECTOR('',#9520,1.);
#9520 = DIRECTION('',(0.,-1.));
#9521 = ( GEOMETRIC_REPRESENTATION_CONTEXT(2) 
PARAMETRIC_REPRESENTATION_CONTEXT() REPRESENTATION_CONTEXT('2D SPACE',''
  ) );
#9522 = PCURVE('',#8369,#9523);
#9523 = DEFINITIONAL_REPRESENTATION('',(#9524),#9528);
#9524 = LINE('',#9525,#9526);
#9525 = CARTESIAN_POINT('',(-8.E-04,-1.6E-04));
#9526 = VECTOR('',#9527,1.);
#9527 = DIRECTION('',(0.,1.));
#9528 = ( GEOMETRIC_REPRESENTATION_CONTEXT(2) 
PARAMETRIC_REPRESENTATION_CONTEXT() REPRESENTATION_CONTEXT('2D SPACE',''
  ) );
#9529 = ORIENTED_EDGE('',*,*,#8984,.F.);
#9530 = ORIENTED_EDGE('',*,*,#9482,.F.);
#9531 = ORIENTED_EDGE('',*,*,#8381,.F.);
#9532 = ADVANCED_FACE('',(#9533),#8369,.T.);
#9533 = FACE_BOUND('',#9534,.T.);
#9534 = EDGE_LOOP('',(#9535,#9556,#9557,#9558));
#9535 = ORIENTED_EDGE('',*,*,#9536,.T.);
#9536 = EDGE_CURVE('',#8326,#9008,#9537,.T.);
#9537 = SURFACE_CURVE('',#9538,(#9542,#9549),.PCURVE_S1.);
#9538 = LINE('',#9539,#9540);
#9539 = CARTESIAN_POINT('',(3.35E-03,-1.6E-04,2.019999999998E-03));
#9540 = VECTOR('',#9541,1.E-03);
#9541 = DIRECTION('',(0.,1.,0.));
#9542 = PCURVE('',#8369,#9543);
#9543 = DEFINITIONAL_REPRESENTATION('',(#9544),#9548);
#9544 = LINE('',#9545,#9546);
#9545 = CARTESIAN_POINT('',(8.E-04,-1.6E-04));
#9546 = VECTOR('',#9547,1.);
#9547 = DIRECTION('',(0.,1.));
#9548 = ( GEOMETRIC_REPRESENTATION_CONTEXT(2) 
PARAMETRIC_REPRESENTATION_CONTEXT() REPRESENTATION_CONTEXT('2D SPACE',''
  ) );
#9549 = PCURVE('',#8341,#9550);
#9550 = DEFINITIONAL_REPRESENTATION('',(#9551),#9555);
#9551 = LINE('',#9552,#9553);
#9552 = CARTESIAN_POINT('',(5.999999999999E-05,1.6E-04));
#9553 = VECTOR('',#9554,1.);
#9554 = DIRECTION('',(0.,-1.));
#9555 = ( GEOMETRIC_REPRESENTATION_CONTEXT(2) 
PARAMETRIC_REPRESENTATION_CONTEXT() REPRESENTATION_CONTEXT('2D SPACE',''
  ) );
#9556 = ORIENTED_EDGE('',*,*,#9007,.F.);
#9557 = ORIENTED_EDGE('',*,*,#9509,.F.);
#9558 = ORIENTED_EDGE('',*,*,#8353,.F.);
#9559 = ADVANCED_FACE('',(#9560),#8341,.T.);
#9560 = FACE_BOUND('',#9561,.T.);
#9561 = EDGE_LOOP('',(#9562,#9583,#9584,#9585));
#9562 = ORIENTED_EDGE('',*,*,#9563,.T.);
#9563 = EDGE_CURVE('',#8298,#9031,#9564,.T.);
#9564 = SURFACE_CURVE('',#9565,(#9569,#9576),.PCURVE_S1.);
#9565 = LINE('',#9566,#9567);
#9566 = CARTESIAN_POINT('',(3.35E-03,-1.6E-04,1.899999999998E-03));
#9567 = VECTOR('',#9568,1.E-03);
#9568 = DIRECTION('',(0.,1.,0.));
#9569 = PCURVE('',#8341,#9570);
#9570 = DEFINITIONAL_REPRESENTATION('',(#9571),#9575);
#9571 = LINE('',#9572,#9573);
#9572 = CARTESIAN_POINT('',(-5.999999999999E-05,1.6E-04));
#9573 = VECTOR('',#9574,1.);
#9574 = DIRECTION('',(0.,-1.));
#9575 = ( GEOMETRIC_REPRESENTATION_CONTEXT(2) 
PARAMETRIC_REPRESENTATION_CONTEXT() REPRESENTATION_CONTEXT('2D SPACE',''
  ) );
#9576 = PCURVE('',#8313,#9577);
#9577 = DEFINITIONAL_REPRESENTATION('',(#9578),#9582);
#9578 = LINE('',#9579,#9580);
#9579 = CARTESIAN_POINT('',(-1.E-04,-1.6E-04));
#9580 = VECTOR('',#9581,1.);
#9581 = DIRECTION('',(0.,1.));
#9582 = ( GEOMETRIC_REPRESENTATION_CONTEXT(2) 
PARAMETRIC_REPRESENTATION_CONTEXT() REPRESENTATION_CONTEXT('2D SPACE',''
  ) );
#9583 = ORIENTED_EDGE('',*,*,#9030,.F.);
#9584 = ORIENTED_EDGE('',*,*,#9536,.F.);
#9585 = ORIENTED_EDGE('',*,*,#8325,.F.);
#9586 = ADVANCED_FACE('',(#9587),#8313,.T.);
#9587 = FACE_BOUND('',#9588,.T.);
#9588 = EDGE_LOOP('',(#9589,#9610,#9611,#9612));
#9589 = ORIENTED_EDGE('',*,*,#9590,.T.);
#9590 = EDGE_CURVE('',#8270,#8891,#9591,.T.);
#9591 = SURFACE_CURVE('',#9592,(#9596,#9603),.PCURVE_S1.);
#9592 = LINE('',#9593,#9594);
#9593 = CARTESIAN_POINT('',(3.55E-03,-1.6E-04,1.899999999998E-03));
#9594 = VECTOR('',#9595,1.E-03);
#9595 = DIRECTION('',(0.,1.,0.));
#9596 = PCURVE('',#8313,#9597);
#9597 = DEFINITIONAL_REPRESENTATION('',(#9598),#9602);
#9598 = LINE('',#9599,#9600);
#9599 = CARTESIAN_POINT('',(1.E-04,-1.6E-04));
#9600 = VECTOR('',#9601,1.);
#9601 = DIRECTION('',(0.,1.));
#9602 = ( GEOMETRIC_REPRESENTATION_CONTEXT(2) 
PARAMETRIC_REPRESENTATION_CONTEXT() REPRESENTATION_CONTEXT('2D SPACE',''
  ) );
#9603 = PCURVE('',#8285,#9604);
#9604 = DEFINITIONAL_REPRESENTATION('',(#9605),#9609);
#9605 = LINE('',#9606,#9607);
#9606 = CARTESIAN_POINT('',(8.99999999999E-04,1.6E-04));
#9607 = VECTOR('',#9608,1.);
#9608 = DIRECTION('',(0.,-1.));
#9609 = ( GEOMETRIC_REPRESENTATION_CONTEXT(2) 
PARAMETRIC_REPRESENTATION_CONTEXT() REPRESENTATION_CONTEXT('2D SPACE',''
  ) );
#9610 = ORIENTED_EDGE('',*,*,#9053,.T.);
#9611 = ORIENTED_EDGE('',*,*,#9563,.F.);
#9612 = ORIENTED_EDGE('',*,*,#8297,.F.);
#9613 = ADVANCED_FACE('',(#9614),#8285,.T.);
#9614 = FACE_BOUND('',#9615,.T.);
#9615 = EDGE_LOOP('',(#9616,#9617,#9618,#9619));
#9616 = ORIENTED_EDGE('',*,*,#9408,.T.);
#9617 = ORIENTED_EDGE('',*,*,#8890,.F.);
#9618 = ORIENTED_EDGE('',*,*,#9590,.F.);
#9619 = ORIENTED_EDGE('',*,*,#8267,.F.);
#9620 = ADVANCED_FACE('',(#9621),#8253,.T.);
#9621 = FACE_BOUND('',#9622,.T.);
#9622 = EDGE_LOOP('',(#9623,#9624,#9645,#9646));
#9623 = ORIENTED_EDGE('',*,*,#8239,.T.);
#9624 = ORIENTED_EDGE('',*,*,#9625,.T.);
#9625 = EDGE_CURVE('',#8212,#8822,#9626,.T.);
#9626 = SURFACE_CURVE('',#9627,(#9631,#9638),.PCURVE_S1.);
#9627 = LINE('',#9628,#9629);
#9628 = CARTESIAN_POINT('',(3.2E-04,-1.6E-04,2.79E-03));
#9629 = VECTOR('',#9630,1.E-03);
#9630 = DIRECTION('',(-0.707106781187,0.707106781187,0.));
#9631 = PCURVE('',#8253,#9632);
#9632 = DEFINITIONAL_REPRESENTATION('',(#9633),#9637);
#9633 = LINE('',#9634,#9635);
#9634 = CARTESIAN_POINT('',(2.262741699797E-04,1.395E-03));
#9635 = VECTOR('',#9636,1.);
#9636 = DIRECTION('',(-1.,0.));
#9637 = ( GEOMETRIC_REPRESENTATION_CONTEXT(2) 
PARAMETRIC_REPRESENTATION_CONTEXT() REPRESENTATION_CONTEXT('2D SPACE',''
  ) );
#9638 = PCURVE('',#8227,#9639);
#9639 = DEFINITIONAL_REPRESENTATION('',(#9640),#9644);
#9640 = LINE('',#9641,#9642);
#9641 = CARTESIAN_POINT('',(-2.58E-03,-1.6E-04));
#9642 = VECTOR('',#9643,1.);
#9643 = DIRECTION('',(-0.707106781187,0.707106781187));
#9644 = ( GEOMETRIC_REPRESENTATION_CONTEXT(2) 
PARAMETRIC_REPRESENTATION_CONTEXT() REPRESENTATION_CONTEXT('2D SPACE',''
  ) );
#9645 = ORIENTED_EDGE('',*,*,#8821,.F.);
#9646 = ORIENTED_EDGE('',*,*,#9647,.F.);
#9647 = EDGE_CURVE('',#8149,#8799,#9648,.T.);
#9648 = SURFACE_CURVE('',#9649,(#9653,#9660),.PCURVE_S1.);
#9649 = LINE('',#9650,#9651);
#9650 = CARTESIAN_POINT('',(3.2E-04,-1.6E-04,0.));
#9651 = VECTOR('',#9652,1.E-03);
#9652 = DIRECTION('',(-0.707106781187,0.707106781187,0.));
#9653 = PCURVE('',#8253,#9654);
#9654 = DEFINITIONAL_REPRESENTATION('',(#9655),#9659);
#9655 = LINE('',#9656,#9657);
#9656 = CARTESIAN_POINT('',(2.262741699797E-04,-1.395E-03));
#9657 = VECTOR('',#9658,1.);
#9658 = DIRECTION('',(-1.,0.));
#9659 = ( GEOMETRIC_REPRESENTATION_CONTEXT(2) 
PARAMETRIC_REPRESENTATION_CONTEXT() REPRESENTATION_CONTEXT('2D SPACE',''
  ) );
#9660 = PCURVE('',#8171,#9661);
#9661 = DEFINITIONAL_REPRESENTATION('',(#9662),#9666);
#9662 = LINE('',#9663,#9664);
#9663 = CARTESIAN_POINT('',(2.58E-03,-1.6E-04));
#9664 = VECTOR('',#9665,1.);
#9665 = DIRECTION('',(0.707106781187,0.707106781187));
#9666 = ( GEOMETRIC_REPRESENTATION_CONTEXT(2) 
PARAMETRIC_REPRESENTATION_CONTEXT() REPRESENTATION_CONTEXT('2D SPACE',''
  ) );
#9667 = ADVANCED_FACE('',(#9668),#8227,.T.);
#9668 = FACE_BOUND('',#9669,.T.);
#9669 = EDGE_LOOP('',(#9670,#9671,#9692,#9693));
#9670 = ORIENTED_EDGE('',*,*,#8211,.F.);
#9671 = ORIENTED_EDGE('',*,*,#9672,.T.);
#9672 = EDGE_CURVE('',#8184,#8845,#9673,.T.);
#9673 = SURFACE_CURVE('',#9674,(#9678,#9685),.PCURVE_S1.);
#9674 = LINE('',#9675,#9676);
#9675 = CARTESIAN_POINT('',(5.48E-03,-1.6E-04,2.79E-03));
#9676 = VECTOR('',#9677,1.E-03);
#9677 = DIRECTION('',(0.707106781187,0.707106781187,0.));
#9678 = PCURVE('',#8227,#9679);
#9679 = DEFINITIONAL_REPRESENTATION('',(#9680),#9684);
#9680 = LINE('',#9681,#9682);
#9681 = CARTESIAN_POINT('',(2.58E-03,-1.6E-04));
#9682 = VECTOR('',#9683,1.);
#9683 = DIRECTION('',(0.707106781187,0.707106781187));
#9684 = ( GEOMETRIC_REPRESENTATION_CONTEXT(2) 
PARAMETRIC_REPRESENTATION_CONTEXT() REPRESENTATION_CONTEXT('2D SPACE',''
  ) );
#9685 = PCURVE('',#8199,#9686);
#9686 = DEFINITIONAL_REPRESENTATION('',(#9687),#9691);
#9687 = LINE('',#9688,#9689);
#9688 = CARTESIAN_POINT('',(-2.262741699797E-04,1.395E-03));
#9689 = VECTOR('',#9690,1.);
#9690 = DIRECTION('',(1.,0.));
#9691 = ( GEOMETRIC_REPRESENTATION_CONTEXT(2) 
PARAMETRIC_REPRESENTATION_CONTEXT() REPRESENTATION_CONTEXT('2D SPACE',''
  ) );
#9692 = ORIENTED_EDGE('',*,*,#8844,.F.);
#9693 = ORIENTED_EDGE('',*,*,#9625,.F.);
#9694 = ADVANCED_FACE('',(#9695),#8199,.T.);
#9695 = FACE_BOUND('',#9696,.T.);
#9696 = EDGE_LOOP('',(#9697,#9698,#9719,#9720));
#9697 = ORIENTED_EDGE('',*,*,#8183,.F.);
#9698 = ORIENTED_EDGE('',*,*,#9699,.T.);
#9699 = EDGE_CURVE('',#8151,#8797,#9700,.T.);
#9700 = SURFACE_CURVE('',#9701,(#9705,#9712),.PCURVE_S1.);
#9701 = LINE('',#9702,#9703);
#9702 = CARTESIAN_POINT('',(5.48E-03,-1.6E-04,0.));
#9703 = VECTOR('',#9704,1.E-03);
#9704 = DIRECTION('',(0.707106781187,0.707106781187,0.));
#9705 = PCURVE('',#8199,#9706);
#9706 = DEFINITIONAL_REPRESENTATION('',(#9707),#9711);
#9707 = LINE('',#9708,#9709);
#9708 = CARTESIAN_POINT('',(-2.262741699797E-04,-1.395E-03));
#9709 = VECTOR('',#9710,1.);
#9710 = DIRECTION('',(1.,0.));
#9711 = ( GEOMETRIC_REPRESENTATION_CONTEXT(2) 
PARAMETRIC_REPRESENTATION_CONTEXT() REPRESENTATION_CONTEXT('2D SPACE',''
  ) );
#9712 = PCURVE('',#8171,#9713);
#9713 = DEFINITIONAL_REPRESENTATION('',(#9714),#9718);
#9714 = LINE('',#9715,#9716);
#9715 = CARTESIAN_POINT('',(-2.58E-03,-1.6E-04));
#9716 = VECTOR('',#9717,1.);
#9717 = DIRECTION('',(-0.707106781187,0.707106781187));
#9718 = ( GEOMETRIC_REPRESENTATION_CONTEXT(2) 
PARAMETRIC_REPRESENTATION_CONTEXT() REPRESENTATION_CONTEXT('2D SPACE',''
  ) );
#9719 = ORIENTED_EDGE('',*,*,#8867,.T.);
#9720 = ORIENTED_EDGE('',*,*,#9672,.F.);
#9721 = ADVANCED_FACE('',(#9722),#8171,.T.);
#9722 = FACE_BOUND('',#9723,.T.);
#9723 = EDGE_LOOP('',(#9724,#9725,#9726,#9727));
#9724 = ORIENTED_EDGE('',*,*,#8148,.F.);
#9725 = ORIENTED_EDGE('',*,*,#9647,.T.);
#9726 = ORIENTED_EDGE('',*,*,#8796,.F.);
#9727 = ORIENTED_EDGE('',*,*,#9699,.F.);
#9728 = ( GEOMETRIC_REPRESENTATION_CONTEXT(3) 
GLOBAL_UNCERTAINTY_ASSIGNED_CONTEXT((#9732)) 
GLOBAL_UNIT_ASSIGNED_CONTEXT((#9729,#9730,#9731)) REPRESENTATION_CONTEXT
('Context #1','3D Context with UNIT and UNCERTAINTY') );
#9729 = ( LENGTH_UNIT() NAMED_UNIT(*) SI_UNIT($,.METRE.) );
#9730 = ( NAMED_UNIT(*) PLANE_ANGLE_UNIT() SI_UNIT($,.RADIAN.) );
#9731 = ( NAMED_UNIT(*) SI_UNIT($,.STERADIAN.) SOLID_ANGLE_UNIT() );
#9732 = UNCERTAINTY_MEASURE_WITH_UNIT(LENGTH_MEASURE(1.E-08),#9729,
  'distance_accuracy_value','confusion accuracy');
#9733 = CONTEXT_DEPENDENT_SHAPE_REPRESENTATION(#9734,#9736);
#9734 = ( REPRESENTATION_RELATIONSHIP('','',#8141,#8112) 
REPRESENTATION_RELATIONSHIP_WITH_TRANSFORMATION(#9735) 
SHAPE_REPRESENTATION_RELATIONSHIP() );
#9735 = ITEM_DEFINED_TRANSFORMATION('','',#11,#8113);
#9736 = PRODUCT_DEFINITION_SHAPE('Placement','Placement of an item',
  #9737);
#9737 = NEXT_ASSEMBLY_USAGE_OCCURRENCE('2','','',#8107,#8136,$);
#9738 = CC_DESIGN_SECURITY_CLASSIFICATION(#9739,(#9737));
#9739 = SECURITY_CLASSIFICATION('','',#365);
#9740 = CC_DESIGN_PERSON_AND_ORGANIZATION_ASSIGNMENT(#354,#363,(#9739));
#9741 = CC_DESIGN_DATE_AND_TIME_ASSIGNMENT(#368,#374,(#9739));
#9742 = CC_DESIGN_APPROVAL(#376,(#9739));
#9743 = PRODUCT_RELATED_PRODUCT_CATEGORY('detail',$,(#8138));
#9744 = PRODUCT_CATEGORY_RELATIONSHIP('','',#9745,#9743);
#9745 = PRODUCT_CATEGORY('part',$);
#9746 = CC_DESIGN_PERSON_AND_ORGANIZATION_ASSIGNMENT(#354,#357,(#8137,
    #8136));
#9747 = CC_DESIGN_PERSON_AND_ORGANIZATION_ASSIGNMENT(#354,#359,(#8138));
#9748 = CC_DESIGN_PERSON_AND_ORGANIZATION_ASSIGNMENT(#354,#361,(#8137));
#9749 = CC_DESIGN_PERSON_AND_ORGANIZATION_ASSIGNMENT(#354,#363,(#9750));
#9750 = SECURITY_CLASSIFICATION('','',#365);
#9751 = CC_DESIGN_SECURITY_CLASSIFICATION(#9750,(#8137));
#9752 = CC_DESIGN_DATE_AND_TIME_ASSIGNMENT(#368,#372,(#8136));
#9753 = CC_DESIGN_DATE_AND_TIME_ASSIGNMENT(#368,#374,(#9750));
#9754 = CC_DESIGN_APPROVAL(#376,(#8137,#8136,#9750));
#9755 = SHAPE_DEFINITION_REPRESENTATION(#9756,#9762);
#9756 = PRODUCT_DEFINITION_SHAPE('','',#9757);
#9757 = PRODUCT_DEFINITION('design','',#9758,#9761);
#9758 = PRODUCT_DEFINITION_FORMATION_WITH_SPECIFIED_SOURCE('','',#9759,
  .NOT_KNOWN.);
#9759 = PRODUCT('DoubleLeafMasonry_0.32_m 22',
  'DoubleLeafMasonry_0.32_m 22','',(#9760));
#9760 = MECHANICAL_CONTEXT('',#2,'mechanical');
#9761 = DESIGN_CONTEXT('',#2,'design');
#9762 = SHAPE_REPRESENTATION('',(#11,#9763),#9767);
#9763 = AXIS2_PLACEMENT_3D('',#9764,#9765,#9766);
#9764 = CARTESIAN_POINT('',(1.235E-03,6.242202118401E-07,-1.E-04));
#9765 = DIRECTION('',(0.,-0.,1.));
#9766 = DIRECTION('',(0.,1.,0.));
#9767 = ( GEOMETRIC_REPRESENTATION_CONTEXT(3) 
GLOBAL_UNCERTAINTY_ASSIGNED_CONTEXT((#9771)) 
GLOBAL_UNIT_ASSIGNED_CONTEXT((#9768,#9769,#9770)) REPRESENTATION_CONTEXT
('Context #1','3D Context with UNIT and UNCERTAINTY') );
#9768 = ( LENGTH_UNIT() NAMED_UNIT(*) SI_UNIT($,.METRE.) );
#9769 = ( NAMED_UNIT(*) PLANE_ANGLE_UNIT() SI_UNIT($,.RADIAN.) );
#9770 = ( NAMED_UNIT(*) SI_UNIT($,.STERADIAN.) SOLID_ANGLE_UNIT() );
#9771 = UNCERTAINTY_MEASURE_WITH_UNIT(LENGTH_MEASURE(5.E-09),#9768,
  'distance_accuracy_value','confusion accuracy');
#9772 = PRODUCT_RELATED_PRODUCT_CATEGORY('detail',$,(#9759));
#9773 = PRODUCT_CATEGORY_RELATIONSHIP('','',#9774,#9772);
#9774 = PRODUCT_CATEGORY('part',$);
#9775 = CC_DESIGN_PERSON_AND_ORGANIZATION_ASSIGNMENT(#354,#357,(#9758,
    #9757));
#9776 = CC_DESIGN_PERSON_AND_ORGANIZATION_ASSIGNMENT(#354,#359,(#9759));
#9777 = CC_DESIGN_PERSON_AND_ORGANIZATION_ASSIGNMENT(#354,#361,(#9758));
#9778 = CC_DESIGN_PERSON_AND_ORGANIZATION_ASSIGNMENT(#354,#363,(#9779));
#9779 = SECURITY_CLASSIFICATION('','',#365);
#9780 = CC_DESIGN_SECURITY_CLASSIFICATION(#9779,(#9758));
#9781 = CC_DESIGN_DATE_AND_TIME_ASSIGNMENT(#368,#372,(#9757));
#9782 = CC_DESIGN_DATE_AND_TIME_ASSIGNMENT(#368,#374,(#9779));
#9783 = CC_DESIGN_APPROVAL(#376,(#9758,#9757,#9779));
#9784 = SHAPE_DEFINITION_REPRESENTATION(#9785,#9791);
#9785 = PRODUCT_DEFINITION_SHAPE('','',#9786);
#9786 = PRODUCT_DEFINITION('design','',#9787,#9790);
#9787 = PRODUCT_DEFINITION_FORMATION_WITH_SPECIFIED_SOURCE('','',#9788,
  .NOT_KNOWN.);
#9788 = PRODUCT('DoubleLeafMasonry_0.32_m 22.1',
  'DoubleLeafMasonry_0.32_m 22.1','',(#9789));
#9789 = MECHANICAL_CONTEXT('',#2,'mechanical');
#9790 = DESIGN_CONTEXT('',#2,'design');
#9791 = ADVANCED_BREP_SHAPE_REPRESENTATION('',(#11,#9792),#10750);
#9792 = MANIFOLD_SOLID_BREP('DoubleLeafMasonry_0.32_m',#9793);
#9793 = CLOSED_SHELL('',(#9794,#10140,#10216,#10473,#10500,#10527,#10554
    ,#10581,#10608,#10635,#10642,#10689,#10716,#10743));
#9794 = ADVANCED_FACE('',(#9795,#9914),#9809,.T.);
#9795 = FACE_BOUND('',#9796,.T.);
#9796 = EDGE_LOOP('',(#9797,#9832,#9860,#9888));
#9797 = ORIENTED_EDGE('',*,*,#9798,.T.);
#9798 = EDGE_CURVE('',#9799,#9801,#9803,.T.);
#9799 = VERTEX_POINT('',#9800);
#9800 = CARTESIAN_POINT('',(3.2E-04,-1.6E-04,0.));
#9801 = VERTEX_POINT('',#9802);
#9802 = CARTESIAN_POINT('',(5.48E-03,-1.6E-04,0.));
#9803 = SURFACE_CURVE('',#9804,(#9808,#9820),.PCURVE_S1.);
#9804 = LINE('',#9805,#9806);
#9805 = CARTESIAN_POINT('',(3.2E-04,-1.6E-04,0.));
#9806 = VECTOR('',#9807,1.E-03);
#9807 = DIRECTION('',(1.,0.,0.));
#9808 = PCURVE('',#9809,#9814);
#9809 = PLANE('',#9810);
#9810 = AXIS2_PLACEMENT_3D('',#9811,#9812,#9813);
#9811 = CARTESIAN_POINT('',(2.9E-03,-1.6E-04,1.395E-03));
#9812 = DIRECTION('',(0.,-1.,-6.786392859813E-18));
#9813 = DIRECTION('',(0.,6.786392859813E-18,-1.));
#9814 = DEFINITIONAL_REPRESENTATION('',(#9815),#9819);
#9815 = LINE('',#9816,#9817);
#9816 = CARTESIAN_POINT('',(1.395E-03,-2.58E-03));
#9817 = VECTOR('',#9818,1.);
#9818 = DIRECTION('',(0.,1.));
#9819 = ( GEOMETRIC_REPRESENTATION_CONTEXT(2) 
PARAMETRIC_REPRESENTATION_CONTEXT() REPRESENTATION_CONTEXT('2D SPACE',''
  ) );
#9820 = PCURVE('',#9821,#9826);
#9821 = PLANE('',#9822);
#9822 = AXIS2_PLACEMENT_3D('',#9823,#9824,#9825);
#9823 = CARTESIAN_POINT('',(2.9E-03,0.,0.));
#9824 = DIRECTION('',(0.,0.,-1.));
#9825 = DIRECTION('',(-1.,0.,0.));
#9826 = DEFINITIONAL_REPRESENTATION('',(#9827),#9831);
#9827 = LINE('',#9828,#9829);
#9828 = CARTESIAN_POINT('',(2.58E-03,-1.6E-04));
#9829 = VECTOR('',#9830,1.);
#9830 = DIRECTION('',(-1.,0.));
#9831 = ( GEOMETRIC_REPRESENTATION_CONTEXT(2) 
PARAMETRIC_REPRESENTATION_CONTEXT() REPRESENTATION_CONTEXT('2D SPACE',''
  ) );
#9832 = ORIENTED_EDGE('',*,*,#9833,.T.);
#9833 = EDGE_CURVE('',#9801,#9834,#9836,.T.);
#9834 = VERTEX_POINT('',#9835);
#9835 = CARTESIAN_POINT('',(5.48E-03,-1.6E-04,2.79E-03));
#9836 = SURFACE_CURVE('',#9837,(#9841,#9848),.PCURVE_S1.);
#9837 = LINE('',#9838,#9839);
#9838 = CARTESIAN_POINT('',(5.48E-03,-1.6E-04,0.));
#9839 = VECTOR('',#9840,1.E-03);
#9840 = DIRECTION('',(0.,0.,1.));
#9841 = PCURVE('',#9809,#9842);
#9842 = DEFINITIONAL_REPRESENTATION('',(#9843),#9847);
#9843 = LINE('',#9844,#9845);
#9844 = CARTESIAN_POINT('',(1.395E-03,2.58E-03));
#9845 = VECTOR('',#9846,1.);
#9846 = DIRECTION('',(-1.,0.));
#9847 = ( GEOMETRIC_REPRESENTATION_CONTEXT(2) 
PARAMETRIC_REPRESENTATION_CONTEXT() REPRESENTATION_CONTEXT('2D SPACE',''
  ) );
#9848 = PCURVE('',#9849,#9854);
#9849 = PLANE('',#9850);
#9850 = AXIS2_PLACEMENT_3D('',#9851,#9852,#9853);
#9851 = CARTESIAN_POINT('',(5.64E-03,0.,1.395E-03));
#9852 = DIRECTION('',(0.707106781187,-0.707106781187,0.));
#9853 = DIRECTION('',(0.707106781187,0.707106781187,0.));
#9854 = DEFINITIONAL_REPRESENTATION('',(#9855),#9859);
#9855 = LINE('',#9856,#9857);
#9856 = CARTESIAN_POINT('',(-2.262741699797E-04,-1.395E-03));
#9857 = VECTOR('',#9858,1.);
#9858 = DIRECTION('',(0.,1.));
#9859 = ( GEOMETRIC_REPRESENTATION_CONTEXT(2) 
PARAMETRIC_REPRESENTATION_CONTEXT() REPRESENTATION_CONTEXT('2D SPACE',''
  ) );
#9860 = ORIENTED_EDGE('',*,*,#9861,.T.);
#9861 = EDGE_CURVE('',#9834,#9862,#9864,.T.);
#9862 = VERTEX_POINT('',#9863);
#9863 = CARTESIAN_POINT('',(3.2E-04,-1.6E-04,2.79E-03));
#9864 = SURFACE_CURVE('',#9865,(#9869,#9876),.PCURVE_S1.);
#9865 = LINE('',#9866,#9867);
#9866 = CARTESIAN_POINT('',(5.48E-03,-1.6E-04,2.79E-03));
#9867 = VECTOR('',#9868,1.E-03);
#9868 = DIRECTION('',(-1.,0.,0.));
#9869 = PCURVE('',#9809,#9870);
#9870 = DEFINITIONAL_REPRESENTATION('',(#9871),#9875);
#9871 = LINE('',#9872,#9873);
#9872 = CARTESIAN_POINT('',(-1.395E-03,2.58E-03));
#9873 = VECTOR('',#9874,1.);
#9874 = DIRECTION('',(0.,-1.));
#9875 = ( GEOMETRIC_REPRESENTATION_CONTEXT(2) 
PARAMETRIC_REPRESENTATION_CONTEXT() REPRESENTATION_CONTEXT('2D SPACE',''
  ) );
#9876 = PCURVE('',#9877,#9882);
#9877 = PLANE('',#9878);
#9878 = AXIS2_PLACEMENT_3D('',#9879,#9880,#9881);
#9879 = CARTESIAN_POINT('',(2.9E-03,0.,2.79E-03));
#9880 = DIRECTION('',(0.,0.,1.));
#9881 = DIRECTION('',(1.,0.,0.));
#9882 = DEFINITIONAL_REPRESENTATION('',(#9883),#9887);
#9883 = LINE('',#9884,#9885);
#9884 = CARTESIAN_POINT('',(2.58E-03,-1.6E-04));
#9885 = VECTOR('',#9886,1.);
#9886 = DIRECTION('',(-1.,0.));
#9887 = ( GEOMETRIC_REPRESENTATION_CONTEXT(2) 
PARAMETRIC_REPRESENTATION_CONTEXT() REPRESENTATION_CONTEXT('2D SPACE',''
  ) );
#9888 = ORIENTED_EDGE('',*,*,#9889,.F.);
#9889 = EDGE_CURVE('',#9799,#9862,#9890,.T.);
#9890 = SURFACE_CURVE('',#9891,(#9895,#9902),.PCURVE_S1.);
#9891 = LINE('',#9892,#9893);
#9892 = CARTESIAN_POINT('',(3.2E-04,-1.6E-04,0.));
#9893 = VECTOR('',#9894,1.E-03);
#9894 = DIRECTION('',(7.16272919113E-16,0.,1.));
#9895 = PCURVE('',#9809,#9896);
#9896 = DEFINITIONAL_REPRESENTATION('',(#9897),#9901);
#9897 = LINE('',#9898,#9899);
#9898 = CARTESIAN_POINT('',(1.395E-03,-2.58E-03));
#9899 = VECTOR('',#9900,1.);
#9900 = DIRECTION('',(-1.,7.16272919113E-16));
#9901 = ( GEOMETRIC_REPRESENTATION_CONTEXT(2) 
PARAMETRIC_REPRESENTATION_CONTEXT() REPRESENTATION_CONTEXT('2D SPACE',''
  ) );
#9902 = PCURVE('',#9903,#9908);
#9903 = PLANE('',#9904);
#9904 = AXIS2_PLACEMENT_3D('',#9905,#9906,#9907);
#9905 = CARTESIAN_POINT('',(1.6E-04,0.,1.395E-03));
#9906 = DIRECTION('',(-0.707106781187,-0.707106781187,1.160180147965E-16
    ));
#9907 = DIRECTION('',(-0.707106781187,0.707106781187,0.));
#9908 = DEFINITIONAL_REPRESENTATION('',(#9909),#9913);
#9909 = LINE('',#9910,#9911);
#9910 = CARTESIAN_POINT('',(-2.262741699797E-04,1.395E-03));
#9911 = VECTOR('',#9912,1.);
#9912 = DIRECTION('',(-5.064814382851E-16,-1.));
#9913 = ( GEOMETRIC_REPRESENTATION_CONTEXT(2) 
PARAMETRIC_REPRESENTATION_CONTEXT() REPRESENTATION_CONTEXT('2D SPACE',''
  ) );
#9914 = FACE_BOUND('',#9915,.T.);
#9915 = EDGE_LOOP('',(#9916,#9946,#9974,#10002,#10030,#10058,#10086,
    #10114));
#9916 = ORIENTED_EDGE('',*,*,#9917,.T.);
#9917 = EDGE_CURVE('',#9918,#9920,#9922,.T.);
#9918 = VERTEX_POINT('',#9919);
#9919 = CARTESIAN_POINT('',(1.05E-03,-1.6E-04,9.2E-04));
#9920 = VERTEX_POINT('',#9921);
#9921 = CARTESIAN_POINT('',(1.05E-03,-1.6E-04,2.12E-03));
#9922 = SURFACE_CURVE('',#9923,(#9927,#9934),.PCURVE_S1.);
#9923 = LINE('',#9924,#9925);
#9924 = CARTESIAN_POINT('',(1.05E-03,-1.6E-04,9.2E-04));
#9925 = VECTOR('',#9926,1.E-03);
#9926 = DIRECTION('',(0.,0.,1.));
#9927 = PCURVE('',#9809,#9928);
#9928 = DEFINITIONAL_REPRESENTATION('',(#9929),#9933);
#9929 = LINE('',#9930,#9931);
#9930 = CARTESIAN_POINT('',(4.75E-04,-1.85E-03));
#9931 = VECTOR('',#9932,1.);
#9932 = DIRECTION('',(-1.,0.));
#9933 = ( GEOMETRIC_REPRESENTATION_CONTEXT(2) 
PARAMETRIC_REPRESENTATION_CONTEXT() REPRESENTATION_CONTEXT('2D SPACE',''
  ) );
#9934 = PCURVE('',#9935,#9940);
#9935 = PLANE('',#9936);
#9936 = AXIS2_PLACEMENT_3D('',#9937,#9938,#9939);
#9937 = CARTESIAN_POINT('',(1.05E-03,0.,1.52E-03));
#9938 = DIRECTION('',(1.,0.,0.));
#9939 = DIRECTION('',(0.,0.,1.));
#9940 = DEFINITIONAL_REPRESENTATION('',(#9941),#9945);
#9941 = LINE('',#9942,#9943);
#9942 = CARTESIAN_POINT('',(-6.E-04,1.6E-04));
#9943 = VECTOR('',#9944,1.);
#9944 = DIRECTION('',(1.,0.));
#9945 = ( GEOMETRIC_REPRESENTATION_CONTEXT(2) 
PARAMETRIC_REPRESENTATION_CONTEXT() REPRESENTATION_CONTEXT('2D SPACE',''
  ) );
#9946 = ORIENTED_EDGE('',*,*,#9947,.T.);
#9947 = EDGE_CURVE('',#9920,#9948,#9950,.T.);
#9948 = VERTEX_POINT('',#9949);
#9949 = CARTESIAN_POINT('',(8.5E-04,-1.6E-04,2.12E-03));
#9950 = SURFACE_CURVE('',#9951,(#9955,#9962),.PCURVE_S1.);
#9951 = LINE('',#9952,#9953);
#9952 = CARTESIAN_POINT('',(1.05E-03,-1.6E-04,2.12E-03));
#9953 = VECTOR('',#9954,1.E-03);
#9954 = DIRECTION('',(-1.,0.,0.));
#9955 = PCURVE('',#9809,#9956);
#9956 = DEFINITIONAL_REPRESENTATION('',(#9957),#9961);
#9957 = LINE('',#9958,#9959);
#9958 = CARTESIAN_POINT('',(-7.25E-04,-1.85E-03));
#9959 = VECTOR('',#9960,1.);
#9960 = DIRECTION('',(0.,-1.));
#9961 = ( GEOMETRIC_REPRESENTATION_CONTEXT(2) 
PARAMETRIC_REPRESENTATION_CONTEXT() REPRESENTATION_CONTEXT('2D SPACE',''
  ) );
#9962 = PCURVE('',#9963,#9968);
#9963 = PLANE('',#9964);
#9964 = AXIS2_PLACEMENT_3D('',#9965,#9966,#9967);
#9965 = CARTESIAN_POINT('',(9.5E-04,0.,2.12E-03));
#9966 = DIRECTION('',(0.,0.,1.));
#9967 = DIRECTION('',(1.,0.,0.));
#9968 = DEFINITIONAL_REPRESENTATION('',(#9969),#9973);
#9969 = LINE('',#9970,#9971);
#9970 = CARTESIAN_POINT('',(1.E-04,-1.6E-04));
#9971 = VECTOR('',#9972,1.);
#9972 = DIRECTION('',(-1.,0.));
#9973 = ( GEOMETRIC_REPRESENTATION_CONTEXT(2) 
PARAMETRIC_REPRESENTATION_CONTEXT() REPRESENTATION_CONTEXT('2D SPACE',''
  ) );
#9974 = ORIENTED_EDGE('',*,*,#9975,.T.);
#9975 = EDGE_CURVE('',#9948,#9976,#9978,.T.);
#9976 = VERTEX_POINT('',#9977);
#9977 = CARTESIAN_POINT('',(8.5E-04,-1.6E-04,2.24E-03));
#9978 = SURFACE_CURVE('',#9979,(#9983,#9990),.PCURVE_S1.);
#9979 = LINE('',#9980,#9981);
#9980 = CARTESIAN_POINT('',(8.5E-04,-1.6E-04,2.12E-03));
#9981 = VECTOR('',#9982,1.E-03);
#9982 = DIRECTION('',(0.,0.,1.));
#9983 = PCURVE('',#9809,#9984);
#9984 = DEFINITIONAL_REPRESENTATION('',(#9985),#9989);
#9985 = LINE('',#9986,#9987);
#9986 = CARTESIAN_POINT('',(-7.25E-04,-2.05E-03));
#9987 = VECTOR('',#9988,1.);
#9988 = DIRECTION('',(-1.,0.));
#9989 = ( GEOMETRIC_REPRESENTATION_CONTEXT(2) 
PARAMETRIC_REPRESENTATION_CONTEXT() REPRESENTATION_CONTEXT('2D SPACE',''
  ) );
#9990 = PCURVE('',#9991,#9996);
#9991 = PLANE('',#9992);
#9992 = AXIS2_PLACEMENT_3D('',#9993,#9994,#9995);
#9993 = CARTESIAN_POINT('',(8.5E-04,0.,2.18E-03));
#9994 = DIRECTION('',(1.,0.,0.));
#9995 = DIRECTION('',(0.,0.,1.));
#9996 = DEFINITIONAL_REPRESENTATION('',(#9997),#10001);
#9997 = LINE('',#9998,#9999);
#9998 = CARTESIAN_POINT('',(-6.E-05,1.6E-04));
#9999 = VECTOR('',#10000,1.);
#10000 = DIRECTION('',(1.,0.));
#10001 = ( GEOMETRIC_REPRESENTATION_CONTEXT(2) 
PARAMETRIC_REPRESENTATION_CONTEXT() REPRESENTATION_CONTEXT('2D SPACE',''
  ) );
#10002 = ORIENTED_EDGE('',*,*,#10003,.T.);
#10003 = EDGE_CURVE('',#9976,#10004,#10006,.T.);
#10004 = VERTEX_POINT('',#10005);
#10005 = CARTESIAN_POINT('',(2.45E-03,-1.6E-04,2.24E-03));
#10006 = SURFACE_CURVE('',#10007,(#10011,#10018),.PCURVE_S1.);
#10007 = LINE('',#10008,#10009);
#10008 = CARTESIAN_POINT('',(8.5E-04,-1.6E-04,2.24E-03));
#10009 = VECTOR('',#10010,1.E-03);
#10010 = DIRECTION('',(1.,0.,0.));
#10011 = PCURVE('',#9809,#10012);
#10012 = DEFINITIONAL_REPRESENTATION('',(#10013),#10017);
#10013 = LINE('',#10014,#10015);
#10014 = CARTESIAN_POINT('',(-8.45E-04,-2.05E-03));
#10015 = VECTOR('',#10016,1.);
#10016 = DIRECTION('',(0.,1.));
#10017 = ( GEOMETRIC_REPRESENTATION_CONTEXT(2) 
PARAMETRIC_REPRESENTATION_CONTEXT() REPRESENTATION_CONTEXT('2D SPACE',''
  ) );
#10018 = PCURVE('',#10019,#10024);
#10019 = PLANE('',#10020);
#10020 = AXIS2_PLACEMENT_3D('',#10021,#10022,#10023);
#10021 = CARTESIAN_POINT('',(1.65E-03,0.,2.24E-03));
#10022 = DIRECTION('',(0.,0.,-1.));
#10023 = DIRECTION('',(-1.,0.,0.));
#10024 = DEFINITIONAL_REPRESENTATION('',(#10025),#10029);
#10025 = LINE('',#10026,#10027);
#10026 = CARTESIAN_POINT('',(8.E-04,-1.6E-04));
#10027 = VECTOR('',#10028,1.);
#10028 = DIRECTION('',(-1.,0.));
#10029 = ( GEOMETRIC_REPRESENTATION_CONTEXT(2) 
PARAMETRIC_REPRESENTATION_CONTEXT() REPRESENTATION_CONTEXT('2D SPACE',''
  ) );
#10030 = ORIENTED_EDGE('',*,*,#10031,.T.);
#10031 = EDGE_CURVE('',#10004,#10032,#10034,.T.);
#10032 = VERTEX_POINT('',#10033);
#10033 = CARTESIAN_POINT('',(2.45E-03,-1.6E-04,2.12E-03));
#10034 = SURFACE_CURVE('',#10035,(#10039,#10046),.PCURVE_S1.);
#10035 = LINE('',#10036,#10037);
#10036 = CARTESIAN_POINT('',(2.45E-03,-1.6E-04,2.24E-03));
#10037 = VECTOR('',#10038,1.E-03);
#10038 = DIRECTION('',(0.,0.,-1.));
#10039 = PCURVE('',#9809,#10040);
#10040 = DEFINITIONAL_REPRESENTATION('',(#10041),#10045);
#10041 = LINE('',#10042,#10043);
#10042 = CARTESIAN_POINT('',(-8.45E-04,-4.5E-04));
#10043 = VECTOR('',#10044,1.);
#10044 = DIRECTION('',(1.,0.));
#10045 = ( GEOMETRIC_REPRESENTATION_CONTEXT(2) 
PARAMETRIC_REPRESENTATION_CONTEXT() REPRESENTATION_CONTEXT('2D SPACE',''
  ) );
#10046 = PCURVE('',#10047,#10052);
#10047 = PLANE('',#10048);
#10048 = AXIS2_PLACEMENT_3D('',#10049,#10050,#10051);
#10049 = CARTESIAN_POINT('',(2.45E-03,0.,2.18E-03));
#10050 = DIRECTION('',(-1.,0.,0.));
#10051 = DIRECTION('',(0.,0.,-1.));
#10052 = DEFINITIONAL_REPRESENTATION('',(#10053),#10057);
#10053 = LINE('',#10054,#10055);
#10054 = CARTESIAN_POINT('',(-5.999999999999E-05,1.6E-04));
#10055 = VECTOR('',#10056,1.);
#10056 = DIRECTION('',(1.,0.));
#10057 = ( GEOMETRIC_REPRESENTATION_CONTEXT(2) 
PARAMETRIC_REPRESENTATION_CONTEXT() REPRESENTATION_CONTEXT('2D SPACE',''
  ) );
#10058 = ORIENTED_EDGE('',*,*,#10059,.T.);
#10059 = EDGE_CURVE('',#10032,#10060,#10062,.T.);
#10060 = VERTEX_POINT('',#10061);
#10061 = CARTESIAN_POINT('',(2.25E-03,-1.6E-04,2.12E-03));
#10062 = SURFACE_CURVE('',#10063,(#10067,#10074),.PCURVE_S1.);
#10063 = LINE('',#10064,#10065);
#10064 = CARTESIAN_POINT('',(2.45E-03,-1.6E-04,2.12E-03));
#10065 = VECTOR('',#10066,1.E-03);
#10066 = DIRECTION('',(-1.,0.,0.));
#10067 = PCURVE('',#9809,#10068);
#10068 = DEFINITIONAL_REPRESENTATION('',(#10069),#10073);
#10069 = LINE('',#10070,#10071);
#10070 = CARTESIAN_POINT('',(-7.25E-04,-4.5E-04));
#10071 = VECTOR('',#10072,1.);
#10072 = DIRECTION('',(0.,-1.));
#10073 = ( GEOMETRIC_REPRESENTATION_CONTEXT(2) 
PARAMETRIC_REPRESENTATION_CONTEXT() REPRESENTATION_CONTEXT('2D SPACE',''
  ) );
#10074 = PCURVE('',#10075,#10080);
#10075 = PLANE('',#10076);
#10076 = AXIS2_PLACEMENT_3D('',#10077,#10078,#10079);
#10077 = CARTESIAN_POINT('',(2.35E-03,0.,2.12E-03));
#10078 = DIRECTION('',(0.,0.,1.));
#10079 = DIRECTION('',(1.,0.,0.));
#10080 = DEFINITIONAL_REPRESENTATION('',(#10081),#10085);
#10081 = LINE('',#10082,#10083);
#10082 = CARTESIAN_POINT('',(1.E-04,-1.6E-04));
#10083 = VECTOR('',#10084,1.);
#10084 = DIRECTION('',(-1.,0.));
#10085 = ( GEOMETRIC_REPRESENTATION_CONTEXT(2) 
PARAMETRIC_REPRESENTATION_CONTEXT() REPRESENTATION_CONTEXT('2D SPACE',''
  ) );
#10086 = ORIENTED_EDGE('',*,*,#10087,.T.);
#10087 = EDGE_CURVE('',#10060,#10088,#10090,.T.);
#10088 = VERTEX_POINT('',#10089);
#10089 = CARTESIAN_POINT('',(2.25E-03,-1.6E-04,9.2E-04));
#10090 = SURFACE_CURVE('',#10091,(#10095,#10102),.PCURVE_S1.);
#10091 = LINE('',#10092,#10093);
#10092 = CARTESIAN_POINT('',(2.25E-03,-1.6E-04,2.12E-03));
#10093 = VECTOR('',#10094,1.E-03);
#10094 = DIRECTION('',(0.,0.,-1.));
#10095 = PCURVE('',#9809,#10096);
#10096 = DEFINITIONAL_REPRESENTATION('',(#10097),#10101);
#10097 = LINE('',#10098,#10099);
#10098 = CARTESIAN_POINT('',(-7.25E-04,-6.5E-04));
#10099 = VECTOR('',#10100,1.);
#10100 = DIRECTION('',(1.,0.));
#10101 = ( GEOMETRIC_REPRESENTATION_CONTEXT(2) 
PARAMETRIC_REPRESENTATION_CONTEXT() REPRESENTATION_CONTEXT('2D SPACE',''
  ) );
#10102 = PCURVE('',#10103,#10108);
#10103 = PLANE('',#10104);
#10104 = AXIS2_PLACEMENT_3D('',#10105,#10106,#10107);
#10105 = CARTESIAN_POINT('',(2.25E-03,0.,1.52E-03));
#10106 = DIRECTION('',(-1.,0.,0.));
#10107 = DIRECTION('',(0.,0.,-1.));
#10108 = DEFINITIONAL_REPRESENTATION('',(#10109),#10113);
#10109 = LINE('',#10110,#10111);
#10110 = CARTESIAN_POINT('',(-6.E-04,1.6E-04));
#10111 = VECTOR('',#10112,1.);
#10112 = DIRECTION('',(1.,0.));
#10113 = ( GEOMETRIC_REPRESENTATION_CONTEXT(2) 
PARAMETRIC_REPRESENTATION_CONTEXT() REPRESENTATION_CONTEXT('2D SPACE',''
  ) );
#10114 = ORIENTED_EDGE('',*,*,#10115,.F.);
#10115 = EDGE_CURVE('',#9918,#10088,#10116,.T.);
#10116 = SURFACE_CURVE('',#10117,(#10121,#10128),.PCURVE_S1.);
#10117 = LINE('',#10118,#10119);
#10118 = CARTESIAN_POINT('',(1.05E-03,-1.6E-04,9.2E-04));
#10119 = VECTOR('',#10120,1.E-03);
#10120 = DIRECTION('',(1.,0.,0.));
#10121 = PCURVE('',#9809,#10122);
#10122 = DEFINITIONAL_REPRESENTATION('',(#10123),#10127);
#10123 = LINE('',#10124,#10125);
#10124 = CARTESIAN_POINT('',(4.75E-04,-1.85E-03));
#10125 = VECTOR('',#10126,1.);
#10126 = DIRECTION('',(0.,1.));
#10127 = ( GEOMETRIC_REPRESENTATION_CONTEXT(2) 
PARAMETRIC_REPRESENTATION_CONTEXT() REPRESENTATION_CONTEXT('2D SPACE',''
  ) );
#10128 = PCURVE('',#10129,#10134);
#10129 = PLANE('',#10130);
#10130 = AXIS2_PLACEMENT_3D('',#10131,#10132,#10133);
#10131 = CARTESIAN_POINT('',(1.65E-03,0.,9.2E-04));
#10132 = DIRECTION('',(0.,0.,1.));
#10133 = DIRECTION('',(1.,0.,0.));
#10134 = DEFINITIONAL_REPRESENTATION('',(#10135),#10139);
#10135 = LINE('',#10136,#10137);
#10136 = CARTESIAN_POINT('',(-6.E-04,-1.6E-04));
#10137 = VECTOR('',#10138,1.);
#10138 = DIRECTION('',(1.,0.));
#10139 = ( GEOMETRIC_REPRESENTATION_CONTEXT(2) 
PARAMETRIC_REPRESENTATION_CONTEXT() REPRESENTATION_CONTEXT('2D SPACE',''
  ) );
#10140 = ADVANCED_FACE('',(#10141),#10129,.T.);
#10141 = FACE_BOUND('',#10142,.T.);
#10142 = EDGE_LOOP('',(#10143,#10166,#10167,#10190));
#10143 = ORIENTED_EDGE('',*,*,#10144,.F.);
#10144 = EDGE_CURVE('',#9918,#10145,#10147,.T.);
#10145 = VERTEX_POINT('',#10146);
#10146 = CARTESIAN_POINT('',(1.05E-03,1.6E-04,9.2E-04));
#10147 = SURFACE_CURVE('',#10148,(#10152,#10159),.PCURVE_S1.);
#10148 = LINE('',#10149,#10150);
#10149 = CARTESIAN_POINT('',(1.05E-03,-1.6E-04,9.2E-04));
#10150 = VECTOR('',#10151,1.E-03);
#10151 = DIRECTION('',(0.,1.,0.));
#10152 = PCURVE('',#10129,#10153);
#10153 = DEFINITIONAL_REPRESENTATION('',(#10154),#10158);
#10154 = LINE('',#10155,#10156);
#10155 = CARTESIAN_POINT('',(-6.E-04,-1.6E-04));
#10156 = VECTOR('',#10157,1.);
#10157 = DIRECTION('',(0.,1.));
#10158 = ( GEOMETRIC_REPRESENTATION_CONTEXT(2) 
PARAMETRIC_REPRESENTATION_CONTEXT() REPRESENTATION_CONTEXT('2D SPACE',''
  ) );
#10159 = PCURVE('',#9935,#10160);
#10160 = DEFINITIONAL_REPRESENTATION('',(#10161),#10165);
#10161 = LINE('',#10162,#10163);
#10162 = CARTESIAN_POINT('',(-6.E-04,1.6E-04));
#10163 = VECTOR('',#10164,1.);
#10164 = DIRECTION('',(0.,-1.));
#10165 = ( GEOMETRIC_REPRESENTATION_CONTEXT(2) 
PARAMETRIC_REPRESENTATION_CONTEXT() REPRESENTATION_CONTEXT('2D SPACE',''
  ) );
#10166 = ORIENTED_EDGE('',*,*,#10115,.T.);
#10167 = ORIENTED_EDGE('',*,*,#10168,.T.);
#10168 = EDGE_CURVE('',#10088,#10169,#10171,.T.);
#10169 = VERTEX_POINT('',#10170);
#10170 = CARTESIAN_POINT('',(2.25E-03,1.6E-04,9.2E-04));
#10171 = SURFACE_CURVE('',#10172,(#10176,#10183),.PCURVE_S1.);
#10172 = LINE('',#10173,#10174);
#10173 = CARTESIAN_POINT('',(2.25E-03,-1.6E-04,9.2E-04));
#10174 = VECTOR('',#10175,1.E-03);
#10175 = DIRECTION('',(0.,1.,0.));
#10176 = PCURVE('',#10129,#10177);
#10177 = DEFINITIONAL_REPRESENTATION('',(#10178),#10182);
#10178 = LINE('',#10179,#10180);
#10179 = CARTESIAN_POINT('',(6.E-04,-1.6E-04));
#10180 = VECTOR('',#10181,1.);
#10181 = DIRECTION('',(0.,1.));
#10182 = ( GEOMETRIC_REPRESENTATION_CONTEXT(2) 
PARAMETRIC_REPRESENTATION_CONTEXT() REPRESENTATION_CONTEXT('2D SPACE',''
  ) );
#10183 = PCURVE('',#10103,#10184);
#10184 = DEFINITIONAL_REPRESENTATION('',(#10185),#10189);
#10185 = LINE('',#10186,#10187);
#10186 = CARTESIAN_POINT('',(6.E-04,1.6E-04));
#10187 = VECTOR('',#10188,1.);
#10188 = DIRECTION('',(0.,-1.));
#10189 = ( GEOMETRIC_REPRESENTATION_CONTEXT(2) 
PARAMETRIC_REPRESENTATION_CONTEXT() REPRESENTATION_CONTEXT('2D SPACE',''
  ) );
#10190 = ORIENTED_EDGE('',*,*,#10191,.F.);
#10191 = EDGE_CURVE('',#10145,#10169,#10192,.T.);
#10192 = SURFACE_CURVE('',#10193,(#10197,#10204),.PCURVE_S1.);
#10193 = LINE('',#10194,#10195);
#10194 = CARTESIAN_POINT('',(1.05E-03,1.6E-04,9.2E-04));
#10195 = VECTOR('',#10196,1.E-03);
#10196 = DIRECTION('',(1.,0.,0.));
#10197 = PCURVE('',#10129,#10198);
#10198 = DEFINITIONAL_REPRESENTATION('',(#10199),#10203);
#10199 = LINE('',#10200,#10201);
#10200 = CARTESIAN_POINT('',(-6.E-04,1.6E-04));
#10201 = VECTOR('',#10202,1.);
#10202 = DIRECTION('',(1.,0.));
#10203 = ( GEOMETRIC_REPRESENTATION_CONTEXT(2) 
PARAMETRIC_REPRESENTATION_CONTEXT() REPRESENTATION_CONTEXT('2D SPACE',''
  ) );
#10204 = PCURVE('',#10205,#10210);
#10205 = PLANE('',#10206);
#10206 = AXIS2_PLACEMENT_3D('',#10207,#10208,#10209);
#10207 = CARTESIAN_POINT('',(2.9E-03,1.6E-04,1.395E-03));
#10208 = DIRECTION('',(0.,1.,6.860851715642E-18));
#10209 = DIRECTION('',(0.,-6.860851715642E-18,1.));
#10210 = DEFINITIONAL_REPRESENTATION('',(#10211),#10215);
#10211 = LINE('',#10212,#10213);
#10212 = CARTESIAN_POINT('',(-4.75E-04,-1.85E-03));
#10213 = VECTOR('',#10214,1.);
#10214 = DIRECTION('',(0.,1.));
#10215 = ( GEOMETRIC_REPRESENTATION_CONTEXT(2) 
PARAMETRIC_REPRESENTATION_CONTEXT() REPRESENTATION_CONTEXT('2D SPACE',''
  ) );
#10216 = ADVANCED_FACE('',(#10217,#10311),#10205,.T.);
#10217 = FACE_BOUND('',#10218,.T.);
#10218 = EDGE_LOOP('',(#10219,#10244,#10267,#10290));
#10219 = ORIENTED_EDGE('',*,*,#10220,.T.);
#10220 = EDGE_CURVE('',#10221,#10223,#10225,.T.);
#10221 = VERTEX_POINT('',#10222);
#10222 = CARTESIAN_POINT('',(5.8E-03,1.6E-04,0.));
#10223 = VERTEX_POINT('',#10224);
#10224 = CARTESIAN_POINT('',(1.082867129298E-18,1.6E-04,0.));
#10225 = SURFACE_CURVE('',#10226,(#10230,#10237),.PCURVE_S1.);
#10226 = LINE('',#10227,#10228);
#10227 = CARTESIAN_POINT('',(5.8E-03,1.6E-04,0.));
#10228 = VECTOR('',#10229,1.E-03);
#10229 = DIRECTION('',(-1.,0.,0.));
#10230 = PCURVE('',#10205,#10231);
#10231 = DEFINITIONAL_REPRESENTATION('',(#10232),#10236);
#10232 = LINE('',#10233,#10234);
#10233 = CARTESIAN_POINT('',(-1.395E-03,2.9E-03));
#10234 = VECTOR('',#10235,1.);
#10235 = DIRECTION('',(0.,-1.));
#10236 = ( GEOMETRIC_REPRESENTATION_CONTEXT(2) 
PARAMETRIC_REPRESENTATION_CONTEXT() REPRESENTATION_CONTEXT('2D SPACE',''
  ) );
#10237 = PCURVE('',#9821,#10238);
#10238 = DEFINITIONAL_REPRESENTATION('',(#10239),#10243);
#10239 = LINE('',#10240,#10241);
#10240 = CARTESIAN_POINT('',(-2.9E-03,1.6E-04));
#10241 = VECTOR('',#10242,1.);
#10242 = DIRECTION('',(1.,0.));
#10243 = ( GEOMETRIC_REPRESENTATION_CONTEXT(2) 
PARAMETRIC_REPRESENTATION_CONTEXT() REPRESENTATION_CONTEXT('2D SPACE',''
  ) );
#10244 = ORIENTED_EDGE('',*,*,#10245,.T.);
#10245 = EDGE_CURVE('',#10223,#10246,#10248,.T.);
#10246 = VERTEX_POINT('',#10247);
#10247 = CARTESIAN_POINT('',(0.,1.6E-04,2.79E-03));
#10248 = SURFACE_CURVE('',#10249,(#10253,#10260),.PCURVE_S1.);
#10249 = LINE('',#10250,#10251);
#10250 = CARTESIAN_POINT('',(1.082867129298E-18,1.6E-04,0.));
#10251 = VECTOR('',#10252,1.E-03);
#10252 = DIRECTION('',(-3.881244191034E-16,0.,1.));
#10253 = PCURVE('',#10205,#10254);
#10254 = DEFINITIONAL_REPRESENTATION('',(#10255),#10259);
#10255 = LINE('',#10256,#10257);
#10256 = CARTESIAN_POINT('',(-1.395E-03,-2.9E-03));
#10257 = VECTOR('',#10258,1.);
#10258 = DIRECTION('',(1.,-3.881244191034E-16));
#10259 = ( GEOMETRIC_REPRESENTATION_CONTEXT(2) 
PARAMETRIC_REPRESENTATION_CONTEXT() REPRESENTATION_CONTEXT('2D SPACE',''
  ) );
#10260 = PCURVE('',#9903,#10261);
#10261 = DEFINITIONAL_REPRESENTATION('',(#10262),#10266);
#10262 = LINE('',#10263,#10264);
#10263 = CARTESIAN_POINT('',(2.262741699797E-04,1.395E-03));
#10264 = VECTOR('',#10265,1.);
#10265 = DIRECTION('',(2.744454086921E-16,-1.));
#10266 = ( GEOMETRIC_REPRESENTATION_CONTEXT(2) 
PARAMETRIC_REPRESENTATION_CONTEXT() REPRESENTATION_CONTEXT('2D SPACE',''
  ) );
#10267 = ORIENTED_EDGE('',*,*,#10268,.T.);
#10268 = EDGE_CURVE('',#10246,#10269,#10271,.T.);
#10269 = VERTEX_POINT('',#10270);
#10270 = CARTESIAN_POINT('',(5.8E-03,1.6E-04,2.79E-03));
#10271 = SURFACE_CURVE('',#10272,(#10276,#10283),.PCURVE_S1.);
#10272 = LINE('',#10273,#10274);
#10273 = CARTESIAN_POINT('',(0.,1.6E-04,2.79E-03));
#10274 = VECTOR('',#10275,1.E-03);
#10275 = DIRECTION('',(1.,0.,0.));
#10276 = PCURVE('',#10205,#10277);
#10277 = DEFINITIONAL_REPRESENTATION('',(#10278),#10282);
#10278 = LINE('',#10279,#10280);
#10279 = CARTESIAN_POINT('',(1.395E-03,-2.9E-03));
#10280 = VECTOR('',#10281,1.);
#10281 = DIRECTION('',(0.,1.));
#10282 = ( GEOMETRIC_REPRESENTATION_CONTEXT(2) 
PARAMETRIC_REPRESENTATION_CONTEXT() REPRESENTATION_CONTEXT('2D SPACE',''
  ) );
#10283 = PCURVE('',#9877,#10284);
#10284 = DEFINITIONAL_REPRESENTATION('',(#10285),#10289);
#10285 = LINE('',#10286,#10287);
#10286 = CARTESIAN_POINT('',(-2.9E-03,1.6E-04));
#10287 = VECTOR('',#10288,1.);
#10288 = DIRECTION('',(1.,0.));
#10289 = ( GEOMETRIC_REPRESENTATION_CONTEXT(2) 
PARAMETRIC_REPRESENTATION_CONTEXT() REPRESENTATION_CONTEXT('2D SPACE',''
  ) );
#10290 = ORIENTED_EDGE('',*,*,#10291,.F.);
#10291 = EDGE_CURVE('',#10221,#10269,#10292,.T.);
#10292 = SURFACE_CURVE('',#10293,(#10297,#10304),.PCURVE_S1.);
#10293 = LINE('',#10294,#10295);
#10294 = CARTESIAN_POINT('',(5.8E-03,1.6E-04,0.));
#10295 = VECTOR('',#10296,1.E-03);
#10296 = DIRECTION('',(0.,0.,1.));
#10297 = PCURVE('',#10205,#10298);
#10298 = DEFINITIONAL_REPRESENTATION('',(#10299),#10303);
#10299 = LINE('',#10300,#10301);
#10300 = CARTESIAN_POINT('',(-1.395E-03,2.9E-03));
#10301 = VECTOR('',#10302,1.);
#10302 = DIRECTION('',(1.,0.));
#10303 = ( GEOMETRIC_REPRESENTATION_CONTEXT(2) 
PARAMETRIC_REPRESENTATION_CONTEXT() REPRESENTATION_CONTEXT('2D SPACE',''
  ) );
#10304 = PCURVE('',#9849,#10305);
#10305 = DEFINITIONAL_REPRESENTATION('',(#10306),#10310);
#10306 = LINE('',#10307,#10308);
#10307 = CARTESIAN_POINT('',(2.262741699797E-04,-1.395E-03));
#10308 = VECTOR('',#10309,1.);
#10309 = DIRECTION('',(0.,1.));
#10310 = ( GEOMETRIC_REPRESENTATION_CONTEXT(2) 
PARAMETRIC_REPRESENTATION_CONTEXT() REPRESENTATION_CONTEXT('2D SPACE',''
  ) );
#10311 = FACE_BOUND('',#10312,.T.);
#10312 = EDGE_LOOP('',(#10313,#10336,#10337,#10360,#10383,#10406,#10429,
    #10452));
#10313 = ORIENTED_EDGE('',*,*,#10314,.T.);
#10314 = EDGE_CURVE('',#10315,#10145,#10317,.T.);
#10315 = VERTEX_POINT('',#10316);
#10316 = CARTESIAN_POINT('',(1.05E-03,1.6E-04,2.12E-03));
#10317 = SURFACE_CURVE('',#10318,(#10322,#10329),.PCURVE_S1.);
#10318 = LINE('',#10319,#10320);
#10319 = CARTESIAN_POINT('',(1.05E-03,1.6E-04,2.12E-03));
#10320 = VECTOR('',#10321,1.E-03);
#10321 = DIRECTION('',(0.,0.,-1.));
#10322 = PCURVE('',#10205,#10323);
#10323 = DEFINITIONAL_REPRESENTATION('',(#10324),#10328);
#10324 = LINE('',#10325,#10326);
#10325 = CARTESIAN_POINT('',(7.25E-04,-1.85E-03));
#10326 = VECTOR('',#10327,1.);
#10327 = DIRECTION('',(-1.,0.));
#10328 = ( GEOMETRIC_REPRESENTATION_CONTEXT(2) 
PARAMETRIC_REPRESENTATION_CONTEXT() REPRESENTATION_CONTEXT('2D SPACE',''
  ) );
#10329 = PCURVE('',#9935,#10330);
#10330 = DEFINITIONAL_REPRESENTATION('',(#10331),#10335);
#10331 = LINE('',#10332,#10333);
#10332 = CARTESIAN_POINT('',(6.E-04,-1.6E-04));
#10333 = VECTOR('',#10334,1.);
#10334 = DIRECTION('',(-1.,0.));
#10335 = ( GEOMETRIC_REPRESENTATION_CONTEXT(2) 
PARAMETRIC_REPRESENTATION_CONTEXT() REPRESENTATION_CONTEXT('2D SPACE',''
  ) );
#10336 = ORIENTED_EDGE('',*,*,#10191,.T.);
#10337 = ORIENTED_EDGE('',*,*,#10338,.T.);
#10338 = EDGE_CURVE('',#10169,#10339,#10341,.T.);
#10339 = VERTEX_POINT('',#10340);
#10340 = CARTESIAN_POINT('',(2.25E-03,1.6E-04,2.12E-03));
#10341 = SURFACE_CURVE('',#10342,(#10346,#10353),.PCURVE_S1.);
#10342 = LINE('',#10343,#10344);
#10343 = CARTESIAN_POINT('',(2.25E-03,1.6E-04,9.2E-04));
#10344 = VECTOR('',#10345,1.E-03);
#10345 = DIRECTION('',(0.,0.,1.));
#10346 = PCURVE('',#10205,#10347);
#10347 = DEFINITIONAL_REPRESENTATION('',(#10348),#10352);
#10348 = LINE('',#10349,#10350);
#10349 = CARTESIAN_POINT('',(-4.75E-04,-6.5E-04));
#10350 = VECTOR('',#10351,1.);
#10351 = DIRECTION('',(1.,0.));
#10352 = ( GEOMETRIC_REPRESENTATION_CONTEXT(2) 
PARAMETRIC_REPRESENTATION_CONTEXT() REPRESENTATION_CONTEXT('2D SPACE',''
  ) );
#10353 = PCURVE('',#10103,#10354);
#10354 = DEFINITIONAL_REPRESENTATION('',(#10355),#10359);
#10355 = LINE('',#10356,#10357);
#10356 = CARTESIAN_POINT('',(6.E-04,-1.6E-04));
#10357 = VECTOR('',#10358,1.);
#10358 = DIRECTION('',(-1.,-0.));
#10359 = ( GEOMETRIC_REPRESENTATION_CONTEXT(2) 
PARAMETRIC_REPRESENTATION_CONTEXT() REPRESENTATION_CONTEXT('2D SPACE',''
  ) );
#10360 = ORIENTED_EDGE('',*,*,#10361,.T.);
#10361 = EDGE_CURVE('',#10339,#10362,#10364,.T.);
#10362 = VERTEX_POINT('',#10363);
#10363 = CARTESIAN_POINT('',(2.45E-03,1.6E-04,2.12E-03));
#10364 = SURFACE_CURVE('',#10365,(#10369,#10376),.PCURVE_S1.);
#10365 = LINE('',#10366,#10367);
#10366 = CARTESIAN_POINT('',(2.25E-03,1.6E-04,2.12E-03));
#10367 = VECTOR('',#10368,1.E-03);
#10368 = DIRECTION('',(1.,0.,0.));
#10369 = PCURVE('',#10205,#10370);
#10370 = DEFINITIONAL_REPRESENTATION('',(#10371),#10375);
#10371 = LINE('',#10372,#10373);
#10372 = CARTESIAN_POINT('',(7.25E-04,-6.5E-04));
#10373 = VECTOR('',#10374,1.);
#10374 = DIRECTION('',(0.,1.));
#10375 = ( GEOMETRIC_REPRESENTATION_CONTEXT(2) 
PARAMETRIC_REPRESENTATION_CONTEXT() REPRESENTATION_CONTEXT('2D SPACE',''
  ) );
#10376 = PCURVE('',#10075,#10377);
#10377 = DEFINITIONAL_REPRESENTATION('',(#10378),#10382);
#10378 = LINE('',#10379,#10380);
#10379 = CARTESIAN_POINT('',(-1.E-04,1.6E-04));
#10380 = VECTOR('',#10381,1.);
#10381 = DIRECTION('',(1.,0.));
#10382 = ( GEOMETRIC_REPRESENTATION_CONTEXT(2) 
PARAMETRIC_REPRESENTATION_CONTEXT() REPRESENTATION_CONTEXT('2D SPACE',''
  ) );
#10383 = ORIENTED_EDGE('',*,*,#10384,.T.);
#10384 = EDGE_CURVE('',#10362,#10385,#10387,.T.);
#10385 = VERTEX_POINT('',#10386);
#10386 = CARTESIAN_POINT('',(2.45E-03,1.6E-04,2.24E-03));
#10387 = SURFACE_CURVE('',#10388,(#10392,#10399),.PCURVE_S1.);
#10388 = LINE('',#10389,#10390);
#10389 = CARTESIAN_POINT('',(2.45E-03,1.6E-04,2.12E-03));
#10390 = VECTOR('',#10391,1.E-03);
#10391 = DIRECTION('',(0.,0.,1.));
#10392 = PCURVE('',#10205,#10393);
#10393 = DEFINITIONAL_REPRESENTATION('',(#10394),#10398);
#10394 = LINE('',#10395,#10396);
#10395 = CARTESIAN_POINT('',(7.25E-04,-4.5E-04));
#10396 = VECTOR('',#10397,1.);
#10397 = DIRECTION('',(1.,0.));
#10398 = ( GEOMETRIC_REPRESENTATION_CONTEXT(2) 
PARAMETRIC_REPRESENTATION_CONTEXT() REPRESENTATION_CONTEXT('2D SPACE',''
  ) );
#10399 = PCURVE('',#10047,#10400);
#10400 = DEFINITIONAL_REPRESENTATION('',(#10401),#10405);
#10401 = LINE('',#10402,#10403);
#10402 = CARTESIAN_POINT('',(6.E-05,-1.6E-04));
#10403 = VECTOR('',#10404,1.);
#10404 = DIRECTION('',(-1.,-0.));
#10405 = ( GEOMETRIC_REPRESENTATION_CONTEXT(2) 
PARAMETRIC_REPRESENTATION_CONTEXT() REPRESENTATION_CONTEXT('2D SPACE',''
  ) );
#10406 = ORIENTED_EDGE('',*,*,#10407,.T.);
#10407 = EDGE_CURVE('',#10385,#10408,#10410,.T.);
#10408 = VERTEX_POINT('',#10409);
#10409 = CARTESIAN_POINT('',(8.5E-04,1.6E-04,2.24E-03));
#10410 = SURFACE_CURVE('',#10411,(#10415,#10422),.PCURVE_S1.);
#10411 = LINE('',#10412,#10413);
#10412 = CARTESIAN_POINT('',(2.45E-03,1.6E-04,2.24E-03));
#10413 = VECTOR('',#10414,1.E-03);
#10414 = DIRECTION('',(-1.,0.,0.));
#10415 = PCURVE('',#10205,#10416);
#10416 = DEFINITIONAL_REPRESENTATION('',(#10417),#10421);
#10417 = LINE('',#10418,#10419);
#10418 = CARTESIAN_POINT('',(8.45E-04,-4.5E-04));
#10419 = VECTOR('',#10420,1.);
#10420 = DIRECTION('',(0.,-1.));
#10421 = ( GEOMETRIC_REPRESENTATION_CONTEXT(2) 
PARAMETRIC_REPRESENTATION_CONTEXT() REPRESENTATION_CONTEXT('2D SPACE',''
  ) );
#10422 = PCURVE('',#10019,#10423);
#10423 = DEFINITIONAL_REPRESENTATION('',(#10424),#10428);
#10424 = LINE('',#10425,#10426);
#10425 = CARTESIAN_POINT('',(-8.E-04,1.6E-04));
#10426 = VECTOR('',#10427,1.);
#10427 = DIRECTION('',(1.,0.));
#10428 = ( GEOMETRIC_REPRESENTATION_CONTEXT(2) 
PARAMETRIC_REPRESENTATION_CONTEXT() REPRESENTATION_CONTEXT('2D SPACE',''
  ) );
#10429 = ORIENTED_EDGE('',*,*,#10430,.T.);
#10430 = EDGE_CURVE('',#10408,#10431,#10433,.T.);
#10431 = VERTEX_POINT('',#10432);
#10432 = CARTESIAN_POINT('',(8.5E-04,1.6E-04,2.12E-03));
#10433 = SURFACE_CURVE('',#10434,(#10438,#10445),.PCURVE_S1.);
#10434 = LINE('',#10435,#10436);
#10435 = CARTESIAN_POINT('',(8.5E-04,1.6E-04,2.24E-03));
#10436 = VECTOR('',#10437,1.E-03);
#10437 = DIRECTION('',(0.,0.,-1.));
#10438 = PCURVE('',#10205,#10439);
#10439 = DEFINITIONAL_REPRESENTATION('',(#10440),#10444);
#10440 = LINE('',#10441,#10442);
#10441 = CARTESIAN_POINT('',(8.45E-04,-2.05E-03));
#10442 = VECTOR('',#10443,1.);
#10443 = DIRECTION('',(-1.,0.));
#10444 = ( GEOMETRIC_REPRESENTATION_CONTEXT(2) 
PARAMETRIC_REPRESENTATION_CONTEXT() REPRESENTATION_CONTEXT('2D SPACE',''
  ) );
#10445 = PCURVE('',#9991,#10446);
#10446 = DEFINITIONAL_REPRESENTATION('',(#10447),#10451);
#10447 = LINE('',#10448,#10449);
#10448 = CARTESIAN_POINT('',(6.E-05,-1.6E-04));
#10449 = VECTOR('',#10450,1.);
#10450 = DIRECTION('',(-1.,0.));
#10451 = ( GEOMETRIC_REPRESENTATION_CONTEXT(2) 
PARAMETRIC_REPRESENTATION_CONTEXT() REPRESENTATION_CONTEXT('2D SPACE',''
  ) );
#10452 = ORIENTED_EDGE('',*,*,#10453,.F.);
#10453 = EDGE_CURVE('',#10315,#10431,#10454,.T.);
#10454 = SURFACE_CURVE('',#10455,(#10459,#10466),.PCURVE_S1.);
#10455 = LINE('',#10456,#10457);
#10456 = CARTESIAN_POINT('',(1.05E-03,1.6E-04,2.12E-03));
#10457 = VECTOR('',#10458,1.E-03);
#10458 = DIRECTION('',(-1.,0.,0.));
#10459 = PCURVE('',#10205,#10460);
#10460 = DEFINITIONAL_REPRESENTATION('',(#10461),#10465);
#10461 = LINE('',#10462,#10463);
#10462 = CARTESIAN_POINT('',(7.25E-04,-1.85E-03));
#10463 = VECTOR('',#10464,1.);
#10464 = DIRECTION('',(0.,-1.));
#10465 = ( GEOMETRIC_REPRESENTATION_CONTEXT(2) 
PARAMETRIC_REPRESENTATION_CONTEXT() REPRESENTATION_CONTEXT('2D SPACE',''
  ) );
#10466 = PCURVE('',#9963,#10467);
#10467 = DEFINITIONAL_REPRESENTATION('',(#10468),#10472);
#10468 = LINE('',#10469,#10470);
#10469 = CARTESIAN_POINT('',(1.E-04,1.6E-04));
#10470 = VECTOR('',#10471,1.);
#10471 = DIRECTION('',(-1.,0.));
#10472 = ( GEOMETRIC_REPRESENTATION_CONTEXT(2) 
PARAMETRIC_REPRESENTATION_CONTEXT() REPRESENTATION_CONTEXT('2D SPACE',''
  ) );
#10473 = ADVANCED_FACE('',(#10474),#10103,.T.);
#10474 = FACE_BOUND('',#10475,.T.);
#10475 = EDGE_LOOP('',(#10476,#10497,#10498,#10499));
#10476 = ORIENTED_EDGE('',*,*,#10477,.T.);
#10477 = EDGE_CURVE('',#10060,#10339,#10478,.T.);
#10478 = SURFACE_CURVE('',#10479,(#10483,#10490),.PCURVE_S1.);
#10479 = LINE('',#10480,#10481);
#10480 = CARTESIAN_POINT('',(2.25E-03,-1.6E-04,2.12E-03));
#10481 = VECTOR('',#10482,1.E-03);
#10482 = DIRECTION('',(0.,1.,0.));
#10483 = PCURVE('',#10103,#10484);
#10484 = DEFINITIONAL_REPRESENTATION('',(#10485),#10489);
#10485 = LINE('',#10486,#10487);
#10486 = CARTESIAN_POINT('',(-6.E-04,1.6E-04));
#10487 = VECTOR('',#10488,1.);
#10488 = DIRECTION('',(0.,-1.));
#10489 = ( GEOMETRIC_REPRESENTATION_CONTEXT(2) 
PARAMETRIC_REPRESENTATION_CONTEXT() REPRESENTATION_CONTEXT('2D SPACE',''
  ) );
#10490 = PCURVE('',#10075,#10491);
#10491 = DEFINITIONAL_REPRESENTATION('',(#10492),#10496);
#10492 = LINE('',#10493,#10494);
#10493 = CARTESIAN_POINT('',(-1.E-04,-1.6E-04));
#10494 = VECTOR('',#10495,1.);
#10495 = DIRECTION('',(0.,1.));
#10496 = ( GEOMETRIC_REPRESENTATION_CONTEXT(2) 
PARAMETRIC_REPRESENTATION_CONTEXT() REPRESENTATION_CONTEXT('2D SPACE',''
  ) );
#10497 = ORIENTED_EDGE('',*,*,#10338,.F.);
#10498 = ORIENTED_EDGE('',*,*,#10168,.F.);
#10499 = ORIENTED_EDGE('',*,*,#10087,.F.);
#10500 = ADVANCED_FACE('',(#10501),#10075,.T.);
#10501 = FACE_BOUND('',#10502,.T.);
#10502 = EDGE_LOOP('',(#10503,#10524,#10525,#10526));
#10503 = ORIENTED_EDGE('',*,*,#10504,.T.);
#10504 = EDGE_CURVE('',#10032,#10362,#10505,.T.);
#10505 = SURFACE_CURVE('',#10506,(#10510,#10517),.PCURVE_S1.);
#10506 = LINE('',#10507,#10508);
#10507 = CARTESIAN_POINT('',(2.45E-03,-1.6E-04,2.12E-03));
#10508 = VECTOR('',#10509,1.E-03);
#10509 = DIRECTION('',(0.,1.,0.));
#10510 = PCURVE('',#10075,#10511);
#10511 = DEFINITIONAL_REPRESENTATION('',(#10512),#10516);
#10512 = LINE('',#10513,#10514);
#10513 = CARTESIAN_POINT('',(1.E-04,-1.6E-04));
#10514 = VECTOR('',#10515,1.);
#10515 = DIRECTION('',(0.,1.));
#10516 = ( GEOMETRIC_REPRESENTATION_CONTEXT(2) 
PARAMETRIC_REPRESENTATION_CONTEXT() REPRESENTATION_CONTEXT('2D SPACE',''
  ) );
#10517 = PCURVE('',#10047,#10518);
#10518 = DEFINITIONAL_REPRESENTATION('',(#10519),#10523);
#10519 = LINE('',#10520,#10521);
#10520 = CARTESIAN_POINT('',(6.E-05,1.6E-04));
#10521 = VECTOR('',#10522,1.);
#10522 = DIRECTION('',(0.,-1.));
#10523 = ( GEOMETRIC_REPRESENTATION_CONTEXT(2) 
PARAMETRIC_REPRESENTATION_CONTEXT() REPRESENTATION_CONTEXT('2D SPACE',''
  ) );
#10524 = ORIENTED_EDGE('',*,*,#10361,.F.);
#10525 = ORIENTED_EDGE('',*,*,#10477,.F.);
#10526 = ORIENTED_EDGE('',*,*,#10059,.F.);
#10527 = ADVANCED_FACE('',(#10528),#10047,.T.);
#10528 = FACE_BOUND('',#10529,.T.);
#10529 = EDGE_LOOP('',(#10530,#10551,#10552,#10553));
#10530 = ORIENTED_EDGE('',*,*,#10531,.T.);
#10531 = EDGE_CURVE('',#10004,#10385,#10532,.T.);
#10532 = SURFACE_CURVE('',#10533,(#10537,#10544),.PCURVE_S1.);
#10533 = LINE('',#10534,#10535);
#10534 = CARTESIAN_POINT('',(2.45E-03,-1.6E-04,2.24E-03));
#10535 = VECTOR('',#10536,1.E-03);
#10536 = DIRECTION('',(0.,1.,0.));
#10537 = PCURVE('',#10047,#10538);
#10538 = DEFINITIONAL_REPRESENTATION('',(#10539),#10543);
#10539 = LINE('',#10540,#10541);
#10540 = CARTESIAN_POINT('',(-5.999999999999E-05,1.6E-04));
#10541 = VECTOR('',#10542,1.);
#10542 = DIRECTION('',(0.,-1.));
#10543 = ( GEOMETRIC_REPRESENTATION_CONTEXT(2) 
PARAMETRIC_REPRESENTATION_CONTEXT() REPRESENTATION_CONTEXT('2D SPACE',''
  ) );
#10544 = PCURVE('',#10019,#10545);
#10545 = DEFINITIONAL_REPRESENTATION('',(#10546),#10550);
#10546 = LINE('',#10547,#10548);
#10547 = CARTESIAN_POINT('',(-8.E-04,-1.6E-04));
#10548 = VECTOR('',#10549,1.);
#10549 = DIRECTION('',(0.,1.));
#10550 = ( GEOMETRIC_REPRESENTATION_CONTEXT(2) 
PARAMETRIC_REPRESENTATION_CONTEXT() REPRESENTATION_CONTEXT('2D SPACE',''
  ) );
#10551 = ORIENTED_EDGE('',*,*,#10384,.F.);
#10552 = ORIENTED_EDGE('',*,*,#10504,.F.);
#10553 = ORIENTED_EDGE('',*,*,#10031,.F.);
#10554 = ADVANCED_FACE('',(#10555),#10019,.T.);
#10555 = FACE_BOUND('',#10556,.T.);
#10556 = EDGE_LOOP('',(#10557,#10578,#10579,#10580));
#10557 = ORIENTED_EDGE('',*,*,#10558,.T.);
#10558 = EDGE_CURVE('',#9976,#10408,#10559,.T.);
#10559 = SURFACE_CURVE('',#10560,(#10564,#10571),.PCURVE_S1.);
#10560 = LINE('',#10561,#10562);
#10561 = CARTESIAN_POINT('',(8.5E-04,-1.6E-04,2.24E-03));
#10562 = VECTOR('',#10563,1.E-03);
#10563 = DIRECTION('',(0.,1.,0.));
#10564 = PCURVE('',#10019,#10565);
#10565 = DEFINITIONAL_REPRESENTATION('',(#10566),#10570);
#10566 = LINE('',#10567,#10568);
#10567 = CARTESIAN_POINT('',(8.E-04,-1.6E-04));
#10568 = VECTOR('',#10569,1.);
#10569 = DIRECTION('',(0.,1.));
#10570 = ( GEOMETRIC_REPRESENTATION_CONTEXT(2) 
PARAMETRIC_REPRESENTATION_CONTEXT() REPRESENTATION_CONTEXT('2D SPACE',''
  ) );
#10571 = PCURVE('',#9991,#10572);
#10572 = DEFINITIONAL_REPRESENTATION('',(#10573),#10577);
#10573 = LINE('',#10574,#10575);
#10574 = CARTESIAN_POINT('',(6.E-05,1.6E-04));
#10575 = VECTOR('',#10576,1.);
#10576 = DIRECTION('',(0.,-1.));
#10577 = ( GEOMETRIC_REPRESENTATION_CONTEXT(2) 
PARAMETRIC_REPRESENTATION_CONTEXT() REPRESENTATION_CONTEXT('2D SPACE',''
  ) );
#10578 = ORIENTED_EDGE('',*,*,#10407,.F.);
#10579 = ORIENTED_EDGE('',*,*,#10531,.F.);
#10580 = ORIENTED_EDGE('',*,*,#10003,.F.);
#10581 = ADVANCED_FACE('',(#10582),#9991,.T.);
#10582 = FACE_BOUND('',#10583,.T.);
#10583 = EDGE_LOOP('',(#10584,#10605,#10606,#10607));
#10584 = ORIENTED_EDGE('',*,*,#10585,.T.);
#10585 = EDGE_CURVE('',#9948,#10431,#10586,.T.);
#10586 = SURFACE_CURVE('',#10587,(#10591,#10598),.PCURVE_S1.);
#10587 = LINE('',#10588,#10589);
#10588 = CARTESIAN_POINT('',(8.5E-04,-1.6E-04,2.12E-03));
#10589 = VECTOR('',#10590,1.E-03);
#10590 = DIRECTION('',(0.,1.,0.));
#10591 = PCURVE('',#9991,#10592);
#10592 = DEFINITIONAL_REPRESENTATION('',(#10593),#10597);
#10593 = LINE('',#10594,#10595);
#10594 = CARTESIAN_POINT('',(-6.E-05,1.6E-04));
#10595 = VECTOR('',#10596,1.);
#10596 = DIRECTION('',(0.,-1.));
#10597 = ( GEOMETRIC_REPRESENTATION_CONTEXT(2) 
PARAMETRIC_REPRESENTATION_CONTEXT() REPRESENTATION_CONTEXT('2D SPACE',''
  ) );
#10598 = PCURVE('',#9963,#10599);
#10599 = DEFINITIONAL_REPRESENTATION('',(#10600),#10604);
#10600 = LINE('',#10601,#10602);
#10601 = CARTESIAN_POINT('',(-1.E-04,-1.6E-04));
#10602 = VECTOR('',#10603,1.);
#10603 = DIRECTION('',(0.,1.));
#10604 = ( GEOMETRIC_REPRESENTATION_CONTEXT(2) 
PARAMETRIC_REPRESENTATION_CONTEXT() REPRESENTATION_CONTEXT('2D SPACE',''
  ) );
#10605 = ORIENTED_EDGE('',*,*,#10430,.F.);
#10606 = ORIENTED_EDGE('',*,*,#10558,.F.);
#10607 = ORIENTED_EDGE('',*,*,#9975,.F.);
#10608 = ADVANCED_FACE('',(#10609),#9963,.T.);
#10609 = FACE_BOUND('',#10610,.T.);
#10610 = EDGE_LOOP('',(#10611,#10632,#10633,#10634));
#10611 = ORIENTED_EDGE('',*,*,#10612,.T.);
#10612 = EDGE_CURVE('',#9920,#10315,#10613,.T.);
#10613 = SURFACE_CURVE('',#10614,(#10618,#10625),.PCURVE_S1.);
#10614 = LINE('',#10615,#10616);
#10615 = CARTESIAN_POINT('',(1.05E-03,-1.6E-04,2.12E-03));
#10616 = VECTOR('',#10617,1.E-03);
#10617 = DIRECTION('',(0.,1.,0.));
#10618 = PCURVE('',#9963,#10619);
#10619 = DEFINITIONAL_REPRESENTATION('',(#10620),#10624);
#10620 = LINE('',#10621,#10622);
#10621 = CARTESIAN_POINT('',(1.E-04,-1.6E-04));
#10622 = VECTOR('',#10623,1.);
#10623 = DIRECTION('',(0.,1.));
#10624 = ( GEOMETRIC_REPRESENTATION_CONTEXT(2) 
PARAMETRIC_REPRESENTATION_CONTEXT() REPRESENTATION_CONTEXT('2D SPACE',''
  ) );
#10625 = PCURVE('',#9935,#10626);
#10626 = DEFINITIONAL_REPRESENTATION('',(#10627),#10631);
#10627 = LINE('',#10628,#10629);
#10628 = CARTESIAN_POINT('',(6.E-04,1.6E-04));
#10629 = VECTOR('',#10630,1.);
#10630 = DIRECTION('',(0.,-1.));
#10631 = ( GEOMETRIC_REPRESENTATION_CONTEXT(2) 
PARAMETRIC_REPRESENTATION_CONTEXT() REPRESENTATION_CONTEXT('2D SPACE',''
  ) );
#10632 = ORIENTED_EDGE('',*,*,#10453,.T.);
#10633 = ORIENTED_EDGE('',*,*,#10585,.F.);
#10634 = ORIENTED_EDGE('',*,*,#9947,.F.);
#10635 = ADVANCED_FACE('',(#10636),#9935,.T.);
#10636 = FACE_BOUND('',#10637,.T.);
#10637 = EDGE_LOOP('',(#10638,#10639,#10640,#10641));
#10638 = ORIENTED_EDGE('',*,*,#10144,.T.);
#10639 = ORIENTED_EDGE('',*,*,#10314,.F.);
#10640 = ORIENTED_EDGE('',*,*,#10612,.F.);
#10641 = ORIENTED_EDGE('',*,*,#9917,.F.);
#10642 = ADVANCED_FACE('',(#10643),#9903,.T.);
#10643 = FACE_BOUND('',#10644,.T.);
#10644 = EDGE_LOOP('',(#10645,#10646,#10667,#10668));
#10645 = ORIENTED_EDGE('',*,*,#9889,.T.);
#10646 = ORIENTED_EDGE('',*,*,#10647,.T.);
#10647 = EDGE_CURVE('',#9862,#10246,#10648,.T.);
#10648 = SURFACE_CURVE('',#10649,(#10653,#10660),.PCURVE_S1.);
#10649 = LINE('',#10650,#10651);
#10650 = CARTESIAN_POINT('',(3.2E-04,-1.6E-04,2.79E-03));
#10651 = VECTOR('',#10652,1.E-03);
#10652 = DIRECTION('',(-0.707106781187,0.707106781187,0.));
#10653 = PCURVE('',#9903,#10654);
#10654 = DEFINITIONAL_REPRESENTATION('',(#10655),#10659);
#10655 = LINE('',#10656,#10657);
#10656 = CARTESIAN_POINT('',(-2.262741699797E-04,-1.395E-03));
#10657 = VECTOR('',#10658,1.);
#10658 = DIRECTION('',(1.,2.892585749356E-31));
#10659 = ( GEOMETRIC_REPRESENTATION_CONTEXT(2) 
PARAMETRIC_REPRESENTATION_CONTEXT() REPRESENTATION_CONTEXT('2D SPACE',''
  ) );
#10660 = PCURVE('',#9877,#10661);
#10661 = DEFINITIONAL_REPRESENTATION('',(#10662),#10666);
#10662 = LINE('',#10663,#10664);
#10663 = CARTESIAN_POINT('',(-2.58E-03,-1.6E-04));
#10664 = VECTOR('',#10665,1.);
#10665 = DIRECTION('',(-0.707106781187,0.707106781187));
#10666 = ( GEOMETRIC_REPRESENTATION_CONTEXT(2) 
PARAMETRIC_REPRESENTATION_CONTEXT() REPRESENTATION_CONTEXT('2D SPACE',''
  ) );
#10667 = ORIENTED_EDGE('',*,*,#10245,.F.);
#10668 = ORIENTED_EDGE('',*,*,#10669,.F.);
#10669 = EDGE_CURVE('',#9799,#10223,#10670,.T.);
#10670 = SURFACE_CURVE('',#10671,(#10675,#10682),.PCURVE_S1.);
#10671 = LINE('',#10672,#10673);
#10672 = CARTESIAN_POINT('',(3.2E-04,-1.6E-04,0.));
#10673 = VECTOR('',#10674,1.E-03);
#10674 = DIRECTION('',(-0.707106781187,0.707106781187,0.));
#10675 = PCURVE('',#9903,#10676);
#10676 = DEFINITIONAL_REPRESENTATION('',(#10677),#10681);
#10677 = LINE('',#10678,#10679);
#10678 = CARTESIAN_POINT('',(-2.262741699797E-04,1.395E-03));
#10679 = VECTOR('',#10680,1.);
#10680 = DIRECTION('',(1.,-2.898132104214E-31));
#10681 = ( GEOMETRIC_REPRESENTATION_CONTEXT(2) 
PARAMETRIC_REPRESENTATION_CONTEXT() REPRESENTATION_CONTEXT('2D SPACE',''
  ) );
#10682 = PCURVE('',#9821,#10683);
#10683 = DEFINITIONAL_REPRESENTATION('',(#10684),#10688);
#10684 = LINE('',#10685,#10686);
#10685 = CARTESIAN_POINT('',(2.58E-03,-1.6E-04));
#10686 = VECTOR('',#10687,1.);
#10687 = DIRECTION('',(0.707106781187,0.707106781187));
#10688 = ( GEOMETRIC_REPRESENTATION_CONTEXT(2) 
PARAMETRIC_REPRESENTATION_CONTEXT() REPRESENTATION_CONTEXT('2D SPACE',''
  ) );
#10689 = ADVANCED_FACE('',(#10690),#9877,.T.);
#10690 = FACE_BOUND('',#10691,.T.);
#10691 = EDGE_LOOP('',(#10692,#10693,#10714,#10715));
#10692 = ORIENTED_EDGE('',*,*,#9861,.F.);
#10693 = ORIENTED_EDGE('',*,*,#10694,.T.);
#10694 = EDGE_CURVE('',#9834,#10269,#10695,.T.);
#10695 = SURFACE_CURVE('',#10696,(#10700,#10707),.PCURVE_S1.);
#10696 = LINE('',#10697,#10698);
#10697 = CARTESIAN_POINT('',(5.48E-03,-1.6E-04,2.79E-03));
#10698 = VECTOR('',#10699,1.E-03);
#10699 = DIRECTION('',(0.707106781187,0.707106781187,0.));
#10700 = PCURVE('',#9877,#10701);
#10701 = DEFINITIONAL_REPRESENTATION('',(#10702),#10706);
#10702 = LINE('',#10703,#10704);
#10703 = CARTESIAN_POINT('',(2.58E-03,-1.6E-04));
#10704 = VECTOR('',#10705,1.);
#10705 = DIRECTION('',(0.707106781187,0.707106781187));
#10706 = ( GEOMETRIC_REPRESENTATION_CONTEXT(2) 
PARAMETRIC_REPRESENTATION_CONTEXT() REPRESENTATION_CONTEXT('2D SPACE',''
  ) );
#10707 = PCURVE('',#9849,#10708);
#10708 = DEFINITIONAL_REPRESENTATION('',(#10709),#10713);
#10709 = LINE('',#10710,#10711);
#10710 = CARTESIAN_POINT('',(-2.262741699797E-04,1.395E-03));
#10711 = VECTOR('',#10712,1.);
#10712 = DIRECTION('',(1.,0.));
#10713 = ( GEOMETRIC_REPRESENTATION_CONTEXT(2) 
PARAMETRIC_REPRESENTATION_CONTEXT() REPRESENTATION_CONTEXT('2D SPACE',''
  ) );
#10714 = ORIENTED_EDGE('',*,*,#10268,.F.);
#10715 = ORIENTED_EDGE('',*,*,#10647,.F.);
#10716 = ADVANCED_FACE('',(#10717),#9849,.T.);
#10717 = FACE_BOUND('',#10718,.T.);
#10718 = EDGE_LOOP('',(#10719,#10720,#10741,#10742));
#10719 = ORIENTED_EDGE('',*,*,#9833,.F.);
#10720 = ORIENTED_EDGE('',*,*,#10721,.T.);
#10721 = EDGE_CURVE('',#9801,#10221,#10722,.T.);
#10722 = SURFACE_CURVE('',#10723,(#10727,#10734),.PCURVE_S1.);
#10723 = LINE('',#10724,#10725);
#10724 = CARTESIAN_POINT('',(5.48E-03,-1.6E-04,0.));
#10725 = VECTOR('',#10726,1.E-03);
#10726 = DIRECTION('',(0.707106781187,0.707106781187,0.));
#10727 = PCURVE('',#9849,#10728);
#10728 = DEFINITIONAL_REPRESENTATION('',(#10729),#10733);
#10729 = LINE('',#10730,#10731);
#10730 = CARTESIAN_POINT('',(-2.262741699797E-04,-1.395E-03));
#10731 = VECTOR('',#10732,1.);
#10732 = DIRECTION('',(1.,0.));
#10733 = ( GEOMETRIC_REPRESENTATION_CONTEXT(2) 
PARAMETRIC_REPRESENTATION_CONTEXT() REPRESENTATION_CONTEXT('2D SPACE',''
  ) );
#10734 = PCURVE('',#9821,#10735);
#10735 = DEFINITIONAL_REPRESENTATION('',(#10736),#10740);
#10736 = LINE('',#10737,#10738);
#10737 = CARTESIAN_POINT('',(-2.58E-03,-1.6E-04));
#10738 = VECTOR('',#10739,1.);
#10739 = DIRECTION('',(-0.707106781187,0.707106781187));
#10740 = ( GEOMETRIC_REPRESENTATION_CONTEXT(2) 
PARAMETRIC_REPRESENTATION_CONTEXT() REPRESENTATION_CONTEXT('2D SPACE',''
  ) );
#10741 = ORIENTED_EDGE('',*,*,#10291,.T.);
#10742 = ORIENTED_EDGE('',*,*,#10694,.F.);
#10743 = ADVANCED_FACE('',(#10744),#9821,.T.);
#10744 = FACE_BOUND('',#10745,.T.);
#10745 = EDGE_LOOP('',(#10746,#10747,#10748,#10749));
#10746 = ORIENTED_EDGE('',*,*,#9798,.F.);
#10747 = ORIENTED_EDGE('',*,*,#10669,.T.);
#10748 = ORIENTED_EDGE('',*,*,#10220,.F.);
#10749 = ORIENTED_EDGE('',*,*,#10721,.F.);
#10750 = ( GEOMETRIC_REPRESENTATION_CONTEXT(3) 
GLOBAL_UNCERTAINTY_ASSIGNED_CONTEXT((#10754)) 
GLOBAL_UNIT_ASSIGNED_CONTEXT((#10751,#10752,#10753)) 
REPRESENTATION_CONTEXT('Context #1',
  '3D Context with UNIT and UNCERTAINTY') );
#10751 = ( LENGTH_UNIT() NAMED_UNIT(*) SI_UNIT($,.METRE.) );
#10752 = ( NAMED_UNIT(*) PLANE_ANGLE_UNIT() SI_UNIT($,.RADIAN.) );
#10753 = ( NAMED_UNIT(*) SI_UNIT($,.STERADIAN.) SOLID_ANGLE_UNIT() );
#10754 = UNCERTAINTY_MEASURE_WITH_UNIT(LENGTH_MEASURE(5.E-09),#10751,
  'distance_accuracy_value','confusion accuracy');
#10755 = CONTEXT_DEPENDENT_SHAPE_REPRESENTATION(#10756,#10758);
#10756 = ( REPRESENTATION_RELATIONSHIP('','',#9791,#9762) 
REPRESENTATION_RELATIONSHIP_WITH_TRANSFORMATION(#10757) 
SHAPE_REPRESENTATION_RELATIONSHIP() );
#10757 = ITEM_DEFINED_TRANSFORMATION('','',#11,#9763);
#10758 = PRODUCT_DEFINITION_SHAPE('Placement','Placement of an item',
  #10759);
#10759 = NEXT_ASSEMBLY_USAGE_OCCURRENCE('3','','',#9757,#9786,$);
#10760 = CC_DESIGN_SECURITY_CLASSIFICATION(#10761,(#10759));
#10761 = SECURITY_CLASSIFICATION('','',#365);
#10762 = CC_DESIGN_PERSON_AND_ORGANIZATION_ASSIGNMENT(#354,#363,(#10761)
  );
#10763 = CC_DESIGN_DATE_AND_TIME_ASSIGNMENT(#368,#374,(#10761));
#10764 = CC_DESIGN_APPROVAL(#376,(#10761));
#10765 = PRODUCT_RELATED_PRODUCT_CATEGORY('detail',$,(#9788));
#10766 = PRODUCT_CATEGORY_RELATIONSHIP('','',#10767,#10765);
#10767 = PRODUCT_CATEGORY('part',$);
#10768 = CC_DESIGN_PERSON_AND_ORGANIZATION_ASSIGNMENT(#354,#357,(#9787,
    #9786));
#10769 = CC_DESIGN_PERSON_AND_ORGANIZATION_ASSIGNMENT(#354,#359,(#9788)
  );
#10770 = CC_DESIGN_PERSON_AND_ORGANIZATION_ASSIGNMENT(#354,#361,(#9787)
  );
#10771 = CC_DESIGN_PERSON_AND_ORGANIZATION_ASSIGNMENT(#354,#363,(#10772)
  );
#10772 = SECURITY_CLASSIFICATION('','',#365);
#10773 = CC_DESIGN_SECURITY_CLASSIFICATION(#10772,(#9787));
#10774 = CC_DESIGN_DATE_AND_TIME_ASSIGNMENT(#368,#372,(#9786));
#10775 = CC_DESIGN_DATE_AND_TIME_ASSIGNMENT(#368,#374,(#10772));
#10776 = CC_DESIGN_APPROVAL(#376,(#9787,#9786,#10772));
#10777 = SHAPE_DEFINITION_REPRESENTATION(#10778,#10784);
#10778 = PRODUCT_DEFINITION_SHAPE('','',#10779);
#10779 = PRODUCT_DEFINITION('design','',#10780,#10783);
#10780 = PRODUCT_DEFINITION_FORMATION_WITH_SPECIFIED_SOURCE('','',#10781
  ,.NOT_KNOWN.);
#10781 = PRODUCT('DoubleLeafMasonry_0.32_m 23',
  'DoubleLeafMasonry_0.32_m 23','',(#10782));
#10782 = MECHANICAL_CONTEXT('',#2,'mechanical');
#10783 = DESIGN_CONTEXT('',#2,'design');
#10784 = SHAPE_REPRESENTATION('',(#11,#10785),#10789);
#10785 = AXIS2_PLACEMENT_3D('',#10786,#10787,#10788);
#10786 = CARTESIAN_POINT('',(1.235E-03,5.480624220212E-03,2.69E-03));
#10787 = DIRECTION('',(-0.,0.,1.));
#10788 = DIRECTION('',(0.,-1.,0.));
#10789 = ( GEOMETRIC_REPRESENTATION_CONTEXT(3) 
GLOBAL_UNCERTAINTY_ASSIGNED_CONTEXT((#10793)) 
GLOBAL_UNIT_ASSIGNED_CONTEXT((#10790,#10791,#10792)) 
REPRESENTATION_CONTEXT('Context #1',
  '3D Context with UNIT and UNCERTAINTY') );
#10790 = ( LENGTH_UNIT() NAMED_UNIT(*) SI_UNIT($,.METRE.) );
#10791 = ( NAMED_UNIT(*) PLANE_ANGLE_UNIT() SI_UNIT($,.RADIAN.) );
#10792 = ( NAMED_UNIT(*) SI_UNIT($,.STERADIAN.) SOLID_ANGLE_UNIT() );
#10793 = UNCERTAINTY_MEASURE_WITH_UNIT(LENGTH_MEASURE(5.E-09),#10790,
  'distance_accuracy_value','confusion accuracy');
#10794 = PRODUCT_RELATED_PRODUCT_CATEGORY('detail',$,(#10781));
#10795 = PRODUCT_CATEGORY_RELATIONSHIP('','',#10796,#10794);
#10796 = PRODUCT_CATEGORY('part',$);
#10797 = CC_DESIGN_PERSON_AND_ORGANIZATION_ASSIGNMENT(#354,#357,(#10780,
    #10779));
#10798 = CC_DESIGN_PERSON_AND_ORGANIZATION_ASSIGNMENT(#354,#359,(#10781)
  );
#10799 = CC_DESIGN_PERSON_AND_ORGANIZATION_ASSIGNMENT(#354,#361,(#10780)
  );
#10800 = CC_DESIGN_PERSON_AND_ORGANIZATION_ASSIGNMENT(#354,#363,(#10801)
  );
#10801 = SECURITY_CLASSIFICATION('','',#365);
#10802 = CC_DESIGN_SECURITY_CLASSIFICATION(#10801,(#10780));
#10803 = CC_DESIGN_DATE_AND_TIME_ASSIGNMENT(#368,#372,(#10779));
#10804 = CC_DESIGN_DATE_AND_TIME_ASSIGNMENT(#368,#374,(#10801));
#10805 = CC_DESIGN_APPROVAL(#376,(#10780,#10779,#10801));
#10806 = SHAPE_DEFINITION_REPRESENTATION(#10807,#10813);
#10807 = PRODUCT_DEFINITION_SHAPE('','',#10808);
#10808 = PRODUCT_DEFINITION('design','',#10809,#10812);
#10809 = PRODUCT_DEFINITION_FORMATION_WITH_SPECIFIED_SOURCE('','',#10810
  ,.NOT_KNOWN.);
#10810 = PRODUCT('DoubleLeafMasonry_0.32_m 23.1',
  'DoubleLeafMasonry_0.32_m 23.1','',(#10811));
#10811 = MECHANICAL_CONTEXT('',#2,'mechanical');
#10812 = DESIGN_CONTEXT('',#2,'design');
#10813 = ADVANCED_BREP_SHAPE_REPRESENTATION('',(#11,#10814),#11772);
#10814 = MANIFOLD_SOLID_BREP('DoubleLeafMasonry_0.32_m',#10815);
#10815 = CLOSED_SHELL('',(#10816,#11162,#11238,#11495,#11522,#11549,
    #11576,#11603,#11630,#11657,#11664,#11711,#11738,#11765));
#10816 = ADVANCED_FACE('',(#10817,#10936),#10831,.T.);
#10817 = FACE_BOUND('',#10818,.T.);
#10818 = EDGE_LOOP('',(#10819,#10854,#10882,#10910));
#10819 = ORIENTED_EDGE('',*,*,#10820,.T.);
#10820 = EDGE_CURVE('',#10821,#10823,#10825,.T.);
#10821 = VERTEX_POINT('',#10822);
#10822 = CARTESIAN_POINT('',(0.,-1.6E-04,5.414335646492E-19));
#10823 = VERTEX_POINT('',#10824);
#10824 = CARTESIAN_POINT('',(5.16E-03,-1.6E-04,5.414335646492E-19));
#10825 = SURFACE_CURVE('',#10826,(#10830,#10842),.PCURVE_S1.);
#10826 = LINE('',#10827,#10828);
#10827 = CARTESIAN_POINT('',(0.,-1.6E-04,5.414335646492E-19));
#10828 = VECTOR('',#10829,1.E-03);
#10829 = DIRECTION('',(1.,0.,0.));
#10830 = PCURVE('',#10831,#10836);
#10831 = PLANE('',#10832);
#10832 = AXIS2_PLACEMENT_3D('',#10833,#10834,#10835);
#10833 = CARTESIAN_POINT('',(2.58E-03,-1.6E-04,1.03E-03));
#10834 = DIRECTION('',(2.904653262101E-16,-1.,7.206798816431E-16));
#10835 = DIRECTION('',(0.,-7.206798816431E-16,-1.));
#10836 = DEFINITIONAL_REPRESENTATION('',(#10837),#10841);
#10837 = LINE('',#10838,#10839);
#10838 = CARTESIAN_POINT('',(1.03E-03,-2.58E-03));
#10839 = VECTOR('',#10840,1.);
#10840 = DIRECTION('',(0.,1.));
#10841 = ( GEOMETRIC_REPRESENTATION_CONTEXT(2) 
PARAMETRIC_REPRESENTATION_CONTEXT() REPRESENTATION_CONTEXT('2D SPACE',''
  ) );
#10842 = PCURVE('',#10843,#10848);
#10843 = PLANE('',#10844);
#10844 = AXIS2_PLACEMENT_3D('',#10845,#10846,#10847);
#10845 = CARTESIAN_POINT('',(2.58E-03,0.,5.414335646492E-19));
#10846 = DIRECTION('',(0.,0.,-1.));
#10847 = DIRECTION('',(-1.,0.,0.));
#10848 = DEFINITIONAL_REPRESENTATION('',(#10849),#10853);
#10849 = LINE('',#10850,#10851);
#10850 = CARTESIAN_POINT('',(2.58E-03,-1.6E-04));
#10851 = VECTOR('',#10852,1.);
#10852 = DIRECTION('',(-1.,0.));
#10853 = ( GEOMETRIC_REPRESENTATION_CONTEXT(2) 
PARAMETRIC_REPRESENTATION_CONTEXT() REPRESENTATION_CONTEXT('2D SPACE',''
  ) );
#10854 = ORIENTED_EDGE('',*,*,#10855,.T.);
#10855 = EDGE_CURVE('',#10823,#10856,#10858,.T.);
#10856 = VERTEX_POINT('',#10857);
#10857 = CARTESIAN_POINT('',(5.16E-03,-1.6E-04,2.06E-03));
#10858 = SURFACE_CURVE('',#10859,(#10863,#10870),.PCURVE_S1.);
#10859 = LINE('',#10860,#10861);
#10860 = CARTESIAN_POINT('',(5.16E-03,-1.6E-04,5.414335646492E-19));
#10861 = VECTOR('',#10862,1.E-03);
#10862 = DIRECTION('',(0.,1.455146682761E-15,1.));
#10863 = PCURVE('',#10831,#10864);
#10864 = DEFINITIONAL_REPRESENTATION('',(#10865),#10869);
#10865 = LINE('',#10866,#10867);
#10866 = CARTESIAN_POINT('',(1.03E-03,2.58E-03));
#10867 = VECTOR('',#10868,1.);
#10868 = DIRECTION('',(-1.,2.133371389772E-31));
#10869 = ( GEOMETRIC_REPRESENTATION_CONTEXT(2) 
PARAMETRIC_REPRESENTATION_CONTEXT() REPRESENTATION_CONTEXT('2D SPACE',''
  ) );
#10870 = PCURVE('',#10871,#10876);
#10871 = PLANE('',#10872);
#10872 = AXIS2_PLACEMENT_3D('',#10873,#10874,#10875);
#10873 = CARTESIAN_POINT('',(5.16E-03,7.49400541622E-19,
    1.055993575699E-03));
#10874 = DIRECTION('',(1.,1.314192446543E-15,0.));
#10875 = DIRECTION('',(-1.314192446543E-15,1.,0.));
#10876 = DEFINITIONAL_REPRESENTATION('',(#10877),#10881);
#10877 = LINE('',#10878,#10879);
#10878 = CARTESIAN_POINT('',(-1.6E-04,-1.055993575699E-03));
#10879 = VECTOR('',#10880,1.);
#10880 = DIRECTION('',(1.455146682761E-15,1.));
#10881 = ( GEOMETRIC_REPRESENTATION_CONTEXT(2) 
PARAMETRIC_REPRESENTATION_CONTEXT() REPRESENTATION_CONTEXT('2D SPACE',''
  ) );
#10882 = ORIENTED_EDGE('',*,*,#10883,.T.);
#10883 = EDGE_CURVE('',#10856,#10884,#10886,.T.);
#10884 = VERTEX_POINT('',#10885);
#10885 = CARTESIAN_POINT('',(0.,-1.6E-04,2.06E-03));
#10886 = SURFACE_CURVE('',#10887,(#10891,#10898),.PCURVE_S1.);
#10887 = LINE('',#10888,#10889);
#10888 = CARTESIAN_POINT('',(5.16E-03,-1.6E-04,2.06E-03));
#10889 = VECTOR('',#10890,1.E-03);
#10890 = DIRECTION('',(-1.,-5.809306524201E-16,0.));
#10891 = PCURVE('',#10831,#10892);
#10892 = DEFINITIONAL_REPRESENTATION('',(#10893),#10897);
#10893 = LINE('',#10894,#10895);
#10894 = CARTESIAN_POINT('',(-1.03E-03,2.58E-03));
#10895 = VECTOR('',#10896,1.);
#10896 = DIRECTION('',(4.18665033829E-31,-1.));
#10897 = ( GEOMETRIC_REPRESENTATION_CONTEXT(2) 
PARAMETRIC_REPRESENTATION_CONTEXT() REPRESENTATION_CONTEXT('2D SPACE',''
  ) );
#10898 = PCURVE('',#10899,#10904);
#10899 = PLANE('',#10900);
#10900 = AXIS2_PLACEMENT_3D('',#10901,#10902,#10903);
#10901 = CARTESIAN_POINT('',(2.58E-03,7.49400541622E-19,
    2.111987151397E-03));
#10902 = DIRECTION('',(6.394651417821E-17,-0.309016994375,0.951056516295
    ));
#10903 = DIRECTION('',(0.,0.951056516295,0.309016994375));
#10904 = DEFINITIONAL_REPRESENTATION('',(#10905),#10909);
#10905 = LINE('',#10906,#10907);
#10906 = CARTESIAN_POINT('',(-1.682339558781E-04,-2.58E-03));
#10907 = VECTOR('',#10908,1.);
#10908 = DIRECTION('',(-5.524978824998E-16,1.));
#10909 = ( GEOMETRIC_REPRESENTATION_CONTEXT(2) 
PARAMETRIC_REPRESENTATION_CONTEXT() REPRESENTATION_CONTEXT('2D SPACE',''
  ) );
#10910 = ORIENTED_EDGE('',*,*,#10911,.F.);
#10911 = EDGE_CURVE('',#10821,#10884,#10912,.T.);
#10912 = SURFACE_CURVE('',#10913,(#10917,#10924),.PCURVE_S1.);
#10913 = LINE('',#10914,#10915);
#10914 = CARTESIAN_POINT('',(0.,-1.6E-04,5.414335646492E-19));
#10915 = VECTOR('',#10916,1.E-03);
#10916 = DIRECTION('',(0.,0.,1.));
#10917 = PCURVE('',#10831,#10918);
#10918 = DEFINITIONAL_REPRESENTATION('',(#10919),#10923);
#10919 = LINE('',#10920,#10921);
#10920 = CARTESIAN_POINT('',(1.03E-03,-2.58E-03));
#10921 = VECTOR('',#10922,1.);
#10922 = DIRECTION('',(-1.,-2.093325169145E-31));
#10923 = ( GEOMETRIC_REPRESENTATION_CONTEXT(2) 
PARAMETRIC_REPRESENTATION_CONTEXT() REPRESENTATION_CONTEXT('2D SPACE',''
  ) );
#10924 = PCURVE('',#10925,#10930);
#10925 = PLANE('',#10926);
#10926 = AXIS2_PLACEMENT_3D('',#10927,#10928,#10929);
#10927 = CARTESIAN_POINT('',(4.060751734869E-19,0.,1.055993575699E-03));
#10928 = DIRECTION('',(-1.,2.537969834293E-15,0.));
#10929 = DIRECTION('',(-2.537969834293E-15,-1.,0.));
#10930 = DEFINITIONAL_REPRESENTATION('',(#10931),#10935);
#10931 = LINE('',#10932,#10933);
#10932 = CARTESIAN_POINT('',(1.6E-04,-1.055993575699E-03));
#10933 = VECTOR('',#10934,1.);
#10934 = DIRECTION('',(0.,1.));
#10935 = ( GEOMETRIC_REPRESENTATION_CONTEXT(2) 
PARAMETRIC_REPRESENTATION_CONTEXT() REPRESENTATION_CONTEXT('2D SPACE',''
  ) );
#10936 = FACE_BOUND('',#10937,.T.);
#10937 = EDGE_LOOP('',(#10938,#10968,#10996,#11024,#11052,#11080,#11108,
    #11136));
#10938 = ORIENTED_EDGE('',*,*,#10939,.T.);
#10939 = EDGE_CURVE('',#10940,#10942,#10944,.T.);
#10940 = VERTEX_POINT('',#10941);
#10941 = CARTESIAN_POINT('',(4.43E-03,-1.6E-04,3.3E-04));
#10942 = VERTEX_POINT('',#10943);
#10943 = CARTESIAN_POINT('',(3.23E-03,-1.6E-04,3.3E-04));
#10944 = SURFACE_CURVE('',#10945,(#10949,#10956),.PCURVE_S1.);
#10945 = LINE('',#10946,#10947);
#10946 = CARTESIAN_POINT('',(4.43E-03,-1.6E-04,3.3E-04));
#10947 = VECTOR('',#10948,1.E-03);
#10948 = DIRECTION('',(-1.,0.,0.));
#10949 = PCURVE('',#10831,#10950);
#10950 = DEFINITIONAL_REPRESENTATION('',(#10951),#10955);
#10951 = LINE('',#10952,#10953);
#10952 = CARTESIAN_POINT('',(7.E-04,1.85E-03));
#10953 = VECTOR('',#10954,1.);
#10954 = DIRECTION('',(0.,-1.));
#10955 = ( GEOMETRIC_REPRESENTATION_CONTEXT(2) 
PARAMETRIC_REPRESENTATION_CONTEXT() REPRESENTATION_CONTEXT('2D SPACE',''
  ) );
#10956 = PCURVE('',#10957,#10962);
#10957 = PLANE('',#10958);
#10958 = AXIS2_PLACEMENT_3D('',#10959,#10960,#10961);
#10959 = CARTESIAN_POINT('',(3.83E-03,0.,3.3E-04));
#10960 = DIRECTION('',(0.,0.,1.));
#10961 = DIRECTION('',(1.,0.,0.));
#10962 = DEFINITIONAL_REPRESENTATION('',(#10963),#10967);
#10963 = LINE('',#10964,#10965);
#10964 = CARTESIAN_POINT('',(6.E-04,-1.6E-04));
#10965 = VECTOR('',#10966,1.);
#10966 = DIRECTION('',(-1.,0.));
#10967 = ( GEOMETRIC_REPRESENTATION_CONTEXT(2) 
PARAMETRIC_REPRESENTATION_CONTEXT() REPRESENTATION_CONTEXT('2D SPACE',''
  ) );
#10968 = ORIENTED_EDGE('',*,*,#10969,.T.);
#10969 = EDGE_CURVE('',#10942,#10970,#10972,.T.);
#10970 = VERTEX_POINT('',#10971);
#10971 = CARTESIAN_POINT('',(3.23E-03,-1.6E-04,1.53E-03));
#10972 = SURFACE_CURVE('',#10973,(#10977,#10984),.PCURVE_S1.);
#10973 = LINE('',#10974,#10975);
#10974 = CARTESIAN_POINT('',(3.23E-03,-1.6E-04,3.3E-04));
#10975 = VECTOR('',#10976,1.E-03);
#10976 = DIRECTION('',(0.,0.,1.));
#10977 = PCURVE('',#10831,#10978);
#10978 = DEFINITIONAL_REPRESENTATION('',(#10979),#10983);
#10979 = LINE('',#10980,#10981);
#10980 = CARTESIAN_POINT('',(7.E-04,6.5E-04));
#10981 = VECTOR('',#10982,1.);
#10982 = DIRECTION('',(-1.,-2.093325169145E-31));
#10983 = ( GEOMETRIC_REPRESENTATION_CONTEXT(2) 
PARAMETRIC_REPRESENTATION_CONTEXT() REPRESENTATION_CONTEXT('2D SPACE',''
  ) );
#10984 = PCURVE('',#10985,#10990);
#10985 = PLANE('',#10986);
#10986 = AXIS2_PLACEMENT_3D('',#10987,#10988,#10989);
#10987 = CARTESIAN_POINT('',(3.23E-03,0.,9.3E-04));
#10988 = DIRECTION('',(1.,0.,0.));
#10989 = DIRECTION('',(0.,0.,1.));
#10990 = DEFINITIONAL_REPRESENTATION('',(#10991),#10995);
#10991 = LINE('',#10992,#10993);
#10992 = CARTESIAN_POINT('',(-6.E-04,1.6E-04));
#10993 = VECTOR('',#10994,1.);
#10994 = DIRECTION('',(1.,0.));
#10995 = ( GEOMETRIC_REPRESENTATION_CONTEXT(2) 
PARAMETRIC_REPRESENTATION_CONTEXT() REPRESENTATION_CONTEXT('2D SPACE',''
  ) );
#10996 = ORIENTED_EDGE('',*,*,#10997,.T.);
#10997 = EDGE_CURVE('',#10970,#10998,#11000,.T.);
#10998 = VERTEX_POINT('',#10999);
#10999 = CARTESIAN_POINT('',(3.03E-03,-1.6E-04,1.53E-03));
#11000 = SURFACE_CURVE('',#11001,(#11005,#11012),.PCURVE_S1.);
#11001 = LINE('',#11002,#11003);
#11002 = CARTESIAN_POINT('',(3.23E-03,-1.6E-04,1.53E-03));
#11003 = VECTOR('',#11004,1.E-03);
#11004 = DIRECTION('',(-1.,0.,0.));
#11005 = PCURVE('',#10831,#11006);
#11006 = DEFINITIONAL_REPRESENTATION('',(#11007),#11011);
#11007 = LINE('',#11008,#11009);
#11008 = CARTESIAN_POINT('',(-5.E-04,6.5E-04));
#11009 = VECTOR('',#11010,1.);
#11010 = DIRECTION('',(0.,-1.));
#11011 = ( GEOMETRIC_REPRESENTATION_CONTEXT(2) 
PARAMETRIC_REPRESENTATION_CONTEXT() REPRESENTATION_CONTEXT('2D SPACE',''
  ) );
#11012 = PCURVE('',#11013,#11018);
#11013 = PLANE('',#11014);
#11014 = AXIS2_PLACEMENT_3D('',#11015,#11016,#11017);
#11015 = CARTESIAN_POINT('',(3.13E-03,0.,1.53E-03));
#11016 = DIRECTION('',(0.,0.,1.));
#11017 = DIRECTION('',(1.,0.,0.));
#11018 = DEFINITIONAL_REPRESENTATION('',(#11019),#11023);
#11019 = LINE('',#11020,#11021);
#11020 = CARTESIAN_POINT('',(1.E-04,-1.6E-04));
#11021 = VECTOR('',#11022,1.);
#11022 = DIRECTION('',(-1.,0.));
#11023 = ( GEOMETRIC_REPRESENTATION_CONTEXT(2) 
PARAMETRIC_REPRESENTATION_CONTEXT() REPRESENTATION_CONTEXT('2D SPACE',''
  ) );
#11024 = ORIENTED_EDGE('',*,*,#11025,.T.);
#11025 = EDGE_CURVE('',#10998,#11026,#11028,.T.);
#11026 = VERTEX_POINT('',#11027);
#11027 = CARTESIAN_POINT('',(3.03E-03,-1.6E-04,1.65E-03));
#11028 = SURFACE_CURVE('',#11029,(#11033,#11040),.PCURVE_S1.);
#11029 = LINE('',#11030,#11031);
#11030 = CARTESIAN_POINT('',(3.03E-03,-1.6E-04,1.53E-03));
#11031 = VECTOR('',#11032,1.E-03);
#11032 = DIRECTION('',(0.,0.,1.));
#11033 = PCURVE('',#10831,#11034);
#11034 = DEFINITIONAL_REPRESENTATION('',(#11035),#11039);
#11035 = LINE('',#11036,#11037);
#11036 = CARTESIAN_POINT('',(-5.E-04,4.5E-04));
#11037 = VECTOR('',#11038,1.);
#11038 = DIRECTION('',(-1.,-2.093325169145E-31));
#11039 = ( GEOMETRIC_REPRESENTATION_CONTEXT(2) 
PARAMETRIC_REPRESENTATION_CONTEXT() REPRESENTATION_CONTEXT('2D SPACE',''
  ) );
#11040 = PCURVE('',#11041,#11046);
#11041 = PLANE('',#11042);
#11042 = AXIS2_PLACEMENT_3D('',#11043,#11044,#11045);
#11043 = CARTESIAN_POINT('',(3.03E-03,0.,1.59E-03));
#11044 = DIRECTION('',(1.,0.,0.));
#11045 = DIRECTION('',(0.,0.,1.));
#11046 = DEFINITIONAL_REPRESENTATION('',(#11047),#11051);
#11047 = LINE('',#11048,#11049);
#11048 = CARTESIAN_POINT('',(-5.999999999999E-05,1.6E-04));
#11049 = VECTOR('',#11050,1.);
#11050 = DIRECTION('',(1.,0.));
#11051 = ( GEOMETRIC_REPRESENTATION_CONTEXT(2) 
PARAMETRIC_REPRESENTATION_CONTEXT() REPRESENTATION_CONTEXT('2D SPACE',''
  ) );
#11052 = ORIENTED_EDGE('',*,*,#11053,.T.);
#11053 = EDGE_CURVE('',#11026,#11054,#11056,.T.);
#11054 = VERTEX_POINT('',#11055);
#11055 = CARTESIAN_POINT('',(4.63E-03,-1.6E-04,1.65E-03));
#11056 = SURFACE_CURVE('',#11057,(#11061,#11068),.PCURVE_S1.);
#11057 = LINE('',#11058,#11059);
#11058 = CARTESIAN_POINT('',(3.03E-03,-1.6E-04,1.65E-03));
#11059 = VECTOR('',#11060,1.E-03);
#11060 = DIRECTION('',(1.,0.,0.));
#11061 = PCURVE('',#10831,#11062);
#11062 = DEFINITIONAL_REPRESENTATION('',(#11063),#11067);
#11063 = LINE('',#11064,#11065);
#11064 = CARTESIAN_POINT('',(-6.2E-04,4.5E-04));
#11065 = VECTOR('',#11066,1.);
#11066 = DIRECTION('',(0.,1.));
#11067 = ( GEOMETRIC_REPRESENTATION_CONTEXT(2) 
PARAMETRIC_REPRESENTATION_CONTEXT() REPRESENTATION_CONTEXT('2D SPACE',''
  ) );
#11068 = PCURVE('',#11069,#11074);
#11069 = PLANE('',#11070);
#11070 = AXIS2_PLACEMENT_3D('',#11071,#11072,#11073);
#11071 = CARTESIAN_POINT('',(3.83E-03,0.,1.65E-03));
#11072 = DIRECTION('',(0.,0.,-1.));
#11073 = DIRECTION('',(-1.,0.,0.));
#11074 = DEFINITIONAL_REPRESENTATION('',(#11075),#11079);
#11075 = LINE('',#11076,#11077);
#11076 = CARTESIAN_POINT('',(8.E-04,-1.6E-04));
#11077 = VECTOR('',#11078,1.);
#11078 = DIRECTION('',(-1.,0.));
#11079 = ( GEOMETRIC_REPRESENTATION_CONTEXT(2) 
PARAMETRIC_REPRESENTATION_CONTEXT() REPRESENTATION_CONTEXT('2D SPACE',''
  ) );
#11080 = ORIENTED_EDGE('',*,*,#11081,.T.);
#11081 = EDGE_CURVE('',#11054,#11082,#11084,.T.);
#11082 = VERTEX_POINT('',#11083);
#11083 = CARTESIAN_POINT('',(4.63E-03,-1.6E-04,1.53E-03));
#11084 = SURFACE_CURVE('',#11085,(#11089,#11096),.PCURVE_S1.);
#11085 = LINE('',#11086,#11087);
#11086 = CARTESIAN_POINT('',(4.63E-03,-1.6E-04,1.65E-03));
#11087 = VECTOR('',#11088,1.E-03);
#11088 = DIRECTION('',(0.,0.,-1.));
#11089 = PCURVE('',#10831,#11090);
#11090 = DEFINITIONAL_REPRESENTATION('',(#11091),#11095);
#11091 = LINE('',#11092,#11093);
#11092 = CARTESIAN_POINT('',(-6.2E-04,2.05E-03));
#11093 = VECTOR('',#11094,1.);
#11094 = DIRECTION('',(1.,2.093325169145E-31));
#11095 = ( GEOMETRIC_REPRESENTATION_CONTEXT(2) 
PARAMETRIC_REPRESENTATION_CONTEXT() REPRESENTATION_CONTEXT('2D SPACE',''
  ) );
#11096 = PCURVE('',#11097,#11102);
#11097 = PLANE('',#11098);
#11098 = AXIS2_PLACEMENT_3D('',#11099,#11100,#11101);
#11099 = CARTESIAN_POINT('',(4.63E-03,0.,1.59E-03));
#11100 = DIRECTION('',(-1.,0.,0.));
#11101 = DIRECTION('',(0.,0.,-1.));
#11102 = DEFINITIONAL_REPRESENTATION('',(#11103),#11107);
#11103 = LINE('',#11104,#11105);
#11104 = CARTESIAN_POINT('',(-5.999999999999E-05,1.6E-04));
#11105 = VECTOR('',#11106,1.);
#11106 = DIRECTION('',(1.,0.));
#11107 = ( GEOMETRIC_REPRESENTATION_CONTEXT(2) 
PARAMETRIC_REPRESENTATION_CONTEXT() REPRESENTATION_CONTEXT('2D SPACE',''
  ) );
#11108 = ORIENTED_EDGE('',*,*,#11109,.T.);
#11109 = EDGE_CURVE('',#11082,#11110,#11112,.T.);
#11110 = VERTEX_POINT('',#11111);
#11111 = CARTESIAN_POINT('',(4.43E-03,-1.6E-04,1.53E-03));
#11112 = SURFACE_CURVE('',#11113,(#11117,#11124),.PCURVE_S1.);
#11113 = LINE('',#11114,#11115);
#11114 = CARTESIAN_POINT('',(4.63E-03,-1.6E-04,1.53E-03));
#11115 = VECTOR('',#11116,1.E-03);
#11116 = DIRECTION('',(-1.,0.,0.));
#11117 = PCURVE('',#10831,#11118);
#11118 = DEFINITIONAL_REPRESENTATION('',(#11119),#11123);
#11119 = LINE('',#11120,#11121);
#11120 = CARTESIAN_POINT('',(-5.E-04,2.05E-03));
#11121 = VECTOR('',#11122,1.);
#11122 = DIRECTION('',(0.,-1.));
#11123 = ( GEOMETRIC_REPRESENTATION_CONTEXT(2) 
PARAMETRIC_REPRESENTATION_CONTEXT() REPRESENTATION_CONTEXT('2D SPACE',''
  ) );
#11124 = PCURVE('',#11125,#11130);
#11125 = PLANE('',#11126);
#11126 = AXIS2_PLACEMENT_3D('',#11127,#11128,#11129);
#11127 = CARTESIAN_POINT('',(4.53E-03,0.,1.53E-03));
#11128 = DIRECTION('',(0.,0.,1.));
#11129 = DIRECTION('',(1.,0.,0.));
#11130 = DEFINITIONAL_REPRESENTATION('',(#11131),#11135);
#11131 = LINE('',#11132,#11133);
#11132 = CARTESIAN_POINT('',(1.E-04,-1.6E-04));
#11133 = VECTOR('',#11134,1.);
#11134 = DIRECTION('',(-1.,0.));
#11135 = ( GEOMETRIC_REPRESENTATION_CONTEXT(2) 
PARAMETRIC_REPRESENTATION_CONTEXT() REPRESENTATION_CONTEXT('2D SPACE',''
  ) );
#11136 = ORIENTED_EDGE('',*,*,#11137,.F.);
#11137 = EDGE_CURVE('',#10940,#11110,#11138,.T.);
#11138 = SURFACE_CURVE('',#11139,(#11143,#11150),.PCURVE_S1.);
#11139 = LINE('',#11140,#11141);
#11140 = CARTESIAN_POINT('',(4.43E-03,-1.6E-04,3.3E-04));
#11141 = VECTOR('',#11142,1.E-03);
#11142 = DIRECTION('',(0.,0.,1.));
#11143 = PCURVE('',#10831,#11144);
#11144 = DEFINITIONAL_REPRESENTATION('',(#11145),#11149);
#11145 = LINE('',#11146,#11147);
#11146 = CARTESIAN_POINT('',(7.E-04,1.85E-03));
#11147 = VECTOR('',#11148,1.);
#11148 = DIRECTION('',(-1.,-2.093325169145E-31));
#11149 = ( GEOMETRIC_REPRESENTATION_CONTEXT(2) 
PARAMETRIC_REPRESENTATION_CONTEXT() REPRESENTATION_CONTEXT('2D SPACE',''
  ) );
#11150 = PCURVE('',#11151,#11156);
#11151 = PLANE('',#11152);
#11152 = AXIS2_PLACEMENT_3D('',#11153,#11154,#11155);
#11153 = CARTESIAN_POINT('',(4.43E-03,0.,9.3E-04));
#11154 = DIRECTION('',(-1.,0.,0.));
#11155 = DIRECTION('',(0.,0.,-1.));
#11156 = DEFINITIONAL_REPRESENTATION('',(#11157),#11161);
#11157 = LINE('',#11158,#11159);
#11158 = CARTESIAN_POINT('',(6.E-04,1.6E-04));
#11159 = VECTOR('',#11160,1.);
#11160 = DIRECTION('',(-1.,-0.));
#11161 = ( GEOMETRIC_REPRESENTATION_CONTEXT(2) 
PARAMETRIC_REPRESENTATION_CONTEXT() REPRESENTATION_CONTEXT('2D SPACE',''
  ) );
#11162 = ADVANCED_FACE('',(#11163),#11151,.T.);
#11163 = FACE_BOUND('',#11164,.T.);
#11164 = EDGE_LOOP('',(#11165,#11195,#11216,#11217));
#11165 = ORIENTED_EDGE('',*,*,#11166,.F.);
#11166 = EDGE_CURVE('',#11167,#11169,#11171,.T.);
#11167 = VERTEX_POINT('',#11168);
#11168 = CARTESIAN_POINT('',(4.43E-03,1.6E-04,3.3E-04));
#11169 = VERTEX_POINT('',#11170);
#11170 = CARTESIAN_POINT('',(4.43E-03,1.6E-04,1.53E-03));
#11171 = SURFACE_CURVE('',#11172,(#11176,#11183),.PCURVE_S1.);
#11172 = LINE('',#11173,#11174);
#11173 = CARTESIAN_POINT('',(4.43E-03,1.6E-04,3.3E-04));
#11174 = VECTOR('',#11175,1.E-03);
#11175 = DIRECTION('',(0.,0.,1.));
#11176 = PCURVE('',#11151,#11177);
#11177 = DEFINITIONAL_REPRESENTATION('',(#11178),#11182);
#11178 = LINE('',#11179,#11180);
#11179 = CARTESIAN_POINT('',(6.E-04,-1.6E-04));
#11180 = VECTOR('',#11181,1.);
#11181 = DIRECTION('',(-1.,-0.));
#11182 = ( GEOMETRIC_REPRESENTATION_CONTEXT(2) 
PARAMETRIC_REPRESENTATION_CONTEXT() REPRESENTATION_CONTEXT('2D SPACE',''
  ) );
#11183 = PCURVE('',#11184,#11189);
#11184 = PLANE('',#11185);
#11185 = AXIS2_PLACEMENT_3D('',#11186,#11187,#11188);
#11186 = CARTESIAN_POINT('',(2.58E-03,1.6E-04,1.081987151397E-03));
#11187 = DIRECTION('',(0.,1.,0.));
#11188 = DIRECTION('',(0.,0.,1.));
#11189 = DEFINITIONAL_REPRESENTATION('',(#11190),#11194);
#11190 = LINE('',#11191,#11192);
#11191 = CARTESIAN_POINT('',(-7.519871513973E-04,1.85E-03));
#11192 = VECTOR('',#11193,1.);
#11193 = DIRECTION('',(1.,0.));
#11194 = ( GEOMETRIC_REPRESENTATION_CONTEXT(2) 
PARAMETRIC_REPRESENTATION_CONTEXT() REPRESENTATION_CONTEXT('2D SPACE',''
  ) );
#11195 = ORIENTED_EDGE('',*,*,#11196,.F.);
#11196 = EDGE_CURVE('',#10940,#11167,#11197,.T.);
#11197 = SURFACE_CURVE('',#11198,(#11202,#11209),.PCURVE_S1.);
#11198 = LINE('',#11199,#11200);
#11199 = CARTESIAN_POINT('',(4.43E-03,-1.6E-04,3.3E-04));
#11200 = VECTOR('',#11201,1.E-03);
#11201 = DIRECTION('',(0.,1.,0.));
#11202 = PCURVE('',#11151,#11203);
#11203 = DEFINITIONAL_REPRESENTATION('',(#11204),#11208);
#11204 = LINE('',#11205,#11206);
#11205 = CARTESIAN_POINT('',(6.E-04,1.6E-04));
#11206 = VECTOR('',#11207,1.);
#11207 = DIRECTION('',(0.,-1.));
#11208 = ( GEOMETRIC_REPRESENTATION_CONTEXT(2) 
PARAMETRIC_REPRESENTATION_CONTEXT() REPRESENTATION_CONTEXT('2D SPACE',''
  ) );
#11209 = PCURVE('',#10957,#11210);
#11210 = DEFINITIONAL_REPRESENTATION('',(#11211),#11215);
#11211 = LINE('',#11212,#11213);
#11212 = CARTESIAN_POINT('',(6.E-04,-1.6E-04));
#11213 = VECTOR('',#11214,1.);
#11214 = DIRECTION('',(0.,1.));
#11215 = ( GEOMETRIC_REPRESENTATION_CONTEXT(2) 
PARAMETRIC_REPRESENTATION_CONTEXT() REPRESENTATION_CONTEXT('2D SPACE',''
  ) );
#11216 = ORIENTED_EDGE('',*,*,#11137,.T.);
#11217 = ORIENTED_EDGE('',*,*,#11218,.T.);
#11218 = EDGE_CURVE('',#11110,#11169,#11219,.T.);
#11219 = SURFACE_CURVE('',#11220,(#11224,#11231),.PCURVE_S1.);
#11220 = LINE('',#11221,#11222);
#11221 = CARTESIAN_POINT('',(4.43E-03,-1.6E-04,1.53E-03));
#11222 = VECTOR('',#11223,1.E-03);
#11223 = DIRECTION('',(0.,1.,0.));
#11224 = PCURVE('',#11151,#11225);
#11225 = DEFINITIONAL_REPRESENTATION('',(#11226),#11230);
#11226 = LINE('',#11227,#11228);
#11227 = CARTESIAN_POINT('',(-6.E-04,1.6E-04));
#11228 = VECTOR('',#11229,1.);
#11229 = DIRECTION('',(0.,-1.));
#11230 = ( GEOMETRIC_REPRESENTATION_CONTEXT(2) 
PARAMETRIC_REPRESENTATION_CONTEXT() REPRESENTATION_CONTEXT('2D SPACE',''
  ) );
#11231 = PCURVE('',#11125,#11232);
#11232 = DEFINITIONAL_REPRESENTATION('',(#11233),#11237);
#11233 = LINE('',#11234,#11235);
#11234 = CARTESIAN_POINT('',(-1.E-04,-1.6E-04));
#11235 = VECTOR('',#11236,1.);
#11236 = DIRECTION('',(0.,1.));
#11237 = ( GEOMETRIC_REPRESENTATION_CONTEXT(2) 
PARAMETRIC_REPRESENTATION_CONTEXT() REPRESENTATION_CONTEXT('2D SPACE',''
  ) );
#11238 = ADVANCED_FACE('',(#11239,#11333),#11184,.T.);
#11239 = FACE_BOUND('',#11240,.T.);
#11240 = EDGE_LOOP('',(#11241,#11266,#11289,#11312));
#11241 = ORIENTED_EDGE('',*,*,#11242,.T.);
#11242 = EDGE_CURVE('',#11243,#11245,#11247,.T.);
#11243 = VERTEX_POINT('',#11244);
#11244 = CARTESIAN_POINT('',(8.121503469738E-19,1.6E-04,
    5.414335646492E-19));
#11245 = VERTEX_POINT('',#11246);
#11246 = CARTESIAN_POINT('',(8.121503469738E-19,1.6E-04,
    2.163974302795E-03));
#11247 = SURFACE_CURVE('',#11248,(#11252,#11259),.PCURVE_S1.);
#11248 = LINE('',#11249,#11250);
#11249 = CARTESIAN_POINT('',(8.121503469738E-19,1.6E-04,
    5.414335646492E-19));
#11250 = VECTOR('',#11251,1.E-03);
#11251 = DIRECTION('',(0.,0.,1.));
#11252 = PCURVE('',#11184,#11253);
#11253 = DEFINITIONAL_REPRESENTATION('',(#11254),#11258);
#11254 = LINE('',#11255,#11256);
#11255 = CARTESIAN_POINT('',(-1.081987151397E-03,-2.58E-03));
#11256 = VECTOR('',#11257,1.);
#11257 = DIRECTION('',(1.,0.));
#11258 = ( GEOMETRIC_REPRESENTATION_CONTEXT(2) 
PARAMETRIC_REPRESENTATION_CONTEXT() REPRESENTATION_CONTEXT('2D SPACE',''
  ) );
#11259 = PCURVE('',#10925,#11260);
#11260 = DEFINITIONAL_REPRESENTATION('',(#11261),#11265);
#11261 = LINE('',#11262,#11263);
#11262 = CARTESIAN_POINT('',(-1.6E-04,-1.055993575699E-03));
#11263 = VECTOR('',#11264,1.);
#11264 = DIRECTION('',(0.,1.));
#11265 = ( GEOMETRIC_REPRESENTATION_CONTEXT(2) 
PARAMETRIC_REPRESENTATION_CONTEXT() REPRESENTATION_CONTEXT('2D SPACE',''
  ) );
#11266 = ORIENTED_EDGE('',*,*,#11267,.T.);
#11267 = EDGE_CURVE('',#11245,#11268,#11270,.T.);
#11268 = VERTEX_POINT('',#11269);
#11269 = CARTESIAN_POINT('',(5.16E-03,1.6E-04,2.163974302795E-03));
#11270 = SURFACE_CURVE('',#11271,(#11275,#11282),.PCURVE_S1.);
#11271 = LINE('',#11272,#11273);
#11272 = CARTESIAN_POINT('',(8.121503469738E-19,1.6E-04,
    2.163974302795E-03));
#11273 = VECTOR('',#11274,1.E-03);
#11274 = DIRECTION('',(1.,0.,0.));
#11275 = PCURVE('',#11184,#11276);
#11276 = DEFINITIONAL_REPRESENTATION('',(#11277),#11281);
#11277 = LINE('',#11278,#11279);
#11278 = CARTESIAN_POINT('',(1.081987151397E-03,-2.58E-03));
#11279 = VECTOR('',#11280,1.);
#11280 = DIRECTION('',(0.,1.));
#11281 = ( GEOMETRIC_REPRESENTATION_CONTEXT(2) 
PARAMETRIC_REPRESENTATION_CONTEXT() REPRESENTATION_CONTEXT('2D SPACE',''
  ) );
#11282 = PCURVE('',#10899,#11283);
#11283 = DEFINITIONAL_REPRESENTATION('',(#11284),#11288);
#11284 = LINE('',#11285,#11286);
#11285 = CARTESIAN_POINT('',(1.682339558781E-04,2.58E-03));
#11286 = VECTOR('',#11287,1.);
#11287 = DIRECTION('',(0.,-1.));
#11288 = ( GEOMETRIC_REPRESENTATION_CONTEXT(2) 
PARAMETRIC_REPRESENTATION_CONTEXT() REPRESENTATION_CONTEXT('2D SPACE',''
  ) );
#11289 = ORIENTED_EDGE('',*,*,#11290,.T.);
#11290 = EDGE_CURVE('',#11268,#11291,#11293,.T.);
#11291 = VERTEX_POINT('',#11292);
#11292 = CARTESIAN_POINT('',(5.16E-03,1.6E-04,5.414335646492E-19));
#11293 = SURFACE_CURVE('',#11294,(#11298,#11305),.PCURVE_S1.);
#11294 = LINE('',#11295,#11296);
#11295 = CARTESIAN_POINT('',(5.16E-03,1.6E-04,2.163974302795E-03));
#11296 = VECTOR('',#11297,1.E-03);
#11297 = DIRECTION('',(0.,0.,-1.));
#11298 = PCURVE('',#11184,#11299);
#11299 = DEFINITIONAL_REPRESENTATION('',(#11300),#11304);
#11300 = LINE('',#11301,#11302);
#11301 = CARTESIAN_POINT('',(1.081987151397E-03,2.58E-03));
#11302 = VECTOR('',#11303,1.);
#11303 = DIRECTION('',(-1.,0.));
#11304 = ( GEOMETRIC_REPRESENTATION_CONTEXT(2) 
PARAMETRIC_REPRESENTATION_CONTEXT() REPRESENTATION_CONTEXT('2D SPACE',''
  ) );
#11305 = PCURVE('',#10871,#11306);
#11306 = DEFINITIONAL_REPRESENTATION('',(#11307),#11311);
#11307 = LINE('',#11308,#11309);
#11308 = CARTESIAN_POINT('',(1.6E-04,1.107980727096E-03));
#11309 = VECTOR('',#11310,1.);
#11310 = DIRECTION('',(0.,-1.));
#11311 = ( GEOMETRIC_REPRESENTATION_CONTEXT(2) 
PARAMETRIC_REPRESENTATION_CONTEXT() REPRESENTATION_CONTEXT('2D SPACE',''
  ) );
#11312 = ORIENTED_EDGE('',*,*,#11313,.F.);
#11313 = EDGE_CURVE('',#11243,#11291,#11314,.T.);
#11314 = SURFACE_CURVE('',#11315,(#11319,#11326),.PCURVE_S1.);
#11315 = LINE('',#11316,#11317);
#11316 = CARTESIAN_POINT('',(8.121503469738E-19,1.6E-04,
    5.414335646492E-19));
#11317 = VECTOR('',#11318,1.E-03);
#11318 = DIRECTION('',(1.,0.,0.));
#11319 = PCURVE('',#11184,#11320);
#11320 = DEFINITIONAL_REPRESENTATION('',(#11321),#11325);
#11321 = LINE('',#11322,#11323);
#11322 = CARTESIAN_POINT('',(-1.081987151397E-03,-2.58E-03));
#11323 = VECTOR('',#11324,1.);
#11324 = DIRECTION('',(0.,1.));
#11325 = ( GEOMETRIC_REPRESENTATION_CONTEXT(2) 
PARAMETRIC_REPRESENTATION_CONTEXT() REPRESENTATION_CONTEXT('2D SPACE',''
  ) );
#11326 = PCURVE('',#10843,#11327);
#11327 = DEFINITIONAL_REPRESENTATION('',(#11328),#11332);
#11328 = LINE('',#11329,#11330);
#11329 = CARTESIAN_POINT('',(2.58E-03,1.6E-04));
#11330 = VECTOR('',#11331,1.);
#11331 = DIRECTION('',(-1.,0.));
#11332 = ( GEOMETRIC_REPRESENTATION_CONTEXT(2) 
PARAMETRIC_REPRESENTATION_CONTEXT() REPRESENTATION_CONTEXT('2D SPACE',''
  ) );
#11333 = FACE_BOUND('',#11334,.T.);
#11334 = EDGE_LOOP('',(#11335,#11336,#11359,#11382,#11405,#11428,#11451,
    #11474));
#11335 = ORIENTED_EDGE('',*,*,#11166,.T.);
#11336 = ORIENTED_EDGE('',*,*,#11337,.T.);
#11337 = EDGE_CURVE('',#11169,#11338,#11340,.T.);
#11338 = VERTEX_POINT('',#11339);
#11339 = CARTESIAN_POINT('',(4.63E-03,1.6E-04,1.53E-03));
#11340 = SURFACE_CURVE('',#11341,(#11345,#11352),.PCURVE_S1.);
#11341 = LINE('',#11342,#11343);
#11342 = CARTESIAN_POINT('',(4.43E-03,1.6E-04,1.53E-03));
#11343 = VECTOR('',#11344,1.E-03);
#11344 = DIRECTION('',(1.,0.,0.));
#11345 = PCURVE('',#11184,#11346);
#11346 = DEFINITIONAL_REPRESENTATION('',(#11347),#11351);
#11347 = LINE('',#11348,#11349);
#11348 = CARTESIAN_POINT('',(4.480128486027E-04,1.85E-03));
#11349 = VECTOR('',#11350,1.);
#11350 = DIRECTION('',(0.,1.));
#11351 = ( GEOMETRIC_REPRESENTATION_CONTEXT(2) 
PARAMETRIC_REPRESENTATION_CONTEXT() REPRESENTATION_CONTEXT('2D SPACE',''
  ) );
#11352 = PCURVE('',#11125,#11353);
#11353 = DEFINITIONAL_REPRESENTATION('',(#11354),#11358);
#11354 = LINE('',#11355,#11356);
#11355 = CARTESIAN_POINT('',(-1.E-04,1.6E-04));
#11356 = VECTOR('',#11357,1.);
#11357 = DIRECTION('',(1.,0.));
#11358 = ( GEOMETRIC_REPRESENTATION_CONTEXT(2) 
PARAMETRIC_REPRESENTATION_CONTEXT() REPRESENTATION_CONTEXT('2D SPACE',''
  ) );
#11359 = ORIENTED_EDGE('',*,*,#11360,.T.);
#11360 = EDGE_CURVE('',#11338,#11361,#11363,.T.);
#11361 = VERTEX_POINT('',#11362);
#11362 = CARTESIAN_POINT('',(4.63E-03,1.6E-04,1.65E-03));
#11363 = SURFACE_CURVE('',#11364,(#11368,#11375),.PCURVE_S1.);
#11364 = LINE('',#11365,#11366);
#11365 = CARTESIAN_POINT('',(4.63E-03,1.6E-04,1.53E-03));
#11366 = VECTOR('',#11367,1.E-03);
#11367 = DIRECTION('',(0.,0.,1.));
#11368 = PCURVE('',#11184,#11369);
#11369 = DEFINITIONAL_REPRESENTATION('',(#11370),#11374);
#11370 = LINE('',#11371,#11372);
#11371 = CARTESIAN_POINT('',(4.480128486027E-04,2.05E-03));
#11372 = VECTOR('',#11373,1.);
#11373 = DIRECTION('',(1.,0.));
#11374 = ( GEOMETRIC_REPRESENTATION_CONTEXT(2) 
PARAMETRIC_REPRESENTATION_CONTEXT() REPRESENTATION_CONTEXT('2D SPACE',''
  ) );
#11375 = PCURVE('',#11097,#11376);
#11376 = DEFINITIONAL_REPRESENTATION('',(#11377),#11381);
#11377 = LINE('',#11378,#11379);
#11378 = CARTESIAN_POINT('',(5.999999999999E-05,-1.6E-04));
#11379 = VECTOR('',#11380,1.);
#11380 = DIRECTION('',(-1.,-0.));
#11381 = ( GEOMETRIC_REPRESENTATION_CONTEXT(2) 
PARAMETRIC_REPRESENTATION_CONTEXT() REPRESENTATION_CONTEXT('2D SPACE',''
  ) );
#11382 = ORIENTED_EDGE('',*,*,#11383,.T.);
#11383 = EDGE_CURVE('',#11361,#11384,#11386,.T.);
#11384 = VERTEX_POINT('',#11385);
#11385 = CARTESIAN_POINT('',(3.03E-03,1.6E-04,1.65E-03));
#11386 = SURFACE_CURVE('',#11387,(#11391,#11398),.PCURVE_S1.);
#11387 = LINE('',#11388,#11389);
#11388 = CARTESIAN_POINT('',(4.63E-03,1.6E-04,1.65E-03));
#11389 = VECTOR('',#11390,1.E-03);
#11390 = DIRECTION('',(-1.,0.,0.));
#11391 = PCURVE('',#11184,#11392);
#11392 = DEFINITIONAL_REPRESENTATION('',(#11393),#11397);
#11393 = LINE('',#11394,#11395);
#11394 = CARTESIAN_POINT('',(5.680128486027E-04,2.05E-03));
#11395 = VECTOR('',#11396,1.);
#11396 = DIRECTION('',(0.,-1.));
#11397 = ( GEOMETRIC_REPRESENTATION_CONTEXT(2) 
PARAMETRIC_REPRESENTATION_CONTEXT() REPRESENTATION_CONTEXT('2D SPACE',''
  ) );
#11398 = PCURVE('',#11069,#11399);
#11399 = DEFINITIONAL_REPRESENTATION('',(#11400),#11404);
#11400 = LINE('',#11401,#11402);
#11401 = CARTESIAN_POINT('',(-8.E-04,1.6E-04));
#11402 = VECTOR('',#11403,1.);
#11403 = DIRECTION('',(1.,0.));
#11404 = ( GEOMETRIC_REPRESENTATION_CONTEXT(2) 
PARAMETRIC_REPRESENTATION_CONTEXT() REPRESENTATION_CONTEXT('2D SPACE',''
  ) );
#11405 = ORIENTED_EDGE('',*,*,#11406,.T.);
#11406 = EDGE_CURVE('',#11384,#11407,#11409,.T.);
#11407 = VERTEX_POINT('',#11408);
#11408 = CARTESIAN_POINT('',(3.03E-03,1.6E-04,1.53E-03));
#11409 = SURFACE_CURVE('',#11410,(#11414,#11421),.PCURVE_S1.);
#11410 = LINE('',#11411,#11412);
#11411 = CARTESIAN_POINT('',(3.03E-03,1.6E-04,1.65E-03));
#11412 = VECTOR('',#11413,1.E-03);
#11413 = DIRECTION('',(0.,0.,-1.));
#11414 = PCURVE('',#11184,#11415);
#11415 = DEFINITIONAL_REPRESENTATION('',(#11416),#11420);
#11416 = LINE('',#11417,#11418);
#11417 = CARTESIAN_POINT('',(5.680128486027E-04,4.5E-04));
#11418 = VECTOR('',#11419,1.);
#11419 = DIRECTION('',(-1.,0.));
#11420 = ( GEOMETRIC_REPRESENTATION_CONTEXT(2) 
PARAMETRIC_REPRESENTATION_CONTEXT() REPRESENTATION_CONTEXT('2D SPACE',''
  ) );
#11421 = PCURVE('',#11041,#11422);
#11422 = DEFINITIONAL_REPRESENTATION('',(#11423),#11427);
#11423 = LINE('',#11424,#11425);
#11424 = CARTESIAN_POINT('',(5.999999999999E-05,-1.6E-04));
#11425 = VECTOR('',#11426,1.);
#11426 = DIRECTION('',(-1.,0.));
#11427 = ( GEOMETRIC_REPRESENTATION_CONTEXT(2) 
PARAMETRIC_REPRESENTATION_CONTEXT() REPRESENTATION_CONTEXT('2D SPACE',''
  ) );
#11428 = ORIENTED_EDGE('',*,*,#11429,.T.);
#11429 = EDGE_CURVE('',#11407,#11430,#11432,.T.);
#11430 = VERTEX_POINT('',#11431);
#11431 = CARTESIAN_POINT('',(3.23E-03,1.6E-04,1.53E-03));
#11432 = SURFACE_CURVE('',#11433,(#11437,#11444),.PCURVE_S1.);
#11433 = LINE('',#11434,#11435);
#11434 = CARTESIAN_POINT('',(3.03E-03,1.6E-04,1.53E-03));
#11435 = VECTOR('',#11436,1.E-03);
#11436 = DIRECTION('',(1.,0.,0.));
#11437 = PCURVE('',#11184,#11438);
#11438 = DEFINITIONAL_REPRESENTATION('',(#11439),#11443);
#11439 = LINE('',#11440,#11441);
#11440 = CARTESIAN_POINT('',(4.480128486027E-04,4.5E-04));
#11441 = VECTOR('',#11442,1.);
#11442 = DIRECTION('',(0.,1.));
#11443 = ( GEOMETRIC_REPRESENTATION_CONTEXT(2) 
PARAMETRIC_REPRESENTATION_CONTEXT() REPRESENTATION_CONTEXT('2D SPACE',''
  ) );
#11444 = PCURVE('',#11013,#11445);
#11445 = DEFINITIONAL_REPRESENTATION('',(#11446),#11450);
#11446 = LINE('',#11447,#11448);
#11447 = CARTESIAN_POINT('',(-1.E-04,1.6E-04));
#11448 = VECTOR('',#11449,1.);
#11449 = DIRECTION('',(1.,0.));
#11450 = ( GEOMETRIC_REPRESENTATION_CONTEXT(2) 
PARAMETRIC_REPRESENTATION_CONTEXT() REPRESENTATION_CONTEXT('2D SPACE',''
  ) );
#11451 = ORIENTED_EDGE('',*,*,#11452,.T.);
#11452 = EDGE_CURVE('',#11430,#11453,#11455,.T.);
#11453 = VERTEX_POINT('',#11454);
#11454 = CARTESIAN_POINT('',(3.23E-03,1.6E-04,3.3E-04));
#11455 = SURFACE_CURVE('',#11456,(#11460,#11467),.PCURVE_S1.);
#11456 = LINE('',#11457,#11458);
#11457 = CARTESIAN_POINT('',(3.23E-03,1.6E-04,1.53E-03));
#11458 = VECTOR('',#11459,1.E-03);
#11459 = DIRECTION('',(0.,0.,-1.));
#11460 = PCURVE('',#11184,#11461);
#11461 = DEFINITIONAL_REPRESENTATION('',(#11462),#11466);
#11462 = LINE('',#11463,#11464);
#11463 = CARTESIAN_POINT('',(4.480128486027E-04,6.5E-04));
#11464 = VECTOR('',#11465,1.);
#11465 = DIRECTION('',(-1.,0.));
#11466 = ( GEOMETRIC_REPRESENTATION_CONTEXT(2) 
PARAMETRIC_REPRESENTATION_CONTEXT() REPRESENTATION_CONTEXT('2D SPACE',''
  ) );
#11467 = PCURVE('',#10985,#11468);
#11468 = DEFINITIONAL_REPRESENTATION('',(#11469),#11473);
#11469 = LINE('',#11470,#11471);
#11470 = CARTESIAN_POINT('',(6.E-04,-1.6E-04));
#11471 = VECTOR('',#11472,1.);
#11472 = DIRECTION('',(-1.,0.));
#11473 = ( GEOMETRIC_REPRESENTATION_CONTEXT(2) 
PARAMETRIC_REPRESENTATION_CONTEXT() REPRESENTATION_CONTEXT('2D SPACE',''
  ) );
#11474 = ORIENTED_EDGE('',*,*,#11475,.F.);
#11475 = EDGE_CURVE('',#11167,#11453,#11476,.T.);
#11476 = SURFACE_CURVE('',#11477,(#11481,#11488),.PCURVE_S1.);
#11477 = LINE('',#11478,#11479);
#11478 = CARTESIAN_POINT('',(4.43E-03,1.6E-04,3.3E-04));
#11479 = VECTOR('',#11480,1.E-03);
#11480 = DIRECTION('',(-1.,0.,0.));
#11481 = PCURVE('',#11184,#11482);
#11482 = DEFINITIONAL_REPRESENTATION('',(#11483),#11487);
#11483 = LINE('',#11484,#11485);
#11484 = CARTESIAN_POINT('',(-7.519871513973E-04,1.85E-03));
#11485 = VECTOR('',#11486,1.);
#11486 = DIRECTION('',(0.,-1.));
#11487 = ( GEOMETRIC_REPRESENTATION_CONTEXT(2) 
PARAMETRIC_REPRESENTATION_CONTEXT() REPRESENTATION_CONTEXT('2D SPACE',''
  ) );
#11488 = PCURVE('',#10957,#11489);
#11489 = DEFINITIONAL_REPRESENTATION('',(#11490),#11494);
#11490 = LINE('',#11491,#11492);
#11491 = CARTESIAN_POINT('',(6.E-04,1.6E-04));
#11492 = VECTOR('',#11493,1.);
#11493 = DIRECTION('',(-1.,0.));
#11494 = ( GEOMETRIC_REPRESENTATION_CONTEXT(2) 
PARAMETRIC_REPRESENTATION_CONTEXT() REPRESENTATION_CONTEXT('2D SPACE',''
  ) );
#11495 = ADVANCED_FACE('',(#11496),#11125,.T.);
#11496 = FACE_BOUND('',#11497,.T.);
#11497 = EDGE_LOOP('',(#11498,#11499,#11500,#11501));
#11498 = ORIENTED_EDGE('',*,*,#11337,.F.);
#11499 = ORIENTED_EDGE('',*,*,#11218,.F.);
#11500 = ORIENTED_EDGE('',*,*,#11109,.F.);
#11501 = ORIENTED_EDGE('',*,*,#11502,.T.);
#11502 = EDGE_CURVE('',#11082,#11338,#11503,.T.);
#11503 = SURFACE_CURVE('',#11504,(#11508,#11515),.PCURVE_S1.);
#11504 = LINE('',#11505,#11506);
#11505 = CARTESIAN_POINT('',(4.63E-03,-1.6E-04,1.53E-03));
#11506 = VECTOR('',#11507,1.E-03);
#11507 = DIRECTION('',(0.,1.,0.));
#11508 = PCURVE('',#11125,#11509);
#11509 = DEFINITIONAL_REPRESENTATION('',(#11510),#11514);
#11510 = LINE('',#11511,#11512);
#11511 = CARTESIAN_POINT('',(1.E-04,-1.6E-04));
#11512 = VECTOR('',#11513,1.);
#11513 = DIRECTION('',(0.,1.));
#11514 = ( GEOMETRIC_REPRESENTATION_CONTEXT(2) 
PARAMETRIC_REPRESENTATION_CONTEXT() REPRESENTATION_CONTEXT('2D SPACE',''
  ) );
#11515 = PCURVE('',#11097,#11516);
#11516 = DEFINITIONAL_REPRESENTATION('',(#11517),#11521);
#11517 = LINE('',#11518,#11519);
#11518 = CARTESIAN_POINT('',(5.999999999999E-05,1.6E-04));
#11519 = VECTOR('',#11520,1.);
#11520 = DIRECTION('',(0.,-1.));
#11521 = ( GEOMETRIC_REPRESENTATION_CONTEXT(2) 
PARAMETRIC_REPRESENTATION_CONTEXT() REPRESENTATION_CONTEXT('2D SPACE',''
  ) );
#11522 = ADVANCED_FACE('',(#11523),#11097,.T.);
#11523 = FACE_BOUND('',#11524,.T.);
#11524 = EDGE_LOOP('',(#11525,#11526,#11527,#11528));
#11525 = ORIENTED_EDGE('',*,*,#11360,.F.);
#11526 = ORIENTED_EDGE('',*,*,#11502,.F.);
#11527 = ORIENTED_EDGE('',*,*,#11081,.F.);
#11528 = ORIENTED_EDGE('',*,*,#11529,.T.);
#11529 = EDGE_CURVE('',#11054,#11361,#11530,.T.);
#11530 = SURFACE_CURVE('',#11531,(#11535,#11542),.PCURVE_S1.);
#11531 = LINE('',#11532,#11533);
#11532 = CARTESIAN_POINT('',(4.63E-03,-1.6E-04,1.65E-03));
#11533 = VECTOR('',#11534,1.E-03);
#11534 = DIRECTION('',(0.,1.,0.));
#11535 = PCURVE('',#11097,#11536);
#11536 = DEFINITIONAL_REPRESENTATION('',(#11537),#11541);
#11537 = LINE('',#11538,#11539);
#11538 = CARTESIAN_POINT('',(-5.999999999999E-05,1.6E-04));
#11539 = VECTOR('',#11540,1.);
#11540 = DIRECTION('',(0.,-1.));
#11541 = ( GEOMETRIC_REPRESENTATION_CONTEXT(2) 
PARAMETRIC_REPRESENTATION_CONTEXT() REPRESENTATION_CONTEXT('2D SPACE',''
  ) );
#11542 = PCURVE('',#11069,#11543);
#11543 = DEFINITIONAL_REPRESENTATION('',(#11544),#11548);
#11544 = LINE('',#11545,#11546);
#11545 = CARTESIAN_POINT('',(-8.E-04,-1.6E-04));
#11546 = VECTOR('',#11547,1.);
#11547 = DIRECTION('',(0.,1.));
#11548 = ( GEOMETRIC_REPRESENTATION_CONTEXT(2) 
PARAMETRIC_REPRESENTATION_CONTEXT() REPRESENTATION_CONTEXT('2D SPACE',''
  ) );
#11549 = ADVANCED_FACE('',(#11550),#11069,.T.);
#11550 = FACE_BOUND('',#11551,.T.);
#11551 = EDGE_LOOP('',(#11552,#11553,#11554,#11555));
#11552 = ORIENTED_EDGE('',*,*,#11383,.F.);
#11553 = ORIENTED_EDGE('',*,*,#11529,.F.);
#11554 = ORIENTED_EDGE('',*,*,#11053,.F.);
#11555 = ORIENTED_EDGE('',*,*,#11556,.T.);
#11556 = EDGE_CURVE('',#11026,#11384,#11557,.T.);
#11557 = SURFACE_CURVE('',#11558,(#11562,#11569),.PCURVE_S1.);
#11558 = LINE('',#11559,#11560);
#11559 = CARTESIAN_POINT('',(3.03E-03,-1.6E-04,1.65E-03));
#11560 = VECTOR('',#11561,1.E-03);
#11561 = DIRECTION('',(0.,1.,0.));
#11562 = PCURVE('',#11069,#11563);
#11563 = DEFINITIONAL_REPRESENTATION('',(#11564),#11568);
#11564 = LINE('',#11565,#11566);
#11565 = CARTESIAN_POINT('',(8.E-04,-1.6E-04));
#11566 = VECTOR('',#11567,1.);
#11567 = DIRECTION('',(0.,1.));
#11568 = ( GEOMETRIC_REPRESENTATION_CONTEXT(2) 
PARAMETRIC_REPRESENTATION_CONTEXT() REPRESENTATION_CONTEXT('2D SPACE',''
  ) );
#11569 = PCURVE('',#11041,#11570);
#11570 = DEFINITIONAL_REPRESENTATION('',(#11571),#11575);
#11571 = LINE('',#11572,#11573);
#11572 = CARTESIAN_POINT('',(5.999999999999E-05,1.6E-04));
#11573 = VECTOR('',#11574,1.);
#11574 = DIRECTION('',(0.,-1.));
#11575 = ( GEOMETRIC_REPRESENTATION_CONTEXT(2) 
PARAMETRIC_REPRESENTATION_CONTEXT() REPRESENTATION_CONTEXT('2D SPACE',''
  ) );
#11576 = ADVANCED_FACE('',(#11577),#11041,.T.);
#11577 = FACE_BOUND('',#11578,.T.);
#11578 = EDGE_LOOP('',(#11579,#11580,#11581,#11582));
#11579 = ORIENTED_EDGE('',*,*,#11406,.F.);
#11580 = ORIENTED_EDGE('',*,*,#11556,.F.);
#11581 = ORIENTED_EDGE('',*,*,#11025,.F.);
#11582 = ORIENTED_EDGE('',*,*,#11583,.T.);
#11583 = EDGE_CURVE('',#10998,#11407,#11584,.T.);
#11584 = SURFACE_CURVE('',#11585,(#11589,#11596),.PCURVE_S1.);
#11585 = LINE('',#11586,#11587);
#11586 = CARTESIAN_POINT('',(3.03E-03,-1.6E-04,1.53E-03));
#11587 = VECTOR('',#11588,1.E-03);
#11588 = DIRECTION('',(0.,1.,0.));
#11589 = PCURVE('',#11041,#11590);
#11590 = DEFINITIONAL_REPRESENTATION('',(#11591),#11595);
#11591 = LINE('',#11592,#11593);
#11592 = CARTESIAN_POINT('',(-5.999999999999E-05,1.6E-04));
#11593 = VECTOR('',#11594,1.);
#11594 = DIRECTION('',(0.,-1.));
#11595 = ( GEOMETRIC_REPRESENTATION_CONTEXT(2) 
PARAMETRIC_REPRESENTATION_CONTEXT() REPRESENTATION_CONTEXT('2D SPACE',''
  ) );
#11596 = PCURVE('',#11013,#11597);
#11597 = DEFINITIONAL_REPRESENTATION('',(#11598),#11602);
#11598 = LINE('',#11599,#11600);
#11599 = CARTESIAN_POINT('',(-1.E-04,-1.6E-04));
#11600 = VECTOR('',#11601,1.);
#11601 = DIRECTION('',(0.,1.));
#11602 = ( GEOMETRIC_REPRESENTATION_CONTEXT(2) 
PARAMETRIC_REPRESENTATION_CONTEXT() REPRESENTATION_CONTEXT('2D SPACE',''
  ) );
#11603 = ADVANCED_FACE('',(#11604),#11013,.T.);
#11604 = FACE_BOUND('',#11605,.T.);
#11605 = EDGE_LOOP('',(#11606,#11607,#11608,#11609));
#11606 = ORIENTED_EDGE('',*,*,#11429,.F.);
#11607 = ORIENTED_EDGE('',*,*,#11583,.F.);
#11608 = ORIENTED_EDGE('',*,*,#10997,.F.);
#11609 = ORIENTED_EDGE('',*,*,#11610,.T.);
#11610 = EDGE_CURVE('',#10970,#11430,#11611,.T.);
#11611 = SURFACE_CURVE('',#11612,(#11616,#11623),.PCURVE_S1.);
#11612 = LINE('',#11613,#11614);
#11613 = CARTESIAN_POINT('',(3.23E-03,-1.6E-04,1.53E-03));
#11614 = VECTOR('',#11615,1.E-03);
#11615 = DIRECTION('',(0.,1.,0.));
#11616 = PCURVE('',#11013,#11617);
#11617 = DEFINITIONAL_REPRESENTATION('',(#11618),#11622);
#11618 = LINE('',#11619,#11620);
#11619 = CARTESIAN_POINT('',(1.E-04,-1.6E-04));
#11620 = VECTOR('',#11621,1.);
#11621 = DIRECTION('',(0.,1.));
#11622 = ( GEOMETRIC_REPRESENTATION_CONTEXT(2) 
PARAMETRIC_REPRESENTATION_CONTEXT() REPRESENTATION_CONTEXT('2D SPACE',''
  ) );
#11623 = PCURVE('',#10985,#11624);
#11624 = DEFINITIONAL_REPRESENTATION('',(#11625),#11629);
#11625 = LINE('',#11626,#11627);
#11626 = CARTESIAN_POINT('',(6.E-04,1.6E-04));
#11627 = VECTOR('',#11628,1.);
#11628 = DIRECTION('',(0.,-1.));
#11629 = ( GEOMETRIC_REPRESENTATION_CONTEXT(2) 
PARAMETRIC_REPRESENTATION_CONTEXT() REPRESENTATION_CONTEXT('2D SPACE',''
  ) );
#11630 = ADVANCED_FACE('',(#11631),#10985,.T.);
#11631 = FACE_BOUND('',#11632,.T.);
#11632 = EDGE_LOOP('',(#11633,#11634,#11635,#11636));
#11633 = ORIENTED_EDGE('',*,*,#11452,.F.);
#11634 = ORIENTED_EDGE('',*,*,#11610,.F.);
#11635 = ORIENTED_EDGE('',*,*,#10969,.F.);
#11636 = ORIENTED_EDGE('',*,*,#11637,.T.);
#11637 = EDGE_CURVE('',#10942,#11453,#11638,.T.);
#11638 = SURFACE_CURVE('',#11639,(#11643,#11650),.PCURVE_S1.);
#11639 = LINE('',#11640,#11641);
#11640 = CARTESIAN_POINT('',(3.23E-03,-1.6E-04,3.3E-04));
#11641 = VECTOR('',#11642,1.E-03);
#11642 = DIRECTION('',(0.,1.,0.));
#11643 = PCURVE('',#10985,#11644);
#11644 = DEFINITIONAL_REPRESENTATION('',(#11645),#11649);
#11645 = LINE('',#11646,#11647);
#11646 = CARTESIAN_POINT('',(-6.E-04,1.6E-04));
#11647 = VECTOR('',#11648,1.);
#11648 = DIRECTION('',(0.,-1.));
#11649 = ( GEOMETRIC_REPRESENTATION_CONTEXT(2) 
PARAMETRIC_REPRESENTATION_CONTEXT() REPRESENTATION_CONTEXT('2D SPACE',''
  ) );
#11650 = PCURVE('',#10957,#11651);
#11651 = DEFINITIONAL_REPRESENTATION('',(#11652),#11656);
#11652 = LINE('',#11653,#11654);
#11653 = CARTESIAN_POINT('',(-6.E-04,-1.6E-04));
#11654 = VECTOR('',#11655,1.);
#11655 = DIRECTION('',(0.,1.));
#11656 = ( GEOMETRIC_REPRESENTATION_CONTEXT(2) 
PARAMETRIC_REPRESENTATION_CONTEXT() REPRESENTATION_CONTEXT('2D SPACE',''
  ) );
#11657 = ADVANCED_FACE('',(#11658),#10957,.T.);
#11658 = FACE_BOUND('',#11659,.T.);
#11659 = EDGE_LOOP('',(#11660,#11661,#11662,#11663));
#11660 = ORIENTED_EDGE('',*,*,#11475,.T.);
#11661 = ORIENTED_EDGE('',*,*,#11637,.F.);
#11662 = ORIENTED_EDGE('',*,*,#10939,.F.);
#11663 = ORIENTED_EDGE('',*,*,#11196,.T.);
#11664 = ADVANCED_FACE('',(#11665),#10925,.T.);
#11665 = FACE_BOUND('',#11666,.T.);
#11666 = EDGE_LOOP('',(#11667,#11668,#11689,#11690));
#11667 = ORIENTED_EDGE('',*,*,#10911,.T.);
#11668 = ORIENTED_EDGE('',*,*,#11669,.T.);
#11669 = EDGE_CURVE('',#10884,#11245,#11670,.T.);
#11670 = SURFACE_CURVE('',#11671,(#11675,#11682),.PCURVE_S1.);
#11671 = LINE('',#11672,#11673);
#11672 = CARTESIAN_POINT('',(0.,-1.6E-04,2.06E-03));
#11673 = VECTOR('',#11674,1.E-03);
#11674 = DIRECTION('',(2.413752749065E-15,0.951056516295,0.309016994375)
  );
#11675 = PCURVE('',#10925,#11676);
#11676 = DEFINITIONAL_REPRESENTATION('',(#11677),#11681);
#11677 = LINE('',#11678,#11679);
#11678 = CARTESIAN_POINT('',(1.6E-04,1.004006424301E-03));
#11679 = VECTOR('',#11680,1.);
#11680 = DIRECTION('',(-0.951056516295,0.309016994375));
#11681 = ( GEOMETRIC_REPRESENTATION_CONTEXT(2) 
PARAMETRIC_REPRESENTATION_CONTEXT() REPRESENTATION_CONTEXT('2D SPACE',''
  ) );
#11682 = PCURVE('',#10899,#11683);
#11683 = DEFINITIONAL_REPRESENTATION('',(#11684),#11688);
#11684 = LINE('',#11685,#11686);
#11685 = CARTESIAN_POINT('',(-1.682339558781E-04,2.58E-03));
#11686 = VECTOR('',#11687,1.);
#11687 = DIRECTION('',(1.,-2.413752749065E-15));
#11688 = ( GEOMETRIC_REPRESENTATION_CONTEXT(2) 
PARAMETRIC_REPRESENTATION_CONTEXT() REPRESENTATION_CONTEXT('2D SPACE',''
  ) );
#11689 = ORIENTED_EDGE('',*,*,#11242,.F.);
#11690 = ORIENTED_EDGE('',*,*,#11691,.F.);
#11691 = EDGE_CURVE('',#10821,#11243,#11692,.T.);
#11692 = SURFACE_CURVE('',#11693,(#11697,#11704),.PCURVE_S1.);
#11693 = LINE('',#11694,#11695);
#11694 = CARTESIAN_POINT('',(0.,-1.6E-04,5.414335646492E-19));
#11695 = VECTOR('',#11696,1.E-03);
#11696 = DIRECTION('',(2.537969834293E-15,1.,0.));
#11697 = PCURVE('',#10925,#11698);
#11698 = DEFINITIONAL_REPRESENTATION('',(#11699),#11703);
#11699 = LINE('',#11700,#11701);
#11700 = CARTESIAN_POINT('',(1.6E-04,-1.055993575699E-03));
#11701 = VECTOR('',#11702,1.);
#11702 = DIRECTION('',(-1.,0.));
#11703 = ( GEOMETRIC_REPRESENTATION_CONTEXT(2) 
PARAMETRIC_REPRESENTATION_CONTEXT() REPRESENTATION_CONTEXT('2D SPACE',''
  ) );
#11704 = PCURVE('',#10843,#11705);
#11705 = DEFINITIONAL_REPRESENTATION('',(#11706),#11710);
#11706 = LINE('',#11707,#11708);
#11707 = CARTESIAN_POINT('',(2.58E-03,-1.6E-04));
#11708 = VECTOR('',#11709,1.);
#11709 = DIRECTION('',(-2.537969834293E-15,1.));
#11710 = ( GEOMETRIC_REPRESENTATION_CONTEXT(2) 
PARAMETRIC_REPRESENTATION_CONTEXT() REPRESENTATION_CONTEXT('2D SPACE',''
  ) );
#11711 = ADVANCED_FACE('',(#11712),#10899,.T.);
#11712 = FACE_BOUND('',#11713,.T.);
#11713 = EDGE_LOOP('',(#11714,#11715,#11736,#11737));
#11714 = ORIENTED_EDGE('',*,*,#10883,.F.);
#11715 = ORIENTED_EDGE('',*,*,#11716,.T.);
#11716 = EDGE_CURVE('',#10856,#11268,#11717,.T.);
#11717 = SURFACE_CURVE('',#11718,(#11722,#11729),.PCURVE_S1.);
#11718 = LINE('',#11719,#11720);
#11719 = CARTESIAN_POINT('',(5.16E-03,-1.6E-04,2.06E-03));
#11720 = VECTOR('',#11721,1.E-03);
#11721 = DIRECTION('',(0.,0.951056516295,0.309016994375));
#11722 = PCURVE('',#10899,#11723);
#11723 = DEFINITIONAL_REPRESENTATION('',(#11724),#11728);
#11724 = LINE('',#11725,#11726);
#11725 = CARTESIAN_POINT('',(-1.682339558781E-04,-2.58E-03));
#11726 = VECTOR('',#11727,1.);
#11727 = DIRECTION('',(1.,8.628166150855E-32));
#11728 = ( GEOMETRIC_REPRESENTATION_CONTEXT(2) 
PARAMETRIC_REPRESENTATION_CONTEXT() REPRESENTATION_CONTEXT('2D SPACE',''
  ) );
#11729 = PCURVE('',#10871,#11730);
#11730 = DEFINITIONAL_REPRESENTATION('',(#11731),#11735);
#11731 = LINE('',#11732,#11733);
#11732 = CARTESIAN_POINT('',(-1.6E-04,1.004006424301E-03));
#11733 = VECTOR('',#11734,1.);
#11734 = DIRECTION('',(0.951056516295,0.309016994375));
#11735 = ( GEOMETRIC_REPRESENTATION_CONTEXT(2) 
PARAMETRIC_REPRESENTATION_CONTEXT() REPRESENTATION_CONTEXT('2D SPACE',''
  ) );
#11736 = ORIENTED_EDGE('',*,*,#11267,.F.);
#11737 = ORIENTED_EDGE('',*,*,#11669,.F.);
#11738 = ADVANCED_FACE('',(#11739),#10871,.T.);
#11739 = FACE_BOUND('',#11740,.T.);
#11740 = EDGE_LOOP('',(#11741,#11742,#11763,#11764));
#11741 = ORIENTED_EDGE('',*,*,#10855,.F.);
#11742 = ORIENTED_EDGE('',*,*,#11743,.T.);
#11743 = EDGE_CURVE('',#10823,#11291,#11744,.T.);
#11744 = SURFACE_CURVE('',#11745,(#11749,#11756),.PCURVE_S1.);
#11745 = LINE('',#11746,#11747);
#11746 = CARTESIAN_POINT('',(5.16E-03,-1.6E-04,5.414335646492E-19));
#11747 = VECTOR('',#11748,1.E-03);
#11748 = DIRECTION('',(0.,1.,0.));
#11749 = PCURVE('',#10871,#11750);
#11750 = DEFINITIONAL_REPRESENTATION('',(#11751),#11755);
#11751 = LINE('',#11752,#11753);
#11752 = CARTESIAN_POINT('',(-1.6E-04,-1.055993575699E-03));
#11753 = VECTOR('',#11754,1.);
#11754 = DIRECTION('',(1.,0.));
#11755 = ( GEOMETRIC_REPRESENTATION_CONTEXT(2) 
PARAMETRIC_REPRESENTATION_CONTEXT() REPRESENTATION_CONTEXT('2D SPACE',''
  ) );
#11756 = PCURVE('',#10843,#11757);
#11757 = DEFINITIONAL_REPRESENTATION('',(#11758),#11762);
#11758 = LINE('',#11759,#11760);
#11759 = CARTESIAN_POINT('',(-2.58E-03,-1.6E-04));
#11760 = VECTOR('',#11761,1.);
#11761 = DIRECTION('',(0.,1.));
#11762 = ( GEOMETRIC_REPRESENTATION_CONTEXT(2) 
PARAMETRIC_REPRESENTATION_CONTEXT() REPRESENTATION_CONTEXT('2D SPACE',''
  ) );
#11763 = ORIENTED_EDGE('',*,*,#11290,.F.);
#11764 = ORIENTED_EDGE('',*,*,#11716,.F.);
#11765 = ADVANCED_FACE('',(#11766),#10843,.T.);
#11766 = FACE_BOUND('',#11767,.T.);
#11767 = EDGE_LOOP('',(#11768,#11769,#11770,#11771));
#11768 = ORIENTED_EDGE('',*,*,#10820,.F.);
#11769 = ORIENTED_EDGE('',*,*,#11691,.T.);
#11770 = ORIENTED_EDGE('',*,*,#11313,.T.);
#11771 = ORIENTED_EDGE('',*,*,#11743,.F.);
#11772 = ( GEOMETRIC_REPRESENTATION_CONTEXT(3) 
GLOBAL_UNCERTAINTY_ASSIGNED_CONTEXT((#11776)) 
GLOBAL_UNIT_ASSIGNED_CONTEXT((#11773,#11774,#11775)) 
REPRESENTATION_CONTEXT('Context #1',
  '3D Context with UNIT and UNCERTAINTY') );
#11773 = ( LENGTH_UNIT() NAMED_UNIT(*) SI_UNIT($,.METRE.) );
#11774 = ( NAMED_UNIT(*) PLANE_ANGLE_UNIT() SI_UNIT($,.RADIAN.) );
#11775 = ( NAMED_UNIT(*) SI_UNIT($,.STERADIAN.) SOLID_ANGLE_UNIT() );
#11776 = UNCERTAINTY_MEASURE_WITH_UNIT(LENGTH_MEASURE(5.E-09),#11773,
  'distance_accuracy_value','confusion accuracy');
#11777 = CONTEXT_DEPENDENT_SHAPE_REPRESENTATION(#11778,#11780);
#11778 = ( REPRESENTATION_RELATIONSHIP('','',#10813,#10784) 
REPRESENTATION_RELATIONSHIP_WITH_TRANSFORMATION(#11779) 
SHAPE_REPRESENTATION_RELATIONSHIP() );
#11779 = ITEM_DEFINED_TRANSFORMATION('','',#11,#10785);
#11780 = PRODUCT_DEFINITION_SHAPE('Placement','Placement of an item',
  #11781);
#11781 = NEXT_ASSEMBLY_USAGE_OCCURRENCE('4','','',#10779,#10808,$);
#11782 = CC_DESIGN_SECURITY_CLASSIFICATION(#11783,(#11781));
#11783 = SECURITY_CLASSIFICATION('','',#365);
#11784 = CC_DESIGN_PERSON_AND_ORGANIZATION_ASSIGNMENT(#354,#363,(#11783)
  );
#11785 = CC_DESIGN_DATE_AND_TIME_ASSIGNMENT(#368,#374,(#11783));
#11786 = CC_DESIGN_APPROVAL(#376,(#11783));
#11787 = PRODUCT_RELATED_PRODUCT_CATEGORY('detail',$,(#10810));
#11788 = PRODUCT_CATEGORY_RELATIONSHIP('','',#11789,#11787);
#11789 = PRODUCT_CATEGORY('part',$);
#11790 = CC_DESIGN_PERSON_AND_ORGANIZATION_ASSIGNMENT(#354,#357,(#10809,
    #10808));
#11791 = CC_DESIGN_PERSON_AND_ORGANIZATION_ASSIGNMENT(#354,#359,(#10810)
  );
#11792 = CC_DESIGN_PERSON_AND_ORGANIZATION_ASSIGNMENT(#354,#361,(#10809)
  );
#11793 = CC_DESIGN_PERSON_AND_ORGANIZATION_ASSIGNMENT(#354,#363,(#11794)
  );
#11794 = SECURITY_CLASSIFICATION('','',#365);
#11795 = CC_DESIGN_SECURITY_CLASSIFICATION(#11794,(#10809));
#11796 = CC_DESIGN_DATE_AND_TIME_ASSIGNMENT(#368,#372,(#10808));
#11797 = CC_DESIGN_DATE_AND_TIME_ASSIGNMENT(#368,#374,(#11794));
#11798 = CC_DESIGN_APPROVAL(#376,(#10809,#10808,#11794));
#11799 = SHAPE_DEFINITION_REPRESENTATION(#11800,#11806);
#11800 = PRODUCT_DEFINITION_SHAPE('','',#11801);
#11801 = PRODUCT_DEFINITION('design','',#11802,#11805);
#11802 = PRODUCT_DEFINITION_FORMATION_WITH_SPECIFIED_SOURCE('','',#11803
  ,.NOT_KNOWN.);
#11803 = PRODUCT('DoubleLeafMasonry_0.32_m 24',
  'DoubleLeafMasonry_0.32_m 24','',(#11804));
#11804 = MECHANICAL_CONTEXT('',#2,'mechanical');
#11805 = DESIGN_CONTEXT('',#2,'design');
#11806 = ADVANCED_BREP_SHAPE_REPRESENTATION('',(#11,#11807),#12311);
#11807 = MANIFOLD_SOLID_BREP('DoubleLeafMasonry_0.32_m',#11808);
#11808 = CLOSED_SHELL('',(#11809,#11957,#12079,#12221,#12248,#12275,
    #12303));
#11809 = ADVANCED_FACE('',(#11810),#11824,.T.);
#11810 = FACE_BOUND('',#11811,.T.);
#11811 = EDGE_LOOP('',(#11812,#11847,#11875,#11903,#11931));
#11812 = ORIENTED_EDGE('',*,*,#11813,.T.);
#11813 = EDGE_CURVE('',#11814,#11816,#11818,.T.);
#11814 = VERTEX_POINT('',#11815);
#11815 = CARTESIAN_POINT('',(5.475E-03,5.800624220212E-03,2.69E-03));
#11816 = VERTEX_POINT('',#11817);
#11817 = CARTESIAN_POINT('',(1.075E-03,5.800624220212E-03,2.69E-03));
#11818 = SURFACE_CURVE('',#11819,(#11823,#11835),.PCURVE_S1.);
#11819 = LINE('',#11820,#11821);
#11820 = CARTESIAN_POINT('',(5.475E-03,5.800624220212E-03,2.69E-03));
#11821 = VECTOR('',#11822,1.E-03);
#11822 = DIRECTION('',(-1.,0.,0.));
#11823 = PCURVE('',#11824,#11829);
#11824 = PLANE('',#11825);
#11825 = AXIS2_PLACEMENT_3D('',#11826,#11827,#11828);
#11826 = CARTESIAN_POINT('',(3.275E-03,5.800624220212E-03,
    4.068964666342E-03));
#11827 = DIRECTION('',(-0.,1.,-6.106084440522E-16));
#11828 = DIRECTION('',(0.,-6.106084440522E-16,-1.));
#11829 = DEFINITIONAL_REPRESENTATION('',(#11830),#11834);
#11830 = LINE('',#11831,#11832);
#11831 = CARTESIAN_POINT('',(1.378964666342E-03,-2.2E-03));
#11832 = VECTOR('',#11833,1.);
#11833 = DIRECTION('',(0.,1.));
#11834 = ( GEOMETRIC_REPRESENTATION_CONTEXT(2) 
PARAMETRIC_REPRESENTATION_CONTEXT() REPRESENTATION_CONTEXT('2D SPACE',''
  ) );
#11835 = PCURVE('',#11836,#11841);
#11836 = PLANE('',#11837);
#11837 = AXIS2_PLACEMENT_3D('',#11838,#11839,#11840);
#11838 = CARTESIAN_POINT('',(3.275E-03,5.587290886878E-03,2.69E-03));
#11839 = DIRECTION('',(0.,0.,-1.));
#11840 = DIRECTION('',(1.,-0.,0.));
#11841 = DEFINITIONAL_REPRESENTATION('',(#11842),#11846);
#11842 = LINE('',#11843,#11844);
#11843 = CARTESIAN_POINT('',(2.2E-03,-2.133333333333E-04));
#11844 = VECTOR('',#11845,1.);
#11845 = DIRECTION('',(-1.,0.));
#11846 = ( GEOMETRIC_REPRESENTATION_CONTEXT(2) 
PARAMETRIC_REPRESENTATION_CONTEXT() REPRESENTATION_CONTEXT('2D SPACE',''
  ) );
#11847 = ORIENTED_EDGE('',*,*,#11848,.T.);
#11848 = EDGE_CURVE('',#11816,#11849,#11851,.T.);
#11849 = VERTEX_POINT('',#11850);
#11850 = CARTESIAN_POINT('',(1.075E-03,5.800624220212E-03,4.75E-03));
#11851 = SURFACE_CURVE('',#11852,(#11856,#11863),.PCURVE_S1.);
#11852 = LINE('',#11853,#11854);
#11853 = CARTESIAN_POINT('',(1.075E-03,5.800624220212E-03,2.69E-03));
#11854 = VECTOR('',#11855,1.E-03);
#11855 = DIRECTION('',(0.,0.,1.));
#11856 = PCURVE('',#11824,#11857);
#11857 = DEFINITIONAL_REPRESENTATION('',(#11858),#11862);
#11858 = LINE('',#11859,#11860);
#11859 = CARTESIAN_POINT('',(1.378964666342E-03,2.2E-03));
#11860 = VECTOR('',#11861,1.);
#11861 = DIRECTION('',(-1.,0.));
#11862 = ( GEOMETRIC_REPRESENTATION_CONTEXT(2) 
PARAMETRIC_REPRESENTATION_CONTEXT() REPRESENTATION_CONTEXT('2D SPACE',''
  ) );
#11863 = PCURVE('',#11864,#11869);
#11864 = PLANE('',#11865);
#11865 = AXIS2_PLACEMENT_3D('',#11866,#11867,#11868);
#11866 = CARTESIAN_POINT('',(1.075E-03,5.640624220212E-03,3.72E-03));
#11867 = DIRECTION('',(-1.,0.,0.));
#11868 = DIRECTION('',(0.,0.,1.));
#11869 = DEFINITIONAL_REPRESENTATION('',(#11870),#11874);
#11870 = LINE('',#11871,#11872);
#11871 = CARTESIAN_POINT('',(-1.03E-03,1.6E-04));
#11872 = VECTOR('',#11873,1.);
#11873 = DIRECTION('',(1.,0.));
#11874 = ( GEOMETRIC_REPRESENTATION_CONTEXT(2) 
PARAMETRIC_REPRESENTATION_CONTEXT() REPRESENTATION_CONTEXT('2D SPACE',''
  ) );
#11875 = ORIENTED_EDGE('',*,*,#11876,.T.);
#11876 = EDGE_CURVE('',#11849,#11877,#11879,.T.);
#11877 = VERTEX_POINT('',#11878);
#11878 = CARTESIAN_POINT('',(3.275E-03,5.800624220212E-03,
    5.464823331712E-03));
#11879 = SURFACE_CURVE('',#11880,(#11884,#11891),.PCURVE_S1.);
#11880 = LINE('',#11881,#11882);
#11881 = CARTESIAN_POINT('',(1.075E-03,5.800624220212E-03,4.75E-03));
#11882 = VECTOR('',#11883,1.E-03);
#11883 = DIRECTION('',(0.951056516295,1.295858669863E-15,0.309016994375)
  );
#11884 = PCURVE('',#11824,#11885);
#11885 = DEFINITIONAL_REPRESENTATION('',(#11886),#11890);
#11886 = LINE('',#11887,#11888);
#11887 = CARTESIAN_POINT('',(-6.810353336575E-04,2.2E-03));
#11888 = VECTOR('',#11889,1.);
#11889 = DIRECTION('',(-0.309016994375,-0.951056516295));
#11890 = ( GEOMETRIC_REPRESENTATION_CONTEXT(2) 
PARAMETRIC_REPRESENTATION_CONTEXT() REPRESENTATION_CONTEXT('2D SPACE',''
  ) );
#11891 = PCURVE('',#11892,#11897);
#11892 = PLANE('',#11893);
#11893 = AXIS2_PLACEMENT_3D('',#11894,#11895,#11896);
#11894 = CARTESIAN_POINT('',(2.019E-03,5.608624220212E-03,
    5.056724193244E-03));
#11895 = DIRECTION('',(-0.309016994375,5.999345693811E-16,0.951056516295
    ));
#11896 = DIRECTION('',(-0.951056516295,0.,-0.309016994375));
#11897 = DEFINITIONAL_REPRESENTATION('',(#11898),#11902);
#11898 = LINE('',#11899,#11900);
#11899 = CARTESIAN_POINT('',(9.925803396809E-04,-1.92E-04));
#11900 = VECTOR('',#11901,1.);
#11901 = DIRECTION('',(-1.,-1.295858669863E-15));
#11902 = ( GEOMETRIC_REPRESENTATION_CONTEXT(2) 
PARAMETRIC_REPRESENTATION_CONTEXT() REPRESENTATION_CONTEXT('2D SPACE',''
  ) );
#11903 = ORIENTED_EDGE('',*,*,#11904,.T.);
#11904 = EDGE_CURVE('',#11877,#11905,#11907,.T.);
#11905 = VERTEX_POINT('',#11906);
#11906 = CARTESIAN_POINT('',(5.475E-03,5.800624220212E-03,4.75E-03));
#11907 = SURFACE_CURVE('',#11908,(#11912,#11919),.PCURVE_S1.);
#11908 = LINE('',#11909,#11910);
#11909 = CARTESIAN_POINT('',(3.275E-03,5.800624220212E-03,
    5.464823331712E-03));
#11910 = VECTOR('',#11911,1.E-03);
#11911 = DIRECTION('',(0.951056516295,-1.295858669863E-15,
    -0.309016994375));
#11912 = PCURVE('',#11824,#11913);
#11913 = DEFINITIONAL_REPRESENTATION('',(#11914),#11918);
#11914 = LINE('',#11915,#11916);
#11915 = CARTESIAN_POINT('',(-1.39585866537E-03,-8.881784197001E-18));
#11916 = VECTOR('',#11917,1.);
#11917 = DIRECTION('',(0.309016994375,-0.951056516295));
#11918 = ( GEOMETRIC_REPRESENTATION_CONTEXT(2) 
PARAMETRIC_REPRESENTATION_CONTEXT() REPRESENTATION_CONTEXT('2D SPACE',''
  ) );
#11919 = PCURVE('',#11920,#11925);
#11920 = PLANE('',#11921);
#11921 = AXIS2_PLACEMENT_3D('',#11922,#11923,#11924);
#11922 = CARTESIAN_POINT('',(4.531E-03,5.608624220212E-03,
    5.056724193244E-03));
#11923 = DIRECTION('',(0.309016994375,3.608981393933E-16,0.951056516295)
  );
#11924 = DIRECTION('',(-0.951056516295,-1.232595164408E-32,
    0.309016994375));
#11925 = DEFINITIONAL_REPRESENTATION('',(#11926),#11930);
#11926 = LINE('',#11927,#11928);
#11927 = CARTESIAN_POINT('',(1.320636553643E-03,-1.92E-04));
#11928 = VECTOR('',#11929,1.);
#11929 = DIRECTION('',(-1.,1.295858669863E-15));
#11930 = ( GEOMETRIC_REPRESENTATION_CONTEXT(2) 
PARAMETRIC_REPRESENTATION_CONTEXT() REPRESENTATION_CONTEXT('2D SPACE',''
  ) );
#11931 = ORIENTED_EDGE('',*,*,#11932,.F.);
#11932 = EDGE_CURVE('',#11814,#11905,#11933,.T.);
#11933 = SURFACE_CURVE('',#11934,(#11938,#11945),.PCURVE_S1.);
#11934 = LINE('',#11935,#11936);
#11935 = CARTESIAN_POINT('',(5.475E-03,5.800624220212E-03,2.69E-03));
#11936 = VECTOR('',#11937,1.E-03);
#11937 = DIRECTION('',(0.,0.,1.));
#11938 = PCURVE('',#11824,#11939);
#11939 = DEFINITIONAL_REPRESENTATION('',(#11940),#11944);
#11940 = LINE('',#11941,#11942);
#11941 = CARTESIAN_POINT('',(1.378964666342E-03,-2.2E-03));
#11942 = VECTOR('',#11943,1.);
#11943 = DIRECTION('',(-1.,0.));
#11944 = ( GEOMETRIC_REPRESENTATION_CONTEXT(2) 
PARAMETRIC_REPRESENTATION_CONTEXT() REPRESENTATION_CONTEXT('2D SPACE',''
  ) );
#11945 = PCURVE('',#11946,#11951);
#11946 = PLANE('',#11947);
#11947 = AXIS2_PLACEMENT_3D('',#11948,#11949,#11950);
#11948 = CARTESIAN_POINT('',(5.475E-03,5.640624220212E-03,3.72E-03));
#11949 = DIRECTION('',(1.,6.614103204521E-15,0.));
#11950 = DIRECTION('',(-6.614103204521E-15,1.,0.));
#11951 = DEFINITIONAL_REPRESENTATION('',(#11952),#11956);
#11952 = LINE('',#11953,#11954);
#11953 = CARTESIAN_POINT('',(1.6E-04,-1.03E-03));
#11954 = VECTOR('',#11955,1.);
#11955 = DIRECTION('',(0.,1.));
#11956 = ( GEOMETRIC_REPRESENTATION_CONTEXT(2) 
PARAMETRIC_REPRESENTATION_CONTEXT() REPRESENTATION_CONTEXT('2D SPACE',''
  ) );
#11957 = ADVANCED_FACE('',(#11958),#11836,.T.);
#11958 = FACE_BOUND('',#11959,.T.);
#11959 = EDGE_LOOP('',(#11960,#11961,#11984,#12012,#12035,#12058));
#11960 = ORIENTED_EDGE('',*,*,#11813,.F.);
#11961 = ORIENTED_EDGE('',*,*,#11962,.T.);
#11962 = EDGE_CURVE('',#11814,#11963,#11965,.T.);
#11963 = VERTEX_POINT('',#11964);
#11964 = CARTESIAN_POINT('',(5.475E-03,5.480624220212E-03,2.69E-03));
#11965 = SURFACE_CURVE('',#11966,(#11970,#11977),.PCURVE_S1.);
#11966 = LINE('',#11967,#11968);
#11967 = CARTESIAN_POINT('',(5.475E-03,5.800624220212E-03,2.69E-03));
#11968 = VECTOR('',#11969,1.E-03);
#11969 = DIRECTION('',(6.614103204521E-15,-1.,0.));
#11970 = PCURVE('',#11836,#11971);
#11971 = DEFINITIONAL_REPRESENTATION('',(#11972),#11976);
#11972 = LINE('',#11973,#11974);
#11973 = CARTESIAN_POINT('',(2.2E-03,-2.133333333333E-04));
#11974 = VECTOR('',#11975,1.);
#11975 = DIRECTION('',(6.614103204521E-15,1.));
#11976 = ( GEOMETRIC_REPRESENTATION_CONTEXT(2) 
PARAMETRIC_REPRESENTATION_CONTEXT() REPRESENTATION_CONTEXT('2D SPACE',''
  ) );
#11977 = PCURVE('',#11946,#11978);
#11978 = DEFINITIONAL_REPRESENTATION('',(#11979),#11983);
#11979 = LINE('',#11980,#11981);
#11980 = CARTESIAN_POINT('',(1.6E-04,-1.03E-03));
#11981 = VECTOR('',#11982,1.);
#11982 = DIRECTION('',(-1.,0.));
#11983 = ( GEOMETRIC_REPRESENTATION_CONTEXT(2) 
PARAMETRIC_REPRESENTATION_CONTEXT() REPRESENTATION_CONTEXT('2D SPACE',''
  ) );
#11984 = ORIENTED_EDGE('',*,*,#11985,.T.);
#11985 = EDGE_CURVE('',#11963,#11986,#11988,.T.);
#11986 = VERTEX_POINT('',#11987);
#11987 = CARTESIAN_POINT('',(5.155E-03,5.480624220212E-03,2.69E-03));
#11988 = SURFACE_CURVE('',#11989,(#11993,#12000),.PCURVE_S1.);
#11989 = LINE('',#11990,#11991);
#11990 = CARTESIAN_POINT('',(5.475E-03,5.480624220212E-03,2.69E-03));
#11991 = VECTOR('',#11992,1.E-03);
#11992 = DIRECTION('',(-1.,0.,0.));
#11993 = PCURVE('',#11836,#11994);
#11994 = DEFINITIONAL_REPRESENTATION('',(#11995),#11999);
#11995 = LINE('',#11996,#11997);
#11996 = CARTESIAN_POINT('',(2.2E-03,1.066666666667E-04));
#11997 = VECTOR('',#11998,1.);
#11998 = DIRECTION('',(-1.,0.));
#11999 = ( GEOMETRIC_REPRESENTATION_CONTEXT(2) 
PARAMETRIC_REPRESENTATION_CONTEXT() REPRESENTATION_CONTEXT('2D SPACE',''
  ) );
#12000 = PCURVE('',#12001,#12006);
#12001 = PLANE('',#12002);
#12002 = AXIS2_PLACEMENT_3D('',#12003,#12004,#12005);
#12003 = CARTESIAN_POINT('',(3.275E-03,5.480624220212E-03,
    3.9369746597E-03));
#12004 = DIRECTION('',(0.,-1.,0.));
#12005 = DIRECTION('',(0.,0.,1.));
#12006 = DEFINITIONAL_REPRESENTATION('',(#12007),#12011);
#12007 = LINE('',#12008,#12009);
#12008 = CARTESIAN_POINT('',(-1.2469746597E-03,-2.2E-03));
#12009 = VECTOR('',#12010,1.);
#12010 = DIRECTION('',(0.,1.));
#12011 = ( GEOMETRIC_REPRESENTATION_CONTEXT(2) 
PARAMETRIC_REPRESENTATION_CONTEXT() REPRESENTATION_CONTEXT('2D SPACE',''
  ) );
#12012 = ORIENTED_EDGE('',*,*,#12013,.F.);
#12013 = EDGE_CURVE('',#12014,#11986,#12016,.T.);
#12014 = VERTEX_POINT('',#12015);
#12015 = CARTESIAN_POINT('',(1.395E-03,5.480624220212E-03,2.69E-03));
#12016 = SURFACE_CURVE('',#12017,(#12021,#12028),.PCURVE_S1.);
#12017 = LINE('',#12018,#12019);
#12018 = CARTESIAN_POINT('',(1.395E-03,5.480624220212E-03,2.69E-03));
#12019 = VECTOR('',#12020,1.E-03);
#12020 = DIRECTION('',(1.,0.,0.));
#12021 = PCURVE('',#11836,#12022);
#12022 = DEFINITIONAL_REPRESENTATION('',(#12023),#12027);
#12023 = LINE('',#12024,#12025);
#12024 = CARTESIAN_POINT('',(-1.88E-03,1.066666666667E-04));
#12025 = VECTOR('',#12026,1.);
#12026 = DIRECTION('',(1.,0.));
#12027 = ( GEOMETRIC_REPRESENTATION_CONTEXT(2) 
PARAMETRIC_REPRESENTATION_CONTEXT() REPRESENTATION_CONTEXT('2D SPACE',''
  ) );
#12028 = PCURVE('',#12001,#12029);
#12029 = DEFINITIONAL_REPRESENTATION('',(#12030),#12034);
#12030 = LINE('',#12031,#12032);
#12031 = CARTESIAN_POINT('',(-1.2469746597E-03,1.88E-03));
#12032 = VECTOR('',#12033,1.);
#12033 = DIRECTION('',(0.,-1.));
#12034 = ( GEOMETRIC_REPRESENTATION_CONTEXT(2) 
PARAMETRIC_REPRESENTATION_CONTEXT() REPRESENTATION_CONTEXT('2D SPACE',''
  ) );
#12035 = ORIENTED_EDGE('',*,*,#12036,.F.);
#12036 = EDGE_CURVE('',#12037,#12014,#12039,.T.);
#12037 = VERTEX_POINT('',#12038);
#12038 = CARTESIAN_POINT('',(1.075E-03,5.480624220212E-03,2.69E-03));
#12039 = SURFACE_CURVE('',#12040,(#12044,#12051),.PCURVE_S1.);
#12040 = LINE('',#12041,#12042);
#12041 = CARTESIAN_POINT('',(1.075E-03,5.480624220212E-03,2.69E-03));
#12042 = VECTOR('',#12043,1.E-03);
#12043 = DIRECTION('',(1.,0.,0.));
#12044 = PCURVE('',#11836,#12045);
#12045 = DEFINITIONAL_REPRESENTATION('',(#12046),#12050);
#12046 = LINE('',#12047,#12048);
#12047 = CARTESIAN_POINT('',(-2.2E-03,1.066666666667E-04));
#12048 = VECTOR('',#12049,1.);
#12049 = DIRECTION('',(1.,0.));
#12050 = ( GEOMETRIC_REPRESENTATION_CONTEXT(2) 
PARAMETRIC_REPRESENTATION_CONTEXT() REPRESENTATION_CONTEXT('2D SPACE',''
  ) );
#12051 = PCURVE('',#12001,#12052);
#12052 = DEFINITIONAL_REPRESENTATION('',(#12053),#12057);
#12053 = LINE('',#12054,#12055);
#12054 = CARTESIAN_POINT('',(-1.2469746597E-03,2.2E-03));
#12055 = VECTOR('',#12056,1.);
#12056 = DIRECTION('',(0.,-1.));
#12057 = ( GEOMETRIC_REPRESENTATION_CONTEXT(2) 
PARAMETRIC_REPRESENTATION_CONTEXT() REPRESENTATION_CONTEXT('2D SPACE',''
  ) );
#12058 = ORIENTED_EDGE('',*,*,#12059,.F.);
#12059 = EDGE_CURVE('',#11816,#12037,#12060,.T.);
#12060 = SURFACE_CURVE('',#12061,(#12065,#12072),.PCURVE_S1.);
#12061 = LINE('',#12062,#12063);
#12062 = CARTESIAN_POINT('',(1.075E-03,5.800624220212E-03,2.69E-03));
#12063 = VECTOR('',#12064,1.E-03);
#12064 = DIRECTION('',(0.,-1.,0.));
#12065 = PCURVE('',#11836,#12066);
#12066 = DEFINITIONAL_REPRESENTATION('',(#12067),#12071);
#12067 = LINE('',#12068,#12069);
#12068 = CARTESIAN_POINT('',(-2.2E-03,-2.133333333333E-04));
#12069 = VECTOR('',#12070,1.);
#12070 = DIRECTION('',(0.,1.));
#12071 = ( GEOMETRIC_REPRESENTATION_CONTEXT(2) 
PARAMETRIC_REPRESENTATION_CONTEXT() REPRESENTATION_CONTEXT('2D SPACE',''
  ) );
#12072 = PCURVE('',#11864,#12073);
#12073 = DEFINITIONAL_REPRESENTATION('',(#12074),#12078);
#12074 = LINE('',#12075,#12076);
#12075 = CARTESIAN_POINT('',(-1.03E-03,1.6E-04));
#12076 = VECTOR('',#12077,1.);
#12077 = DIRECTION('',(0.,-1.));
#12078 = ( GEOMETRIC_REPRESENTATION_CONTEXT(2) 
PARAMETRIC_REPRESENTATION_CONTEXT() REPRESENTATION_CONTEXT('2D SPACE',''
  ) );
#12079 = ADVANCED_FACE('',(#12080),#12001,.T.);
#12080 = FACE_BOUND('',#12081,.T.);
#12081 = EDGE_LOOP('',(#12082,#12105,#12128,#12151,#12174,#12197,#12218,
    #12219,#12220));
#12082 = ORIENTED_EDGE('',*,*,#12083,.T.);
#12083 = EDGE_CURVE('',#11963,#12084,#12086,.T.);
#12084 = VERTEX_POINT('',#12085);
#12085 = CARTESIAN_POINT('',(5.475E-03,5.480624220212E-03,4.75E-03));
#12086 = SURFACE_CURVE('',#12087,(#12091,#12098),.PCURVE_S1.);
#12087 = LINE('',#12088,#12089);
#12088 = CARTESIAN_POINT('',(5.475E-03,5.480624220212E-03,2.69E-03));
#12089 = VECTOR('',#12090,1.E-03);
#12090 = DIRECTION('',(0.,0.,1.));
#12091 = PCURVE('',#12001,#12092);
#12092 = DEFINITIONAL_REPRESENTATION('',(#12093),#12097);
#12093 = LINE('',#12094,#12095);
#12094 = CARTESIAN_POINT('',(-1.2469746597E-03,-2.2E-03));
#12095 = VECTOR('',#12096,1.);
#12096 = DIRECTION('',(1.,0.));
#12097 = ( GEOMETRIC_REPRESENTATION_CONTEXT(2) 
PARAMETRIC_REPRESENTATION_CONTEXT() REPRESENTATION_CONTEXT('2D SPACE',''
  ) );
#12098 = PCURVE('',#11946,#12099);
#12099 = DEFINITIONAL_REPRESENTATION('',(#12100),#12104);
#12100 = LINE('',#12101,#12102);
#12101 = CARTESIAN_POINT('',(-1.6E-04,-1.03E-03));
#12102 = VECTOR('',#12103,1.);
#12103 = DIRECTION('',(0.,1.));
#12104 = ( GEOMETRIC_REPRESENTATION_CONTEXT(2) 
PARAMETRIC_REPRESENTATION_CONTEXT() REPRESENTATION_CONTEXT('2D SPACE',''
  ) );
#12105 = ORIENTED_EDGE('',*,*,#12106,.T.);
#12106 = EDGE_CURVE('',#12084,#12107,#12109,.T.);
#12107 = VERTEX_POINT('',#12108);
#12108 = CARTESIAN_POINT('',(5.155E-03,5.480624220212E-03,
    4.853974302795E-03));
#12109 = SURFACE_CURVE('',#12110,(#12114,#12121),.PCURVE_S1.);
#12110 = LINE('',#12111,#12112);
#12111 = CARTESIAN_POINT('',(5.475E-03,5.480624220212E-03,4.75E-03));
#12112 = VECTOR('',#12113,1.E-03);
#12113 = DIRECTION('',(-0.951056516295,0.,0.309016994375));
#12114 = PCURVE('',#12001,#12115);
#12115 = DEFINITIONAL_REPRESENTATION('',(#12116),#12120);
#12116 = LINE('',#12117,#12118);
#12117 = CARTESIAN_POINT('',(8.130253402998E-04,-2.2E-03));
#12118 = VECTOR('',#12119,1.);
#12119 = DIRECTION('',(0.309016994375,0.951056516295));
#12120 = ( GEOMETRIC_REPRESENTATION_CONTEXT(2) 
PARAMETRIC_REPRESENTATION_CONTEXT() REPRESENTATION_CONTEXT('2D SPACE',''
  ) );
#12121 = PCURVE('',#11920,#12122);
#12122 = DEFINITIONAL_REPRESENTATION('',(#12123),#12127);
#12123 = LINE('',#12124,#12125);
#12124 = CARTESIAN_POINT('',(-9.925803396809E-04,1.28E-04));
#12125 = VECTOR('',#12126,1.);
#12126 = DIRECTION('',(1.,-6.532754371362E-31));
#12127 = ( GEOMETRIC_REPRESENTATION_CONTEXT(2) 
PARAMETRIC_REPRESENTATION_CONTEXT() REPRESENTATION_CONTEXT('2D SPACE',''
  ) );
#12128 = ORIENTED_EDGE('',*,*,#12129,.T.);
#12129 = EDGE_CURVE('',#12107,#12130,#12132,.T.);
#12130 = VERTEX_POINT('',#12131);
#12131 = CARTESIAN_POINT('',(3.275E-03,5.480624220212E-03,
    5.464823331712E-03));
#12132 = SURFACE_CURVE('',#12133,(#12137,#12144),.PCURVE_S1.);
#12133 = LINE('',#12134,#12135);
#12134 = CARTESIAN_POINT('',(5.155E-03,5.480624220212E-03,
    4.853974302795E-03));
#12135 = VECTOR('',#12136,1.E-03);
#12136 = DIRECTION('',(-0.951056516295,0.,0.309016994375));
#12137 = PCURVE('',#12001,#12138);
#12138 = DEFINITIONAL_REPRESENTATION('',(#12139),#12143);
#12139 = LINE('',#12140,#12141);
#12140 = CARTESIAN_POINT('',(9.169996430944E-04,-1.88E-03));
#12141 = VECTOR('',#12142,1.);
#12142 = DIRECTION('',(0.309016994375,0.951056516295));
#12143 = ( GEOMETRIC_REPRESENTATION_CONTEXT(2) 
PARAMETRIC_REPRESENTATION_CONTEXT() REPRESENTATION_CONTEXT('2D SPACE',''
  ) );
#12144 = PCURVE('',#11920,#12145);
#12145 = DEFINITIONAL_REPRESENTATION('',(#12146),#12150);
#12146 = LINE('',#12147,#12148);
#12147 = CARTESIAN_POINT('',(-6.561124279247E-04,1.28E-04));
#12148 = VECTOR('',#12149,1.);
#12149 = DIRECTION('',(1.,-1.232595164408E-32));
#12150 = ( GEOMETRIC_REPRESENTATION_CONTEXT(2) 
PARAMETRIC_REPRESENTATION_CONTEXT() REPRESENTATION_CONTEXT('2D SPACE',''
  ) );
#12151 = ORIENTED_EDGE('',*,*,#12152,.T.);
#12152 = EDGE_CURVE('',#12130,#12153,#12155,.T.);
#12153 = VERTEX_POINT('',#12154);
#12154 = CARTESIAN_POINT('',(1.395E-03,5.480624220212E-03,
    4.853974302795E-03));
#12155 = SURFACE_CURVE('',#12156,(#12160,#12167),.PCURVE_S1.);
#12156 = LINE('',#12157,#12158);
#12157 = CARTESIAN_POINT('',(3.275E-03,5.480624220212E-03,
    5.464823331712E-03));
#12158 = VECTOR('',#12159,1.E-03);
#12159 = DIRECTION('',(-0.951056516295,0.,-0.309016994375));
#12160 = PCURVE('',#12001,#12161);
#12161 = DEFINITIONAL_REPRESENTATION('',(#12162),#12166);
#12162 = LINE('',#12163,#12164);
#12163 = CARTESIAN_POINT('',(1.527848672012E-03,-8.881784197001E-18));
#12164 = VECTOR('',#12165,1.);
#12165 = DIRECTION('',(-0.309016994375,0.951056516295));
#12166 = ( GEOMETRIC_REPRESENTATION_CONTEXT(2) 
PARAMETRIC_REPRESENTATION_CONTEXT() REPRESENTATION_CONTEXT('2D SPACE',''
  ) );
#12167 = PCURVE('',#11892,#12168);
#12168 = DEFINITIONAL_REPRESENTATION('',(#12169),#12173);
#12169 = LINE('',#12170,#12171);
#12170 = CARTESIAN_POINT('',(-1.320636553643E-03,1.28E-04));
#12171 = VECTOR('',#12172,1.);
#12172 = DIRECTION('',(1.,1.232595164408E-31));
#12173 = ( GEOMETRIC_REPRESENTATION_CONTEXT(2) 
PARAMETRIC_REPRESENTATION_CONTEXT() REPRESENTATION_CONTEXT('2D SPACE',''
  ) );
#12174 = ORIENTED_EDGE('',*,*,#12175,.T.);
#12175 = EDGE_CURVE('',#12153,#12176,#12178,.T.);
#12176 = VERTEX_POINT('',#12177);
#12177 = CARTESIAN_POINT('',(1.075E-03,5.480624220212E-03,4.75E-03));
#12178 = SURFACE_CURVE('',#12179,(#12183,#12190),.PCURVE_S1.);
#12179 = LINE('',#12180,#12181);
#12180 = CARTESIAN_POINT('',(1.395E-03,5.480624220212E-03,
    4.853974302795E-03));
#12181 = VECTOR('',#12182,1.E-03);
#12182 = DIRECTION('',(-0.951056516295,0.,-0.309016994375));
#12183 = PCURVE('',#12001,#12184);
#12184 = DEFINITIONAL_REPRESENTATION('',(#12185),#12189);
#12185 = LINE('',#12186,#12187);
#12186 = CARTESIAN_POINT('',(9.169996430944E-04,1.88E-03));
#12187 = VECTOR('',#12188,1.);
#12188 = DIRECTION('',(-0.309016994375,0.951056516295));
#12189 = ( GEOMETRIC_REPRESENTATION_CONTEXT(2) 
PARAMETRIC_REPRESENTATION_CONTEXT() REPRESENTATION_CONTEXT('2D SPACE',''
  ) );
#12190 = PCURVE('',#11892,#12191);
#12191 = DEFINITIONAL_REPRESENTATION('',(#12192),#12196);
#12192 = LINE('',#12193,#12194);
#12193 = CARTESIAN_POINT('',(6.561124279247E-04,1.28E-04));
#12194 = VECTOR('',#12195,1.);
#12195 = DIRECTION('',(1.,-5.916456789158E-31));
#12196 = ( GEOMETRIC_REPRESENTATION_CONTEXT(2) 
PARAMETRIC_REPRESENTATION_CONTEXT() REPRESENTATION_CONTEXT('2D SPACE',''
  ) );
#12197 = ORIENTED_EDGE('',*,*,#12198,.T.);
#12198 = EDGE_CURVE('',#12176,#12037,#12199,.T.);
#12199 = SURFACE_CURVE('',#12200,(#12204,#12211),.PCURVE_S1.);
#12200 = LINE('',#12201,#12202);
#12201 = CARTESIAN_POINT('',(1.075E-03,5.480624220212E-03,4.75E-03));
#12202 = VECTOR('',#12203,1.E-03);
#12203 = DIRECTION('',(0.,0.,-1.));
#12204 = PCURVE('',#12001,#12205);
#12205 = DEFINITIONAL_REPRESENTATION('',(#12206),#12210);
#12206 = LINE('',#12207,#12208);
#12207 = CARTESIAN_POINT('',(8.130253402998E-04,2.2E-03));
#12208 = VECTOR('',#12209,1.);
#12209 = DIRECTION('',(-1.,0.));
#12210 = ( GEOMETRIC_REPRESENTATION_CONTEXT(2) 
PARAMETRIC_REPRESENTATION_CONTEXT() REPRESENTATION_CONTEXT('2D SPACE',''
  ) );
#12211 = PCURVE('',#11864,#12212);
#12212 = DEFINITIONAL_REPRESENTATION('',(#12213),#12217);
#12213 = LINE('',#12214,#12215);
#12214 = CARTESIAN_POINT('',(1.03E-03,-1.6E-04));
#12215 = VECTOR('',#12216,1.);
#12216 = DIRECTION('',(-1.,0.));
#12217 = ( GEOMETRIC_REPRESENTATION_CONTEXT(2) 
PARAMETRIC_REPRESENTATION_CONTEXT() REPRESENTATION_CONTEXT('2D SPACE',''
  ) );
#12218 = ORIENTED_EDGE('',*,*,#12036,.T.);
#12219 = ORIENTED_EDGE('',*,*,#12013,.T.);
#12220 = ORIENTED_EDGE('',*,*,#11985,.F.);
#12221 = ADVANCED_FACE('',(#12222),#11864,.T.);
#12222 = FACE_BOUND('',#12223,.T.);
#12223 = EDGE_LOOP('',(#12224,#12225,#12226,#12227));
#12224 = ORIENTED_EDGE('',*,*,#11848,.F.);
#12225 = ORIENTED_EDGE('',*,*,#12059,.T.);
#12226 = ORIENTED_EDGE('',*,*,#12198,.F.);
#12227 = ORIENTED_EDGE('',*,*,#12228,.F.);
#12228 = EDGE_CURVE('',#11849,#12176,#12229,.T.);
#12229 = SURFACE_CURVE('',#12230,(#12234,#12241),.PCURVE_S1.);
#12230 = LINE('',#12231,#12232);
#12231 = CARTESIAN_POINT('',(1.075E-03,5.800624220212E-03,4.75E-03));
#12232 = VECTOR('',#12233,1.E-03);
#12233 = DIRECTION('',(0.,-1.,0.));
#12234 = PCURVE('',#11864,#12235);
#12235 = DEFINITIONAL_REPRESENTATION('',(#12236),#12240);
#12236 = LINE('',#12237,#12238);
#12237 = CARTESIAN_POINT('',(1.03E-03,1.6E-04));
#12238 = VECTOR('',#12239,1.);
#12239 = DIRECTION('',(0.,-1.));
#12240 = ( GEOMETRIC_REPRESENTATION_CONTEXT(2) 
PARAMETRIC_REPRESENTATION_CONTEXT() REPRESENTATION_CONTEXT('2D SPACE',''
  ) );
#12241 = PCURVE('',#11892,#12242);
#12242 = DEFINITIONAL_REPRESENTATION('',(#12243),#12247);
#12243 = LINE('',#12244,#12245);
#12244 = CARTESIAN_POINT('',(9.925803396809E-04,-1.92E-04));
#12245 = VECTOR('',#12246,1.);
#12246 = DIRECTION('',(0.,1.));
#12247 = ( GEOMETRIC_REPRESENTATION_CONTEXT(2) 
PARAMETRIC_REPRESENTATION_CONTEXT() REPRESENTATION_CONTEXT('2D SPACE',''
  ) );
#12248 = ADVANCED_FACE('',(#12249),#11946,.T.);
#12249 = FACE_BOUND('',#12250,.T.);
#12250 = EDGE_LOOP('',(#12251,#12252,#12273,#12274));
#12251 = ORIENTED_EDGE('',*,*,#11932,.T.);
#12252 = ORIENTED_EDGE('',*,*,#12253,.T.);
#12253 = EDGE_CURVE('',#11905,#12084,#12254,.T.);
#12254 = SURFACE_CURVE('',#12255,(#12259,#12266),.PCURVE_S1.);
#12255 = LINE('',#12256,#12257);
#12256 = CARTESIAN_POINT('',(5.475E-03,5.800624220212E-03,4.75E-03));
#12257 = VECTOR('',#12258,1.E-03);
#12258 = DIRECTION('',(6.614103204521E-15,-1.,0.));
#12259 = PCURVE('',#11946,#12260);
#12260 = DEFINITIONAL_REPRESENTATION('',(#12261),#12265);
#12261 = LINE('',#12262,#12263);
#12262 = CARTESIAN_POINT('',(1.6E-04,1.03E-03));
#12263 = VECTOR('',#12264,1.);
#12264 = DIRECTION('',(-1.,0.));
#12265 = ( GEOMETRIC_REPRESENTATION_CONTEXT(2) 
PARAMETRIC_REPRESENTATION_CONTEXT() REPRESENTATION_CONTEXT('2D SPACE',''
  ) );
#12266 = PCURVE('',#11920,#12267);
#12267 = DEFINITIONAL_REPRESENTATION('',(#12268),#12272);
#12268 = LINE('',#12269,#12270);
#12269 = CARTESIAN_POINT('',(-9.925803396809E-04,-1.92E-04));
#12270 = VECTOR('',#12271,1.);
#12271 = DIRECTION('',(-6.290385952109E-15,1.));
#12272 = ( GEOMETRIC_REPRESENTATION_CONTEXT(2) 
PARAMETRIC_REPRESENTATION_CONTEXT() REPRESENTATION_CONTEXT('2D SPACE',''
  ) );
#12273 = ORIENTED_EDGE('',*,*,#12083,.F.);
#12274 = ORIENTED_EDGE('',*,*,#11962,.F.);
#12275 = ADVANCED_FACE('',(#12276),#11920,.T.);
#12276 = FACE_BOUND('',#12277,.T.);
#12277 = EDGE_LOOP('',(#12278,#12279,#12300,#12301,#12302));
#12278 = ORIENTED_EDGE('',*,*,#11904,.F.);
#12279 = ORIENTED_EDGE('',*,*,#12280,.T.);
#12280 = EDGE_CURVE('',#11877,#12130,#12281,.T.);
#12281 = SURFACE_CURVE('',#12282,(#12286,#12293),.PCURVE_S1.);
#12282 = LINE('',#12283,#12284);
#12283 = CARTESIAN_POINT('',(3.275E-03,5.800624220212E-03,
    5.464823331712E-03));
#12284 = VECTOR('',#12285,1.E-03);
#12285 = DIRECTION('',(0.,-1.,0.));
#12286 = PCURVE('',#11920,#12287);
#12287 = DEFINITIONAL_REPRESENTATION('',(#12288),#12292);
#12288 = LINE('',#12289,#12290);
#12289 = CARTESIAN_POINT('',(1.320636553643E-03,-1.92E-04));
#12290 = VECTOR('',#12291,1.);
#12291 = DIRECTION('',(0.,1.));
#12292 = ( GEOMETRIC_REPRESENTATION_CONTEXT(2) 
PARAMETRIC_REPRESENTATION_CONTEXT() REPRESENTATION_CONTEXT('2D SPACE',''
  ) );
#12293 = PCURVE('',#11892,#12294);
#12294 = DEFINITIONAL_REPRESENTATION('',(#12295),#12299);
#12295 = LINE('',#12296,#12297);
#12296 = CARTESIAN_POINT('',(-1.320636553643E-03,-1.92E-04));
#12297 = VECTOR('',#12298,1.);
#12298 = DIRECTION('',(0.,1.));
#12299 = ( GEOMETRIC_REPRESENTATION_CONTEXT(2) 
PARAMETRIC_REPRESENTATION_CONTEXT() REPRESENTATION_CONTEXT('2D SPACE',''
  ) );
#12300 = ORIENTED_EDGE('',*,*,#12129,.F.);
#12301 = ORIENTED_EDGE('',*,*,#12106,.F.);
#12302 = ORIENTED_EDGE('',*,*,#12253,.F.);
#12303 = ADVANCED_FACE('',(#12304),#11892,.T.);
#12304 = FACE_BOUND('',#12305,.T.);
#12305 = EDGE_LOOP('',(#12306,#12307,#12308,#12309,#12310));
#12306 = ORIENTED_EDGE('',*,*,#11876,.F.);
#12307 = ORIENTED_EDGE('',*,*,#12228,.T.);
#12308 = ORIENTED_EDGE('',*,*,#12175,.F.);
#12309 = ORIENTED_EDGE('',*,*,#12152,.F.);
#12310 = ORIENTED_EDGE('',*,*,#12280,.F.);
#12311 = ( GEOMETRIC_REPRESENTATION_CONTEXT(3) 
GLOBAL_UNCERTAINTY_ASSIGNED_CONTEXT((#12315)) 
GLOBAL_UNIT_ASSIGNED_CONTEXT((#12312,#12313,#12314)) 
REPRESENTATION_CONTEXT('Context #1',
  '3D Context with UNIT and UNCERTAINTY') );
#12312 = ( LENGTH_UNIT() NAMED_UNIT(*) SI_UNIT($,.METRE.) );
#12313 = ( NAMED_UNIT(*) PLANE_ANGLE_UNIT() SI_UNIT($,.RADIAN.) );
#12314 = ( NAMED_UNIT(*) SI_UNIT($,.STERADIAN.) SOLID_ANGLE_UNIT() );
#12315 = UNCERTAINTY_MEASURE_WITH_UNIT(LENGTH_MEASURE(1.E-10),#12312,
  'distance_accuracy_value','confusion accuracy');
#12316 = PRODUCT_RELATED_PRODUCT_CATEGORY('detail',$,(#11803));
#12317 = PRODUCT_CATEGORY_RELATIONSHIP('','',#12318,#12316);
#12318 = PRODUCT_CATEGORY('part',$);
#12319 = CC_DESIGN_PERSON_AND_ORGANIZATION_ASSIGNMENT(#354,#357,(#11802,
    #11801));
#12320 = CC_DESIGN_PERSON_AND_ORGANIZATION_ASSIGNMENT(#354,#359,(#11803)
  );
#12321 = CC_DESIGN_PERSON_AND_ORGANIZATION_ASSIGNMENT(#354,#361,(#11802)
  );
#12322 = CC_DESIGN_PERSON_AND_ORGANIZATION_ASSIGNMENT(#354,#363,(#12323)
  );
#12323 = SECURITY_CLASSIFICATION('','',#365);
#12324 = CC_DESIGN_SECURITY_CLASSIFICATION(#12323,(#11802));
#12325 = CC_DESIGN_DATE_AND_TIME_ASSIGNMENT(#368,#372,(#11801));
#12326 = CC_DESIGN_DATE_AND_TIME_ASSIGNMENT(#368,#374,(#12323));
#12327 = CC_DESIGN_APPROVAL(#376,(#11802,#11801,#12323));
#12328 = SHAPE_DEFINITION_REPRESENTATION(#12329,#12335);
#12329 = PRODUCT_DEFINITION_SHAPE('','',#12330);
#12330 = PRODUCT_DEFINITION('design','',#12331,#12334);
#12331 = PRODUCT_DEFINITION_FORMATION_WITH_SPECIFIED_SOURCE('','',#12332
  ,.NOT_KNOWN.);
#12332 = PRODUCT('DoubleLeafMasonry_0.32_m 25',
  'DoubleLeafMasonry_0.32_m 25','',(#12333));
#12333 = MECHANICAL_CONTEXT('',#2,'mechanical');
#12334 = DESIGN_CONTEXT('',#2,'design');
#12335 = SHAPE_REPRESENTATION('',(#11,#12336),#12340);
#12336 = AXIS2_PLACEMENT_3D('',#12337,#12338,#12339);
#12337 = CARTESIAN_POINT('',(5.475E-03,1.606242202118E-04,2.69E-03));
#12338 = DIRECTION('',(0.,0.,1.));
#12339 = DIRECTION('',(-1.,0.,0.));
#12340 = ( GEOMETRIC_REPRESENTATION_CONTEXT(3) 
GLOBAL_UNCERTAINTY_ASSIGNED_CONTEXT((#12344)) 
GLOBAL_UNIT_ASSIGNED_CONTEXT((#12341,#12342,#12343)) 
REPRESENTATION_CONTEXT('Context #1',
  '3D Context with UNIT and UNCERTAINTY') );
#12341 = ( LENGTH_UNIT() NAMED_UNIT(*) SI_UNIT($,.METRE.) );
#12342 = ( NAMED_UNIT(*) PLANE_ANGLE_UNIT() SI_UNIT($,.RADIAN.) );
#12343 = ( NAMED_UNIT(*) SI_UNIT($,.STERADIAN.) SOLID_ANGLE_UNIT() );
#12344 = UNCERTAINTY_MEASURE_WITH_UNIT(LENGTH_MEASURE(5.E-09),#12341,
  'distance_accuracy_value','confusion accuracy');
#12345 = PRODUCT_RELATED_PRODUCT_CATEGORY('detail',$,(#12332));
#12346 = PRODUCT_CATEGORY_RELATIONSHIP('','',#12347,#12345);
#12347 = PRODUCT_CATEGORY('part',$);
#12348 = CC_DESIGN_PERSON_AND_ORGANIZATION_ASSIGNMENT(#354,#357,(#12331,
    #12330));
#12349 = CC_DESIGN_PERSON_AND_ORGANIZATION_ASSIGNMENT(#354,#359,(#12332)
  );
#12350 = CC_DESIGN_PERSON_AND_ORGANIZATION_ASSIGNMENT(#354,#361,(#12331)
  );
#12351 = CC_DESIGN_PERSON_AND_ORGANIZATION_ASSIGNMENT(#354,#363,(#12352)
  );
#12352 = SECURITY_CLASSIFICATION('','',#365);
#12353 = CC_DESIGN_SECURITY_CLASSIFICATION(#12352,(#12331));
#12354 = CC_DESIGN_DATE_AND_TIME_ASSIGNMENT(#368,#372,(#12330));
#12355 = CC_DESIGN_DATE_AND_TIME_ASSIGNMENT(#368,#374,(#12352));
#12356 = CC_DESIGN_APPROVAL(#376,(#12331,#12330,#12352));
#12357 = SHAPE_DEFINITION_REPRESENTATION(#12358,#12364);
#12358 = PRODUCT_DEFINITION_SHAPE('','',#12359);
#12359 = PRODUCT_DEFINITION('design','',#12360,#12363);
#12360 = PRODUCT_DEFINITION_FORMATION_WITH_SPECIFIED_SOURCE('','',#12361
  ,.NOT_KNOWN.);
#12361 = PRODUCT('DoubleLeafMasonry_0.32_m 25.1',
  'DoubleLeafMasonry_0.32_m 25.1','',(#12362));
#12362 = MECHANICAL_CONTEXT('',#2,'mechanical');
#12363 = DESIGN_CONTEXT('',#2,'design');
#12364 = ADVANCED_BREP_SHAPE_REPRESENTATION('',(#11,#12365),#13401);
#12365 = MANIFOLD_SOLID_BREP('DoubleLeafMasonry_0.32_m',#12366);
#12366 = CLOSED_SHELL('',(#12367,#12487,#12563,#12639,#12710,#12757,
    #12867,#12943,#13019,#13095,#13171,#13247,#13318,#13365,#13383));
#12367 = ADVANCED_FACE('',(#12368),#12382,.T.);
#12368 = FACE_BOUND('',#12369,.T.);
#12369 = EDGE_LOOP('',(#12370,#12405,#12433,#12461));
#12370 = ORIENTED_EDGE('',*,*,#12371,.T.);
#12371 = EDGE_CURVE('',#12372,#12374,#12376,.T.);
#12372 = VERTEX_POINT('',#12373);
#12373 = CARTESIAN_POINT('',(2.131900854636E-18,-1.6E-04,
    5.414335646492E-19));
#12374 = VERTEX_POINT('',#12375);
#12375 = CARTESIAN_POINT('',(2.131900854636E-18,1.6E-04,
    5.414335646492E-19));
#12376 = SURFACE_CURVE('',#12377,(#12381,#12393),.PCURVE_S1.);
#12377 = LINE('',#12378,#12379);
#12378 = CARTESIAN_POINT('',(2.131900854636E-18,-1.6E-04,
    5.414335646492E-19));
#12379 = VECTOR('',#12380,1.E-03);
#12380 = DIRECTION('',(0.,1.,0.));
#12381 = PCURVE('',#12382,#12387);
#12382 = PLANE('',#12383);
#12383 = AXIS2_PLACEMENT_3D('',#12384,#12385,#12386);
#12384 = CARTESIAN_POINT('',(2.131900854636E-18,-1.6E-04,
    5.414335646492E-19));
#12385 = DIRECTION('',(0.,0.,-1.));
#12386 = DIRECTION('',(1.,0.,0.));
#12387 = DEFINITIONAL_REPRESENTATION('',(#12388),#12392);
#12388 = LINE('',#12389,#12390);
#12389 = CARTESIAN_POINT('',(0.,0.));
#12390 = VECTOR('',#12391,1.);
#12391 = DIRECTION('',(0.,-1.));
#12392 = ( GEOMETRIC_REPRESENTATION_CONTEXT(2) 
PARAMETRIC_REPRESENTATION_CONTEXT() REPRESENTATION_CONTEXT('2D SPACE',''
  ) );
#12393 = PCURVE('',#12394,#12399);
#12394 = PLANE('',#12395);
#12395 = AXIS2_PLACEMENT_3D('',#12396,#12397,#12398);
#12396 = CARTESIAN_POINT('',(2.131900854636E-18,-1.6E-04,
    5.414335646492E-19));
#12397 = DIRECTION('',(1.,-0.,5.256636549992E-16));
#12398 = DIRECTION('',(-5.256636549992E-16,0.,1.));
#12399 = DEFINITIONAL_REPRESENTATION('',(#12400),#12404);
#12400 = LINE('',#12401,#12402);
#12401 = CARTESIAN_POINT('',(0.,0.));
#12402 = VECTOR('',#12403,1.);
#12403 = DIRECTION('',(0.,-1.));
#12404 = ( GEOMETRIC_REPRESENTATION_CONTEXT(2) 
PARAMETRIC_REPRESENTATION_CONTEXT() REPRESENTATION_CONTEXT('2D SPACE',''
  ) );
#12405 = ORIENTED_EDGE('',*,*,#12406,.T.);
#12406 = EDGE_CURVE('',#12374,#12407,#12409,.T.);
#12407 = VERTEX_POINT('',#12408);
#12408 = CARTESIAN_POINT('',(4.4E-03,1.6E-04,5.414335646492E-19));
#12409 = SURFACE_CURVE('',#12410,(#12414,#12421),.PCURVE_S1.);
#12410 = LINE('',#12411,#12412);
#12411 = CARTESIAN_POINT('',(2.131900854636E-18,1.6E-04,
    5.414335646492E-19));
#12412 = VECTOR('',#12413,1.E-03);
#12413 = DIRECTION('',(1.,0.,0.));
#12414 = PCURVE('',#12382,#12415);
#12415 = DEFINITIONAL_REPRESENTATION('',(#12416),#12420);
#12416 = LINE('',#12417,#12418);
#12417 = CARTESIAN_POINT('',(0.,-3.2E-04));
#12418 = VECTOR('',#12419,1.);
#12419 = DIRECTION('',(1.,0.));
#12420 = ( GEOMETRIC_REPRESENTATION_CONTEXT(2) 
PARAMETRIC_REPRESENTATION_CONTEXT() REPRESENTATION_CONTEXT('2D SPACE',''
  ) );
#12421 = PCURVE('',#12422,#12427);
#12422 = PLANE('',#12423);
#12423 = AXIS2_PLACEMENT_3D('',#12424,#12425,#12426);
#12424 = CARTESIAN_POINT('',(2.2E-03,1.6E-04,1.2469746597E-03));
#12425 = DIRECTION('',(2.032832279997E-16,-1.,2.281249847381E-17));
#12426 = DIRECTION('',(-1.,-2.032832279997E-16,0.));
#12427 = DEFINITIONAL_REPRESENTATION('',(#12428),#12432);
#12428 = LINE('',#12429,#12430);
#12429 = CARTESIAN_POINT('',(2.2E-03,1.2469746597E-03));
#12430 = VECTOR('',#12431,1.);
#12431 = DIRECTION('',(-1.,4.637398328495E-33));
#12432 = ( GEOMETRIC_REPRESENTATION_CONTEXT(2) 
PARAMETRIC_REPRESENTATION_CONTEXT() REPRESENTATION_CONTEXT('2D SPACE',''
  ) );
#12433 = ORIENTED_EDGE('',*,*,#12434,.F.);
#12434 = EDGE_CURVE('',#12435,#12407,#12437,.T.);
#12435 = VERTEX_POINT('',#12436);
#12436 = CARTESIAN_POINT('',(4.4E-03,-1.6E-04,5.414335646492E-19));
#12437 = SURFACE_CURVE('',#12438,(#12442,#12449),.PCURVE_S1.);
#12438 = LINE('',#12439,#12440);
#12439 = CARTESIAN_POINT('',(4.4E-03,-1.6E-04,5.414335646492E-19));
#12440 = VECTOR('',#12441,1.E-03);
#12441 = DIRECTION('',(0.,1.,0.));
#12442 = PCURVE('',#12382,#12443);
#12443 = DEFINITIONAL_REPRESENTATION('',(#12444),#12448);
#12444 = LINE('',#12445,#12446);
#12445 = CARTESIAN_POINT('',(4.4E-03,0.));
#12446 = VECTOR('',#12447,1.);
#12447 = DIRECTION('',(0.,-1.));
#12448 = ( GEOMETRIC_REPRESENTATION_CONTEXT(2) 
PARAMETRIC_REPRESENTATION_CONTEXT() REPRESENTATION_CONTEXT('2D SPACE',''
  ) );
#12449 = PCURVE('',#12450,#12455);
#12450 = PLANE('',#12451);
#12451 = AXIS2_PLACEMENT_3D('',#12452,#12453,#12454);
#12452 = CARTESIAN_POINT('',(4.4E-03,-1.6E-04,5.414335646492E-19));
#12453 = DIRECTION('',(1.,0.,0.));
#12454 = DIRECTION('',(-0.,9.700977885074E-16,1.));
#12455 = DEFINITIONAL_REPRESENTATION('',(#12456),#12460);
#12456 = LINE('',#12457,#12458);
#12457 = CARTESIAN_POINT('',(0.,0.));
#12458 = VECTOR('',#12459,1.);
#12459 = DIRECTION('',(9.700977885074E-16,-1.));
#12460 = ( GEOMETRIC_REPRESENTATION_CONTEXT(2) 
PARAMETRIC_REPRESENTATION_CONTEXT() REPRESENTATION_CONTEXT('2D SPACE',''
  ) );
#12461 = ORIENTED_EDGE('',*,*,#12462,.F.);
#12462 = EDGE_CURVE('',#12372,#12435,#12463,.T.);
#12463 = SURFACE_CURVE('',#12464,(#12468,#12475),.PCURVE_S1.);
#12464 = LINE('',#12465,#12466);
#12465 = CARTESIAN_POINT('',(2.131900854636E-18,-1.6E-04,
    5.414335646492E-19));
#12466 = VECTOR('',#12467,1.E-03);
#12467 = DIRECTION('',(1.,0.,0.));
#12468 = PCURVE('',#12382,#12469);
#12469 = DEFINITIONAL_REPRESENTATION('',(#12470),#12474);
#12470 = LINE('',#12471,#12472);
#12471 = CARTESIAN_POINT('',(0.,0.));
#12472 = VECTOR('',#12473,1.);
#12473 = DIRECTION('',(1.,0.));
#12474 = ( GEOMETRIC_REPRESENTATION_CONTEXT(2) 
PARAMETRIC_REPRESENTATION_CONTEXT() REPRESENTATION_CONTEXT('2D SPACE',''
  ) );
#12475 = PCURVE('',#12476,#12481);
#12476 = PLANE('',#12477);
#12477 = AXIS2_PLACEMENT_3D('',#12478,#12479,#12480);
#12478 = CARTESIAN_POINT('',(2.2E-03,-1.6E-04,1.2469746597E-03));
#12479 = DIRECTION('',(2.032832279997E-16,-1.,2.281249847381E-17));
#12480 = DIRECTION('',(-1.,-2.032832279997E-16,0.));
#12481 = DEFINITIONAL_REPRESENTATION('',(#12482),#12486);
#12482 = LINE('',#12483,#12484);
#12483 = CARTESIAN_POINT('',(2.2E-03,1.2469746597E-03));
#12484 = VECTOR('',#12485,1.);
#12485 = DIRECTION('',(-1.,4.637398328495E-33));
#12486 = ( GEOMETRIC_REPRESENTATION_CONTEXT(2) 
PARAMETRIC_REPRESENTATION_CONTEXT() REPRESENTATION_CONTEXT('2D SPACE',''
  ) );
#12487 = ADVANCED_FACE('',(#12488),#12450,.T.);
#12488 = FACE_BOUND('',#12489,.T.);
#12489 = EDGE_LOOP('',(#12490,#12491,#12514,#12542));
#12490 = ORIENTED_EDGE('',*,*,#12434,.T.);
#12491 = ORIENTED_EDGE('',*,*,#12492,.T.);
#12492 = EDGE_CURVE('',#12407,#12493,#12495,.T.);
#12493 = VERTEX_POINT('',#12494);
#12494 = CARTESIAN_POINT('',(4.4E-03,1.6E-04,2.06E-03));
#12495 = SURFACE_CURVE('',#12496,(#12500,#12507),.PCURVE_S1.);
#12496 = LINE('',#12497,#12498);
#12497 = CARTESIAN_POINT('',(4.4E-03,1.6E-04,5.414335646492E-19));
#12498 = VECTOR('',#12499,1.E-03);
#12499 = DIRECTION('',(0.,9.700977885074E-16,1.));
#12500 = PCURVE('',#12450,#12501);
#12501 = DEFINITIONAL_REPRESENTATION('',(#12502),#12506);
#12502 = LINE('',#12503,#12504);
#12503 = CARTESIAN_POINT('',(3.104312923224E-19,-3.2E-04));
#12504 = VECTOR('',#12505,1.);
#12505 = DIRECTION('',(1.,0.));
#12506 = ( GEOMETRIC_REPRESENTATION_CONTEXT(2) 
PARAMETRIC_REPRESENTATION_CONTEXT() REPRESENTATION_CONTEXT('2D SPACE',''
  ) );
#12507 = PCURVE('',#12422,#12508);
#12508 = DEFINITIONAL_REPRESENTATION('',(#12509),#12513);
#12509 = LINE('',#12510,#12511);
#12510 = CARTESIAN_POINT('',(-2.2E-03,1.2469746597E-03));
#12511 = VECTOR('',#12512,1.);
#12512 = DIRECTION('',(-1.972046099232E-31,-1.));
#12513 = ( GEOMETRIC_REPRESENTATION_CONTEXT(2) 
PARAMETRIC_REPRESENTATION_CONTEXT() REPRESENTATION_CONTEXT('2D SPACE',''
  ) );
#12514 = ORIENTED_EDGE('',*,*,#12515,.F.);
#12515 = EDGE_CURVE('',#12516,#12493,#12518,.T.);
#12516 = VERTEX_POINT('',#12517);
#12517 = CARTESIAN_POINT('',(4.4E-03,-1.6E-04,2.06E-03));
#12518 = SURFACE_CURVE('',#12519,(#12523,#12530),.PCURVE_S1.);
#12519 = LINE('',#12520,#12521);
#12520 = CARTESIAN_POINT('',(4.4E-03,-1.6E-04,2.06E-03));
#12521 = VECTOR('',#12522,1.E-03);
#12522 = DIRECTION('',(0.,1.,0.));
#12523 = PCURVE('',#12450,#12524);
#12524 = DEFINITIONAL_REPRESENTATION('',(#12525),#12529);
#12525 = LINE('',#12526,#12527);
#12526 = CARTESIAN_POINT('',(2.06E-03,0.));
#12527 = VECTOR('',#12528,1.);
#12528 = DIRECTION('',(9.700977885074E-16,-1.));
#12529 = ( GEOMETRIC_REPRESENTATION_CONTEXT(2) 
PARAMETRIC_REPRESENTATION_CONTEXT() REPRESENTATION_CONTEXT('2D SPACE',''
  ) );
#12530 = PCURVE('',#12531,#12536);
#12531 = PLANE('',#12532);
#12532 = AXIS2_PLACEMENT_3D('',#12533,#12534,#12535);
#12533 = CARTESIAN_POINT('',(4.4E-03,-1.6E-04,2.06E-03));
#12534 = DIRECTION('',(0.309016994375,-0.,0.951056516295));
#12535 = DIRECTION('',(-0.951056516295,-8.639057799087E-16,
    0.309016994375));
#12536 = DEFINITIONAL_REPRESENTATION('',(#12537),#12541);
#12537 = LINE('',#12538,#12539);
#12538 = CARTESIAN_POINT('',(0.,0.));
#12539 = VECTOR('',#12540,1.);
#12540 = DIRECTION('',(-8.639057799087E-16,-1.));
#12541 = ( GEOMETRIC_REPRESENTATION_CONTEXT(2) 
PARAMETRIC_REPRESENTATION_CONTEXT() REPRESENTATION_CONTEXT('2D SPACE',''
  ) );
#12542 = ORIENTED_EDGE('',*,*,#12543,.F.);
#12543 = EDGE_CURVE('',#12435,#12516,#12544,.T.);
#12544 = SURFACE_CURVE('',#12545,(#12549,#12556),.PCURVE_S1.);
#12545 = LINE('',#12546,#12547);
#12546 = CARTESIAN_POINT('',(4.4E-03,-1.6E-04,5.414335646492E-19));
#12547 = VECTOR('',#12548,1.E-03);
#12548 = DIRECTION('',(0.,9.700977885074E-16,1.));
#12549 = PCURVE('',#12450,#12550);
#12550 = DEFINITIONAL_REPRESENTATION('',(#12551),#12555);
#12551 = LINE('',#12552,#12553);
#12552 = CARTESIAN_POINT('',(0.,0.));
#12553 = VECTOR('',#12554,1.);
#12554 = DIRECTION('',(1.,0.));
#12555 = ( GEOMETRIC_REPRESENTATION_CONTEXT(2) 
PARAMETRIC_REPRESENTATION_CONTEXT() REPRESENTATION_CONTEXT('2D SPACE',''
  ) );
#12556 = PCURVE('',#12476,#12557);
#12557 = DEFINITIONAL_REPRESENTATION('',(#12558),#12562);
#12558 = LINE('',#12559,#12560);
#12559 = CARTESIAN_POINT('',(-2.2E-03,1.2469746597E-03));
#12560 = VECTOR('',#12561,1.);
#12561 = DIRECTION('',(-1.972046099232E-31,-1.));
#12562 = ( GEOMETRIC_REPRESENTATION_CONTEXT(2) 
PARAMETRIC_REPRESENTATION_CONTEXT() REPRESENTATION_CONTEXT('2D SPACE',''
  ) );
#12563 = ADVANCED_FACE('',(#12564),#12531,.T.);
#12564 = FACE_BOUND('',#12565,.T.);
#12565 = EDGE_LOOP('',(#12566,#12567,#12590,#12618));
#12566 = ORIENTED_EDGE('',*,*,#12515,.T.);
#12567 = ORIENTED_EDGE('',*,*,#12568,.T.);
#12568 = EDGE_CURVE('',#12493,#12569,#12571,.T.);
#12569 = VERTEX_POINT('',#12570);
#12570 = CARTESIAN_POINT('',(2.2E-03,1.6E-04,2.774823331712E-03));
#12571 = SURFACE_CURVE('',#12572,(#12576,#12583),.PCURVE_S1.);
#12572 = LINE('',#12573,#12574);
#12573 = CARTESIAN_POINT('',(4.4E-03,1.6E-04,2.06E-03));
#12574 = VECTOR('',#12575,1.E-03);
#12575 = DIRECTION('',(-0.951056516295,-8.639057799087E-16,
    0.309016994375));
#12576 = PCURVE('',#12531,#12577);
#12577 = DEFINITIONAL_REPRESENTATION('',(#12578),#12582);
#12578 = LINE('',#12579,#12580);
#12579 = CARTESIAN_POINT('',(-2.764498495708E-19,-3.2E-04));
#12580 = VECTOR('',#12581,1.);
#12581 = DIRECTION('',(1.,-3.328006943901E-31));
#12582 = ( GEOMETRIC_REPRESENTATION_CONTEXT(2) 
PARAMETRIC_REPRESENTATION_CONTEXT() REPRESENTATION_CONTEXT('2D SPACE',''
  ) );
#12583 = PCURVE('',#12422,#12584);
#12584 = DEFINITIONAL_REPRESENTATION('',(#12585),#12589);
#12585 = LINE('',#12586,#12587);
#12586 = CARTESIAN_POINT('',(-2.2E-03,-8.130253402998E-04));
#12587 = VECTOR('',#12588,1.);
#12588 = DIRECTION('',(0.951056516295,-0.309016994375));
#12589 = ( GEOMETRIC_REPRESENTATION_CONTEXT(2) 
PARAMETRIC_REPRESENTATION_CONTEXT() REPRESENTATION_CONTEXT('2D SPACE',''
  ) );
#12590 = ORIENTED_EDGE('',*,*,#12591,.F.);
#12591 = EDGE_CURVE('',#12592,#12569,#12594,.T.);
#12592 = VERTEX_POINT('',#12593);
#12593 = CARTESIAN_POINT('',(2.2E-03,-1.6E-04,2.774823331712E-03));
#12594 = SURFACE_CURVE('',#12595,(#12599,#12606),.PCURVE_S1.);
#12595 = LINE('',#12596,#12597);
#12596 = CARTESIAN_POINT('',(2.2E-03,-1.6E-04,2.774823331712E-03));
#12597 = VECTOR('',#12598,1.E-03);
#12598 = DIRECTION('',(0.,1.,0.));
#12599 = PCURVE('',#12531,#12600);
#12600 = DEFINITIONAL_REPRESENTATION('',(#12601),#12605);
#12601 = LINE('',#12602,#12603);
#12602 = CARTESIAN_POINT('',(2.313216893324E-03,-9.3677232495E-34));
#12603 = VECTOR('',#12604,1.);
#12604 = DIRECTION('',(-8.639057799087E-16,-1.));
#12605 = ( GEOMETRIC_REPRESENTATION_CONTEXT(2) 
PARAMETRIC_REPRESENTATION_CONTEXT() REPRESENTATION_CONTEXT('2D SPACE',''
  ) );
#12606 = PCURVE('',#12607,#12612);
#12607 = PLANE('',#12608);
#12608 = AXIS2_PLACEMENT_3D('',#12609,#12610,#12611);
#12609 = CARTESIAN_POINT('',(2.2E-03,-1.6E-04,2.774823331712E-03));
#12610 = DIRECTION('',(-0.309016994375,0.,0.951056516295));
#12611 = DIRECTION('',(-0.951056516295,0.,-0.309016994375));
#12612 = DEFINITIONAL_REPRESENTATION('',(#12613),#12617);
#12613 = LINE('',#12614,#12615);
#12614 = CARTESIAN_POINT('',(0.,0.));
#12615 = VECTOR('',#12616,1.);
#12616 = DIRECTION('',(0.,-1.));
#12617 = ( GEOMETRIC_REPRESENTATION_CONTEXT(2) 
PARAMETRIC_REPRESENTATION_CONTEXT() REPRESENTATION_CONTEXT('2D SPACE',''
  ) );
#12618 = ORIENTED_EDGE('',*,*,#12619,.F.);
#12619 = EDGE_CURVE('',#12516,#12592,#12620,.T.);
#12620 = SURFACE_CURVE('',#12621,(#12625,#12632),.PCURVE_S1.);
#12621 = LINE('',#12622,#12623);
#12622 = CARTESIAN_POINT('',(4.4E-03,-1.6E-04,2.06E-03));
#12623 = VECTOR('',#12624,1.E-03);
#12624 = DIRECTION('',(-0.951056516295,-8.639057799087E-16,
    0.309016994375));
#12625 = PCURVE('',#12531,#12626);
#12626 = DEFINITIONAL_REPRESENTATION('',(#12627),#12631);
#12627 = LINE('',#12628,#12629);
#12628 = CARTESIAN_POINT('',(0.,0.));
#12629 = VECTOR('',#12630,1.);
#12630 = DIRECTION('',(1.,-3.328006943901E-31));
#12631 = ( GEOMETRIC_REPRESENTATION_CONTEXT(2) 
PARAMETRIC_REPRESENTATION_CONTEXT() REPRESENTATION_CONTEXT('2D SPACE',''
  ) );
#12632 = PCURVE('',#12476,#12633);
#12633 = DEFINITIONAL_REPRESENTATION('',(#12634),#12638);
#12634 = LINE('',#12635,#12636);
#12635 = CARTESIAN_POINT('',(-2.2E-03,-8.130253402998E-04));
#12636 = VECTOR('',#12637,1.);
#12637 = DIRECTION('',(0.951056516295,-0.309016994375));
#12638 = ( GEOMETRIC_REPRESENTATION_CONTEXT(2) 
PARAMETRIC_REPRESENTATION_CONTEXT() REPRESENTATION_CONTEXT('2D SPACE',''
  ) );
#12639 = ADVANCED_FACE('',(#12640),#12607,.T.);
#12640 = FACE_BOUND('',#12641,.T.);
#12641 = EDGE_LOOP('',(#12642,#12643,#12666,#12689));
#12642 = ORIENTED_EDGE('',*,*,#12591,.T.);
#12643 = ORIENTED_EDGE('',*,*,#12644,.T.);
#12644 = EDGE_CURVE('',#12569,#12645,#12647,.T.);
#12645 = VERTEX_POINT('',#12646);
#12646 = CARTESIAN_POINT('',(1.049033725337E-18,1.6E-04,2.06E-03));
#12647 = SURFACE_CURVE('',#12648,(#12652,#12659),.PCURVE_S1.);
#12648 = LINE('',#12649,#12650);
#12649 = CARTESIAN_POINT('',(2.2E-03,1.6E-04,2.774823331712E-03));
#12650 = VECTOR('',#12651,1.E-03);
#12651 = DIRECTION('',(-0.951056516295,0.,-0.309016994375));
#12652 = PCURVE('',#12607,#12653);
#12653 = DEFINITIONAL_REPRESENTATION('',(#12654),#12658);
#12654 = LINE('',#12655,#12656);
#12655 = CARTESIAN_POINT('',(0.,-3.2E-04));
#12656 = VECTOR('',#12657,1.);
#12657 = DIRECTION('',(1.,0.));
#12658 = ( GEOMETRIC_REPRESENTATION_CONTEXT(2) 
PARAMETRIC_REPRESENTATION_CONTEXT() REPRESENTATION_CONTEXT('2D SPACE',''
  ) );
#12659 = PCURVE('',#12422,#12660);
#12660 = DEFINITIONAL_REPRESENTATION('',(#12661),#12665);
#12661 = LINE('',#12662,#12663);
#12662 = CARTESIAN_POINT('',(8.881784197001E-18,-1.527848672012E-03));
#12663 = VECTOR('',#12664,1.);
#12664 = DIRECTION('',(0.951056516295,0.309016994375));
#12665 = ( GEOMETRIC_REPRESENTATION_CONTEXT(2) 
PARAMETRIC_REPRESENTATION_CONTEXT() REPRESENTATION_CONTEXT('2D SPACE',''
  ) );
#12666 = ORIENTED_EDGE('',*,*,#12667,.F.);
#12667 = EDGE_CURVE('',#12668,#12645,#12670,.T.);
#12668 = VERTEX_POINT('',#12669);
#12669 = CARTESIAN_POINT('',(1.049033725337E-18,-1.6E-04,2.06E-03));
#12670 = SURFACE_CURVE('',#12671,(#12675,#12682),.PCURVE_S1.);
#12671 = LINE('',#12672,#12673);
#12672 = CARTESIAN_POINT('',(1.049033725337E-18,-1.6E-04,2.06E-03));
#12673 = VECTOR('',#12674,1.E-03);
#12674 = DIRECTION('',(0.,1.,0.));
#12675 = PCURVE('',#12607,#12676);
#12676 = DEFINITIONAL_REPRESENTATION('',(#12677),#12681);
#12677 = LINE('',#12678,#12679);
#12678 = CARTESIAN_POINT('',(2.313216893324E-03,0.));
#12679 = VECTOR('',#12680,1.);
#12680 = DIRECTION('',(0.,-1.));
#12681 = ( GEOMETRIC_REPRESENTATION_CONTEXT(2) 
PARAMETRIC_REPRESENTATION_CONTEXT() REPRESENTATION_CONTEXT('2D SPACE',''
  ) );
#12682 = PCURVE('',#12394,#12683);
#12683 = DEFINITIONAL_REPRESENTATION('',(#12684),#12688);
#12684 = LINE('',#12685,#12686);
#12685 = CARTESIAN_POINT('',(2.06E-03,0.));
#12686 = VECTOR('',#12687,1.);
#12687 = DIRECTION('',(0.,-1.));
#12688 = ( GEOMETRIC_REPRESENTATION_CONTEXT(2) 
PARAMETRIC_REPRESENTATION_CONTEXT() REPRESENTATION_CONTEXT('2D SPACE',''
  ) );
#12689 = ORIENTED_EDGE('',*,*,#12690,.F.);
#12690 = EDGE_CURVE('',#12592,#12668,#12691,.T.);
#12691 = SURFACE_CURVE('',#12692,(#12696,#12703),.PCURVE_S1.);
#12692 = LINE('',#12693,#12694);
#12693 = CARTESIAN_POINT('',(2.2E-03,-1.6E-04,2.774823331712E-03));
#12694 = VECTOR('',#12695,1.E-03);
#12695 = DIRECTION('',(-0.951056516295,0.,-0.309016994375));
#12696 = PCURVE('',#12607,#12697);
#12697 = DEFINITIONAL_REPRESENTATION('',(#12698),#12702);
#12698 = LINE('',#12699,#12700);
#12699 = CARTESIAN_POINT('',(0.,0.));
#12700 = VECTOR('',#12701,1.);
#12701 = DIRECTION('',(1.,0.));
#12702 = ( GEOMETRIC_REPRESENTATION_CONTEXT(2) 
PARAMETRIC_REPRESENTATION_CONTEXT() REPRESENTATION_CONTEXT('2D SPACE',''
  ) );
#12703 = PCURVE('',#12476,#12704);
#12704 = DEFINITIONAL_REPRESENTATION('',(#12705),#12709);
#12705 = LINE('',#12706,#12707);
#12706 = CARTESIAN_POINT('',(8.881784197001E-18,-1.527848672012E-03));
#12707 = VECTOR('',#12708,1.);
#12708 = DIRECTION('',(0.951056516295,0.309016994375));
#12709 = ( GEOMETRIC_REPRESENTATION_CONTEXT(2) 
PARAMETRIC_REPRESENTATION_CONTEXT() REPRESENTATION_CONTEXT('2D SPACE',''
  ) );
#12710 = ADVANCED_FACE('',(#12711),#12394,.F.);
#12711 = FACE_BOUND('',#12712,.F.);
#12712 = EDGE_LOOP('',(#12713,#12714,#12735,#12736));
#12713 = ORIENTED_EDGE('',*,*,#12371,.T.);
#12714 = ORIENTED_EDGE('',*,*,#12715,.T.);
#12715 = EDGE_CURVE('',#12374,#12645,#12716,.T.);
#12716 = SURFACE_CURVE('',#12717,(#12721,#12728),.PCURVE_S1.);
#12717 = LINE('',#12718,#12719);
#12718 = CARTESIAN_POINT('',(2.131900854636E-18,1.6E-04,
    5.414335646492E-19));
#12719 = VECTOR('',#12720,1.E-03);
#12720 = DIRECTION('',(-5.256636549992E-16,0.,1.));
#12721 = PCURVE('',#12394,#12722);
#12722 = DEFINITIONAL_REPRESENTATION('',(#12723),#12727);
#12723 = LINE('',#12724,#12725);
#12724 = CARTESIAN_POINT('',(0.,-3.2E-04));
#12725 = VECTOR('',#12726,1.);
#12726 = DIRECTION('',(1.,0.));
#12727 = ( GEOMETRIC_REPRESENTATION_CONTEXT(2) 
PARAMETRIC_REPRESENTATION_CONTEXT() REPRESENTATION_CONTEXT('2D SPACE',''
  ) );
#12728 = PCURVE('',#12422,#12729);
#12729 = DEFINITIONAL_REPRESENTATION('',(#12730),#12734);
#12730 = LINE('',#12731,#12732);
#12731 = CARTESIAN_POINT('',(2.2E-03,1.2469746597E-03));
#12732 = VECTOR('',#12733,1.);
#12733 = DIRECTION('',(5.256636549992E-16,-1.));
#12734 = ( GEOMETRIC_REPRESENTATION_CONTEXT(2) 
PARAMETRIC_REPRESENTATION_CONTEXT() REPRESENTATION_CONTEXT('2D SPACE',''
  ) );
#12735 = ORIENTED_EDGE('',*,*,#12667,.F.);
#12736 = ORIENTED_EDGE('',*,*,#12737,.F.);
#12737 = EDGE_CURVE('',#12372,#12668,#12738,.T.);
#12738 = SURFACE_CURVE('',#12739,(#12743,#12750),.PCURVE_S1.);
#12739 = LINE('',#12740,#12741);
#12740 = CARTESIAN_POINT('',(2.131900854636E-18,-1.6E-04,
    5.414335646492E-19));
#12741 = VECTOR('',#12742,1.E-03);
#12742 = DIRECTION('',(-5.256636549992E-16,0.,1.));
#12743 = PCURVE('',#12394,#12744);
#12744 = DEFINITIONAL_REPRESENTATION('',(#12745),#12749);
#12745 = LINE('',#12746,#12747);
#12746 = CARTESIAN_POINT('',(0.,0.));
#12747 = VECTOR('',#12748,1.);
#12748 = DIRECTION('',(1.,0.));
#12749 = ( GEOMETRIC_REPRESENTATION_CONTEXT(2) 
PARAMETRIC_REPRESENTATION_CONTEXT() REPRESENTATION_CONTEXT('2D SPACE',''
  ) );
#12750 = PCURVE('',#12476,#12751);
#12751 = DEFINITIONAL_REPRESENTATION('',(#12752),#12756);
#12752 = LINE('',#12753,#12754);
#12753 = CARTESIAN_POINT('',(2.2E-03,1.2469746597E-03));
#12754 = VECTOR('',#12755,1.);
#12755 = DIRECTION('',(5.256636549992E-16,-1.));
#12756 = ( GEOMETRIC_REPRESENTATION_CONTEXT(2) 
PARAMETRIC_REPRESENTATION_CONTEXT() REPRESENTATION_CONTEXT('2D SPACE',''
  ) );
#12757 = ADVANCED_FACE('',(#12758),#12772,.T.);
#12758 = FACE_BOUND('',#12759,.T.);
#12759 = EDGE_LOOP('',(#12760,#12795,#12818,#12846));
#12760 = ORIENTED_EDGE('',*,*,#12761,.T.);
#12761 = EDGE_CURVE('',#12762,#12764,#12766,.T.);
#12762 = VERTEX_POINT('',#12763);
#12763 = CARTESIAN_POINT('',(1.6E-03,-1.6E-04,3.3E-04));
#12764 = VERTEX_POINT('',#12765);
#12765 = CARTESIAN_POINT('',(1.6E-03,1.6E-04,3.3E-04));
#12766 = SURFACE_CURVE('',#12767,(#12771,#12783),.PCURVE_S1.);
#12767 = LINE('',#12768,#12769);
#12768 = CARTESIAN_POINT('',(1.6E-03,-1.6E-04,3.3E-04));
#12769 = VECTOR('',#12770,1.E-03);
#12770 = DIRECTION('',(0.,1.,0.));
#12771 = PCURVE('',#12772,#12777);
#12772 = PLANE('',#12773);
#12773 = AXIS2_PLACEMENT_3D('',#12774,#12775,#12776);
#12774 = CARTESIAN_POINT('',(1.6E-03,-1.6E-04,3.3E-04));
#12775 = DIRECTION('',(1.,0.,0.));
#12776 = DIRECTION('',(0.,0.,1.));
#12777 = DEFINITIONAL_REPRESENTATION('',(#12778),#12782);
#12778 = LINE('',#12779,#12780);
#12779 = CARTESIAN_POINT('',(-6.661338147751E-19,4.996003610813E-19));
#12780 = VECTOR('',#12781,1.);
#12781 = DIRECTION('',(0.,-1.));
#12782 = ( GEOMETRIC_REPRESENTATION_CONTEXT(2) 
PARAMETRIC_REPRESENTATION_CONTEXT() REPRESENTATION_CONTEXT('2D SPACE',''
  ) );
#12783 = PCURVE('',#12784,#12789);
#12784 = PLANE('',#12785);
#12785 = AXIS2_PLACEMENT_3D('',#12786,#12787,#12788);
#12786 = CARTESIAN_POINT('',(1.6E-03,-1.6E-04,3.3E-04));
#12787 = DIRECTION('',(0.,0.,-1.));
#12788 = DIRECTION('',(1.,-1.665334536938E-15,0.));
#12789 = DEFINITIONAL_REPRESENTATION('',(#12790),#12794);
#12790 = LINE('',#12791,#12792);
#12791 = CARTESIAN_POINT('',(-6.439293542826E-18,4.996003610813E-19));
#12792 = VECTOR('',#12793,1.);
#12793 = DIRECTION('',(-1.665334536938E-15,-1.));
#12794 = ( GEOMETRIC_REPRESENTATION_CONTEXT(2) 
PARAMETRIC_REPRESENTATION_CONTEXT() REPRESENTATION_CONTEXT('2D SPACE',''
  ) );
#12795 = ORIENTED_EDGE('',*,*,#12796,.T.);
#12796 = EDGE_CURVE('',#12764,#12797,#12799,.T.);
#12797 = VERTEX_POINT('',#12798);
#12798 = CARTESIAN_POINT('',(1.6E-03,1.6E-04,1.53E-03));
#12799 = SURFACE_CURVE('',#12800,(#12804,#12811),.PCURVE_S1.);
#12800 = LINE('',#12801,#12802);
#12801 = CARTESIAN_POINT('',(1.6E-03,1.6E-04,3.3E-04));
#12802 = VECTOR('',#12803,1.E-03);
#12803 = DIRECTION('',(0.,0.,1.));
#12804 = PCURVE('',#12772,#12805);
#12805 = DEFINITIONAL_REPRESENTATION('',(#12806),#12810);
#12806 = LINE('',#12807,#12808);
#12807 = CARTESIAN_POINT('',(0.,-3.2E-04));
#12808 = VECTOR('',#12809,1.);
#12809 = DIRECTION('',(1.,0.));
#12810 = ( GEOMETRIC_REPRESENTATION_CONTEXT(2) 
PARAMETRIC_REPRESENTATION_CONTEXT() REPRESENTATION_CONTEXT('2D SPACE',''
  ) );
#12811 = PCURVE('',#12422,#12812);
#12812 = DEFINITIONAL_REPRESENTATION('',(#12813),#12817);
#12813 = LINE('',#12814,#12815);
#12814 = CARTESIAN_POINT('',(6.E-04,9.169746597002E-04));
#12815 = VECTOR('',#12816,1.);
#12816 = DIRECTION('',(0.,-1.));
#12817 = ( GEOMETRIC_REPRESENTATION_CONTEXT(2) 
PARAMETRIC_REPRESENTATION_CONTEXT() REPRESENTATION_CONTEXT('2D SPACE',''
  ) );
#12818 = ORIENTED_EDGE('',*,*,#12819,.F.);
#12819 = EDGE_CURVE('',#12820,#12797,#12822,.T.);
#12820 = VERTEX_POINT('',#12821);
#12821 = CARTESIAN_POINT('',(1.6E-03,-1.6E-04,1.53E-03));
#12822 = SURFACE_CURVE('',#12823,(#12827,#12834),.PCURVE_S1.);
#12823 = LINE('',#12824,#12825);
#12824 = CARTESIAN_POINT('',(1.6E-03,-1.6E-04,1.53E-03));
#12825 = VECTOR('',#12826,1.E-03);
#12826 = DIRECTION('',(0.,1.,0.));
#12827 = PCURVE('',#12772,#12828);
#12828 = DEFINITIONAL_REPRESENTATION('',(#12829),#12833);
#12829 = LINE('',#12830,#12831);
#12830 = CARTESIAN_POINT('',(1.2E-03,4.996003610813E-19));
#12831 = VECTOR('',#12832,1.);
#12832 = DIRECTION('',(0.,-1.));
#12833 = ( GEOMETRIC_REPRESENTATION_CONTEXT(2) 
PARAMETRIC_REPRESENTATION_CONTEXT() REPRESENTATION_CONTEXT('2D SPACE',''
  ) );
#12834 = PCURVE('',#12835,#12840);
#12835 = PLANE('',#12836);
#12836 = AXIS2_PLACEMENT_3D('',#12837,#12838,#12839);
#12837 = CARTESIAN_POINT('',(1.6E-03,-1.6E-04,1.53E-03));
#12838 = DIRECTION('',(0.,-0.,1.));
#12839 = DIRECTION('',(-1.,0.,0.));
#12840 = DEFINITIONAL_REPRESENTATION('',(#12841),#12845);
#12841 = LINE('',#12842,#12843);
#12842 = CARTESIAN_POINT('',(6.439293542826E-18,4.996003610813E-19));
#12843 = VECTOR('',#12844,1.);
#12844 = DIRECTION('',(0.,-1.));
#12845 = ( GEOMETRIC_REPRESENTATION_CONTEXT(2) 
PARAMETRIC_REPRESENTATION_CONTEXT() REPRESENTATION_CONTEXT('2D SPACE',''
  ) );
#12846 = ORIENTED_EDGE('',*,*,#12847,.F.);
#12847 = EDGE_CURVE('',#12762,#12820,#12848,.T.);
#12848 = SURFACE_CURVE('',#12849,(#12853,#12860),.PCURVE_S1.);
#12849 = LINE('',#12850,#12851);
#12850 = CARTESIAN_POINT('',(1.6E-03,-1.6E-04,3.3E-04));
#12851 = VECTOR('',#12852,1.E-03);
#12852 = DIRECTION('',(0.,0.,1.));
#12853 = PCURVE('',#12772,#12854);
#12854 = DEFINITIONAL_REPRESENTATION('',(#12855),#12859);
#12855 = LINE('',#12856,#12857);
#12856 = CARTESIAN_POINT('',(0.,0.));
#12857 = VECTOR('',#12858,1.);
#12858 = DIRECTION('',(1.,0.));
#12859 = ( GEOMETRIC_REPRESENTATION_CONTEXT(2) 
PARAMETRIC_REPRESENTATION_CONTEXT() REPRESENTATION_CONTEXT('2D SPACE',''
  ) );
#12860 = PCURVE('',#12476,#12861);
#12861 = DEFINITIONAL_REPRESENTATION('',(#12862),#12866);
#12862 = LINE('',#12863,#12864);
#12863 = CARTESIAN_POINT('',(6.E-04,9.169746597002E-04));
#12864 = VECTOR('',#12865,1.);
#12865 = DIRECTION('',(0.,-1.));
#12866 = ( GEOMETRIC_REPRESENTATION_CONTEXT(2) 
PARAMETRIC_REPRESENTATION_CONTEXT() REPRESENTATION_CONTEXT('2D SPACE',''
  ) );
#12867 = ADVANCED_FACE('',(#12868),#12835,.T.);
#12868 = FACE_BOUND('',#12869,.T.);
#12869 = EDGE_LOOP('',(#12870,#12871,#12894,#12922));
#12870 = ORIENTED_EDGE('',*,*,#12819,.T.);
#12871 = ORIENTED_EDGE('',*,*,#12872,.T.);
#12872 = EDGE_CURVE('',#12797,#12873,#12875,.T.);
#12873 = VERTEX_POINT('',#12874);
#12874 = CARTESIAN_POINT('',(1.4E-03,1.6E-04,1.53E-03));
#12875 = SURFACE_CURVE('',#12876,(#12880,#12887),.PCURVE_S1.);
#12876 = LINE('',#12877,#12878);
#12877 = CARTESIAN_POINT('',(1.6E-03,1.6E-04,1.53E-03));
#12878 = VECTOR('',#12879,1.E-03);
#12879 = DIRECTION('',(-1.,0.,0.));
#12880 = PCURVE('',#12835,#12881);
#12881 = DEFINITIONAL_REPRESENTATION('',(#12882),#12886);
#12882 = LINE('',#12883,#12884);
#12883 = CARTESIAN_POINT('',(0.,-3.2E-04));
#12884 = VECTOR('',#12885,1.);
#12885 = DIRECTION('',(1.,0.));
#12886 = ( GEOMETRIC_REPRESENTATION_CONTEXT(2) 
PARAMETRIC_REPRESENTATION_CONTEXT() REPRESENTATION_CONTEXT('2D SPACE',''
  ) );
#12887 = PCURVE('',#12422,#12888);
#12888 = DEFINITIONAL_REPRESENTATION('',(#12889),#12893);
#12889 = LINE('',#12890,#12891);
#12890 = CARTESIAN_POINT('',(6.E-04,-2.830253402998E-04));
#12891 = VECTOR('',#12892,1.);
#12892 = DIRECTION('',(1.,-4.637398328495E-33));
#12893 = ( GEOMETRIC_REPRESENTATION_CONTEXT(2) 
PARAMETRIC_REPRESENTATION_CONTEXT() REPRESENTATION_CONTEXT('2D SPACE',''
  ) );
#12894 = ORIENTED_EDGE('',*,*,#12895,.F.);
#12895 = EDGE_CURVE('',#12896,#12873,#12898,.T.);
#12896 = VERTEX_POINT('',#12897);
#12897 = CARTESIAN_POINT('',(1.4E-03,-1.6E-04,1.53E-03));
#12898 = SURFACE_CURVE('',#12899,(#12903,#12910),.PCURVE_S1.);
#12899 = LINE('',#12900,#12901);
#12900 = CARTESIAN_POINT('',(1.4E-03,-1.6E-04,1.53E-03));
#12901 = VECTOR('',#12902,1.E-03);
#12902 = DIRECTION('',(0.,1.,0.));
#12903 = PCURVE('',#12835,#12904);
#12904 = DEFINITIONAL_REPRESENTATION('',(#12905),#12909);
#12905 = LINE('',#12906,#12907);
#12906 = CARTESIAN_POINT('',(2.E-04,4.996003610813E-19));
#12907 = VECTOR('',#12908,1.);
#12908 = DIRECTION('',(0.,-1.));
#12909 = ( GEOMETRIC_REPRESENTATION_CONTEXT(2) 
PARAMETRIC_REPRESENTATION_CONTEXT() REPRESENTATION_CONTEXT('2D SPACE',''
  ) );
#12910 = PCURVE('',#12911,#12916);
#12911 = PLANE('',#12912);
#12912 = AXIS2_PLACEMENT_3D('',#12913,#12914,#12915);
#12913 = CARTESIAN_POINT('',(1.4E-03,-1.6E-04,1.53E-03));
#12914 = DIRECTION('',(1.,0.,0.));
#12915 = DIRECTION('',(0.,0.,1.));
#12916 = DEFINITIONAL_REPRESENTATION('',(#12917),#12921);
#12917 = LINE('',#12918,#12919);
#12918 = CARTESIAN_POINT('',(-1.998401444325E-18,4.996003610813E-19));
#12919 = VECTOR('',#12920,1.);
#12920 = DIRECTION('',(0.,-1.));
#12921 = ( GEOMETRIC_REPRESENTATION_CONTEXT(2) 
PARAMETRIC_REPRESENTATION_CONTEXT() REPRESENTATION_CONTEXT('2D SPACE',''
  ) );
#12922 = ORIENTED_EDGE('',*,*,#12923,.F.);
#12923 = EDGE_CURVE('',#12820,#12896,#12924,.T.);
#12924 = SURFACE_CURVE('',#12925,(#12929,#12936),.PCURVE_S1.);
#12925 = LINE('',#12926,#12927);
#12926 = CARTESIAN_POINT('',(1.6E-03,-1.6E-04,1.53E-03));
#12927 = VECTOR('',#12928,1.E-03);
#12928 = DIRECTION('',(-1.,0.,0.));
#12929 = PCURVE('',#12835,#12930);
#12930 = DEFINITIONAL_REPRESENTATION('',(#12931),#12935);
#12931 = LINE('',#12932,#12933);
#12932 = CARTESIAN_POINT('',(0.,0.));
#12933 = VECTOR('',#12934,1.);
#12934 = DIRECTION('',(1.,0.));
#12935 = ( GEOMETRIC_REPRESENTATION_CONTEXT(2) 
PARAMETRIC_REPRESENTATION_CONTEXT() REPRESENTATION_CONTEXT('2D SPACE',''
  ) );
#12936 = PCURVE('',#12476,#12937);
#12937 = DEFINITIONAL_REPRESENTATION('',(#12938),#12942);
#12938 = LINE('',#12939,#12940);
#12939 = CARTESIAN_POINT('',(6.E-04,-2.830253402998E-04));
#12940 = VECTOR('',#12941,1.);
#12941 = DIRECTION('',(1.,-4.637398328495E-33));
#12942 = ( GEOMETRIC_REPRESENTATION_CONTEXT(2) 
PARAMETRIC_REPRESENTATION_CONTEXT() REPRESENTATION_CONTEXT('2D SPACE',''
  ) );
#12943 = ADVANCED_FACE('',(#12944),#12911,.T.);
#12944 = FACE_BOUND('',#12945,.T.);
#12945 = EDGE_LOOP('',(#12946,#12947,#12970,#12998));
#12946 = ORIENTED_EDGE('',*,*,#12895,.T.);
#12947 = ORIENTED_EDGE('',*,*,#12948,.T.);
#12948 = EDGE_CURVE('',#12873,#12949,#12951,.T.);
#12949 = VERTEX_POINT('',#12950);
#12950 = CARTESIAN_POINT('',(1.4E-03,1.6E-04,1.65E-03));
#12951 = SURFACE_CURVE('',#12952,(#12956,#12963),.PCURVE_S1.);
#12952 = LINE('',#12953,#12954);
#12953 = CARTESIAN_POINT('',(1.4E-03,1.6E-04,1.53E-03));
#12954 = VECTOR('',#12955,1.E-03);
#12955 = DIRECTION('',(0.,0.,1.));
#12956 = PCURVE('',#12911,#12957);
#12957 = DEFINITIONAL_REPRESENTATION('',(#12958),#12962);
#12958 = LINE('',#12959,#12960);
#12959 = CARTESIAN_POINT('',(0.,-3.2E-04));
#12960 = VECTOR('',#12961,1.);
#12961 = DIRECTION('',(1.,0.));
#12962 = ( GEOMETRIC_REPRESENTATION_CONTEXT(2) 
PARAMETRIC_REPRESENTATION_CONTEXT() REPRESENTATION_CONTEXT('2D SPACE',''
  ) );
#12963 = PCURVE('',#12422,#12964);
#12964 = DEFINITIONAL_REPRESENTATION('',(#12965),#12969);
#12965 = LINE('',#12966,#12967);
#12966 = CARTESIAN_POINT('',(8.E-04,-2.830253402998E-04));
#12967 = VECTOR('',#12968,1.);
#12968 = DIRECTION('',(0.,-1.));
#12969 = ( GEOMETRIC_REPRESENTATION_CONTEXT(2) 
PARAMETRIC_REPRESENTATION_CONTEXT() REPRESENTATION_CONTEXT('2D SPACE',''
  ) );
#12970 = ORIENTED_EDGE('',*,*,#12971,.F.);
#12971 = EDGE_CURVE('',#12972,#12949,#12974,.T.);
#12972 = VERTEX_POINT('',#12973);
#12973 = CARTESIAN_POINT('',(1.4E-03,-1.6E-04,1.65E-03));
#12974 = SURFACE_CURVE('',#12975,(#12979,#12986),.PCURVE_S1.);
#12975 = LINE('',#12976,#12977);
#12976 = CARTESIAN_POINT('',(1.4E-03,-1.6E-04,1.65E-03));
#12977 = VECTOR('',#12978,1.E-03);
#12978 = DIRECTION('',(0.,1.,0.));
#12979 = PCURVE('',#12911,#12980);
#12980 = DEFINITIONAL_REPRESENTATION('',(#12981),#12985);
#12981 = LINE('',#12982,#12983);
#12982 = CARTESIAN_POINT('',(1.2E-04,4.996003610813E-19));
#12983 = VECTOR('',#12984,1.);
#12984 = DIRECTION('',(0.,-1.));
#12985 = ( GEOMETRIC_REPRESENTATION_CONTEXT(2) 
PARAMETRIC_REPRESENTATION_CONTEXT() REPRESENTATION_CONTEXT('2D SPACE',''
  ) );
#12986 = PCURVE('',#12987,#12992);
#12987 = PLANE('',#12988);
#12988 = AXIS2_PLACEMENT_3D('',#12989,#12990,#12991);
#12989 = CARTESIAN_POINT('',(1.4E-03,-1.6E-04,1.65E-03));
#12990 = DIRECTION('',(0.,0.,-1.));
#12991 = DIRECTION('',(1.,-1.249000902703E-15,0.));
#12992 = DEFINITIONAL_REPRESENTATION('',(#12993),#12997);
#12993 = LINE('',#12994,#12995);
#12994 = CARTESIAN_POINT('',(6.240013019815E-34,4.996003610813E-19));
#12995 = VECTOR('',#12996,1.);
#12996 = DIRECTION('',(-1.249000902703E-15,-1.));
#12997 = ( GEOMETRIC_REPRESENTATION_CONTEXT(2) 
PARAMETRIC_REPRESENTATION_CONTEXT() REPRESENTATION_CONTEXT('2D SPACE',''
  ) );
#12998 = ORIENTED_EDGE('',*,*,#12999,.F.);
#12999 = EDGE_CURVE('',#12896,#12972,#13000,.T.);
#13000 = SURFACE_CURVE('',#13001,(#13005,#13012),.PCURVE_S1.);
#13001 = LINE('',#13002,#13003);
#13002 = CARTESIAN_POINT('',(1.4E-03,-1.6E-04,1.53E-03));
#13003 = VECTOR('',#13004,1.E-03);
#13004 = DIRECTION('',(0.,0.,1.));
#13005 = PCURVE('',#12911,#13006);
#13006 = DEFINITIONAL_REPRESENTATION('',(#13007),#13011);
#13007 = LINE('',#13008,#13009);
#13008 = CARTESIAN_POINT('',(0.,0.));
#13009 = VECTOR('',#13010,1.);
#13010 = DIRECTION('',(1.,0.));
#13011 = ( GEOMETRIC_REPRESENTATION_CONTEXT(2) 
PARAMETRIC_REPRESENTATION_CONTEXT() REPRESENTATION_CONTEXT('2D SPACE',''
  ) );
#13012 = PCURVE('',#12476,#13013);
#13013 = DEFINITIONAL_REPRESENTATION('',(#13014),#13018);
#13014 = LINE('',#13015,#13016);
#13015 = CARTESIAN_POINT('',(8.E-04,-2.830253402998E-04));
#13016 = VECTOR('',#13017,1.);
#13017 = DIRECTION('',(0.,-1.));
#13018 = ( GEOMETRIC_REPRESENTATION_CONTEXT(2) 
PARAMETRIC_REPRESENTATION_CONTEXT() REPRESENTATION_CONTEXT('2D SPACE',''
  ) );
#13019 = ADVANCED_FACE('',(#13020),#12987,.T.);
#13020 = FACE_BOUND('',#13021,.T.);
#13021 = EDGE_LOOP('',(#13022,#13023,#13046,#13074));
#13022 = ORIENTED_EDGE('',*,*,#12971,.T.);
#13023 = ORIENTED_EDGE('',*,*,#13024,.T.);
#13024 = EDGE_CURVE('',#12949,#13025,#13027,.T.);
#13025 = VERTEX_POINT('',#13026);
#13026 = CARTESIAN_POINT('',(3.E-03,1.6E-04,1.65E-03));
#13027 = SURFACE_CURVE('',#13028,(#13032,#13039),.PCURVE_S1.);
#13028 = LINE('',#13029,#13030);
#13029 = CARTESIAN_POINT('',(1.4E-03,1.6E-04,1.65E-03));
#13030 = VECTOR('',#13031,1.E-03);
#13031 = DIRECTION('',(1.,-1.249000902703E-15,0.));
#13032 = PCURVE('',#12987,#13033);
#13033 = DEFINITIONAL_REPRESENTATION('',(#13034),#13038);
#13034 = LINE('',#13035,#13036);
#13035 = CARTESIAN_POINT('',(-3.996802888651E-19,-3.2E-04));
#13036 = VECTOR('',#13037,1.);
#13037 = DIRECTION('',(1.,0.));
#13038 = ( GEOMETRIC_REPRESENTATION_CONTEXT(2) 
PARAMETRIC_REPRESENTATION_CONTEXT() REPRESENTATION_CONTEXT('2D SPACE',''
  ) );
#13039 = PCURVE('',#12422,#13040);
#13040 = DEFINITIONAL_REPRESENTATION('',(#13041),#13045);
#13041 = LINE('',#13042,#13043);
#13042 = CARTESIAN_POINT('',(8.E-04,-4.030253402998E-04));
#13043 = VECTOR('',#13044,1.);
#13044 = DIRECTION('',(-1.,3.31302295152E-32));
#13045 = ( GEOMETRIC_REPRESENTATION_CONTEXT(2) 
PARAMETRIC_REPRESENTATION_CONTEXT() REPRESENTATION_CONTEXT('2D SPACE',''
  ) );
#13046 = ORIENTED_EDGE('',*,*,#13047,.F.);
#13047 = EDGE_CURVE('',#13048,#13025,#13050,.T.);
#13048 = VERTEX_POINT('',#13049);
#13049 = CARTESIAN_POINT('',(3.E-03,-1.6E-04,1.65E-03));
#13050 = SURFACE_CURVE('',#13051,(#13055,#13062),.PCURVE_S1.);
#13051 = LINE('',#13052,#13053);
#13052 = CARTESIAN_POINT('',(3.E-03,-1.6E-04,1.65E-03));
#13053 = VECTOR('',#13054,1.E-03);
#13054 = DIRECTION('',(0.,1.,0.));
#13055 = PCURVE('',#12987,#13056);
#13056 = DEFINITIONAL_REPRESENTATION('',(#13057),#13061);
#13057 = LINE('',#13058,#13059);
#13058 = CARTESIAN_POINT('',(1.6E-03,-8.326672684689E-19));
#13059 = VECTOR('',#13060,1.);
#13060 = DIRECTION('',(-1.249000902703E-15,-1.));
#13061 = ( GEOMETRIC_REPRESENTATION_CONTEXT(2) 
PARAMETRIC_REPRESENTATION_CONTEXT() REPRESENTATION_CONTEXT('2D SPACE',''
  ) );
#13062 = PCURVE('',#13063,#13068);
#13063 = PLANE('',#13064);
#13064 = AXIS2_PLACEMENT_3D('',#13065,#13066,#13067);
#13065 = CARTESIAN_POINT('',(3.E-03,-1.6E-04,1.65E-03));
#13066 = DIRECTION('',(-1.,0.,0.));
#13067 = DIRECTION('',(0.,0.,-1.));
#13068 = DEFINITIONAL_REPRESENTATION('',(#13069),#13073);
#13069 = LINE('',#13070,#13071);
#13070 = CARTESIAN_POINT('',(-4.662936703426E-18,-8.326672684689E-19));
#13071 = VECTOR('',#13072,1.);
#13072 = DIRECTION('',(0.,-1.));
#13073 = ( GEOMETRIC_REPRESENTATION_CONTEXT(2) 
PARAMETRIC_REPRESENTATION_CONTEXT() REPRESENTATION_CONTEXT('2D SPACE',''
  ) );
#13074 = ORIENTED_EDGE('',*,*,#13075,.F.);
#13075 = EDGE_CURVE('',#12972,#13048,#13076,.T.);
#13076 = SURFACE_CURVE('',#13077,(#13081,#13088),.PCURVE_S1.);
#13077 = LINE('',#13078,#13079);
#13078 = CARTESIAN_POINT('',(1.4E-03,-1.6E-04,1.65E-03));
#13079 = VECTOR('',#13080,1.E-03);
#13080 = DIRECTION('',(1.,-1.249000902703E-15,0.));
#13081 = PCURVE('',#12987,#13082);
#13082 = DEFINITIONAL_REPRESENTATION('',(#13083),#13087);
#13083 = LINE('',#13084,#13085);
#13084 = CARTESIAN_POINT('',(0.,-0.));
#13085 = VECTOR('',#13086,1.);
#13086 = DIRECTION('',(1.,0.));
#13087 = ( GEOMETRIC_REPRESENTATION_CONTEXT(2) 
PARAMETRIC_REPRESENTATION_CONTEXT() REPRESENTATION_CONTEXT('2D SPACE',''
  ) );
#13088 = PCURVE('',#12476,#13089);
#13089 = DEFINITIONAL_REPRESENTATION('',(#13090),#13094);
#13090 = LINE('',#13091,#13092);
#13091 = CARTESIAN_POINT('',(8.E-04,-4.030253402998E-04));
#13092 = VECTOR('',#13093,1.);
#13093 = DIRECTION('',(-1.,3.31302295152E-32));
#13094 = ( GEOMETRIC_REPRESENTATION_CONTEXT(2) 
PARAMETRIC_REPRESENTATION_CONTEXT() REPRESENTATION_CONTEXT('2D SPACE',''
  ) );
#13095 = ADVANCED_FACE('',(#13096),#13063,.T.);
#13096 = FACE_BOUND('',#13097,.T.);
#13097 = EDGE_LOOP('',(#13098,#13099,#13122,#13150));
#13098 = ORIENTED_EDGE('',*,*,#13047,.T.);
#13099 = ORIENTED_EDGE('',*,*,#13100,.T.);
#13100 = EDGE_CURVE('',#13025,#13101,#13103,.T.);
#13101 = VERTEX_POINT('',#13102);
#13102 = CARTESIAN_POINT('',(3.E-03,1.6E-04,1.53E-03));
#13103 = SURFACE_CURVE('',#13104,(#13108,#13115),.PCURVE_S1.);
#13104 = LINE('',#13105,#13106);
#13105 = CARTESIAN_POINT('',(3.E-03,1.6E-04,1.65E-03));
#13106 = VECTOR('',#13107,1.E-03);
#13107 = DIRECTION('',(0.,0.,-1.));
#13108 = PCURVE('',#13063,#13109);
#13109 = DEFINITIONAL_REPRESENTATION('',(#13110),#13114);
#13110 = LINE('',#13111,#13112);
#13111 = CARTESIAN_POINT('',(0.,-3.2E-04));
#13112 = VECTOR('',#13113,1.);
#13113 = DIRECTION('',(1.,0.));
#13114 = ( GEOMETRIC_REPRESENTATION_CONTEXT(2) 
PARAMETRIC_REPRESENTATION_CONTEXT() REPRESENTATION_CONTEXT('2D SPACE',''
  ) );
#13115 = PCURVE('',#12422,#13116);
#13116 = DEFINITIONAL_REPRESENTATION('',(#13117),#13121);
#13117 = LINE('',#13118,#13119);
#13118 = CARTESIAN_POINT('',(-8.E-04,-4.030253402998E-04));
#13119 = VECTOR('',#13120,1.);
#13120 = DIRECTION('',(0.,1.));
#13121 = ( GEOMETRIC_REPRESENTATION_CONTEXT(2) 
PARAMETRIC_REPRESENTATION_CONTEXT() REPRESENTATION_CONTEXT('2D SPACE',''
  ) );
#13122 = ORIENTED_EDGE('',*,*,#13123,.F.);
#13123 = EDGE_CURVE('',#13124,#13101,#13126,.T.);
#13124 = VERTEX_POINT('',#13125);
#13125 = CARTESIAN_POINT('',(3.E-03,-1.6E-04,1.53E-03));
#13126 = SURFACE_CURVE('',#13127,(#13131,#13138),.PCURVE_S1.);
#13127 = LINE('',#13128,#13129);
#13128 = CARTESIAN_POINT('',(3.E-03,-1.6E-04,1.53E-03));
#13129 = VECTOR('',#13130,1.E-03);
#13130 = DIRECTION('',(0.,1.,0.));
#13131 = PCURVE('',#13063,#13132);
#13132 = DEFINITIONAL_REPRESENTATION('',(#13133),#13137);
#13133 = LINE('',#13134,#13135);
#13134 = CARTESIAN_POINT('',(1.2E-04,-8.326672684689E-19));
#13135 = VECTOR('',#13136,1.);
#13136 = DIRECTION('',(0.,-1.));
#13137 = ( GEOMETRIC_REPRESENTATION_CONTEXT(2) 
PARAMETRIC_REPRESENTATION_CONTEXT() REPRESENTATION_CONTEXT('2D SPACE',''
  ) );
#13138 = PCURVE('',#13139,#13144);
#13139 = PLANE('',#13140);
#13140 = AXIS2_PLACEMENT_3D('',#13141,#13142,#13143);
#13141 = CARTESIAN_POINT('',(3.E-03,-1.6E-04,1.53E-03));
#13142 = DIRECTION('',(0.,-0.,1.));
#13143 = DIRECTION('',(-1.,0.,0.));
#13144 = DEFINITIONAL_REPRESENTATION('',(#13145),#13149);
#13145 = LINE('',#13146,#13147);
#13146 = CARTESIAN_POINT('',(6.661338147751E-18,-8.326672684689E-19));
#13147 = VECTOR('',#13148,1.);
#13148 = DIRECTION('',(0.,-1.));
#13149 = ( GEOMETRIC_REPRESENTATION_CONTEXT(2) 
PARAMETRIC_REPRESENTATION_CONTEXT() REPRESENTATION_CONTEXT('2D SPACE',''
  ) );
#13150 = ORIENTED_EDGE('',*,*,#13151,.F.);
#13151 = EDGE_CURVE('',#13048,#13124,#13152,.T.);
#13152 = SURFACE_CURVE('',#13153,(#13157,#13164),.PCURVE_S1.);
#13153 = LINE('',#13154,#13155);
#13154 = CARTESIAN_POINT('',(3.E-03,-1.6E-04,1.65E-03));
#13155 = VECTOR('',#13156,1.E-03);
#13156 = DIRECTION('',(0.,0.,-1.));
#13157 = PCURVE('',#13063,#13158);
#13158 = DEFINITIONAL_REPRESENTATION('',(#13159),#13163);
#13159 = LINE('',#13160,#13161);
#13160 = CARTESIAN_POINT('',(0.,-0.));
#13161 = VECTOR('',#13162,1.);
#13162 = DIRECTION('',(1.,0.));
#13163 = ( GEOMETRIC_REPRESENTATION_CONTEXT(2) 
PARAMETRIC_REPRESENTATION_CONTEXT() REPRESENTATION_CONTEXT('2D SPACE',''
  ) );
#13164 = PCURVE('',#12476,#13165);
#13165 = DEFINITIONAL_REPRESENTATION('',(#13166),#13170);
#13166 = LINE('',#13167,#13168);
#13167 = CARTESIAN_POINT('',(-8.E-04,-4.030253402998E-04));
#13168 = VECTOR('',#13169,1.);
#13169 = DIRECTION('',(0.,1.));
#13170 = ( GEOMETRIC_REPRESENTATION_CONTEXT(2) 
PARAMETRIC_REPRESENTATION_CONTEXT() REPRESENTATION_CONTEXT('2D SPACE',''
  ) );
#13171 = ADVANCED_FACE('',(#13172),#13139,.T.);
#13172 = FACE_BOUND('',#13173,.T.);
#13173 = EDGE_LOOP('',(#13174,#13175,#13198,#13226));
#13174 = ORIENTED_EDGE('',*,*,#13123,.T.);
#13175 = ORIENTED_EDGE('',*,*,#13176,.T.);
#13176 = EDGE_CURVE('',#13101,#13177,#13179,.T.);
#13177 = VERTEX_POINT('',#13178);
#13178 = CARTESIAN_POINT('',(2.8E-03,1.6E-04,1.53E-03));
#13179 = SURFACE_CURVE('',#13180,(#13184,#13191),.PCURVE_S1.);
#13180 = LINE('',#13181,#13182);
#13181 = CARTESIAN_POINT('',(3.E-03,1.6E-04,1.53E-03));
#13182 = VECTOR('',#13183,1.E-03);
#13183 = DIRECTION('',(-1.,0.,0.));
#13184 = PCURVE('',#13139,#13185);
#13185 = DEFINITIONAL_REPRESENTATION('',(#13186),#13190);
#13186 = LINE('',#13187,#13188);
#13187 = CARTESIAN_POINT('',(0.,-3.2E-04));
#13188 = VECTOR('',#13189,1.);
#13189 = DIRECTION('',(1.,0.));
#13190 = ( GEOMETRIC_REPRESENTATION_CONTEXT(2) 
PARAMETRIC_REPRESENTATION_CONTEXT() REPRESENTATION_CONTEXT('2D SPACE',''
  ) );
#13191 = PCURVE('',#12422,#13192);
#13192 = DEFINITIONAL_REPRESENTATION('',(#13193),#13197);
#13193 = LINE('',#13194,#13195);
#13194 = CARTESIAN_POINT('',(-8.E-04,-2.830253402998E-04));
#13195 = VECTOR('',#13196,1.);
#13196 = DIRECTION('',(1.,-4.637398328495E-33));
#13197 = ( GEOMETRIC_REPRESENTATION_CONTEXT(2) 
PARAMETRIC_REPRESENTATION_CONTEXT() REPRESENTATION_CONTEXT('2D SPACE',''
  ) );
#13198 = ORIENTED_EDGE('',*,*,#13199,.F.);
#13199 = EDGE_CURVE('',#13200,#13177,#13202,.T.);
#13200 = VERTEX_POINT('',#13201);
#13201 = CARTESIAN_POINT('',(2.8E-03,-1.6E-04,1.53E-03));
#13202 = SURFACE_CURVE('',#13203,(#13207,#13214),.PCURVE_S1.);
#13203 = LINE('',#13204,#13205);
#13204 = CARTESIAN_POINT('',(2.8E-03,-1.6E-04,1.53E-03));
#13205 = VECTOR('',#13206,1.E-03);
#13206 = DIRECTION('',(0.,1.,0.));
#13207 = PCURVE('',#13139,#13208);
#13208 = DEFINITIONAL_REPRESENTATION('',(#13209),#13213);
#13209 = LINE('',#13210,#13211);
#13210 = CARTESIAN_POINT('',(2.E-04,-8.326672684689E-19));
#13211 = VECTOR('',#13212,1.);
#13212 = DIRECTION('',(0.,-1.));
#13213 = ( GEOMETRIC_REPRESENTATION_CONTEXT(2) 
PARAMETRIC_REPRESENTATION_CONTEXT() REPRESENTATION_CONTEXT('2D SPACE',''
  ) );
#13214 = PCURVE('',#13215,#13220);
#13215 = PLANE('',#13216);
#13216 = AXIS2_PLACEMENT_3D('',#13217,#13218,#13219);
#13217 = CARTESIAN_POINT('',(2.8E-03,-1.6E-04,1.53E-03));
#13218 = DIRECTION('',(-1.,0.,0.));
#13219 = DIRECTION('',(0.,0.,-1.));
#13220 = DEFINITIONAL_REPRESENTATION('',(#13221),#13225);
#13221 = LINE('',#13222,#13223);
#13222 = CARTESIAN_POINT('',(1.998401444325E-18,-8.326672684689E-19));
#13223 = VECTOR('',#13224,1.);
#13224 = DIRECTION('',(0.,-1.));
#13225 = ( GEOMETRIC_REPRESENTATION_CONTEXT(2) 
PARAMETRIC_REPRESENTATION_CONTEXT() REPRESENTATION_CONTEXT('2D SPACE',''
  ) );
#13226 = ORIENTED_EDGE('',*,*,#13227,.F.);
#13227 = EDGE_CURVE('',#13124,#13200,#13228,.T.);
#13228 = SURFACE_CURVE('',#13229,(#13233,#13240),.PCURVE_S1.);
#13229 = LINE('',#13230,#13231);
#13230 = CARTESIAN_POINT('',(3.E-03,-1.6E-04,1.53E-03));
#13231 = VECTOR('',#13232,1.E-03);
#13232 = DIRECTION('',(-1.,0.,0.));
#13233 = PCURVE('',#13139,#13234);
#13234 = DEFINITIONAL_REPRESENTATION('',(#13235),#13239);
#13235 = LINE('',#13236,#13237);
#13236 = CARTESIAN_POINT('',(0.,0.));
#13237 = VECTOR('',#13238,1.);
#13238 = DIRECTION('',(1.,0.));
#13239 = ( GEOMETRIC_REPRESENTATION_CONTEXT(2) 
PARAMETRIC_REPRESENTATION_CONTEXT() REPRESENTATION_CONTEXT('2D SPACE',''
  ) );
#13240 = PCURVE('',#12476,#13241);
#13241 = DEFINITIONAL_REPRESENTATION('',(#13242),#13246);
#13242 = LINE('',#13243,#13244);
#13243 = CARTESIAN_POINT('',(-8.E-04,-2.830253402998E-04));
#13244 = VECTOR('',#13245,1.);
#13245 = DIRECTION('',(1.,-4.637398328495E-33));
#13246 = ( GEOMETRIC_REPRESENTATION_CONTEXT(2) 
PARAMETRIC_REPRESENTATION_CONTEXT() REPRESENTATION_CONTEXT('2D SPACE',''
  ) );
#13247 = ADVANCED_FACE('',(#13248),#13215,.T.);
#13248 = FACE_BOUND('',#13249,.T.);
#13249 = EDGE_LOOP('',(#13250,#13251,#13274,#13297));
#13250 = ORIENTED_EDGE('',*,*,#13199,.T.);
#13251 = ORIENTED_EDGE('',*,*,#13252,.T.);
#13252 = EDGE_CURVE('',#13177,#13253,#13255,.T.);
#13253 = VERTEX_POINT('',#13254);
#13254 = CARTESIAN_POINT('',(2.8E-03,1.6E-04,3.3E-04));
#13255 = SURFACE_CURVE('',#13256,(#13260,#13267),.PCURVE_S1.);
#13256 = LINE('',#13257,#13258);
#13257 = CARTESIAN_POINT('',(2.8E-03,1.6E-04,1.53E-03));
#13258 = VECTOR('',#13259,1.E-03);
#13259 = DIRECTION('',(0.,0.,-1.));
#13260 = PCURVE('',#13215,#13261);
#13261 = DEFINITIONAL_REPRESENTATION('',(#13262),#13266);
#13262 = LINE('',#13263,#13264);
#13263 = CARTESIAN_POINT('',(0.,-3.2E-04));
#13264 = VECTOR('',#13265,1.);
#13265 = DIRECTION('',(1.,0.));
#13266 = ( GEOMETRIC_REPRESENTATION_CONTEXT(2) 
PARAMETRIC_REPRESENTATION_CONTEXT() REPRESENTATION_CONTEXT('2D SPACE',''
  ) );
#13267 = PCURVE('',#12422,#13268);
#13268 = DEFINITIONAL_REPRESENTATION('',(#13269),#13273);
#13269 = LINE('',#13270,#13271);
#13270 = CARTESIAN_POINT('',(-6.E-04,-2.830253402998E-04));
#13271 = VECTOR('',#13272,1.);
#13272 = DIRECTION('',(0.,1.));
#13273 = ( GEOMETRIC_REPRESENTATION_CONTEXT(2) 
PARAMETRIC_REPRESENTATION_CONTEXT() REPRESENTATION_CONTEXT('2D SPACE',''
  ) );
#13274 = ORIENTED_EDGE('',*,*,#13275,.F.);
#13275 = EDGE_CURVE('',#13276,#13253,#13278,.T.);
#13276 = VERTEX_POINT('',#13277);
#13277 = CARTESIAN_POINT('',(2.8E-03,-1.6E-04,3.3E-04));
#13278 = SURFACE_CURVE('',#13279,(#13283,#13290),.PCURVE_S1.);
#13279 = LINE('',#13280,#13281);
#13280 = CARTESIAN_POINT('',(2.8E-03,-1.6E-04,3.3E-04));
#13281 = VECTOR('',#13282,1.E-03);
#13282 = DIRECTION('',(0.,1.,0.));
#13283 = PCURVE('',#13215,#13284);
#13284 = DEFINITIONAL_REPRESENTATION('',(#13285),#13289);
#13285 = LINE('',#13286,#13287);
#13286 = CARTESIAN_POINT('',(1.2E-03,-8.326672684689E-19));
#13287 = VECTOR('',#13288,1.);
#13288 = DIRECTION('',(0.,-1.));
#13289 = ( GEOMETRIC_REPRESENTATION_CONTEXT(2) 
PARAMETRIC_REPRESENTATION_CONTEXT() REPRESENTATION_CONTEXT('2D SPACE',''
  ) );
#13290 = PCURVE('',#12784,#13291);
#13291 = DEFINITIONAL_REPRESENTATION('',(#13292),#13296);
#13292 = LINE('',#13293,#13294);
#13293 = CARTESIAN_POINT('',(1.2E-03,-8.326672684689E-19));
#13294 = VECTOR('',#13295,1.);
#13295 = DIRECTION('',(-1.665334536938E-15,-1.));
#13296 = ( GEOMETRIC_REPRESENTATION_CONTEXT(2) 
PARAMETRIC_REPRESENTATION_CONTEXT() REPRESENTATION_CONTEXT('2D SPACE',''
  ) );
#13297 = ORIENTED_EDGE('',*,*,#13298,.F.);
#13298 = EDGE_CURVE('',#13200,#13276,#13299,.T.);
#13299 = SURFACE_CURVE('',#13300,(#13304,#13311),.PCURVE_S1.);
#13300 = LINE('',#13301,#13302);
#13301 = CARTESIAN_POINT('',(2.8E-03,-1.6E-04,1.53E-03));
#13302 = VECTOR('',#13303,1.E-03);
#13303 = DIRECTION('',(0.,0.,-1.));
#13304 = PCURVE('',#13215,#13305);
#13305 = DEFINITIONAL_REPRESENTATION('',(#13306),#13310);
#13306 = LINE('',#13307,#13308);
#13307 = CARTESIAN_POINT('',(0.,-0.));
#13308 = VECTOR('',#13309,1.);
#13309 = DIRECTION('',(1.,0.));
#13310 = ( GEOMETRIC_REPRESENTATION_CONTEXT(2) 
PARAMETRIC_REPRESENTATION_CONTEXT() REPRESENTATION_CONTEXT('2D SPACE',''
  ) );
#13311 = PCURVE('',#12476,#13312);
#13312 = DEFINITIONAL_REPRESENTATION('',(#13313),#13317);
#13313 = LINE('',#13314,#13315);
#13314 = CARTESIAN_POINT('',(-6.E-04,-2.830253402998E-04));
#13315 = VECTOR('',#13316,1.);
#13316 = DIRECTION('',(0.,1.));
#13317 = ( GEOMETRIC_REPRESENTATION_CONTEXT(2) 
PARAMETRIC_REPRESENTATION_CONTEXT() REPRESENTATION_CONTEXT('2D SPACE',''
  ) );
#13318 = ADVANCED_FACE('',(#13319),#12784,.F.);
#13319 = FACE_BOUND('',#13320,.F.);
#13320 = EDGE_LOOP('',(#13321,#13322,#13343,#13344));
#13321 = ORIENTED_EDGE('',*,*,#12761,.T.);
#13322 = ORIENTED_EDGE('',*,*,#13323,.T.);
#13323 = EDGE_CURVE('',#12764,#13253,#13324,.T.);
#13324 = SURFACE_CURVE('',#13325,(#13329,#13336),.PCURVE_S1.);
#13325 = LINE('',#13326,#13327);
#13326 = CARTESIAN_POINT('',(1.6E-03,1.6E-04,3.3E-04));
#13327 = VECTOR('',#13328,1.E-03);
#13328 = DIRECTION('',(1.,-1.665334536938E-15,0.));
#13329 = PCURVE('',#12784,#13330);
#13330 = DEFINITIONAL_REPRESENTATION('',(#13331),#13335);
#13331 = LINE('',#13332,#13333);
#13332 = CARTESIAN_POINT('',(-5.329070518201E-19,-3.2E-04));
#13333 = VECTOR('',#13334,1.);
#13334 = DIRECTION('',(1.,0.));
#13335 = ( GEOMETRIC_REPRESENTATION_CONTEXT(2) 
PARAMETRIC_REPRESENTATION_CONTEXT() REPRESENTATION_CONTEXT('2D SPACE',''
  ) );
#13336 = PCURVE('',#12422,#13337);
#13337 = DEFINITIONAL_REPRESENTATION('',(#13338),#13342);
#13338 = LINE('',#13339,#13340);
#13339 = CARTESIAN_POINT('',(6.E-04,9.169746597002E-04));
#13340 = VECTOR('',#13341,1.);
#13341 = DIRECTION('',(-1.,4.262783991077E-32));
#13342 = ( GEOMETRIC_REPRESENTATION_CONTEXT(2) 
PARAMETRIC_REPRESENTATION_CONTEXT() REPRESENTATION_CONTEXT('2D SPACE',''
  ) );
#13343 = ORIENTED_EDGE('',*,*,#13275,.F.);
#13344 = ORIENTED_EDGE('',*,*,#13345,.F.);
#13345 = EDGE_CURVE('',#12762,#13276,#13346,.T.);
#13346 = SURFACE_CURVE('',#13347,(#13351,#13358),.PCURVE_S1.);
#13347 = LINE('',#13348,#13349);
#13348 = CARTESIAN_POINT('',(1.6E-03,-1.6E-04,3.3E-04));
#13349 = VECTOR('',#13350,1.E-03);
#13350 = DIRECTION('',(1.,-1.665334536938E-15,0.));
#13351 = PCURVE('',#12784,#13352);
#13352 = DEFINITIONAL_REPRESENTATION('',(#13353),#13357);
#13353 = LINE('',#13354,#13355);
#13354 = CARTESIAN_POINT('',(0.,-0.));
#13355 = VECTOR('',#13356,1.);
#13356 = DIRECTION('',(1.,0.));
#13357 = ( GEOMETRIC_REPRESENTATION_CONTEXT(2) 
PARAMETRIC_REPRESENTATION_CONTEXT() REPRESENTATION_CONTEXT('2D SPACE',''
  ) );
#13358 = PCURVE('',#12476,#13359);
#13359 = DEFINITIONAL_REPRESENTATION('',(#13360),#13364);
#13360 = LINE('',#13361,#13362);
#13361 = CARTESIAN_POINT('',(6.E-04,9.169746597002E-04));
#13362 = VECTOR('',#13363,1.);
#13363 = DIRECTION('',(-1.,4.262783991077E-32));
#13364 = ( GEOMETRIC_REPRESENTATION_CONTEXT(2) 
PARAMETRIC_REPRESENTATION_CONTEXT() REPRESENTATION_CONTEXT('2D SPACE',''
  ) );
#13365 = ADVANCED_FACE('',(#13366,#13373),#12476,.T.);
#13366 = FACE_BOUND('',#13367,.T.);
#13367 = EDGE_LOOP('',(#13368,#13369,#13370,#13371,#13372));
#13368 = ORIENTED_EDGE('',*,*,#12462,.T.);
#13369 = ORIENTED_EDGE('',*,*,#12543,.T.);
#13370 = ORIENTED_EDGE('',*,*,#12619,.T.);
#13371 = ORIENTED_EDGE('',*,*,#12690,.T.);
#13372 = ORIENTED_EDGE('',*,*,#12737,.F.);
#13373 = FACE_BOUND('',#13374,.T.);
#13374 = EDGE_LOOP('',(#13375,#13376,#13377,#13378,#13379,#13380,#13381,
    #13382));
#13375 = ORIENTED_EDGE('',*,*,#12847,.T.);
#13376 = ORIENTED_EDGE('',*,*,#12923,.T.);
#13377 = ORIENTED_EDGE('',*,*,#12999,.T.);
#13378 = ORIENTED_EDGE('',*,*,#13075,.T.);
#13379 = ORIENTED_EDGE('',*,*,#13151,.T.);
#13380 = ORIENTED_EDGE('',*,*,#13227,.T.);
#13381 = ORIENTED_EDGE('',*,*,#13298,.T.);
#13382 = ORIENTED_EDGE('',*,*,#13345,.F.);
#13383 = ADVANCED_FACE('',(#13384,#13391),#12422,.F.);
#13384 = FACE_BOUND('',#13385,.F.);
#13385 = EDGE_LOOP('',(#13386,#13387,#13388,#13389,#13390));
#13386 = ORIENTED_EDGE('',*,*,#12406,.T.);
#13387 = ORIENTED_EDGE('',*,*,#12492,.T.);
#13388 = ORIENTED_EDGE('',*,*,#12568,.T.);
#13389 = ORIENTED_EDGE('',*,*,#12644,.T.);
#13390 = ORIENTED_EDGE('',*,*,#12715,.F.);
#13391 = FACE_BOUND('',#13392,.F.);
#13392 = EDGE_LOOP('',(#13393,#13394,#13395,#13396,#13397,#13398,#13399,
    #13400));
#13393 = ORIENTED_EDGE('',*,*,#12796,.T.);
#13394 = ORIENTED_EDGE('',*,*,#12872,.T.);
#13395 = ORIENTED_EDGE('',*,*,#12948,.T.);
#13396 = ORIENTED_EDGE('',*,*,#13024,.T.);
#13397 = ORIENTED_EDGE('',*,*,#13100,.T.);
#13398 = ORIENTED_EDGE('',*,*,#13176,.T.);
#13399 = ORIENTED_EDGE('',*,*,#13252,.T.);
#13400 = ORIENTED_EDGE('',*,*,#13323,.F.);
#13401 = ( GEOMETRIC_REPRESENTATION_CONTEXT(3) 
GLOBAL_UNCERTAINTY_ASSIGNED_CONTEXT((#13405)) 
GLOBAL_UNIT_ASSIGNED_CONTEXT((#13402,#13403,#13404)) 
REPRESENTATION_CONTEXT('Context #1',
  '3D Context with UNIT and UNCERTAINTY') );
#13402 = ( LENGTH_UNIT() NAMED_UNIT(*) SI_UNIT($,.METRE.) );
#13403 = ( NAMED_UNIT(*) PLANE_ANGLE_UNIT() SI_UNIT($,.RADIAN.) );
#13404 = ( NAMED_UNIT(*) SI_UNIT($,.STERADIAN.) SOLID_ANGLE_UNIT() );
#13405 = UNCERTAINTY_MEASURE_WITH_UNIT(LENGTH_MEASURE(5.E-09),#13402,
  'distance_accuracy_value','confusion accuracy');
#13406 = CONTEXT_DEPENDENT_SHAPE_REPRESENTATION(#13407,#13409);
#13407 = ( REPRESENTATION_RELATIONSHIP('','',#12364,#12335) 
REPRESENTATION_RELATIONSHIP_WITH_TRANSFORMATION(#13408) 
SHAPE_REPRESENTATION_RELATIONSHIP() );
#13408 = ITEM_DEFINED_TRANSFORMATION('','',#11,#12336);
#13409 = PRODUCT_DEFINITION_SHAPE('Placement','Placement of an item',
  #13410);
#13410 = NEXT_ASSEMBLY_USAGE_OCCURRENCE('5','','',#12330,#12359,$);
#13411 = CC_DESIGN_SECURITY_CLASSIFICATION(#13412,(#13410));
#13412 = SECURITY_CLASSIFICATION('','',#365);
#13413 = CC_DESIGN_PERSON_AND_ORGANIZATION_ASSIGNMENT(#354,#363,(#13412)
  );
#13414 = CC_DESIGN_DATE_AND_TIME_ASSIGNMENT(#368,#374,(#13412));
#13415 = CC_DESIGN_APPROVAL(#376,(#13412));
#13416 = PRODUCT_RELATED_PRODUCT_CATEGORY('detail',$,(#12361));
#13417 = PRODUCT_CATEGORY_RELATIONSHIP('','',#13418,#13416);
#13418 = PRODUCT_CATEGORY('part',$);
#13419 = CC_DESIGN_PERSON_AND_ORGANIZATION_ASSIGNMENT(#354,#357,(#12360,
    #12359));
#13420 = CC_DESIGN_PERSON_AND_ORGANIZATION_ASSIGNMENT(#354,#359,(#12361)
  );
#13421 = CC_DESIGN_PERSON_AND_ORGANIZATION_ASSIGNMENT(#354,#361,(#12360)
  );
#13422 = CC_DESIGN_PERSON_AND_ORGANIZATION_ASSIGNMENT(#354,#363,(#13423)
  );
#13423 = SECURITY_CLASSIFICATION('','',#365);
#13424 = CC_DESIGN_SECURITY_CLASSIFICATION(#13423,(#12360));
#13425 = CC_DESIGN_DATE_AND_TIME_ASSIGNMENT(#368,#372,(#12359));
#13426 = CC_DESIGN_DATE_AND_TIME_ASSIGNMENT(#368,#374,(#13423));
#13427 = CC_DESIGN_APPROVAL(#376,(#12360,#12359,#13423));
#13428 = SHAPE_DEFINITION_REPRESENTATION(#13429,#13435);
#13429 = PRODUCT_DEFINITION_SHAPE('','',#13430);
#13430 = PRODUCT_DEFINITION('design','',#13431,#13434);
#13431 = PRODUCT_DEFINITION_FORMATION_WITH_SPECIFIED_SOURCE('','',#13432
  ,.NOT_KNOWN.);
#13432 = PRODUCT('DoubleLeafMasonry_0.32_m 26',
  'DoubleLeafMasonry_0.32_m 26','',(#13433));
#13433 = MECHANICAL_CONTEXT('',#2,'mechanical');
#13434 = DESIGN_CONTEXT('',#2,'design');
#13435 = SHAPE_REPRESENTATION('',(#11,#13436),#13440);
#13436 = AXIS2_PLACEMENT_3D('',#13437,#13438,#13439);
#13437 = CARTESIAN_POINT('',(5.315E-03,5.480624220212E-03,2.69E-03));
#13438 = DIRECTION('',(-0.,0.,1.));
#13439 = DIRECTION('',(0.,-1.,0.));
#13440 = ( GEOMETRIC_REPRESENTATION_CONTEXT(3) 
GLOBAL_UNCERTAINTY_ASSIGNED_CONTEXT((#13444)) 
GLOBAL_UNIT_ASSIGNED_CONTEXT((#13441,#13442,#13443)) 
REPRESENTATION_CONTEXT('Context #1',
  '3D Context with UNIT and UNCERTAINTY') );
#13441 = ( LENGTH_UNIT() NAMED_UNIT(*) SI_UNIT($,.METRE.) );
#13442 = ( NAMED_UNIT(*) PLANE_ANGLE_UNIT() SI_UNIT($,.RADIAN.) );
#13443 = ( NAMED_UNIT(*) SI_UNIT($,.STERADIAN.) SOLID_ANGLE_UNIT() );
#13444 = UNCERTAINTY_MEASURE_WITH_UNIT(LENGTH_MEASURE(1.E-08),#13441,
  'distance_accuracy_value','confusion accuracy');
#13445 = PRODUCT_RELATED_PRODUCT_CATEGORY('detail',$,(#13432));
#13446 = PRODUCT_CATEGORY_RELATIONSHIP('','',#13447,#13445);
#13447 = PRODUCT_CATEGORY('part',$);
#13448 = CC_DESIGN_PERSON_AND_ORGANIZATION_ASSIGNMENT(#354,#357,(#13431,
    #13430));
#13449 = CC_DESIGN_PERSON_AND_ORGANIZATION_ASSIGNMENT(#354,#359,(#13432)
  );
#13450 = CC_DESIGN_PERSON_AND_ORGANIZATION_ASSIGNMENT(#354,#361,(#13431)
  );
#13451 = CC_DESIGN_PERSON_AND_ORGANIZATION_ASSIGNMENT(#354,#363,(#13452)
  );
#13452 = SECURITY_CLASSIFICATION('','',#365);
#13453 = CC_DESIGN_SECURITY_CLASSIFICATION(#13452,(#13431));
#13454 = CC_DESIGN_DATE_AND_TIME_ASSIGNMENT(#368,#372,(#13430));
#13455 = CC_DESIGN_DATE_AND_TIME_ASSIGNMENT(#368,#374,(#13452));
#13456 = CC_DESIGN_APPROVAL(#376,(#13431,#13430,#13452));
#13457 = SHAPE_DEFINITION_REPRESENTATION(#13458,#13464);
#13458 = PRODUCT_DEFINITION_SHAPE('','',#13459);
#13459 = PRODUCT_DEFINITION('design','',#13460,#13463);
#13460 = PRODUCT_DEFINITION_FORMATION_WITH_SPECIFIED_SOURCE('','',#13461
  ,.NOT_KNOWN.);
#13461 = PRODUCT('DoubleLeafMasonry_0.32_m 26.1',
  'DoubleLeafMasonry_0.32_m 26.1','',(#13462));
#13462 = MECHANICAL_CONTEXT('',#2,'mechanical');
#13463 = DESIGN_CONTEXT('',#2,'design');
#13464 = ADVANCED_BREP_SHAPE_REPRESENTATION('',(#11,#13465),#15043);
#13465 = MANIFOLD_SOLID_BREP('DoubleLeafMasonry_0.32_m',#13466);
#13466 = CLOSED_SHELL('',(#13467,#14035,#14111,#14550,#14577,#14604,
    #14631,#14658,#14685,#14712,#14739,#14766,#14793,#14820,#14847,
    #14874,#14901,#14928,#14955,#14982,#15009,#15036));
#13467 = ADVANCED_FACE('',(#13468),#13482,.T.);
#13468 = FACE_BOUND('',#13469,.T.);
#13469 = EDGE_LOOP('',(#13470,#13505,#13533,#13561,#13589,#13617,#13645,
    #13673,#13701,#13729,#13757,#13785,#13813,#13841,#13869,#13897,
    #13925,#13953,#13981,#14009));
#13470 = ORIENTED_EDGE('',*,*,#13471,.T.);
#13471 = EDGE_CURVE('',#13472,#13474,#13476,.T.);
#13472 = VERTEX_POINT('',#13473);
#13473 = CARTESIAN_POINT('',(0.,-1.6E-04,2.163974302795E-03));
#13474 = VERTEX_POINT('',#13475);
#13475 = CARTESIAN_POINT('',(0.,-1.6E-04,-5.414335646492E-19));
#13476 = SURFACE_CURVE('',#13477,(#13481,#13493),.PCURVE_S1.);
#13477 = LINE('',#13478,#13479);
#13478 = CARTESIAN_POINT('',(0.,-1.6E-04,2.163974302795E-03));
#13479 = VECTOR('',#13480,1.E-03);
#13480 = DIRECTION('',(0.,0.,-1.));
#13481 = PCURVE('',#13482,#13487);
#13482 = PLANE('',#13483);
#13483 = AXIS2_PLACEMENT_3D('',#13484,#13485,#13486);
#13484 = CARTESIAN_POINT('',(2.58E-03,-1.6E-04,1.320397430278E-03));
#13485 = DIRECTION('',(5.937584342317E-16,-1.,1.374440819982E-16));
#13486 = DIRECTION('',(-1.,-5.937584342317E-16,0.));
#13487 = DEFINITIONAL_REPRESENTATION('',(#13488),#13492);
#13488 = LINE('',#13489,#13490);
#13489 = CARTESIAN_POINT('',(2.58E-03,-8.435768725162E-04));
#13490 = VECTOR('',#13491,1.);
#13491 = DIRECTION('',(0.,1.));
#13492 = ( GEOMETRIC_REPRESENTATION_CONTEXT(2) 
PARAMETRIC_REPRESENTATION_CONTEXT() REPRESENTATION_CONTEXT('2D SPACE',''
  ) );
#13493 = PCURVE('',#13494,#13499);
#13494 = PLANE('',#13495);
#13495 = AXIS2_PLACEMENT_3D('',#13496,#13497,#13498);
#13496 = CARTESIAN_POINT('',(8.121503469738E-19,7.49400541622E-19,
    1.055993575699E-03));
#13497 = DIRECTION('',(-1.,5.075939668586E-15,-3.602211248645E-30));
#13498 = DIRECTION('',(-5.075939668586E-15,-1.,0.));
#13499 = DEFINITIONAL_REPRESENTATION('',(#13500),#13504);
#13500 = LINE('',#13501,#13502);
#13501 = CARTESIAN_POINT('',(1.6E-04,1.107980727096E-03));
#13502 = VECTOR('',#13503,1.);
#13503 = DIRECTION('',(0.,-1.));
#13504 = ( GEOMETRIC_REPRESENTATION_CONTEXT(2) 
PARAMETRIC_REPRESENTATION_CONTEXT() REPRESENTATION_CONTEXT('2D SPACE',''
  ) );
#13505 = ORIENTED_EDGE('',*,*,#13506,.T.);
#13506 = EDGE_CURVE('',#13474,#13507,#13509,.T.);
#13507 = VERTEX_POINT('',#13508);
#13508 = CARTESIAN_POINT('',(7.3E-04,-1.6E-04,-1.804778548831E-19));
#13509 = SURFACE_CURVE('',#13510,(#13514,#13521),.PCURVE_S1.);
#13510 = LINE('',#13511,#13512);
#13511 = CARTESIAN_POINT('',(0.,-1.6E-04,-5.414335646492E-19));
#13512 = VECTOR('',#13513,1.E-03);
#13513 = DIRECTION('',(1.,0.,0.));
#13514 = PCURVE('',#13482,#13515);
#13515 = DEFINITIONAL_REPRESENTATION('',(#13516),#13520);
#13516 = LINE('',#13517,#13518);
#13517 = CARTESIAN_POINT('',(2.58E-03,1.320397430278E-03));
#13518 = VECTOR('',#13519,1.);
#13519 = DIRECTION('',(-1.,8.160858292168E-32));
#13520 = ( GEOMETRIC_REPRESENTATION_CONTEXT(2) 
PARAMETRIC_REPRESENTATION_CONTEXT() REPRESENTATION_CONTEXT('2D SPACE',''
  ) );
#13521 = PCURVE('',#13522,#13527);
#13522 = PLANE('',#13523);
#13523 = AXIS2_PLACEMENT_3D('',#13524,#13525,#13526);
#13524 = CARTESIAN_POINT('',(3.65E-04,-2.498001805407E-19,
    -5.414335646492E-19));
#13525 = DIRECTION('',(0.,0.,-1.));
#13526 = DIRECTION('',(-1.,0.,0.));
#13527 = DEFINITIONAL_REPRESENTATION('',(#13528),#13532);
#13528 = LINE('',#13529,#13530);
#13529 = CARTESIAN_POINT('',(3.65E-04,-1.6E-04));
#13530 = VECTOR('',#13531,1.);
#13531 = DIRECTION('',(-1.,0.));
#13532 = ( GEOMETRIC_REPRESENTATION_CONTEXT(2) 
PARAMETRIC_REPRESENTATION_CONTEXT() REPRESENTATION_CONTEXT('2D SPACE',''
  ) );
#13533 = ORIENTED_EDGE('',*,*,#13534,.T.);
#13534 = EDGE_CURVE('',#13507,#13535,#13537,.T.);
#13535 = VERTEX_POINT('',#13536);
#13536 = CARTESIAN_POINT('',(7.3E-04,-1.6E-04,1.799999999998E-03));
#13537 = SURFACE_CURVE('',#13538,(#13542,#13549),.PCURVE_S1.);
#13538 = LINE('',#13539,#13540);
#13539 = CARTESIAN_POINT('',(7.3E-04,-1.6E-04,-5.414335646492E-19));
#13540 = VECTOR('',#13541,1.E-03);
#13541 = DIRECTION('',(0.,0.,1.));
#13542 = PCURVE('',#13482,#13543);
#13543 = DEFINITIONAL_REPRESENTATION('',(#13544),#13548);
#13544 = LINE('',#13545,#13546);
#13545 = CARTESIAN_POINT('',(1.85E-03,1.320397430278E-03));
#13546 = VECTOR('',#13547,1.);
#13547 = DIRECTION('',(0.,-1.));
#13548 = ( GEOMETRIC_REPRESENTATION_CONTEXT(2) 
PARAMETRIC_REPRESENTATION_CONTEXT() REPRESENTATION_CONTEXT('2D SPACE',''
  ) );
#13549 = PCURVE('',#13550,#13555);
#13550 = PLANE('',#13551);
#13551 = AXIS2_PLACEMENT_3D('',#13552,#13553,#13554);
#13552 = CARTESIAN_POINT('',(7.3E-04,-2.498001805407E-19,
    8.99999999999E-04));
#13553 = DIRECTION('',(1.,-3.083952846184E-15,8.666684749752E-31));
#13554 = DIRECTION('',(3.083952846184E-15,1.,0.));
#13555 = DEFINITIONAL_REPRESENTATION('',(#13556),#13560);
#13556 = LINE('',#13557,#13558);
#13557 = CARTESIAN_POINT('',(-1.6E-04,-8.99999999999E-04));
#13558 = VECTOR('',#13559,1.);
#13559 = DIRECTION('',(0.,1.));
#13560 = ( GEOMETRIC_REPRESENTATION_CONTEXT(2) 
PARAMETRIC_REPRESENTATION_CONTEXT() REPRESENTATION_CONTEXT('2D SPACE',''
  ) );
#13561 = ORIENTED_EDGE('',*,*,#13562,.T.);
#13562 = EDGE_CURVE('',#13535,#13563,#13565,.T.);
#13563 = VERTEX_POINT('',#13564);
#13564 = CARTESIAN_POINT('',(5.3E-04,-1.6E-04,1.799999999998E-03));
#13565 = SURFACE_CURVE('',#13566,(#13570,#13577),.PCURVE_S1.);
#13566 = LINE('',#13567,#13568);
#13567 = CARTESIAN_POINT('',(7.3E-04,-1.6E-04,1.799999999998E-03));
#13568 = VECTOR('',#13569,1.E-03);
#13569 = DIRECTION('',(-1.,0.,4.996003610813E-14));
#13570 = PCURVE('',#13482,#13571);
#13571 = DEFINITIONAL_REPRESENTATION('',(#13572),#13576);
#13572 = LINE('',#13573,#13574);
#13573 = CARTESIAN_POINT('',(1.85E-03,-4.796025697198E-04));
#13574 = VECTOR('',#13575,1.);
#13575 = DIRECTION('',(1.,-4.996003610813E-14));
#13576 = ( GEOMETRIC_REPRESENTATION_CONTEXT(2) 
PARAMETRIC_REPRESENTATION_CONTEXT() REPRESENTATION_CONTEXT('2D SPACE',''
  ) );
#13577 = PCURVE('',#13578,#13583);
#13578 = PLANE('',#13579);
#13579 = AXIS2_PLACEMENT_3D('',#13580,#13581,#13582);
#13580 = CARTESIAN_POINT('',(6.3E-04,0.,1.799999999998E-03));
#13581 = DIRECTION('',(5.030698080333E-14,-1.60237371373E-28,1.));
#13582 = DIRECTION('',(1.,0.,-5.030698080333E-14));
#13583 = DEFINITIONAL_REPRESENTATION('',(#13584),#13588);
#13584 = LINE('',#13585,#13586);
#13585 = CARTESIAN_POINT('',(1.E-04,-1.6E-04));
#13586 = VECTOR('',#13587,1.);
#13587 = DIRECTION('',(-1.,-5.559350596992E-44));
#13588 = ( GEOMETRIC_REPRESENTATION_CONTEXT(2) 
PARAMETRIC_REPRESENTATION_CONTEXT() REPRESENTATION_CONTEXT('2D SPACE',''
  ) );
#13589 = ORIENTED_EDGE('',*,*,#13590,.T.);
#13590 = EDGE_CURVE('',#13563,#13591,#13593,.T.);
#13591 = VERTEX_POINT('',#13592);
#13592 = CARTESIAN_POINT('',(5.3E-04,-1.6E-04,1.919999999998E-03));
#13593 = SURFACE_CURVE('',#13594,(#13598,#13605),.PCURVE_S1.);
#13594 = LINE('',#13595,#13596);
#13595 = CARTESIAN_POINT('',(5.3E-04,-1.6E-04,1.799999999998E-03));
#13596 = VECTOR('',#13597,1.E-03);
#13597 = DIRECTION('',(0.,0.,1.));
#13598 = PCURVE('',#13482,#13599);
#13599 = DEFINITIONAL_REPRESENTATION('',(#13600),#13604);
#13600 = LINE('',#13601,#13602);
#13601 = CARTESIAN_POINT('',(2.05E-03,-4.796025697198E-04));
#13602 = VECTOR('',#13603,1.);
#13603 = DIRECTION('',(0.,-1.));
#13604 = ( GEOMETRIC_REPRESENTATION_CONTEXT(2) 
PARAMETRIC_REPRESENTATION_CONTEXT() REPRESENTATION_CONTEXT('2D SPACE',''
  ) );
#13605 = PCURVE('',#13606,#13611);
#13606 = PLANE('',#13607);
#13607 = AXIS2_PLACEMENT_3D('',#13608,#13609,#13610);
#13608 = CARTESIAN_POINT('',(5.3E-04,0.,1.859999999998E-03));
#13609 = DIRECTION('',(1.,-3.252606517457E-15,0.));
#13610 = DIRECTION('',(3.252606517457E-15,1.,0.));
#13611 = DEFINITIONAL_REPRESENTATION('',(#13612),#13616);
#13612 = LINE('',#13613,#13614);
#13613 = CARTESIAN_POINT('',(-1.6E-04,-5.999999999999E-05));
#13614 = VECTOR('',#13615,1.);
#13615 = DIRECTION('',(0.,1.));
#13616 = ( GEOMETRIC_REPRESENTATION_CONTEXT(2) 
PARAMETRIC_REPRESENTATION_CONTEXT() REPRESENTATION_CONTEXT('2D SPACE',''
  ) );
#13617 = ORIENTED_EDGE('',*,*,#13618,.T.);
#13618 = EDGE_CURVE('',#13591,#13619,#13621,.T.);
#13619 = VERTEX_POINT('',#13620);
#13620 = CARTESIAN_POINT('',(2.13E-03,-1.6E-04,1.919999999998E-03));
#13621 = SURFACE_CURVE('',#13622,(#13626,#13633),.PCURVE_S1.);
#13622 = LINE('',#13623,#13624);
#13623 = CARTESIAN_POINT('',(5.3E-04,-1.6E-04,1.919999999998E-03));
#13624 = VECTOR('',#13625,1.E-03);
#13625 = DIRECTION('',(1.,0.,0.));
#13626 = PCURVE('',#13482,#13627);
#13627 = DEFINITIONAL_REPRESENTATION('',(#13628),#13632);
#13628 = LINE('',#13629,#13630);
#13629 = CARTESIAN_POINT('',(2.05E-03,-5.996025697198E-04));
#13630 = VECTOR('',#13631,1.);
#13631 = DIRECTION('',(-1.,8.160858292168E-32));
#13632 = ( GEOMETRIC_REPRESENTATION_CONTEXT(2) 
PARAMETRIC_REPRESENTATION_CONTEXT() REPRESENTATION_CONTEXT('2D SPACE',''
  ) );
#13633 = PCURVE('',#13634,#13639);
#13634 = PLANE('',#13635);
#13635 = AXIS2_PLACEMENT_3D('',#13636,#13637,#13638);
#13636 = CARTESIAN_POINT('',(1.33E-03,0.,1.919999999998E-03));
#13637 = DIRECTION('',(0.,0.,-1.));
#13638 = DIRECTION('',(-1.,0.,0.));
#13639 = DEFINITIONAL_REPRESENTATION('',(#13640),#13644);
#13640 = LINE('',#13641,#13642);
#13641 = CARTESIAN_POINT('',(8.E-04,-1.6E-04));
#13642 = VECTOR('',#13643,1.);
#13643 = DIRECTION('',(-1.,0.));
#13644 = ( GEOMETRIC_REPRESENTATION_CONTEXT(2) 
PARAMETRIC_REPRESENTATION_CONTEXT() REPRESENTATION_CONTEXT('2D SPACE',''
  ) );
#13645 = ORIENTED_EDGE('',*,*,#13646,.T.);
#13646 = EDGE_CURVE('',#13619,#13647,#13649,.T.);
#13647 = VERTEX_POINT('',#13648);
#13648 = CARTESIAN_POINT('',(2.13E-03,-1.6E-04,1.799999999998E-03));
#13649 = SURFACE_CURVE('',#13650,(#13654,#13661),.PCURVE_S1.);
#13650 = LINE('',#13651,#13652);
#13651 = CARTESIAN_POINT('',(2.13E-03,-1.6E-04,1.919999999998E-03));
#13652 = VECTOR('',#13653,1.E-03);
#13653 = DIRECTION('',(0.,0.,-1.));
#13654 = PCURVE('',#13482,#13655);
#13655 = DEFINITIONAL_REPRESENTATION('',(#13656),#13660);
#13656 = LINE('',#13657,#13658);
#13657 = CARTESIAN_POINT('',(4.5E-04,-5.996025697198E-04));
#13658 = VECTOR('',#13659,1.);
#13659 = DIRECTION('',(0.,1.));
#13660 = ( GEOMETRIC_REPRESENTATION_CONTEXT(2) 
PARAMETRIC_REPRESENTATION_CONTEXT() REPRESENTATION_CONTEXT('2D SPACE',''
  ) );
#13661 = PCURVE('',#13662,#13667);
#13662 = PLANE('',#13663);
#13663 = AXIS2_PLACEMENT_3D('',#13664,#13665,#13666);
#13664 = CARTESIAN_POINT('',(2.13E-03,0.,1.859999999998E-03));
#13665 = DIRECTION('',(-1.,0.,0.));
#13666 = DIRECTION('',(0.,0.,-1.));
#13667 = DEFINITIONAL_REPRESENTATION('',(#13668),#13672);
#13668 = LINE('',#13669,#13670);
#13669 = CARTESIAN_POINT('',(-5.999999999999E-05,1.6E-04));
#13670 = VECTOR('',#13671,1.);
#13671 = DIRECTION('',(1.,0.));
#13672 = ( GEOMETRIC_REPRESENTATION_CONTEXT(2) 
PARAMETRIC_REPRESENTATION_CONTEXT() REPRESENTATION_CONTEXT('2D SPACE',''
  ) );
#13673 = ORIENTED_EDGE('',*,*,#13674,.T.);
#13674 = EDGE_CURVE('',#13647,#13675,#13677,.T.);
#13675 = VERTEX_POINT('',#13676);
#13676 = CARTESIAN_POINT('',(1.93E-03,-1.6E-04,1.799999999998E-03));
#13677 = SURFACE_CURVE('',#13678,(#13682,#13689),.PCURVE_S1.);
#13678 = LINE('',#13679,#13680);
#13679 = CARTESIAN_POINT('',(2.13E-03,-1.6E-04,1.799999999998E-03));
#13680 = VECTOR('',#13681,1.E-03);
#13681 = DIRECTION('',(-1.,-4.996003610813E-15,0.));
#13682 = PCURVE('',#13482,#13683);
#13683 = DEFINITIONAL_REPRESENTATION('',(#13684),#13688);
#13684 = LINE('',#13685,#13686);
#13685 = CARTESIAN_POINT('',(4.5E-04,-4.796025697198E-04));
#13686 = VECTOR('',#13687,1.);
#13687 = DIRECTION('',(1.,6.050625470263E-31));
#13688 = ( GEOMETRIC_REPRESENTATION_CONTEXT(2) 
PARAMETRIC_REPRESENTATION_CONTEXT() REPRESENTATION_CONTEXT('2D SPACE',''
  ) );
#13689 = PCURVE('',#13690,#13695);
#13690 = PLANE('',#13691);
#13691 = AXIS2_PLACEMENT_3D('',#13692,#13693,#13694);
#13692 = CARTESIAN_POINT('',(2.03E-03,-4.996003610813E-19,
    1.799999999998E-03));
#13693 = DIRECTION('',(-3.469446951649E-16,0.,1.));
#13694 = DIRECTION('',(1.,0.,3.469446951649E-16));
#13695 = DEFINITIONAL_REPRESENTATION('',(#13696),#13700);
#13696 = LINE('',#13697,#13698);
#13697 = CARTESIAN_POINT('',(1.E-04,-1.6E-04));
#13698 = VECTOR('',#13699,1.);
#13699 = DIRECTION('',(-1.,-4.996003610813E-15));
#13700 = ( GEOMETRIC_REPRESENTATION_CONTEXT(2) 
PARAMETRIC_REPRESENTATION_CONTEXT() REPRESENTATION_CONTEXT('2D SPACE',''
  ) );
#13701 = ORIENTED_EDGE('',*,*,#13702,.T.);
#13702 = EDGE_CURVE('',#13675,#13703,#13705,.T.);
#13703 = VERTEX_POINT('',#13704);
#13704 = CARTESIAN_POINT('',(1.93E-03,-1.6E-04,-1.804778548831E-19));
#13705 = SURFACE_CURVE('',#13706,(#13710,#13717),.PCURVE_S1.);
#13706 = LINE('',#13707,#13708);
#13707 = CARTESIAN_POINT('',(1.93E-03,-1.6E-04,1.799999999998E-03));
#13708 = VECTOR('',#13709,1.E-03);
#13709 = DIRECTION('',(0.,0.,-1.));
#13710 = PCURVE('',#13482,#13711);
#13711 = DEFINITIONAL_REPRESENTATION('',(#13712),#13716);
#13712 = LINE('',#13713,#13714);
#13713 = CARTESIAN_POINT('',(6.5E-04,-4.796025697198E-04));
#13714 = VECTOR('',#13715,1.);
#13715 = DIRECTION('',(0.,1.));
#13716 = ( GEOMETRIC_REPRESENTATION_CONTEXT(2) 
PARAMETRIC_REPRESENTATION_CONTEXT() REPRESENTATION_CONTEXT('2D SPACE',''
  ) );
#13717 = PCURVE('',#13718,#13723);
#13718 = PLANE('',#13719);
#13719 = AXIS2_PLACEMENT_3D('',#13720,#13721,#13722);
#13720 = CARTESIAN_POINT('',(1.93E-03,-9.992007221626E-19,
    8.99999999999E-04));
#13721 = DIRECTION('',(-1.,0.,0.));
#13722 = DIRECTION('',(0.,0.,-1.));
#13723 = DEFINITIONAL_REPRESENTATION('',(#13724),#13728);
#13724 = LINE('',#13725,#13726);
#13725 = CARTESIAN_POINT('',(-8.99999999999E-04,1.6E-04));
#13726 = VECTOR('',#13727,1.);
#13727 = DIRECTION('',(1.,0.));
#13728 = ( GEOMETRIC_REPRESENTATION_CONTEXT(2) 
PARAMETRIC_REPRESENTATION_CONTEXT() REPRESENTATION_CONTEXT('2D SPACE',''
  ) );
#13729 = ORIENTED_EDGE('',*,*,#13730,.T.);
#13730 = EDGE_CURVE('',#13703,#13731,#13733,.T.);
#13731 = VERTEX_POINT('',#13732);
#13732 = CARTESIAN_POINT('',(3.23E-03,-1.6E-04,-1.804778548831E-19));
#13733 = SURFACE_CURVE('',#13734,(#13738,#13745),.PCURVE_S1.);
#13734 = LINE('',#13735,#13736);
#13735 = CARTESIAN_POINT('',(1.93E-03,-1.6E-04,-5.414335646492E-19));
#13736 = VECTOR('',#13737,1.E-03);
#13737 = DIRECTION('',(1.,7.686159401251E-16,0.));
#13738 = PCURVE('',#13482,#13739);
#13739 = DEFINITIONAL_REPRESENTATION('',(#13740),#13744);
#13740 = LINE('',#13741,#13742);
#13741 = CARTESIAN_POINT('',(6.5E-04,1.320397430278E-03));
#13742 = VECTOR('',#13743,1.);
#13743 = DIRECTION('',(-1.,-2.403312937802E-32));
#13744 = ( GEOMETRIC_REPRESENTATION_CONTEXT(2) 
PARAMETRIC_REPRESENTATION_CONTEXT() REPRESENTATION_CONTEXT('2D SPACE',''
  ) );
#13745 = PCURVE('',#13746,#13751);
#13746 = PLANE('',#13747);
#13747 = AXIS2_PLACEMENT_3D('',#13748,#13749,#13750);
#13748 = CARTESIAN_POINT('',(2.58E-03,-4.996003610813E-19,
    -5.414335646492E-19));
#13749 = DIRECTION('',(-3.223710429991E-33,0.,-1.));
#13750 = DIRECTION('',(-1.,0.,3.223710429991E-33));
#13751 = DEFINITIONAL_REPRESENTATION('',(#13752),#13756);
#13752 = LINE('',#13753,#13754);
#13753 = CARTESIAN_POINT('',(6.5E-04,-1.6E-04));
#13754 = VECTOR('',#13755,1.);
#13755 = DIRECTION('',(-1.,7.686159401251E-16));
#13756 = ( GEOMETRIC_REPRESENTATION_CONTEXT(2) 
PARAMETRIC_REPRESENTATION_CONTEXT() REPRESENTATION_CONTEXT('2D SPACE',''
  ) );
#13757 = ORIENTED_EDGE('',*,*,#13758,.T.);
#13758 = EDGE_CURVE('',#13731,#13759,#13761,.T.);
#13759 = VERTEX_POINT('',#13760);
#13760 = CARTESIAN_POINT('',(3.23E-03,-1.6E-04,1.799999999998E-03));
#13761 = SURFACE_CURVE('',#13762,(#13766,#13773),.PCURVE_S1.);
#13762 = LINE('',#13763,#13764);
#13763 = CARTESIAN_POINT('',(3.23E-03,-1.6E-04,-5.414335646492E-19));
#13764 = VECTOR('',#13765,1.E-03);
#13765 = DIRECTION('',(0.,0.,1.));
#13766 = PCURVE('',#13482,#13767);
#13767 = DEFINITIONAL_REPRESENTATION('',(#13768),#13772);
#13768 = LINE('',#13769,#13770);
#13769 = CARTESIAN_POINT('',(-6.5E-04,1.320397430278E-03));
#13770 = VECTOR('',#13771,1.);
#13771 = DIRECTION('',(0.,-1.));
#13772 = ( GEOMETRIC_REPRESENTATION_CONTEXT(2) 
PARAMETRIC_REPRESENTATION_CONTEXT() REPRESENTATION_CONTEXT('2D SPACE',''
  ) );
#13773 = PCURVE('',#13774,#13779);
#13774 = PLANE('',#13775);
#13775 = AXIS2_PLACEMENT_3D('',#13776,#13777,#13778);
#13776 = CARTESIAN_POINT('',(3.23E-03,0.,8.99999999999E-04));
#13777 = DIRECTION('',(1.,-3.083952846184E-14,0.));
#13778 = DIRECTION('',(3.083952846184E-14,1.,0.));
#13779 = DEFINITIONAL_REPRESENTATION('',(#13780),#13784);
#13780 = LINE('',#13781,#13782);
#13781 = CARTESIAN_POINT('',(-1.6E-04,-8.99999999999E-04));
#13782 = VECTOR('',#13783,1.);
#13783 = DIRECTION('',(0.,1.));
#13784 = ( GEOMETRIC_REPRESENTATION_CONTEXT(2) 
PARAMETRIC_REPRESENTATION_CONTEXT() REPRESENTATION_CONTEXT('2D SPACE',''
  ) );
#13785 = ORIENTED_EDGE('',*,*,#13786,.T.);
#13786 = EDGE_CURVE('',#13759,#13787,#13789,.T.);
#13787 = VERTEX_POINT('',#13788);
#13788 = CARTESIAN_POINT('',(3.03E-03,-1.6E-04,1.799999999998E-03));
#13789 = SURFACE_CURVE('',#13790,(#13794,#13801),.PCURVE_S1.);
#13790 = LINE('',#13791,#13792);
#13791 = CARTESIAN_POINT('',(3.23E-03,-1.6E-04,1.799999999998E-03));
#13792 = VECTOR('',#13793,1.E-03);
#13793 = DIRECTION('',(-1.,4.996003610813E-15,4.996003610813E-14));
#13794 = PCURVE('',#13482,#13795);
#13795 = DEFINITIONAL_REPRESENTATION('',(#13796),#13800);
#13796 = LINE('',#13797,#13798);
#13797 = CARTESIAN_POINT('',(-6.5E-04,-4.796025697198E-04));
#13798 = VECTOR('',#13799,1.);
#13799 = DIRECTION('',(1.,-4.996003610813E-14));
#13800 = ( GEOMETRIC_REPRESENTATION_CONTEXT(2) 
PARAMETRIC_REPRESENTATION_CONTEXT() REPRESENTATION_CONTEXT('2D SPACE',''
  ) );
#13801 = PCURVE('',#13802,#13807);
#13802 = PLANE('',#13803);
#13803 = AXIS2_PLACEMENT_3D('',#13804,#13805,#13806);
#13804 = CARTESIAN_POINT('',(3.13E-03,2.498001805407E-19,
    1.799999999998E-03));
#13805 = DIRECTION('',(5.065392549849E-14,-7.88860905221E-28,1.));
#13806 = DIRECTION('',(1.,0.,-5.065392549849E-14));
#13807 = DEFINITIONAL_REPRESENTATION('',(#13808),#13812);
#13808 = LINE('',#13809,#13810);
#13809 = CARTESIAN_POINT('',(1.E-04,-1.6E-04));
#13810 = VECTOR('',#13811,1.);
#13811 = DIRECTION('',(-1.,4.996003610813E-15));
#13812 = ( GEOMETRIC_REPRESENTATION_CONTEXT(2) 
PARAMETRIC_REPRESENTATION_CONTEXT() REPRESENTATION_CONTEXT('2D SPACE',''
  ) );
#13813 = ORIENTED_EDGE('',*,*,#13814,.T.);
#13814 = EDGE_CURVE('',#13787,#13815,#13817,.T.);
#13815 = VERTEX_POINT('',#13816);
#13816 = CARTESIAN_POINT('',(3.03E-03,-1.6E-04,1.919999999998E-03));
#13817 = SURFACE_CURVE('',#13818,(#13822,#13829),.PCURVE_S1.);
#13818 = LINE('',#13819,#13820);
#13819 = CARTESIAN_POINT('',(3.03E-03,-1.6E-04,1.799999999998E-03));
#13820 = VECTOR('',#13821,1.E-03);
#13821 = DIRECTION('',(0.,0.,1.));
#13822 = PCURVE('',#13482,#13823);
#13823 = DEFINITIONAL_REPRESENTATION('',(#13824),#13828);
#13824 = LINE('',#13825,#13826);
#13825 = CARTESIAN_POINT('',(-4.5E-04,-4.796025697198E-04));
#13826 = VECTOR('',#13827,1.);
#13827 = DIRECTION('',(0.,-1.));
#13828 = ( GEOMETRIC_REPRESENTATION_CONTEXT(2) 
PARAMETRIC_REPRESENTATION_CONTEXT() REPRESENTATION_CONTEXT('2D SPACE',''
  ) );
#13829 = PCURVE('',#13830,#13835);
#13830 = PLANE('',#13831);
#13831 = AXIS2_PLACEMENT_3D('',#13832,#13833,#13834);
#13832 = CARTESIAN_POINT('',(3.03E-03,4.996003610813E-19,
    1.859999999998E-03));
#13833 = DIRECTION('',(1.,0.,0.));
#13834 = DIRECTION('',(0.,0.,1.));
#13835 = DEFINITIONAL_REPRESENTATION('',(#13836),#13840);
#13836 = LINE('',#13837,#13838);
#13837 = CARTESIAN_POINT('',(-5.999999999999E-05,1.6E-04));
#13838 = VECTOR('',#13839,1.);
#13839 = DIRECTION('',(1.,0.));
#13840 = ( GEOMETRIC_REPRESENTATION_CONTEXT(2) 
PARAMETRIC_REPRESENTATION_CONTEXT() REPRESENTATION_CONTEXT('2D SPACE',''
  ) );
#13841 = ORIENTED_EDGE('',*,*,#13842,.T.);
#13842 = EDGE_CURVE('',#13815,#13843,#13845,.T.);
#13843 = VERTEX_POINT('',#13844);
#13844 = CARTESIAN_POINT('',(4.63E-03,-1.6E-04,1.919999999998E-03));
#13845 = SURFACE_CURVE('',#13846,(#13850,#13857),.PCURVE_S1.);
#13846 = LINE('',#13847,#13848);
#13847 = CARTESIAN_POINT('',(3.03E-03,-1.6E-04,1.919999999998E-03));
#13848 = VECTOR('',#13849,1.E-03);
#13849 = DIRECTION('',(1.,-1.249000902703E-15,0.));
#13850 = PCURVE('',#13482,#13851);
#13851 = DEFINITIONAL_REPRESENTATION('',(#13852),#13856);
#13852 = LINE('',#13853,#13854);
#13853 = CARTESIAN_POINT('',(-4.5E-04,-5.996025697198E-04));
#13854 = VECTOR('',#13855,1.);
#13855 = DIRECTION('',(-1.,2.532763654087E-31));
#13856 = ( GEOMETRIC_REPRESENTATION_CONTEXT(2) 
PARAMETRIC_REPRESENTATION_CONTEXT() REPRESENTATION_CONTEXT('2D SPACE',''
  ) );
#13857 = PCURVE('',#13858,#13863);
#13858 = PLANE('',#13859);
#13859 = AXIS2_PLACEMENT_3D('',#13860,#13861,#13862);
#13860 = CARTESIAN_POINT('',(3.83E-03,-2.498001805407E-19,
    1.919999999998E-03));
#13861 = DIRECTION('',(-1.214306433107E-16,0.,-1.));
#13862 = DIRECTION('',(-1.,0.,1.214306433107E-16));
#13863 = DEFINITIONAL_REPRESENTATION('',(#13864),#13868);
#13864 = LINE('',#13865,#13866);
#13865 = CARTESIAN_POINT('',(8.E-04,-1.6E-04));
#13866 = VECTOR('',#13867,1.);
#13867 = DIRECTION('',(-1.,-1.249000902703E-15));
#13868 = ( GEOMETRIC_REPRESENTATION_CONTEXT(2) 
PARAMETRIC_REPRESENTATION_CONTEXT() REPRESENTATION_CONTEXT('2D SPACE',''
  ) );
#13869 = ORIENTED_EDGE('',*,*,#13870,.T.);
#13870 = EDGE_CURVE('',#13843,#13871,#13873,.T.);
#13871 = VERTEX_POINT('',#13872);
#13872 = CARTESIAN_POINT('',(4.63E-03,-1.6E-04,1.799999999998E-03));
#13873 = SURFACE_CURVE('',#13874,(#13878,#13885),.PCURVE_S1.);
#13874 = LINE('',#13875,#13876);
#13875 = CARTESIAN_POINT('',(4.63E-03,-1.6E-04,1.919999999998E-03));
#13876 = VECTOR('',#13877,1.E-03);
#13877 = DIRECTION('',(0.,0.,-1.));
#13878 = PCURVE('',#13482,#13879);
#13879 = DEFINITIONAL_REPRESENTATION('',(#13880),#13884);
#13880 = LINE('',#13881,#13882);
#13881 = CARTESIAN_POINT('',(-2.05E-03,-5.996025697198E-04));
#13882 = VECTOR('',#13883,1.);
#13883 = DIRECTION('',(0.,1.));
#13884 = ( GEOMETRIC_REPRESENTATION_CONTEXT(2) 
PARAMETRIC_REPRESENTATION_CONTEXT() REPRESENTATION_CONTEXT('2D SPACE',''
  ) );
#13885 = PCURVE('',#13886,#13891);
#13886 = PLANE('',#13887);
#13887 = AXIS2_PLACEMENT_3D('',#13888,#13889,#13890);
#13888 = CARTESIAN_POINT('',(4.63E-03,-9.992007221626E-19,
    1.859999999998E-03));
#13889 = DIRECTION('',(-1.,0.,0.));
#13890 = DIRECTION('',(0.,0.,-1.));
#13891 = DEFINITIONAL_REPRESENTATION('',(#13892),#13896);
#13892 = LINE('',#13893,#13894);
#13893 = CARTESIAN_POINT('',(-5.999999999999E-05,1.6E-04));
#13894 = VECTOR('',#13895,1.);
#13895 = DIRECTION('',(1.,0.));
#13896 = ( GEOMETRIC_REPRESENTATION_CONTEXT(2) 
PARAMETRIC_REPRESENTATION_CONTEXT() REPRESENTATION_CONTEXT('2D SPACE',''
  ) );
#13897 = ORIENTED_EDGE('',*,*,#13898,.T.);
#13898 = EDGE_CURVE('',#13871,#13899,#13901,.T.);
#13899 = VERTEX_POINT('',#13900);
#13900 = CARTESIAN_POINT('',(4.43E-03,-1.6E-04,1.799999999998E-03));
#13901 = SURFACE_CURVE('',#13902,(#13906,#13913),.PCURVE_S1.);
#13902 = LINE('',#13903,#13904);
#13903 = CARTESIAN_POINT('',(4.63E-03,-1.6E-04,1.799999999998E-03));
#13904 = VECTOR('',#13905,1.E-03);
#13905 = DIRECTION('',(-1.,0.,0.));
#13906 = PCURVE('',#13482,#13907);
#13907 = DEFINITIONAL_REPRESENTATION('',(#13908),#13912);
#13908 = LINE('',#13909,#13910);
#13909 = CARTESIAN_POINT('',(-2.05E-03,-4.796025697198E-04));
#13910 = VECTOR('',#13911,1.);
#13911 = DIRECTION('',(1.,-8.160858292168E-32));
#13912 = ( GEOMETRIC_REPRESENTATION_CONTEXT(2) 
PARAMETRIC_REPRESENTATION_CONTEXT() REPRESENTATION_CONTEXT('2D SPACE',''
  ) );
#13913 = PCURVE('',#13914,#13919);
#13914 = PLANE('',#13915);
#13915 = AXIS2_PLACEMENT_3D('',#13916,#13917,#13918);
#13916 = CARTESIAN_POINT('',(4.53E-03,-7.49400541622E-19,
    1.799999999998E-03));
#13917 = DIRECTION('',(0.,0.,1.));
#13918 = DIRECTION('',(1.,0.,0.));
#13919 = DEFINITIONAL_REPRESENTATION('',(#13920),#13924);
#13920 = LINE('',#13921,#13922);
#13921 = CARTESIAN_POINT('',(1.E-04,-1.6E-04));
#13922 = VECTOR('',#13923,1.);
#13923 = DIRECTION('',(-1.,0.));
#13924 = ( GEOMETRIC_REPRESENTATION_CONTEXT(2) 
PARAMETRIC_REPRESENTATION_CONTEXT() REPRESENTATION_CONTEXT('2D SPACE',''
  ) );
#13925 = ORIENTED_EDGE('',*,*,#13926,.T.);
#13926 = EDGE_CURVE('',#13899,#13927,#13929,.T.);
#13927 = VERTEX_POINT('',#13928);
#13928 = CARTESIAN_POINT('',(4.43E-03,-1.6E-04,-1.804778548831E-19));
#13929 = SURFACE_CURVE('',#13930,(#13934,#13941),.PCURVE_S1.);
#13930 = LINE('',#13931,#13932);
#13931 = CARTESIAN_POINT('',(4.43E-03,-1.6E-04,1.799999999998E-03));
#13932 = VECTOR('',#13933,1.E-03);
#13933 = DIRECTION('',(0.,0.,-1.));
#13934 = PCURVE('',#13482,#13935);
#13935 = DEFINITIONAL_REPRESENTATION('',(#13936),#13940);
#13936 = LINE('',#13937,#13938);
#13937 = CARTESIAN_POINT('',(-1.85E-03,-4.796025697198E-04));
#13938 = VECTOR('',#13939,1.);
#13939 = DIRECTION('',(0.,1.));
#13940 = ( GEOMETRIC_REPRESENTATION_CONTEXT(2) 
PARAMETRIC_REPRESENTATION_CONTEXT() REPRESENTATION_CONTEXT('2D SPACE',''
  ) );
#13941 = PCURVE('',#13942,#13947);
#13942 = PLANE('',#13943);
#13943 = AXIS2_PLACEMENT_3D('',#13944,#13945,#13946);
#13944 = CARTESIAN_POINT('',(4.43E-03,-4.996003610813E-19,
    8.99999999999E-04));
#13945 = DIRECTION('',(-1.,0.,0.));
#13946 = DIRECTION('',(0.,0.,-1.));
#13947 = DEFINITIONAL_REPRESENTATION('',(#13948),#13952);
#13948 = LINE('',#13949,#13950);
#13949 = CARTESIAN_POINT('',(-8.99999999999E-04,1.6E-04));
#13950 = VECTOR('',#13951,1.);
#13951 = DIRECTION('',(1.,0.));
#13952 = ( GEOMETRIC_REPRESENTATION_CONTEXT(2) 
PARAMETRIC_REPRESENTATION_CONTEXT() REPRESENTATION_CONTEXT('2D SPACE',''
  ) );
#13953 = ORIENTED_EDGE('',*,*,#13954,.T.);
#13954 = EDGE_CURVE('',#13927,#13955,#13957,.T.);
#13955 = VERTEX_POINT('',#13956);
#13956 = CARTESIAN_POINT('',(5.16E-03,-1.6E-04,-5.414335646492E-19));
#13957 = SURFACE_CURVE('',#13958,(#13962,#13969),.PCURVE_S1.);
#13958 = LINE('',#13959,#13960);
#13959 = CARTESIAN_POINT('',(4.43E-03,-1.6E-04,-5.414335646492E-19));
#13960 = VECTOR('',#13961,1.E-03);
#13961 = DIRECTION('',(1.,1.368768112552E-15,0.));
#13962 = PCURVE('',#13482,#13963);
#13963 = DEFINITIONAL_REPRESENTATION('',(#13964),#13968);
#13964 = LINE('',#13965,#13966);
#13965 = CARTESIAN_POINT('',(-1.85E-03,1.320397430278E-03));
#13966 = VECTOR('',#13967,1.);
#13967 = DIRECTION('',(-1.,-1.065204937764E-31));
#13968 = ( GEOMETRIC_REPRESENTATION_CONTEXT(2) 
PARAMETRIC_REPRESENTATION_CONTEXT() REPRESENTATION_CONTEXT('2D SPACE',''
  ) );
#13969 = PCURVE('',#13970,#13975);
#13970 = PLANE('',#13971);
#13971 = AXIS2_PLACEMENT_3D('',#13972,#13973,#13974);
#13972 = CARTESIAN_POINT('',(4.795E-03,-4.996003610813E-19,
    -5.414335646492E-19));
#13973 = DIRECTION('',(-9.978955372123E-32,0.,-1.));
#13974 = DIRECTION('',(-1.,0.,9.978955372123E-32));
#13975 = DEFINITIONAL_REPRESENTATION('',(#13976),#13980);
#13976 = LINE('',#13977,#13978);
#13977 = CARTESIAN_POINT('',(3.65E-04,-1.6E-04));
#13978 = VECTOR('',#13979,1.);
#13979 = DIRECTION('',(-1.,1.368768112552E-15));
#13980 = ( GEOMETRIC_REPRESENTATION_CONTEXT(2) 
PARAMETRIC_REPRESENTATION_CONTEXT() REPRESENTATION_CONTEXT('2D SPACE',''
  ) );
#13981 = ORIENTED_EDGE('',*,*,#13982,.T.);
#13982 = EDGE_CURVE('',#13955,#13983,#13985,.T.);
#13983 = VERTEX_POINT('',#13984);
#13984 = CARTESIAN_POINT('',(5.16E-03,-1.6E-04,2.163974302795E-03));
#13985 = SURFACE_CURVE('',#13986,(#13990,#13997),.PCURVE_S1.);
#13986 = LINE('',#13987,#13988);
#13987 = CARTESIAN_POINT('',(5.16E-03,-1.6E-04,-5.414335646492E-19));
#13988 = VECTOR('',#13989,1.E-03);
#13989 = DIRECTION('',(0.,0.,1.));
#13990 = PCURVE('',#13482,#13991);
#13991 = DEFINITIONAL_REPRESENTATION('',(#13992),#13996);
#13992 = LINE('',#13993,#13994);
#13993 = CARTESIAN_POINT('',(-2.58E-03,1.320397430278E-03));
#13994 = VECTOR('',#13995,1.);
#13995 = DIRECTION('',(0.,-1.));
#13996 = ( GEOMETRIC_REPRESENTATION_CONTEXT(2) 
PARAMETRIC_REPRESENTATION_CONTEXT() REPRESENTATION_CONTEXT('2D SPACE',''
  ) );
#13997 = PCURVE('',#13998,#14003);
#13998 = PLANE('',#13999);
#13999 = AXIS2_PLACEMENT_3D('',#14000,#14001,#14002);
#14000 = CARTESIAN_POINT('',(5.16E-03,-4.996003610813E-19,
    1.055993575699E-03));
#14001 = DIRECTION('',(1.,1.314192446543E-15,0.));
#14002 = DIRECTION('',(-1.314192446543E-15,1.,0.));
#14003 = DEFINITIONAL_REPRESENTATION('',(#14004),#14008);
#14004 = LINE('',#14005,#14006);
#14005 = CARTESIAN_POINT('',(-1.6E-04,-1.055993575699E-03));
#14006 = VECTOR('',#14007,1.);
#14007 = DIRECTION('',(0.,1.));
#14008 = ( GEOMETRIC_REPRESENTATION_CONTEXT(2) 
PARAMETRIC_REPRESENTATION_CONTEXT() REPRESENTATION_CONTEXT('2D SPACE',''
  ) );
#14009 = ORIENTED_EDGE('',*,*,#14010,.F.);
#14010 = EDGE_CURVE('',#13472,#13983,#14011,.T.);
#14011 = SURFACE_CURVE('',#14012,(#14016,#14023),.PCURVE_S1.);
#14012 = LINE('',#14013,#14014);
#14013 = CARTESIAN_POINT('',(0.,-1.6E-04,2.163974302795E-03));
#14014 = VECTOR('',#14015,1.E-03);
#14015 = DIRECTION('',(1.,0.,0.));
#14016 = PCURVE('',#13482,#14017);
#14017 = DEFINITIONAL_REPRESENTATION('',(#14018),#14022);
#14018 = LINE('',#14019,#14020);
#14019 = CARTESIAN_POINT('',(2.58E-03,-8.435768725162E-04));
#14020 = VECTOR('',#14021,1.);
#14021 = DIRECTION('',(-1.,8.160858292168E-32));
#14022 = ( GEOMETRIC_REPRESENTATION_CONTEXT(2) 
PARAMETRIC_REPRESENTATION_CONTEXT() REPRESENTATION_CONTEXT('2D SPACE',''
  ) );
#14023 = PCURVE('',#14024,#14029);
#14024 = PLANE('',#14025);
#14025 = AXIS2_PLACEMENT_3D('',#14026,#14027,#14028);
#14026 = CARTESIAN_POINT('',(2.58E-03,4.996003610813E-19,
    2.111987151397E-03));
#14027 = DIRECTION('',(1.278930283564E-16,0.309016994375,0.951056516295)
  );
#14028 = DIRECTION('',(0.,0.951056516295,-0.309016994375));
#14029 = DEFINITIONAL_REPRESENTATION('',(#14030),#14034);
#14030 = LINE('',#14031,#14032);
#14031 = CARTESIAN_POINT('',(-1.682339558781E-04,2.58E-03));
#14032 = VECTOR('',#14033,1.);
#14033 = DIRECTION('',(0.,-1.));
#14034 = ( GEOMETRIC_REPRESENTATION_CONTEXT(2) 
PARAMETRIC_REPRESENTATION_CONTEXT() REPRESENTATION_CONTEXT('2D SPACE',''
  ) );
#14035 = ADVANCED_FACE('',(#14036),#14024,.T.);
#14036 = FACE_BOUND('',#14037,.T.);
#14037 = EDGE_LOOP('',(#14038,#14039,#14062,#14090));
#14038 = ORIENTED_EDGE('',*,*,#14010,.T.);
#14039 = ORIENTED_EDGE('',*,*,#14040,.T.);
#14040 = EDGE_CURVE('',#13983,#14041,#14043,.T.);
#14041 = VERTEX_POINT('',#14042);
#14042 = CARTESIAN_POINT('',(5.16E-03,1.6E-04,2.06E-03));
#14043 = SURFACE_CURVE('',#14044,(#14048,#14055),.PCURVE_S1.);
#14044 = LINE('',#14045,#14046);
#14045 = CARTESIAN_POINT('',(5.16E-03,-1.6E-04,2.163974302795E-03));
#14046 = VECTOR('',#14047,1.E-03);
#14047 = DIRECTION('',(0.,0.951056516295,-0.309016994375));
#14048 = PCURVE('',#14024,#14049);
#14049 = DEFINITIONAL_REPRESENTATION('',(#14050),#14054);
#14050 = LINE('',#14051,#14052);
#14051 = CARTESIAN_POINT('',(-1.682339558781E-04,-2.58E-03));
#14052 = VECTOR('',#14053,1.);
#14053 = DIRECTION('',(1.,-2.403560570595E-31));
#14054 = ( GEOMETRIC_REPRESENTATION_CONTEXT(2) 
PARAMETRIC_REPRESENTATION_CONTEXT() REPRESENTATION_CONTEXT('2D SPACE',''
  ) );
#14055 = PCURVE('',#13998,#14056);
#14056 = DEFINITIONAL_REPRESENTATION('',(#14057),#14061);
#14057 = LINE('',#14058,#14059);
#14058 = CARTESIAN_POINT('',(-1.6E-04,1.107980727096E-03));
#14059 = VECTOR('',#14060,1.);
#14060 = DIRECTION('',(0.951056516295,-0.309016994375));
#14061 = ( GEOMETRIC_REPRESENTATION_CONTEXT(2) 
PARAMETRIC_REPRESENTATION_CONTEXT() REPRESENTATION_CONTEXT('2D SPACE',''
  ) );
#14062 = ORIENTED_EDGE('',*,*,#14063,.F.);
#14063 = EDGE_CURVE('',#14064,#14041,#14066,.T.);
#14064 = VERTEX_POINT('',#14065);
#14065 = CARTESIAN_POINT('',(1.624300693948E-18,1.6E-04,2.06E-03));
#14066 = SURFACE_CURVE('',#14067,(#14071,#14078),.PCURVE_S1.);
#14067 = LINE('',#14068,#14069);
#14068 = CARTESIAN_POINT('',(1.624300693948E-18,1.6E-04,2.06E-03));
#14069 = VECTOR('',#14070,1.E-03);
#14070 = DIRECTION('',(1.,-7.745742032269E-16,0.));
#14071 = PCURVE('',#14024,#14072);
#14072 = DEFINITIONAL_REPRESENTATION('',(#14073),#14077);
#14073 = LINE('',#14074,#14075);
#14074 = CARTESIAN_POINT('',(1.682339558781E-04,2.58E-03));
#14075 = VECTOR('',#14076,1.);
#14076 = DIRECTION('',(-7.36663843333E-16,-1.));
#14077 = ( GEOMETRIC_REPRESENTATION_CONTEXT(2) 
PARAMETRIC_REPRESENTATION_CONTEXT() REPRESENTATION_CONTEXT('2D SPACE',''
  ) );
#14078 = PCURVE('',#14079,#14084);
#14079 = PLANE('',#14080);
#14080 = AXIS2_PLACEMENT_3D('',#14081,#14082,#14083);
#14081 = CARTESIAN_POINT('',(2.58E-03,1.6E-04,1.309999999999E-03));
#14082 = DIRECTION('',(6.964187563334E-16,1.,-1.201448822972E-15));
#14083 = DIRECTION('',(0.,1.201448822972E-15,1.));
#14084 = DEFINITIONAL_REPRESENTATION('',(#14085),#14089);
#14085 = LINE('',#14086,#14087);
#14086 = CARTESIAN_POINT('',(7.500000000012E-04,-2.58E-03));
#14087 = VECTOR('',#14088,1.);
#14088 = DIRECTION('',(-9.306112647714E-31,1.));
#14089 = ( GEOMETRIC_REPRESENTATION_CONTEXT(2) 
PARAMETRIC_REPRESENTATION_CONTEXT() REPRESENTATION_CONTEXT('2D SPACE',''
  ) );
#14090 = ORIENTED_EDGE('',*,*,#14091,.F.);
#14091 = EDGE_CURVE('',#13472,#14064,#14092,.T.);
#14092 = SURFACE_CURVE('',#14093,(#14097,#14104),.PCURVE_S1.);
#14093 = LINE('',#14094,#14095);
#14094 = CARTESIAN_POINT('',(0.,-1.6E-04,2.163974302795E-03));
#14095 = VECTOR('',#14096,1.E-03);
#14096 = DIRECTION('',(4.82750549813E-15,0.951056516295,-0.309016994375)
  );
#14097 = PCURVE('',#14024,#14098);
#14098 = DEFINITIONAL_REPRESENTATION('',(#14099),#14103);
#14099 = LINE('',#14100,#14101);
#14100 = CARTESIAN_POINT('',(-1.682339558781E-04,2.58E-03));
#14101 = VECTOR('',#14102,1.);
#14102 = DIRECTION('',(1.,-4.82750549813E-15));
#14103 = ( GEOMETRIC_REPRESENTATION_CONTEXT(2) 
PARAMETRIC_REPRESENTATION_CONTEXT() REPRESENTATION_CONTEXT('2D SPACE',''
  ) );
#14104 = PCURVE('',#13494,#14105);
#14105 = DEFINITIONAL_REPRESENTATION('',(#14106),#14110);
#14106 = LINE('',#14107,#14108);
#14107 = CARTESIAN_POINT('',(1.6E-04,1.107980727096E-03));
#14108 = VECTOR('',#14109,1.);
#14109 = DIRECTION('',(-0.951056516295,-0.309016994375));
#14110 = ( GEOMETRIC_REPRESENTATION_CONTEXT(2) 
PARAMETRIC_REPRESENTATION_CONTEXT() REPRESENTATION_CONTEXT('2D SPACE',''
  ) );
#14111 = ADVANCED_FACE('',(#14112),#14079,.T.);
#14112 = FACE_BOUND('',#14113,.T.);
#14113 = EDGE_LOOP('',(#14114,#14137,#14138,#14161,#14184,#14207,#14230,
    #14253,#14276,#14299,#14322,#14345,#14368,#14391,#14414,#14437,
    #14460,#14483,#14506,#14529));
#14114 = ORIENTED_EDGE('',*,*,#14115,.T.);
#14115 = EDGE_CURVE('',#14116,#14064,#14118,.T.);
#14116 = VERTEX_POINT('',#14117);
#14117 = CARTESIAN_POINT('',(1.624300693948E-18,1.6E-04,
    -5.414335646492E-19));
#14118 = SURFACE_CURVE('',#14119,(#14123,#14130),.PCURVE_S1.);
#14119 = LINE('',#14120,#14121);
#14120 = CARTESIAN_POINT('',(1.624300693948E-18,1.6E-04,
    -5.414335646492E-19));
#14121 = VECTOR('',#14122,1.E-03);
#14122 = DIRECTION('',(0.,1.455146682761E-15,1.));
#14123 = PCURVE('',#14079,#14124);
#14124 = DEFINITIONAL_REPRESENTATION('',(#14125),#14129);
#14125 = LINE('',#14126,#14127);
#14126 = CARTESIAN_POINT('',(-1.309999999999E-03,-2.58E-03));
#14127 = VECTOR('',#14128,1.);
#14128 = DIRECTION('',(1.,-1.766799479988E-31));
#14129 = ( GEOMETRIC_REPRESENTATION_CONTEXT(2) 
PARAMETRIC_REPRESENTATION_CONTEXT() REPRESENTATION_CONTEXT('2D SPACE',''
  ) );
#14130 = PCURVE('',#13494,#14131);
#14131 = DEFINITIONAL_REPRESENTATION('',(#14132),#14136);
#14132 = LINE('',#14133,#14134);
#14133 = CARTESIAN_POINT('',(-1.6E-04,-1.055993575699E-03));
#14134 = VECTOR('',#14135,1.);
#14135 = DIRECTION('',(-1.455146682761E-15,1.));
#14136 = ( GEOMETRIC_REPRESENTATION_CONTEXT(2) 
PARAMETRIC_REPRESENTATION_CONTEXT() REPRESENTATION_CONTEXT('2D SPACE',''
  ) );
#14137 = ORIENTED_EDGE('',*,*,#14063,.T.);
#14138 = ORIENTED_EDGE('',*,*,#14139,.T.);
#14139 = EDGE_CURVE('',#14041,#14140,#14142,.T.);
#14140 = VERTEX_POINT('',#14141);
#14141 = CARTESIAN_POINT('',(5.16E-03,1.6E-04,-5.414335646492E-19));
#14142 = SURFACE_CURVE('',#14143,(#14147,#14154),.PCURVE_S1.);
#14143 = LINE('',#14144,#14145);
#14144 = CARTESIAN_POINT('',(5.16E-03,1.6E-04,2.06E-03));
#14145 = VECTOR('',#14146,1.E-03);
#14146 = DIRECTION('',(0.,0.,-1.));
#14147 = PCURVE('',#14079,#14148);
#14148 = DEFINITIONAL_REPRESENTATION('',(#14149),#14153);
#14149 = LINE('',#14150,#14151);
#14150 = CARTESIAN_POINT('',(7.500000000012E-04,2.58E-03));
#14151 = VECTOR('',#14152,1.);
#14152 = DIRECTION('',(-1.,-8.367114950925E-31));
#14153 = ( GEOMETRIC_REPRESENTATION_CONTEXT(2) 
PARAMETRIC_REPRESENTATION_CONTEXT() REPRESENTATION_CONTEXT('2D SPACE',''
  ) );
#14154 = PCURVE('',#13998,#14155);
#14155 = DEFINITIONAL_REPRESENTATION('',(#14156),#14160);
#14156 = LINE('',#14157,#14158);
#14157 = CARTESIAN_POINT('',(1.6E-04,1.004006424301E-03));
#14158 = VECTOR('',#14159,1.);
#14159 = DIRECTION('',(0.,-1.));
#14160 = ( GEOMETRIC_REPRESENTATION_CONTEXT(2) 
PARAMETRIC_REPRESENTATION_CONTEXT() REPRESENTATION_CONTEXT('2D SPACE',''
  ) );
#14161 = ORIENTED_EDGE('',*,*,#14162,.T.);
#14162 = EDGE_CURVE('',#14140,#14163,#14165,.T.);
#14163 = VERTEX_POINT('',#14164);
#14164 = CARTESIAN_POINT('',(4.43E-03,1.6E-04,-1.804778548831E-19));
#14165 = SURFACE_CURVE('',#14166,(#14170,#14177),.PCURVE_S1.);
#14166 = LINE('',#14167,#14168);
#14167 = CARTESIAN_POINT('',(5.16E-03,1.6E-04,-5.414335646492E-19));
#14168 = VECTOR('',#14169,1.E-03);
#14169 = DIRECTION('',(-1.,1.368768112552E-15,0.));
#14170 = PCURVE('',#14079,#14171);
#14171 = DEFINITIONAL_REPRESENTATION('',(#14172),#14176);
#14172 = LINE('',#14173,#14174);
#14173 = CARTESIAN_POINT('',(-1.309999999999E-03,2.58E-03));
#14174 = VECTOR('',#14175,1.);
#14175 = DIRECTION('',(1.644504837747E-30,-1.));
#14176 = ( GEOMETRIC_REPRESENTATION_CONTEXT(2) 
PARAMETRIC_REPRESENTATION_CONTEXT() REPRESENTATION_CONTEXT('2D SPACE',''
  ) );
#14177 = PCURVE('',#13970,#14178);
#14178 = DEFINITIONAL_REPRESENTATION('',(#14179),#14183);
#14179 = LINE('',#14180,#14181);
#14180 = CARTESIAN_POINT('',(-3.65E-04,1.6E-04));
#14181 = VECTOR('',#14182,1.);
#14182 = DIRECTION('',(1.,1.368768112552E-15));
#14183 = ( GEOMETRIC_REPRESENTATION_CONTEXT(2) 
PARAMETRIC_REPRESENTATION_CONTEXT() REPRESENTATION_CONTEXT('2D SPACE',''
  ) );
#14184 = ORIENTED_EDGE('',*,*,#14185,.T.);
#14185 = EDGE_CURVE('',#14163,#14186,#14188,.T.);
#14186 = VERTEX_POINT('',#14187);
#14187 = CARTESIAN_POINT('',(4.43E-03,1.6E-04,1.799999999998E-03));
#14188 = SURFACE_CURVE('',#14189,(#14193,#14200),.PCURVE_S1.);
#14189 = LINE('',#14190,#14191);
#14190 = CARTESIAN_POINT('',(4.43E-03,1.6E-04,-5.414335646492E-19));
#14191 = VECTOR('',#14192,1.E-03);
#14192 = DIRECTION('',(0.,0.,1.));
#14193 = PCURVE('',#14079,#14194);
#14194 = DEFINITIONAL_REPRESENTATION('',(#14195),#14199);
#14195 = LINE('',#14196,#14197);
#14196 = CARTESIAN_POINT('',(-1.309999999999E-03,1.85E-03));
#14197 = VECTOR('',#14198,1.);
#14198 = DIRECTION('',(1.,8.367114950925E-31));
#14199 = ( GEOMETRIC_REPRESENTATION_CONTEXT(2) 
PARAMETRIC_REPRESENTATION_CONTEXT() REPRESENTATION_CONTEXT('2D SPACE',''
  ) );
#14200 = PCURVE('',#13942,#14201);
#14201 = DEFINITIONAL_REPRESENTATION('',(#14202),#14206);
#14202 = LINE('',#14203,#14204);
#14203 = CARTESIAN_POINT('',(8.99999999999E-04,-1.6E-04));
#14204 = VECTOR('',#14205,1.);
#14205 = DIRECTION('',(-1.,-0.));
#14206 = ( GEOMETRIC_REPRESENTATION_CONTEXT(2) 
PARAMETRIC_REPRESENTATION_CONTEXT() REPRESENTATION_CONTEXT('2D SPACE',''
  ) );
#14207 = ORIENTED_EDGE('',*,*,#14208,.T.);
#14208 = EDGE_CURVE('',#14186,#14209,#14211,.T.);
#14209 = VERTEX_POINT('',#14210);
#14210 = CARTESIAN_POINT('',(4.63E-03,1.6E-04,1.799999999998E-03));
#14211 = SURFACE_CURVE('',#14212,(#14216,#14223),.PCURVE_S1.);
#14212 = LINE('',#14213,#14214);
#14213 = CARTESIAN_POINT('',(4.43E-03,1.6E-04,1.799999999998E-03));
#14214 = VECTOR('',#14215,1.E-03);
#14215 = DIRECTION('',(1.,-4.996003610813E-15,0.));
#14216 = PCURVE('',#14079,#14217);
#14217 = DEFINITIONAL_REPRESENTATION('',(#14218),#14222);
#14218 = LINE('',#14219,#14220);
#14219 = CARTESIAN_POINT('',(4.899999999992E-04,1.85E-03));
#14220 = VECTOR('',#14221,1.);
#14221 = DIRECTION('',(-6.002442657776E-30,1.));
#14222 = ( GEOMETRIC_REPRESENTATION_CONTEXT(2) 
PARAMETRIC_REPRESENTATION_CONTEXT() REPRESENTATION_CONTEXT('2D SPACE',''
  ) );
#14223 = PCURVE('',#13914,#14224);
#14224 = DEFINITIONAL_REPRESENTATION('',(#14225),#14229);
#14225 = LINE('',#14226,#14227);
#14226 = CARTESIAN_POINT('',(-1.E-04,1.6E-04));
#14227 = VECTOR('',#14228,1.);
#14228 = DIRECTION('',(1.,-4.996003610813E-15));
#14229 = ( GEOMETRIC_REPRESENTATION_CONTEXT(2) 
PARAMETRIC_REPRESENTATION_CONTEXT() REPRESENTATION_CONTEXT('2D SPACE',''
  ) );
#14230 = ORIENTED_EDGE('',*,*,#14231,.T.);
#14231 = EDGE_CURVE('',#14209,#14232,#14234,.T.);
#14232 = VERTEX_POINT('',#14233);
#14233 = CARTESIAN_POINT('',(4.63E-03,1.6E-04,1.919999999998E-03));
#14234 = SURFACE_CURVE('',#14235,(#14239,#14246),.PCURVE_S1.);
#14235 = LINE('',#14236,#14237);
#14236 = CARTESIAN_POINT('',(4.63E-03,1.6E-04,1.799999999998E-03));
#14237 = VECTOR('',#14238,1.E-03);
#14238 = DIRECTION('',(0.,0.,1.));
#14239 = PCURVE('',#14079,#14240);
#14240 = DEFINITIONAL_REPRESENTATION('',(#14241),#14245);
#14241 = LINE('',#14242,#14243);
#14242 = CARTESIAN_POINT('',(4.899999999992E-04,2.05E-03));
#14243 = VECTOR('',#14244,1.);
#14244 = DIRECTION('',(1.,8.367114950925E-31));
#14245 = ( GEOMETRIC_REPRESENTATION_CONTEXT(2) 
PARAMETRIC_REPRESENTATION_CONTEXT() REPRESENTATION_CONTEXT('2D SPACE',''
  ) );
#14246 = PCURVE('',#13886,#14247);
#14247 = DEFINITIONAL_REPRESENTATION('',(#14248),#14252);
#14248 = LINE('',#14249,#14250);
#14249 = CARTESIAN_POINT('',(5.999999999999E-05,-1.6E-04));
#14250 = VECTOR('',#14251,1.);
#14251 = DIRECTION('',(-1.,-0.));
#14252 = ( GEOMETRIC_REPRESENTATION_CONTEXT(2) 
PARAMETRIC_REPRESENTATION_CONTEXT() REPRESENTATION_CONTEXT('2D SPACE',''
  ) );
#14253 = ORIENTED_EDGE('',*,*,#14254,.T.);
#14254 = EDGE_CURVE('',#14232,#14255,#14257,.T.);
#14255 = VERTEX_POINT('',#14256);
#14256 = CARTESIAN_POINT('',(3.03E-03,1.6E-04,1.919999999998E-03));
#14257 = SURFACE_CURVE('',#14258,(#14262,#14269),.PCURVE_S1.);
#14258 = LINE('',#14259,#14260);
#14259 = CARTESIAN_POINT('',(4.63E-03,1.6E-04,1.919999999998E-03));
#14260 = VECTOR('',#14261,1.E-03);
#14261 = DIRECTION('',(-1.,6.245004513517E-16,0.));
#14262 = PCURVE('',#14079,#14263);
#14263 = DEFINITIONAL_REPRESENTATION('',(#14264),#14268);
#14264 = LINE('',#14265,#14266);
#14265 = CARTESIAN_POINT('',(6.099999999992E-04,2.05E-03));
#14266 = VECTOR('',#14267,1.);
#14267 = DIRECTION('',(7.50305332222E-31,-1.));
#14268 = ( GEOMETRIC_REPRESENTATION_CONTEXT(2) 
PARAMETRIC_REPRESENTATION_CONTEXT() REPRESENTATION_CONTEXT('2D SPACE',''
  ) );
#14269 = PCURVE('',#13858,#14270);
#14270 = DEFINITIONAL_REPRESENTATION('',(#14271),#14275);
#14271 = LINE('',#14272,#14273);
#14272 = CARTESIAN_POINT('',(-8.E-04,1.6E-04));
#14273 = VECTOR('',#14274,1.);
#14274 = DIRECTION('',(1.,6.245004513517E-16));
#14275 = ( GEOMETRIC_REPRESENTATION_CONTEXT(2) 
PARAMETRIC_REPRESENTATION_CONTEXT() REPRESENTATION_CONTEXT('2D SPACE',''
  ) );
#14276 = ORIENTED_EDGE('',*,*,#14277,.T.);
#14277 = EDGE_CURVE('',#14255,#14278,#14280,.T.);
#14278 = VERTEX_POINT('',#14279);
#14279 = CARTESIAN_POINT('',(3.03E-03,1.6E-04,1.799999999998E-03));
#14280 = SURFACE_CURVE('',#14281,(#14285,#14292),.PCURVE_S1.);
#14281 = LINE('',#14282,#14283);
#14282 = CARTESIAN_POINT('',(3.03E-03,1.6E-04,1.919999999998E-03));
#14283 = VECTOR('',#14284,1.E-03);
#14284 = DIRECTION('',(0.,0.,-1.));
#14285 = PCURVE('',#14079,#14286);
#14286 = DEFINITIONAL_REPRESENTATION('',(#14287),#14291);
#14287 = LINE('',#14288,#14289);
#14288 = CARTESIAN_POINT('',(6.099999999992E-04,4.5E-04));
#14289 = VECTOR('',#14290,1.);
#14290 = DIRECTION('',(-1.,-8.367114950925E-31));
#14291 = ( GEOMETRIC_REPRESENTATION_CONTEXT(2) 
PARAMETRIC_REPRESENTATION_CONTEXT() REPRESENTATION_CONTEXT('2D SPACE',''
  ) );
#14292 = PCURVE('',#13830,#14293);
#14293 = DEFINITIONAL_REPRESENTATION('',(#14294),#14298);
#14294 = LINE('',#14295,#14296);
#14295 = CARTESIAN_POINT('',(5.999999999999E-05,-1.6E-04));
#14296 = VECTOR('',#14297,1.);
#14297 = DIRECTION('',(-1.,0.));
#14298 = ( GEOMETRIC_REPRESENTATION_CONTEXT(2) 
PARAMETRIC_REPRESENTATION_CONTEXT() REPRESENTATION_CONTEXT('2D SPACE',''
  ) );
#14299 = ORIENTED_EDGE('',*,*,#14300,.T.);
#14300 = EDGE_CURVE('',#14278,#14301,#14303,.T.);
#14301 = VERTEX_POINT('',#14302);
#14302 = CARTESIAN_POINT('',(3.23E-03,1.6E-04,1.799999999998E-03));
#14303 = SURFACE_CURVE('',#14304,(#14308,#14315),.PCURVE_S1.);
#14304 = LINE('',#14305,#14306);
#14305 = CARTESIAN_POINT('',(3.03E-03,1.6E-04,1.799999999998E-03));
#14306 = VECTOR('',#14307,1.E-03);
#14307 = DIRECTION('',(1.,0.,-4.996003610813E-14));
#14308 = PCURVE('',#14079,#14309);
#14309 = DEFINITIONAL_REPRESENTATION('',(#14310),#14314);
#14310 = LINE('',#14311,#14312);
#14311 = CARTESIAN_POINT('',(4.899999999992E-04,4.5E-04));
#14312 = VECTOR('',#14313,1.);
#14313 = DIRECTION('',(-4.996003610813E-14,1.));
#14314 = ( GEOMETRIC_REPRESENTATION_CONTEXT(2) 
PARAMETRIC_REPRESENTATION_CONTEXT() REPRESENTATION_CONTEXT('2D SPACE',''
  ) );
#14315 = PCURVE('',#13802,#14316);
#14316 = DEFINITIONAL_REPRESENTATION('',(#14317),#14321);
#14317 = LINE('',#14318,#14319);
#14318 = CARTESIAN_POINT('',(-1.E-04,1.6E-04));
#14319 = VECTOR('',#14320,1.);
#14320 = DIRECTION('',(1.,5.47382212604E-43));
#14321 = ( GEOMETRIC_REPRESENTATION_CONTEXT(2) 
PARAMETRIC_REPRESENTATION_CONTEXT() REPRESENTATION_CONTEXT('2D SPACE',''
  ) );
#14322 = ORIENTED_EDGE('',*,*,#14323,.T.);
#14323 = EDGE_CURVE('',#14301,#14324,#14326,.T.);
#14324 = VERTEX_POINT('',#14325);
#14325 = CARTESIAN_POINT('',(3.23E-03,1.6E-04,-1.804778548831E-19));
#14326 = SURFACE_CURVE('',#14327,(#14331,#14338),.PCURVE_S1.);
#14327 = LINE('',#14328,#14329);
#14328 = CARTESIAN_POINT('',(3.23E-03,1.6E-04,1.799999999998E-03));
#14329 = VECTOR('',#14330,1.E-03);
#14330 = DIRECTION('',(0.,0.,-1.));
#14331 = PCURVE('',#14079,#14332);
#14332 = DEFINITIONAL_REPRESENTATION('',(#14333),#14337);
#14333 = LINE('',#14334,#14335);
#14334 = CARTESIAN_POINT('',(4.899999999992E-04,6.5E-04));
#14335 = VECTOR('',#14336,1.);
#14336 = DIRECTION('',(-1.,-8.367114950925E-31));
#14337 = ( GEOMETRIC_REPRESENTATION_CONTEXT(2) 
PARAMETRIC_REPRESENTATION_CONTEXT() REPRESENTATION_CONTEXT('2D SPACE',''
  ) );
#14338 = PCURVE('',#13774,#14339);
#14339 = DEFINITIONAL_REPRESENTATION('',(#14340),#14344);
#14340 = LINE('',#14341,#14342);
#14341 = CARTESIAN_POINT('',(1.6E-04,8.99999999999E-04));
#14342 = VECTOR('',#14343,1.);
#14343 = DIRECTION('',(0.,-1.));
#14344 = ( GEOMETRIC_REPRESENTATION_CONTEXT(2) 
PARAMETRIC_REPRESENTATION_CONTEXT() REPRESENTATION_CONTEXT('2D SPACE',''
  ) );
#14345 = ORIENTED_EDGE('',*,*,#14346,.T.);
#14346 = EDGE_CURVE('',#14324,#14347,#14349,.T.);
#14347 = VERTEX_POINT('',#14348);
#14348 = CARTESIAN_POINT('',(1.93E-03,1.6E-04,-1.804778548831E-19));
#14349 = SURFACE_CURVE('',#14350,(#14354,#14361),.PCURVE_S1.);
#14350 = LINE('',#14351,#14352);
#14351 = CARTESIAN_POINT('',(3.23E-03,1.6E-04,-5.414335646492E-19));
#14352 = VECTOR('',#14353,1.E-03);
#14353 = DIRECTION('',(-1.,-7.686159401251E-16,0.));
#14354 = PCURVE('',#14079,#14355);
#14355 = DEFINITIONAL_REPRESENTATION('',(#14356),#14360);
#14356 = LINE('',#14357,#14358);
#14357 = CARTESIAN_POINT('',(-1.309999999999E-03,6.5E-04));
#14358 = VECTOR('',#14359,1.);
#14359 = DIRECTION('',(-9.234527165809E-31,-1.));
#14360 = ( GEOMETRIC_REPRESENTATION_CONTEXT(2) 
PARAMETRIC_REPRESENTATION_CONTEXT() REPRESENTATION_CONTEXT('2D SPACE',''
  ) );
#14361 = PCURVE('',#13746,#14362);
#14362 = DEFINITIONAL_REPRESENTATION('',(#14363),#14367);
#14363 = LINE('',#14364,#14365);
#14364 = CARTESIAN_POINT('',(-6.5E-04,1.6E-04));
#14365 = VECTOR('',#14366,1.);
#14366 = DIRECTION('',(1.,-7.686159401251E-16));
#14367 = ( GEOMETRIC_REPRESENTATION_CONTEXT(2) 
PARAMETRIC_REPRESENTATION_CONTEXT() REPRESENTATION_CONTEXT('2D SPACE',''
  ) );
#14368 = ORIENTED_EDGE('',*,*,#14369,.T.);
#14369 = EDGE_CURVE('',#14347,#14370,#14372,.T.);
#14370 = VERTEX_POINT('',#14371);
#14371 = CARTESIAN_POINT('',(1.93E-03,1.6E-04,1.799999999998E-03));
#14372 = SURFACE_CURVE('',#14373,(#14377,#14384),.PCURVE_S1.);
#14373 = LINE('',#14374,#14375);
#14374 = CARTESIAN_POINT('',(1.93E-03,1.6E-04,-5.414335646492E-19));
#14375 = VECTOR('',#14376,1.E-03);
#14376 = DIRECTION('',(0.,0.,1.));
#14377 = PCURVE('',#14079,#14378);
#14378 = DEFINITIONAL_REPRESENTATION('',(#14379),#14383);
#14379 = LINE('',#14380,#14381);
#14380 = CARTESIAN_POINT('',(-1.309999999999E-03,-6.5E-04));
#14381 = VECTOR('',#14382,1.);
#14382 = DIRECTION('',(1.,8.367114950925E-31));
#14383 = ( GEOMETRIC_REPRESENTATION_CONTEXT(2) 
PARAMETRIC_REPRESENTATION_CONTEXT() REPRESENTATION_CONTEXT('2D SPACE',''
  ) );
#14384 = PCURVE('',#13718,#14385);
#14385 = DEFINITIONAL_REPRESENTATION('',(#14386),#14390);
#14386 = LINE('',#14387,#14388);
#14387 = CARTESIAN_POINT('',(8.99999999999E-04,-1.6E-04));
#14388 = VECTOR('',#14389,1.);
#14389 = DIRECTION('',(-1.,-0.));
#14390 = ( GEOMETRIC_REPRESENTATION_CONTEXT(2) 
PARAMETRIC_REPRESENTATION_CONTEXT() REPRESENTATION_CONTEXT('2D SPACE',''
  ) );
#14391 = ORIENTED_EDGE('',*,*,#14392,.T.);
#14392 = EDGE_CURVE('',#14370,#14393,#14395,.T.);
#14393 = VERTEX_POINT('',#14394);
#14394 = CARTESIAN_POINT('',(2.13E-03,1.6E-04,1.799999999998E-03));
#14395 = SURFACE_CURVE('',#14396,(#14400,#14407),.PCURVE_S1.);
#14396 = LINE('',#14397,#14398);
#14397 = CARTESIAN_POINT('',(1.93E-03,1.6E-04,1.799999999998E-03));
#14398 = VECTOR('',#14399,1.E-03);
#14399 = DIRECTION('',(1.,4.996003610813E-15,0.));
#14400 = PCURVE('',#14079,#14401);
#14401 = DEFINITIONAL_REPRESENTATION('',(#14402),#14406);
#14402 = LINE('',#14403,#14404);
#14403 = CARTESIAN_POINT('',(4.899999999992E-04,-6.5E-04));
#14404 = VECTOR('',#14405,1.);
#14405 = DIRECTION('',(6.002442657776E-30,1.));
#14406 = ( GEOMETRIC_REPRESENTATION_CONTEXT(2) 
PARAMETRIC_REPRESENTATION_CONTEXT() REPRESENTATION_CONTEXT('2D SPACE',''
  ) );
#14407 = PCURVE('',#13690,#14408);
#14408 = DEFINITIONAL_REPRESENTATION('',(#14409),#14413);
#14409 = LINE('',#14410,#14411);
#14410 = CARTESIAN_POINT('',(-1.E-04,1.6E-04));
#14411 = VECTOR('',#14412,1.);
#14412 = DIRECTION('',(1.,4.996003610813E-15));
#14413 = ( GEOMETRIC_REPRESENTATION_CONTEXT(2) 
PARAMETRIC_REPRESENTATION_CONTEXT() REPRESENTATION_CONTEXT('2D SPACE',''
  ) );
#14414 = ORIENTED_EDGE('',*,*,#14415,.T.);
#14415 = EDGE_CURVE('',#14393,#14416,#14418,.T.);
#14416 = VERTEX_POINT('',#14417);
#14417 = CARTESIAN_POINT('',(2.13E-03,1.6E-04,1.919999999998E-03));
#14418 = SURFACE_CURVE('',#14419,(#14423,#14430),.PCURVE_S1.);
#14419 = LINE('',#14420,#14421);
#14420 = CARTESIAN_POINT('',(2.13E-03,1.6E-04,1.799999999998E-03));
#14421 = VECTOR('',#14422,1.E-03);
#14422 = DIRECTION('',(0.,0.,1.));
#14423 = PCURVE('',#14079,#14424);
#14424 = DEFINITIONAL_REPRESENTATION('',(#14425),#14429);
#14425 = LINE('',#14426,#14427);
#14426 = CARTESIAN_POINT('',(4.899999999992E-04,-4.5E-04));
#14427 = VECTOR('',#14428,1.);
#14428 = DIRECTION('',(1.,8.367114950925E-31));
#14429 = ( GEOMETRIC_REPRESENTATION_CONTEXT(2) 
PARAMETRIC_REPRESENTATION_CONTEXT() REPRESENTATION_CONTEXT('2D SPACE',''
  ) );
#14430 = PCURVE('',#13662,#14431);
#14431 = DEFINITIONAL_REPRESENTATION('',(#14432),#14436);
#14432 = LINE('',#14433,#14434);
#14433 = CARTESIAN_POINT('',(5.999999999999E-05,-1.6E-04));
#14434 = VECTOR('',#14435,1.);
#14435 = DIRECTION('',(-1.,-0.));
#14436 = ( GEOMETRIC_REPRESENTATION_CONTEXT(2) 
PARAMETRIC_REPRESENTATION_CONTEXT() REPRESENTATION_CONTEXT('2D SPACE',''
  ) );
#14437 = ORIENTED_EDGE('',*,*,#14438,.T.);
#14438 = EDGE_CURVE('',#14416,#14439,#14441,.T.);
#14439 = VERTEX_POINT('',#14440);
#14440 = CARTESIAN_POINT('',(5.3E-04,1.6E-04,1.919999999998E-03));
#14441 = SURFACE_CURVE('',#14442,(#14446,#14453),.PCURVE_S1.);
#14442 = LINE('',#14443,#14444);
#14443 = CARTESIAN_POINT('',(2.13E-03,1.6E-04,1.919999999998E-03));
#14444 = VECTOR('',#14445,1.E-03);
#14445 = DIRECTION('',(-1.,0.,0.));
#14446 = PCURVE('',#14079,#14447);
#14447 = DEFINITIONAL_REPRESENTATION('',(#14448),#14452);
#14448 = LINE('',#14449,#14450);
#14449 = CARTESIAN_POINT('',(6.099999999992E-04,-4.5E-04));
#14450 = VECTOR('',#14451,1.);
#14451 = DIRECTION('',(0.,-1.));
#14452 = ( GEOMETRIC_REPRESENTATION_CONTEXT(2) 
PARAMETRIC_REPRESENTATION_CONTEXT() REPRESENTATION_CONTEXT('2D SPACE',''
  ) );
#14453 = PCURVE('',#13634,#14454);
#14454 = DEFINITIONAL_REPRESENTATION('',(#14455),#14459);
#14455 = LINE('',#14456,#14457);
#14456 = CARTESIAN_POINT('',(-8.E-04,1.6E-04));
#14457 = VECTOR('',#14458,1.);
#14458 = DIRECTION('',(1.,0.));
#14459 = ( GEOMETRIC_REPRESENTATION_CONTEXT(2) 
PARAMETRIC_REPRESENTATION_CONTEXT() REPRESENTATION_CONTEXT('2D SPACE',''
  ) );
#14460 = ORIENTED_EDGE('',*,*,#14461,.T.);
#14461 = EDGE_CURVE('',#14439,#14462,#14464,.T.);
#14462 = VERTEX_POINT('',#14463);
#14463 = CARTESIAN_POINT('',(5.3E-04,1.6E-04,1.799999999998E-03));
#14464 = SURFACE_CURVE('',#14465,(#14469,#14476),.PCURVE_S1.);
#14465 = LINE('',#14466,#14467);
#14466 = CARTESIAN_POINT('',(5.3E-04,1.6E-04,1.919999999998E-03));
#14467 = VECTOR('',#14468,1.E-03);
#14468 = DIRECTION('',(0.,0.,-1.));
#14469 = PCURVE('',#14079,#14470);
#14470 = DEFINITIONAL_REPRESENTATION('',(#14471),#14475);
#14471 = LINE('',#14472,#14473);
#14472 = CARTESIAN_POINT('',(6.099999999992E-04,-2.05E-03));
#14473 = VECTOR('',#14474,1.);
#14474 = DIRECTION('',(-1.,-8.367114950925E-31));
#14475 = ( GEOMETRIC_REPRESENTATION_CONTEXT(2) 
PARAMETRIC_REPRESENTATION_CONTEXT() REPRESENTATION_CONTEXT('2D SPACE',''
  ) );
#14476 = PCURVE('',#13606,#14477);
#14477 = DEFINITIONAL_REPRESENTATION('',(#14478),#14482);
#14478 = LINE('',#14479,#14480);
#14479 = CARTESIAN_POINT('',(1.6E-04,5.999999999999E-05));
#14480 = VECTOR('',#14481,1.);
#14481 = DIRECTION('',(0.,-1.));
#14482 = ( GEOMETRIC_REPRESENTATION_CONTEXT(2) 
PARAMETRIC_REPRESENTATION_CONTEXT() REPRESENTATION_CONTEXT('2D SPACE',''
  ) );
#14483 = ORIENTED_EDGE('',*,*,#14484,.T.);
#14484 = EDGE_CURVE('',#14462,#14485,#14487,.T.);
#14485 = VERTEX_POINT('',#14486);
#14486 = CARTESIAN_POINT('',(7.3E-04,1.6E-04,1.799999999998E-03));
#14487 = SURFACE_CURVE('',#14488,(#14492,#14499),.PCURVE_S1.);
#14488 = LINE('',#14489,#14490);
#14489 = CARTESIAN_POINT('',(5.3E-04,1.6E-04,1.799999999998E-03));
#14490 = VECTOR('',#14491,1.E-03);
#14491 = DIRECTION('',(1.,0.,-4.996003610813E-14));
#14492 = PCURVE('',#14079,#14493);
#14493 = DEFINITIONAL_REPRESENTATION('',(#14494),#14498);
#14494 = LINE('',#14495,#14496);
#14495 = CARTESIAN_POINT('',(4.899999999992E-04,-2.05E-03));
#14496 = VECTOR('',#14497,1.);
#14497 = DIRECTION('',(-4.996003610813E-14,1.));
#14498 = ( GEOMETRIC_REPRESENTATION_CONTEXT(2) 
PARAMETRIC_REPRESENTATION_CONTEXT() REPRESENTATION_CONTEXT('2D SPACE',''
  ) );
#14499 = PCURVE('',#13578,#14500);
#14500 = DEFINITIONAL_REPRESENTATION('',(#14501),#14505);
#14501 = LINE('',#14502,#14503);
#14502 = CARTESIAN_POINT('',(-1.E-04,1.6E-04));
#14503 = VECTOR('',#14504,1.);
#14504 = DIRECTION('',(1.,5.559350596992E-44));
#14505 = ( GEOMETRIC_REPRESENTATION_CONTEXT(2) 
PARAMETRIC_REPRESENTATION_CONTEXT() REPRESENTATION_CONTEXT('2D SPACE',''
  ) );
#14506 = ORIENTED_EDGE('',*,*,#14507,.T.);
#14507 = EDGE_CURVE('',#14485,#14508,#14510,.T.);
#14508 = VERTEX_POINT('',#14509);
#14509 = CARTESIAN_POINT('',(7.3E-04,1.6E-04,-1.804778548831E-19));
#14510 = SURFACE_CURVE('',#14511,(#14515,#14522),.PCURVE_S1.);
#14511 = LINE('',#14512,#14513);
#14512 = CARTESIAN_POINT('',(7.3E-04,1.6E-04,1.799999999998E-03));
#14513 = VECTOR('',#14514,1.E-03);
#14514 = DIRECTION('',(0.,-5.551115123132E-16,-1.));
#14515 = PCURVE('',#14079,#14516);
#14516 = DEFINITIONAL_REPRESENTATION('',(#14517),#14521);
#14517 = LINE('',#14518,#14519);
#14518 = CARTESIAN_POINT('',(4.899999999992E-04,-1.85E-03));
#14519 = VECTOR('',#14520,1.);
#14520 = DIRECTION('',(-1.,-4.501214260609E-31));
#14521 = ( GEOMETRIC_REPRESENTATION_CONTEXT(2) 
PARAMETRIC_REPRESENTATION_CONTEXT() REPRESENTATION_CONTEXT('2D SPACE',''
  ) );
#14522 = PCURVE('',#13550,#14523);
#14523 = DEFINITIONAL_REPRESENTATION('',(#14524),#14528);
#14524 = LINE('',#14525,#14526);
#14525 = CARTESIAN_POINT('',(1.6E-04,8.99999999999E-04));
#14526 = VECTOR('',#14527,1.);
#14527 = DIRECTION('',(-5.551115123132E-16,-1.));
#14528 = ( GEOMETRIC_REPRESENTATION_CONTEXT(2) 
PARAMETRIC_REPRESENTATION_CONTEXT() REPRESENTATION_CONTEXT('2D SPACE',''
  ) );
#14529 = ORIENTED_EDGE('',*,*,#14530,.F.);
#14530 = EDGE_CURVE('',#14116,#14508,#14531,.T.);
#14531 = SURFACE_CURVE('',#14532,(#14536,#14543),.PCURVE_S1.);
#14532 = LINE('',#14533,#14534);
#14533 = CARTESIAN_POINT('',(1.624300693948E-18,1.6E-04,
    -5.414335646492E-19));
#14534 = VECTOR('',#14535,1.E-03);
#14535 = DIRECTION('',(1.,-1.368768112552E-15,0.));
#14536 = PCURVE('',#14079,#14537);
#14537 = DEFINITIONAL_REPRESENTATION('',(#14538),#14542);
#14538 = LINE('',#14539,#14540);
#14539 = CARTESIAN_POINT('',(-1.309999999999E-03,-2.58E-03));
#14540 = VECTOR('',#14541,1.);
#14541 = DIRECTION('',(-1.644504837747E-30,1.));
#14542 = ( GEOMETRIC_REPRESENTATION_CONTEXT(2) 
PARAMETRIC_REPRESENTATION_CONTEXT() REPRESENTATION_CONTEXT('2D SPACE',''
  ) );
#14543 = PCURVE('',#13522,#14544);
#14544 = DEFINITIONAL_REPRESENTATION('',(#14545),#14549);
#14545 = LINE('',#14546,#14547);
#14546 = CARTESIAN_POINT('',(3.65E-04,1.6E-04));
#14547 = VECTOR('',#14548,1.);
#14548 = DIRECTION('',(-1.,-1.368768112552E-15));
#14549 = ( GEOMETRIC_REPRESENTATION_CONTEXT(2) 
PARAMETRIC_REPRESENTATION_CONTEXT() REPRESENTATION_CONTEXT('2D SPACE',''
  ) );
#14550 = ADVANCED_FACE('',(#14551),#13998,.T.);
#14551 = FACE_BOUND('',#14552,.T.);
#14552 = EDGE_LOOP('',(#14553,#14554,#14575,#14576));
#14553 = ORIENTED_EDGE('',*,*,#13982,.F.);
#14554 = ORIENTED_EDGE('',*,*,#14555,.T.);
#14555 = EDGE_CURVE('',#13955,#14140,#14556,.T.);
#14556 = SURFACE_CURVE('',#14557,(#14561,#14568),.PCURVE_S1.);
#14557 = LINE('',#14558,#14559);
#14558 = CARTESIAN_POINT('',(5.16E-03,-1.6E-04,-5.414335646492E-19));
#14559 = VECTOR('',#14560,1.E-03);
#14560 = DIRECTION('',(0.,1.,0.));
#14561 = PCURVE('',#13998,#14562);
#14562 = DEFINITIONAL_REPRESENTATION('',(#14563),#14567);
#14563 = LINE('',#14564,#14565);
#14564 = CARTESIAN_POINT('',(-1.6E-04,-1.055993575699E-03));
#14565 = VECTOR('',#14566,1.);
#14566 = DIRECTION('',(1.,0.));
#14567 = ( GEOMETRIC_REPRESENTATION_CONTEXT(2) 
PARAMETRIC_REPRESENTATION_CONTEXT() REPRESENTATION_CONTEXT('2D SPACE',''
  ) );
#14568 = PCURVE('',#13970,#14569);
#14569 = DEFINITIONAL_REPRESENTATION('',(#14570),#14574);
#14570 = LINE('',#14571,#14572);
#14571 = CARTESIAN_POINT('',(-3.65E-04,-1.6E-04));
#14572 = VECTOR('',#14573,1.);
#14573 = DIRECTION('',(0.,1.));
#14574 = ( GEOMETRIC_REPRESENTATION_CONTEXT(2) 
PARAMETRIC_REPRESENTATION_CONTEXT() REPRESENTATION_CONTEXT('2D SPACE',''
  ) );
#14575 = ORIENTED_EDGE('',*,*,#14139,.F.);
#14576 = ORIENTED_EDGE('',*,*,#14040,.F.);
#14577 = ADVANCED_FACE('',(#14578),#13970,.T.);
#14578 = FACE_BOUND('',#14579,.T.);
#14579 = EDGE_LOOP('',(#14580,#14581,#14582,#14603));
#14580 = ORIENTED_EDGE('',*,*,#14555,.F.);
#14581 = ORIENTED_EDGE('',*,*,#13954,.F.);
#14582 = ORIENTED_EDGE('',*,*,#14583,.T.);
#14583 = EDGE_CURVE('',#13927,#14163,#14584,.T.);
#14584 = SURFACE_CURVE('',#14585,(#14589,#14596),.PCURVE_S1.);
#14585 = LINE('',#14586,#14587);
#14586 = CARTESIAN_POINT('',(4.43E-03,-1.6E-04,-5.414335646492E-19));
#14587 = VECTOR('',#14588,1.E-03);
#14588 = DIRECTION('',(0.,1.,0.));
#14589 = PCURVE('',#13970,#14590);
#14590 = DEFINITIONAL_REPRESENTATION('',(#14591),#14595);
#14591 = LINE('',#14592,#14593);
#14592 = CARTESIAN_POINT('',(3.65E-04,-1.6E-04));
#14593 = VECTOR('',#14594,1.);
#14594 = DIRECTION('',(0.,1.));
#14595 = ( GEOMETRIC_REPRESENTATION_CONTEXT(2) 
PARAMETRIC_REPRESENTATION_CONTEXT() REPRESENTATION_CONTEXT('2D SPACE',''
  ) );
#14596 = PCURVE('',#13942,#14597);
#14597 = DEFINITIONAL_REPRESENTATION('',(#14598),#14602);
#14598 = LINE('',#14599,#14600);
#14599 = CARTESIAN_POINT('',(8.99999999999E-04,1.6E-04));
#14600 = VECTOR('',#14601,1.);
#14601 = DIRECTION('',(0.,-1.));
#14602 = ( GEOMETRIC_REPRESENTATION_CONTEXT(2) 
PARAMETRIC_REPRESENTATION_CONTEXT() REPRESENTATION_CONTEXT('2D SPACE',''
  ) );
#14603 = ORIENTED_EDGE('',*,*,#14162,.F.);
#14604 = ADVANCED_FACE('',(#14605),#13942,.T.);
#14605 = FACE_BOUND('',#14606,.T.);
#14606 = EDGE_LOOP('',(#14607,#14628,#14629,#14630));
#14607 = ORIENTED_EDGE('',*,*,#14608,.T.);
#14608 = EDGE_CURVE('',#13899,#14186,#14609,.T.);
#14609 = SURFACE_CURVE('',#14610,(#14614,#14621),.PCURVE_S1.);
#14610 = LINE('',#14611,#14612);
#14611 = CARTESIAN_POINT('',(4.43E-03,-1.6E-04,1.799999999998E-03));
#14612 = VECTOR('',#14613,1.E-03);
#14613 = DIRECTION('',(0.,1.,0.));
#14614 = PCURVE('',#13942,#14615);
#14615 = DEFINITIONAL_REPRESENTATION('',(#14616),#14620);
#14616 = LINE('',#14617,#14618);
#14617 = CARTESIAN_POINT('',(-8.99999999999E-04,1.6E-04));
#14618 = VECTOR('',#14619,1.);
#14619 = DIRECTION('',(0.,-1.));
#14620 = ( GEOMETRIC_REPRESENTATION_CONTEXT(2) 
PARAMETRIC_REPRESENTATION_CONTEXT() REPRESENTATION_CONTEXT('2D SPACE',''
  ) );
#14621 = PCURVE('',#13914,#14622);
#14622 = DEFINITIONAL_REPRESENTATION('',(#14623),#14627);
#14623 = LINE('',#14624,#14625);
#14624 = CARTESIAN_POINT('',(-1.E-04,-1.6E-04));
#14625 = VECTOR('',#14626,1.);
#14626 = DIRECTION('',(0.,1.));
#14627 = ( GEOMETRIC_REPRESENTATION_CONTEXT(2) 
PARAMETRIC_REPRESENTATION_CONTEXT() REPRESENTATION_CONTEXT('2D SPACE',''
  ) );
#14628 = ORIENTED_EDGE('',*,*,#14185,.F.);
#14629 = ORIENTED_EDGE('',*,*,#14583,.F.);
#14630 = ORIENTED_EDGE('',*,*,#13926,.F.);
#14631 = ADVANCED_FACE('',(#14632),#13914,.T.);
#14632 = FACE_BOUND('',#14633,.T.);
#14633 = EDGE_LOOP('',(#14634,#14655,#14656,#14657));
#14634 = ORIENTED_EDGE('',*,*,#14635,.T.);
#14635 = EDGE_CURVE('',#13871,#14209,#14636,.T.);
#14636 = SURFACE_CURVE('',#14637,(#14641,#14648),.PCURVE_S1.);
#14637 = LINE('',#14638,#14639);
#14638 = CARTESIAN_POINT('',(4.63E-03,-1.6E-04,1.799999999998E-03));
#14639 = VECTOR('',#14640,1.E-03);
#14640 = DIRECTION('',(0.,1.,0.));
#14641 = PCURVE('',#13914,#14642);
#14642 = DEFINITIONAL_REPRESENTATION('',(#14643),#14647);
#14643 = LINE('',#14644,#14645);
#14644 = CARTESIAN_POINT('',(1.E-04,-1.6E-04));
#14645 = VECTOR('',#14646,1.);
#14646 = DIRECTION('',(0.,1.));
#14647 = ( GEOMETRIC_REPRESENTATION_CONTEXT(2) 
PARAMETRIC_REPRESENTATION_CONTEXT() REPRESENTATION_CONTEXT('2D SPACE',''
  ) );
#14648 = PCURVE('',#13886,#14649);
#14649 = DEFINITIONAL_REPRESENTATION('',(#14650),#14654);
#14650 = LINE('',#14651,#14652);
#14651 = CARTESIAN_POINT('',(5.999999999999E-05,1.6E-04));
#14652 = VECTOR('',#14653,1.);
#14653 = DIRECTION('',(0.,-1.));
#14654 = ( GEOMETRIC_REPRESENTATION_CONTEXT(2) 
PARAMETRIC_REPRESENTATION_CONTEXT() REPRESENTATION_CONTEXT('2D SPACE',''
  ) );
#14655 = ORIENTED_EDGE('',*,*,#14208,.F.);
#14656 = ORIENTED_EDGE('',*,*,#14608,.F.);
#14657 = ORIENTED_EDGE('',*,*,#13898,.F.);
#14658 = ADVANCED_FACE('',(#14659),#13886,.T.);
#14659 = FACE_BOUND('',#14660,.T.);
#14660 = EDGE_LOOP('',(#14661,#14682,#14683,#14684));
#14661 = ORIENTED_EDGE('',*,*,#14662,.T.);
#14662 = EDGE_CURVE('',#13843,#14232,#14663,.T.);
#14663 = SURFACE_CURVE('',#14664,(#14668,#14675),.PCURVE_S1.);
#14664 = LINE('',#14665,#14666);
#14665 = CARTESIAN_POINT('',(4.63E-03,-1.6E-04,1.919999999998E-03));
#14666 = VECTOR('',#14667,1.E-03);
#14667 = DIRECTION('',(0.,1.,0.));
#14668 = PCURVE('',#13886,#14669);
#14669 = DEFINITIONAL_REPRESENTATION('',(#14670),#14674);
#14670 = LINE('',#14671,#14672);
#14671 = CARTESIAN_POINT('',(-5.999999999999E-05,1.6E-04));
#14672 = VECTOR('',#14673,1.);
#14673 = DIRECTION('',(0.,-1.));
#14674 = ( GEOMETRIC_REPRESENTATION_CONTEXT(2) 
PARAMETRIC_REPRESENTATION_CONTEXT() REPRESENTATION_CONTEXT('2D SPACE',''
  ) );
#14675 = PCURVE('',#13858,#14676);
#14676 = DEFINITIONAL_REPRESENTATION('',(#14677),#14681);
#14677 = LINE('',#14678,#14679);
#14678 = CARTESIAN_POINT('',(-8.E-04,-1.6E-04));
#14679 = VECTOR('',#14680,1.);
#14680 = DIRECTION('',(0.,1.));
#14681 = ( GEOMETRIC_REPRESENTATION_CONTEXT(2) 
PARAMETRIC_REPRESENTATION_CONTEXT() REPRESENTATION_CONTEXT('2D SPACE',''
  ) );
#14682 = ORIENTED_EDGE('',*,*,#14231,.F.);
#14683 = ORIENTED_EDGE('',*,*,#14635,.F.);
#14684 = ORIENTED_EDGE('',*,*,#13870,.F.);
#14685 = ADVANCED_FACE('',(#14686),#13858,.T.);
#14686 = FACE_BOUND('',#14687,.T.);
#14687 = EDGE_LOOP('',(#14688,#14709,#14710,#14711));
#14688 = ORIENTED_EDGE('',*,*,#14689,.T.);
#14689 = EDGE_CURVE('',#13815,#14255,#14690,.T.);
#14690 = SURFACE_CURVE('',#14691,(#14695,#14702),.PCURVE_S1.);
#14691 = LINE('',#14692,#14693);
#14692 = CARTESIAN_POINT('',(3.03E-03,-1.6E-04,1.919999999998E-03));
#14693 = VECTOR('',#14694,1.E-03);
#14694 = DIRECTION('',(0.,1.,0.));
#14695 = PCURVE('',#13858,#14696);
#14696 = DEFINITIONAL_REPRESENTATION('',(#14697),#14701);
#14697 = LINE('',#14698,#14699);
#14698 = CARTESIAN_POINT('',(8.E-04,-1.6E-04));
#14699 = VECTOR('',#14700,1.);
#14700 = DIRECTION('',(0.,1.));
#14701 = ( GEOMETRIC_REPRESENTATION_CONTEXT(2) 
PARAMETRIC_REPRESENTATION_CONTEXT() REPRESENTATION_CONTEXT('2D SPACE',''
  ) );
#14702 = PCURVE('',#13830,#14703);
#14703 = DEFINITIONAL_REPRESENTATION('',(#14704),#14708);
#14704 = LINE('',#14705,#14706);
#14705 = CARTESIAN_POINT('',(5.999999999999E-05,1.6E-04));
#14706 = VECTOR('',#14707,1.);
#14707 = DIRECTION('',(0.,-1.));
#14708 = ( GEOMETRIC_REPRESENTATION_CONTEXT(2) 
PARAMETRIC_REPRESENTATION_CONTEXT() REPRESENTATION_CONTEXT('2D SPACE',''
  ) );
#14709 = ORIENTED_EDGE('',*,*,#14254,.F.);
#14710 = ORIENTED_EDGE('',*,*,#14662,.F.);
#14711 = ORIENTED_EDGE('',*,*,#13842,.F.);
#14712 = ADVANCED_FACE('',(#14713),#13830,.T.);
#14713 = FACE_BOUND('',#14714,.T.);
#14714 = EDGE_LOOP('',(#14715,#14736,#14737,#14738));
#14715 = ORIENTED_EDGE('',*,*,#14716,.T.);
#14716 = EDGE_CURVE('',#13787,#14278,#14717,.T.);
#14717 = SURFACE_CURVE('',#14718,(#14722,#14729),.PCURVE_S1.);
#14718 = LINE('',#14719,#14720);
#14719 = CARTESIAN_POINT('',(3.03E-03,-1.6E-04,1.799999999998E-03));
#14720 = VECTOR('',#14721,1.E-03);
#14721 = DIRECTION('',(0.,1.,0.));
#14722 = PCURVE('',#13830,#14723);
#14723 = DEFINITIONAL_REPRESENTATION('',(#14724),#14728);
#14724 = LINE('',#14725,#14726);
#14725 = CARTESIAN_POINT('',(-5.999999999999E-05,1.6E-04));
#14726 = VECTOR('',#14727,1.);
#14727 = DIRECTION('',(0.,-1.));
#14728 = ( GEOMETRIC_REPRESENTATION_CONTEXT(2) 
PARAMETRIC_REPRESENTATION_CONTEXT() REPRESENTATION_CONTEXT('2D SPACE',''
  ) );
#14729 = PCURVE('',#13802,#14730);
#14730 = DEFINITIONAL_REPRESENTATION('',(#14731),#14735);
#14731 = LINE('',#14732,#14733);
#14732 = CARTESIAN_POINT('',(-1.E-04,-1.6E-04));
#14733 = VECTOR('',#14734,1.);
#14734 = DIRECTION('',(0.,1.));
#14735 = ( GEOMETRIC_REPRESENTATION_CONTEXT(2) 
PARAMETRIC_REPRESENTATION_CONTEXT() REPRESENTATION_CONTEXT('2D SPACE',''
  ) );
#14736 = ORIENTED_EDGE('',*,*,#14277,.F.);
#14737 = ORIENTED_EDGE('',*,*,#14689,.F.);
#14738 = ORIENTED_EDGE('',*,*,#13814,.F.);
#14739 = ADVANCED_FACE('',(#14740),#13802,.T.);
#14740 = FACE_BOUND('',#14741,.T.);
#14741 = EDGE_LOOP('',(#14742,#14763,#14764,#14765));
#14742 = ORIENTED_EDGE('',*,*,#14743,.T.);
#14743 = EDGE_CURVE('',#13759,#14301,#14744,.T.);
#14744 = SURFACE_CURVE('',#14745,(#14749,#14756),.PCURVE_S1.);
#14745 = LINE('',#14746,#14747);
#14746 = CARTESIAN_POINT('',(3.23E-03,-1.6E-04,1.799999999998E-03));
#14747 = VECTOR('',#14748,1.E-03);
#14748 = DIRECTION('',(3.191891195797E-14,1.,0.));
#14749 = PCURVE('',#13802,#14750);
#14750 = DEFINITIONAL_REPRESENTATION('',(#14751),#14755);
#14751 = LINE('',#14752,#14753);
#14752 = CARTESIAN_POINT('',(1.E-04,-1.6E-04));
#14753 = VECTOR('',#14754,1.);
#14754 = DIRECTION('',(3.191891195797E-14,1.));
#14755 = ( GEOMETRIC_REPRESENTATION_CONTEXT(2) 
PARAMETRIC_REPRESENTATION_CONTEXT() REPRESENTATION_CONTEXT('2D SPACE',''
  ) );
#14756 = PCURVE('',#13774,#14757);
#14757 = DEFINITIONAL_REPRESENTATION('',(#14758),#14762);
#14758 = LINE('',#14759,#14760);
#14759 = CARTESIAN_POINT('',(-1.6E-04,8.99999999999E-04));
#14760 = VECTOR('',#14761,1.);
#14761 = DIRECTION('',(1.,0.));
#14762 = ( GEOMETRIC_REPRESENTATION_CONTEXT(2) 
PARAMETRIC_REPRESENTATION_CONTEXT() REPRESENTATION_CONTEXT('2D SPACE',''
  ) );
#14763 = ORIENTED_EDGE('',*,*,#14300,.F.);
#14764 = ORIENTED_EDGE('',*,*,#14716,.F.);
#14765 = ORIENTED_EDGE('',*,*,#13786,.F.);
#14766 = ADVANCED_FACE('',(#14767),#13774,.T.);
#14767 = FACE_BOUND('',#14768,.T.);
#14768 = EDGE_LOOP('',(#14769,#14770,#14771,#14792));
#14769 = ORIENTED_EDGE('',*,*,#14743,.F.);
#14770 = ORIENTED_EDGE('',*,*,#13758,.F.);
#14771 = ORIENTED_EDGE('',*,*,#14772,.T.);
#14772 = EDGE_CURVE('',#13731,#14324,#14773,.T.);
#14773 = SURFACE_CURVE('',#14774,(#14778,#14785),.PCURVE_S1.);
#14774 = LINE('',#14775,#14776);
#14775 = CARTESIAN_POINT('',(3.23E-03,-1.6E-04,-5.414335646492E-19));
#14776 = VECTOR('',#14777,1.E-03);
#14777 = DIRECTION('',(3.191891195797E-14,1.,0.));
#14778 = PCURVE('',#13774,#14779);
#14779 = DEFINITIONAL_REPRESENTATION('',(#14780),#14784);
#14780 = LINE('',#14781,#14782);
#14781 = CARTESIAN_POINT('',(-1.6E-04,-8.99999999999E-04));
#14782 = VECTOR('',#14783,1.);
#14783 = DIRECTION('',(1.,0.));
#14784 = ( GEOMETRIC_REPRESENTATION_CONTEXT(2) 
PARAMETRIC_REPRESENTATION_CONTEXT() REPRESENTATION_CONTEXT('2D SPACE',''
  ) );
#14785 = PCURVE('',#13746,#14786);
#14786 = DEFINITIONAL_REPRESENTATION('',(#14787),#14791);
#14787 = LINE('',#14788,#14789);
#14788 = CARTESIAN_POINT('',(-6.5E-04,-1.6E-04));
#14789 = VECTOR('',#14790,1.);
#14790 = DIRECTION('',(-3.191891195797E-14,1.));
#14791 = ( GEOMETRIC_REPRESENTATION_CONTEXT(2) 
PARAMETRIC_REPRESENTATION_CONTEXT() REPRESENTATION_CONTEXT('2D SPACE',''
  ) );
#14792 = ORIENTED_EDGE('',*,*,#14323,.F.);
#14793 = ADVANCED_FACE('',(#14794),#13746,.T.);
#14794 = FACE_BOUND('',#14795,.T.);
#14795 = EDGE_LOOP('',(#14796,#14797,#14798,#14819));
#14796 = ORIENTED_EDGE('',*,*,#14772,.F.);
#14797 = ORIENTED_EDGE('',*,*,#13730,.F.);
#14798 = ORIENTED_EDGE('',*,*,#14799,.T.);
#14799 = EDGE_CURVE('',#13703,#14347,#14800,.T.);
#14800 = SURFACE_CURVE('',#14801,(#14805,#14812),.PCURVE_S1.);
#14801 = LINE('',#14802,#14803);
#14802 = CARTESIAN_POINT('',(1.93E-03,-1.6E-04,-5.414335646492E-19));
#14803 = VECTOR('',#14804,1.E-03);
#14804 = DIRECTION('',(0.,1.,0.));
#14805 = PCURVE('',#13746,#14806);
#14806 = DEFINITIONAL_REPRESENTATION('',(#14807),#14811);
#14807 = LINE('',#14808,#14809);
#14808 = CARTESIAN_POINT('',(6.5E-04,-1.6E-04));
#14809 = VECTOR('',#14810,1.);
#14810 = DIRECTION('',(0.,1.));
#14811 = ( GEOMETRIC_REPRESENTATION_CONTEXT(2) 
PARAMETRIC_REPRESENTATION_CONTEXT() REPRESENTATION_CONTEXT('2D SPACE',''
  ) );
#14812 = PCURVE('',#13718,#14813);
#14813 = DEFINITIONAL_REPRESENTATION('',(#14814),#14818);
#14814 = LINE('',#14815,#14816);
#14815 = CARTESIAN_POINT('',(8.99999999999E-04,1.6E-04));
#14816 = VECTOR('',#14817,1.);
#14817 = DIRECTION('',(0.,-1.));
#14818 = ( GEOMETRIC_REPRESENTATION_CONTEXT(2) 
PARAMETRIC_REPRESENTATION_CONTEXT() REPRESENTATION_CONTEXT('2D SPACE',''
  ) );
#14819 = ORIENTED_EDGE('',*,*,#14346,.F.);
#14820 = ADVANCED_FACE('',(#14821),#13718,.T.);
#14821 = FACE_BOUND('',#14822,.T.);
#14822 = EDGE_LOOP('',(#14823,#14844,#14845,#14846));
#14823 = ORIENTED_EDGE('',*,*,#14824,.T.);
#14824 = EDGE_CURVE('',#13675,#14370,#14825,.T.);
#14825 = SURFACE_CURVE('',#14826,(#14830,#14837),.PCURVE_S1.);
#14826 = LINE('',#14827,#14828);
#14827 = CARTESIAN_POINT('',(1.93E-03,-1.6E-04,1.799999999998E-03));
#14828 = VECTOR('',#14829,1.E-03);
#14829 = DIRECTION('',(0.,1.,0.));
#14830 = PCURVE('',#13718,#14831);
#14831 = DEFINITIONAL_REPRESENTATION('',(#14832),#14836);
#14832 = LINE('',#14833,#14834);
#14833 = CARTESIAN_POINT('',(-8.99999999999E-04,1.6E-04));
#14834 = VECTOR('',#14835,1.);
#14835 = DIRECTION('',(0.,-1.));
#14836 = ( GEOMETRIC_REPRESENTATION_CONTEXT(2) 
PARAMETRIC_REPRESENTATION_CONTEXT() REPRESENTATION_CONTEXT('2D SPACE',''
  ) );
#14837 = PCURVE('',#13690,#14838);
#14838 = DEFINITIONAL_REPRESENTATION('',(#14839),#14843);
#14839 = LINE('',#14840,#14841);
#14840 = CARTESIAN_POINT('',(-1.E-04,-1.6E-04));
#14841 = VECTOR('',#14842,1.);
#14842 = DIRECTION('',(0.,1.));
#14843 = ( GEOMETRIC_REPRESENTATION_CONTEXT(2) 
PARAMETRIC_REPRESENTATION_CONTEXT() REPRESENTATION_CONTEXT('2D SPACE',''
  ) );
#14844 = ORIENTED_EDGE('',*,*,#14369,.F.);
#14845 = ORIENTED_EDGE('',*,*,#14799,.F.);
#14846 = ORIENTED_EDGE('',*,*,#13702,.F.);
#14847 = ADVANCED_FACE('',(#14848),#13690,.T.);
#14848 = FACE_BOUND('',#14849,.T.);
#14849 = EDGE_LOOP('',(#14850,#14871,#14872,#14873));
#14850 = ORIENTED_EDGE('',*,*,#14851,.T.);
#14851 = EDGE_CURVE('',#13647,#14393,#14852,.T.);
#14852 = SURFACE_CURVE('',#14853,(#14857,#14864),.PCURVE_S1.);
#14853 = LINE('',#14854,#14855);
#14854 = CARTESIAN_POINT('',(2.13E-03,-1.6E-04,1.799999999998E-03));
#14855 = VECTOR('',#14856,1.E-03);
#14856 = DIRECTION('',(0.,1.,0.));
#14857 = PCURVE('',#13690,#14858);
#14858 = DEFINITIONAL_REPRESENTATION('',(#14859),#14863);
#14859 = LINE('',#14860,#14861);
#14860 = CARTESIAN_POINT('',(1.E-04,-1.6E-04));
#14861 = VECTOR('',#14862,1.);
#14862 = DIRECTION('',(0.,1.));
#14863 = ( GEOMETRIC_REPRESENTATION_CONTEXT(2) 
PARAMETRIC_REPRESENTATION_CONTEXT() REPRESENTATION_CONTEXT('2D SPACE',''
  ) );
#14864 = PCURVE('',#13662,#14865);
#14865 = DEFINITIONAL_REPRESENTATION('',(#14866),#14870);
#14866 = LINE('',#14867,#14868);
#14867 = CARTESIAN_POINT('',(5.999999999999E-05,1.6E-04));
#14868 = VECTOR('',#14869,1.);
#14869 = DIRECTION('',(0.,-1.));
#14870 = ( GEOMETRIC_REPRESENTATION_CONTEXT(2) 
PARAMETRIC_REPRESENTATION_CONTEXT() REPRESENTATION_CONTEXT('2D SPACE',''
  ) );
#14871 = ORIENTED_EDGE('',*,*,#14392,.F.);
#14872 = ORIENTED_EDGE('',*,*,#14824,.F.);
#14873 = ORIENTED_EDGE('',*,*,#13674,.F.);
#14874 = ADVANCED_FACE('',(#14875),#13662,.T.);
#14875 = FACE_BOUND('',#14876,.T.);
#14876 = EDGE_LOOP('',(#14877,#14898,#14899,#14900));
#14877 = ORIENTED_EDGE('',*,*,#14878,.T.);
#14878 = EDGE_CURVE('',#13619,#14416,#14879,.T.);
#14879 = SURFACE_CURVE('',#14880,(#14884,#14891),.PCURVE_S1.);
#14880 = LINE('',#14881,#14882);
#14881 = CARTESIAN_POINT('',(2.13E-03,-1.6E-04,1.919999999998E-03));
#14882 = VECTOR('',#14883,1.E-03);
#14883 = DIRECTION('',(0.,1.,0.));
#14884 = PCURVE('',#13662,#14885);
#14885 = DEFINITIONAL_REPRESENTATION('',(#14886),#14890);
#14886 = LINE('',#14887,#14888);
#14887 = CARTESIAN_POINT('',(-5.999999999999E-05,1.6E-04));
#14888 = VECTOR('',#14889,1.);
#14889 = DIRECTION('',(0.,-1.));
#14890 = ( GEOMETRIC_REPRESENTATION_CONTEXT(2) 
PARAMETRIC_REPRESENTATION_CONTEXT() REPRESENTATION_CONTEXT('2D SPACE',''
  ) );
#14891 = PCURVE('',#13634,#14892);
#14892 = DEFINITIONAL_REPRESENTATION('',(#14893),#14897);
#14893 = LINE('',#14894,#14895);
#14894 = CARTESIAN_POINT('',(-8.E-04,-1.6E-04));
#14895 = VECTOR('',#14896,1.);
#14896 = DIRECTION('',(0.,1.));
#14897 = ( GEOMETRIC_REPRESENTATION_CONTEXT(2) 
PARAMETRIC_REPRESENTATION_CONTEXT() REPRESENTATION_CONTEXT('2D SPACE',''
  ) );
#14898 = ORIENTED_EDGE('',*,*,#14415,.F.);
#14899 = ORIENTED_EDGE('',*,*,#14851,.F.);
#14900 = ORIENTED_EDGE('',*,*,#13646,.F.);
#14901 = ADVANCED_FACE('',(#14902),#13634,.T.);
#14902 = FACE_BOUND('',#14903,.T.);
#14903 = EDGE_LOOP('',(#14904,#14925,#14926,#14927));
#14904 = ORIENTED_EDGE('',*,*,#14905,.T.);
#14905 = EDGE_CURVE('',#13591,#14439,#14906,.T.);
#14906 = SURFACE_CURVE('',#14907,(#14911,#14918),.PCURVE_S1.);
#14907 = LINE('',#14908,#14909);
#14908 = CARTESIAN_POINT('',(5.3E-04,-1.6E-04,1.919999999998E-03));
#14909 = VECTOR('',#14910,1.E-03);
#14910 = DIRECTION('',(3.122502256758E-15,1.,0.));
#14911 = PCURVE('',#13634,#14912);
#14912 = DEFINITIONAL_REPRESENTATION('',(#14913),#14917);
#14913 = LINE('',#14914,#14915);
#14914 = CARTESIAN_POINT('',(8.E-04,-1.6E-04));
#14915 = VECTOR('',#14916,1.);
#14916 = DIRECTION('',(-3.122502256758E-15,1.));
#14917 = ( GEOMETRIC_REPRESENTATION_CONTEXT(2) 
PARAMETRIC_REPRESENTATION_CONTEXT() REPRESENTATION_CONTEXT('2D SPACE',''
  ) );
#14918 = PCURVE('',#13606,#14919);
#14919 = DEFINITIONAL_REPRESENTATION('',(#14920),#14924);
#14920 = LINE('',#14921,#14922);
#14921 = CARTESIAN_POINT('',(-1.6E-04,5.999999999999E-05));
#14922 = VECTOR('',#14923,1.);
#14923 = DIRECTION('',(1.,0.));
#14924 = ( GEOMETRIC_REPRESENTATION_CONTEXT(2) 
PARAMETRIC_REPRESENTATION_CONTEXT() REPRESENTATION_CONTEXT('2D SPACE',''
  ) );
#14925 = ORIENTED_EDGE('',*,*,#14438,.F.);
#14926 = ORIENTED_EDGE('',*,*,#14878,.F.);
#14927 = ORIENTED_EDGE('',*,*,#13618,.F.);
#14928 = ADVANCED_FACE('',(#14929),#13606,.T.);
#14929 = FACE_BOUND('',#14930,.T.);
#14930 = EDGE_LOOP('',(#14931,#14952,#14953,#14954));
#14931 = ORIENTED_EDGE('',*,*,#14932,.T.);
#14932 = EDGE_CURVE('',#13563,#14462,#14933,.T.);
#14933 = SURFACE_CURVE('',#14934,(#14938,#14945),.PCURVE_S1.);
#14934 = LINE('',#14935,#14936);
#14935 = CARTESIAN_POINT('',(5.3E-04,-1.6E-04,1.799999999998E-03));
#14936 = VECTOR('',#14937,1.E-03);
#14937 = DIRECTION('',(3.122502256758E-15,1.,0.));
#14938 = PCURVE('',#13606,#14939);
#14939 = DEFINITIONAL_REPRESENTATION('',(#14940),#14944);
#14940 = LINE('',#14941,#14942);
#14941 = CARTESIAN_POINT('',(-1.6E-04,-5.999999999999E-05));
#14942 = VECTOR('',#14943,1.);
#14943 = DIRECTION('',(1.,0.));
#14944 = ( GEOMETRIC_REPRESENTATION_CONTEXT(2) 
PARAMETRIC_REPRESENTATION_CONTEXT() REPRESENTATION_CONTEXT('2D SPACE',''
  ) );
#14945 = PCURVE('',#13578,#14946);
#14946 = DEFINITIONAL_REPRESENTATION('',(#14947),#14951);
#14947 = LINE('',#14948,#14949);
#14948 = CARTESIAN_POINT('',(-1.E-04,-1.6E-04));
#14949 = VECTOR('',#14950,1.);
#14950 = DIRECTION('',(3.122502256758E-15,1.));
#14951 = ( GEOMETRIC_REPRESENTATION_CONTEXT(2) 
PARAMETRIC_REPRESENTATION_CONTEXT() REPRESENTATION_CONTEXT('2D SPACE',''
  ) );
#14952 = ORIENTED_EDGE('',*,*,#14461,.F.);
#14953 = ORIENTED_EDGE('',*,*,#14905,.F.);
#14954 = ORIENTED_EDGE('',*,*,#13590,.F.);
#14955 = ADVANCED_FACE('',(#14956),#13578,.T.);
#14956 = FACE_BOUND('',#14957,.T.);
#14957 = EDGE_LOOP('',(#14958,#14979,#14980,#14981));
#14958 = ORIENTED_EDGE('',*,*,#14959,.T.);
#14959 = EDGE_CURVE('',#13535,#14485,#14960,.T.);
#14960 = SURFACE_CURVE('',#14961,(#14965,#14972),.PCURVE_S1.);
#14961 = LINE('',#14962,#14963);
#14962 = CARTESIAN_POINT('',(7.3E-04,-1.6E-04,1.799999999998E-03));
#14963 = VECTOR('',#14964,1.E-03);
#14964 = DIRECTION('',(3.122502256758E-15,1.,0.));
#14965 = PCURVE('',#13578,#14966);
#14966 = DEFINITIONAL_REPRESENTATION('',(#14967),#14971);
#14967 = LINE('',#14968,#14969);
#14968 = CARTESIAN_POINT('',(1.E-04,-1.6E-04));
#14969 = VECTOR('',#14970,1.);
#14970 = DIRECTION('',(3.122502256758E-15,1.));
#14971 = ( GEOMETRIC_REPRESENTATION_CONTEXT(2) 
PARAMETRIC_REPRESENTATION_CONTEXT() REPRESENTATION_CONTEXT('2D SPACE',''
  ) );
#14972 = PCURVE('',#13550,#14973);
#14973 = DEFINITIONAL_REPRESENTATION('',(#14974),#14978);
#14974 = LINE('',#14975,#14976);
#14975 = CARTESIAN_POINT('',(-1.6E-04,8.99999999999E-04));
#14976 = VECTOR('',#14977,1.);
#14977 = DIRECTION('',(1.,-3.340955887329E-47));
#14978 = ( GEOMETRIC_REPRESENTATION_CONTEXT(2) 
PARAMETRIC_REPRESENTATION_CONTEXT() REPRESENTATION_CONTEXT('2D SPACE',''
  ) );
#14979 = ORIENTED_EDGE('',*,*,#14484,.F.);
#14980 = ORIENTED_EDGE('',*,*,#14932,.F.);
#14981 = ORIENTED_EDGE('',*,*,#13562,.F.);
#14982 = ADVANCED_FACE('',(#14983),#13550,.T.);
#14983 = FACE_BOUND('',#14984,.T.);
#14984 = EDGE_LOOP('',(#14985,#14986,#14987,#15008));
#14985 = ORIENTED_EDGE('',*,*,#14959,.F.);
#14986 = ORIENTED_EDGE('',*,*,#13534,.F.);
#14987 = ORIENTED_EDGE('',*,*,#14988,.T.);
#14988 = EDGE_CURVE('',#13507,#14508,#14989,.T.);
#14989 = SURFACE_CURVE('',#14990,(#14994,#15001),.PCURVE_S1.);
#14990 = LINE('',#14991,#14992);
#14991 = CARTESIAN_POINT('',(7.3E-04,-1.6E-04,-5.414335646492E-19));
#14992 = VECTOR('',#14993,1.E-03);
#14993 = DIRECTION('',(3.122502256758E-15,1.,0.));
#14994 = PCURVE('',#13550,#14995);
#14995 = DEFINITIONAL_REPRESENTATION('',(#14996),#15000);
#14996 = LINE('',#14997,#14998);
#14997 = CARTESIAN_POINT('',(-1.6E-04,-8.99999999999E-04));
#14998 = VECTOR('',#14999,1.);
#14999 = DIRECTION('',(1.,-3.34095588733E-47));
#15000 = ( GEOMETRIC_REPRESENTATION_CONTEXT(2) 
PARAMETRIC_REPRESENTATION_CONTEXT() REPRESENTATION_CONTEXT('2D SPACE',''
  ) );
#15001 = PCURVE('',#13522,#15002);
#15002 = DEFINITIONAL_REPRESENTATION('',(#15003),#15007);
#15003 = LINE('',#15004,#15005);
#15004 = CARTESIAN_POINT('',(-3.65E-04,-1.6E-04));
#15005 = VECTOR('',#15006,1.);
#15006 = DIRECTION('',(-3.122502256758E-15,1.));
#15007 = ( GEOMETRIC_REPRESENTATION_CONTEXT(2) 
PARAMETRIC_REPRESENTATION_CONTEXT() REPRESENTATION_CONTEXT('2D SPACE',''
  ) );
#15008 = ORIENTED_EDGE('',*,*,#14507,.F.);
#15009 = ADVANCED_FACE('',(#15010),#13522,.T.);
#15010 = FACE_BOUND('',#15011,.T.);
#15011 = EDGE_LOOP('',(#15012,#15033,#15034,#15035));
#15012 = ORIENTED_EDGE('',*,*,#15013,.T.);
#15013 = EDGE_CURVE('',#13474,#14116,#15014,.T.);
#15014 = SURFACE_CURVE('',#15015,(#15019,#15026),.PCURVE_S1.);
#15015 = LINE('',#15016,#15017);
#15016 = CARTESIAN_POINT('',(0.,-1.6E-04,-5.414335646492E-19));
#15017 = VECTOR('',#15018,1.E-03);
#15018 = DIRECTION('',(5.075939668586E-15,1.,0.));
#15019 = PCURVE('',#13522,#15020);
#15020 = DEFINITIONAL_REPRESENTATION('',(#15021),#15025);
#15021 = LINE('',#15022,#15023);
#15022 = CARTESIAN_POINT('',(3.65E-04,-1.6E-04));
#15023 = VECTOR('',#15024,1.);
#15024 = DIRECTION('',(-5.075939668586E-15,1.));
#15025 = ( GEOMETRIC_REPRESENTATION_CONTEXT(2) 
PARAMETRIC_REPRESENTATION_CONTEXT() REPRESENTATION_CONTEXT('2D SPACE',''
  ) );
#15026 = PCURVE('',#13494,#15027);
#15027 = DEFINITIONAL_REPRESENTATION('',(#15028),#15032);
#15028 = LINE('',#15029,#15030);
#15029 = CARTESIAN_POINT('',(1.6E-04,-1.055993575699E-03));
#15030 = VECTOR('',#15031,1.);
#15031 = DIRECTION('',(-1.,-9.093259604492E-59));
#15032 = ( GEOMETRIC_REPRESENTATION_CONTEXT(2) 
PARAMETRIC_REPRESENTATION_CONTEXT() REPRESENTATION_CONTEXT('2D SPACE',''
  ) );
#15033 = ORIENTED_EDGE('',*,*,#14530,.T.);
#15034 = ORIENTED_EDGE('',*,*,#14988,.F.);
#15035 = ORIENTED_EDGE('',*,*,#13506,.F.);
#15036 = ADVANCED_FACE('',(#15037),#13494,.T.);
#15037 = FACE_BOUND('',#15038,.T.);
#15038 = EDGE_LOOP('',(#15039,#15040,#15041,#15042));
#15039 = ORIENTED_EDGE('',*,*,#13471,.F.);
#15040 = ORIENTED_EDGE('',*,*,#14091,.T.);
#15041 = ORIENTED_EDGE('',*,*,#14115,.F.);
#15042 = ORIENTED_EDGE('',*,*,#15013,.F.);
#15043 = ( GEOMETRIC_REPRESENTATION_CONTEXT(3) 
GLOBAL_UNCERTAINTY_ASSIGNED_CONTEXT((#15047)) 
GLOBAL_UNIT_ASSIGNED_CONTEXT((#15044,#15045,#15046)) 
REPRESENTATION_CONTEXT('Context #1',
  '3D Context with UNIT and UNCERTAINTY') );
#15044 = ( LENGTH_UNIT() NAMED_UNIT(*) SI_UNIT($,.METRE.) );
#15045 = ( NAMED_UNIT(*) PLANE_ANGLE_UNIT() SI_UNIT($,.RADIAN.) );
#15046 = ( NAMED_UNIT(*) SI_UNIT($,.STERADIAN.) SOLID_ANGLE_UNIT() );
#15047 = UNCERTAINTY_MEASURE_WITH_UNIT(LENGTH_MEASURE(1.E-08),#15044,
  'distance_accuracy_value','confusion accuracy');
#15048 = CONTEXT_DEPENDENT_SHAPE_REPRESENTATION(#15049,#15051);
#15049 = ( REPRESENTATION_RELATIONSHIP('','',#13464,#13435) 
REPRESENTATION_RELATIONSHIP_WITH_TRANSFORMATION(#15050) 
SHAPE_REPRESENTATION_RELATIONSHIP() );
#15050 = ITEM_DEFINED_TRANSFORMATION('','',#11,#13436);
#15051 = PRODUCT_DEFINITION_SHAPE('Placement','Placement of an item',
  #15052);
#15052 = NEXT_ASSEMBLY_USAGE_OCCURRENCE('6','','',#13430,#13459,$);
#15053 = CC_DESIGN_SECURITY_CLASSIFICATION(#15054,(#15052));
#15054 = SECURITY_CLASSIFICATION('','',#365);
#15055 = CC_DESIGN_PERSON_AND_ORGANIZATION_ASSIGNMENT(#354,#363,(#15054)
  );
#15056 = CC_DESIGN_DATE_AND_TIME_ASSIGNMENT(#368,#374,(#15054));
#15057 = CC_DESIGN_APPROVAL(#376,(#15054));
#15058 = PRODUCT_RELATED_PRODUCT_CATEGORY('detail',$,(#13461));
#15059 = PRODUCT_CATEGORY_RELATIONSHIP('','',#15060,#15058);
#15060 = PRODUCT_CATEGORY('part',$);
#15061 = CC_DESIGN_PERSON_AND_ORGANIZATION_ASSIGNMENT(#354,#357,(#13460,
    #13459));
#15062 = CC_DESIGN_PERSON_AND_ORGANIZATION_ASSIGNMENT(#354,#359,(#13461)
  );
#15063 = CC_DESIGN_PERSON_AND_ORGANIZATION_ASSIGNMENT(#354,#361,(#13460)
  );
#15064 = CC_DESIGN_PERSON_AND_ORGANIZATION_ASSIGNMENT(#354,#363,(#15065)
  );
#15065 = SECURITY_CLASSIFICATION('','',#365);
#15066 = CC_DESIGN_SECURITY_CLASSIFICATION(#15065,(#13460));
#15067 = CC_DESIGN_DATE_AND_TIME_ASSIGNMENT(#368,#372,(#13459));
#15068 = CC_DESIGN_DATE_AND_TIME_ASSIGNMENT(#368,#374,(#15065));
#15069 = CC_DESIGN_APPROVAL(#376,(#13460,#13459,#15065));
#15070 = SHAPE_DEFINITION_REPRESENTATION(#15071,#15077);
#15071 = PRODUCT_DEFINITION_SHAPE('','',#15072);
#15072 = PRODUCT_DEFINITION('design','',#15073,#15076);
#15073 = PRODUCT_DEFINITION_FORMATION_WITH_SPECIFIED_SOURCE('','',#15074
  ,.NOT_KNOWN.);
#15074 = PRODUCT('Timber_0.02_m 27','Timber_0.02_m 27','',(#15075));
#15075 = MECHANICAL_CONTEXT('',#2,'mechanical');
#15076 = DESIGN_CONTEXT('',#2,'design');
#15077 = ADVANCED_BREP_SHAPE_REPRESENTATION('',(#11,#15078),#15486);
#15078 = MANIFOLD_SOLID_BREP('Timber_0.02_m',#15079);
#15079 = CLOSED_SHELL('',(#15080,#15200,#15276,#15352,#15423,#15470,
    #15478));
#15080 = ADVANCED_FACE('',(#15081),#15095,.F.);
#15081 = FACE_BOUND('',#15082,.F.);
#15082 = EDGE_LOOP('',(#15083,#15118,#15146,#15174));
#15083 = ORIENTED_EDGE('',*,*,#15084,.T.);
#15084 = EDGE_CURVE('',#15085,#15087,#15089,.T.);
#15085 = VERTEX_POINT('',#15086);
#15086 = CARTESIAN_POINT('',(3.875E-03,3.206242202118E-04,1.82E-03));
#15087 = VERTEX_POINT('',#15088);
#15088 = CARTESIAN_POINT('',(3.875E-03,6.24220210846E-07,1.82E-03));
#15089 = SURFACE_CURVE('',#15090,(#15094,#15106),.PCURVE_S1.);
#15090 = LINE('',#15091,#15092);
#15091 = CARTESIAN_POINT('',(3.875E-03,3.206242202118E-04,1.82E-03));
#15092 = VECTOR('',#15093,1.E-03);
#15093 = DIRECTION('',(0.,-1.,0.));
#15094 = PCURVE('',#15095,#15100);
#15095 = PLANE('',#15096);
#15096 = AXIS2_PLACEMENT_3D('',#15097,#15098,#15099);
#15097 = CARTESIAN_POINT('',(3.875E-03,3.206242202118E-04,1.82E-03));
#15098 = DIRECTION('',(0.,0.,1.));
#15099 = DIRECTION('',(1.,0.,0.));
#15100 = DEFINITIONAL_REPRESENTATION('',(#15101),#15105);
#15101 = LINE('',#15102,#15103);
#15102 = CARTESIAN_POINT('',(0.,0.));
#15103 = VECTOR('',#15104,1.);
#15104 = DIRECTION('',(0.,-1.));
#15105 = ( GEOMETRIC_REPRESENTATION_CONTEXT(2) 
PARAMETRIC_REPRESENTATION_CONTEXT() REPRESENTATION_CONTEXT('2D SPACE',''
  ) );
#15106 = PCURVE('',#15107,#15112);
#15107 = PLANE('',#15108);
#15108 = AXIS2_PLACEMENT_3D('',#15109,#15110,#15111);
#15109 = CARTESIAN_POINT('',(2.475E-03,3.206242202118E-04,1.82E-03));
#15110 = DIRECTION('',(0.,0.,1.));
#15111 = DIRECTION('',(1.,0.,0.));
#15112 = DEFINITIONAL_REPRESENTATION('',(#15113),#15117);
#15113 = LINE('',#15114,#15115);
#15114 = CARTESIAN_POINT('',(1.4E-03,0.));
#15115 = VECTOR('',#15116,1.);
#15116 = DIRECTION('',(0.,-1.));
#15117 = ( GEOMETRIC_REPRESENTATION_CONTEXT(2) 
PARAMETRIC_REPRESENTATION_CONTEXT() REPRESENTATION_CONTEXT('2D SPACE',''
  ) );
#15118 = ORIENTED_EDGE('',*,*,#15119,.T.);
#15119 = EDGE_CURVE('',#15087,#15120,#15122,.T.);
#15120 = VERTEX_POINT('',#15121);
#15121 = CARTESIAN_POINT('',(4.075E-03,6.24220210846E-07,1.82E-03));
#15122 = SURFACE_CURVE('',#15123,(#15127,#15134),.PCURVE_S1.);
#15123 = LINE('',#15124,#15125);
#15124 = CARTESIAN_POINT('',(3.875E-03,6.24220210846E-07,1.82E-03));
#15125 = VECTOR('',#15126,1.E-03);
#15126 = DIRECTION('',(1.,0.,0.));
#15127 = PCURVE('',#15095,#15128);
#15128 = DEFINITIONAL_REPRESENTATION('',(#15129),#15133);
#15129 = LINE('',#15130,#15131);
#15130 = CARTESIAN_POINT('',(0.,-3.20000000001E-04));
#15131 = VECTOR('',#15132,1.);
#15132 = DIRECTION('',(1.,0.));
#15133 = ( GEOMETRIC_REPRESENTATION_CONTEXT(2) 
PARAMETRIC_REPRESENTATION_CONTEXT() REPRESENTATION_CONTEXT('2D SPACE',''
  ) );
#15134 = PCURVE('',#15135,#15140);
#15135 = PLANE('',#15136);
#15136 = AXIS2_PLACEMENT_3D('',#15137,#15138,#15139);
#15137 = CARTESIAN_POINT('',(3.395E-03,6.24220210846E-07,1.868E-03));
#15138 = DIRECTION('',(0.,-1.,0.));
#15139 = DIRECTION('',(1.,0.,0.));
#15140 = DEFINITIONAL_REPRESENTATION('',(#15141),#15145);
#15141 = LINE('',#15142,#15143);
#15142 = CARTESIAN_POINT('',(4.8E-04,-4.8E-05));
#15143 = VECTOR('',#15144,1.);
#15144 = DIRECTION('',(1.,0.));
#15145 = ( GEOMETRIC_REPRESENTATION_CONTEXT(2) 
PARAMETRIC_REPRESENTATION_CONTEXT() REPRESENTATION_CONTEXT('2D SPACE',''
  ) );
#15146 = ORIENTED_EDGE('',*,*,#15147,.F.);
#15147 = EDGE_CURVE('',#15148,#15120,#15150,.T.);
#15148 = VERTEX_POINT('',#15149);
#15149 = CARTESIAN_POINT('',(4.075E-03,3.206242202118E-04,1.82E-03));
#15150 = SURFACE_CURVE('',#15151,(#15155,#15162),.PCURVE_S1.);
#15151 = LINE('',#15152,#15153);
#15152 = CARTESIAN_POINT('',(4.075E-03,3.206242202118E-04,1.82E-03));
#15153 = VECTOR('',#15154,1.E-03);
#15154 = DIRECTION('',(0.,-1.,0.));
#15155 = PCURVE('',#15095,#15156);
#15156 = DEFINITIONAL_REPRESENTATION('',(#15157),#15161);
#15157 = LINE('',#15158,#15159);
#15158 = CARTESIAN_POINT('',(2.E-04,0.));
#15159 = VECTOR('',#15160,1.);
#15160 = DIRECTION('',(0.,-1.));
#15161 = ( GEOMETRIC_REPRESENTATION_CONTEXT(2) 
PARAMETRIC_REPRESENTATION_CONTEXT() REPRESENTATION_CONTEXT('2D SPACE',''
  ) );
#15162 = PCURVE('',#15163,#15168);
#15163 = PLANE('',#15164);
#15164 = AXIS2_PLACEMENT_3D('',#15165,#15166,#15167);
#15165 = CARTESIAN_POINT('',(4.075E-03,3.206242202118E-04,1.82E-03));
#15166 = DIRECTION('',(-1.,0.,0.));
#15167 = DIRECTION('',(0.,0.,1.));
#15168 = DEFINITIONAL_REPRESENTATION('',(#15169),#15173);
#15169 = LINE('',#15170,#15171);
#15170 = CARTESIAN_POINT('',(0.,0.));
#15171 = VECTOR('',#15172,1.);
#15172 = DIRECTION('',(0.,-1.));
#15173 = ( GEOMETRIC_REPRESENTATION_CONTEXT(2) 
PARAMETRIC_REPRESENTATION_CONTEXT() REPRESENTATION_CONTEXT('2D SPACE',''
  ) );
#15174 = ORIENTED_EDGE('',*,*,#15175,.F.);
#15175 = EDGE_CURVE('',#15085,#15148,#15176,.T.);
#15176 = SURFACE_CURVE('',#15177,(#15181,#15188),.PCURVE_S1.);
#15177 = LINE('',#15178,#15179);
#15178 = CARTESIAN_POINT('',(3.875E-03,3.206242202118E-04,1.82E-03));
#15179 = VECTOR('',#15180,1.E-03);
#15180 = DIRECTION('',(1.,0.,0.));
#15181 = PCURVE('',#15095,#15182);
#15182 = DEFINITIONAL_REPRESENTATION('',(#15183),#15187);
#15183 = LINE('',#15184,#15185);
#15184 = CARTESIAN_POINT('',(0.,0.));
#15185 = VECTOR('',#15186,1.);
#15186 = DIRECTION('',(1.,0.));
#15187 = ( GEOMETRIC_REPRESENTATION_CONTEXT(2) 
PARAMETRIC_REPRESENTATION_CONTEXT() REPRESENTATION_CONTEXT('2D SPACE',''
  ) );
#15188 = PCURVE('',#15189,#15194);
#15189 = PLANE('',#15190);
#15190 = AXIS2_PLACEMENT_3D('',#15191,#15192,#15193);
#15191 = CARTESIAN_POINT('',(3.395E-03,3.206242202118E-04,1.868E-03));
#15192 = DIRECTION('',(0.,-1.,0.));
#15193 = DIRECTION('',(1.,0.,0.));
#15194 = DEFINITIONAL_REPRESENTATION('',(#15195),#15199);
#15195 = LINE('',#15196,#15197);
#15196 = CARTESIAN_POINT('',(4.8E-04,-4.8E-05));
#15197 = VECTOR('',#15198,1.);
#15198 = DIRECTION('',(1.,0.));
#15199 = ( GEOMETRIC_REPRESENTATION_CONTEXT(2) 
PARAMETRIC_REPRESENTATION_CONTEXT() REPRESENTATION_CONTEXT('2D SPACE',''
  ) );
#15200 = ADVANCED_FACE('',(#15201),#15163,.F.);
#15201 = FACE_BOUND('',#15202,.F.);
#15202 = EDGE_LOOP('',(#15203,#15204,#15227,#15255));
#15203 = ORIENTED_EDGE('',*,*,#15147,.T.);
#15204 = ORIENTED_EDGE('',*,*,#15205,.T.);
#15205 = EDGE_CURVE('',#15120,#15206,#15208,.T.);
#15206 = VERTEX_POINT('',#15207);
#15207 = CARTESIAN_POINT('',(4.075E-03,6.24220210846E-07,1.94E-03));
#15208 = SURFACE_CURVE('',#15209,(#15213,#15220),.PCURVE_S1.);
#15209 = LINE('',#15210,#15211);
#15210 = CARTESIAN_POINT('',(4.075E-03,6.24220210846E-07,1.82E-03));
#15211 = VECTOR('',#15212,1.E-03);
#15212 = DIRECTION('',(0.,0.,1.));
#15213 = PCURVE('',#15163,#15214);
#15214 = DEFINITIONAL_REPRESENTATION('',(#15215),#15219);
#15215 = LINE('',#15216,#15217);
#15216 = CARTESIAN_POINT('',(0.,-3.20000000001E-04));
#15217 = VECTOR('',#15218,1.);
#15218 = DIRECTION('',(1.,0.));
#15219 = ( GEOMETRIC_REPRESENTATION_CONTEXT(2) 
PARAMETRIC_REPRESENTATION_CONTEXT() REPRESENTATION_CONTEXT('2D SPACE',''
  ) );
#15220 = PCURVE('',#15135,#15221);
#15221 = DEFINITIONAL_REPRESENTATION('',(#15222),#15226);
#15222 = LINE('',#15223,#15224);
#15223 = CARTESIAN_POINT('',(6.8E-04,-4.8E-05));
#15224 = VECTOR('',#15225,1.);
#15225 = DIRECTION('',(0.,1.));
#15226 = ( GEOMETRIC_REPRESENTATION_CONTEXT(2) 
PARAMETRIC_REPRESENTATION_CONTEXT() REPRESENTATION_CONTEXT('2D SPACE',''
  ) );
#15227 = ORIENTED_EDGE('',*,*,#15228,.F.);
#15228 = EDGE_CURVE('',#15229,#15206,#15231,.T.);
#15229 = VERTEX_POINT('',#15230);
#15230 = CARTESIAN_POINT('',(4.075E-03,3.206242202118E-04,1.94E-03));
#15231 = SURFACE_CURVE('',#15232,(#15236,#15243),.PCURVE_S1.);
#15232 = LINE('',#15233,#15234);
#15233 = CARTESIAN_POINT('',(4.075E-03,3.206242202118E-04,1.94E-03));
#15234 = VECTOR('',#15235,1.E-03);
#15235 = DIRECTION('',(0.,-1.,0.));
#15236 = PCURVE('',#15163,#15237);
#15237 = DEFINITIONAL_REPRESENTATION('',(#15238),#15242);
#15238 = LINE('',#15239,#15240);
#15239 = CARTESIAN_POINT('',(1.2E-04,0.));
#15240 = VECTOR('',#15241,1.);
#15241 = DIRECTION('',(0.,-1.));
#15242 = ( GEOMETRIC_REPRESENTATION_CONTEXT(2) 
PARAMETRIC_REPRESENTATION_CONTEXT() REPRESENTATION_CONTEXT('2D SPACE',''
  ) );
#15243 = PCURVE('',#15244,#15249);
#15244 = PLANE('',#15245);
#15245 = AXIS2_PLACEMENT_3D('',#15246,#15247,#15248);
#15246 = CARTESIAN_POINT('',(4.075E-03,3.206242202118E-04,1.94E-03));
#15247 = DIRECTION('',(0.,0.,-1.));
#15248 = DIRECTION('',(-1.,0.,0.));
#15249 = DEFINITIONAL_REPRESENTATION('',(#15250),#15254);
#15250 = LINE('',#15251,#15252);
#15251 = CARTESIAN_POINT('',(0.,-0.));
#15252 = VECTOR('',#15253,1.);
#15253 = DIRECTION('',(0.,-1.));
#15254 = ( GEOMETRIC_REPRESENTATION_CONTEXT(2) 
PARAMETRIC_REPRESENTATION_CONTEXT() REPRESENTATION_CONTEXT('2D SPACE',''
  ) );
#15255 = ORIENTED_EDGE('',*,*,#15256,.F.);
#15256 = EDGE_CURVE('',#15148,#15229,#15257,.T.);
#15257 = SURFACE_CURVE('',#15258,(#15262,#15269),.PCURVE_S1.);
#15258 = LINE('',#15259,#15260);
#15259 = CARTESIAN_POINT('',(4.075E-03,3.206242202118E-04,1.82E-03));
#15260 = VECTOR('',#15261,1.E-03);
#15261 = DIRECTION('',(0.,0.,1.));
#15262 = PCURVE('',#15163,#15263);
#15263 = DEFINITIONAL_REPRESENTATION('',(#15264),#15268);
#15264 = LINE('',#15265,#15266);
#15265 = CARTESIAN_POINT('',(0.,0.));
#15266 = VECTOR('',#15267,1.);
#15267 = DIRECTION('',(1.,0.));
#15268 = ( GEOMETRIC_REPRESENTATION_CONTEXT(2) 
PARAMETRIC_REPRESENTATION_CONTEXT() REPRESENTATION_CONTEXT('2D SPACE',''
  ) );
#15269 = PCURVE('',#15189,#15270);
#15270 = DEFINITIONAL_REPRESENTATION('',(#15271),#15275);
#15271 = LINE('',#15272,#15273);
#15272 = CARTESIAN_POINT('',(6.8E-04,-4.8E-05));
#15273 = VECTOR('',#15274,1.);
#15274 = DIRECTION('',(0.,1.));
#15275 = ( GEOMETRIC_REPRESENTATION_CONTEXT(2) 
PARAMETRIC_REPRESENTATION_CONTEXT() REPRESENTATION_CONTEXT('2D SPACE',''
  ) );
#15276 = ADVANCED_FACE('',(#15277),#15244,.F.);
#15277 = FACE_BOUND('',#15278,.F.);
#15278 = EDGE_LOOP('',(#15279,#15280,#15303,#15331));
#15279 = ORIENTED_EDGE('',*,*,#15228,.T.);
#15280 = ORIENTED_EDGE('',*,*,#15281,.T.);
#15281 = EDGE_CURVE('',#15206,#15282,#15284,.T.);
#15282 = VERTEX_POINT('',#15283);
#15283 = CARTESIAN_POINT('',(2.475E-03,6.24220210846E-07,1.94E-03));
#15284 = SURFACE_CURVE('',#15285,(#15289,#15296),.PCURVE_S1.);
#15285 = LINE('',#15286,#15287);
#15286 = CARTESIAN_POINT('',(4.075E-03,6.24220210846E-07,1.94E-03));
#15287 = VECTOR('',#15288,1.E-03);
#15288 = DIRECTION('',(-1.,0.,0.));
#15289 = PCURVE('',#15244,#15290);
#15290 = DEFINITIONAL_REPRESENTATION('',(#15291),#15295);
#15291 = LINE('',#15292,#15293);
#15292 = CARTESIAN_POINT('',(0.,-3.20000000001E-04));
#15293 = VECTOR('',#15294,1.);
#15294 = DIRECTION('',(1.,0.));
#15295 = ( GEOMETRIC_REPRESENTATION_CONTEXT(2) 
PARAMETRIC_REPRESENTATION_CONTEXT() REPRESENTATION_CONTEXT('2D SPACE',''
  ) );
#15296 = PCURVE('',#15135,#15297);
#15297 = DEFINITIONAL_REPRESENTATION('',(#15298),#15302);
#15298 = LINE('',#15299,#15300);
#15299 = CARTESIAN_POINT('',(6.8E-04,7.199999999999E-05));
#15300 = VECTOR('',#15301,1.);
#15301 = DIRECTION('',(-1.,0.));
#15302 = ( GEOMETRIC_REPRESENTATION_CONTEXT(2) 
PARAMETRIC_REPRESENTATION_CONTEXT() REPRESENTATION_CONTEXT('2D SPACE',''
  ) );
#15303 = ORIENTED_EDGE('',*,*,#15304,.F.);
#15304 = EDGE_CURVE('',#15305,#15282,#15307,.T.);
#15305 = VERTEX_POINT('',#15306);
#15306 = CARTESIAN_POINT('',(2.475E-03,3.206242202118E-04,1.94E-03));
#15307 = SURFACE_CURVE('',#15308,(#15312,#15319),.PCURVE_S1.);
#15308 = LINE('',#15309,#15310);
#15309 = CARTESIAN_POINT('',(2.475E-03,3.206242202118E-04,1.94E-03));
#15310 = VECTOR('',#15311,1.E-03);
#15311 = DIRECTION('',(0.,-1.,0.));
#15312 = PCURVE('',#15244,#15313);
#15313 = DEFINITIONAL_REPRESENTATION('',(#15314),#15318);
#15314 = LINE('',#15315,#15316);
#15315 = CARTESIAN_POINT('',(1.6E-03,0.));
#15316 = VECTOR('',#15317,1.);
#15317 = DIRECTION('',(0.,-1.));
#15318 = ( GEOMETRIC_REPRESENTATION_CONTEXT(2) 
PARAMETRIC_REPRESENTATION_CONTEXT() REPRESENTATION_CONTEXT('2D SPACE',''
  ) );
#15319 = PCURVE('',#15320,#15325);
#15320 = PLANE('',#15321);
#15321 = AXIS2_PLACEMENT_3D('',#15322,#15323,#15324);
#15322 = CARTESIAN_POINT('',(2.475E-03,3.206242202118E-04,1.94E-03));
#15323 = DIRECTION('',(1.,0.,0.));
#15324 = DIRECTION('',(0.,0.,-1.));
#15325 = DEFINITIONAL_REPRESENTATION('',(#15326),#15330);
#15326 = LINE('',#15327,#15328);
#15327 = CARTESIAN_POINT('',(0.,0.));
#15328 = VECTOR('',#15329,1.);
#15329 = DIRECTION('',(0.,-1.));
#15330 = ( GEOMETRIC_REPRESENTATION_CONTEXT(2) 
PARAMETRIC_REPRESENTATION_CONTEXT() REPRESENTATION_CONTEXT('2D SPACE',''
  ) );
#15331 = ORIENTED_EDGE('',*,*,#15332,.F.);
#15332 = EDGE_CURVE('',#15229,#15305,#15333,.T.);
#15333 = SURFACE_CURVE('',#15334,(#15338,#15345),.PCURVE_S1.);
#15334 = LINE('',#15335,#15336);
#15335 = CARTESIAN_POINT('',(4.075E-03,3.206242202118E-04,1.94E-03));
#15336 = VECTOR('',#15337,1.E-03);
#15337 = DIRECTION('',(-1.,0.,0.));
#15338 = PCURVE('',#15244,#15339);
#15339 = DEFINITIONAL_REPRESENTATION('',(#15340),#15344);
#15340 = LINE('',#15341,#15342);
#15341 = CARTESIAN_POINT('',(0.,-0.));
#15342 = VECTOR('',#15343,1.);
#15343 = DIRECTION('',(1.,0.));
#15344 = ( GEOMETRIC_REPRESENTATION_CONTEXT(2) 
PARAMETRIC_REPRESENTATION_CONTEXT() REPRESENTATION_CONTEXT('2D SPACE',''
  ) );
#15345 = PCURVE('',#15189,#15346);
#15346 = DEFINITIONAL_REPRESENTATION('',(#15347),#15351);
#15347 = LINE('',#15348,#15349);
#15348 = CARTESIAN_POINT('',(6.8E-04,7.199999999999E-05));
#15349 = VECTOR('',#15350,1.);
#15350 = DIRECTION('',(-1.,0.));
#15351 = ( GEOMETRIC_REPRESENTATION_CONTEXT(2) 
PARAMETRIC_REPRESENTATION_CONTEXT() REPRESENTATION_CONTEXT('2D SPACE',''
  ) );
#15352 = ADVANCED_FACE('',(#15353),#15320,.F.);
#15353 = FACE_BOUND('',#15354,.F.);
#15354 = EDGE_LOOP('',(#15355,#15356,#15379,#15402));
#15355 = ORIENTED_EDGE('',*,*,#15304,.T.);
#15356 = ORIENTED_EDGE('',*,*,#15357,.T.);
#15357 = EDGE_CURVE('',#15282,#15358,#15360,.T.);
#15358 = VERTEX_POINT('',#15359);
#15359 = CARTESIAN_POINT('',(2.475E-03,6.24220210846E-07,1.82E-03));
#15360 = SURFACE_CURVE('',#15361,(#15365,#15372),.PCURVE_S1.);
#15361 = LINE('',#15362,#15363);
#15362 = CARTESIAN_POINT('',(2.475E-03,6.24220210846E-07,1.94E-03));
#15363 = VECTOR('',#15364,1.E-03);
#15364 = DIRECTION('',(0.,0.,-1.));
#15365 = PCURVE('',#15320,#15366);
#15366 = DEFINITIONAL_REPRESENTATION('',(#15367),#15371);
#15367 = LINE('',#15368,#15369);
#15368 = CARTESIAN_POINT('',(0.,-3.20000000001E-04));
#15369 = VECTOR('',#15370,1.);
#15370 = DIRECTION('',(1.,0.));
#15371 = ( GEOMETRIC_REPRESENTATION_CONTEXT(2) 
PARAMETRIC_REPRESENTATION_CONTEXT() REPRESENTATION_CONTEXT('2D SPACE',''
  ) );
#15372 = PCURVE('',#15135,#15373);
#15373 = DEFINITIONAL_REPRESENTATION('',(#15374),#15378);
#15374 = LINE('',#15375,#15376);
#15375 = CARTESIAN_POINT('',(-9.2E-04,7.199999999999E-05));
#15376 = VECTOR('',#15377,1.);
#15377 = DIRECTION('',(0.,-1.));
#15378 = ( GEOMETRIC_REPRESENTATION_CONTEXT(2) 
PARAMETRIC_REPRESENTATION_CONTEXT() REPRESENTATION_CONTEXT('2D SPACE',''
  ) );
#15379 = ORIENTED_EDGE('',*,*,#15380,.F.);
#15380 = EDGE_CURVE('',#15381,#15358,#15383,.T.);
#15381 = VERTEX_POINT('',#15382);
#15382 = CARTESIAN_POINT('',(2.475E-03,3.206242202118E-04,1.82E-03));
#15383 = SURFACE_CURVE('',#15384,(#15388,#15395),.PCURVE_S1.);
#15384 = LINE('',#15385,#15386);
#15385 = CARTESIAN_POINT('',(2.475E-03,3.206242202118E-04,1.82E-03));
#15386 = VECTOR('',#15387,1.E-03);
#15387 = DIRECTION('',(0.,-1.,0.));
#15388 = PCURVE('',#15320,#15389);
#15389 = DEFINITIONAL_REPRESENTATION('',(#15390),#15394);
#15390 = LINE('',#15391,#15392);
#15391 = CARTESIAN_POINT('',(1.2E-04,0.));
#15392 = VECTOR('',#15393,1.);
#15393 = DIRECTION('',(0.,-1.));
#15394 = ( GEOMETRIC_REPRESENTATION_CONTEXT(2) 
PARAMETRIC_REPRESENTATION_CONTEXT() REPRESENTATION_CONTEXT('2D SPACE',''
  ) );
#15395 = PCURVE('',#15107,#15396);
#15396 = DEFINITIONAL_REPRESENTATION('',(#15397),#15401);
#15397 = LINE('',#15398,#15399);
#15398 = CARTESIAN_POINT('',(0.,0.));
#15399 = VECTOR('',#15400,1.);
#15400 = DIRECTION('',(0.,-1.));
#15401 = ( GEOMETRIC_REPRESENTATION_CONTEXT(2) 
PARAMETRIC_REPRESENTATION_CONTEXT() REPRESENTATION_CONTEXT('2D SPACE',''
  ) );
#15402 = ORIENTED_EDGE('',*,*,#15403,.F.);
#15403 = EDGE_CURVE('',#15305,#15381,#15404,.T.);
#15404 = SURFACE_CURVE('',#15405,(#15409,#15416),.PCURVE_S1.);
#15405 = LINE('',#15406,#15407);
#15406 = CARTESIAN_POINT('',(2.475E-03,3.206242202118E-04,1.94E-03));
#15407 = VECTOR('',#15408,1.E-03);
#15408 = DIRECTION('',(0.,0.,-1.));
#15409 = PCURVE('',#15320,#15410);
#15410 = DEFINITIONAL_REPRESENTATION('',(#15411),#15415);
#15411 = LINE('',#15412,#15413);
#15412 = CARTESIAN_POINT('',(0.,0.));
#15413 = VECTOR('',#15414,1.);
#15414 = DIRECTION('',(1.,0.));
#15415 = ( GEOMETRIC_REPRESENTATION_CONTEXT(2) 
PARAMETRIC_REPRESENTATION_CONTEXT() REPRESENTATION_CONTEXT('2D SPACE',''
  ) );
#15416 = PCURVE('',#15189,#15417);
#15417 = DEFINITIONAL_REPRESENTATION('',(#15418),#15422);
#15418 = LINE('',#15419,#15420);
#15419 = CARTESIAN_POINT('',(-9.2E-04,7.199999999999E-05));
#15420 = VECTOR('',#15421,1.);
#15421 = DIRECTION('',(0.,-1.));
#15422 = ( GEOMETRIC_REPRESENTATION_CONTEXT(2) 
PARAMETRIC_REPRESENTATION_CONTEXT() REPRESENTATION_CONTEXT('2D SPACE',''
  ) );
#15423 = ADVANCED_FACE('',(#15424),#15107,.F.);
#15424 = FACE_BOUND('',#15425,.F.);
#15425 = EDGE_LOOP('',(#15426,#15427,#15448,#15449));
#15426 = ORIENTED_EDGE('',*,*,#15380,.T.);
#15427 = ORIENTED_EDGE('',*,*,#15428,.T.);
#15428 = EDGE_CURVE('',#15358,#15087,#15429,.T.);
#15429 = SURFACE_CURVE('',#15430,(#15434,#15441),.PCURVE_S1.);
#15430 = LINE('',#15431,#15432);
#15431 = CARTESIAN_POINT('',(2.475E-03,6.24220210846E-07,1.82E-03));
#15432 = VECTOR('',#15433,1.E-03);
#15433 = DIRECTION('',(1.,0.,0.));
#15434 = PCURVE('',#15107,#15435);
#15435 = DEFINITIONAL_REPRESENTATION('',(#15436),#15440);
#15436 = LINE('',#15437,#15438);
#15437 = CARTESIAN_POINT('',(0.,-3.20000000001E-04));
#15438 = VECTOR('',#15439,1.);
#15439 = DIRECTION('',(1.,0.));
#15440 = ( GEOMETRIC_REPRESENTATION_CONTEXT(2) 
PARAMETRIC_REPRESENTATION_CONTEXT() REPRESENTATION_CONTEXT('2D SPACE',''
  ) );
#15441 = PCURVE('',#15135,#15442);
#15442 = DEFINITIONAL_REPRESENTATION('',(#15443),#15447);
#15443 = LINE('',#15444,#15445);
#15444 = CARTESIAN_POINT('',(-9.2E-04,-4.8E-05));
#15445 = VECTOR('',#15446,1.);
#15446 = DIRECTION('',(1.,0.));
#15447 = ( GEOMETRIC_REPRESENTATION_CONTEXT(2) 
PARAMETRIC_REPRESENTATION_CONTEXT() REPRESENTATION_CONTEXT('2D SPACE',''
  ) );
#15448 = ORIENTED_EDGE('',*,*,#15084,.F.);
#15449 = ORIENTED_EDGE('',*,*,#15450,.F.);
#15450 = EDGE_CURVE('',#15381,#15085,#15451,.T.);
#15451 = SURFACE_CURVE('',#15452,(#15456,#15463),.PCURVE_S1.);
#15452 = LINE('',#15453,#15454);
#15453 = CARTESIAN_POINT('',(2.475E-03,3.206242202118E-04,1.82E-03));
#15454 = VECTOR('',#15455,1.E-03);
#15455 = DIRECTION('',(1.,0.,0.));
#15456 = PCURVE('',#15107,#15457);
#15457 = DEFINITIONAL_REPRESENTATION('',(#15458),#15462);
#15458 = LINE('',#15459,#15460);
#15459 = CARTESIAN_POINT('',(0.,0.));
#15460 = VECTOR('',#15461,1.);
#15461 = DIRECTION('',(1.,0.));
#15462 = ( GEOMETRIC_REPRESENTATION_CONTEXT(2) 
PARAMETRIC_REPRESENTATION_CONTEXT() REPRESENTATION_CONTEXT('2D SPACE',''
  ) );
#15463 = PCURVE('',#15189,#15464);
#15464 = DEFINITIONAL_REPRESENTATION('',(#15465),#15469);
#15465 = LINE('',#15466,#15467);
#15466 = CARTESIAN_POINT('',(-9.2E-04,-4.8E-05));
#15467 = VECTOR('',#15468,1.);
#15468 = DIRECTION('',(1.,0.));
#15469 = ( GEOMETRIC_REPRESENTATION_CONTEXT(2) 
PARAMETRIC_REPRESENTATION_CONTEXT() REPRESENTATION_CONTEXT('2D SPACE',''
  ) );
#15470 = ADVANCED_FACE('',(#15471),#15189,.F.);
#15471 = FACE_BOUND('',#15472,.F.);
#15472 = EDGE_LOOP('',(#15473,#15474,#15475,#15476,#15477));
#15473 = ORIENTED_EDGE('',*,*,#15175,.T.);
#15474 = ORIENTED_EDGE('',*,*,#15256,.T.);
#15475 = ORIENTED_EDGE('',*,*,#15332,.T.);
#15476 = ORIENTED_EDGE('',*,*,#15403,.T.);
#15477 = ORIENTED_EDGE('',*,*,#15450,.T.);
#15478 = ADVANCED_FACE('',(#15479),#15135,.T.);
#15479 = FACE_BOUND('',#15480,.T.);
#15480 = EDGE_LOOP('',(#15481,#15482,#15483,#15484,#15485));
#15481 = ORIENTED_EDGE('',*,*,#15119,.T.);
#15482 = ORIENTED_EDGE('',*,*,#15205,.T.);
#15483 = ORIENTED_EDGE('',*,*,#15281,.T.);
#15484 = ORIENTED_EDGE('',*,*,#15357,.T.);
#15485 = ORIENTED_EDGE('',*,*,#15428,.T.);
#15486 = ( GEOMETRIC_REPRESENTATION_CONTEXT(3) 
GLOBAL_UNCERTAINTY_ASSIGNED_CONTEXT((#15490)) 
GLOBAL_UNIT_ASSIGNED_CONTEXT((#15487,#15488,#15489)) 
REPRESENTATION_CONTEXT('Context #1',
  '3D Context with UNIT and UNCERTAINTY') );
#15487 = ( LENGTH_UNIT() NAMED_UNIT(*) SI_UNIT($,.METRE.) );
#15488 = ( NAMED_UNIT(*) PLANE_ANGLE_UNIT() SI_UNIT($,.RADIAN.) );
#15489 = ( NAMED_UNIT(*) SI_UNIT($,.STERADIAN.) SOLID_ANGLE_UNIT() );
#15490 = UNCERTAINTY_MEASURE_WITH_UNIT(LENGTH_MEASURE(1.E-08),#15487,
  'distance_accuracy_value','confusion accuracy');
#15491 = PRODUCT_RELATED_PRODUCT_CATEGORY('detail',$,(#15074));
#15492 = PRODUCT_CATEGORY_RELATIONSHIP('','',#15493,#15491);
#15493 = PRODUCT_CATEGORY('part',$);
#15494 = CC_DESIGN_PERSON_AND_ORGANIZATION_ASSIGNMENT(#354,#357,(#15073,
    #15072));
#15495 = CC_DESIGN_PERSON_AND_ORGANIZATION_ASSIGNMENT(#354,#359,(#15074)
  );
#15496 = CC_DESIGN_PERSON_AND_ORGANIZATION_ASSIGNMENT(#354,#361,(#15073)
  );
#15497 = CC_DESIGN_PERSON_AND_ORGANIZATION_ASSIGNMENT(#354,#363,(#15498)
  );
#15498 = SECURITY_CLASSIFICATION('','',#365);
#15499 = CC_DESIGN_SECURITY_CLASSIFICATION(#15498,(#15073));
#15500 = CC_DESIGN_DATE_AND_TIME_ASSIGNMENT(#368,#372,(#15072));
#15501 = CC_DESIGN_DATE_AND_TIME_ASSIGNMENT(#368,#374,(#15498));
#15502 = CC_DESIGN_APPROVAL(#376,(#15073,#15072,#15498));
#15503 = SHAPE_DEFINITION_REPRESENTATION(#15504,#15510);
#15504 = PRODUCT_DEFINITION_SHAPE('','',#15505);
#15505 = PRODUCT_DEFINITION('design','',#15506,#15509);
#15506 = PRODUCT_DEFINITION_FORMATION_WITH_SPECIFIED_SOURCE('','',#15507
  ,.NOT_KNOWN.);
#15507 = PRODUCT('Timber_0.02_m 28','Timber_0.02_m 28','',(#15508));
#15508 = MECHANICAL_CONTEXT('',#2,'mechanical');
#15509 = DESIGN_CONTEXT('',#2,'design');
#15510 = ADVANCED_BREP_SHAPE_REPRESENTATION('',(#11,#15511),#15919);
#15511 = MANIFOLD_SOLID_BREP('Timber_0.02_m',#15512);
#15512 = CLOSED_SHELL('',(#15513,#15633,#15709,#15785,#15856,#15903,
    #15911));
#15513 = ADVANCED_FACE('',(#15514),#15528,.F.);
#15514 = FACE_BOUND('',#15515,.F.);
#15515 = EDGE_LOOP('',(#15516,#15551,#15579,#15607));
#15516 = ORIENTED_EDGE('',*,*,#15517,.T.);
#15517 = EDGE_CURVE('',#15518,#15520,#15522,.T.);
#15518 = VERTEX_POINT('',#15519);
#15519 = CARTESIAN_POINT('',(1.395E-03,1.050624220212E-03,2.02E-03));
#15520 = VERTEX_POINT('',#15521);
#15521 = CARTESIAN_POINT('',(1.074999999999E-03,1.050624220212E-03,
    2.02E-03));
#15522 = SURFACE_CURVE('',#15523,(#15527,#15539),.PCURVE_S1.);
#15523 = LINE('',#15524,#15525);
#15524 = CARTESIAN_POINT('',(1.395E-03,1.050624220212E-03,2.02E-03));
#15525 = VECTOR('',#15526,1.E-03);
#15526 = DIRECTION('',(-1.,0.,0.));
#15527 = PCURVE('',#15528,#15533);
#15528 = PLANE('',#15529);
#15529 = AXIS2_PLACEMENT_3D('',#15530,#15531,#15532);
#15530 = CARTESIAN_POINT('',(1.395E-03,1.050624220212E-03,2.02E-03));
#15531 = DIRECTION('',(0.,0.,1.));
#15532 = DIRECTION('',(0.,-1.,0.));
#15533 = DEFINITIONAL_REPRESENTATION('',(#15534),#15538);
#15534 = LINE('',#15535,#15536);
#15535 = CARTESIAN_POINT('',(0.,0.));
#15536 = VECTOR('',#15537,1.);
#15537 = DIRECTION('',(0.,-1.));
#15538 = ( GEOMETRIC_REPRESENTATION_CONTEXT(2) 
PARAMETRIC_REPRESENTATION_CONTEXT() REPRESENTATION_CONTEXT('2D SPACE',''
  ) );
#15539 = PCURVE('',#15540,#15545);
#15540 = PLANE('',#15541);
#15541 = AXIS2_PLACEMENT_3D('',#15542,#15543,#15544);
#15542 = CARTESIAN_POINT('',(1.395E-03,2.450624220212E-03,2.02E-03));
#15543 = DIRECTION('',(0.,0.,1.));
#15544 = DIRECTION('',(0.,-1.,0.));
#15545 = DEFINITIONAL_REPRESENTATION('',(#15546),#15550);
#15546 = LINE('',#15547,#15548);
#15547 = CARTESIAN_POINT('',(1.4E-03,0.));
#15548 = VECTOR('',#15549,1.);
#15549 = DIRECTION('',(0.,-1.));
#15550 = ( GEOMETRIC_REPRESENTATION_CONTEXT(2) 
PARAMETRIC_REPRESENTATION_CONTEXT() REPRESENTATION_CONTEXT('2D SPACE',''
  ) );
#15551 = ORIENTED_EDGE('',*,*,#15552,.T.);
#15552 = EDGE_CURVE('',#15520,#15553,#15555,.T.);
#15553 = VERTEX_POINT('',#15554);
#15554 = CARTESIAN_POINT('',(1.074999999999E-03,8.506242202118E-04,
    2.02E-03));
#15555 = SURFACE_CURVE('',#15556,(#15560,#15567),.PCURVE_S1.);
#15556 = LINE('',#15557,#15558);
#15557 = CARTESIAN_POINT('',(1.074999999999E-03,1.050624220212E-03,
    2.02E-03));
#15558 = VECTOR('',#15559,1.E-03);
#15559 = DIRECTION('',(0.,-1.,0.));
#15560 = PCURVE('',#15528,#15561);
#15561 = DEFINITIONAL_REPRESENTATION('',(#15562),#15566);
#15562 = LINE('',#15563,#15564);
#15563 = CARTESIAN_POINT('',(0.,-3.20000000001E-04));
#15564 = VECTOR('',#15565,1.);
#15565 = DIRECTION('',(1.,0.));
#15566 = ( GEOMETRIC_REPRESENTATION_CONTEXT(2) 
PARAMETRIC_REPRESENTATION_CONTEXT() REPRESENTATION_CONTEXT('2D SPACE',''
  ) );
#15567 = PCURVE('',#15568,#15573);
#15568 = PLANE('',#15569);
#15569 = AXIS2_PLACEMENT_3D('',#15570,#15571,#15572);
#15570 = CARTESIAN_POINT('',(1.074999999999E-03,1.530624220212E-03,
    2.068E-03));
#15571 = DIRECTION('',(-1.,0.,0.));
#15572 = DIRECTION('',(0.,-1.,0.));
#15573 = DEFINITIONAL_REPRESENTATION('',(#15574),#15578);
#15574 = LINE('',#15575,#15576);
#15575 = CARTESIAN_POINT('',(4.8E-04,-4.8E-05));
#15576 = VECTOR('',#15577,1.);
#15577 = DIRECTION('',(1.,0.));
#15578 = ( GEOMETRIC_REPRESENTATION_CONTEXT(2) 
PARAMETRIC_REPRESENTATION_CONTEXT() REPRESENTATION_CONTEXT('2D SPACE',''
  ) );
#15579 = ORIENTED_EDGE('',*,*,#15580,.F.);
#15580 = EDGE_CURVE('',#15581,#15553,#15583,.T.);
#15581 = VERTEX_POINT('',#15582);
#15582 = CARTESIAN_POINT('',(1.395E-03,8.506242202118E-04,2.02E-03));
#15583 = SURFACE_CURVE('',#15584,(#15588,#15595),.PCURVE_S1.);
#15584 = LINE('',#15585,#15586);
#15585 = CARTESIAN_POINT('',(1.395E-03,8.506242202118E-04,2.02E-03));
#15586 = VECTOR('',#15587,1.E-03);
#15587 = DIRECTION('',(-1.,0.,0.));
#15588 = PCURVE('',#15528,#15589);
#15589 = DEFINITIONAL_REPRESENTATION('',(#15590),#15594);
#15590 = LINE('',#15591,#15592);
#15591 = CARTESIAN_POINT('',(2.E-04,0.));
#15592 = VECTOR('',#15593,1.);
#15593 = DIRECTION('',(0.,-1.));
#15594 = ( GEOMETRIC_REPRESENTATION_CONTEXT(2) 
PARAMETRIC_REPRESENTATION_CONTEXT() REPRESENTATION_CONTEXT('2D SPACE',''
  ) );
#15595 = PCURVE('',#15596,#15601);
#15596 = PLANE('',#15597);
#15597 = AXIS2_PLACEMENT_3D('',#15598,#15599,#15600);
#15598 = CARTESIAN_POINT('',(1.395E-03,8.506242202118E-04,2.02E-03));
#15599 = DIRECTION('',(0.,1.,0.));
#15600 = DIRECTION('',(0.,0.,1.));
#15601 = DEFINITIONAL_REPRESENTATION('',(#15602),#15606);
#15602 = LINE('',#15603,#15604);
#15603 = CARTESIAN_POINT('',(0.,0.));
#15604 = VECTOR('',#15605,1.);
#15605 = DIRECTION('',(0.,-1.));
#15606 = ( GEOMETRIC_REPRESENTATION_CONTEXT(2) 
PARAMETRIC_REPRESENTATION_CONTEXT() REPRESENTATION_CONTEXT('2D SPACE',''
  ) );
#15607 = ORIENTED_EDGE('',*,*,#15608,.F.);
#15608 = EDGE_CURVE('',#15518,#15581,#15609,.T.);
#15609 = SURFACE_CURVE('',#15610,(#15614,#15621),.PCURVE_S1.);
#15610 = LINE('',#15611,#15612);
#15611 = CARTESIAN_POINT('',(1.395E-03,1.050624220212E-03,2.02E-03));
#15612 = VECTOR('',#15613,1.E-03);
#15613 = DIRECTION('',(0.,-1.,0.));
#15614 = PCURVE('',#15528,#15615);
#15615 = DEFINITIONAL_REPRESENTATION('',(#15616),#15620);
#15616 = LINE('',#15617,#15618);
#15617 = CARTESIAN_POINT('',(0.,0.));
#15618 = VECTOR('',#15619,1.);
#15619 = DIRECTION('',(1.,0.));
#15620 = ( GEOMETRIC_REPRESENTATION_CONTEXT(2) 
PARAMETRIC_REPRESENTATION_CONTEXT() REPRESENTATION_CONTEXT('2D SPACE',''
  ) );
#15621 = PCURVE('',#15622,#15627);
#15622 = PLANE('',#15623);
#15623 = AXIS2_PLACEMENT_3D('',#15624,#15625,#15626);
#15624 = CARTESIAN_POINT('',(1.395E-03,1.530624220212E-03,2.068E-03));
#15625 = DIRECTION('',(-1.,0.,0.));
#15626 = DIRECTION('',(0.,-1.,0.));
#15627 = DEFINITIONAL_REPRESENTATION('',(#15628),#15632);
#15628 = LINE('',#15629,#15630);
#15629 = CARTESIAN_POINT('',(4.8E-04,-4.8E-05));
#15630 = VECTOR('',#15631,1.);
#15631 = DIRECTION('',(1.,0.));
#15632 = ( GEOMETRIC_REPRESENTATION_CONTEXT(2) 
PARAMETRIC_REPRESENTATION_CONTEXT() REPRESENTATION_CONTEXT('2D SPACE',''
  ) );
#15633 = ADVANCED_FACE('',(#15634),#15596,.F.);
#15634 = FACE_BOUND('',#15635,.F.);
#15635 = EDGE_LOOP('',(#15636,#15637,#15660,#15688));
#15636 = ORIENTED_EDGE('',*,*,#15580,.T.);
#15637 = ORIENTED_EDGE('',*,*,#15638,.T.);
#15638 = EDGE_CURVE('',#15553,#15639,#15641,.T.);
#15639 = VERTEX_POINT('',#15640);
#15640 = CARTESIAN_POINT('',(1.074999999999E-03,8.506242202118E-04,
    2.14E-03));
#15641 = SURFACE_CURVE('',#15642,(#15646,#15653),.PCURVE_S1.);
#15642 = LINE('',#15643,#15644);
#15643 = CARTESIAN_POINT('',(1.074999999999E-03,8.506242202118E-04,
    2.02E-03));
#15644 = VECTOR('',#15645,1.E-03);
#15645 = DIRECTION('',(0.,0.,1.));
#15646 = PCURVE('',#15596,#15647);
#15647 = DEFINITIONAL_REPRESENTATION('',(#15648),#15652);
#15648 = LINE('',#15649,#15650);
#15649 = CARTESIAN_POINT('',(0.,-3.20000000001E-04));
#15650 = VECTOR('',#15651,1.);
#15651 = DIRECTION('',(1.,0.));
#15652 = ( GEOMETRIC_REPRESENTATION_CONTEXT(2) 
PARAMETRIC_REPRESENTATION_CONTEXT() REPRESENTATION_CONTEXT('2D SPACE',''
  ) );
#15653 = PCURVE('',#15568,#15654);
#15654 = DEFINITIONAL_REPRESENTATION('',(#15655),#15659);
#15655 = LINE('',#15656,#15657);
#15656 = CARTESIAN_POINT('',(6.8E-04,-4.8E-05));
#15657 = VECTOR('',#15658,1.);
#15658 = DIRECTION('',(0.,1.));
#15659 = ( GEOMETRIC_REPRESENTATION_CONTEXT(2) 
PARAMETRIC_REPRESENTATION_CONTEXT() REPRESENTATION_CONTEXT('2D SPACE',''
  ) );
#15660 = ORIENTED_EDGE('',*,*,#15661,.F.);
#15661 = EDGE_CURVE('',#15662,#15639,#15664,.T.);
#15662 = VERTEX_POINT('',#15663);
#15663 = CARTESIAN_POINT('',(1.395E-03,8.506242202118E-04,2.14E-03));
#15664 = SURFACE_CURVE('',#15665,(#15669,#15676),.PCURVE_S1.);
#15665 = LINE('',#15666,#15667);
#15666 = CARTESIAN_POINT('',(1.395E-03,8.506242202118E-04,2.14E-03));
#15667 = VECTOR('',#15668,1.E-03);
#15668 = DIRECTION('',(-1.,0.,0.));
#15669 = PCURVE('',#15596,#15670);
#15670 = DEFINITIONAL_REPRESENTATION('',(#15671),#15675);
#15671 = LINE('',#15672,#15673);
#15672 = CARTESIAN_POINT('',(1.2E-04,0.));
#15673 = VECTOR('',#15674,1.);
#15674 = DIRECTION('',(0.,-1.));
#15675 = ( GEOMETRIC_REPRESENTATION_CONTEXT(2) 
PARAMETRIC_REPRESENTATION_CONTEXT() REPRESENTATION_CONTEXT('2D SPACE',''
  ) );
#15676 = PCURVE('',#15677,#15682);
#15677 = PLANE('',#15678);
#15678 = AXIS2_PLACEMENT_3D('',#15679,#15680,#15681);
#15679 = CARTESIAN_POINT('',(1.395E-03,8.506242202118E-04,2.14E-03));
#15680 = DIRECTION('',(0.,0.,-1.));
#15681 = DIRECTION('',(0.,1.,0.));
#15682 = DEFINITIONAL_REPRESENTATION('',(#15683),#15687);
#15683 = LINE('',#15684,#15685);
#15684 = CARTESIAN_POINT('',(0.,-0.));
#15685 = VECTOR('',#15686,1.);
#15686 = DIRECTION('',(0.,-1.));
#15687 = ( GEOMETRIC_REPRESENTATION_CONTEXT(2) 
PARAMETRIC_REPRESENTATION_CONTEXT() REPRESENTATION_CONTEXT('2D SPACE',''
  ) );
#15688 = ORIENTED_EDGE('',*,*,#15689,.F.);
#15689 = EDGE_CURVE('',#15581,#15662,#15690,.T.);
#15690 = SURFACE_CURVE('',#15691,(#15695,#15702),.PCURVE_S1.);
#15691 = LINE('',#15692,#15693);
#15692 = CARTESIAN_POINT('',(1.395E-03,8.506242202118E-04,2.02E-03));
#15693 = VECTOR('',#15694,1.E-03);
#15694 = DIRECTION('',(0.,0.,1.));
#15695 = PCURVE('',#15596,#15696);
#15696 = DEFINITIONAL_REPRESENTATION('',(#15697),#15701);
#15697 = LINE('',#15698,#15699);
#15698 = CARTESIAN_POINT('',(0.,0.));
#15699 = VECTOR('',#15700,1.);
#15700 = DIRECTION('',(1.,0.));
#15701 = ( GEOMETRIC_REPRESENTATION_CONTEXT(2) 
PARAMETRIC_REPRESENTATION_CONTEXT() REPRESENTATION_CONTEXT('2D SPACE',''
  ) );
#15702 = PCURVE('',#15622,#15703);
#15703 = DEFINITIONAL_REPRESENTATION('',(#15704),#15708);
#15704 = LINE('',#15705,#15706);
#15705 = CARTESIAN_POINT('',(6.8E-04,-4.8E-05));
#15706 = VECTOR('',#15707,1.);
#15707 = DIRECTION('',(0.,1.));
#15708 = ( GEOMETRIC_REPRESENTATION_CONTEXT(2) 
PARAMETRIC_REPRESENTATION_CONTEXT() REPRESENTATION_CONTEXT('2D SPACE',''
  ) );
#15709 = ADVANCED_FACE('',(#15710),#15677,.F.);
#15710 = FACE_BOUND('',#15711,.F.);
#15711 = EDGE_LOOP('',(#15712,#15713,#15736,#15764));
#15712 = ORIENTED_EDGE('',*,*,#15661,.T.);
#15713 = ORIENTED_EDGE('',*,*,#15714,.T.);
#15714 = EDGE_CURVE('',#15639,#15715,#15717,.T.);
#15715 = VERTEX_POINT('',#15716);
#15716 = CARTESIAN_POINT('',(1.074999999999E-03,2.450624220212E-03,
    2.14E-03));
#15717 = SURFACE_CURVE('',#15718,(#15722,#15729),.PCURVE_S1.);
#15718 = LINE('',#15719,#15720);
#15719 = CARTESIAN_POINT('',(1.074999999999E-03,8.506242202118E-04,
    2.14E-03));
#15720 = VECTOR('',#15721,1.E-03);
#15721 = DIRECTION('',(0.,1.,0.));
#15722 = PCURVE('',#15677,#15723);
#15723 = DEFINITIONAL_REPRESENTATION('',(#15724),#15728);
#15724 = LINE('',#15725,#15726);
#15725 = CARTESIAN_POINT('',(0.,-3.20000000001E-04));
#15726 = VECTOR('',#15727,1.);
#15727 = DIRECTION('',(1.,0.));
#15728 = ( GEOMETRIC_REPRESENTATION_CONTEXT(2) 
PARAMETRIC_REPRESENTATION_CONTEXT() REPRESENTATION_CONTEXT('2D SPACE',''
  ) );
#15729 = PCURVE('',#15568,#15730);
#15730 = DEFINITIONAL_REPRESENTATION('',(#15731),#15735);
#15731 = LINE('',#15732,#15733);
#15732 = CARTESIAN_POINT('',(6.8E-04,7.199999999999E-05));
#15733 = VECTOR('',#15734,1.);
#15734 = DIRECTION('',(-1.,0.));
#15735 = ( GEOMETRIC_REPRESENTATION_CONTEXT(2) 
PARAMETRIC_REPRESENTATION_CONTEXT() REPRESENTATION_CONTEXT('2D SPACE',''
  ) );
#15736 = ORIENTED_EDGE('',*,*,#15737,.F.);
#15737 = EDGE_CURVE('',#15738,#15715,#15740,.T.);
#15738 = VERTEX_POINT('',#15739);
#15739 = CARTESIAN_POINT('',(1.395E-03,2.450624220212E-03,2.14E-03));
#15740 = SURFACE_CURVE('',#15741,(#15745,#15752),.PCURVE_S1.);
#15741 = LINE('',#15742,#15743);
#15742 = CARTESIAN_POINT('',(1.395E-03,2.450624220212E-03,2.14E-03));
#15743 = VECTOR('',#15744,1.E-03);
#15744 = DIRECTION('',(-1.,0.,0.));
#15745 = PCURVE('',#15677,#15746);
#15746 = DEFINITIONAL_REPRESENTATION('',(#15747),#15751);
#15747 = LINE('',#15748,#15749);
#15748 = CARTESIAN_POINT('',(1.6E-03,0.));
#15749 = VECTOR('',#15750,1.);
#15750 = DIRECTION('',(0.,-1.));
#15751 = ( GEOMETRIC_REPRESENTATION_CONTEXT(2) 
PARAMETRIC_REPRESENTATION_CONTEXT() REPRESENTATION_CONTEXT('2D SPACE',''
  ) );
#15752 = PCURVE('',#15753,#15758);
#15753 = PLANE('',#15754);
#15754 = AXIS2_PLACEMENT_3D('',#15755,#15756,#15757);
#15755 = CARTESIAN_POINT('',(1.395E-03,2.450624220212E-03,2.14E-03));
#15756 = DIRECTION('',(0.,-1.,0.));
#15757 = DIRECTION('',(0.,0.,-1.));
#15758 = DEFINITIONAL_REPRESENTATION('',(#15759),#15763);
#15759 = LINE('',#15760,#15761);
#15760 = CARTESIAN_POINT('',(0.,0.));
#15761 = VECTOR('',#15762,1.);
#15762 = DIRECTION('',(0.,-1.));
#15763 = ( GEOMETRIC_REPRESENTATION_CONTEXT(2) 
PARAMETRIC_REPRESENTATION_CONTEXT() REPRESENTATION_CONTEXT('2D SPACE',''
  ) );
#15764 = ORIENTED_EDGE('',*,*,#15765,.F.);
#15765 = EDGE_CURVE('',#15662,#15738,#15766,.T.);
#15766 = SURFACE_CURVE('',#15767,(#15771,#15778),.PCURVE_S1.);
#15767 = LINE('',#15768,#15769);
#15768 = CARTESIAN_POINT('',(1.395E-03,8.506242202118E-04,2.14E-03));
#15769 = VECTOR('',#15770,1.E-03);
#15770 = DIRECTION('',(0.,1.,0.));
#15771 = PCURVE('',#15677,#15772);
#15772 = DEFINITIONAL_REPRESENTATION('',(#15773),#15777);
#15773 = LINE('',#15774,#15775);
#15774 = CARTESIAN_POINT('',(0.,-0.));
#15775 = VECTOR('',#15776,1.);
#15776 = DIRECTION('',(1.,0.));
#15777 = ( GEOMETRIC_REPRESENTATION_CONTEXT(2) 
PARAMETRIC_REPRESENTATION_CONTEXT() REPRESENTATION_CONTEXT('2D SPACE',''
  ) );
#15778 = PCURVE('',#15622,#15779);
#15779 = DEFINITIONAL_REPRESENTATION('',(#15780),#15784);
#15780 = LINE('',#15781,#15782);
#15781 = CARTESIAN_POINT('',(6.8E-04,7.199999999999E-05));
#15782 = VECTOR('',#15783,1.);
#15783 = DIRECTION('',(-1.,0.));
#15784 = ( GEOMETRIC_REPRESENTATION_CONTEXT(2) 
PARAMETRIC_REPRESENTATION_CONTEXT() REPRESENTATION_CONTEXT('2D SPACE',''
  ) );
#15785 = ADVANCED_FACE('',(#15786),#15753,.F.);
#15786 = FACE_BOUND('',#15787,.F.);
#15787 = EDGE_LOOP('',(#15788,#15789,#15812,#15835));
#15788 = ORIENTED_EDGE('',*,*,#15737,.T.);
#15789 = ORIENTED_EDGE('',*,*,#15790,.T.);
#15790 = EDGE_CURVE('',#15715,#15791,#15793,.T.);
#15791 = VERTEX_POINT('',#15792);
#15792 = CARTESIAN_POINT('',(1.074999999999E-03,2.450624220212E-03,
    2.02E-03));
#15793 = SURFACE_CURVE('',#15794,(#15798,#15805),.PCURVE_S1.);
#15794 = LINE('',#15795,#15796);
#15795 = CARTESIAN_POINT('',(1.074999999999E-03,2.450624220212E-03,
    2.14E-03));
#15796 = VECTOR('',#15797,1.E-03);
#15797 = DIRECTION('',(0.,0.,-1.));
#15798 = PCURVE('',#15753,#15799);
#15799 = DEFINITIONAL_REPRESENTATION('',(#15800),#15804);
#15800 = LINE('',#15801,#15802);
#15801 = CARTESIAN_POINT('',(0.,-3.20000000001E-04));
#15802 = VECTOR('',#15803,1.);
#15803 = DIRECTION('',(1.,0.));
#15804 = ( GEOMETRIC_REPRESENTATION_CONTEXT(2) 
PARAMETRIC_REPRESENTATION_CONTEXT() REPRESENTATION_CONTEXT('2D SPACE',''
  ) );
#15805 = PCURVE('',#15568,#15806);
#15806 = DEFINITIONAL_REPRESENTATION('',(#15807),#15811);
#15807 = LINE('',#15808,#15809);
#15808 = CARTESIAN_POINT('',(-9.2E-04,7.199999999999E-05));
#15809 = VECTOR('',#15810,1.);
#15810 = DIRECTION('',(0.,-1.));
#15811 = ( GEOMETRIC_REPRESENTATION_CONTEXT(2) 
PARAMETRIC_REPRESENTATION_CONTEXT() REPRESENTATION_CONTEXT('2D SPACE',''
  ) );
#15812 = ORIENTED_EDGE('',*,*,#15813,.F.);
#15813 = EDGE_CURVE('',#15814,#15791,#15816,.T.);
#15814 = VERTEX_POINT('',#15815);
#15815 = CARTESIAN_POINT('',(1.395E-03,2.450624220212E-03,2.02E-03));
#15816 = SURFACE_CURVE('',#15817,(#15821,#15828),.PCURVE_S1.);
#15817 = LINE('',#15818,#15819);
#15818 = CARTESIAN_POINT('',(1.395E-03,2.450624220212E-03,2.02E-03));
#15819 = VECTOR('',#15820,1.E-03);
#15820 = DIRECTION('',(-1.,0.,0.));
#15821 = PCURVE('',#15753,#15822);
#15822 = DEFINITIONAL_REPRESENTATION('',(#15823),#15827);
#15823 = LINE('',#15824,#15825);
#15824 = CARTESIAN_POINT('',(1.2E-04,0.));
#15825 = VECTOR('',#15826,1.);
#15826 = DIRECTION('',(0.,-1.));
#15827 = ( GEOMETRIC_REPRESENTATION_CONTEXT(2) 
PARAMETRIC_REPRESENTATION_CONTEXT() REPRESENTATION_CONTEXT('2D SPACE',''
  ) );
#15828 = PCURVE('',#15540,#15829);
#15829 = DEFINITIONAL_REPRESENTATION('',(#15830),#15834);
#15830 = LINE('',#15831,#15832);
#15831 = CARTESIAN_POINT('',(0.,0.));
#15832 = VECTOR('',#15833,1.);
#15833 = DIRECTION('',(0.,-1.));
#15834 = ( GEOMETRIC_REPRESENTATION_CONTEXT(2) 
PARAMETRIC_REPRESENTATION_CONTEXT() REPRESENTATION_CONTEXT('2D SPACE',''
  ) );
#15835 = ORIENTED_EDGE('',*,*,#15836,.F.);
#15836 = EDGE_CURVE('',#15738,#15814,#15837,.T.);
#15837 = SURFACE_CURVE('',#15838,(#15842,#15849),.PCURVE_S1.);
#15838 = LINE('',#15839,#15840);
#15839 = CARTESIAN_POINT('',(1.395E-03,2.450624220212E-03,2.14E-03));
#15840 = VECTOR('',#15841,1.E-03);
#15841 = DIRECTION('',(0.,0.,-1.));
#15842 = PCURVE('',#15753,#15843);
#15843 = DEFINITIONAL_REPRESENTATION('',(#15844),#15848);
#15844 = LINE('',#15845,#15846);
#15845 = CARTESIAN_POINT('',(0.,0.));
#15846 = VECTOR('',#15847,1.);
#15847 = DIRECTION('',(1.,0.));
#15848 = ( GEOMETRIC_REPRESENTATION_CONTEXT(2) 
PARAMETRIC_REPRESENTATION_CONTEXT() REPRESENTATION_CONTEXT('2D SPACE',''
  ) );
#15849 = PCURVE('',#15622,#15850);
#15850 = DEFINITIONAL_REPRESENTATION('',(#15851),#15855);
#15851 = LINE('',#15852,#15853);
#15852 = CARTESIAN_POINT('',(-9.2E-04,7.199999999999E-05));
#15853 = VECTOR('',#15854,1.);
#15854 = DIRECTION('',(0.,-1.));
#15855 = ( GEOMETRIC_REPRESENTATION_CONTEXT(2) 
PARAMETRIC_REPRESENTATION_CONTEXT() REPRESENTATION_CONTEXT('2D SPACE',''
  ) );
#15856 = ADVANCED_FACE('',(#15857),#15540,.F.);
#15857 = FACE_BOUND('',#15858,.F.);
#15858 = EDGE_LOOP('',(#15859,#15860,#15881,#15882));
#15859 = ORIENTED_EDGE('',*,*,#15813,.T.);
#15860 = ORIENTED_EDGE('',*,*,#15861,.T.);
#15861 = EDGE_CURVE('',#15791,#15520,#15862,.T.);
#15862 = SURFACE_CURVE('',#15863,(#15867,#15874),.PCURVE_S1.);
#15863 = LINE('',#15864,#15865);
#15864 = CARTESIAN_POINT('',(1.074999999999E-03,2.450624220212E-03,
    2.02E-03));
#15865 = VECTOR('',#15866,1.E-03);
#15866 = DIRECTION('',(0.,-1.,0.));
#15867 = PCURVE('',#15540,#15868);
#15868 = DEFINITIONAL_REPRESENTATION('',(#15869),#15873);
#15869 = LINE('',#15870,#15871);
#15870 = CARTESIAN_POINT('',(0.,-3.20000000001E-04));
#15871 = VECTOR('',#15872,1.);
#15872 = DIRECTION('',(1.,0.));
#15873 = ( GEOMETRIC_REPRESENTATION_CONTEXT(2) 
PARAMETRIC_REPRESENTATION_CONTEXT() REPRESENTATION_CONTEXT('2D SPACE',''
  ) );
#15874 = PCURVE('',#15568,#15875);
#15875 = DEFINITIONAL_REPRESENTATION('',(#15876),#15880);
#15876 = LINE('',#15877,#15878);
#15877 = CARTESIAN_POINT('',(-9.2E-04,-4.8E-05));
#15878 = VECTOR('',#15879,1.);
#15879 = DIRECTION('',(1.,0.));
#15880 = ( GEOMETRIC_REPRESENTATION_CONTEXT(2) 
PARAMETRIC_REPRESENTATION_CONTEXT() REPRESENTATION_CONTEXT('2D SPACE',''
  ) );
#15881 = ORIENTED_EDGE('',*,*,#15517,.F.);
#15882 = ORIENTED_EDGE('',*,*,#15883,.F.);
#15883 = EDGE_CURVE('',#15814,#15518,#15884,.T.);
#15884 = SURFACE_CURVE('',#15885,(#15889,#15896),.PCURVE_S1.);
#15885 = LINE('',#15886,#15887);
#15886 = CARTESIAN_POINT('',(1.395E-03,2.450624220212E-03,2.02E-03));
#15887 = VECTOR('',#15888,1.E-03);
#15888 = DIRECTION('',(0.,-1.,0.));
#15889 = PCURVE('',#15540,#15890);
#15890 = DEFINITIONAL_REPRESENTATION('',(#15891),#15895);
#15891 = LINE('',#15892,#15893);
#15892 = CARTESIAN_POINT('',(0.,0.));
#15893 = VECTOR('',#15894,1.);
#15894 = DIRECTION('',(1.,0.));
#15895 = ( GEOMETRIC_REPRESENTATION_CONTEXT(2) 
PARAMETRIC_REPRESENTATION_CONTEXT() REPRESENTATION_CONTEXT('2D SPACE',''
  ) );
#15896 = PCURVE('',#15622,#15897);
#15897 = DEFINITIONAL_REPRESENTATION('',(#15898),#15902);
#15898 = LINE('',#15899,#15900);
#15899 = CARTESIAN_POINT('',(-9.2E-04,-4.8E-05));
#15900 = VECTOR('',#15901,1.);
#15901 = DIRECTION('',(1.,0.));
#15902 = ( GEOMETRIC_REPRESENTATION_CONTEXT(2) 
PARAMETRIC_REPRESENTATION_CONTEXT() REPRESENTATION_CONTEXT('2D SPACE',''
  ) );
#15903 = ADVANCED_FACE('',(#15904),#15622,.F.);
#15904 = FACE_BOUND('',#15905,.F.);
#15905 = EDGE_LOOP('',(#15906,#15907,#15908,#15909,#15910));
#15906 = ORIENTED_EDGE('',*,*,#15608,.T.);
#15907 = ORIENTED_EDGE('',*,*,#15689,.T.);
#15908 = ORIENTED_EDGE('',*,*,#15765,.T.);
#15909 = ORIENTED_EDGE('',*,*,#15836,.T.);
#15910 = ORIENTED_EDGE('',*,*,#15883,.T.);
#15911 = ADVANCED_FACE('',(#15912),#15568,.T.);
#15912 = FACE_BOUND('',#15913,.T.);
#15913 = EDGE_LOOP('',(#15914,#15915,#15916,#15917,#15918));
#15914 = ORIENTED_EDGE('',*,*,#15552,.T.);
#15915 = ORIENTED_EDGE('',*,*,#15638,.T.);
#15916 = ORIENTED_EDGE('',*,*,#15714,.T.);
#15917 = ORIENTED_EDGE('',*,*,#15790,.T.);
#15918 = ORIENTED_EDGE('',*,*,#15861,.T.);
#15919 = ( GEOMETRIC_REPRESENTATION_CONTEXT(3) 
GLOBAL_UNCERTAINTY_ASSIGNED_CONTEXT((#15923)) 
GLOBAL_UNIT_ASSIGNED_CONTEXT((#15920,#15921,#15922)) 
REPRESENTATION_CONTEXT('Context #1',
  '3D Context with UNIT and UNCERTAINTY') );
#15920 = ( LENGTH_UNIT() NAMED_UNIT(*) SI_UNIT($,.METRE.) );
#15921 = ( NAMED_UNIT(*) PLANE_ANGLE_UNIT() SI_UNIT($,.RADIAN.) );
#15922 = ( NAMED_UNIT(*) SI_UNIT($,.STERADIAN.) SOLID_ANGLE_UNIT() );
#15923 = UNCERTAINTY_MEASURE_WITH_UNIT(LENGTH_MEASURE(1.E-08),#15920,
  'distance_accuracy_value','confusion accuracy');
#15924 = PRODUCT_RELATED_PRODUCT_CATEGORY('detail',$,(#15507));
#15925 = PRODUCT_CATEGORY_RELATIONSHIP('','',#15926,#15924);
#15926 = PRODUCT_CATEGORY('part',$);
#15927 = CC_DESIGN_PERSON_AND_ORGANIZATION_ASSIGNMENT(#354,#357,(#15506,
    #15505));
#15928 = CC_DESIGN_PERSON_AND_ORGANIZATION_ASSIGNMENT(#354,#359,(#15507)
  );
#15929 = CC_DESIGN_PERSON_AND_ORGANIZATION_ASSIGNMENT(#354,#361,(#15506)
  );
#15930 = CC_DESIGN_PERSON_AND_ORGANIZATION_ASSIGNMENT(#354,#363,(#15931)
  );
#15931 = SECURITY_CLASSIFICATION('','',#365);
#15932 = CC_DESIGN_SECURITY_CLASSIFICATION(#15931,(#15506));
#15933 = CC_DESIGN_DATE_AND_TIME_ASSIGNMENT(#368,#372,(#15505));
#15934 = CC_DESIGN_DATE_AND_TIME_ASSIGNMENT(#368,#374,(#15931));
#15935 = CC_DESIGN_APPROVAL(#376,(#15506,#15505,#15931));
#15936 = SHAPE_DEFINITION_REPRESENTATION(#15937,#15943);
#15937 = PRODUCT_DEFINITION_SHAPE('','',#15938);
#15938 = PRODUCT_DEFINITION('design','',#15939,#15942);
#15939 = PRODUCT_DEFINITION_FORMATION_WITH_SPECIFIED_SOURCE('','',#15940
  ,.NOT_KNOWN.);
#15940 = PRODUCT('Timber_0.02_m 29','Timber_0.02_m 29','',(#15941));
#15941 = MECHANICAL_CONTEXT('',#2,'mechanical');
#15942 = DESIGN_CONTEXT('',#2,'design');
#15943 = ADVANCED_BREP_SHAPE_REPRESENTATION('',(#11,#15944),#16352);
#15944 = MANIFOLD_SOLID_BREP('Timber_0.02_m',#15945);
#15945 = CLOSED_SHELL('',(#15946,#16066,#16142,#16218,#16289,#16336,
    #16344));
#15946 = ADVANCED_FACE('',(#15947),#15961,.F.);
#15947 = FACE_BOUND('',#15948,.F.);
#15948 = EDGE_LOOP('',(#15949,#15984,#16012,#16040));
#15949 = ORIENTED_EDGE('',*,*,#15950,.T.);
#15950 = EDGE_CURVE('',#15951,#15953,#15955,.T.);
#15951 = VERTEX_POINT('',#15952);
#15952 = CARTESIAN_POINT('',(1.395E-03,1.050624220212E-03,4.22E-03));
#15953 = VERTEX_POINT('',#15954);
#15954 = CARTESIAN_POINT('',(1.074999999999E-03,1.050624220212E-03,
    4.22E-03));
#15955 = SURFACE_CURVE('',#15956,(#15960,#15972),.PCURVE_S1.);
#15956 = LINE('',#15957,#15958);
#15957 = CARTESIAN_POINT('',(1.395E-03,1.050624220212E-03,4.22E-03));
#15958 = VECTOR('',#15959,1.E-03);
#15959 = DIRECTION('',(-1.,0.,0.));
#15960 = PCURVE('',#15961,#15966);
#15961 = PLANE('',#15962);
#15962 = AXIS2_PLACEMENT_3D('',#15963,#15964,#15965);
#15963 = CARTESIAN_POINT('',(1.395E-03,1.050624220212E-03,4.22E-03));
#15964 = DIRECTION('',(0.,0.,1.));
#15965 = DIRECTION('',(0.,-1.,0.));
#15966 = DEFINITIONAL_REPRESENTATION('',(#15967),#15971);
#15967 = LINE('',#15968,#15969);
#15968 = CARTESIAN_POINT('',(0.,0.));
#15969 = VECTOR('',#15970,1.);
#15970 = DIRECTION('',(0.,-1.));
#15971 = ( GEOMETRIC_REPRESENTATION_CONTEXT(2) 
PARAMETRIC_REPRESENTATION_CONTEXT() REPRESENTATION_CONTEXT('2D SPACE',''
  ) );
#15972 = PCURVE('',#15973,#15978);
#15973 = PLANE('',#15974);
#15974 = AXIS2_PLACEMENT_3D('',#15975,#15976,#15977);
#15975 = CARTESIAN_POINT('',(1.395E-03,2.450624220212E-03,4.22E-03));
#15976 = DIRECTION('',(0.,0.,1.));
#15977 = DIRECTION('',(0.,-1.,0.));
#15978 = DEFINITIONAL_REPRESENTATION('',(#15979),#15983);
#15979 = LINE('',#15980,#15981);
#15980 = CARTESIAN_POINT('',(1.4E-03,0.));
#15981 = VECTOR('',#15982,1.);
#15982 = DIRECTION('',(0.,-1.));
#15983 = ( GEOMETRIC_REPRESENTATION_CONTEXT(2) 
PARAMETRIC_REPRESENTATION_CONTEXT() REPRESENTATION_CONTEXT('2D SPACE',''
  ) );
#15984 = ORIENTED_EDGE('',*,*,#15985,.T.);
#15985 = EDGE_CURVE('',#15953,#15986,#15988,.T.);
#15986 = VERTEX_POINT('',#15987);
#15987 = CARTESIAN_POINT('',(1.074999999999E-03,8.506242202118E-04,
    4.22E-03));
#15988 = SURFACE_CURVE('',#15989,(#15993,#16000),.PCURVE_S1.);
#15989 = LINE('',#15990,#15991);
#15990 = CARTESIAN_POINT('',(1.074999999999E-03,1.050624220212E-03,
    4.22E-03));
#15991 = VECTOR('',#15992,1.E-03);
#15992 = DIRECTION('',(0.,-1.,0.));
#15993 = PCURVE('',#15961,#15994);
#15994 = DEFINITIONAL_REPRESENTATION('',(#15995),#15999);
#15995 = LINE('',#15996,#15997);
#15996 = CARTESIAN_POINT('',(0.,-3.20000000001E-04));
#15997 = VECTOR('',#15998,1.);
#15998 = DIRECTION('',(1.,0.));
#15999 = ( GEOMETRIC_REPRESENTATION_CONTEXT(2) 
PARAMETRIC_REPRESENTATION_CONTEXT() REPRESENTATION_CONTEXT('2D SPACE',''
  ) );
#16000 = PCURVE('',#16001,#16006);
#16001 = PLANE('',#16002);
#16002 = AXIS2_PLACEMENT_3D('',#16003,#16004,#16005);
#16003 = CARTESIAN_POINT('',(1.074999999999E-03,1.530624220212E-03,
    4.268E-03));
#16004 = DIRECTION('',(-1.,0.,0.));
#16005 = DIRECTION('',(0.,-1.,0.));
#16006 = DEFINITIONAL_REPRESENTATION('',(#16007),#16011);
#16007 = LINE('',#16008,#16009);
#16008 = CARTESIAN_POINT('',(4.8E-04,-4.8E-05));
#16009 = VECTOR('',#16010,1.);
#16010 = DIRECTION('',(1.,0.));
#16011 = ( GEOMETRIC_REPRESENTATION_CONTEXT(2) 
PARAMETRIC_REPRESENTATION_CONTEXT() REPRESENTATION_CONTEXT('2D SPACE',''
  ) );
#16012 = ORIENTED_EDGE('',*,*,#16013,.F.);
#16013 = EDGE_CURVE('',#16014,#15986,#16016,.T.);
#16014 = VERTEX_POINT('',#16015);
#16015 = CARTESIAN_POINT('',(1.395E-03,8.506242202118E-04,4.22E-03));
#16016 = SURFACE_CURVE('',#16017,(#16021,#16028),.PCURVE_S1.);
#16017 = LINE('',#16018,#16019);
#16018 = CARTESIAN_POINT('',(1.395E-03,8.506242202118E-04,4.22E-03));
#16019 = VECTOR('',#16020,1.E-03);
#16020 = DIRECTION('',(-1.,0.,0.));
#16021 = PCURVE('',#15961,#16022);
#16022 = DEFINITIONAL_REPRESENTATION('',(#16023),#16027);
#16023 = LINE('',#16024,#16025);
#16024 = CARTESIAN_POINT('',(2.E-04,0.));
#16025 = VECTOR('',#16026,1.);
#16026 = DIRECTION('',(0.,-1.));
#16027 = ( GEOMETRIC_REPRESENTATION_CONTEXT(2) 
PARAMETRIC_REPRESENTATION_CONTEXT() REPRESENTATION_CONTEXT('2D SPACE',''
  ) );
#16028 = PCURVE('',#16029,#16034);
#16029 = PLANE('',#16030);
#16030 = AXIS2_PLACEMENT_3D('',#16031,#16032,#16033);
#16031 = CARTESIAN_POINT('',(1.395E-03,8.506242202118E-04,4.22E-03));
#16032 = DIRECTION('',(0.,1.,0.));
#16033 = DIRECTION('',(0.,0.,1.));
#16034 = DEFINITIONAL_REPRESENTATION('',(#16035),#16039);
#16035 = LINE('',#16036,#16037);
#16036 = CARTESIAN_POINT('',(0.,0.));
#16037 = VECTOR('',#16038,1.);
#16038 = DIRECTION('',(0.,-1.));
#16039 = ( GEOMETRIC_REPRESENTATION_CONTEXT(2) 
PARAMETRIC_REPRESENTATION_CONTEXT() REPRESENTATION_CONTEXT('2D SPACE',''
  ) );
#16040 = ORIENTED_EDGE('',*,*,#16041,.F.);
#16041 = EDGE_CURVE('',#15951,#16014,#16042,.T.);
#16042 = SURFACE_CURVE('',#16043,(#16047,#16054),.PCURVE_S1.);
#16043 = LINE('',#16044,#16045);
#16044 = CARTESIAN_POINT('',(1.395E-03,1.050624220212E-03,4.22E-03));
#16045 = VECTOR('',#16046,1.E-03);
#16046 = DIRECTION('',(0.,-1.,0.));
#16047 = PCURVE('',#15961,#16048);
#16048 = DEFINITIONAL_REPRESENTATION('',(#16049),#16053);
#16049 = LINE('',#16050,#16051);
#16050 = CARTESIAN_POINT('',(0.,0.));
#16051 = VECTOR('',#16052,1.);
#16052 = DIRECTION('',(1.,0.));
#16053 = ( GEOMETRIC_REPRESENTATION_CONTEXT(2) 
PARAMETRIC_REPRESENTATION_CONTEXT() REPRESENTATION_CONTEXT('2D SPACE',''
  ) );
#16054 = PCURVE('',#16055,#16060);
#16055 = PLANE('',#16056);
#16056 = AXIS2_PLACEMENT_3D('',#16057,#16058,#16059);
#16057 = CARTESIAN_POINT('',(1.395E-03,1.530624220212E-03,4.268E-03));
#16058 = DIRECTION('',(-1.,0.,0.));
#16059 = DIRECTION('',(0.,-1.,0.));
#16060 = DEFINITIONAL_REPRESENTATION('',(#16061),#16065);
#16061 = LINE('',#16062,#16063);
#16062 = CARTESIAN_POINT('',(4.8E-04,-4.8E-05));
#16063 = VECTOR('',#16064,1.);
#16064 = DIRECTION('',(1.,0.));
#16065 = ( GEOMETRIC_REPRESENTATION_CONTEXT(2) 
PARAMETRIC_REPRESENTATION_CONTEXT() REPRESENTATION_CONTEXT('2D SPACE',''
  ) );
#16066 = ADVANCED_FACE('',(#16067),#16029,.F.);
#16067 = FACE_BOUND('',#16068,.F.);
#16068 = EDGE_LOOP('',(#16069,#16070,#16093,#16121));
#16069 = ORIENTED_EDGE('',*,*,#16013,.T.);
#16070 = ORIENTED_EDGE('',*,*,#16071,.T.);
#16071 = EDGE_CURVE('',#15986,#16072,#16074,.T.);
#16072 = VERTEX_POINT('',#16073);
#16073 = CARTESIAN_POINT('',(1.074999999999E-03,8.506242202118E-04,
    4.34E-03));
#16074 = SURFACE_CURVE('',#16075,(#16079,#16086),.PCURVE_S1.);
#16075 = LINE('',#16076,#16077);
#16076 = CARTESIAN_POINT('',(1.074999999999E-03,8.506242202118E-04,
    4.22E-03));
#16077 = VECTOR('',#16078,1.E-03);
#16078 = DIRECTION('',(0.,0.,1.));
#16079 = PCURVE('',#16029,#16080);
#16080 = DEFINITIONAL_REPRESENTATION('',(#16081),#16085);
#16081 = LINE('',#16082,#16083);
#16082 = CARTESIAN_POINT('',(0.,-3.20000000001E-04));
#16083 = VECTOR('',#16084,1.);
#16084 = DIRECTION('',(1.,0.));
#16085 = ( GEOMETRIC_REPRESENTATION_CONTEXT(2) 
PARAMETRIC_REPRESENTATION_CONTEXT() REPRESENTATION_CONTEXT('2D SPACE',''
  ) );
#16086 = PCURVE('',#16001,#16087);
#16087 = DEFINITIONAL_REPRESENTATION('',(#16088),#16092);
#16088 = LINE('',#16089,#16090);
#16089 = CARTESIAN_POINT('',(6.8E-04,-4.8E-05));
#16090 = VECTOR('',#16091,1.);
#16091 = DIRECTION('',(0.,1.));
#16092 = ( GEOMETRIC_REPRESENTATION_CONTEXT(2) 
PARAMETRIC_REPRESENTATION_CONTEXT() REPRESENTATION_CONTEXT('2D SPACE',''
  ) );
#16093 = ORIENTED_EDGE('',*,*,#16094,.F.);
#16094 = EDGE_CURVE('',#16095,#16072,#16097,.T.);
#16095 = VERTEX_POINT('',#16096);
#16096 = CARTESIAN_POINT('',(1.395E-03,8.506242202118E-04,4.34E-03));
#16097 = SURFACE_CURVE('',#16098,(#16102,#16109),.PCURVE_S1.);
#16098 = LINE('',#16099,#16100);
#16099 = CARTESIAN_POINT('',(1.395E-03,8.506242202118E-04,4.34E-03));
#16100 = VECTOR('',#16101,1.E-03);
#16101 = DIRECTION('',(-1.,0.,0.));
#16102 = PCURVE('',#16029,#16103);
#16103 = DEFINITIONAL_REPRESENTATION('',(#16104),#16108);
#16104 = LINE('',#16105,#16106);
#16105 = CARTESIAN_POINT('',(1.2E-04,0.));
#16106 = VECTOR('',#16107,1.);
#16107 = DIRECTION('',(0.,-1.));
#16108 = ( GEOMETRIC_REPRESENTATION_CONTEXT(2) 
PARAMETRIC_REPRESENTATION_CONTEXT() REPRESENTATION_CONTEXT('2D SPACE',''
  ) );
#16109 = PCURVE('',#16110,#16115);
#16110 = PLANE('',#16111);
#16111 = AXIS2_PLACEMENT_3D('',#16112,#16113,#16114);
#16112 = CARTESIAN_POINT('',(1.395E-03,8.506242202118E-04,4.34E-03));
#16113 = DIRECTION('',(0.,0.,-1.));
#16114 = DIRECTION('',(0.,1.,0.));
#16115 = DEFINITIONAL_REPRESENTATION('',(#16116),#16120);
#16116 = LINE('',#16117,#16118);
#16117 = CARTESIAN_POINT('',(0.,-0.));
#16118 = VECTOR('',#16119,1.);
#16119 = DIRECTION('',(0.,-1.));
#16120 = ( GEOMETRIC_REPRESENTATION_CONTEXT(2) 
PARAMETRIC_REPRESENTATION_CONTEXT() REPRESENTATION_CONTEXT('2D SPACE',''
  ) );
#16121 = ORIENTED_EDGE('',*,*,#16122,.F.);
#16122 = EDGE_CURVE('',#16014,#16095,#16123,.T.);
#16123 = SURFACE_CURVE('',#16124,(#16128,#16135),.PCURVE_S1.);
#16124 = LINE('',#16125,#16126);
#16125 = CARTESIAN_POINT('',(1.395E-03,8.506242202118E-04,4.22E-03));
#16126 = VECTOR('',#16127,1.E-03);
#16127 = DIRECTION('',(0.,0.,1.));
#16128 = PCURVE('',#16029,#16129);
#16129 = DEFINITIONAL_REPRESENTATION('',(#16130),#16134);
#16130 = LINE('',#16131,#16132);
#16131 = CARTESIAN_POINT('',(0.,0.));
#16132 = VECTOR('',#16133,1.);
#16133 = DIRECTION('',(1.,0.));
#16134 = ( GEOMETRIC_REPRESENTATION_CONTEXT(2) 
PARAMETRIC_REPRESENTATION_CONTEXT() REPRESENTATION_CONTEXT('2D SPACE',''
  ) );
#16135 = PCURVE('',#16055,#16136);
#16136 = DEFINITIONAL_REPRESENTATION('',(#16137),#16141);
#16137 = LINE('',#16138,#16139);
#16138 = CARTESIAN_POINT('',(6.8E-04,-4.8E-05));
#16139 = VECTOR('',#16140,1.);
#16140 = DIRECTION('',(0.,1.));
#16141 = ( GEOMETRIC_REPRESENTATION_CONTEXT(2) 
PARAMETRIC_REPRESENTATION_CONTEXT() REPRESENTATION_CONTEXT('2D SPACE',''
  ) );
#16142 = ADVANCED_FACE('',(#16143),#16110,.F.);
#16143 = FACE_BOUND('',#16144,.F.);
#16144 = EDGE_LOOP('',(#16145,#16146,#16169,#16197));
#16145 = ORIENTED_EDGE('',*,*,#16094,.T.);
#16146 = ORIENTED_EDGE('',*,*,#16147,.T.);
#16147 = EDGE_CURVE('',#16072,#16148,#16150,.T.);
#16148 = VERTEX_POINT('',#16149);
#16149 = CARTESIAN_POINT('',(1.074999999999E-03,2.450624220212E-03,
    4.34E-03));
#16150 = SURFACE_CURVE('',#16151,(#16155,#16162),.PCURVE_S1.);
#16151 = LINE('',#16152,#16153);
#16152 = CARTESIAN_POINT('',(1.074999999999E-03,8.506242202118E-04,
    4.34E-03));
#16153 = VECTOR('',#16154,1.E-03);
#16154 = DIRECTION('',(0.,1.,0.));
#16155 = PCURVE('',#16110,#16156);
#16156 = DEFINITIONAL_REPRESENTATION('',(#16157),#16161);
#16157 = LINE('',#16158,#16159);
#16158 = CARTESIAN_POINT('',(0.,-3.20000000001E-04));
#16159 = VECTOR('',#16160,1.);
#16160 = DIRECTION('',(1.,0.));
#16161 = ( GEOMETRIC_REPRESENTATION_CONTEXT(2) 
PARAMETRIC_REPRESENTATION_CONTEXT() REPRESENTATION_CONTEXT('2D SPACE',''
  ) );
#16162 = PCURVE('',#16001,#16163);
#16163 = DEFINITIONAL_REPRESENTATION('',(#16164),#16168);
#16164 = LINE('',#16165,#16166);
#16165 = CARTESIAN_POINT('',(6.8E-04,7.199999999999E-05));
#16166 = VECTOR('',#16167,1.);
#16167 = DIRECTION('',(-1.,0.));
#16168 = ( GEOMETRIC_REPRESENTATION_CONTEXT(2) 
PARAMETRIC_REPRESENTATION_CONTEXT() REPRESENTATION_CONTEXT('2D SPACE',''
  ) );
#16169 = ORIENTED_EDGE('',*,*,#16170,.F.);
#16170 = EDGE_CURVE('',#16171,#16148,#16173,.T.);
#16171 = VERTEX_POINT('',#16172);
#16172 = CARTESIAN_POINT('',(1.395E-03,2.450624220212E-03,4.34E-03));
#16173 = SURFACE_CURVE('',#16174,(#16178,#16185),.PCURVE_S1.);
#16174 = LINE('',#16175,#16176);
#16175 = CARTESIAN_POINT('',(1.395E-03,2.450624220212E-03,4.34E-03));
#16176 = VECTOR('',#16177,1.E-03);
#16177 = DIRECTION('',(-1.,0.,0.));
#16178 = PCURVE('',#16110,#16179);
#16179 = DEFINITIONAL_REPRESENTATION('',(#16180),#16184);
#16180 = LINE('',#16181,#16182);
#16181 = CARTESIAN_POINT('',(1.6E-03,0.));
#16182 = VECTOR('',#16183,1.);
#16183 = DIRECTION('',(0.,-1.));
#16184 = ( GEOMETRIC_REPRESENTATION_CONTEXT(2) 
PARAMETRIC_REPRESENTATION_CONTEXT() REPRESENTATION_CONTEXT('2D SPACE',''
  ) );
#16185 = PCURVE('',#16186,#16191);
#16186 = PLANE('',#16187);
#16187 = AXIS2_PLACEMENT_3D('',#16188,#16189,#16190);
#16188 = CARTESIAN_POINT('',(1.395E-03,2.450624220212E-03,4.34E-03));
#16189 = DIRECTION('',(0.,-1.,0.));
#16190 = DIRECTION('',(0.,0.,-1.));
#16191 = DEFINITIONAL_REPRESENTATION('',(#16192),#16196);
#16192 = LINE('',#16193,#16194);
#16193 = CARTESIAN_POINT('',(0.,0.));
#16194 = VECTOR('',#16195,1.);
#16195 = DIRECTION('',(0.,-1.));
#16196 = ( GEOMETRIC_REPRESENTATION_CONTEXT(2) 
PARAMETRIC_REPRESENTATION_CONTEXT() REPRESENTATION_CONTEXT('2D SPACE',''
  ) );
#16197 = ORIENTED_EDGE('',*,*,#16198,.F.);
#16198 = EDGE_CURVE('',#16095,#16171,#16199,.T.);
#16199 = SURFACE_CURVE('',#16200,(#16204,#16211),.PCURVE_S1.);
#16200 = LINE('',#16201,#16202);
#16201 = CARTESIAN_POINT('',(1.395E-03,8.506242202118E-04,4.34E-03));
#16202 = VECTOR('',#16203,1.E-03);
#16203 = DIRECTION('',(0.,1.,0.));
#16204 = PCURVE('',#16110,#16205);
#16205 = DEFINITIONAL_REPRESENTATION('',(#16206),#16210);
#16206 = LINE('',#16207,#16208);
#16207 = CARTESIAN_POINT('',(0.,-0.));
#16208 = VECTOR('',#16209,1.);
#16209 = DIRECTION('',(1.,0.));
#16210 = ( GEOMETRIC_REPRESENTATION_CONTEXT(2) 
PARAMETRIC_REPRESENTATION_CONTEXT() REPRESENTATION_CONTEXT('2D SPACE',''
  ) );
#16211 = PCURVE('',#16055,#16212);
#16212 = DEFINITIONAL_REPRESENTATION('',(#16213),#16217);
#16213 = LINE('',#16214,#16215);
#16214 = CARTESIAN_POINT('',(6.8E-04,7.199999999999E-05));
#16215 = VECTOR('',#16216,1.);
#16216 = DIRECTION('',(-1.,0.));
#16217 = ( GEOMETRIC_REPRESENTATION_CONTEXT(2) 
PARAMETRIC_REPRESENTATION_CONTEXT() REPRESENTATION_CONTEXT('2D SPACE',''
  ) );
#16218 = ADVANCED_FACE('',(#16219),#16186,.F.);
#16219 = FACE_BOUND('',#16220,.F.);
#16220 = EDGE_LOOP('',(#16221,#16222,#16245,#16268));
#16221 = ORIENTED_EDGE('',*,*,#16170,.T.);
#16222 = ORIENTED_EDGE('',*,*,#16223,.T.);
#16223 = EDGE_CURVE('',#16148,#16224,#16226,.T.);
#16224 = VERTEX_POINT('',#16225);
#16225 = CARTESIAN_POINT('',(1.074999999999E-03,2.450624220212E-03,
    4.22E-03));
#16226 = SURFACE_CURVE('',#16227,(#16231,#16238),.PCURVE_S1.);
#16227 = LINE('',#16228,#16229);
#16228 = CARTESIAN_POINT('',(1.074999999999E-03,2.450624220212E-03,
    4.34E-03));
#16229 = VECTOR('',#16230,1.E-03);
#16230 = DIRECTION('',(0.,0.,-1.));
#16231 = PCURVE('',#16186,#16232);
#16232 = DEFINITIONAL_REPRESENTATION('',(#16233),#16237);
#16233 = LINE('',#16234,#16235);
#16234 = CARTESIAN_POINT('',(0.,-3.20000000001E-04));
#16235 = VECTOR('',#16236,1.);
#16236 = DIRECTION('',(1.,0.));
#16237 = ( GEOMETRIC_REPRESENTATION_CONTEXT(2) 
PARAMETRIC_REPRESENTATION_CONTEXT() REPRESENTATION_CONTEXT('2D SPACE',''
  ) );
#16238 = PCURVE('',#16001,#16239);
#16239 = DEFINITIONAL_REPRESENTATION('',(#16240),#16244);
#16240 = LINE('',#16241,#16242);
#16241 = CARTESIAN_POINT('',(-9.2E-04,7.199999999999E-05));
#16242 = VECTOR('',#16243,1.);
#16243 = DIRECTION('',(0.,-1.));
#16244 = ( GEOMETRIC_REPRESENTATION_CONTEXT(2) 
PARAMETRIC_REPRESENTATION_CONTEXT() REPRESENTATION_CONTEXT('2D SPACE',''
  ) );
#16245 = ORIENTED_EDGE('',*,*,#16246,.F.);
#16246 = EDGE_CURVE('',#16247,#16224,#16249,.T.);
#16247 = VERTEX_POINT('',#16248);
#16248 = CARTESIAN_POINT('',(1.395E-03,2.450624220212E-03,4.22E-03));
#16249 = SURFACE_CURVE('',#16250,(#16254,#16261),.PCURVE_S1.);
#16250 = LINE('',#16251,#16252);
#16251 = CARTESIAN_POINT('',(1.395E-03,2.450624220212E-03,4.22E-03));
#16252 = VECTOR('',#16253,1.E-03);
#16253 = DIRECTION('',(-1.,0.,0.));
#16254 = PCURVE('',#16186,#16255);
#16255 = DEFINITIONAL_REPRESENTATION('',(#16256),#16260);
#16256 = LINE('',#16257,#16258);
#16257 = CARTESIAN_POINT('',(1.2E-04,0.));
#16258 = VECTOR('',#16259,1.);
#16259 = DIRECTION('',(0.,-1.));
#16260 = ( GEOMETRIC_REPRESENTATION_CONTEXT(2) 
PARAMETRIC_REPRESENTATION_CONTEXT() REPRESENTATION_CONTEXT('2D SPACE',''
  ) );
#16261 = PCURVE('',#15973,#16262);
#16262 = DEFINITIONAL_REPRESENTATION('',(#16263),#16267);
#16263 = LINE('',#16264,#16265);
#16264 = CARTESIAN_POINT('',(0.,0.));
#16265 = VECTOR('',#16266,1.);
#16266 = DIRECTION('',(0.,-1.));
#16267 = ( GEOMETRIC_REPRESENTATION_CONTEXT(2) 
PARAMETRIC_REPRESENTATION_CONTEXT() REPRESENTATION_CONTEXT('2D SPACE',''
  ) );
#16268 = ORIENTED_EDGE('',*,*,#16269,.F.);
#16269 = EDGE_CURVE('',#16171,#16247,#16270,.T.);
#16270 = SURFACE_CURVE('',#16271,(#16275,#16282),.PCURVE_S1.);
#16271 = LINE('',#16272,#16273);
#16272 = CARTESIAN_POINT('',(1.395E-03,2.450624220212E-03,4.34E-03));
#16273 = VECTOR('',#16274,1.E-03);
#16274 = DIRECTION('',(0.,0.,-1.));
#16275 = PCURVE('',#16186,#16276);
#16276 = DEFINITIONAL_REPRESENTATION('',(#16277),#16281);
#16277 = LINE('',#16278,#16279);
#16278 = CARTESIAN_POINT('',(0.,0.));
#16279 = VECTOR('',#16280,1.);
#16280 = DIRECTION('',(1.,0.));
#16281 = ( GEOMETRIC_REPRESENTATION_CONTEXT(2) 
PARAMETRIC_REPRESENTATION_CONTEXT() REPRESENTATION_CONTEXT('2D SPACE',''
  ) );
#16282 = PCURVE('',#16055,#16283);
#16283 = DEFINITIONAL_REPRESENTATION('',(#16284),#16288);
#16284 = LINE('',#16285,#16286);
#16285 = CARTESIAN_POINT('',(-9.2E-04,7.199999999999E-05));
#16286 = VECTOR('',#16287,1.);
#16287 = DIRECTION('',(0.,-1.));
#16288 = ( GEOMETRIC_REPRESENTATION_CONTEXT(2) 
PARAMETRIC_REPRESENTATION_CONTEXT() REPRESENTATION_CONTEXT('2D SPACE',''
  ) );
#16289 = ADVANCED_FACE('',(#16290),#15973,.F.);
#16290 = FACE_BOUND('',#16291,.F.);
#16291 = EDGE_LOOP('',(#16292,#16293,#16314,#16315));
#16292 = ORIENTED_EDGE('',*,*,#16246,.T.);
#16293 = ORIENTED_EDGE('',*,*,#16294,.T.);
#16294 = EDGE_CURVE('',#16224,#15953,#16295,.T.);
#16295 = SURFACE_CURVE('',#16296,(#16300,#16307),.PCURVE_S1.);
#16296 = LINE('',#16297,#16298);
#16297 = CARTESIAN_POINT('',(1.074999999999E-03,2.450624220212E-03,
    4.22E-03));
#16298 = VECTOR('',#16299,1.E-03);
#16299 = DIRECTION('',(0.,-1.,0.));
#16300 = PCURVE('',#15973,#16301);
#16301 = DEFINITIONAL_REPRESENTATION('',(#16302),#16306);
#16302 = LINE('',#16303,#16304);
#16303 = CARTESIAN_POINT('',(0.,-3.20000000001E-04));
#16304 = VECTOR('',#16305,1.);
#16305 = DIRECTION('',(1.,0.));
#16306 = ( GEOMETRIC_REPRESENTATION_CONTEXT(2) 
PARAMETRIC_REPRESENTATION_CONTEXT() REPRESENTATION_CONTEXT('2D SPACE',''
  ) );
#16307 = PCURVE('',#16001,#16308);
#16308 = DEFINITIONAL_REPRESENTATION('',(#16309),#16313);
#16309 = LINE('',#16310,#16311);
#16310 = CARTESIAN_POINT('',(-9.2E-04,-4.8E-05));
#16311 = VECTOR('',#16312,1.);
#16312 = DIRECTION('',(1.,0.));
#16313 = ( GEOMETRIC_REPRESENTATION_CONTEXT(2) 
PARAMETRIC_REPRESENTATION_CONTEXT() REPRESENTATION_CONTEXT('2D SPACE',''
  ) );
#16314 = ORIENTED_EDGE('',*,*,#15950,.F.);
#16315 = ORIENTED_EDGE('',*,*,#16316,.F.);
#16316 = EDGE_CURVE('',#16247,#15951,#16317,.T.);
#16317 = SURFACE_CURVE('',#16318,(#16322,#16329),.PCURVE_S1.);
#16318 = LINE('',#16319,#16320);
#16319 = CARTESIAN_POINT('',(1.395E-03,2.450624220212E-03,4.22E-03));
#16320 = VECTOR('',#16321,1.E-03);
#16321 = DIRECTION('',(0.,-1.,0.));
#16322 = PCURVE('',#15973,#16323);
#16323 = DEFINITIONAL_REPRESENTATION('',(#16324),#16328);
#16324 = LINE('',#16325,#16326);
#16325 = CARTESIAN_POINT('',(0.,0.));
#16326 = VECTOR('',#16327,1.);
#16327 = DIRECTION('',(1.,0.));
#16328 = ( GEOMETRIC_REPRESENTATION_CONTEXT(2) 
PARAMETRIC_REPRESENTATION_CONTEXT() REPRESENTATION_CONTEXT('2D SPACE',''
  ) );
#16329 = PCURVE('',#16055,#16330);
#16330 = DEFINITIONAL_REPRESENTATION('',(#16331),#16335);
#16331 = LINE('',#16332,#16333);
#16332 = CARTESIAN_POINT('',(-9.2E-04,-4.8E-05));
#16333 = VECTOR('',#16334,1.);
#16334 = DIRECTION('',(1.,0.));
#16335 = ( GEOMETRIC_REPRESENTATION_CONTEXT(2) 
PARAMETRIC_REPRESENTATION_CONTEXT() REPRESENTATION_CONTEXT('2D SPACE',''
  ) );
#16336 = ADVANCED_FACE('',(#16337),#16055,.F.);
#16337 = FACE_BOUND('',#16338,.F.);
#16338 = EDGE_LOOP('',(#16339,#16340,#16341,#16342,#16343));
#16339 = ORIENTED_EDGE('',*,*,#16041,.T.);
#16340 = ORIENTED_EDGE('',*,*,#16122,.T.);
#16341 = ORIENTED_EDGE('',*,*,#16198,.T.);
#16342 = ORIENTED_EDGE('',*,*,#16269,.T.);
#16343 = ORIENTED_EDGE('',*,*,#16316,.T.);
#16344 = ADVANCED_FACE('',(#16345),#16001,.T.);
#16345 = FACE_BOUND('',#16346,.T.);
#16346 = EDGE_LOOP('',(#16347,#16348,#16349,#16350,#16351));
#16347 = ORIENTED_EDGE('',*,*,#15985,.T.);
#16348 = ORIENTED_EDGE('',*,*,#16071,.T.);
#16349 = ORIENTED_EDGE('',*,*,#16147,.T.);
#16350 = ORIENTED_EDGE('',*,*,#16223,.T.);
#16351 = ORIENTED_EDGE('',*,*,#16294,.T.);
#16352 = ( GEOMETRIC_REPRESENTATION_CONTEXT(3) 
GLOBAL_UNCERTAINTY_ASSIGNED_CONTEXT((#16356)) 
GLOBAL_UNIT_ASSIGNED_CONTEXT((#16353,#16354,#16355)) 
REPRESENTATION_CONTEXT('Context #1',
  '3D Context with UNIT and UNCERTAINTY') );
#16353 = ( LENGTH_UNIT() NAMED_UNIT(*) SI_UNIT($,.METRE.) );
#16354 = ( NAMED_UNIT(*) PLANE_ANGLE_UNIT() SI_UNIT($,.RADIAN.) );
#16355 = ( NAMED_UNIT(*) SI_UNIT($,.STERADIAN.) SOLID_ANGLE_UNIT() );
#16356 = UNCERTAINTY_MEASURE_WITH_UNIT(LENGTH_MEASURE(1.E-08),#16353,
  'distance_accuracy_value','confusion accuracy');
#16357 = PRODUCT_RELATED_PRODUCT_CATEGORY('detail',$,(#15940));
#16358 = PRODUCT_CATEGORY_RELATIONSHIP('','',#16359,#16357);
#16359 = PRODUCT_CATEGORY('part',$);
#16360 = CC_DESIGN_PERSON_AND_ORGANIZATION_ASSIGNMENT(#354,#357,(#15939,
    #15938));
#16361 = CC_DESIGN_PERSON_AND_ORGANIZATION_ASSIGNMENT(#354,#359,(#15940)
  );
#16362 = CC_DESIGN_PERSON_AND_ORGANIZATION_ASSIGNMENT(#354,#361,(#15939)
  );
#16363 = CC_DESIGN_PERSON_AND_ORGANIZATION_ASSIGNMENT(#354,#363,(#16364)
  );
#16364 = SECURITY_CLASSIFICATION('','',#365);
#16365 = CC_DESIGN_SECURITY_CLASSIFICATION(#16364,(#15939));
#16366 = CC_DESIGN_DATE_AND_TIME_ASSIGNMENT(#368,#372,(#15938));
#16367 = CC_DESIGN_DATE_AND_TIME_ASSIGNMENT(#368,#374,(#16364));
#16368 = CC_DESIGN_APPROVAL(#376,(#15939,#15938,#16364));
#16369 = SHAPE_DEFINITION_REPRESENTATION(#16370,#16376);
#16370 = PRODUCT_DEFINITION_SHAPE('','',#16371);
#16371 = PRODUCT_DEFINITION('design','',#16372,#16375);
#16372 = PRODUCT_DEFINITION_FORMATION_WITH_SPECIFIED_SOURCE('','',#16373
  ,.NOT_KNOWN.);
#16373 = PRODUCT('Timber_0.02_m 30','Timber_0.02_m 30','',(#16374));
#16374 = MECHANICAL_CONTEXT('',#2,'mechanical');
#16375 = DESIGN_CONTEXT('',#2,'design');
#16376 = ADVANCED_BREP_SHAPE_REPRESENTATION('',(#11,#16377),#16785);
#16377 = MANIFOLD_SOLID_BREP('Timber_0.02_m',#16378);
#16378 = CLOSED_SHELL('',(#16379,#16499,#16575,#16651,#16722,#16769,
    #16777));
#16379 = ADVANCED_FACE('',(#16380),#16394,.F.);
#16380 = FACE_BOUND('',#16381,.F.);
#16381 = EDGE_LOOP('',(#16382,#16417,#16445,#16473));
#16382 = ORIENTED_EDGE('',*,*,#16383,.T.);
#16383 = EDGE_CURVE('',#16384,#16386,#16388,.T.);
#16384 = VERTEX_POINT('',#16385);
#16385 = CARTESIAN_POINT('',(3.875E-03,3.206242202118E-04,4.22E-03));
#16386 = VERTEX_POINT('',#16387);
#16387 = CARTESIAN_POINT('',(3.875E-03,6.24220210848E-07,4.22E-03));
#16388 = SURFACE_CURVE('',#16389,(#16393,#16405),.PCURVE_S1.);
#16389 = LINE('',#16390,#16391);
#16390 = CARTESIAN_POINT('',(3.875E-03,3.206242202118E-04,4.22E-03));
#16391 = VECTOR('',#16392,1.E-03);
#16392 = DIRECTION('',(0.,-1.,0.));
#16393 = PCURVE('',#16394,#16399);
#16394 = PLANE('',#16395);
#16395 = AXIS2_PLACEMENT_3D('',#16396,#16397,#16398);
#16396 = CARTESIAN_POINT('',(3.875E-03,3.206242202118E-04,4.22E-03));
#16397 = DIRECTION('',(0.,0.,1.));
#16398 = DIRECTION('',(1.,0.,0.));
#16399 = DEFINITIONAL_REPRESENTATION('',(#16400),#16404);
#16400 = LINE('',#16401,#16402);
#16401 = CARTESIAN_POINT('',(0.,0.));
#16402 = VECTOR('',#16403,1.);
#16403 = DIRECTION('',(0.,-1.));
#16404 = ( GEOMETRIC_REPRESENTATION_CONTEXT(2) 
PARAMETRIC_REPRESENTATION_CONTEXT() REPRESENTATION_CONTEXT('2D SPACE',''
  ) );
#16405 = PCURVE('',#16406,#16411);
#16406 = PLANE('',#16407);
#16407 = AXIS2_PLACEMENT_3D('',#16408,#16409,#16410);
#16408 = CARTESIAN_POINT('',(2.475E-03,3.206242202118E-04,4.22E-03));
#16409 = DIRECTION('',(0.,0.,1.));
#16410 = DIRECTION('',(1.,0.,0.));
#16411 = DEFINITIONAL_REPRESENTATION('',(#16412),#16416);
#16412 = LINE('',#16413,#16414);
#16413 = CARTESIAN_POINT('',(1.4E-03,0.));
#16414 = VECTOR('',#16415,1.);
#16415 = DIRECTION('',(0.,-1.));
#16416 = ( GEOMETRIC_REPRESENTATION_CONTEXT(2) 
PARAMETRIC_REPRESENTATION_CONTEXT() REPRESENTATION_CONTEXT('2D SPACE',''
  ) );
#16417 = ORIENTED_EDGE('',*,*,#16418,.T.);
#16418 = EDGE_CURVE('',#16386,#16419,#16421,.T.);
#16419 = VERTEX_POINT('',#16420);
#16420 = CARTESIAN_POINT('',(4.075E-03,6.24220210848E-07,4.22E-03));
#16421 = SURFACE_CURVE('',#16422,(#16426,#16433),.PCURVE_S1.);
#16422 = LINE('',#16423,#16424);
#16423 = CARTESIAN_POINT('',(3.875E-03,6.24220210848E-07,4.22E-03));
#16424 = VECTOR('',#16425,1.E-03);
#16425 = DIRECTION('',(1.,0.,0.));
#16426 = PCURVE('',#16394,#16427);
#16427 = DEFINITIONAL_REPRESENTATION('',(#16428),#16432);
#16428 = LINE('',#16429,#16430);
#16429 = CARTESIAN_POINT('',(0.,-3.20000000001E-04));
#16430 = VECTOR('',#16431,1.);
#16431 = DIRECTION('',(1.,0.));
#16432 = ( GEOMETRIC_REPRESENTATION_CONTEXT(2) 
PARAMETRIC_REPRESENTATION_CONTEXT() REPRESENTATION_CONTEXT('2D SPACE',''
  ) );
#16433 = PCURVE('',#16434,#16439);
#16434 = PLANE('',#16435);
#16435 = AXIS2_PLACEMENT_3D('',#16436,#16437,#16438);
#16436 = CARTESIAN_POINT('',(3.395E-03,6.24220210848E-07,4.268E-03));
#16437 = DIRECTION('',(0.,-1.,0.));
#16438 = DIRECTION('',(1.,0.,0.));
#16439 = DEFINITIONAL_REPRESENTATION('',(#16440),#16444);
#16440 = LINE('',#16441,#16442);
#16441 = CARTESIAN_POINT('',(4.8E-04,-4.8E-05));
#16442 = VECTOR('',#16443,1.);
#16443 = DIRECTION('',(1.,0.));
#16444 = ( GEOMETRIC_REPRESENTATION_CONTEXT(2) 
PARAMETRIC_REPRESENTATION_CONTEXT() REPRESENTATION_CONTEXT('2D SPACE',''
  ) );
#16445 = ORIENTED_EDGE('',*,*,#16446,.F.);
#16446 = EDGE_CURVE('',#16447,#16419,#16449,.T.);
#16447 = VERTEX_POINT('',#16448);
#16448 = CARTESIAN_POINT('',(4.075E-03,3.206242202118E-04,4.22E-03));
#16449 = SURFACE_CURVE('',#16450,(#16454,#16461),.PCURVE_S1.);
#16450 = LINE('',#16451,#16452);
#16451 = CARTESIAN_POINT('',(4.075E-03,3.206242202118E-04,4.22E-03));
#16452 = VECTOR('',#16453,1.E-03);
#16453 = DIRECTION('',(0.,-1.,0.));
#16454 = PCURVE('',#16394,#16455);
#16455 = DEFINITIONAL_REPRESENTATION('',(#16456),#16460);
#16456 = LINE('',#16457,#16458);
#16457 = CARTESIAN_POINT('',(2.E-04,0.));
#16458 = VECTOR('',#16459,1.);
#16459 = DIRECTION('',(0.,-1.));
#16460 = ( GEOMETRIC_REPRESENTATION_CONTEXT(2) 
PARAMETRIC_REPRESENTATION_CONTEXT() REPRESENTATION_CONTEXT('2D SPACE',''
  ) );
#16461 = PCURVE('',#16462,#16467);
#16462 = PLANE('',#16463);
#16463 = AXIS2_PLACEMENT_3D('',#16464,#16465,#16466);
#16464 = CARTESIAN_POINT('',(4.075E-03,3.206242202118E-04,4.22E-03));
#16465 = DIRECTION('',(-1.,0.,0.));
#16466 = DIRECTION('',(0.,0.,1.));
#16467 = DEFINITIONAL_REPRESENTATION('',(#16468),#16472);
#16468 = LINE('',#16469,#16470);
#16469 = CARTESIAN_POINT('',(0.,0.));
#16470 = VECTOR('',#16471,1.);
#16471 = DIRECTION('',(0.,-1.));
#16472 = ( GEOMETRIC_REPRESENTATION_CONTEXT(2) 
PARAMETRIC_REPRESENTATION_CONTEXT() REPRESENTATION_CONTEXT('2D SPACE',''
  ) );
#16473 = ORIENTED_EDGE('',*,*,#16474,.F.);
#16474 = EDGE_CURVE('',#16384,#16447,#16475,.T.);
#16475 = SURFACE_CURVE('',#16476,(#16480,#16487),.PCURVE_S1.);
#16476 = LINE('',#16477,#16478);
#16477 = CARTESIAN_POINT('',(3.875E-03,3.206242202118E-04,4.22E-03));
#16478 = VECTOR('',#16479,1.E-03);
#16479 = DIRECTION('',(1.,0.,0.));
#16480 = PCURVE('',#16394,#16481);
#16481 = DEFINITIONAL_REPRESENTATION('',(#16482),#16486);
#16482 = LINE('',#16483,#16484);
#16483 = CARTESIAN_POINT('',(0.,0.));
#16484 = VECTOR('',#16485,1.);
#16485 = DIRECTION('',(1.,0.));
#16486 = ( GEOMETRIC_REPRESENTATION_CONTEXT(2) 
PARAMETRIC_REPRESENTATION_CONTEXT() REPRESENTATION_CONTEXT('2D SPACE',''
  ) );
#16487 = PCURVE('',#16488,#16493);
#16488 = PLANE('',#16489);
#16489 = AXIS2_PLACEMENT_3D('',#16490,#16491,#16492);
#16490 = CARTESIAN_POINT('',(3.395E-03,3.206242202118E-04,4.268E-03));
#16491 = DIRECTION('',(0.,-1.,0.));
#16492 = DIRECTION('',(1.,0.,0.));
#16493 = DEFINITIONAL_REPRESENTATION('',(#16494),#16498);
#16494 = LINE('',#16495,#16496);
#16495 = CARTESIAN_POINT('',(4.8E-04,-4.8E-05));
#16496 = VECTOR('',#16497,1.);
#16497 = DIRECTION('',(1.,0.));
#16498 = ( GEOMETRIC_REPRESENTATION_CONTEXT(2) 
PARAMETRIC_REPRESENTATION_CONTEXT() REPRESENTATION_CONTEXT('2D SPACE',''
  ) );
#16499 = ADVANCED_FACE('',(#16500),#16462,.F.);
#16500 = FACE_BOUND('',#16501,.F.);
#16501 = EDGE_LOOP('',(#16502,#16503,#16526,#16554));
#16502 = ORIENTED_EDGE('',*,*,#16446,.T.);
#16503 = ORIENTED_EDGE('',*,*,#16504,.T.);
#16504 = EDGE_CURVE('',#16419,#16505,#16507,.T.);
#16505 = VERTEX_POINT('',#16506);
#16506 = CARTESIAN_POINT('',(4.075E-03,6.24220210848E-07,4.34E-03));
#16507 = SURFACE_CURVE('',#16508,(#16512,#16519),.PCURVE_S1.);
#16508 = LINE('',#16509,#16510);
#16509 = CARTESIAN_POINT('',(4.075E-03,6.24220210848E-07,4.22E-03));
#16510 = VECTOR('',#16511,1.E-03);
#16511 = DIRECTION('',(0.,0.,1.));
#16512 = PCURVE('',#16462,#16513);
#16513 = DEFINITIONAL_REPRESENTATION('',(#16514),#16518);
#16514 = LINE('',#16515,#16516);
#16515 = CARTESIAN_POINT('',(0.,-3.20000000001E-04));
#16516 = VECTOR('',#16517,1.);
#16517 = DIRECTION('',(1.,0.));
#16518 = ( GEOMETRIC_REPRESENTATION_CONTEXT(2) 
PARAMETRIC_REPRESENTATION_CONTEXT() REPRESENTATION_CONTEXT('2D SPACE',''
  ) );
#16519 = PCURVE('',#16434,#16520);
#16520 = DEFINITIONAL_REPRESENTATION('',(#16521),#16525);
#16521 = LINE('',#16522,#16523);
#16522 = CARTESIAN_POINT('',(6.8E-04,-4.8E-05));
#16523 = VECTOR('',#16524,1.);
#16524 = DIRECTION('',(0.,1.));
#16525 = ( GEOMETRIC_REPRESENTATION_CONTEXT(2) 
PARAMETRIC_REPRESENTATION_CONTEXT() REPRESENTATION_CONTEXT('2D SPACE',''
  ) );
#16526 = ORIENTED_EDGE('',*,*,#16527,.F.);
#16527 = EDGE_CURVE('',#16528,#16505,#16530,.T.);
#16528 = VERTEX_POINT('',#16529);
#16529 = CARTESIAN_POINT('',(4.075E-03,3.206242202118E-04,4.34E-03));
#16530 = SURFACE_CURVE('',#16531,(#16535,#16542),.PCURVE_S1.);
#16531 = LINE('',#16532,#16533);
#16532 = CARTESIAN_POINT('',(4.075E-03,3.206242202118E-04,4.34E-03));
#16533 = VECTOR('',#16534,1.E-03);
#16534 = DIRECTION('',(0.,-1.,0.));
#16535 = PCURVE('',#16462,#16536);
#16536 = DEFINITIONAL_REPRESENTATION('',(#16537),#16541);
#16537 = LINE('',#16538,#16539);
#16538 = CARTESIAN_POINT('',(1.2E-04,0.));
#16539 = VECTOR('',#16540,1.);
#16540 = DIRECTION('',(0.,-1.));
#16541 = ( GEOMETRIC_REPRESENTATION_CONTEXT(2) 
PARAMETRIC_REPRESENTATION_CONTEXT() REPRESENTATION_CONTEXT('2D SPACE',''
  ) );
#16542 = PCURVE('',#16543,#16548);
#16543 = PLANE('',#16544);
#16544 = AXIS2_PLACEMENT_3D('',#16545,#16546,#16547);
#16545 = CARTESIAN_POINT('',(4.075E-03,3.206242202118E-04,4.34E-03));
#16546 = DIRECTION('',(0.,0.,-1.));
#16547 = DIRECTION('',(-1.,0.,0.));
#16548 = DEFINITIONAL_REPRESENTATION('',(#16549),#16553);
#16549 = LINE('',#16550,#16551);
#16550 = CARTESIAN_POINT('',(0.,-0.));
#16551 = VECTOR('',#16552,1.);
#16552 = DIRECTION('',(0.,-1.));
#16553 = ( GEOMETRIC_REPRESENTATION_CONTEXT(2) 
PARAMETRIC_REPRESENTATION_CONTEXT() REPRESENTATION_CONTEXT('2D SPACE',''
  ) );
#16554 = ORIENTED_EDGE('',*,*,#16555,.F.);
#16555 = EDGE_CURVE('',#16447,#16528,#16556,.T.);
#16556 = SURFACE_CURVE('',#16557,(#16561,#16568),.PCURVE_S1.);
#16557 = LINE('',#16558,#16559);
#16558 = CARTESIAN_POINT('',(4.075E-03,3.206242202118E-04,4.22E-03));
#16559 = VECTOR('',#16560,1.E-03);
#16560 = DIRECTION('',(0.,0.,1.));
#16561 = PCURVE('',#16462,#16562);
#16562 = DEFINITIONAL_REPRESENTATION('',(#16563),#16567);
#16563 = LINE('',#16564,#16565);
#16564 = CARTESIAN_POINT('',(0.,0.));
#16565 = VECTOR('',#16566,1.);
#16566 = DIRECTION('',(1.,0.));
#16567 = ( GEOMETRIC_REPRESENTATION_CONTEXT(2) 
PARAMETRIC_REPRESENTATION_CONTEXT() REPRESENTATION_CONTEXT('2D SPACE',''
  ) );
#16568 = PCURVE('',#16488,#16569);
#16569 = DEFINITIONAL_REPRESENTATION('',(#16570),#16574);
#16570 = LINE('',#16571,#16572);
#16571 = CARTESIAN_POINT('',(6.8E-04,-4.8E-05));
#16572 = VECTOR('',#16573,1.);
#16573 = DIRECTION('',(0.,1.));
#16574 = ( GEOMETRIC_REPRESENTATION_CONTEXT(2) 
PARAMETRIC_REPRESENTATION_CONTEXT() REPRESENTATION_CONTEXT('2D SPACE',''
  ) );
#16575 = ADVANCED_FACE('',(#16576),#16543,.F.);
#16576 = FACE_BOUND('',#16577,.F.);
#16577 = EDGE_LOOP('',(#16578,#16579,#16602,#16630));
#16578 = ORIENTED_EDGE('',*,*,#16527,.T.);
#16579 = ORIENTED_EDGE('',*,*,#16580,.T.);
#16580 = EDGE_CURVE('',#16505,#16581,#16583,.T.);
#16581 = VERTEX_POINT('',#16582);
#16582 = CARTESIAN_POINT('',(2.475E-03,6.24220210848E-07,4.34E-03));
#16583 = SURFACE_CURVE('',#16584,(#16588,#16595),.PCURVE_S1.);
#16584 = LINE('',#16585,#16586);
#16585 = CARTESIAN_POINT('',(4.075E-03,6.24220210848E-07,4.34E-03));
#16586 = VECTOR('',#16587,1.E-03);
#16587 = DIRECTION('',(-1.,0.,0.));
#16588 = PCURVE('',#16543,#16589);
#16589 = DEFINITIONAL_REPRESENTATION('',(#16590),#16594);
#16590 = LINE('',#16591,#16592);
#16591 = CARTESIAN_POINT('',(0.,-3.20000000001E-04));
#16592 = VECTOR('',#16593,1.);
#16593 = DIRECTION('',(1.,0.));
#16594 = ( GEOMETRIC_REPRESENTATION_CONTEXT(2) 
PARAMETRIC_REPRESENTATION_CONTEXT() REPRESENTATION_CONTEXT('2D SPACE',''
  ) );
#16595 = PCURVE('',#16434,#16596);
#16596 = DEFINITIONAL_REPRESENTATION('',(#16597),#16601);
#16597 = LINE('',#16598,#16599);
#16598 = CARTESIAN_POINT('',(6.8E-04,7.199999999999E-05));
#16599 = VECTOR('',#16600,1.);
#16600 = DIRECTION('',(-1.,0.));
#16601 = ( GEOMETRIC_REPRESENTATION_CONTEXT(2) 
PARAMETRIC_REPRESENTATION_CONTEXT() REPRESENTATION_CONTEXT('2D SPACE',''
  ) );
#16602 = ORIENTED_EDGE('',*,*,#16603,.F.);
#16603 = EDGE_CURVE('',#16604,#16581,#16606,.T.);
#16604 = VERTEX_POINT('',#16605);
#16605 = CARTESIAN_POINT('',(2.475E-03,3.206242202118E-04,4.34E-03));
#16606 = SURFACE_CURVE('',#16607,(#16611,#16618),.PCURVE_S1.);
#16607 = LINE('',#16608,#16609);
#16608 = CARTESIAN_POINT('',(2.475E-03,3.206242202118E-04,4.34E-03));
#16609 = VECTOR('',#16610,1.E-03);
#16610 = DIRECTION('',(0.,-1.,0.));
#16611 = PCURVE('',#16543,#16612);
#16612 = DEFINITIONAL_REPRESENTATION('',(#16613),#16617);
#16613 = LINE('',#16614,#16615);
#16614 = CARTESIAN_POINT('',(1.6E-03,0.));
#16615 = VECTOR('',#16616,1.);
#16616 = DIRECTION('',(0.,-1.));
#16617 = ( GEOMETRIC_REPRESENTATION_CONTEXT(2) 
PARAMETRIC_REPRESENTATION_CONTEXT() REPRESENTATION_CONTEXT('2D SPACE',''
  ) );
#16618 = PCURVE('',#16619,#16624);
#16619 = PLANE('',#16620);
#16620 = AXIS2_PLACEMENT_3D('',#16621,#16622,#16623);
#16621 = CARTESIAN_POINT('',(2.475E-03,3.206242202118E-04,4.34E-03));
#16622 = DIRECTION('',(1.,0.,0.));
#16623 = DIRECTION('',(0.,0.,-1.));
#16624 = DEFINITIONAL_REPRESENTATION('',(#16625),#16629);
#16625 = LINE('',#16626,#16627);
#16626 = CARTESIAN_POINT('',(0.,0.));
#16627 = VECTOR('',#16628,1.);
#16628 = DIRECTION('',(0.,-1.));
#16629 = ( GEOMETRIC_REPRESENTATION_CONTEXT(2) 
PARAMETRIC_REPRESENTATION_CONTEXT() REPRESENTATION_CONTEXT('2D SPACE',''
  ) );
#16630 = ORIENTED_EDGE('',*,*,#16631,.F.);
#16631 = EDGE_CURVE('',#16528,#16604,#16632,.T.);
#16632 = SURFACE_CURVE('',#16633,(#16637,#16644),.PCURVE_S1.);
#16633 = LINE('',#16634,#16635);
#16634 = CARTESIAN_POINT('',(4.075E-03,3.206242202118E-04,4.34E-03));
#16635 = VECTOR('',#16636,1.E-03);
#16636 = DIRECTION('',(-1.,0.,0.));
#16637 = PCURVE('',#16543,#16638);
#16638 = DEFINITIONAL_REPRESENTATION('',(#16639),#16643);
#16639 = LINE('',#16640,#16641);
#16640 = CARTESIAN_POINT('',(0.,-0.));
#16641 = VECTOR('',#16642,1.);
#16642 = DIRECTION('',(1.,0.));
#16643 = ( GEOMETRIC_REPRESENTATION_CONTEXT(2) 
PARAMETRIC_REPRESENTATION_CONTEXT() REPRESENTATION_CONTEXT('2D SPACE',''
  ) );
#16644 = PCURVE('',#16488,#16645);
#16645 = DEFINITIONAL_REPRESENTATION('',(#16646),#16650);
#16646 = LINE('',#16647,#16648);
#16647 = CARTESIAN_POINT('',(6.8E-04,7.199999999999E-05));
#16648 = VECTOR('',#16649,1.);
#16649 = DIRECTION('',(-1.,0.));
#16650 = ( GEOMETRIC_REPRESENTATION_CONTEXT(2) 
PARAMETRIC_REPRESENTATION_CONTEXT() REPRESENTATION_CONTEXT('2D SPACE',''
  ) );
#16651 = ADVANCED_FACE('',(#16652),#16619,.F.);
#16652 = FACE_BOUND('',#16653,.F.);
#16653 = EDGE_LOOP('',(#16654,#16655,#16678,#16701));
#16654 = ORIENTED_EDGE('',*,*,#16603,.T.);
#16655 = ORIENTED_EDGE('',*,*,#16656,.T.);
#16656 = EDGE_CURVE('',#16581,#16657,#16659,.T.);
#16657 = VERTEX_POINT('',#16658);
#16658 = CARTESIAN_POINT('',(2.475E-03,6.24220210848E-07,4.22E-03));
#16659 = SURFACE_CURVE('',#16660,(#16664,#16671),.PCURVE_S1.);
#16660 = LINE('',#16661,#16662);
#16661 = CARTESIAN_POINT('',(2.475E-03,6.24220210848E-07,4.34E-03));
#16662 = VECTOR('',#16663,1.E-03);
#16663 = DIRECTION('',(0.,0.,-1.));
#16664 = PCURVE('',#16619,#16665);
#16665 = DEFINITIONAL_REPRESENTATION('',(#16666),#16670);
#16666 = LINE('',#16667,#16668);
#16667 = CARTESIAN_POINT('',(0.,-3.20000000001E-04));
#16668 = VECTOR('',#16669,1.);
#16669 = DIRECTION('',(1.,0.));
#16670 = ( GEOMETRIC_REPRESENTATION_CONTEXT(2) 
PARAMETRIC_REPRESENTATION_CONTEXT() REPRESENTATION_CONTEXT('2D SPACE',''
  ) );
#16671 = PCURVE('',#16434,#16672);
#16672 = DEFINITIONAL_REPRESENTATION('',(#16673),#16677);
#16673 = LINE('',#16674,#16675);
#16674 = CARTESIAN_POINT('',(-9.2E-04,7.199999999999E-05));
#16675 = VECTOR('',#16676,1.);
#16676 = DIRECTION('',(0.,-1.));
#16677 = ( GEOMETRIC_REPRESENTATION_CONTEXT(2) 
PARAMETRIC_REPRESENTATION_CONTEXT() REPRESENTATION_CONTEXT('2D SPACE',''
  ) );
#16678 = ORIENTED_EDGE('',*,*,#16679,.F.);
#16679 = EDGE_CURVE('',#16680,#16657,#16682,.T.);
#16680 = VERTEX_POINT('',#16681);
#16681 = CARTESIAN_POINT('',(2.475E-03,3.206242202118E-04,4.22E-03));
#16682 = SURFACE_CURVE('',#16683,(#16687,#16694),.PCURVE_S1.);
#16683 = LINE('',#16684,#16685);
#16684 = CARTESIAN_POINT('',(2.475E-03,3.206242202118E-04,4.22E-03));
#16685 = VECTOR('',#16686,1.E-03);
#16686 = DIRECTION('',(0.,-1.,0.));
#16687 = PCURVE('',#16619,#16688);
#16688 = DEFINITIONAL_REPRESENTATION('',(#16689),#16693);
#16689 = LINE('',#16690,#16691);
#16690 = CARTESIAN_POINT('',(1.2E-04,0.));
#16691 = VECTOR('',#16692,1.);
#16692 = DIRECTION('',(0.,-1.));
#16693 = ( GEOMETRIC_REPRESENTATION_CONTEXT(2) 
PARAMETRIC_REPRESENTATION_CONTEXT() REPRESENTATION_CONTEXT('2D SPACE',''
  ) );
#16694 = PCURVE('',#16406,#16695);
#16695 = DEFINITIONAL_REPRESENTATION('',(#16696),#16700);
#16696 = LINE('',#16697,#16698);
#16697 = CARTESIAN_POINT('',(0.,0.));
#16698 = VECTOR('',#16699,1.);
#16699 = DIRECTION('',(0.,-1.));
#16700 = ( GEOMETRIC_REPRESENTATION_CONTEXT(2) 
PARAMETRIC_REPRESENTATION_CONTEXT() REPRESENTATION_CONTEXT('2D SPACE',''
  ) );
#16701 = ORIENTED_EDGE('',*,*,#16702,.F.);
#16702 = EDGE_CURVE('',#16604,#16680,#16703,.T.);
#16703 = SURFACE_CURVE('',#16704,(#16708,#16715),.PCURVE_S1.);
#16704 = LINE('',#16705,#16706);
#16705 = CARTESIAN_POINT('',(2.475E-03,3.206242202118E-04,4.34E-03));
#16706 = VECTOR('',#16707,1.E-03);
#16707 = DIRECTION('',(0.,0.,-1.));
#16708 = PCURVE('',#16619,#16709);
#16709 = DEFINITIONAL_REPRESENTATION('',(#16710),#16714);
#16710 = LINE('',#16711,#16712);
#16711 = CARTESIAN_POINT('',(0.,0.));
#16712 = VECTOR('',#16713,1.);
#16713 = DIRECTION('',(1.,0.));
#16714 = ( GEOMETRIC_REPRESENTATION_CONTEXT(2) 
PARAMETRIC_REPRESENTATION_CONTEXT() REPRESENTATION_CONTEXT('2D SPACE',''
  ) );
#16715 = PCURVE('',#16488,#16716);
#16716 = DEFINITIONAL_REPRESENTATION('',(#16717),#16721);
#16717 = LINE('',#16718,#16719);
#16718 = CARTESIAN_POINT('',(-9.2E-04,7.199999999999E-05));
#16719 = VECTOR('',#16720,1.);
#16720 = DIRECTION('',(0.,-1.));
#16721 = ( GEOMETRIC_REPRESENTATION_CONTEXT(2) 
PARAMETRIC_REPRESENTATION_CONTEXT() REPRESENTATION_CONTEXT('2D SPACE',''
  ) );
#16722 = ADVANCED_FACE('',(#16723),#16406,.F.);
#16723 = FACE_BOUND('',#16724,.F.);
#16724 = EDGE_LOOP('',(#16725,#16726,#16747,#16748));
#16725 = ORIENTED_EDGE('',*,*,#16679,.T.);
#16726 = ORIENTED_EDGE('',*,*,#16727,.T.);
#16727 = EDGE_CURVE('',#16657,#16386,#16728,.T.);
#16728 = SURFACE_CURVE('',#16729,(#16733,#16740),.PCURVE_S1.);
#16729 = LINE('',#16730,#16731);
#16730 = CARTESIAN_POINT('',(2.475E-03,6.24220210848E-07,4.22E-03));
#16731 = VECTOR('',#16732,1.E-03);
#16732 = DIRECTION('',(1.,0.,0.));
#16733 = PCURVE('',#16406,#16734);
#16734 = DEFINITIONAL_REPRESENTATION('',(#16735),#16739);
#16735 = LINE('',#16736,#16737);
#16736 = CARTESIAN_POINT('',(0.,-3.20000000001E-04));
#16737 = VECTOR('',#16738,1.);
#16738 = DIRECTION('',(1.,0.));
#16739 = ( GEOMETRIC_REPRESENTATION_CONTEXT(2) 
PARAMETRIC_REPRESENTATION_CONTEXT() REPRESENTATION_CONTEXT('2D SPACE',''
  ) );
#16740 = PCURVE('',#16434,#16741);
#16741 = DEFINITIONAL_REPRESENTATION('',(#16742),#16746);
#16742 = LINE('',#16743,#16744);
#16743 = CARTESIAN_POINT('',(-9.2E-04,-4.8E-05));
#16744 = VECTOR('',#16745,1.);
#16745 = DIRECTION('',(1.,0.));
#16746 = ( GEOMETRIC_REPRESENTATION_CONTEXT(2) 
PARAMETRIC_REPRESENTATION_CONTEXT() REPRESENTATION_CONTEXT('2D SPACE',''
  ) );
#16747 = ORIENTED_EDGE('',*,*,#16383,.F.);
#16748 = ORIENTED_EDGE('',*,*,#16749,.F.);
#16749 = EDGE_CURVE('',#16680,#16384,#16750,.T.);
#16750 = SURFACE_CURVE('',#16751,(#16755,#16762),.PCURVE_S1.);
#16751 = LINE('',#16752,#16753);
#16752 = CARTESIAN_POINT('',(2.475E-03,3.206242202118E-04,4.22E-03));
#16753 = VECTOR('',#16754,1.E-03);
#16754 = DIRECTION('',(1.,0.,0.));
#16755 = PCURVE('',#16406,#16756);
#16756 = DEFINITIONAL_REPRESENTATION('',(#16757),#16761);
#16757 = LINE('',#16758,#16759);
#16758 = CARTESIAN_POINT('',(0.,0.));
#16759 = VECTOR('',#16760,1.);
#16760 = DIRECTION('',(1.,0.));
#16761 = ( GEOMETRIC_REPRESENTATION_CONTEXT(2) 
PARAMETRIC_REPRESENTATION_CONTEXT() REPRESENTATION_CONTEXT('2D SPACE',''
  ) );
#16762 = PCURVE('',#16488,#16763);
#16763 = DEFINITIONAL_REPRESENTATION('',(#16764),#16768);
#16764 = LINE('',#16765,#16766);
#16765 = CARTESIAN_POINT('',(-9.2E-04,-4.8E-05));
#16766 = VECTOR('',#16767,1.);
#16767 = DIRECTION('',(1.,0.));
#16768 = ( GEOMETRIC_REPRESENTATION_CONTEXT(2) 
PARAMETRIC_REPRESENTATION_CONTEXT() REPRESENTATION_CONTEXT('2D SPACE',''
  ) );
#16769 = ADVANCED_FACE('',(#16770),#16488,.F.);
#16770 = FACE_BOUND('',#16771,.F.);
#16771 = EDGE_LOOP('',(#16772,#16773,#16774,#16775,#16776));
#16772 = ORIENTED_EDGE('',*,*,#16474,.T.);
#16773 = ORIENTED_EDGE('',*,*,#16555,.T.);
#16774 = ORIENTED_EDGE('',*,*,#16631,.T.);
#16775 = ORIENTED_EDGE('',*,*,#16702,.T.);
#16776 = ORIENTED_EDGE('',*,*,#16749,.T.);
#16777 = ADVANCED_FACE('',(#16778),#16434,.T.);
#16778 = FACE_BOUND('',#16779,.T.);
#16779 = EDGE_LOOP('',(#16780,#16781,#16782,#16783,#16784));
#16780 = ORIENTED_EDGE('',*,*,#16418,.T.);
#16781 = ORIENTED_EDGE('',*,*,#16504,.T.);
#16782 = ORIENTED_EDGE('',*,*,#16580,.T.);
#16783 = ORIENTED_EDGE('',*,*,#16656,.T.);
#16784 = ORIENTED_EDGE('',*,*,#16727,.T.);
#16785 = ( GEOMETRIC_REPRESENTATION_CONTEXT(3) 
GLOBAL_UNCERTAINTY_ASSIGNED_CONTEXT((#16789)) 
GLOBAL_UNIT_ASSIGNED_CONTEXT((#16786,#16787,#16788)) 
REPRESENTATION_CONTEXT('Context #1',
  '3D Context with UNIT and UNCERTAINTY') );
#16786 = ( LENGTH_UNIT() NAMED_UNIT(*) SI_UNIT($,.METRE.) );
#16787 = ( NAMED_UNIT(*) PLANE_ANGLE_UNIT() SI_UNIT($,.RADIAN.) );
#16788 = ( NAMED_UNIT(*) SI_UNIT($,.STERADIAN.) SOLID_ANGLE_UNIT() );
#16789 = UNCERTAINTY_MEASURE_WITH_UNIT(LENGTH_MEASURE(1.E-08),#16786,
  'distance_accuracy_value','confusion accuracy');
#16790 = PRODUCT_RELATED_PRODUCT_CATEGORY('detail',$,(#16373));
#16791 = PRODUCT_CATEGORY_RELATIONSHIP('','',#16792,#16790);
#16792 = PRODUCT_CATEGORY('part',$);
#16793 = CC_DESIGN_PERSON_AND_ORGANIZATION_ASSIGNMENT(#354,#357,(#16372,
    #16371));
#16794 = CC_DESIGN_PERSON_AND_ORGANIZATION_ASSIGNMENT(#354,#359,(#16373)
  );
#16795 = CC_DESIGN_PERSON_AND_ORGANIZATION_ASSIGNMENT(#354,#361,(#16372)
  );
#16796 = CC_DESIGN_PERSON_AND_ORGANIZATION_ASSIGNMENT(#354,#363,(#16797)
  );
#16797 = SECURITY_CLASSIFICATION('','',#365);
#16798 = CC_DESIGN_SECURITY_CLASSIFICATION(#16797,(#16372));
#16799 = CC_DESIGN_DATE_AND_TIME_ASSIGNMENT(#368,#372,(#16371));
#16800 = CC_DESIGN_DATE_AND_TIME_ASSIGNMENT(#368,#374,(#16797));
#16801 = CC_DESIGN_APPROVAL(#376,(#16372,#16371,#16797));
ENDSEC;
END-ISO-10303-21;
