ISO-10303-21;
HEADER;
FILE_DESCRIPTION(('ViewDefinition [ReferenceView_V1.2]','RevitIdentifiers [ContentGUID: 0f04212a-69d5-481f-ad9f-9044c24e3f11, VersionGUID: 915b344f-437b-4d46-9142-55d52c4bcde9, NumberOfSaves: 15]','CoordinateReference [CoordinateBase: Shared Coordinates, ProjectSite: Default Site]','ExchangeRequirement [Architecture]'),'2;1');
FILE_NAME('aggregate_1.ifc','2026-06-04T10:28:35+00:00',(''),(''),'ODA SDAI 25.12','Autodesk - Revit 27.0.20.10 (ENU) - 27.0.20.10','');
FILE_SCHEMA(('IFC4'));
ENDSEC;
DATA;
#1=IFCORGANIZATION($,'Autodesk Revit 2027 (ENU)',$,$,$);
#2=IFCAPPLICATION(#1,'2027','Autodesk Revit 2027 (ENU)','Revit');
#3=IFCPERSON($,'','mlauraleonardiT9JLN',$,$,$,$,$);
#4=IFCORGANIZATION($,'Organization Name','Organization Description',$,$);
#5=IFCPERSONANDORGANIZATION(#3,#4,$);
#6=IFCOWNERHISTORY(#5,#2,$,.NOCHANGE.,$,$,$,1780559936);
#7=IFCSIUNIT(*,.LENGTHUNIT.,.MILLI.,.METRE.);
#8=IFCSIUNIT(*,.AREAUNIT.,$,.SQUARE_METRE.);
#9=IFCSIUNIT(*,.VOLUMEUNIT.,$,.CUBIC_METRE.);
#10=IFCCARTESIANPOINT((0.,0.,0.));
#11=IFCAXIS2PLACEMENT3D(#10,$,$);
#12=IFCDIRECTION((0.,1.));
#13=IFCGEOMETRICREPRESENTATIONCONTEXT($,'Model',3,0.01,#11,#12);
#14=IFCGEOMETRICREPRESENTATIONSUBCONTEXT('Axis','Model',*,*,*,*,#13,$,.GRAPH_VIEW.,$);
#15=IFCGEOMETRICREPRESENTATIONSUBCONTEXT('Body','Model',*,*,*,*,#13,$,.MODEL_VIEW.,$);
#16=IFCGEOMETRICREPRESENTATIONSUBCONTEXT('Box','Model',*,*,*,*,#13,$,.MODEL_VIEW.,$);
#17=IFCGEOMETRICREPRESENTATIONSUBCONTEXT('FootPrint','Model',*,*,*,*,#13,$,.MODEL_VIEW.,$);
#18=IFCPROJECT('0F124gQTL87wsVa4GziS3X',#6,'Project Number',$,$,'Project Name','Project Status',(#13),#1088);
#19=IFCPOSTALADDRESS($,$,$,$,('Enter address here\X2\000D000A\X0\Address Line 2'),$,'','Boston','','MA');
#20=IFCAXIS2PLACEMENT3D(#10,$,$);
#21=IFCLOCALPLACEMENT(#31,#20);
#22=IFCBUILDING('0F124gQTL87wsVa4GziS3W',#6,'Building Name',$,$,#21,$,'Building Name',.ELEMENT.,$,$,#19);
#23=IFCAXIS2PLACEMENT3D(#10,$,$);
#24=IFCLOCALPLACEMENT(#21,#23);
#25=IFCBUILDINGSTOREY('2JF4e6axWHqu3u0C1FZlmi',#6,'L1',$,$,#24,$,'L1',.ELEMENT.,0.);
#26=IFCCARTESIANPOINT((0.,0.,1650.));
#27=IFCAXIS2PLACEMENT3D(#26,$,$);
#28=IFCLOCALPLACEMENT(#21,#27);
#29=IFCBUILDINGSTOREY('1ZGO8hrFCHqw0v0026FpFv',#6,'L2',$,$,#28,$,'L2',.ELEMENT.,1650.);
#30=IFCAXIS2PLACEMENT3D(#10,$,$);
#31=IFCLOCALPLACEMENT($,#30);
#32=IFCSITE('0F124gQTL87wsVa4GziS3Z',#6,'Default',$,$,#31,$,$,.ELEMENT.,(42,21,31,401672),(-71,-3,-24,-345703),0.,$,$);
#33=IFCPROPERTYSINGLEVALUE('Reference',$,IFCIDENTIFIER('Project Information'),$);
#34=IFCPROPERTYSET('19febz5mvnZ4YLwflp5Un3',#6,'Pset_SiteCommon',$,(#33));
#35=IFCRELDEFINESBYPROPERTIES('35j6NFKQQpZUM_332aQ5FN',#6,$,$,(#32),#34);
#36=IFCCARTESIANPOINT((-0.,1075.,0.));
#37=IFCAXIS2PLACEMENT3D(#36,$,$);
#38=IFCLOCALPLACEMENT(#24,#37);
#39=IFCCARTESIANPOINTLIST3D(((0.,0.,0.),(2500.0000000000009,0.,0.)));
#40=IFCINDEXEDPOLYCURVE(#39,$,.F.);
#41=IFCSHAPEREPRESENTATION(#14,'Axis','Curve3D',(#40));
#42=IFCPRODUCTDEFINITIONSHAPE($,$,(#41,#80));
#43=IFCCARTESIANPOINTLIST2D(((1.2554490780303252E-12,-175.),(350.00000000000125,-174.99999999999994),(2150.0000000000005,-175.00000000000009),(2500.,-175.),(2499.9999999999995,175.),(2249.9999999999991,175.),(250.00000000000011,175.),(1.1843859226701182E-13,175.00000000000028),(1.2554490780303252E-12,-175.)));
#44=IFCINDEXEDPOLYCURVE(#43,$,.F.);
#45=IFCARBITRARYCLOSEDPROFILEDEF(.AREA.,$,#44);
#46=IFCAXIS2PLACEMENT3D(#10,$,$);
#47=IFCDIRECTION((0.,0.,1.));
#48=IFCEXTRUDEDAREASOLID(#45,#46,#47,1650.);
#49=IFCCOLOURRGB($,0.75294117647058822,0.75294117647058822,0.75294117647058822);
#50=IFCSURFACESTYLERENDERING(#49,0.,$,$,$,$,IFCNORMALISEDRATIOMEASURE(0.5),IFCSPECULAREXPONENT(10.),.NOTDEFINED.);
#51=IFCSURFACESTYLE('Default Wall',.BOTH.,(#50));
#52=IFCSTYLEDITEM(#48,(#51),$);
#53=IFCCOLOURRGBLIST(((0.75294117647058822,0.75294117647058822,0.75294117647058822)));
#54=IFCINDEXEDPOLYGONALFACEWITHVOIDS((1,2,3,4,5,6,7,8,9,10,11,12,13,14,15,16),((17,18,19,20,21,22,23,24)));
#55=IFCINDEXEDPOLYGONALFACEWITHVOIDS((25,26,27,28,29,30,31,32,33,34,35,36,37,38),((39,40,41,42,43,44,45,46)));
#56=IFCINDEXEDPOLYGONALFACE((5,47,38,37,7,6));
#57=IFCINDEXEDPOLYGONALFACE((4,3,2,1,28,27,26,25));
#58=IFCINDEXEDPOLYGONALFACE((1,16,29,28));
#59=IFCINDEXEDPOLYGONALFACE((5,4,25,38,47));
#60=IFCINDEXEDPOLYGONALFACE((33,11,10,34));
#61=IFCINDEXEDPOLYGONALFACE((34,10,9,35));
#62=IFCINDEXEDPOLYGONALFACE((35,9,8,36));
#63=IFCINDEXEDPOLYGONALFACE((36,8,7,37));
#64=IFCINDEXEDPOLYGONALFACE((13,31,30,14));
#65=IFCINDEXEDPOLYGONALFACE((31,13,12,32));
#66=IFCINDEXEDPOLYGONALFACE((11,33,32,12));
#67=IFCINDEXEDPOLYGONALFACE((39,18,17,40));
#68=IFCINDEXEDPOLYGONALFACE((40,17,24,41));
#69=IFCINDEXEDPOLYGONALFACE((41,24,23,42));
#70=IFCINDEXEDPOLYGONALFACE((42,23,22,43));
#71=IFCINDEXEDPOLYGONALFACE((44,21,20,45));
#72=IFCINDEXEDPOLYGONALFACE((45,20,19,46));
#73=IFCINDEXEDPOLYGONALFACE((18,39,46,19));
#74=IFCINDEXEDPOLYGONALFACE((21,44,43,22));
#75=IFCINDEXEDPOLYGONALFACE((29,16,15,14,30));
#76=IFCCARTESIANPOINTLIST3D(((2500.0000000000009,-175.,1650.0000000000005),(2150.,-175.,1650.),(350.00000000000119,-175.,1650.),(1.2554490780303258E-12,-175.,1650.0000000000005),(1.2385292791350385E-12,-175.,0.),(350.00000000000125,-175.,0.),(1462.3367227053686,-175.,0.),(1462.3367227053684,-175.,1243.9195389371489),(1412.3367227053689,-174.99999999999989,1243.9195389371489),(1412.3367227053684,-174.99999999999989,1343.9195389371489),(2012.3367227053686,-175.,1343.9195389371489),(2012.3367227053686,-175.,1243.9195389371489),(1962.3367227053693,-175.,1243.9195389371489),(1962.3367227053693,-175.,0.),(2150.,-175.,0.),(2500.0000000000009,-175.,0.),(450.00000000000477,-175.,1343.9195389371521),(1050.000000000005,-175.,1343.9195389371521),(1050.000000000005,-175.,1243.9195389371521),(1000.0000000000047,-175.,1243.9195389371521),(1000.0000000000047,-175.,493.91953893715208),(500.00000000000455,-175.,493.91953893715208),(500.00000000000449,-175.,1243.9195389371521),(450.0000000000046,-175.,1243.9195389371521),(3.9479530755671207E-14,175.,1650.0000000000005),(250.00000000000014,175.,1650.),(2249.9999999999986,175.,1650.),(2500.,175.,1650.0000000000005),(2500.,175.,0.),(1962.3367227053686,174.99999999999989,0.),(1962.3367227053686,174.99999999999989,1243.9195389371489),(2012.3367227053686,175.,1243.9195389371489),(2012.3367227053686,175.,1343.9195389371489),(1412.3367227053686,175.,1343.9195389371489),(1412.3367227053689,175.,1243.9195389371489),(1462.3367227053686,174.99999999999989,1243.9195389371489),(1462.3367227053684,175.00000000000014,0.),(1.1843859226701265E-13,175.,0.),(1050.000000000005,174.99999999999989,1343.9195389371521),(450.00000000000472,175.00000000000014,1343.9195389371521),(450.00000000000472,175.00000000000014,1243.9195389371521),(500.00000000000449,175.,1243.9195389371521),(500.00000000000455,175.,493.91953893715208),(1000.0000000000049,175.,493.91953893715208),(1000.0000000000049,175.,1243.9195389371521),(1050.000000000005,174.99999999999989,1243.9195389371521),(1.093019008635567E-12,-125.00000000000001,0.)));
#77=IFCPOLYGONALFACESET(#76,.T.,(#54,#55,#56,#57,#58,#59,#60,#61,#62,#63,#64,#65,#66,#67,#68,#69,#70,#71,#72,#73,#74,#75),$);
#78=IFCINDEXEDCOLOURMAP(#77,1.,#53,(1,1,1,1,1,1,1,1,1,1,1,1,1,1,1,1,1,1,1,1,1,1));
#79=IFCSTYLEDITEM(#77,(#51),$);
#80=IFCSHAPEREPRESENTATION(#15,'Body','Tessellation',(#77));
#81=IFCWALL('3_2W4VcEf62eVBAFB0d$U6',#6,'Basic Wall:Unit_2_first_floor:1674951',$,$,#38,#42,'1674951',.NOTDEFINED.);
#82=IFCMATERIAL('Double_leaf_stone_masonry',$,'Miscellaneous');
#83=IFCWALLTYPE('1xZrMVYp52mhf4uMzw11Hk',#6,'Basic Wall:Unit_2_first_floor',$,$,(#96),$,'441451',$,.STANDARD.);
#84=IFCPROPERTYSINGLEVALUE('Reference',$,IFCIDENTIFIER('Unit_2_first_floor'),$);
#85=IFCPROPERTYSET('0gmPHmGfW$j_0Eqd5yH5I2',#6,'Pset_EnvironmentalImpactIndicators',$,(#84));
#86=IFCPROPERTYSINGLEVALUE('Reference',$,IFCLABEL('Unit_2_first_floor'),$);
#87=IFCPROPERTYSET('0RlEY6XM2TPO1X1WTrSH7u',#6,'Pset_ReinforcementBarPitchOfWall',$,(#86));
#88=IFCPROPERTYSINGLEVALUE('IsExternal',$,IFCBOOLEAN(.T.),$);
#89=IFCPROPERTYSINGLEVALUE('LoadBearing',$,IFCBOOLEAN(.F.),$);
#90=IFCPROPERTYSINGLEVALUE('ExtendToStructure',$,IFCBOOLEAN(.F.),$);
#91=IFCPROPERTYSET('2lTrqxunrjspWgwOozaF7x',#6,'Pset_WallCommon',$,(#84,#88,#89,#90));
#92=IFCRELDEFINESBYPROPERTIES('1y$fDAAj1nxsrftW8kJ8lB',#6,$,$,(#81),#85);
#93=IFCRELDEFINESBYPROPERTIES('1antkIni0zNl4YoUDekZ0U',#6,$,$,(#81),#87);
#94=IFCRELDEFINESBYPROPERTIES('3$RD539LhsHzYGchjmvb_9',#6,$,$,(#81),#91);
#95=IFCPROPERTYSINGLEVALUE('Description',$,IFCTEXT('Generic Wall (Material By Category), 200mm thick'),$);
#96=IFCPROPERTYSET('2L7lvTstnIeeydfwzfZZLR',#6,'Pset_ReinforcementBarPitchOfWall',$,(#95));
#97=IFCCARTESIANPOINT((2325.,900.,0.));
#98=IFCDIRECTION((0.,-1.,0.));
#99=IFCAXIS2PLACEMENT3D(#97,#47,#98);
#100=IFCLOCALPLACEMENT(#24,#99);
#101=IFCCARTESIANPOINTLIST3D(((0.,-1.082867129298033E-14,0.),(2149.9999999999918,2.8853376469363731E-27,0.)));
#102=IFCINDEXEDPOLYCURVE(#101,$,.F.);
#103=IFCSHAPEREPRESENTATION(#14,'Axis','Curve3D',(#102));
#104=IFCPRODUCTDEFINITIONSHAPE($,$,(#103,#138));
#105=IFCCARTESIANPOINTLIST2D(((2149.9999999999918,175.),(5.4143356464910066E-15,175.),(-5.4143356464910066E-15,-175.),(2149.9999999999918,-175.),(2149.9999999999918,175.)));
#106=IFCINDEXEDPOLYCURVE(#105,$,.F.);
#107=IFCARBITRARYCLOSEDPROFILEDEF(.AREA.,$,#106);
#108=IFCAXIS2PLACEMENT3D(#10,$,$);
#109=IFCEXTRUDEDAREASOLID(#107,#108,#47,1650.);
#110=IFCSTYLEDITEM(#109,(#51),$);
#111=IFCCOLOURRGBLIST(((0.75294117647058822,0.75294117647058822,0.75294117647058822)));
#112=IFCINDEXEDPOLYGONALFACEWITHVOIDS((1,2,3,4,5,6),((7,8,9,10,11,12,13,14),(15,16,17,18,19,20,21,22)));
#113=IFCINDEXEDPOLYGONALFACEWITHVOIDS((23,24,25,26),((27,28,29,30,31,32,33,34),(35,36,37,38,39,40,41,42)));
#114=IFCINDEXEDPOLYGONALFACE((3,2,1,23,26));
#115=IFCINDEXEDPOLYGONALFACE((6,5,4,25,24));
#116=IFCINDEXEDPOLYGONALFACE((1,6,24,23));
#117=IFCINDEXEDPOLYGONALFACE((4,3,26,25));
#118=IFCINDEXEDPOLYGONALFACE((28,27,7,14));
#119=IFCINDEXEDPOLYGONALFACE((29,28,14,13));
#120=IFCINDEXEDPOLYGONALFACE((30,29,13,12));
#121=IFCINDEXEDPOLYGONALFACE((31,30,12,11));
#122=IFCINDEXEDPOLYGONALFACE((32,31,11,10));
#123=IFCINDEXEDPOLYGONALFACE((33,32,10,9));
#124=IFCINDEXEDPOLYGONALFACE((34,33,9,8));
#125=IFCINDEXEDPOLYGONALFACE((27,34,8,7));
#126=IFCINDEXEDPOLYGONALFACE((36,35,15,22));
#127=IFCINDEXEDPOLYGONALFACE((37,36,22,21));
#128=IFCINDEXEDPOLYGONALFACE((38,37,21,20));
#129=IFCINDEXEDPOLYGONALFACE((39,38,20,19));
#130=IFCINDEXEDPOLYGONALFACE((40,39,19,18));
#131=IFCINDEXEDPOLYGONALFACE((41,40,18,17));
#132=IFCINDEXEDPOLYGONALFACE((42,41,17,16));
#133=IFCINDEXEDPOLYGONALFACE((35,42,16,15));
#134=IFCCARTESIANPOINTLIST3D(((0.,-175.,0.),(1799.9999999999911,-175.,0.),(2149.9999999999914,-175.,0.),(2149.9999999999914,-175.,1650.0000000000005),(1799.9999999999911,-175.,1650.),(0.,-175.,1650.0000000000005),(699.99999999994566,-175.00000000000006,1343.9195389370454),(699.99999999994566,-175.00000000000006,1243.9195389370454),(649.99999999994577,-175.00000000000011,1243.9195389370454),(649.99999999994577,-175.00000000000011,493.91953893704539),(149.99999999994532,-175.00000000000009,493.91953893704539),(149.99999999994532,-175.00000000000009,1243.9195389370454),(99.999999999945459,-175.00000000000014,1243.9195389370454),(99.999999999945587,-175.00000000000014,1343.9195389370454),(1699.9999999999868,-174.99999999999989,1343.919538937045),(1699.9999999999868,-174.99999999999989,1243.919538937045),(1649.999999999987,-174.99999999999994,1243.919538937045),(1649.999999999987,-174.99999999999994,493.91953893704488),(1149.9999999999868,-174.99999999999963,493.91953893704488),(1149.9999999999868,-174.99999999999963,1243.919538937045),(1099.9999999999868,-174.99999999999972,1243.919538937045),(1099.9999999999868,-174.99999999999972,1343.919538937045),(5.4143356464919636E-13,175.,0.),(5.4143356464919636E-13,175.,1650.0000000000005),(2149.9999999999918,175.,1650.0000000000005),(2149.9999999999918,175.,0.),(699.99999999994566,174.99999999999997,1343.9195389370454),(99.999999999945587,175.00000000000014,1343.9195389370454),(99.999999999945459,175.00000000000014,1243.9195389370454),(149.99999999994532,175.00000000000023,1243.9195389370454),(149.99999999994532,175.00000000000023,493.91953893704539),(649.99999999994577,174.99999999999991,493.91953893704539),(649.99999999994577,174.99999999999991,1243.9195389370454),(699.99999999994566,174.99999999999997,1243.9195389370454),(1699.9999999999868,174.99999999999989,1343.919538937045),(1099.9999999999868,175.00000000000006,1343.919538937045),(1099.9999999999868,175.00000000000006,1243.919538937045),(1149.9999999999868,175.00000000000011,1243.919538937045),(1149.9999999999868,175.00000000000011,493.91953893704488),(1649.999999999987,174.9999999999998,493.91953893704488),(1649.999999999987,174.9999999999998,1243.919538937045),(1699.9999999999868,174.99999999999989,1243.919538937045)));
#135=IFCPOLYGONALFACESET(#134,.T.,(#112,#113,#114,#115,#116,#117,#118,#119,#120,#121,#122,#123,#124,#125,#126,#127,#128,#129,#130,#131,#132,#133),$);
#136=IFCINDEXEDCOLOURMAP(#135,1.,#111,(1,1,1,1,1,1,1,1,1,1,1,1,1,1,1,1,1,1,1,1,1,1));
#137=IFCSTYLEDITEM(#135,(#51),$);
#138=IFCSHAPEREPRESENTATION(#15,'Body','Tessellation',(#135));
#139=IFCWALL('3_2W4VcEf62eVBAFB0d$PR',#6,'Basic Wall:Unit_2_first_floor:1675034',$,$,#100,#104,'1675034',.NOTDEFINED.);
#140=IFCPROPERTYSET('10_CR5rrayR8_SWGQr1pmh',#6,'Pset_EnvironmentalImpactIndicators',$,(#84));
#141=IFCPROPERTYSINGLEVALUE('Reference',$,IFCLABEL('Unit_2_first_floor'),$);
#142=IFCPROPERTYSET('2BNUbvX5lQaw_fJhU0wsOR',#6,'Pset_ReinforcementBarPitchOfWall',$,(#141));
#143=IFCPROPERTYSET('2UfbJZam6OOO3$F447PasC',#6,'Pset_WallCommon',$,(#84,#88,#89,#90));
#144=IFCRELDEFINESBYPROPERTIES('1rM3aO_zjlXf9mG$LD02WG',#6,$,$,(#139),#140);
#145=IFCRELDEFINESBYPROPERTIES('0cNRujRSqKpXPJI5eJGA6X',#6,$,$,(#139),#142);
#146=IFCRELDEFINESBYPROPERTIES('1L0cgF$td_3Zxytw4C$D8p',#6,$,$,(#139),#143);
#147=IFCCARTESIANPOINT((2150.,-1075.,0.));
#148=IFCDIRECTION((-1.,0.,0.));
#149=IFCAXIS2PLACEMENT3D(#147,#47,#148);
#150=IFCLOCALPLACEMENT(#24,#149);
#151=IFCCARTESIANPOINTLIST3D(((2.7071678232464532E-14,0.,0.),(2149.9999999999964,0.,0.)));
#152=IFCINDEXEDPOLYCURVE(#151,$,.F.);
#153=IFCSHAPEREPRESENTATION(#14,'Axis','Curve3D',(#152));
#154=IFCPRODUCTDEFINITIONSHAPE($,$,(#153,#188));
#155=IFCCARTESIANPOINTLIST2D(((2149.9999999999964,174.99999999999994),(-2.7071678232460925E-14,175.),(2.7071678232460925E-14,-175.),(2149.9999999999964,-175.00000000000009),(2149.9999999999964,174.99999999999994)));
#156=IFCINDEXEDPOLYCURVE(#155,$,.F.);
#157=IFCARBITRARYCLOSEDPROFILEDEF(.AREA.,$,#156);
#158=IFCAXIS2PLACEMENT3D(#10,$,$);
#159=IFCEXTRUDEDAREASOLID(#157,#158,#47,1650.);
#160=IFCSTYLEDITEM(#159,(#51),$);
#161=IFCCOLOURRGBLIST(((0.75294117647058822,0.75294117647058822,0.75294117647058822)));
#162=IFCINDEXEDPOLYGONALFACEWITHVOIDS((1,2,3,4,5,6,7,8,9,10,11,12,13,14),((15,16,17,18,19,20,21,22)));
#163=IFCINDEXEDPOLYGONALFACEWITHVOIDS((23,24,25,26,27,28,29,30,31,32,33,34,35),((36,37,38,39,40,41,42,43)));
#164=IFCINDEXEDPOLYGONALFACE((4,35,34,5));
#165=IFCINDEXEDPOLYGONALFACE((3,2,1,25,24,23));
#166=IFCINDEXEDPOLYGONALFACE((4,3,23,35));
#167=IFCINDEXEDPOLYGONALFACE((1,14,44,26,25));
#168=IFCINDEXEDPOLYGONALFACE((37,36,16,15));
#169=IFCINDEXEDPOLYGONALFACE((38,37,15,22));
#170=IFCINDEXEDPOLYGONALFACE((39,38,22,21));
#171=IFCINDEXEDPOLYGONALFACE((40,39,21,20));
#172=IFCINDEXEDPOLYGONALFACE((41,40,20,19));
#173=IFCINDEXEDPOLYGONALFACE((42,41,19,18));
#174=IFCINDEXEDPOLYGONALFACE((43,42,18,17));
#175=IFCINDEXEDPOLYGONALFACE((36,43,17,16));
#176=IFCINDEXEDPOLYGONALFACE((33,6,5,34));
#177=IFCINDEXEDPOLYGONALFACE((11,28,27,12));
#178=IFCINDEXEDPOLYGONALFACE((31,8,7,32));
#179=IFCINDEXEDPOLYGONALFACE((6,33,32,7));
#180=IFCINDEXEDPOLYGONALFACE((28,11,10,29));
#181=IFCINDEXEDPOLYGONALFACE((29,10,9,30));
#182=IFCINDEXEDPOLYGONALFACE((8,31,30,9));
#183=IFCINDEXEDPOLYGONALFACE((26,44,14,13,12,27));
#184=IFCCARTESIANPOINTLIST3D(((2149.9999999999964,-174.99999999999989,1650.0000000000005),(1799.9999999999964,-175.,1650.),(8.6629370343872022E-13,-175.00000000000014,1650.0000000000005),(8.6629370343872022E-13,-175.00000000000014,0.),(187.66327729439004,-175.,0.),(187.66327729439004,-175.,1243.9195389371473),(137.66327729439055,-174.99999999999989,1243.9195389371473),(137.66327729438976,-174.99999999999989,1343.9195389371473),(737.66327729438979,-175.,1343.9195389371473),(737.66327729438979,-175.,1243.9195389371473),(687.66327729439024,-175.,1243.9195389371473),(687.66327729439024,-175.,0.),(1799.9999999999964,-175.,0.),(2149.9999999999964,-174.99999999999989,0.),(1099.9999999999204,-175.,1343.9195389371519),(1699.9999999999204,-175.,1343.9195389371519),(1699.9999999999204,-175.,1243.9195389371519),(1649.9999999999209,-175.00000000000014,1243.9195389371519),(1649.9999999999209,-175.00000000000014,493.9195389371518),(1149.9999999999204,-174.99999999999989,493.9195389371518),(1149.9999999999204,-174.99999999999989,1243.9195389371519),(1099.9999999999204,-175.,1243.9195389371519),(3.3662272547591014E-27,175.,1650.0000000000005),(1899.9999999999998,175.,1650.),(2149.9999999999955,175.,1650.0000000000005),(2149.9999999999955,175.,0.),(687.66327729439024,175.00000000000014,0.),(687.66327729439024,175.00000000000014,1243.9195389371473),(737.66327729439001,175.,1243.9195389371473),(737.66327729439001,175.,1343.9195389371473),(137.66327729438996,175.,1343.9195389371473),(137.66327729438996,175.,1243.9195389371473),(187.66327729438996,175.00000000000014,1243.9195389371473),(187.66327729438996,175.00000000000014,0.),(3.3662272547591014E-27,175.,0.),(1699.9999999999209,174.99999999999989,1343.9195389371519),(1099.9999999999204,175.00000000000014,1343.9195389371519),(1099.9999999999204,175.00000000000014,1243.9195389371519),(1149.9999999999204,175.,1243.9195389371519),(1149.9999999999204,175.,493.9195389371518),(1649.9999999999209,175.,493.9195389371518),(1649.9999999999209,175.,1243.9195389371519),(1699.9999999999209,174.99999999999989,1243.9195389371519),(2149.9999999999968,-124.99999999998431,0.)));
#185=IFCPOLYGONALFACESET(#184,.T.,(#162,#163,#164,#165,#166,#167,#168,#169,#170,#171,#172,#173,#174,#175,#176,#177,#178,#179,#180,#181,#182,#183),$);
#186=IFCINDEXEDCOLOURMAP(#185,1.,#161,(1,1,1,1,1,1,1,1,1,1,1,1,1,1,1,1,1,1,1,1,1,1));
#187=IFCSTYLEDITEM(#185,(#51),$);
#188=IFCSHAPEREPRESENTATION(#15,'Body','Tessellation',(#185));
#189=IFCWALL('3_2W4VcEf62eVBAFB0d$OL',#6,'Basic Wall:Unit_2_first_floor:1675092',$,$,#150,#154,'1675092',.NOTDEFINED.);
#190=IFCPROPERTYSET('1qbSrvB1u5Y1JB3IaROFFH',#6,'Pset_EnvironmentalImpactIndicators',$,(#84));
#191=IFCPROPERTYSINGLEVALUE('Reference',$,IFCLABEL('Unit_2_first_floor'),$);
#192=IFCPROPERTYSET('2pS6zLjVChKkWQbyj9$0YG',#6,'Pset_ReinforcementBarPitchOfWall',$,(#191));
#193=IFCPROPERTYSET('1xTopY9w3x7iNYHx5f$jHZ',#6,'Pset_WallCommon',$,(#84,#88,#89,#90));
#194=IFCRELDEFINESBYPROPERTIES('3$mWuXdfEHqErVgy5U1Oee',#6,$,$,(#189),#190);
#195=IFCRELDEFINESBYPROPERTIES('3Q9B9wX1DAYuD$AOtPmKrk',#6,$,$,(#189),#192);
#196=IFCRELDEFINESBYPROPERTIES('0_3Y84bPciLYM$qCU075HA',#6,$,$,(#189),#193);
#197=IFCCARTESIANPOINT((175.,-900.,0.));
#198=IFCDIRECTION((0.,1.,0.));
#199=IFCAXIS2PLACEMENT3D(#197,#47,#198);
#200=IFCLOCALPLACEMENT(#24,#199);
#201=IFCCARTESIANPOINTLIST3D(((0.,-2.28128177615752E-15,0.),(1799.9999999999923,2.2812817761546347E-15,0.)));
#202=IFCINDEXEDPOLYCURVE(#201,$,.F.);
#203=IFCSHAPEREPRESENTATION(#14,'Axis','Curve3D',(#202));
#204=IFCPRODUCTDEFINITIONSHAPE($,$,(#203,#211));
#205=IFCCARTESIANPOINTLIST2D(((1799.9999999999923,174.99999999999997),(4.5615869980696622E-14,175.),(-4.5615869980696628E-14,-175.00000000000006),(1799.9999999999923,-175.00000000000006),(1799.9999999999923,174.99999999999997)));
#206=IFCINDEXEDPOLYCURVE(#205,$,.F.);
#207=IFCARBITRARYCLOSEDPROFILEDEF(.AREA.,$,#206);
#208=IFCAXIS2PLACEMENT3D(#10,$,$);
#209=IFCEXTRUDEDAREASOLID(#207,#208,#47,1650.);
#210=IFCSTYLEDITEM(#209,(#51),$);
#211=IFCSHAPEREPRESENTATION(#15,'Body','SweptSolid',(#209));
#212=IFCWALL('3_2W4VcEf62eVBAFB0d$Rm',#6,'Basic Wall:Unit_2_first_floor:1675185',$,$,#200,#204,'1675185',.NOTDEFINED.);
#213=IFCPROPERTYSET('0Uu8nGMSXGfW9f_6hAkzbW',#6,'Pset_EnvironmentalImpactIndicators',$,(#84));
#214=IFCPROPERTYSINGLEVALUE('Reference',$,IFCLABEL('Unit_2_first_floor'),$);
#215=IFCPROPERTYSET('2pLb5NdXiqs0WdGTDyE2SM',#6,'Pset_ReinforcementBarPitchOfWall',$,(#214));
#216=IFCPROPERTYSET('3CH4ZveJJBGDRvq7HT3KwP',#6,'Pset_WallCommon',$,(#84,#88,#89,#90));
#217=IFCRELDEFINESBYPROPERTIES('39M3e$cBbz5FXHaYNRTaVC',#6,$,$,(#212),#213);
#218=IFCRELDEFINESBYPROPERTIES('1l2$AkgEQyNMhKyyL83JrE',#6,$,$,(#212),#215);
#219=IFCRELDEFINESBYPROPERTIES('3Mf0g99eQ7QvOdayjIumQ2',#6,$,$,(#212),#216);
#220=IFCCARTESIANPOINT((125.,1250.,0.));
#221=IFCAXIS2PLACEMENT3D(#220,#47,#98);
#222=IFCLOCALPLACEMENT(#28,#221);
#223=IFCCARTESIANPOINTLIST3D(((0.,-7.7318374287490554E-15,0.),(2499.9999999999923,-9.1879614665566056E-15,0.)));
#224=IFCINDEXEDPOLYCURVE(#223,$,.F.);
#225=IFCSHAPEREPRESENTATION(#14,'Axis','Curve3D',(#224));
#226=IFCPRODUCTDEFINITIONSHAPE($,$,(#225,#233));
#227=IFCCARTESIANPOINTLIST2D(((2499.9999999999927,125.00000000000003),(7.0289971617332374E-14,125.00000000000001),(-7.0289971617332374E-14,-125.00000000000001),(2499.9999999999914,-125.00000000000001),(2499.9999999999927,125.00000000000003)));
#228=IFCINDEXEDPOLYCURVE(#227,$,.F.);
#229=IFCARBITRARYCLOSEDPROFILEDEF(.AREA.,$,#228);
#230=IFCAXIS2PLACEMENT3D(#10,$,$);
#231=IFCEXTRUDEDAREASOLID(#229,#230,#47,1500.);
#232=IFCSTYLEDITEM(#231,(#51),$);
#233=IFCSHAPEREPRESENTATION(#15,'Body','SweptSolid',(#231));
#234=IFCWALL('3_2W4VcEf62eVBAFB0d_ar',#6,'Basic Wall:Unit_2_second_floor:1675380',$,$,#222,#226,'1675380',.NOTDEFINED.);
#235=IFCWALLTYPE('3_2W4VcEf62eVBAFB0d$QE',#6,'Basic Wall:Unit_2_second_floor',$,$,(#245),$,'1675215',$,.STANDARD.);
#236=IFCPROPERTYSINGLEVALUE('Reference',$,IFCIDENTIFIER('Unit_2_second_floor'),$);
#237=IFCPROPERTYSET('2BgG1JbuFiMXwHY3cv21EO',#6,'Pset_EnvironmentalImpactIndicators',$,(#236));
#238=IFCPROPERTYSINGLEVALUE('Reference',$,IFCLABEL('Unit_2_second_floor'),$);
#239=IFCPROPERTYSET('2NliWQXLbt2pwgKE4Yn5JO',#6,'Pset_ReinforcementBarPitchOfWall',$,(#238));
#240=IFCPROPERTYSET('1ejSrNkyC9xT1XmZeFf5pw',#6,'Pset_WallCommon',$,(#88,#89,#90,#236));
#241=IFCRELDEFINESBYPROPERTIES('2X9qpei9FvH2dCkXy6C$8C',#6,$,$,(#234),#237);
#242=IFCRELDEFINESBYPROPERTIES('0R8FgFaP_qyw41ywm4Qkl1',#6,$,$,(#234),#239);
#243=IFCRELDEFINESBYPROPERTIES('2Pchtpf33GNFyCak0ChFg4',#6,$,$,(#234),#240);
#244=IFCPROPERTYSINGLEVALUE('Description',$,IFCTEXT('Generic Wall (Material By Category), 200mm thick'),$);
#245=IFCPROPERTYSET('0zB98ul_bteWdYpEd8lcEm',#6,'Pset_ReinforcementBarPitchOfWall',$,(#244));
#246=IFCCARTESIANPOINT((250.,-1125.,0.));
#247=IFCAXIS2PLACEMENT3D(#246,$,$);
#248=IFCLOCALPLACEMENT(#28,#247);
#249=IFCCARTESIANPOINTLIST3D(((-3.0296045292831916E-26,0.,0.),(2250.,0.,0.)));
#250=IFCINDEXEDPOLYCURVE(#249,$,.F.);
#251=IFCSHAPEREPRESENTATION(#14,'Axis','Curve3D',(#250));
#252=IFCPRODUCTDEFINITIONSHAPE($,$,(#251,#286));
#253=IFCCARTESIANPOINTLIST2D(((2250.,-125.00000000000001),(2249.9999999999995,125.00000000000001),(1999.9999999999998,125.00000000000001),(1.3535839116229891E-13,125.00000000000001),(4.0607517348689745E-13,-125.00000000000001),(1900.0000000000005,-125.00000000000006),(2250.,-125.00000000000001)));
#254=IFCINDEXEDPOLYCURVE(#253,$,.F.);
#255=IFCARBITRARYCLOSEDPROFILEDEF(.AREA.,$,#254);
#256=IFCAXIS2PLACEMENT3D(#10,$,$);
#257=IFCEXTRUDEDAREASOLID(#255,#256,#47,1500.);
#258=IFCSTYLEDITEM(#257,(#51),$);
#259=IFCCOLOURRGBLIST(((0.75294117647058822,0.75294117647058822,0.75294117647058822)));
#260=IFCINDEXEDPOLYGONALFACEWITHVOIDS((1,2,3,4,5),((6,7,8,9,10,11,12,13),(14,15,16,17,18,19,20,21)));
#261=IFCINDEXEDPOLYGONALFACEWITHVOIDS((22,23,24,25,26,27),((28,29,30,31,32,33,34,35),(36,37,38,39,40,41,42,43)));
#262=IFCINDEXEDPOLYGONALFACE((4,3,2,22,27,26));
#263=IFCINDEXEDPOLYGONALFACE((1,5,25,24,23));
#264=IFCINDEXEDPOLYGONALFACE((5,4,26,25));
#265=IFCINDEXEDPOLYGONALFACE((1,23,22,2));
#266=IFCINDEXEDPOLYGONALFACE((7,6,28,35));
#267=IFCINDEXEDPOLYGONALFACE((8,7,35,34));
#268=IFCINDEXEDPOLYGONALFACE((9,8,34,33));
#269=IFCINDEXEDPOLYGONALFACE((10,9,33,32));
#270=IFCINDEXEDPOLYGONALFACE((11,10,32,31));
#271=IFCINDEXEDPOLYGONALFACE((12,11,31,30));
#272=IFCINDEXEDPOLYGONALFACE((13,12,30,29));
#273=IFCINDEXEDPOLYGONALFACE((6,13,29,28));
#274=IFCINDEXEDPOLYGONALFACE((15,14,36,43));
#275=IFCINDEXEDPOLYGONALFACE((16,15,43,42));
#276=IFCINDEXEDPOLYGONALFACE((17,16,42,41));
#277=IFCINDEXEDPOLYGONALFACE((18,17,41,40));
#278=IFCINDEXEDPOLYGONALFACE((19,18,40,39));
#279=IFCINDEXEDPOLYGONALFACE((20,19,39,38));
#280=IFCINDEXEDPOLYGONALFACE((21,20,38,37));
#281=IFCINDEXEDPOLYGONALFACE((14,21,37,36));
#282=IFCCARTESIANPOINTLIST3D(((4.0607517348686695E-13,-125.00000000000001,1500.),(4.0607517348686695E-13,-125.00000000000001,2.7071678232459818E-13),(1900.0000000000005,-125.00000000000001,0.),(2250.,-125.00000000000001,2.7071678232459818E-13),(2250.,-125.00000000000001,1500.),(200.00000000008225,-124.99999999999987,1173.9195389371523),(800.00000000008231,-125.00000000000014,1173.9195389371523),(800.00000000008254,-125.00000000000014,1073.9195389371523),(750.00000000008265,-125.00000000000001,1073.9195389371523),(750.00000000008254,-125.00000000000001,323.91953893715197),(250.00000000008217,-125.00000000000001,323.91953893715197),(250.00000000008217,-125.00000000000001,1073.9195389371523),(200.00000000008225,-124.99999999999987,1073.9195389371523),(1162.3367227056135,-125.00000000000001,1173.919538937148),(1762.3367227056135,-125.00000000000001,1173.919538937148),(1762.3367227056128,-125.00000000000001,1073.919538937148),(1712.3367227056135,-125.00000000000014,1073.919538937148),(1712.3367227056135,-125.00000000000014,323.91953893714765),(1212.3367227056133,-125.00000000000014,323.91953893714765),(1212.3367227056133,-125.00000000000014,1073.919538937148),(1162.3367227056135,-125.00000000000001,1073.919538937148),(1.353583911622688E-13,125.00000000000001,2.7071678232459818E-13),(3.3839597790544474E-14,125.00000000000001,1500.),(2000.0000000000002,125.00000000000001,1500.),(2249.9999999999991,125.00000000000014,1500.),(2249.9999999999995,125.00000000000014,2.7071678232459818E-13),(1999.9999999999995,125.00000000000001,0.),(200.00000000008237,125.00000000000001,1173.9195389371523),(200.00000000008237,125.00000000000001,1073.9195389371523),(250.00000000008217,125.00000000000014,1073.9195389371523),(250.00000000008217,125.00000000000014,323.91953893715197),(750.00000000008265,124.99999999999987,323.91953893715197),(750.00000000008265,124.99999999999987,1073.9195389371523),(800.00000000008231,125.00000000000001,1073.9195389371523),(800.00000000008231,125.00000000000001,1173.9195389371523),(1162.3367227056135,125.00000000000001,1173.919538937148),(1162.3367227056135,125.00000000000001,1073.919538937148),(1212.3367227056135,125.00000000000001,1073.919538937148),(1212.3367227056133,125.00000000000001,323.91953893714765),(1712.3367227056137,125.00000000000001,323.91953893714765),(1712.3367227056137,125.00000000000001,1073.919538937148),(1762.3367227056131,124.99999999999987,1073.919538937148),(1762.3367227056137,124.99999999999987,1173.919538937148)));
#283=IFCPOLYGONALFACESET(#282,.T.,(#260,#261,#262,#263,#264,#265,#266,#267,#268,#269,#270,#271,#272,#273,#274,#275,#276,#277,#278,#279,#280,#281),$);
#284=IFCINDEXEDCOLOURMAP(#283,1.,#259,(1,1,1,1,1,1,1,1,1,1,1,1,1,1,1,1,1,1,1,1,1,1));
#285=IFCSTYLEDITEM(#283,(#51),$);
#286=IFCSHAPEREPRESENTATION(#15,'Body','Tessellation',(#283));
#287=IFCWALL('3_2W4VcEf62eVBAFB0d_dt',#6,'Basic Wall:Unit_2_second_floor:1675446',$,$,#248,#252,'1675446',.NOTDEFINED.);
#288=IFCPROPERTYSET('3e7u0d4KOi49FTgPwOtY6A',#6,'Pset_EnvironmentalImpactIndicators',$,(#236));
#289=IFCPROPERTYSINGLEVALUE('Reference',$,IFCLABEL('Unit_2_second_floor'),$);
#290=IFCPROPERTYSET('21knWK8IwJQqusZVYN7oSe',#6,'Pset_ReinforcementBarPitchOfWall',$,(#289));
#291=IFCPROPERTYSET('2c4UGOu_3SxKE2ddOH13CS',#6,'Pset_WallCommon',$,(#88,#89,#90,#236));
#292=IFCRELDEFINESBYPROPERTIES('0oKMlo9iUQKlWt7pXH1tiE',#6,$,$,(#287),#288);
#293=IFCRELDEFINESBYPROPERTIES('1akSo9Z1yKn2X8c5Fr4rC7',#6,$,$,(#287),#290);
#294=IFCRELDEFINESBYPROPERTIES('3aPzZLkUz6l7C5hot0K_FB',#6,$,$,(#287),#291);
#295=IFCCARTESIANPOINT((2375.,-1000.,0.));
#296=IFCAXIS2PLACEMENT3D(#295,#47,#198);
#297=IFCLOCALPLACEMENT(#28,#296);
#298=IFCCARTESIANPOINTLIST3D(((0.,1.0828671292983817E-13,0.),(2249.9999999999918,-1.4426688234681865E-27,0.)));
#299=IFCINDEXEDPOLYCURVE(#298,$,.F.);
#300=IFCSHAPEREPRESENTATION(#14,'Axis','Curve3D',(#299));
#301=IFCPRODUCTDEFINITIONSHAPE($,$,(#300,#335));
#302=IFCCARTESIANPOINTLIST2D(((2249.9999999999918,124.9999999999999),(8.121503469737878E-14,125.00000000000001),(-8.1215034697378389E-14,-125.00000000000028),(2249.9999999999918,-125.00000000000011),(2249.9999999999918,124.9999999999999)));
#303=IFCINDEXEDPOLYCURVE(#302,$,.F.);
#304=IFCARBITRARYCLOSEDPROFILEDEF(.AREA.,$,#303);
#305=IFCAXIS2PLACEMENT3D(#10,$,$);
#306=IFCEXTRUDEDAREASOLID(#304,#305,#47,1500.);
#307=IFCSTYLEDITEM(#306,(#51),$);
#308=IFCCOLOURRGBLIST(((0.75294117647058822,0.75294117647058822,0.75294117647058822)));
#309=IFCINDEXEDPOLYGONALFACEWITHVOIDS((1,2,3,4),((5,6,7,8,9,10,11,12),(13,14,15,16,17,18,19,20)));
#310=IFCINDEXEDPOLYGONALFACEWITHVOIDS((21,22,23,24,25,26),((27,28,29,30,31,32,33,34),(35,36,37,38,39,40,41,42)));
#311=IFCINDEXEDPOLYGONALFACE((2,1,23,22,21));
#312=IFCINDEXEDPOLYGONALFACE((4,3,26,25,24));
#313=IFCINDEXEDPOLYGONALFACE((1,4,24,23));
#314=IFCINDEXEDPOLYGONALFACE((3,2,21,26));
#315=IFCINDEXEDPOLYGONALFACE((5,28,27,6));
#316=IFCINDEXEDPOLYGONALFACE((6,27,34,7));
#317=IFCINDEXEDPOLYGONALFACE((7,34,33,8));
#318=IFCINDEXEDPOLYGONALFACE((8,33,32,9));
#319=IFCINDEXEDPOLYGONALFACE((30,11,10,31));
#320=IFCINDEXEDPOLYGONALFACE((11,30,29,12));
#321=IFCINDEXEDPOLYGONALFACE((28,5,12,29));
#322=IFCINDEXEDPOLYGONALFACE((13,36,35,14));
#323=IFCINDEXEDPOLYGONALFACE((14,35,42,15));
#324=IFCINDEXEDPOLYGONALFACE((15,42,41,16));
#325=IFCINDEXEDPOLYGONALFACE((16,41,40,17));
#326=IFCINDEXEDPOLYGONALFACE((18,39,38,19));
#327=IFCINDEXEDPOLYGONALFACE((19,38,37,20));
#328=IFCINDEXEDPOLYGONALFACE((36,13,20,37));
#329=IFCINDEXEDPOLYGONALFACE((31,10,9,32));
#330=IFCINDEXEDPOLYGONALFACE((39,18,17,40));
#331=IFCCARTESIANPOINTLIST3D(((0.,-125.00000000000017,2.7071678232459818E-13),(2249.9999999999914,-125.00000000000001,2.7071678232459818E-13),(2249.9999999999914,-125.00000000000001,1500.),(0.,-125.00000000000017,1500.),(200.00000000000449,-124.99999999999987,1173.9195389370425),(800.00000000000466,-125.00000000000004,1173.9195389370425),(800.00000000000466,-125.00000000000004,1073.9195389370425),(750.00000000000477,-125.00000000000011,1073.9195389370425),(750.00000000000477,-125.00000000000011,323.91953893704238),(250.00000000000435,-124.99999999999979,323.91953893704238),(250.00000000000435,-124.99999999999979,1073.9195389370425),(200.00000000000449,-124.99999999999987,1073.9195389370425),(1200.0000000000459,-124.99999999999997,1173.9195389370429),(1800.0000000000457,-125.00000000000014,1173.9195389370429),(1800.0000000000457,-125.00000000000014,1073.9195389370429),(1750.0000000000462,-124.99999999999969,1073.9195389370429),(1750.0000000000462,-124.99999999999969,323.91953893704317),(1250.0000000000459,-124.9999999999999,323.91953893704317),(1250.0000000000459,-124.9999999999999,1073.9195389370429),(1200.0000000000459,-124.99999999999997,1073.9195389370429),(2249.9999999999918,125.00000000000001,2.7071678232459818E-13),(1999.9999999999918,124.9999999999999,0.),(2.7071678232459818E-13,124.99999999999984,2.7071678232459818E-13),(2.7071678232459818E-13,124.99999999999984,1500.),(1999.9999999999918,124.9999999999999,1500.),(2249.9999999999918,125.00000000000001,1500.),(800.00000000000466,124.99999999999997,1173.9195389370425),(200.00000000000449,124.99999999999987,1173.9195389370425),(200.00000000000449,124.99999999999987,1073.9195389370425),(250.00000000000435,124.99999999999996,1073.9195389370425),(250.00000000000435,124.99999999999996,323.91953893704238),(750.00000000000466,124.9999999999999,323.91953893704238),(750.00000000000477,124.9999999999999,1073.9195389370425),(800.00000000000466,124.99999999999997,1073.9195389370425),(1800.0000000000459,125.00000000000014,1173.9195389370429),(1200.0000000000462,125.00000000000031,1173.9195389370429),(1200.0000000000462,125.00000000000031,1073.9195389370429),(1250.0000000000459,125.00000000000038,1073.9195389370429),(1250.0000000000459,125.00000000000038,323.91953893704317),(1750.0000000000462,125.00000000000033,323.91953893704317),(1750.0000000000462,125.00000000000033,1073.9195389370429),(1800.0000000000459,125.00000000000014,1073.9195389370429)));
#332=IFCPOLYGONALFACESET(#331,.T.,(#309,#310,#311,#312,#313,#314,#315,#316,#317,#318,#319,#320,#321,#322,#323,#324,#325,#326,#327,#328,#329,#330),$);
#333=IFCINDEXEDCOLOURMAP(#332,1.,#308,(1,1,1,1,1,1,1,1,1,1,1,1,1,1,1,1,1,1,1,1,1,1));
#334=IFCSTYLEDITEM(#332,(#51),$);
#335=IFCSHAPEREPRESENTATION(#15,'Body','Tessellation',(#332));
#336=IFCWALL('3_2W4VcEf62eVBAFB0d_cf',#6,'Basic Wall:Unit_2_second_floor:1675496',$,$,#297,#301,'1675496',.NOTDEFINED.);
#337=IFCPROPERTYSET('0oJHirGBB5iqe2T0q9WCrL',#6,'Pset_EnvironmentalImpactIndicators',$,(#236));
#338=IFCPROPERTYSINGLEVALUE('Reference',$,IFCLABEL('Unit_2_second_floor'),$);
#339=IFCPROPERTYSET('0UPNwq7$AzuLFTdayDm2ck',#6,'Pset_ReinforcementBarPitchOfWall',$,(#338));
#340=IFCPROPERTYSET('3ijAyUpKyWSH4P6m5sqj01',#6,'Pset_WallCommon',$,(#88,#89,#90,#236));
#341=IFCRELDEFINESBYPROPERTIES('2d5Aw93mOztXSjeeKRuDzS',#6,$,$,(#336),#337);
#342=IFCRELDEFINESBYPROPERTIES('1oqOUGXg0IlmYKtxj56ogP',#6,$,$,(#336),#339);
#343=IFCRELDEFINESBYPROPERTIES('2gax0CKBWkgW8NqiRwM2_s',#6,$,$,(#336),#340);
#344=IFCCARTESIANPOINT((2250.,1125.,0.));
#345=IFCAXIS2PLACEMENT3D(#344,#47,#148);
#346=IFCLOCALPLACEMENT(#28,#345);
#347=IFCCARTESIANPOINTLIST3D(((1.3535839116228273E-13,0.,0.),(1999.9999999999998,0.,0.)));
#348=IFCINDEXEDPOLYCURVE(#347,$,.F.);
#349=IFCSHAPEREPRESENTATION(#14,'Axis','Curve3D',(#348));
#350=IFCPRODUCTDEFINITIONSHAPE($,$,(#349,#384));
#351=IFCCARTESIANPOINTLIST2D(((1999.9999999999998,125.00000000000001),(1.3535839116229891E-13,125.00000000000001),(-1.3535839116229891E-13,-125.00000000000001),(1999.9999999999995,-125.00000000000001),(1999.9999999999998,125.00000000000001)));
#352=IFCINDEXEDPOLYCURVE(#351,$,.F.);
#353=IFCARBITRARYCLOSEDPROFILEDEF(.AREA.,$,#352);
#354=IFCAXIS2PLACEMENT3D(#10,$,$);
#355=IFCEXTRUDEDAREASOLID(#353,#354,#47,1500.);
#356=IFCSTYLEDITEM(#355,(#51),$);
#357=IFCCOLOURRGBLIST(((0.75294117647058822,0.75294117647058822,0.75294117647058822)));
#358=IFCINDEXEDPOLYGONALFACEWITHVOIDS((1,2,3,4),((5,6,7,8,9,10,11,12),(13,14,15,16,17,18,19,20)));
#359=IFCINDEXEDPOLYGONALFACEWITHVOIDS((21,22,23,24),((25,26,27,28,29,30,31,32),(33,34,35,36,37,38,39,40)));
#360=IFCINDEXEDPOLYGONALFACE((2,1,22,21));
#361=IFCINDEXEDPOLYGONALFACE((4,3,24,23));
#362=IFCINDEXEDPOLYGONALFACE((1,4,23,22));
#363=IFCINDEXEDPOLYGONALFACE((2,21,24,3));
#364=IFCINDEXEDPOLYGONALFACE((5,26,25,6));
#365=IFCINDEXEDPOLYGONALFACE((6,25,32,7));
#366=IFCINDEXEDPOLYGONALFACE((7,32,31,8));
#367=IFCINDEXEDPOLYGONALFACE((8,31,30,9));
#368=IFCINDEXEDPOLYGONALFACE((10,29,28,11));
#369=IFCINDEXEDPOLYGONALFACE((11,28,27,12));
#370=IFCINDEXEDPOLYGONALFACE((26,5,12,27));
#371=IFCINDEXEDPOLYGONALFACE((29,10,9,30));
#372=IFCINDEXEDPOLYGONALFACE((14,13,34,33));
#373=IFCINDEXEDPOLYGONALFACE((15,14,33,40));
#374=IFCINDEXEDPOLYGONALFACE((16,15,40,39));
#375=IFCINDEXEDPOLYGONALFACE((17,16,39,38));
#376=IFCINDEXEDPOLYGONALFACE((18,17,38,37));
#377=IFCINDEXEDPOLYGONALFACE((19,18,37,36));
#378=IFCINDEXEDPOLYGONALFACE((20,19,36,35));
#379=IFCINDEXEDPOLYGONALFACE((13,20,35,34));
#380=IFCCARTESIANPOINTLIST3D(((5.4143356464918051E-13,-125.00000000000001,2.7071678232459818E-13),(1999.9999999999995,-125.00000000000001,2.7071678232459818E-13),(1999.9999999999995,-125.00000000000001,1500.),(5.4143356464918051E-13,-125.00000000000001,1500.),(239.99999999999824,-125.00000000000001,1173.9195389371496),(839.99999999999829,-125.00000000000001,1173.9195389371496),(839.99999999999829,-125.00000000000001,1073.9195389371496),(789.99999999999852,-124.99999999999987,1073.9195389371496),(789.99999999999852,-124.99999999999987,323.91953893714958),(289.99999999999767,-124.99999999999987,323.91953893714958),(289.99999999999852,-124.99999999999987,1073.9195389371496),(239.99999999999824,-125.00000000000001,1073.9195389371496),(1202.3367227056463,-124.99999999999987,1173.9195389371528),(1802.3367227056463,-125.00000000000014,1173.9195389371528),(1802.3367227056463,-125.00000000000014,1073.9195389371528),(1752.3367227056465,-125.00000000000001,1073.9195389371528),(1752.3367227056463,-125.00000000000001,323.91953893715282),(1252.3367227056463,-125.00000000000001,323.91953893715282),(1252.3367227056463,-125.00000000000001,1073.9195389371528),(1202.3367227056463,-124.99999999999987,1073.9195389371528),(1999.9999999999993,125.00000000000001,2.7071678232459818E-13),(-1.635024666597278E-26,125.00000000000001,2.7071678232459818E-13),(-1.635024666597278E-26,125.00000000000001,1500.),(1999.9999999999991,125.00000000000001,1500.),(839.99999999999829,125.00000000000001,1173.9195389371496),(239.99999999999824,125.00000000000014,1173.9195389371496),(239.99999999999824,125.00000000000014,1073.9195389371496),(289.99999999999852,125.00000000000001,1073.9195389371496),(289.99999999999852,125.00000000000001,323.91953893714958),(789.99999999999829,125.00000000000001,323.91953893714958),(789.99999999999829,125.00000000000001,1073.9195389371496),(839.99999999999829,125.00000000000001,1073.9195389371496),(1802.3367227056463,125.00000000000001,1173.9195389371528),(1202.336722705646,125.00000000000001,1173.9195389371528),(1202.336722705646,125.00000000000001,1073.9195389371528),(1252.336722705646,125.00000000000014,1073.9195389371528),(1252.336722705646,125.00000000000014,323.91953893715282),(1752.3367227056465,124.99999999999987,323.91953893715282),(1752.3367227056465,124.99999999999987,1073.9195389371528),(1802.3367227056463,125.00000000000001,1073.9195389371528)));
#381=IFCPOLYGONALFACESET(#380,.T.,(#358,#359,#360,#361,#362,#363,#364,#365,#366,#367,#368,#369,#370,#371,#372,#373,#374,#375,#376,#377,#378,#379),$);
#382=IFCINDEXEDCOLOURMAP(#381,1.,#357,(1,1,1,1,1,1,1,1,1,1,1,1,1,1,1,1,1,1,1,1,1,1));
#383=IFCSTYLEDITEM(#381,(#51),$);
#384=IFCSHAPEREPRESENTATION(#15,'Body','Tessellation',(#381));
#385=IFCWALL('3_2W4VcEf62eVBAFB0d_Xg',#6,'Basic Wall:Unit_2_second_floor:1675563',$,$,#346,#350,'1675563',.NOTDEFINED.);
#386=IFCPROPERTYSET('0XtHZyG_fhxBCOH5h4_6FN',#6,'Pset_EnvironmentalImpactIndicators',$,(#236));
#387=IFCPROPERTYSINGLEVALUE('Reference',$,IFCLABEL('Unit_2_second_floor'),$);
#388=IFCPROPERTYSET('04P5_9rPfU88TJoUG3hZJL',#6,'Pset_ReinforcementBarPitchOfWall',$,(#387));
#389=IFCPROPERTYSET('0RbvsbXIgFDyF3sV4Gu92j',#6,'Pset_WallCommon',$,(#88,#89,#90,#236));
#390=IFCRELDEFINESBYPROPERTIES('2tGowvtbW9AzKs$EYBV3hX',#6,$,$,(#385),#386);
#391=IFCRELDEFINESBYPROPERTIES('3Tm61wWMpvuLwOg3hqmjtw',#6,$,$,(#385),#388);
#392=IFCRELDEFINESBYPROPERTIES('3CJ25nT5mP87YRhbj9uJV1',#6,$,$,(#385),#389);
#393=IFCCARTESIANPOINT((-0.,1100.,0.));
#394=IFCAXIS2PLACEMENT3D(#393,#47,#148);
#395=IFCLOCALPLACEMENT(#24,#394);
#396=IFCCARTESIANPOINTLIST3D(((0.,0.,0.),(2450.0000000000023,0.,0.)));
#397=IFCINDEXEDPOLYCURVE(#396,$,.F.);
#398=IFCSHAPEREPRESENTATION(#14,'Axis','Curve3D',(#397));
#399=IFCPRODUCTDEFINITIONSHAPE($,$,(#398,#425));
#400=IFCCARTESIANPOINTLIST2D(((2450.0000000000023,150.),(4.9637165126505631E-16,150.),(-4.9637165126505631E-16,-150.),(2450.0000000000023,-150.),(2450.0000000000023,150.)));
#401=IFCINDEXEDPOLYCURVE(#400,$,.F.);
#402=IFCARBITRARYCLOSEDPROFILEDEF(.AREA.,$,#401);
#403=IFCAXIS2PLACEMENT3D(#10,$,$);
#404=IFCEXTRUDEDAREASOLID(#402,#403,#47,2200.);
#405=IFCSTYLEDITEM(#404,(#51),$);
#406=IFCCOLOURRGBLIST(((0.75294117647058822,0.75294117647058822,0.75294117647058822)));
#407=IFCINDEXEDPOLYGONALFACEWITHVOIDS((1,2,3,4,5),((6,7,8,9,10,11,12,13)));
#408=IFCINDEXEDPOLYGONALFACEWITHVOIDS((14,15,16,17,18,19),((20,21,22,23,24,25,26,27)));
#409=IFCINDEXEDPOLYGONALFACE((4,3,14,19,18));
#410=IFCINDEXEDPOLYGONALFACE((1,5,17,16,15));
#411=IFCINDEXEDPOLYGONALFACE((5,4,18,17));
#412=IFCINDEXEDPOLYGONALFACE((1,15,14,3,2));
#413=IFCINDEXEDPOLYGONALFACE((7,6,20,27));
#414=IFCINDEXEDPOLYGONALFACE((8,7,27,26));
#415=IFCINDEXEDPOLYGONALFACE((9,8,26,25));
#416=IFCINDEXEDPOLYGONALFACE((10,9,25,24));
#417=IFCINDEXEDPOLYGONALFACE((11,10,24,23));
#418=IFCINDEXEDPOLYGONALFACE((12,11,23,22));
#419=IFCINDEXEDPOLYGONALFACE((13,12,22,21));
#420=IFCINDEXEDPOLYGONALFACE((6,13,21,20));
#421=IFCCARTESIANPOINTLIST3D(((9.6181719051820518E-13,-150.,2200.),(9.8719688886113629E-13,-150.,1650.),(1.0633359838899294E-12,-150.,0.),(2450.0000000000018,-150.,0.),(2450.0000000000018,-150.,2200.),(925.00000000010391,-150.,1600.000000000002),(1525.0000000001041,-150.,1600.000000000002),(1525.0000000001037,-150.,1500.000000000002),(1475.0000000001041,-150.00000000000014,1500.000000000002),(1475.0000000001041,-150.00000000000014,500.00000000000193),(975.00000000010391,-150.00000000000014,500.00000000000193),(975.00000000010391,-150.00000000000014,1500.000000000002),(925.00000000010391,-150.,1500.000000000002),(4.9637165126493611E-16,150.,0.),(5.1937020444007798E-13,150.,2200.),(2150.0000000000014,150.,2200.),(2450.0000000000018,149.99999999999989,2200.),(2450.0000000000018,149.99999999999989,0.),(2150.0000000000014,150.,0.),(925.00000000010391,150.00000000000014,1600.000000000002),(925.00000000010391,150.00000000000014,1500.000000000002),(975.0000000001038,150.,1500.000000000002),(975.0000000001038,150.,500.00000000000193),(1475.0000000001041,150.,500.00000000000193),(1475.0000000001041,150.,1500.000000000002),(1525.0000000001037,150.,1500.000000000002),(1525.0000000001041,150.,1600.000000000002)));
#422=IFCPOLYGONALFACESET(#421,.T.,(#407,#408,#409,#410,#411,#412,#413,#414,#415,#416,#417,#418,#419,#420),$);
#423=IFCINDEXEDCOLOURMAP(#422,1.,#406,(1,1,1,1,1,1,1,1,1,1,1,1,1,1));
#424=IFCSTYLEDITEM(#422,(#51),$);
#425=IFCSHAPEREPRESENTATION(#15,'Body','Tessellation',(#422));
#426=IFCWALL('3_2W4VcEf62eVBAFB0d_jF',#6,'Basic Wall:Unit_1:1675790',$,$,#395,#399,'1675790',.NOTDEFINED.);
#427=IFCWALLTYPE('3_2W4VcEf62eVBAFB0d_ZY',#6,'Basic Wall:Unit_1',$,$,(#437),$,'1675683',$,.STANDARD.);
#428=IFCPROPERTYSINGLEVALUE('Reference',$,IFCIDENTIFIER('Unit_1'),$);
#429=IFCPROPERTYSET('1zJ59wsiz3fXISIHSdMleN',#6,'Pset_EnvironmentalImpactIndicators',$,(#428));
#430=IFCPROPERTYSINGLEVALUE('Reference',$,IFCLABEL('Unit_1'),$);
#431=IFCPROPERTYSET('1KIU3jeO4Vkf2neyYiZIES',#6,'Pset_ReinforcementBarPitchOfWall',$,(#430));
#432=IFCPROPERTYSET('3HK0gQWEYRZ1VNXpObQ8o2',#6,'Pset_WallCommon',$,(#88,#89,#90,#428));
#433=IFCRELDEFINESBYPROPERTIES('0QW4dWSpCIurIb3a$Jd5ld',#6,$,$,(#426),#429);
#434=IFCRELDEFINESBYPROPERTIES('0ARKNxdx9EbWRqC6g1VRqF',#6,$,$,(#426),#431);
#435=IFCRELDEFINESBYPROPERTIES('0xQ2_$MoqrtoCAY$VEXCT9',#6,$,$,(#426),#432);
#436=IFCPROPERTYSINGLEVALUE('Description',$,IFCTEXT('Generic Wall (Material By Category), 200mm thick'),$);
#437=IFCPROPERTYSET('2GvMRu6Bfg20RoAAIP4hTF',#6,'Pset_ReinforcementBarPitchOfWall',$,(#436));
#438=IFCCARTESIANPOINT((-2300.,950.,0.));
#439=IFCAXIS2PLACEMENT3D(#438,#47,#98);
#440=IFCLOCALPLACEMENT(#24,#439);
#441=IFCCARTESIANPOINTLIST3D(((0.,-8.6629370343881589E-14,0.),(2200.0000000000082,-6.9728993134295681E-27,0.)));
#442=IFCINDEXEDPOLYCURVE(#441,$,.F.);
#443=IFCSHAPEREPRESENTATION(#14,'Axis','Curve3D',(#442));
#444=IFCPRODUCTDEFINITIONSHAPE($,$,(#443,#470));
#445=IFCCARTESIANPOINTLIST2D(((2200.0000000000082,150.00000000000009),(4.3314685171936289E-14,150.),(-4.3314685171936289E-14,-150.),(2200.0000000000082,-149.99999999999991),(2200.0000000000082,150.00000000000009)));
#446=IFCINDEXEDPOLYCURVE(#445,$,.F.);
#447=IFCARBITRARYCLOSEDPROFILEDEF(.AREA.,$,#446);
#448=IFCAXIS2PLACEMENT3D(#10,$,$);
#449=IFCEXTRUDEDAREASOLID(#447,#448,#47,2200.);
#450=IFCSTYLEDITEM(#449,(#51),$);
#451=IFCCOLOURRGBLIST(((0.75294117647058822,0.75294117647058822,0.75294117647058822)));
#452=IFCINDEXEDPOLYGONALFACE((1,2,3,4,5,6,7,8,9,10,11,12));
#453=IFCINDEXEDPOLYGONALFACE((13,14,15,16,17,18,19,20,21,22,23,24,25,26));
#454=IFCINDEXEDPOLYGONALFACE((15,14,2,1));
#455=IFCINDEXEDPOLYGONALFACE((12,11,18,17,16));
#456=IFCINDEXEDPOLYGONALFACE((1,12,16,15));
#457=IFCINDEXEDPOLYGONALFACE((11,10,19,18));
#458=IFCINDEXEDPOLYGONALFACE((6,5,25,24));
#459=IFCINDEXEDPOLYGONALFACE((7,6,24,23));
#460=IFCINDEXEDPOLYGONALFACE((8,7,23,22));
#461=IFCINDEXEDPOLYGONALFACE((9,8,22,21));
#462=IFCINDEXEDPOLYGONALFACE((3,2,14,13));
#463=IFCINDEXEDPOLYGONALFACE((4,3,13,26));
#464=IFCINDEXEDPOLYGONALFACE((5,4,26,25));
#465=IFCINDEXEDPOLYGONALFACE((21,20,19,10,9));
#466=IFCCARTESIANPOINTLIST3D(((-2.7071678232459818E-13,-150.00000000000009,0.),(200.00000000000773,-149.9999999999998,0.),(200.00000000000773,-149.9999999999998,1243.9000000000001),(150.00000000000787,-149.99999999999989,1243.9000000000001),(150.00000000000787,-149.99999999999989,1343.9000000000001),(1750.0000000000082,-150.00000000000014,1343.9000000000001),(1750.0000000000082,-150.00000000000014,1243.9000000000001),(1700.0000000000077,-150.00000000000023,1243.9000000000001),(1700.0000000000077,-150.00000000000023,0.),(2200.0000000000068,-150.,0.),(2200.0000000000068,-150.,2200.),(-2.7071678232459818E-13,-150.00000000000009,2200.),(200.00000000000773,149.99999999999997,1243.9000000000001),(200.00000000000773,149.99999999999997,0.),(2.7071678232459818E-13,150.0000000000002,0.),(4.060751734868973E-13,150.0000000000002,2200.),(1900.0000000000075,150.00000000000009,2200.),(2200.0000000000073,149.99999999999974,2200.),(2200.0000000000073,149.99999999999974,0.),(1900.0000000000075,150.00000000000009,0.),(1700.000000000008,150.00000000000006,0.),(1700.000000000008,150.00000000000006,1243.9000000000001),(1750.0000000000082,150.00000000000014,1243.9000000000001),(1750.0000000000082,150.00000000000014,1343.9000000000001),(150.00000000000787,149.99999999999989,1343.9000000000001),(150.00000000000787,149.99999999999989,1243.9000000000001)));
#467=IFCPOLYGONALFACESET(#466,.T.,(#452,#453,#454,#455,#456,#457,#458,#459,#460,#461,#462,#463,#464,#465),$);
#468=IFCINDEXEDCOLOURMAP(#467,1.,#451,(1,1,1,1,1,1,1,1,1,1,1,1,1,1));
#469=IFCSTYLEDITEM(#467,(#51),$);
#470=IFCSHAPEREPRESENTATION(#15,'Body','Tessellation',(#467));
#471=IFCWALL('3_2W4VcEf62eVBAFB0d_i6',#6,'Basic Wall:Unit_1:1675847',$,$,#440,#444,'1675847',.NOTDEFINED.);
#472=IFCPROPERTYSET('1oU2NjyFKWST3bO72zGk6a',#6,'Pset_EnvironmentalImpactIndicators',$,(#428));
#473=IFCPROPERTYSINGLEVALUE('Reference',$,IFCLABEL('Unit_1'),$);
#474=IFCPROPERTYSET('212qJWzKev7nOeUepw$zIO',#6,'Pset_ReinforcementBarPitchOfWall',$,(#473));
#475=IFCPROPERTYSET('1$6Rg_A8_YyH$ndpbhyEux',#6,'Pset_WallCommon',$,(#88,#89,#90,#428));
#476=IFCRELDEFINESBYPROPERTIES('2qhTQLZi5hQ9L9jnIpK7bI',#6,$,$,(#471),#472);
#477=IFCRELDEFINESBYPROPERTIES('1omJe_9d2n6rzJMVZhJR4x',#6,$,$,(#471),#474);
#478=IFCRELDEFINESBYPROPERTIES('1AjqXSsrrrvi1XoxQ0_3NX',#6,$,$,(#471),#475);
#479=IFCCARTESIANPOINT((-2150.,-1100.,0.));
#480=IFCAXIS2PLACEMENT3D(#479,$,$);
#481=IFCLOCALPLACEMENT(#24,#480);
#482=IFCCARTESIANPOINTLIST3D(((5.5248322923254601E-15,0.,0.),(2150.0000000000059,0.,0.)));
#483=IFCINDEXEDPOLYCURVE(#482,$,.F.);
#484=IFCSHAPEREPRESENTATION(#14,'Axis','Curve3D',(#483));
#485=IFCPRODUCTDEFINITIONSHAPE($,$,(#484,#511));
#486=IFCCARTESIANPOINTLIST2D(((2150.0000000000059,150.),(6.077315521572715E-14,150.),(-6.0773155215726734E-14,-150.00000000000014),(2150.0000000000059,-150.00000000000003),(2150.0000000000059,150.)));
#487=IFCINDEXEDPOLYCURVE(#486,$,.F.);
#488=IFCARBITRARYCLOSEDPROFILEDEF(.AREA.,$,#487);
#489=IFCAXIS2PLACEMENT3D(#10,$,$);
#490=IFCEXTRUDEDAREASOLID(#488,#489,#47,2200.);
#491=IFCSTYLEDITEM(#490,(#51),$);
#492=IFCCOLOURRGBLIST(((0.75294117647058822,0.75294117647058822,0.75294117647058822)));
#493=IFCINDEXEDPOLYGONALFACEWITHVOIDS((1,2,3,4,5),((6,7,8,9,10,11,12,13)));
#494=IFCINDEXEDPOLYGONALFACEWITHVOIDS((14,15,16,17),((18,19,20,21,22,23,24,25)));
#495=IFCINDEXEDPOLYGONALFACE((2,1,15,14));
#496=IFCINDEXEDPOLYGONALFACE((5,4,17,16));
#497=IFCINDEXEDPOLYGONALFACE((1,5,16,15));
#498=IFCINDEXEDPOLYGONALFACE((2,14,17,4,3));
#499=IFCINDEXEDPOLYGONALFACE((18,7,6,19));
#500=IFCINDEXEDPOLYGONALFACE((19,6,13,20));
#501=IFCINDEXEDPOLYGONALFACE((20,13,12,21));
#502=IFCINDEXEDPOLYGONALFACE((21,12,11,22));
#503=IFCINDEXEDPOLYGONALFACE((22,11,10,23));
#504=IFCINDEXEDPOLYGONALFACE((23,10,9,24));
#505=IFCINDEXEDPOLYGONALFACE((24,9,8,25));
#506=IFCINDEXEDPOLYGONALFACE((7,18,25,8));
#507=IFCCARTESIANPOINTLIST3D(((2.1546845940119691E-13,-150.00000000000014,0.),(2150.0000000000059,-150.,0.),(2150.0000000000027,-150.,1650.0000000000005),(2150.0000000000018,-150.,2200.),(2.1546845940119691E-13,-150.00000000000014,2200.),(625.00000000003058,-150.,1500.),(625.00000000003035,-150.,1600.),(1225.0000000000307,-150.,1600.),(1225.0000000000307,-150.,1500.),(1175.0000000000307,-149.99999999999989,1500.),(1175.0000000000307,-149.99999999999989,500.00000000000006),(675.00000000003035,-150.00000000000014,500.00000000000006),(675.00000000003035,-150.00000000000014,1500.),(2150.000000000005,149.99999999999989,0.),(6.6297987508053151E-14,149.99999999999989,0.),(6.6297987508053151E-14,149.99999999999989,2200.),(2150.0000000000009,149.99999999999989,2200.),(625.00000000003035,149.99999999999989,1600.),(625.00000000003058,149.99999999999989,1500.),(675.00000000003035,149.99999999999989,1500.),(675.00000000003035,149.99999999999989,500.00000000000006),(1175.0000000000307,150.,500.00000000000006),(1175.0000000000307,150.,1500.),(1225.0000000000305,150.,1500.),(1225.0000000000305,150.,1600.)));
#508=IFCPOLYGONALFACESET(#507,.T.,(#493,#494,#495,#496,#497,#498,#499,#500,#501,#502,#503,#504,#505,#506),$);
#509=IFCINDEXEDCOLOURMAP(#508,1.,#492,(1,1,1,1,1,1,1,1,1,1,1,1,1,1));
#510=IFCSTYLEDITEM(#508,(#51),$);
#511=IFCSHAPEREPRESENTATION(#15,'Body','Tessellation',(#508));
#512=IFCWALL('3_2W4VcEf62eVBAFB0d_lO',#6,'Basic Wall:Unit_1:1675929',$,$,#481,#485,'1675929',.NOTDEFINED.);
#513=IFCPROPERTYSET('1dtg0QJev57Z19VZdl8dyE',#6,'Pset_EnvironmentalImpactIndicators',$,(#428));
#514=IFCPROPERTYSINGLEVALUE('Reference',$,IFCLABEL('Unit_1'),$);
#515=IFCPROPERTYSET('1tusRlCvI8CH9BkYTu7Ryk',#6,'Pset_ReinforcementBarPitchOfWall',$,(#514));
#516=IFCPROPERTYSET('3mMhk8iAV8q$zjsOWTDMP7',#6,'Pset_WallCommon',$,(#88,#89,#90,#428));
#517=IFCRELDEFINESBYPROPERTIES('1G7FCCqMTM6omLLjYr69xb',#6,$,$,(#512),#513);
#518=IFCRELDEFINESBYPROPERTIES('2gXiUxJSMSPJSVhIrovpXU',#6,$,$,(#512),#515);
#519=IFCRELDEFINESBYPROPERTIES('0_KC1BJLzHEVfHDVoFK31u',#6,$,$,(#512),#516);
#520=IFCAXIS2PLACEMENT3D(#10,$,$);
#521=IFCLOCALPLACEMENT(#24,#520);
#522=IFCCARTESIANPOINTLIST2D(((-950.00000000000159,-1075.0000000000016),(950.00000000000557,-1075.0000000000016),(950.00000000000159,1075.),(-950.00000000000534,1075.0000000000032),(-950.00000000000159,-1075.0000000000016)));
#523=IFCINDEXEDPOLYCURVE(#522,$,.F.);
#524=IFCARBITRARYCLOSEDPROFILEDEF(.AREA.,$,#523);
#525=IFCCARTESIANPOINT((-1075.,0.,2200.));
#526=IFCDIRECTION((0.,0.,-1.));
#527=IFCAXIS2PLACEMENT3D(#525,#526,#198);
#528=IFCEXTRUDEDAREASOLID(#524,#527,#47,300.);
#529=IFCCOLOURRGB($,0.50196078431372548,0.50196078431372548,0.50196078431372548);
#530=IFCSURFACESTYLERENDERING(#529,0.,$,$,$,$,IFCNORMALISEDRATIOMEASURE(0.5),IFCSPECULAREXPONENT(10.),.NOTDEFINED.);
#531=IFCSURFACESTYLE('Default Floor',.BOTH.,(#530));
#532=IFCSTYLEDITEM(#528,(#531),$);
#533=IFCSHAPEREPRESENTATION(#15,'Body','SweptSolid',(#528));
#534=IFCSIUNIT(*,.PLANEANGLEUNIT.,$,.RADIAN.);
#535=IFCDIMENSIONALEXPONENTS(0,0,0,0,0,0,0);
#536=IFCMEASUREWITHUNIT(IFCPLANEANGLEMEASURE(0.017453292519943278),#534);
#537=IFCCONVERSIONBASEDUNIT(#535,.PLANEANGLEUNIT.,'DEGREE',#536);
#538=IFCCARTESIANPOINTLIST2D(((-2150.000000000005,-949.99999999999841),(-2150.0000000000023,950.00000000000875),(-5.4143356464919636E-13,950.00000000000171),(-7.8198634252619052E-14,-950.00000000000523),(-2150.000000000005,-949.99999999999841)));
#539=IFCINDEXEDPOLYCURVE(#538,$,.F.);
#540=IFCSHAPEREPRESENTATION(#17,'FootPrint','Curve2D',(#539));
#541=IFCPRODUCTDEFINITIONSHAPE($,$,(#533,#540));
#542=IFCSLAB('3_2W4VcEf62eVBAFB0d_fO',#6,'Floor:Generic 300mm:1676057',$,$,#521,#541,'1676057',.FLOOR.);
#543=IFCSLABTYPE('2G9mo_Rg17ee$DE9j_ga52',#6,'Floor:Generic 300mm',$,$,(#556),$,'1439244',$,.FLOOR.);
#544=IFCMATERIAL('Timber_floor',$,'Miscellaneous');
#545=IFCPROPERTYSINGLEVALUE('Reference',$,IFCIDENTIFIER('Generic 300mm'),$);
#546=IFCPROPERTYSET('0BjdbaUz7P8LbuIIkUpkJx',#6,'Pset_EnvironmentalImpactIndicators',$,(#545));
#547=IFCPROPERTYSINGLEVALUE('Reference',$,IFCLABEL('Generic 300mm'),$);
#548=IFCPROPERTYSET('1ClKy6G2Q6JW1gdf$dM1Zk',#6,'Pset_ReinforcementBarPitchOfSlab',$,(#547));
#549=IFCPROPERTYSINGLEVALUE('PitchAngle',$,IFCPLANEANGLEMEASURE(0.),$);
#550=IFCPROPERTYSINGLEVALUE('IsExternal',$,IFCBOOLEAN(.F.),$);
#551=IFCPROPERTYSET('33YQrWeaRXtmla2i76KU2g',#6,'Pset_SlabCommon',$,(#89,#545,#549,#550));
#552=IFCRELDEFINESBYPROPERTIES('2Ot9gwHnD0G81MRAM1lChV',#6,$,$,(#542),#546);
#553=IFCRELDEFINESBYPROPERTIES('137_tpW7KksNK9GtCTArE7',#6,$,$,(#542),#548);
#554=IFCRELDEFINESBYPROPERTIES('2ifUJfqd_8yEIjT4FrzczJ',#6,$,$,(#542),#551);
#555=IFCPROPERTYSINGLEVALUE('Description',$,IFCTEXT('Generic Floor (Material By Category), 300mm thick'),$);
#556=IFCPROPERTYSET('0ch2Rz4MMxlBDWQKk_uOQt',#6,'Pset_ReinforcementBarPitchOfSlab',$,(#555));
#557=IFCAXIS2PLACEMENT3D(#10,$,$);
#558=IFCLOCALPLACEMENT(#28,#557);
#559=IFCCARTESIANPOINTLIST2D(((-999.99999999999397,-999.99999999999966),(999.9999999999975,-999.99999999999966),(999.99999999999397,999.99999999999966),(-999.9999999999975,999.99999999999943),(-999.99999999999397,-999.99999999999966)));
#560=IFCINDEXEDPOLYCURVE(#559,$,.F.);
#561=IFCARBITRARYCLOSEDPROFILEDEF(.AREA.,$,#560);
#562=IFCCARTESIANPOINT((1250.,0.,1500.));
#563=IFCAXIS2PLACEMENT3D(#562,#526,#198);
#564=IFCEXTRUDEDAREASOLID(#561,#563,#47,300.);
#565=IFCSTYLEDITEM(#564,(#531),$);
#566=IFCSHAPEREPRESENTATION(#15,'Body','SweptSolid',(#564));
#567=IFCCARTESIANPOINTLIST2D(((249.99999999999596,-999.99999999999034),(249.99999999999892,1000.0000000000011),(2249.9999999999982,999.99999999999466),(2249.999999999995,-999.99999999999682),(249.99999999999596,-999.99999999999034)));
#568=IFCINDEXEDPOLYCURVE(#567,$,.F.);
#569=IFCSHAPEREPRESENTATION(#17,'FootPrint','Curve2D',(#568));
#570=IFCPRODUCTDEFINITIONSHAPE($,$,(#566,#569));
#571=IFCSLAB('3_2W4VcEf62eVBAFB0d_e5',#6,'Floor:Generic 300mm:1676100',$,$,#558,#570,'1676100',.FLOOR.);
#572=IFCPROPERTYSET('1VMKH7aS_jQT8NzKLt_6qC',#6,'Pset_EnvironmentalImpactIndicators',$,(#545));
#573=IFCPROPERTYSINGLEVALUE('Reference',$,IFCLABEL('Generic 300mm'),$);
#574=IFCPROPERTYSET('2vh0Snx8cghpf15nmnGB_S',#6,'Pset_ReinforcementBarPitchOfSlab',$,(#573));
#575=IFCPROPERTYSET('12kCIUEdUW3tZAxA5rMI3I',#6,'Pset_SlabCommon',$,(#89,#545,#549,#550));
#576=IFCRELDEFINESBYPROPERTIES('24kO3ITjDmCRrdTQAA0n3k',#6,$,$,(#571),#572);
#577=IFCRELDEFINESBYPROPERTIES('26Zj$CSfEHIhEW0YnSei_2',#6,$,$,(#571),#574);
#578=IFCRELDEFINESBYPROPERTIES('0_VR1pptlhKo3TCfnCOQaX',#6,$,$,(#571),#575);
#579=IFCAXIS2PLACEMENT3D(#10,$,$);
#580=IFCLOCALPLACEMENT(#28,#579);
#581=IFCCARTESIANPOINTLIST2D(((-899.99999999999238,-899.99999999999875),(899.99999999999886,-899.99999999999875),(899.99999999999238,900.00000000000034),(-899.99999999999886,899.99999999999704),(-899.99999999999238,-899.99999999999875)));
#582=IFCINDEXEDPOLYCURVE(#581,$,.F.);
#583=IFCARBITRARYCLOSEDPROFILEDEF(.AREA.,$,#582);
#584=IFCCARTESIANPOINT((1250.,0.,0.));
#585=IFCAXIS2PLACEMENT3D(#584,#526,#198);
#586=IFCEXTRUDEDAREASOLID(#583,#585,#47,300.);
#587=IFCSTYLEDITEM(#586,(#531),$);
#588=IFCSHAPEREPRESENTATION(#15,'Body','SweptSolid',(#586));
#589=IFCCARTESIANPOINTLIST2D(((350.,-899.99999999999056),(349.99999999999949,900.00000000000057),(2149.9999999999986,899.99999999999466),(2149.9999999999959,-899.99999999999659),(350.,-899.99999999999056)));
#590=IFCINDEXEDPOLYCURVE(#589,$,.F.);
#591=IFCSHAPEREPRESENTATION(#17,'FootPrint','Curve2D',(#590));
#592=IFCPRODUCTDEFINITIONSHAPE($,$,(#588,#591));
#593=IFCSLAB('0e9BrLsovEtgHZrXU2x7Y$',#6,'Floor:Generic 300mm:1676145',$,$,#580,#592,'1676145',.FLOOR.);
#594=IFCPROPERTYSET('0JkZSwjHfgcVlWsJlJ4hWk',#6,'Pset_EnvironmentalImpactIndicators',$,(#545));
#595=IFCPROPERTYSINGLEVALUE('Reference',$,IFCLABEL('Generic 300mm'),$);
#596=IFCPROPERTYSET('0Cv4EKeKuGFGL3P93ch2AJ',#6,'Pset_ReinforcementBarPitchOfSlab',$,(#595));
#597=IFCPROPERTYSET('3bUR18RlFM7v9QiUhKdKPe',#6,'Pset_SlabCommon',$,(#89,#545,#549,#550));
#598=IFCRELDEFINESBYPROPERTIES('1L_r90z85vH0Mc5rzg8zaI',#6,$,$,(#593),#594);
#599=IFCRELDEFINESBYPROPERTIES('1rSVF4VNfGJ$hIwHIm2AF_',#6,$,$,(#593),#596);
#600=IFCRELDEFINESBYPROPERTIES('0PN4ynHhUko_nCRBs0cBfe',#6,$,$,(#593),#597);
#601=IFCCARTESIANPOINTLIST2D(((-150.,-300.00000000000028),(150.,-300.00000000000028),(150.,300.00000000000028),(-150.,300.00000000000028),(-150.,-300.00000000000028)));
#602=IFCINDEXEDPOLYCURVE(#601,$,.F.);
#603=IFCARBITRARYCLOSEDPROFILEDEF(.AREA.,'StoneWindows',#602);
#604=IFCCARTESIANPOINT((300.,150.,1000.));
#605=IFCAXIS2PLACEMENT3D(#604,#47,#198);
#606=IFCEXTRUDEDAREASOLID(#603,#605,#47,100.);
#607=IFCCOLOURRGB($,0.47058823529411764,0.47058823529411764,0.47058823529411764);
#608=IFCSURFACESTYLERENDERING(#607,0.,$,$,$,$,IFCNORMALISEDRATIOMEASURE(0.5),IFCSPECULAREXPONENT(64.),.NOTDEFINED.);
#609=IFCSURFACESTYLE('Bricks',.BOTH.,(#608));
#610=IFCSTYLEDITEM(#606,(#609),$);
#611=IFCSHAPEREPRESENTATION(#15,'Body','SweptSolid',(#606));
#612=IFCAXIS2PLACEMENT3D(#10,$,$);
#613=IFCREPRESENTATIONMAP(#612,#611);
#614=IFCWINDOWLININGPROPERTIES('25mTE1QLT1ERRkrmGjt0gb',#6,'window:StoneWindows:1677174',$,$,$,$,$,$,$,$,$,$,$,$,$);
#615=IFCWINDOWTYPE('3Vrsr2q8M0Ay0YZzT_yBjM',#6,'window:StoneWindows',$,$,(#614),(#613),'1677151',$,.WINDOW.,.NOTDEFINED.,$,$);
#616=IFCMATERIAL('Bricks',$,$);
#617=IFCCARTESIANTRANSFORMATIONOPERATOR3D($,$,#10,1.,$);
#618=IFCMAPPEDITEM(#613,#617);
#619=IFCSHAPEREPRESENTATION(#15,'Body','MappedRepresentation',(#618));
#620=IFCPRODUCTDEFINITIONSHAPE($,$,(#619));
#621=IFCCARTESIANPOINT((-1525.,-1250.,500.));
#622=IFCAXIS2PLACEMENT3D(#621,$,$);
#624=IFCWINDOW('25mTE1QLT1ERRkrmKjt0gb',#6,'window:StoneWindows:1677174',$,$,#1087,#620,'1677174',1100.,600.,.WINDOW.,.NOTDEFINED.,$);
#625=IFCPROPERTYSINGLEVALUE('Reference',$,IFCIDENTIFIER('StoneWindows'),$);
#626=IFCPROPERTYSET('0gbVqTg7Er9UX05gcO$0Lm',#6,'Pset_EnvironmentalImpactIndicators',$,(#625));
#627=IFCPROPERTYSET('1f04QwXdM_9t2aAQb3KiiS',#6,'Pset_WindowCommon',$,(#88,#625));
#628=IFCRELDEFINESBYPROPERTIES('30XGCXx8MfwYVrM3ZWQVR4',#6,$,$,(#624),#626);
#629=IFCRELDEFINESBYPROPERTIES('0KoK3G70FiDwrzkczFM$jw',#6,$,$,(#624),#627);
#630=IFCCARTESIANPOINTLIST2D(((-175.,-300.00000000000028),(175.,-300.00000000000028),(175.,300.00000000000028),(-175.,300.00000000000028),(-175.,-300.00000000000028)));
#631=IFCINDEXEDPOLYCURVE(#630,$,.F.);
#632=IFCARBITRARYCLOSEDPROFILEDEF(.AREA.,'StoneWindows',#631);
#633=IFCCARTESIANPOINT((300.,175.,750.));
#634=IFCAXIS2PLACEMENT3D(#633,#47,#198);
#635=IFCEXTRUDEDAREASOLID(#632,#634,#47,100.);
#636=IFCSTYLEDITEM(#635,(#609),$);
#637=IFCSHAPEREPRESENTATION(#15,'Body','SweptSolid',(#635));
#638=IFCAXIS2PLACEMENT3D(#10,$,$);
#639=IFCREPRESENTATIONMAP(#638,#637);
#640=IFCWINDOWLININGPROPERTIES('25mTE1QLT1ERRkrmGjt3sa',#6,'window:StoneWindows:1679479',$,$,$,$,$,$,$,$,$,$,$,$,$);
#641=IFCWINDOWTYPE('3B0R1NsmY1C77kZ6CIwpza',#6,'window:StoneWindows',$,$,(#640),(#639),'1677151',$,.WINDOW.,.NOTDEFINED.,$,$);
#642=IFCMAPPEDITEM(#639,#617);
#643=IFCSHAPEREPRESENTATION(#15,'Body','MappedRepresentation',(#642));
#644=IFCPRODUCTDEFINITIONSHAPE($,$,(#643));
#645=IFCCARTESIANPOINT((1050.,-900.,493.9195389371518));
#646=IFCAXIS2PLACEMENT3D(#645,#47,#148);
#648=IFCWINDOW('25mTE1QLT1ERRkrmKjt3sa',#6,'window:StoneWindows:1679479',$,$,#952,#644,'1679479',850.,600.,.WINDOW.,.NOTDEFINED.,$);
#649=IFCPROPERTYSET('07ex2LxCvsSyRp3BWy2L$X',#6,'Pset_EnvironmentalImpactIndicators',$,(#625));
#650=IFCPROPERTYSET('223ijZxksZd$2q$TFNSOAf',#6,'Pset_WindowCommon',$,(#88,#625));
#651=IFCRELDEFINESBYPROPERTIES('1ieocsal3taG9hHZdzEsQR',#6,$,$,(#648),#649);
#652=IFCRELDEFINESBYPROPERTIES('2Ex2ary1twZc2y$XgFz2W2',#6,$,$,(#648),#650);
#653=IFCCARTESIANPOINTLIST2D(((-175.,-300.00000000000028),(175.,-300.00000000000028),(175.,300.00000000000028),(-175.,300.00000000000028),(-175.,-300.00000000000028)));
#654=IFCINDEXEDPOLYCURVE(#653,$,.F.);
#655=IFCARBITRARYCLOSEDPROFILEDEF(.AREA.,'StoneWindows',#654);
#656=IFCCARTESIANPOINT((300.,175.,1243.9000000000001));
#657=IFCAXIS2PLACEMENT3D(#656,#47,#198);
#658=IFCEXTRUDEDAREASOLID(#655,#657,#47,100.);
#659=IFCSTYLEDITEM(#658,(#609),$);
#660=IFCSHAPEREPRESENTATION(#15,'Body','SweptSolid',(#658));
#661=IFCAXIS2PLACEMENT3D(#10,$,$);
#662=IFCREPRESENTATIONMAP(#661,#660);
#663=IFCWINDOWLININGPROPERTIES('25mTE1QLT1ERRkrmGjt3rm',#6,'window:StoneWindows:1679523',$,$,$,$,$,$,$,$,$,$,$,$,$);
#664=IFCWINDOWTYPE('0pHCTKPcb3yLozjqEI_pmj',#6,'window:StoneWindows',$,$,(#663),(#662),'1677151',$,.WINDOW.,.NOTDEFINED.,$,$);
#665=IFCMAPPEDITEM(#662,#617);
#666=IFCSHAPEREPRESENTATION(#15,'Body','MappedRepresentation',(#665));
#667=IFCPRODUCTDEFINITIONSHAPE($,$,(#666));
#668=IFCCARTESIANPOINT((2012.3367227056065,-900.,0.019538937147118674));
#669=IFCAXIS2PLACEMENT3D(#668,#47,#148);
#671=IFCWINDOW('25mTE1QLT1ERRkrmKjt3rm',#6,'window:StoneWindows:1679523',$,$,#937,#667,'1679523',1343.9000000000001,600.,.WINDOW.,.NOTDEFINED.,$);
#672=IFCPROPERTYSET('3MTyvlvVvEshKUWIIEif31',#6,'Pset_EnvironmentalImpactIndicators',$,(#625));
#673=IFCPROPERTYSET('3QAxK9vTrp5GF2wGv48ZH3',#6,'Pset_WindowCommon',$,(#88,#625));
#674=IFCRELDEFINESBYPROPERTIES('31Rt_sZ7KK6W2yFCkPeeA2',#6,$,$,(#671),#672);
#675=IFCRELDEFINESBYPROPERTIES('36d1YOAghHFYs3GeQioybt',#6,$,$,(#671),#673);
#676=IFCCARTESIANPOINTLIST2D(((-125.00000000000001,-300.00000000000028),(125.00000000000001,-300.00000000000028),(125.00000000000001,300.00000000000028),(-125.00000000000001,300.00000000000028),(-125.00000000000001,-300.00000000000028)));
#677=IFCINDEXEDPOLYCURVE(#676,$,.F.);
#678=IFCARBITRARYCLOSEDPROFILEDEF(.AREA.,'StoneWindows',#677);
#679=IFCCARTESIANPOINT((300.,125.,750.));
#680=IFCAXIS2PLACEMENT3D(#679,#47,#198);
#681=IFCEXTRUDEDAREASOLID(#678,#680,#47,100.);
#682=IFCSTYLEDITEM(#681,(#609),$);
#683=IFCSHAPEREPRESENTATION(#15,'Body','SweptSolid',(#681));
#684=IFCAXIS2PLACEMENT3D(#10,$,$);
#685=IFCREPRESENTATIONMAP(#684,#683);
#686=IFCWINDOWLININGPROPERTIES('25mTE1QLT1ERRkrmGjt3oU',#6,'window:StoneWindows:1679693',$,$,$,$,$,$,$,$,$,$,$,$,$);
#687=IFCWINDOWTYPE('1Uqn9$M0P7o$2CafctUvGi',#6,'window:StoneWindows',$,$,(#686),(#685),'1677151',$,.WINDOW.,.NOTDEFINED.,$,$);
#688=IFCMAPPEDITEM(#685,#617);
#689=IFCSHAPEREPRESENTATION(#15,'Body','MappedRepresentation',(#688));
#690=IFCPRODUCTDEFINITIONSHAPE($,$,(#689));
#691=IFCCARTESIANPOINT((1050.,-1000.,323.91953893715225));
#692=IFCAXIS2PLACEMENT3D(#691,#47,#148);
#694=IFCWINDOW('25mTE1QLT1ERRkrmKjt3oU',#6,'window:StoneWindows:1679693',$,$,#967,#690,'1679693',850.,600.00000000000023,.WINDOW.,.NOTDEFINED.,$);
#695=IFCPROPERTYSET('1RlZ5AfksjFs13GF9gb2kp',#6,'Pset_EnvironmentalImpactIndicators',$,(#625));
#696=IFCPROPERTYSET('0fK51dCywYdEE4gs_GtqXj',#6,'Pset_WindowCommon',$,(#88,#625));
#697=IFCRELDEFINESBYPROPERTIES('1gnCG$VE7ZQZCLZC9Xz1Ed',#6,$,$,(#694),#695);
#698=IFCRELDEFINESBYPROPERTIES('0bv0YjszRPKLk8KeZtGPAw',#6,$,$,(#694),#696);
#699=IFCMAPPEDITEM(#685,#617);
#700=IFCSHAPEREPRESENTATION(#15,'Body','MappedRepresentation',(#699));
#701=IFCPRODUCTDEFINITIONSHAPE($,$,(#700));
#702=IFCCARTESIANPOINT((2012.3367227056094,-1000.,323.91953893714793));
#703=IFCAXIS2PLACEMENT3D(#702,#47,#148);
#705=IFCWINDOW('25mTE1QLT1ERRkrmKjt3mF',#6,'window:StoneWindows:1679836',$,$,#982,#701,'1679836',850.,600.,.WINDOW.,.NOTDEFINED.,$);
#706=IFCPROPERTYSET('3of4dejd6PeDZART$A9pB2',#6,'Pset_EnvironmentalImpactIndicators',$,(#625));
#707=IFCPROPERTYSET('2SnWwMbMTkC$IYAidXFjP$',#6,'Pset_WindowCommon',$,(#88,#625));
#708=IFCRELDEFINESBYPROPERTIES('0TpYrTrnT58pYovwU0391G',#6,$,$,(#705),#706);
#709=IFCRELDEFINESBYPROPERTIES('2$bxMJB09Tb1UhfSIdeCtZ',#6,$,$,(#705),#707);
#710=IFCMAPPEDITEM(#685,#617);
#711=IFCSHAPEREPRESENTATION(#15,'Body','MappedRepresentation',(#710));
#712=IFCPRODUCTDEFINITIONSHAPE($,$,(#711));
#713=IFCCARTESIANPOINT((1410.,1000.,1973.9195389371496));
#714=IFCAXIS2PLACEMENT3D(#713,$,$);
#716=IFCWINDOW('1DB0Jl8evCsgLKqd9Agqxm',#6,'window:StoneWindows:1681486',$,$,#1027,#712,'1681486',850.,600.,.WINDOW.,.NOTDEFINED.,$);
#717=IFCPROPERTYSET('31xPEtppBfAWtaHWaccDOh',#6,'Pset_EnvironmentalImpactIndicators',$,(#625));
#718=IFCPROPERTYSET('0iezZKo7VwMQOwiB6mU2EF',#6,'Pset_WindowCommon',$,(#88,#625));
#719=IFCRELDEFINESBYPROPERTIES('1OXsntEgiC9RWg26i$Omte',#6,$,$,(#716),#717);
#720=IFCRELDEFINESBYPROPERTIES('2$uRvJqdCrjjitSCY6aKse',#6,$,$,(#716),#718);
#721=IFCMAPPEDITEM(#685,#617);
#722=IFCSHAPEREPRESENTATION(#15,'Body','MappedRepresentation',(#721));
#723=IFCPRODUCTDEFINITIONSHAPE($,$,(#722));
#724=IFCCARTESIANPOINT((447.66327729435199,1000.,323.91953893715282));
#725=IFCAXIS2PLACEMENT3D(#724,$,$);
#727=IFCWINDOW('1DB0Jl8evCsgLKqd9Agqmr',#6,'window:StoneWindows:1682059',$,$,#1042,#723,'1682059',850.,600.,.WINDOW.,.NOTDEFINED.,$);
#728=IFCPROPERTYSET('1keDf54u60Z5c_ik6ZNJv8',#6,'Pset_EnvironmentalImpactIndicators',$,(#625));
#729=IFCPROPERTYSET('3LxnRnSgGNN$89F6rvEgpc',#6,'Pset_WindowCommon',$,(#88,#625));
#730=IFCRELDEFINESBYPROPERTIES('31Nxl_UMs1rzi5Tq9sLGa4',#6,$,$,(#727),#728);
#731=IFCRELDEFINESBYPROPERTIES('1b7soHhcUAEzh8vpi1xlon',#6,$,$,(#727),#729);
#732=IFCMAPPEDITEM(#662,#617);
#733=IFCSHAPEREPRESENTATION(#15,'Body','MappedRepresentation',(#732));
#734=IFCPRODUCTDEFINITIONSHAPE($,$,(#733));
#735=IFCCARTESIANPOINT((1412.336722705367,900.,0.019538937148742976));
#736=IFCAXIS2PLACEMENT3D(#735,$,$);
#738=IFCWINDOW('1DB0Jl8evCsgLKqd9Agqnw',#6,'window:StoneWindows:1682116',$,$,#877,#734,'1682116',1343.9000000000001,600.,.WINDOW.,.NOTDEFINED.,$);
#739=IFCPROPERTYSET('2HantMj$tEzPsoBH23RT1V',#6,'Pset_EnvironmentalImpactIndicators',$,(#625));
#740=IFCPROPERTYSET('283iz5tCobnKYGY3CRNOxa',#6,'Pset_WindowCommon',$,(#88,#625));
#741=IFCRELDEFINESBYPROPERTIES('3M3xXDqt6UOyfNphRhKGfR',#6,$,$,(#738),#739);
#742=IFCRELDEFINESBYPROPERTIES('27wjStS1Gpi4HVhCrJUYkp',#6,$,$,(#738),#740);
#743=IFCMAPPEDITEM(#639,#617);
#744=IFCSHAPEREPRESENTATION(#15,'Body','MappedRepresentation',(#743));
#745=IFCPRODUCTDEFINITIONSHAPE($,$,(#744));
#746=IFCCARTESIANPOINT((450.,900.,493.91953893715208));
#747=IFCAXIS2PLACEMENT3D(#746,$,$);
#749=IFCWINDOW('1DB0Jl8evCsgLKqd9Agqt3',#6,'window:StoneWindows:1682301',$,$,#892,#745,'1682301',850.,600.00000000000011,.WINDOW.,.NOTDEFINED.,$);
#750=IFCPROPERTYSET('3WXmOcLVlF5L3Mz9Cu7oHp',#6,'Pset_EnvironmentalImpactIndicators',$,(#625));
#751=IFCPROPERTYSET('3xqpoP4uz29NNoc7_meNx4',#6,'Pset_WindowCommon',$,(#88,#625));
#752=IFCRELDEFINESBYPROPERTIES('0vnY4AbfFDXyyAj$fVu_sl',#6,$,$,(#749),#750);
#753=IFCRELDEFINESBYPROPERTIES('0Vy0B2cmzWDlL$YDjQgGoI',#6,$,$,(#749),#751);
#754=IFCMAPPEDITEM(#613,#617);
#755=IFCSHAPEREPRESENTATION(#15,'Body','MappedRepresentation',(#754));
#756=IFCPRODUCTDEFINITIONSHAPE($,$,(#755));
#757=IFCCARTESIANPOINT((-1525.,950.,500.));
#758=IFCAXIS2PLACEMENT3D(#757,$,$);
#760=IFCWINDOW('0V6WjWO2r4QeSDEs0D36aT',#6,'window:StoneWindows:1682818',$,$,#1057,#756,'1682818',1100.,600.,.WINDOW.,.NOTDEFINED.,$);
#761=IFCPROPERTYSET('2ea2PyRYVMqWnTt5ZBrsA2',#6,'Pset_EnvironmentalImpactIndicators',$,(#625));
#762=IFCPROPERTYSET('2A4d0aKeULtc4D7vNZARZQ',#6,'Pset_WindowCommon',$,(#88,#625));
#763=IFCRELDEFINESBYPROPERTIES('0DjRpq1Im2JiSyzntpGw74',#6,$,$,(#760),#761);
#764=IFCRELDEFINESBYPROPERTIES('3SU_U45wpWQQzQAIcrBAKX',#6,$,$,(#760),#762);
#765=IFCCARTESIANPOINTLIST2D(((-150.,-800.00000000000057),(150.,-800.00000000000057),(150.,800.00000000000057),(-150.,800.00000000000057),(-150.,-800.00000000000057)));
#766=IFCINDEXEDPOLYCURVE(#765,$,.F.);
#767=IFCARBITRARYCLOSEDPROFILEDEF(.AREA.,'Big_Door',#766);
#768=IFCCARTESIANPOINT((800.,150.,1243.9000000000001));
#769=IFCAXIS2PLACEMENT3D(#768,#47,#198);
#770=IFCEXTRUDEDAREASOLID(#767,#769,#47,100.);
#771=IFCSTYLEDITEM(#770,(#609),$);
#772=IFCSHAPEREPRESENTATION(#15,'Body','SweptSolid',(#770));
#773=IFCAXIS2PLACEMENT3D(#10,$,$);
#774=IFCREPRESENTATIONMAP(#773,#772);
#775=IFCWINDOWLININGPROPERTIES('1Uwl_9ABb40BDIFReE4iO4',#6,'window:Big_Door:1683031',$,$,$,$,$,$,$,$,$,$,$,$,$);
#776=IFCWINDOWTYPE('1QJ7Ys$jbKwNtlN57wI6AI',#6,'window:Big_Door',$,$,(#775),(#774),'1683311',$,.WINDOW.,.NOTDEFINED.,$,$);
#777=IFCMAPPEDITEM(#774,#617);
#778=IFCSHAPEREPRESENTATION(#15,'Body','MappedRepresentation',(#777));
#779=IFCPRODUCTDEFINITIONSHAPE($,$,(#778));
#780=IFCCARTESIANPOINT((-2150.,-800.,0.));
#781=IFCAXIS2PLACEMENT3D(#780,#47,#198);
#783=IFCWINDOW('1Uwl_9ABb40BDIFRiE4iO4',#6,'window:Big_Door:1683031',$,$,#1072,#779,'1683031',1343.9000000000001,1600.0000000000005,.WINDOW.,.NOTDEFINED.,$);
#784=IFCPROPERTYSINGLEVALUE('Reference',$,IFCIDENTIFIER('Big_Door'),$);
#785=IFCPROPERTYSET('2SVyi2bOEEUJzfLh4XT2Pq',#6,'Pset_EnvironmentalImpactIndicators',$,(#784));
#786=IFCPROPERTYSET('0QmdIo2hsVSqJ2$$G57olr',#6,'Pset_WindowCommon',$,(#88,#784));
#787=IFCRELDEFINESBYPROPERTIES('0MVNyJPVgFvWmyUdj1zRYD',#6,$,$,(#783),#785);
#788=IFCRELDEFINESBYPROPERTIES('2lyF3cwlFBC4nROZniiCk4',#6,$,$,(#783),#786);
#789=IFCMAPPEDITEM(#685,#617);
#790=IFCSHAPEREPRESENTATION(#15,'Body','MappedRepresentation',(#789));
#791=IFCPRODUCTDEFINITIONSHAPE($,$,(#790));
#792=IFCCARTESIANPOINT((2250.,-200.,1973.9195389370425));
#793=IFCAXIS2PLACEMENT3D(#792,#47,#98);
#795=IFCWINDOW('3rDozoXNb0Zfoi8_Hn8YHx',#6,'window:StoneWindows:1683418',$,$,#1012,#791,'1683418',850.,600.00000000000023,.WINDOW.,.NOTDEFINED.,$);
#796=IFCPROPERTYSET('0jT1LPpM6BgvimuBWvEEvc',#6,'Pset_EnvironmentalImpactIndicators',$,(#625));
#797=IFCPROPERTYSET('3TNxG9UhiLbUVTlPgMrixS',#6,'Pset_WindowCommon',$,(#88,#625));
#798=IFCRELDEFINESBYPROPERTIES('29exd$dHXv1_Zh3EGYOEKF',#6,$,$,(#795),#796);
#799=IFCRELDEFINESBYPROPERTIES('17LNuMKsyVIKvZPPvf_aNl',#6,$,$,(#795),#797);
#800=IFCMAPPEDITEM(#685,#617);
#801=IFCSHAPEREPRESENTATION(#15,'Body','MappedRepresentation',(#800));
#802=IFCPRODUCTDEFINITIONSHAPE($,$,(#801));
#803=IFCCARTESIANPOINT((2250.,800.,1973.9195389370429));
#804=IFCAXIS2PLACEMENT3D(#803,#47,#98);
#806=IFCWINDOW('3rDozoXNb0Zfoi8_Hn8Zku',#6,'window:StoneWindows:1683481',$,$,#997,#802,'1683481',850.,600.,.WINDOW.,.NOTDEFINED.,$);
#807=IFCPROPERTYSET('2nejJOFZMni6HoPbHWBGdP',#6,'Pset_EnvironmentalImpactIndicators',$,(#625));
#808=IFCPROPERTYSET('0pFkv2EmggSi_kvDwpOTSt',#6,'Pset_WindowCommon',$,(#88,#625));
#809=IFCRELDEFINESBYPROPERTIES('3CGa5kPtw7pg3g0u3m$1Lj',#6,$,$,(#806),#807);
#810=IFCRELDEFINESBYPROPERTIES('0XINbwyGAXOfFNu$gyh_S7',#6,$,$,(#806),#808);
#811=IFCMAPPEDITEM(#639,#617);
#812=IFCSHAPEREPRESENTATION(#15,'Body','MappedRepresentation',(#811));
#813=IFCPRODUCTDEFINITIONSHAPE($,$,(#812));
#814=IFCCARTESIANPOINT((2150.,-200.,493.91953893704488));
#815=IFCAXIS2PLACEMENT3D(#814,#47,#98);
#817=IFCWINDOW('3rDozoXNb0Zfoi8_Hn8Zja',#6,'window:StoneWindows:1683653',$,$,#907,#813,'1683653',850.,600.,.WINDOW.,.NOTDEFINED.,$);
#818=IFCPROPERTYSET('1MpmRn$iD26XfOLBfJUlNP',#6,'Pset_EnvironmentalImpactIndicators',$,(#625));
#819=IFCPROPERTYSET('1LdPF_NCZCtdgP7l9xMeZe',#6,'Pset_WindowCommon',$,(#88,#625));
#820=IFCRELDEFINESBYPROPERTIES('0FkWyBE079UALy9s8y43B8',#6,$,$,(#817),#818);
#821=IFCRELDEFINESBYPROPERTIES('2JWvGhdi52_qvuiPuHz66_',#6,$,$,(#817),#819);
#822=IFCMAPPEDITEM(#639,#617);
#823=IFCSHAPEREPRESENTATION(#15,'Body','MappedRepresentation',(#822));
#824=IFCPRODUCTDEFINITIONSHAPE($,$,(#823));
#825=IFCCARTESIANPOINT((2150.,800.,493.91953893704539));
#826=IFCAXIS2PLACEMENT3D(#825,#47,#98);
#828=IFCWINDOW('3rDozoXNb0Zfoi8_Hn8Zjd',#6,'window:StoneWindows:1683654',$,$,#922,#824,'1683654',850.,600.00000000000023,.WINDOW.,.NOTDEFINED.,$);
#829=IFCPROPERTYSET('3Ree65wp3$EGRmT$y0XqE1',#6,'Pset_EnvironmentalImpactIndicators',$,(#625));
#830=IFCPROPERTYSET('0qJ_bbCzoZdzcfC6R2gzuB',#6,'Pset_WindowCommon',$,(#88,#625));
#831=IFCRELDEFINESBYPROPERTIES('3rVfB67TJqc7GX6ZRHwv4z',#6,$,$,(#828),#829);
#832=IFCRELDEFINESBYPROPERTIES('31uGqsQ8khXtY6IPdQF1mO',#6,$,$,(#828),#830);
#833=IFCPROPERTYSINGLEVALUE('Reference',$,IFCIDENTIFIER('8mm Head'),$);
#834=IFCPROPERTYSINGLEVALUE('AboveGround',$,IFCLOGICAL(.U.),$);
#835=IFCPROPERTYSET('16L50AfyZF4hYq5TGET4H4',#6,'Pset_BuildingStoreyCommon',$,(#833,#834));
#836=IFCRELDEFINESBYPROPERTIES('2VdfSfkgzGoZi_3SgzE8$0',#6,$,$,(#25),#835);
#837=IFCRELCONTAINEDINSPATIALSTRUCTURE('2JF4e6axWHqu3u0C5FZlmi',#6,$,$,(#81,#139,#189,#212,#426,#471,#512,#542,#624,#648,#671,#716,#738,#749,#760,#783,#795,#806,#817,#828),#25);
#838=IFCPROPERTYSET('1n34enW33Z_3Qq2Pm1kjQZ',#6,'Pset_BuildingStoreyCommon',$,(#833,#834));
#839=IFCRELDEFINESBYPROPERTIES('36oM8gyLQ5_Z6XoGK5uP1E',#6,$,$,(#29),#838);
#840=IFCRELCONTAINEDINSPATIALSTRUCTURE('1ZGO8hrFCHqw0v0066FpFv',#6,$,$,(#234,#287,#336,#385,#571,#593,#694,#705,#727),#29);
#841=IFCRELAGGREGATES('176GA1YSbiqhElWbqirmTq',#6,$,$,#18,(#32));
#842=IFCRELAGGREGATES('2QoY2GRBg$squtaDwxJ0UX',#6,$,$,#32,(#22));
#843=IFCRELAGGREGATES('1yhDISh1T5aQqAoygxGIhP',#6,$,$,#22,(#25,#29));
#844=IFCPROPERTYSINGLEVALUE('NumberOfStoreys',$,IFCINTEGER(2),$);
#845=IFCPROPERTYSINGLEVALUE('IsLandmarked',$,IFCLOGICAL(.U.),$);
#846=IFCPROPERTYSET('3xAIFmhcZNGYJ2E_G2jaNa',#6,'Pset_BuildingCommon',$,(#33,#844,#845));
#847=IFCRELDEFINESBYPROPERTIES('368ncQ4iikP1rEGFfG2zG9',#6,$,$,(#22),#846);
#848=IFCRELASSOCIATESMATERIAL('24afK8w6l6Xxzg9QQnEzKK',#6,$,$,(#81,#139,#189,#212,#234,#287,#336,#385,#426,#471,#512),#82);
#849=IFCRELASSOCIATESMATERIAL('2GmdwJZNtIJN2i6yK6cjsf',#6,$,$,(#542,#543,#571,#593),#544);
#850=IFCRELASSOCIATESMATERIAL('2VQz6Q4$Eg9G2s9xUBCn2w',#6,$,$,(#615,#624,#641,#648,#664,#671,#687,#694,#705,#716,#727,#738,#749,#760,#776,#783,#795,#806,#817,#828),#616);
#851=IFCRELDEFINESBYTYPE('0MSq_ijuC5q4PUKv4QkOsA',#6,$,$,(#81,#139,#189,#212),#83);
#852=IFCRELDEFINESBYTYPE('3BuCMS0dz_$i6q1YKm$EQo',#6,$,$,(#234,#287,#336,#385),#235);
#853=IFCRELDEFINESBYTYPE('2V$7wBsNuwVziQx9$DxRuK',#6,$,$,(#426,#471,#512),#427);
#854=IFCRELDEFINESBYTYPE('1bgurferyyrfEx97ISVVLa',#6,$,$,(#542,#571,#593),#543);
#855=IFCRELDEFINESBYTYPE('3SIqCNIb0JShRLsrvQ7mof',#6,$,$,(#624,#760),#615);
#856=IFCRELDEFINESBYTYPE('21g2Tv$AX0gJN46xwMcwLb',#6,$,$,(#648,#749,#817,#828),#641);
#857=IFCRELDEFINESBYTYPE('1YgaBdbQfAyfeKBdxqnqxG',#6,$,$,(#671,#738),#664);
#858=IFCRELDEFINESBYTYPE('395iigQdjDyralAeodvim7',#6,$,$,(#694,#705,#716,#727,#795,#806),#687);
#859=IFCRELDEFINESBYTYPE('2GVQlySIRllSnwyPSns4Wa',#6,$,$,(#783),#776);
#860=IFCPRESENTATIONLAYERASSIGNMENT('A-WALL',$,(#41,#80,#103,#138,#153,#188,#203,#211,#225,#233,#251,#286,#300,#335,#349,#384,#398,#425,#443,#470,#484,#511),$);
#861=IFCPRESENTATIONLAYERASSIGNMENT('A-FLOR',$,(#533,#566,#588),$);
#862=IFCPRESENTATIONLAYERASSIGNMENT('A-GLAZ',$,(#611,#619,#637,#643,#660,#666,#683,#689,#700,#711,#722,#733,#744,#755,#772,#778,#790,#801,#812,#823),$);
#863=IFCCARTESIANPOINTLIST2D(((1343.9000000000001,600.),(1243.9000000000001,600.),(1243.9000000000001,550.00000000000034),(0.,550.00000000000034),(0.,50.),(1243.9000000000001,50.),(1243.9000000000001,-1.0993136434827584E-28),(1343.9000000000001,-1.0993136434827584E-28),(1343.9000000000001,600.)));
#864=IFCINDEXEDPOLYCURVE(#863,$,.F.);
#865=IFCARBITRARYCLOSEDPROFILEDEF(.AREA.,$,#864);
#866=IFCAXIS2PLACEMENT3D(#10,#198,#47);
#867=IFCEXTRUDEDAREASOLID(#865,#866,#47,350.);
#868=IFCSHAPEREPRESENTATION(#15,'Body','SweptSolid',(#867));
#869=IFCPRODUCTDEFINITIONSHAPE($,$,(#868));
#870=IFCCARTESIANPOINT((1412.336722705367,-175.,0.019538937148742976));
#871=IFCAXIS2PLACEMENT3D(#870,$,$);
#872=IFCLOCALPLACEMENT(#38,#871);
#873=IFCOPENINGELEMENT('0C0g29gHmqJUxw4qmz32ws',#6,'window:StoneWindows:1682116:1',$,$,#872,#869,'1682116',.OPENING.);
#874=IFCRELVOIDSELEMENT('1DB0Jl8evCsgLKqcPAgqnw',#6,$,$,#81,#873);
#875=IFCRELFILLSELEMENT('3KR_qolsJDMIaf9_kGNsTl',#6,$,$,#873,#738);
#876=IFCAXIS2PLACEMENT3D(#10,$,$);
#877=IFCLOCALPLACEMENT(#872,#876);
#878=IFCCARTESIANPOINTLIST2D(((850.,600.),(750.,600.),(750.,550.00000000000023),(0.,550.00000000000023),(0.,49.999999999999801),(750.,49.999999999999801),(750.,0.),(850.,0.),(850.,600.)));
#879=IFCINDEXEDPOLYCURVE(#878,$,.F.);
#880=IFCARBITRARYCLOSEDPROFILEDEF(.AREA.,$,#879);
#881=IFCAXIS2PLACEMENT3D(#10,#198,#47);
#882=IFCEXTRUDEDAREASOLID(#880,#881,#47,350.);
#883=IFCSHAPEREPRESENTATION(#15,'Body','SweptSolid',(#882));
#884=IFCPRODUCTDEFINITIONSHAPE($,$,(#883));
#885=IFCCARTESIANPOINT((450.,-175.,493.91953893715208));
#886=IFCAXIS2PLACEMENT3D(#885,$,$);
#887=IFCLOCALPLACEMENT(#38,#886);
#888=IFCOPENINGELEMENT('3OMosx86Cyb9bM$$kKpwbp',#6,'window:StoneWindows:1682301:1',$,$,#887,#884,'1682301',.OPENING.);
#889=IFCRELVOIDSELEMENT('1DB0Jl8evCsgLKqcPAgqt3',#6,$,$,#81,#888);
#890=IFCRELFILLSELEMENT('39oEsK6wmWp880Jj1HMteC',#6,$,$,#888,#749);
#891=IFCAXIS2PLACEMENT3D(#10,$,$);
#892=IFCLOCALPLACEMENT(#887,#891);
#893=IFCCARTESIANPOINTLIST2D(((850.,600.),(750.,600.00000000000023),(750.,550.00000000000023),(0.,550.00000000000023),(0.,49.999999999999865),(750.,49.999999999999865),(750.,-3.0780782017517337E-28),(850.,-3.0780782017517337E-28),(850.,600.)));
#894=IFCINDEXEDPOLYCURVE(#893,$,.F.);
#895=IFCARBITRARYCLOSEDPROFILEDEF(.AREA.,$,#894);
#896=IFCAXIS2PLACEMENT3D(#10,#198,#47);
#897=IFCEXTRUDEDAREASOLID(#895,#896,#47,350.);
#898=IFCSHAPEREPRESENTATION(#15,'Body','SweptSolid',(#897));
#899=IFCPRODUCTDEFINITIONSHAPE($,$,(#898));
#900=IFCCARTESIANPOINT((1100.,-175.,493.91953893704488));
#901=IFCAXIS2PLACEMENT3D(#900,$,$);
#902=IFCLOCALPLACEMENT(#100,#901);
#903=IFCOPENINGELEMENT('21MTNbsenS3GkypaxdiIxQ',#6,'window:StoneWindows:1683653:1',$,$,#902,#899,'1683653',.OPENING.);
#904=IFCRELVOIDSELEMENT('3rDozoXNb0Zfoi8$1n8Zja',#6,$,$,#139,#903);
#905=IFCRELFILLSELEMENT('1nlEE42W86F1aFR7yFqC6m',#6,$,$,#903,#817);
#906=IFCAXIS2PLACEMENT3D(#10,$,$);
#907=IFCLOCALPLACEMENT(#902,#906);
#908=IFCCARTESIANPOINTLIST2D(((850.,600.00000000000023),(750.,600.00000000000023),(750.,550.00000000000034),(0.,550.00000000000034),(0.,49.999999999999837),(750.,49.999999999999837),(750.,1.0151879337172402E-13),(850.,1.0151879337172402E-13),(850.,600.00000000000023)));
#909=IFCINDEXEDPOLYCURVE(#908,$,.F.);
#910=IFCARBITRARYCLOSEDPROFILEDEF(.AREA.,$,#909);
#911=IFCAXIS2PLACEMENT3D(#10,#198,#47);
#912=IFCEXTRUDEDAREASOLID(#910,#911,#47,350.);
#913=IFCSHAPEREPRESENTATION(#15,'Body','SweptSolid',(#912));
#914=IFCPRODUCTDEFINITIONSHAPE($,$,(#913));
#915=IFCCARTESIANPOINT((100.,-175.,493.91953893704539));
#916=IFCAXIS2PLACEMENT3D(#915,$,$);
#917=IFCLOCALPLACEMENT(#100,#916);
#918=IFCOPENINGELEMENT('0lpBQ1MVD41AglXaT$N_Td',#6,'window:StoneWindows:1683654:1',$,$,#917,#914,'1683654',.OPENING.);
#919=IFCRELVOIDSELEMENT('3rDozoXNb0Zfoi8$1n8Zjd',#6,$,$,#139,#918);
#920=IFCRELFILLSELEMENT('1$8ZQGnFMs7_oxhPLHn4YK',#6,$,$,#918,#828);
#921=IFCAXIS2PLACEMENT3D(#10,$,$);
#922=IFCLOCALPLACEMENT(#917,#921);
#923=IFCCARTESIANPOINTLIST2D(((1343.9000000000001,600.),(1243.9000000000001,600.),(1243.9000000000001,550.00000000000034),(0.,550.00000000000034),(0.,50.),(1243.9000000000001,50.),(1243.9000000000001,0.),(1343.9000000000001,0.),(1343.9000000000001,600.)));
#924=IFCINDEXEDPOLYCURVE(#923,$,.F.);
#925=IFCARBITRARYCLOSEDPROFILEDEF(.AREA.,$,#924);
#926=IFCAXIS2PLACEMENT3D(#10,#198,#47);
#927=IFCEXTRUDEDAREASOLID(#925,#926,#47,350.);
#928=IFCSHAPEREPRESENTATION(#15,'Body','SweptSolid',(#927));
#929=IFCPRODUCTDEFINITIONSHAPE($,$,(#928));
#930=IFCCARTESIANPOINT((137.66327729439377,-175.,0.019538937147118674));
#931=IFCAXIS2PLACEMENT3D(#930,$,$);
#932=IFCLOCALPLACEMENT(#150,#931);
#933=IFCOPENINGELEMENT('2VfwMLsbbuLLY78hoIyUxa',#6,'window:StoneWindows:1679523:1',$,$,#932,#929,'1679523',.OPENING.);
#934=IFCRELVOIDSELEMENT('25mTE1QLT1ERRkrn4jt3rm',#6,$,$,#189,#933);
#935=IFCRELFILLSELEMENT('11JM6aZVeqgvWlQfaGARQw',#6,$,$,#933,#671);
#936=IFCAXIS2PLACEMENT3D(#10,$,$);
#937=IFCLOCALPLACEMENT(#932,#936);
#938=IFCCARTESIANPOINTLIST2D(((850.,600.),(750.,599.99999999999989),(750.,550.00000000000023),(0.,550.00000000000023),(0.,49.999999999999865),(750.,49.999999999999865),(750.,-1.0993136434827602E-28),(850.,-1.0993136434827602E-28),(850.,600.)));
#939=IFCINDEXEDPOLYCURVE(#938,$,.F.);
#940=IFCARBITRARYCLOSEDPROFILEDEF(.AREA.,$,#939);
#941=IFCAXIS2PLACEMENT3D(#10,#198,#47);
#942=IFCEXTRUDEDAREASOLID(#940,#941,#47,350.);
#943=IFCSHAPEREPRESENTATION(#15,'Body','SweptSolid',(#942));
#944=IFCPRODUCTDEFINITIONSHAPE($,$,(#943));
#945=IFCCARTESIANPOINT((1100.,-175.,493.9195389371518));
#946=IFCAXIS2PLACEMENT3D(#945,$,$);
#947=IFCLOCALPLACEMENT(#150,#946);
#948=IFCOPENINGELEMENT('3YGr60lUJ8vliU9O_rs8R8',#6,'window:StoneWindows:1679479:1',$,$,#947,#944,'1679479',.OPENING.);
#949=IFCRELVOIDSELEMENT('25mTE1QLT1ERRkrn4jt3sa',#6,$,$,#189,#948);
#950=IFCRELFILLSELEMENT('3a9oXDIEnZIS7nZaexkC6E',#6,$,$,#948,#648);
#951=IFCAXIS2PLACEMENT3D(#10,$,$);
#952=IFCLOCALPLACEMENT(#947,#951);
#953=IFCCARTESIANPOINTLIST2D(((850.,600.00000000000023),(750.,600.00000000000023),(750.,550.00000000000034),(0.,550.00000000000034),(0.,49.999999999999865),(750.,49.999999999999865),(750.,1.3535839116229909E-13),(850.,1.3535839116229909E-13),(850.,600.00000000000023)));
#954=IFCINDEXEDPOLYCURVE(#953,$,.F.);
#955=IFCARBITRARYCLOSEDPROFILEDEF(.AREA.,$,#954);
#956=IFCAXIS2PLACEMENT3D(#10,#98,#47);
#957=IFCEXTRUDEDAREASOLID(#955,#956,#47,250.00000000000003);
#958=IFCSHAPEREPRESENTATION(#15,'Body','SweptSolid',(#957));
#959=IFCPRODUCTDEFINITIONSHAPE($,$,(#958));
#960=IFCCARTESIANPOINT((800.,125.,323.91953893715225));
#961=IFCAXIS2PLACEMENT3D(#960,$,$);
#962=IFCLOCALPLACEMENT(#248,#961);
#963=IFCOPENINGELEMENT('019j25_kx1IHtrTxzw6aY1',#6,'window:StoneWindows:1679693:1',$,$,#962,#959,'1679693',.OPENING.);
#964=IFCRELVOIDSELEMENT('25mTE1QLT1ERRkrn4jt3oU',#6,$,$,#287,#963);
#965=IFCRELFILLSELEMENT('2WJ6Iyqdfb9H2IanCvb9OT',#6,$,$,#963,#694);
#966=IFCAXIS2PLACEMENT3D(#10,#47,#148);
#967=IFCLOCALPLACEMENT(#962,#966);
#968=IFCCARTESIANPOINTLIST2D(((850.,600.),(750.,600.),(750.,550.00000000000034),(0.,550.00000000000034),(0.,50.),(750.,50.),(750.,0.),(850.,0.),(850.,600.)));
#969=IFCINDEXEDPOLYCURVE(#968,$,.F.);
#970=IFCARBITRARYCLOSEDPROFILEDEF(.AREA.,$,#969);
#971=IFCAXIS2PLACEMENT3D(#10,#98,#47);
#972=IFCEXTRUDEDAREASOLID(#970,#971,#47,250.00000000000003);
#973=IFCSHAPEREPRESENTATION(#15,'Body','SweptSolid',(#972));
#974=IFCPRODUCTDEFINITIONSHAPE($,$,(#973));
#975=IFCCARTESIANPOINT((1762.3367227056094,125.,323.91953893714793));
#976=IFCAXIS2PLACEMENT3D(#975,$,$);
#977=IFCLOCALPLACEMENT(#248,#976);
#978=IFCOPENINGELEMENT('2aK$JycjEvjyUN3If4jrl$',#6,'window:StoneWindows:1679836:1',$,$,#977,#974,'1679836',.OPENING.);
#979=IFCRELVOIDSELEMENT('25mTE1QLT1ERRkrn4jt3mF',#6,$,$,#287,#978);
#980=IFCRELFILLSELEMENT('0PxL2XhynjyOylxJWYPsZm',#6,$,$,#978,#705);
#981=IFCAXIS2PLACEMENT3D(#10,#47,#148);
#982=IFCLOCALPLACEMENT(#977,#981);
#983=IFCCARTESIANPOINTLIST2D(((850.,600.),(750.,599.99999999999989),(750.,550.),(0.,550.),(0.,50.),(750.,50.),(750.,-3.0780782017517333E-28),(850.,-3.0780782017517333E-28),(850.,600.)));
#984=IFCINDEXEDPOLYCURVE(#983,$,.F.);
#985=IFCARBITRARYCLOSEDPROFILEDEF(.AREA.,$,#984);
#986=IFCAXIS2PLACEMENT3D(#10,#98,#47);
#987=IFCEXTRUDEDAREASOLID(#985,#986,#47,250.00000000000003);
#988=IFCSHAPEREPRESENTATION(#15,'Body','SweptSolid',(#987));
#989=IFCPRODUCTDEFINITIONSHAPE($,$,(#988));
#990=IFCCARTESIANPOINT((1800.,125.,323.91953893704289));
#991=IFCAXIS2PLACEMENT3D(#990,$,$);
#992=IFCLOCALPLACEMENT(#297,#991);
#993=IFCOPENINGELEMENT('00tOTvMGmuurZagOYL$QXW',#6,'window:StoneWindows:1683481:1',$,$,#992,#989,'1683481',.OPENING.);
#994=IFCRELVOIDSELEMENT('3rDozoXNb0Zfoi8$1n8Zku',#6,$,$,#336,#993);
#995=IFCRELFILLSELEMENT('2zZQSa1omTgF0QXuZ30gfN',#6,$,$,#993,#806);
#996=IFCAXIS2PLACEMENT3D(#10,#47,#148);
#997=IFCLOCALPLACEMENT(#992,#996);
#998=IFCCARTESIANPOINTLIST2D(((850.,600.),(750.,600.00000000000023),(750.,550.00000000000034),(0.,550.00000000000034),(0.,49.999999999999865),(750.,49.999999999999865),(750.,-3.0780782017517333E-28),(850.,-3.0780782017517333E-28),(850.,600.)));
#999=IFCINDEXEDPOLYCURVE(#998,$,.F.);
#1000=IFCARBITRARYCLOSEDPROFILEDEF(.AREA.,$,#999);
#1001=IFCAXIS2PLACEMENT3D(#10,#98,#47);
#1002=IFCEXTRUDEDAREASOLID(#1000,#1001,#47,250.00000000000003);
#1003=IFCSHAPEREPRESENTATION(#15,'Body','SweptSolid',(#1002));
#1004=IFCPRODUCTDEFINITIONSHAPE($,$,(#1003));
#1005=IFCCARTESIANPOINT((800.,125.,323.91953893704238));
#1006=IFCAXIS2PLACEMENT3D(#1005,$,$);
#1007=IFCLOCALPLACEMENT(#297,#1006);
#1008=IFCOPENINGELEMENT('2$BSOO9UAPqgMHPRPGFahQ',#6,'window:StoneWindows:1683418:1',$,$,#1007,#1004,'1683418',.OPENING.);
#1009=IFCRELVOIDSELEMENT('3rDozoXNb0Zfoi8$1n8YHx',#6,$,$,#336,#1008);
#1010=IFCRELFILLSELEMENT('3xeiVeS7AaOFlyY9zAPDA5',#6,$,$,#1008,#795);
#1011=IFCAXIS2PLACEMENT3D(#10,#47,#148);
#1012=IFCLOCALPLACEMENT(#1007,#1011);
#1013=IFCCARTESIANPOINTLIST2D(((850.,600.),(750.,600.),(750.,550.00000000000034),(0.,550.00000000000034),(0.,50.),(750.,50.),(750.,0.),(850.,0.),(850.,600.)));
#1014=IFCINDEXEDPOLYCURVE(#1013,$,.F.);
#1015=IFCARBITRARYCLOSEDPROFILEDEF(.AREA.,$,#1014);
#1016=IFCAXIS2PLACEMENT3D(#10,#98,#47);
#1017=IFCEXTRUDEDAREASOLID(#1015,#1016,#47,250.00000000000003);
#1018=IFCSHAPEREPRESENTATION(#15,'Body','SweptSolid',(#1017));
#1019=IFCPRODUCTDEFINITIONSHAPE($,$,(#1018));
#1020=IFCCARTESIANPOINT((840.,125.,323.91953893714958));
#1021=IFCAXIS2PLACEMENT3D(#1020,$,$);
#1022=IFCLOCALPLACEMENT(#346,#1021);
#1023=IFCOPENINGELEMENT('3IZDiZB$dH_W4khupQTC6m',#6,'window:StoneWindows:1681486:1',$,$,#1022,#1019,'1681486',.OPENING.);
#1024=IFCRELVOIDSELEMENT('1DB0Jl8evCsgLKqcPAgqxm',#6,$,$,#385,#1023);
#1025=IFCRELFILLSELEMENT('108cwl5xdcWFyQOjAqa7dQ',#6,$,$,#1023,#716);
#1026=IFCAXIS2PLACEMENT3D(#10,#47,#148);
#1027=IFCLOCALPLACEMENT(#1022,#1026);
#1028=IFCCARTESIANPOINTLIST2D(((850.,600.00000000000034),(750.,600.00000000000034),(750.,550.00000000000057),(0.,550.00000000000057),(0.,50.),(750.,50.),(750.,2.7071678232459818E-13),(850.,2.7071678232459818E-13),(850.,600.00000000000034)));
#1029=IFCINDEXEDPOLYCURVE(#1028,$,.F.);
#1030=IFCARBITRARYCLOSEDPROFILEDEF(.AREA.,$,#1029);
#1031=IFCAXIS2PLACEMENT3D(#10,#98,#47);
#1032=IFCEXTRUDEDAREASOLID(#1030,#1031,#47,250.00000000000003);
#1033=IFCSHAPEREPRESENTATION(#15,'Body','SweptSolid',(#1032));
#1034=IFCPRODUCTDEFINITIONSHAPE($,$,(#1033));
#1035=IFCCARTESIANPOINT((1802.3367227056485,125.,323.91953893715282));
#1036=IFCAXIS2PLACEMENT3D(#1035,$,$);
#1037=IFCLOCALPLACEMENT(#346,#1036);
#1038=IFCOPENINGELEMENT('3Po$C5SB$M6Jks05M1lBo1',#6,'window:StoneWindows:1682059:1',$,$,#1037,#1034,'1682059',.OPENING.);
#1039=IFCRELVOIDSELEMENT('1DB0Jl8evCsgLKqcPAgqmr',#6,$,$,#385,#1038);
#1040=IFCRELFILLSELEMENT('1Y3El21Rzt4ckDHyYVa9xD',#6,$,$,#1038,#727);
#1041=IFCAXIS2PLACEMENT3D(#10,#47,#148);
#1042=IFCLOCALPLACEMENT(#1037,#1041);
#1043=IFCCARTESIANPOINTLIST2D(((1100.,600.),(1000.0000000000001,600.00000000000023),(1000.0000000000001,550.00000000000034),(0.,550.00000000000034),(0.,50.),(1000.0000000000001,50.),(1000.0000000000001,0.),(1100.,0.),(1100.,600.)));
#1044=IFCINDEXEDPOLYCURVE(#1043,$,.F.);
#1045=IFCARBITRARYCLOSEDPROFILEDEF(.AREA.,$,#1044);
#1046=IFCAXIS2PLACEMENT3D(#10,#98,#47);
#1047=IFCEXTRUDEDAREASOLID(#1045,#1046,#47,300.);
#1048=IFCSHAPEREPRESENTATION(#15,'Body','SweptSolid',(#1047));
#1049=IFCPRODUCTDEFINITIONSHAPE($,$,(#1048));
#1050=IFCCARTESIANPOINT((1525.,150.,500.));
#1051=IFCAXIS2PLACEMENT3D(#1050,$,$);
#1052=IFCLOCALPLACEMENT(#395,#1051);
#1053=IFCOPENINGELEMENT('3DVltmjVZqS79hq1e3RYjQ',#6,'window:StoneWindows:1682818:1',$,$,#1052,#1049,'1682818',.OPENING.);
#1054=IFCRELVOIDSELEMENT('0V6WjWO2r4QeSDEtGD36aT',#6,$,$,#426,#1053);
#1055=IFCRELFILLSELEMENT('3usEPGLtwi7NbdhRpJHAzz',#6,$,$,#1053,#760);
#1056=IFCAXIS2PLACEMENT3D(#10,#47,#148);
#1057=IFCLOCALPLACEMENT(#1052,#1056);
#1058=IFCCARTESIANPOINTLIST2D(((1343.9000000000001,1600.0000000000005),(1243.9000000000001,1600.0000000000005),(1243.9000000000001,1550.0000000000007),(0.,1550.0000000000007),(0.,50.000000000000277),(1243.9000000000001,50.000000000000277),(1243.9000000000001,0.),(1343.9000000000001,0.),(1343.9000000000001,1600.0000000000005)));
#1059=IFCINDEXEDPOLYCURVE(#1058,$,.F.);
#1060=IFCARBITRARYCLOSEDPROFILEDEF(.AREA.,$,#1059);
#1061=IFCAXIS2PLACEMENT3D(#10,#98,#47);
#1062=IFCEXTRUDEDAREASOLID(#1060,#1061,#47,300.);
#1063=IFCSHAPEREPRESENTATION(#15,'Body','SweptSolid',(#1062));
#1064=IFCPRODUCTDEFINITIONSHAPE($,$,(#1063));
#1065=IFCCARTESIANPOINT((1750.,150.,0.));
#1066=IFCAXIS2PLACEMENT3D(#1065,$,$);
#1067=IFCLOCALPLACEMENT(#440,#1066);
#1068=IFCOPENINGELEMENT('0uJ1b42rACmFFgq6J5gASh',#6,'window:Big_Door:1683031:1',$,$,#1067,#1064,'1683031',.OPENING.);
#1069=IFCRELVOIDSELEMENT('1Uwl_9ABb40BDIFQyE4iO4',#6,$,$,#471,#1068);
#1070=IFCRELFILLSELEMENT('1MAHJgKpgrT4G0mQUiROcY',#6,$,$,#1068,#783);
#1071=IFCAXIS2PLACEMENT3D(#10,#47,#148);
#1072=IFCLOCALPLACEMENT(#1067,#1071);
#1073=IFCCARTESIANPOINTLIST2D(((1100.,600.),(1000.0000000000001,600.00000000000034),(1000.0000000000001,550.00000000000034),(0.,550.00000000000034),(0.,50.),(1000.0000000000001,50.),(1000.0000000000001,-3.7952494834523705E-28),(1100.,-3.7952494834523705E-28),(1100.,600.)));
#1074=IFCINDEXEDPOLYCURVE(#1073,$,.F.);
#1075=IFCARBITRARYCLOSEDPROFILEDEF(.AREA.,$,#1074);
#1076=IFCAXIS2PLACEMENT3D(#10,#198,#47);
#1077=IFCEXTRUDEDAREASOLID(#1075,#1076,#47,300.);
#1078=IFCSHAPEREPRESENTATION(#15,'Body','SweptSolid',(#1077));
#1079=IFCPRODUCTDEFINITIONSHAPE($,$,(#1078));
#1080=IFCCARTESIANPOINT((625.,-150.,500.));
#1081=IFCAXIS2PLACEMENT3D(#1080,$,$);
#1082=IFCLOCALPLACEMENT(#481,#1081);
#1083=IFCOPENINGELEMENT('0AQIzoBJguMdIjO8Nlrv_v',#6,'window:StoneWindows:1677174:1',$,$,#1082,#1079,'1677174',.OPENING.);
#1084=IFCRELVOIDSELEMENT('25mTE1QLT1ERRkrn4jt0gb',#6,$,$,#512,#1083);
#1085=IFCRELFILLSELEMENT('3_irx5tC6ZiyZZwsxblj3G',#6,$,$,#1083,#624);
#1086=IFCAXIS2PLACEMENT3D(#10,$,$);
#1087=IFCLOCALPLACEMENT(#1082,#1086);
#1088=IFCUNITASSIGNMENT((#7,#8,#9,#537));
#1169=IFCPROPERTYSINGLEVALUE('Record',$,IFCTEXT('{"format":"openbimtofem-case","version":1,"tables":{"Project":[{"key":"id","value":"sera_aims"},{"key":"title","value":"SERA-AIMS benchmark knowledge graph"},{"key":"description","value":"The half-scale stone masonry aggregate tested on the shake table within the SERA-AIMS project, the benchmark of this thesis, described with the Historic Survey (HSV), Historic Structure (HSTO), Historic Masonry (HMO) and Failure Mechanism (FMO) ontologies: the publications and the BIM model, the units, fa\X2\00E7\X0\ades and the interface between them, the mechanical properties of the masonry derived by a reasoner from its published description, next to the measured ones, and the behaviour and expected failure mechanisms of its walls."},{"key":"namespace","value":"https://example.org/sera-aims#"},{"key":"centre_id","value":""},{"key":"centre_label","value":""},{"key":"aggregate_id","value":"Specimen"},{"key":"aggregate_label","value":"Half-scale stone masonry aggregate of the SERA-AIMS test"},{"key":"technique_id","value":"DoubleLeafStoneMasonry"},{"key":"technique_label","value":"Double-leaf undressed stone masonry of historic aggregates (Basel)"},{"key":"bim_document","value":"BIMModel"},{"key":"software_doi","value":"10.5281/zenodo.23260961"}],"Organisations":[{"id":"EPFL","name":"\X2\00C9\X0\cole Polytechnique F\X2\00E9\X0\d\X2\00E9\X0\rale de Lausanne (EPFL), Switzerland"},{"id":"UNIPV","name":"University of Pavia, Italy"},{"id":"UCB","name":"University of California, Berkeley, USA"},{"id":"RWTH","name":"RWTH Aachen University, Germany"},{"id":"LNEC","name":"National Laboratory for Civil Engineering (LNEC), Portugal"},{"id":"ISISE_UMinho","name":"Institute for Sustainability and Innovation in Structural Engineering (ISISE), University of Minho"},{"id":"CNR_ISPC","name":"Institute of Heritage Science (ISPC), National Research Council of Italy (CNR)"}],"People":[{"id":"IgorTomic","name":"Igor Tomi\X2\0107\X0\","organisation":""},{"id":"AndreaPenna","name":"Andrea Penna","organisation":""},{"id":"MatthewDeJong","name":"Matthew DeJong","organisation":""},{"id":"ChristophButenweg","name":"Christoph Butenweg","organisation":""},{"id":"AntonioCorreia","name":"Ant\X2\00F3\X0\nio A. Correia","organisation":""},{"id":"PauloCandeias","name":"Paulo X. Candeias","organisation":""},{"id":"IlariaSenaldi","name":"Ilaria Senaldi","organisation":""},{"id":"GabrieleGuerrini","name":"Gabriele Guerrini","organisation":""},{"id":"DanieleMalomo","name":"Daniele Malomo","organisation":""},{"id":"KatrinBeyer","name":"Katrin Beyer","organisation":""},{"id":"MariaLauraLeonardi","name":"Maria Laura Leonardi","organisation":"ISISE_UMinho"},{"id":"ElenaGigliarelli","name":"Elena Gigliarelli","organisation":"CNR_ISPC"},{"id":"MiguelAzenha","name":"Miguel Azenha","organisation":"ISISE_UMinho"},{"id":"DanielOliveira","name":"Daniel V. Oliveira","organisation":"ISISE_UMinho"}],"Activities":[{"id":"SpecimenTesting","label":"Design, construction and shake-table testing of the half-scale specimen (SERA-AIMS)","date":"","start":"","end":"","people":"EPFL; UNIPV; UCB; RWTH; LNEC","roles":"","notes":"Shake table of LNEC, Lisbon (Tomi\X2\0107\X0\ et al. 2024a)."},{"id":"BIMModelling","label":"BIM modelling of the specimen in Autodesk Revit 2027","date":"2026-06-04","start":"","end":"","people":"MariaLauraLeonardi","roles":"","notes":""},{"id":"MasonryClassification","label":"MQI classification of the full-scale masonry from its published description","date":"2026-10-09","start":"","end":"","people":"MariaLauraLeonardi","roles":"","notes":""},{"id":"Supervision","label":"Supervision of the doctoral research","date":"","start":"","end":"","people":"ElenaGigliarelli; MiguelAzenha; DanielOliveira","roles":"ElenaGigliarelli: Supervisor; MiguelAzenha: Supervisor; DanielOliveira: Supervisor","notes":""}],"Documents":[{"id":"Tomic2024a","kind":"Publication","label":"Tomi\X2\0107\X0\ et al. (2024), Shake table testing of a half-scale stone masonry building aggregate, Bull Earthquake Eng 22:5963\X2\2013\X0\5991","date":"","activity":"","derived_from":"","used_in":"MasonryClassification","authors":"IgorTomic; AndreaPenna; MatthewDeJong; ChristophButenweg; AntonioCorreia; PauloCandeias; IlariaSenaldi; GabrieleGuerrini; DanieleMalomo; KatrinBeyer","acquired_by":"","processed_by":"","identifier":"https://doi.org/10.1007/s10518-023-01810-y","about":"Specimen"},{"id":"Tomic2024b","kind":"Publication","label":"Tomi\X2\0107\X0\ et al. (2024), Shake-table testing of a stone masonry building aggregate: overview of blind prediction study, Bull Earthquake Eng 22:5993\X2\2013\X0\6035","date":"","activity":"","derived_from":"","used_in":"","authors":"","acquired_by":"","processed_by":"","identifier":"https://doi.org/10.1007/s10518-022-01582-x","about":"Specimen"},{"id":"TestData","kind":"Document","label":"SERA AIMS test data, supplementary material (Zenodo, CC BY 4.0)","date":"2022-05-13","activity":"SpecimenTesting","derived_from":"","used_in":"","authors":"IgorTomic","acquired_by":"","processed_by":"","identifier":"https://doi.org/10.5281/zenodo.6546434","about":"Specimen"},{"id":"BIMModel","kind":"BuildingInformationModel","label":"aggregate_1.ifc (IFC4), exported from Autodesk Revit 2027","date":"2026-06-04","activity":"BIMModelling","derived_from":"Tomic2024a","used_in":"","authors":"MariaLauraLeonardi","acquired_by":"","processed_by":"","identifier":"resources/ifc_examples/sera_aims/aggregate_1.ifc","about":""}],"Units":[{"id":"Unit_1","label":"Unit 1: single storey 2.2 m high, U-shaped plan of 2.5 \X2\00D7\X0\ 2.45 m, walls 30 cm thick","floor_kind":"TimberFloor","floor_label":"Timber floor of unit 1: 8 \X2\00D7\X0\ 16 cm beams spanning in x, 2 cm planks","floor_accessible":"yes","floor_note":"Documented in Tomi\X2\0107\X0\ et al. (2024a), Section 2.3."},{"id":"Unit_2","label":"Unit 2: two storeys of 1.65 and 1.50 m, rectangular plan of 2.5 \X2\00D7\X0\ 2.5 m, walls 35 and 25 cm thick","floor_kind":"TimberFloor","floor_label":"Timber floors of unit 2: 8 \X2\00D7\X0\ 16 cm beams spanning in y, 2 cm planks","floor_accessible":"yes","floor_note":"Documented in Tomi\X2\0107\X0\ et al. (2024a), Section 2.3."}],"Facades":[{"id":"Facade_1","unit":"Unit_1","label":"Facade 1, end of unit 1","masonry_type":"Double_leaf_stone_masonry","elements":"3_2W4VcEf62eVBAFB0d_i6"},{"id":"Facade_2_U1","unit":"Unit_1","label":"Facade 2, part of unit 1","masonry_type":"Double_leaf_stone_masonry","elements":"3_2W4VcEf62eVBAFB0d_jF"},{"id":"Facade_3_U1","unit":"Unit_1","label":"Facade 3, part of unit 1","masonry_type":"Double_leaf_stone_masonry","elements":"3_2W4VcEf62eVBAFB0d_lO"},{"id":"Facade_2_U2","unit":"Unit_2","label":"Facade 2, part of unit 2","masonry_type":"Double_leaf_stone_masonry","elements":"3_2W4VcEf62eVBAFB0d$U6; 3_2W4VcEf62eVBAFB0d_Xg"},{"id":"Facade_3_U2","unit":"Unit_2","label":"Facade 3, part of unit 2","masonry_type":"Double_leaf_stone_masonry","elements":"3_2W4VcEf62eVBAFB0d$OL; 3_2W4VcEf62eVBAFB0d_dt"},{"id":"Facade_4","unit":"Unit_2","label":"Facade 4, end of unit 2","masonry_type":"Double_leaf_stone_masonry","elements":"3_2W4VcEf62eVBAFB0d$PR; 3_2W4VcEf62eVBAFB0d_cf"},{"id":"Facade_5","unit":"Unit_2","label":"Facade 5, wall of unit 2 shared with unit 1","masonry_type":"Double_leaf_stone_masonry","elements":"3_2W4VcEf62eVBAFB0d$Rm; 3_2W4VcEf62eVBAFB0d_ar"}],"Photos":[{"id":"Fig4a","facade":"Facade_3_U1; Facade_3_U2","file":"tomic2024_fig4a.jpg","label":"Facade 3 without plaster, paint and additional masses (Tomi\X2\0107\X0\ et al. 2024a, Fig. 4a)","taken":"","activity":"","acquired_by":"","source":"Tomi\X2\0107\X0\ et al. (2024a), Bull Earthquake Eng 22:5963\X2\2013\X0\5991, doi:10.1007/s10518-023-01810-y, CC BY 4.0"},{"id":"Fig4b","facade":"Facade_3_U1; Facade_3_U2","file":"tomic2024_fig4b.jpg","label":"Facade 3 of the completed specimen (Tomi\X2\0107\X0\ et al. 2024a, Fig. 4b)","taken":"","activity":"","acquired_by":"","source":"Tomi\X2\0107\X0\ et al. (2024a), Bull Earthquake Eng 22:5963\X2\2013\X0\5991, doi:10.1007/s10518-023-01810-y, CC BY 4.0"},{"id":"Fig5","facade":"","file":"tomic2024_fig5.jpg","label":"Masonry typology: texture, corner, horizontal section, lintel, spandrel (Tomi\X2\0107\X0\ et al. 2024a, Fig. 5)","taken":"","activity":"","acquired_by":"","source":"Tomi\X2\0107\X0\ et al. (2024a), Bull Earthquake Eng 22:5963\X2\2013\X0\5991, doi:10.1007/s10518-023-01810-y, CC BY 4.0"},{"id":"Fig6","facade":"","file":"tomic2024_fig6.jpg","label":"Interface between the units (Tomi\X2\0107\X0\ et al. 2024a, Fig. 6)","taken":"","activity":"","acquired_by":"","source":"Tomi\X2\0107\X0\ et al. (2024a), Bull Earthquake Eng 22:5963\X2\2013\X0\5991, doi:10.1007/s10518-023-01810-y, CC BY 4.0"}],"Connections":[{"id":"Interface_2","kind":"Connection","part_a":"Facade_2_U1","part_b":"Facade_2_U2","label":"Interface between the units on facade 2","quality":"Poor: a mortar joint without interlocking stones. Unit 2 was built first and its contact surface smoothed with mortar before unit 1 was built against it (Tomi\X2\0107\X0\ et al. 2024a, Section 2.2)."},{"id":"Interface_3","kind":"Connection","part_a":"Facade_3_U1","part_b":"Facade_3_U2","label":"Interface between the units on facade 3","quality":"Poor: a mortar joint without interlocking stones. Unit 2 was built first and its contact surface smoothed with mortar before unit 1 was built against it (Tomi\X2\0107\X0\ et al. 2024a, Section 2.2)."}],"Openings":[],"Vulnerabilities":[{"facade":"Facade_1","vulnerability":"AbsenceOfTopChains","evidence":"No tie rods and no ring beam at the top of the walls: the beams were simply supported on them, and the connections of steel angles and bearing plates were added only in the strengthened configuration (Tomi\X2\0107\X0\ et al. 2024a, Sections 2.3 and 2.4)."},{"facade":"Facade_1","vulnerability":"AbsenceOfTopCurbstone","evidence":"No tie rods and no ring beam at the top of the walls: the beams were simply supported on them, and the connections of steel angles and bearing plates were added only in the strengthened configuration (Tomi\X2\0107\X0\ et al. 2024a, Sections 2.3 and 2.4)."},{"facade":"Facade_1","vulnerability":"DeformableFloors","evidence":"Timber beams of 8 \X2\00D7\X0\ 16 cm with a single layer of 2 cm planks nailed to them, a flexible diaphragm (Tomi\X2\0107\X0\ et al. 2024a, Section 2.3)."},{"facade":"Facade_2_U1","vulnerability":"AbsenceOfTopChains","evidence":"No tie rods and no ring beam at the top of the walls: the beams were simply supported on them, and the connections of steel angles and bearing plates were added only in the strengthened configuration (Tomi\X2\0107\X0\ et al. 2024a, Sections 2.3 and 2.4)."},{"facade":"Facade_2_U1","vulnerability":"AbsenceOfTopCurbstone","evidence":"No tie rods and no ring beam at the top of the walls: the beams were simply supported on them, and the connections of steel angles and bearing plates were added only in the strengthened configuration (Tomi\X2\0107\X0\ et al. 2024a, Sections 2.3 and 2.4)."},{"facade":"Facade_2_U1","vulnerability":"DeformableFloors","evidence":"Timber beams of 8 \X2\00D7\X0\ 16 cm with a single layer of 2 cm planks nailed to them, a flexible diaphragm (Tomi\X2\0107\X0\ et al. 2024a, Section 2.3)."},{"facade":"Facade_3_U1","vulnerability":"AbsenceOfTopChains","evidence":"No tie rods and no ring beam at the top of the walls: the beams were simply supported on them, and the connections of steel angles and bearing plates were added only in the strengthened configuration (Tomi\X2\0107\X0\ et al. 2024a, Sections 2.3 and 2.4)."},{"facade":"Facade_3_U1","vulnerability":"AbsenceOfTopCurbstone","evidence":"No tie rods and no ring beam at the top of the walls: the beams were simply supported on them, and the connections of steel angles and bearing plates were added only in the strengthened configuration (Tomi\X2\0107\X0\ et al. 2024a, Sections 2.3 and 2.4)."},{"facade":"Facade_3_U1","vulnerability":"DeformableFloors","evidence":"Timber beams of 8 \X2\00D7\X0\ 16 cm with a single layer of 2 cm planks nailed to them, a flexible diaphragm (Tomi\X2\0107\X0\ et al. 2024a, Section 2.3)."},{"facade":"Facade_2_U2","vulnerability":"AbsenceOfTopChains","evidence":"No tie rods and no ring beam at the top of the walls: the beams were simply supported on them, and the connections of steel angles and bearing plates were added only in the strengthened configuration (Tomi\X2\0107\X0\ et al. 2024a, Sections 2.3 and 2.4)."},{"facade":"Facade_2_U2","vulnerability":"AbsenceOfTopCurbstone","evidence":"No tie rods and no ring beam at the top of the walls: the beams were simply supported on them, and the connections of steel angles and bearing plates were added only in the strengthened configuration (Tomi\X2\0107\X0\ et al. 2024a, Sections 2.3 and 2.4)."},{"facade":"Facade_2_U2","vulnerability":"DeformableFloors","evidence":"Timber beams of 8 \X2\00D7\X0\ 16 cm with a single layer of 2 cm planks nailed to them, a flexible diaphragm (Tomi\X2\0107\X0\ et al. 2024a, Section 2.3)."},{"facade":"Facade_2_U2","vulnerability":"AbsenceOfIntermediateChains","evidence":"No tie rods and no ring beam at the first-floor level of unit 2: the beams were simply supported on the walls, and their connection was added only in the strengthened configuration (Tomi\X2\0107\X0\ et al. 2024a, Sections 2.3 and 2.4)."},{"facade":"Facade_2_U2","vulnerability":"AbsenceOfIntermediateCurbstone","evidence":"No tie rods and no ring beam at the first-floor level of unit 2: the beams were simply supported on the walls, and their connection was added only in the strengthened configuration (Tomi\X2\0107\X0\ et al. 2024a, Sections 2.3 and 2.4)."},{"facade":"Facade_3_U2","vulnerability":"AbsenceOfTopChains","evidence":"No tie rods and no ring beam at the top of the walls: the beams were simply supported on them, and the connections of steel angles and bearing plates were added only in the strengthened configuration (Tomi\X2\0107\X0\ et al. 2024a, Sections 2.3 and 2.4)."},{"facade":"Facade_3_U2","vulnerability":"AbsenceOfTopCurbstone","evidence":"No tie rods and no ring beam at the top of the walls: the beams were simply supported on them, and the connections of steel angles and bearing plates were added only in the strengthened configuration (Tomi\X2\0107\X0\ et al. 2024a, Sections 2.3 and 2.4)."},{"facade":"Facade_3_U2","vulnerability":"DeformableFloors","evidence":"Timber beams of 8 \X2\00D7\X0\ 16 cm with a single layer of 2 cm planks nailed to them, a flexible diaphragm (Tomi\X2\0107\X0\ et al. 2024a, Section 2.3)."},{"facade":"Facade_3_U2","vulnerability":"AbsenceOfIntermediateChains","evidence":"No tie rods and no ring beam at the first-floor level of unit 2: the beams were simply supported on the walls, and their connection was added only in the strengthened configuration (Tomi\X2\0107\X0\ et al. 2024a, Sections 2.3 and 2.4)."},{"facade":"Facade_3_U2","vulnerability":"AbsenceOfIntermediateCurbstone","evidence":"No tie rods and no ring beam at the first-floor level of unit 2: the beams were simply supported on the walls, and their connection was added only in the strengthened configuration (Tomi\X2\0107\X0\ et al. 2024a, Sections 2.3 and 2.4)."},{"facade":"Facade_4","vulnerability":"AbsenceOfTopChains","evidence":"No tie rods and no ring beam at the top of the walls: the beams were simply supported on them, and the connections of steel angles and bearing plates were added only in the strengthened configuration (Tomi\X2\0107\X0\ et al. 2024a, Sections 2.3 and 2.4)."},{"facade":"Facade_4","vulnerability":"AbsenceOfTopCurbstone","evidence":"No tie rods and no ring beam at the top of the walls: the beams were simply supported on them, and the connections of steel angles and bearing plates were added only in the strengthened configuration (Tomi\X2\0107\X0\ et al. 2024a, Sections 2.3 and 2.4)."},{"facade":"Facade_4","vulnerability":"DeformableFloors","evidence":"Timber beams of 8 \X2\00D7\X0\ 16 cm with a single layer of 2 cm planks nailed to them, a flexible diaphragm (Tomi\X2\0107\X0\ et al. 2024a, Section 2.3)."},{"facade":"Facade_4","vulnerability":"AbsenceOfIntermediateChains","evidence":"No tie rods and no ring beam at the first-floor level of unit 2: the beams were simply supported on the walls, and their connection was added only in the strengthened configuration (Tomi\X2\0107\X0\ et al. 2024a, Sections 2.3 and 2.4)."},{"facade":"Facade_4","vulnerability":"AbsenceOfIntermediateCurbstone","evidence":"No tie rods and no ring beam at the first-floor level of unit 2: the beams were simply supported on the walls, and their connection was added only in the strengthened configuration (Tomi\X2\0107\X0\ et al. 2024a, Sections 2.3 and 2.4)."},{"facade":"Facade_5","vulnerability":"AbsenceOfTopChains","evidence":"No tie rods and no ring beam at the top of the walls: the beams were simply supported on them, and the connections of steel angles and bearing plates were added only in the strengthened configuration (Tomi\X2\0107\X0\ et al. 2024a, Sections 2.3 and 2.4)."},{"facade":"Facade_5","vulnerability":"AbsenceOfTopCurbstone","evidence":"No tie rods and no ring beam at the top of the walls: the beams were simply supported on them, and the connections of steel angles and bearing plates were added only in the strengthened configuration (Tomi\X2\0107\X0\ et al. 2024a, Sections 2.3 and 2.4)."},{"facade":"Facade_5","vulnerability":"DeformableFloors","evidence":"Timber beams of 8 \X2\00D7\X0\ 16 cm with a single layer of 2 cm planks nailed to them, a flexible diaphragm (Tomi\X2\0107\X0\ et al. 2024a, Section 2.3)."},{"facade":"Facade_5","vulnerability":"AbsenceOfIntermediateChains","evidence":"No tie rods and no ring beam at the first-floor level of unit 2: the beams were simply supported on the walls, and their connection was added only in the strengthened configuration (Tomi\X2\0107\X0\ et al. 2024a, Sections 2.3 and 2.4)."},{"facade":"Facade_5","vulnerability":"AbsenceOfIntermediateCurbstone","evidence":"No tie rods and no ring beam at the first-floor level of unit 2: the beams were simply supported on the walls, and their connection was added only in the strengthened configuration (Tomi\X2\0107\X0\ et al. 2024a, Sections 2.3 and 2.4)."}],"MasonryTypes":[{"name":"Double_leaf_stone_masonry","description":"Double-leaf masonry of undressed, irregular sandstone (Credaro Berrettino stone) in approximately horizontal courses, with stone chips and mortar filling the core and through stones only at corners and opening edges; the typology of historic aggregates in Basel.","unit_dimensions":"medium","unit_shape":"roughly_cut","unit_material":"irregular_hard_stone","mortar_quality":"lime","horizontal_joints":"partially_continuous","vertical_joints":"partially_staggered","wall_connections":"none","evidence_unit_dimensions":"Stones of 10 to 25 cm in the half-scale specimen (Tomic et al. 2024a, Section 2.1), so 20 to 50 cm at full scale: medium.","evidence_unit_shape":"Undressed, irregular stones, more irregular than those of the earlier Pavia specimen (Tomic et al. 2024a, Section 2.1; Fig. 5a-b): roughly cut.","evidence_unit_material":"Credaro Berrettino stone, a sandstone with a compressive strength of 144 MPa (Tomic et al. 2024b, Table 4): hard stone, not squared.","evidence_mortar_quality":"Commercial hydraulic lime mortar with EPS spheres added to halve stiffness and strength for the scale (Tomic et al. 2024a, Section 2.1). At full scale the mortar it stands for is a weak lime mortar, so it is scored as lime and not as hydraulic lime.","evidence_horizontal_joints":"Stones arranged in approximately horizontal courses (Tomic et al. 2024a, Section 2.1): partially continuous.","evidence_vertical_joints":"Not described in the text; from the masonry texture of Fig. 5a-b the vertical joints are partly staggered.","evidence_wall_connections":"No interlocking between the leaves except through stones at opening edges and building corners (Tomic et al. 2024a, Section 2.1; blind prediction study, poor interlocking): none in the body of the wall.","evidence":"","flags":"Classified at full scale: the specimen is half-scale with EPS-modified mortar, so the properties derived here are to be compared with the measured ones brought back to full scale, not with the measured ones directly.\\nVertical joint staggering is read from the published photographs, not stated in the text.\\nThrough stones exist at corners and opening edges; counting them as sparse headers instead of none raises the quality index (upper variant).","density_kg_m3":"1980","density_note":"Measured masonry density of the same typology, 1980 kg/m3 (Tomic et al. 2024b, Table 4); the density is not scaled by the similitude law adopted.","reference_category":"Muratura a conci sbozzati (roughly cut stone masonry), Circular No. 7/2019, Table C8.5.I","reference_note":"Code class closest to the typology, for comparison only.","variant_lower":"unit_shape=rubble","variant_upper":"wall_connections=sparse"}],"Measured":[{"masonry_type":"Double_leaf_stone_masonry","quantity":"compressive_strength_MPa","value":"1.37","basis":"specimen (SERA-AIMS)","source":"Tomi\X2\0107\X0\ et al. (2024a), Bull Earthquake Eng 22:5963\X2\2013\X0\5991, doi:10.1007/s10518-023-01810-y, CC BY 4.0, Table 1, vertical compression of wallettes"},{"masonry_type":"Double_leaf_stone_masonry","quantity":"tensile_strength_MPa","value":"0.21","basis":"specimen (SERA-AIMS)","source":"Tomi\X2\0107\X0\ et al. (2024a), Bull Earthquake Eng 22:5963\X2\2013\X0\5991, doi:10.1007/s10518-023-01810-y, CC BY 4.0, Table 1, diagonal compression of wallettes"},{"masonry_type":"Double_leaf_stone_masonry","quantity":"cohesion_MPa","value":"0.29","basis":"specimen (SERA-AIMS)","source":"Tomi\X2\0107\X0\ et al. (2024a), Bull Earthquake Eng 22:5963\X2\2013\X0\5991, doi:10.1007/s10518-023-01810-y, CC BY 4.0, Table 1"},{"masonry_type":"Double_leaf_stone_masonry","quantity":"compressive_strength_MPa","value":"1.3","basis":"specimen (Pavia, same typology)","source":"Tomi\X2\0107\X0\ et al. (2024b), Bull Earthquake Eng 22:5993\X2\2013\X0\6035, doi:10.1007/s10518-022-01582-x, CC BY 4.0, Table 4"},{"masonry_type":"Double_leaf_stone_masonry","quantity":"young_modulus_MPa","value":"3462","basis":"specimen (Pavia, same typology)","source":"Tomi\X2\0107\X0\ et al. (2024b), Bull Earthquake Eng 22:5993\X2\2013\X0\6035, doi:10.1007/s10518-022-01582-x, CC BY 4.0, Table 4"},{"masonry_type":"Double_leaf_stone_masonry","quantity":"shear_modulus_MPa","value":"1524","basis":"specimen (Pavia, same typology), vertical compression","source":"Tomi\X2\0107\X0\ et al. (2024b), Bull Earthquake Eng 22:5993\X2\2013\X0\6035, doi:10.1007/s10518-022-01582-x, CC BY 4.0, Table 4"},{"masonry_type":"Double_leaf_stone_masonry","quantity":"shear_modulus_MPa","value":"1898","basis":"specimen (Pavia, same typology), diagonal compression","source":"Tomi\X2\0107\X0\ et al. (2024b), Bull Earthquake Eng 22:5993\X2\2013\X0\6035, doi:10.1007/s10518-022-01582-x, CC BY 4.0, Table 4"},{"masonry_type":"Double_leaf_stone_masonry","quantity":"density_kg_m3","value":"1980","basis":"specimen (Pavia, same typology)","source":"Tomi\X2\0107\X0\ et al. (2024b), Bull Earthquake Eng 22:5993\X2\2013\X0\6035, doi:10.1007/s10518-022-01582-x, CC BY 4.0, Table 4"},{"masonry_type":"Double_leaf_stone_masonry","quantity":"compressive_strength_MPa","value":"2.74","basis":"full scale, twice the specimen value (EPS mortar halves stiffness and strength; scale factor to be checked)","source":"2 \X2\00D7\X0\ 1.37 MPa, Tomi\X2\0107\X0\ et al. (2024a), Bull Earthquake Eng 22:5963\X2\2013\X0\5991, doi:10.1007/s10518-023-01810-y, CC BY 4.0"},{"masonry_type":"Double_leaf_stone_masonry","quantity":"young_modulus_MPa","value":"6924","basis":"full scale, twice the specimen value (EPS mortar halves stiffness and strength; scale factor to be checked)","source":"2 \X2\00D7\X0\ 3462 MPa, Tomi\X2\0107\X0\ et al. (2024b), Bull Earthquake Eng 22:5993\X2\2013\X0\6035, doi:10.1007/s10518-022-01582-x, CC BY 4.0"},{"masonry_type":"Double_leaf_stone_masonry","quantity":"shear_modulus_MPa","value":"3048","basis":"full scale, twice the specimen value (EPS mortar halves stiffness and strength; scale factor to be checked), vertical compression","source":"2 \X2\00D7\X0\ 1524 MPa, Tomi\X2\0107\X0\ et al. (2024b), Bull Earthquake Eng 22:5993\X2\2013\X0\6035, doi:10.1007/s10518-022-01582-x, CC BY 4.0"},{"masonry_type":"Double_leaf_stone_masonry","quantity":"shear_modulus_MPa","value":"3796","basis":"full scale, twice the specimen value (EPS mortar halves stiffness and strength; scale factor to be checked), diagonal compression","source":"2 \X2\00D7\X0\ 1898 MPa, Tomi\X2\0107\X0\ et al. (2024b), Bull Earthquake Eng 22:5993\X2\2013\X0\6035, doi:10.1007/s10518-022-01582-x, CC BY 4.0"},{"masonry_type":"Double_leaf_stone_masonry","quantity":"shear_strength_turnsek_cacovic_MPa","value":"0.28","basis":"full scale, twice the specimen value (EPS mortar halves stiffness and strength; scale factor to be checked), from f_t / 1.5","source":"2 \X2\00D7\X0\ 0.21 / 1.5 MPa, Tomi\X2\0107\X0\ et al. (2024a), Bull Earthquake Eng 22:5963\X2\2013\X0\5991, doi:10.1007/s10518-023-01810-y, CC BY 4.0"}]}}'),$);
#1170=IFCPROPERTYSINGLEVALUE('Format',$,IFCLABEL('openbimtofem-case/1'),$);
#1171=IFCPROPERTYSINGLEVALUE('Modified',$,IFCLABEL('2026-10-09T14:13:25Z'),$);
#1172=IFCPROPERTYSET('1rPmnOrrW8Fs0x9UX7edL0',#6,'HSV_CaseRecord',$,(#1169,#1170,#1171));
#1173=IFCRELDEFINESBYPROPERTIES('3LJjHXRDeKOXd2D_8pch7s',#6,$,$,(#18),#1172);
#1174=IFCPROPERTYSINGLEVALUE('Facade',$,IFCLABEL('Facade_1'),$);
#1175=IFCPROPERTYSINGLEVALUE('Unit',$,IFCLABEL('Unit_1'),$);
#1176=IFCPROPERTYSINGLEVALUE('MasonryType',$,IFCLABEL('Double_leaf_stone_masonry'),$);
#1177=IFCPROPERTYSINGLEVALUE('Vulnerabilities',$,IFCLABEL('AbsenceOfTopChains; AbsenceOfTopCurbstone; DeformableFloors'),$);
#1178=IFCPROPERTYSET('2vU7Sw_S5$N5HCXcQZxjXf',#6,'HSV_Facade',$,(#1174,#1175,#1176,#1177));
#1179=IFCRELDEFINESBYPROPERTIES('2WSn1RYvBbXIf857wskSd3',#6,$,$,(#471),#1178);
#1180=IFCPROPERTYSINGLEVALUE('Facade',$,IFCLABEL('Facade_2_U1'),$);
#1181=IFCPROPERTYSINGLEVALUE('Unit',$,IFCLABEL('Unit_1'),$);
#1182=IFCPROPERTYSINGLEVALUE('MasonryType',$,IFCLABEL('Double_leaf_stone_masonry'),$);
#1183=IFCPROPERTYSINGLEVALUE('Vulnerabilities',$,IFCLABEL('AbsenceOfTopChains; AbsenceOfTopCurbstone; DeformableFloors'),$);
#1184=IFCPROPERTYSET('1FoGoa8ZCKhDNzgmGz_AR1',#6,'HSV_Facade',$,(#1180,#1181,#1182,#1183));
#1185=IFCRELDEFINESBYPROPERTIES('2F_obASTXFA6qOAuj86Yyl',#6,$,$,(#426),#1184);
#1186=IFCPROPERTYSINGLEVALUE('Facade',$,IFCLABEL('Facade_3_U1'),$);
#1187=IFCPROPERTYSINGLEVALUE('Unit',$,IFCLABEL('Unit_1'),$);
#1188=IFCPROPERTYSINGLEVALUE('MasonryType',$,IFCLABEL('Double_leaf_stone_masonry'),$);
#1189=IFCPROPERTYSINGLEVALUE('Vulnerabilities',$,IFCLABEL('AbsenceOfTopChains; AbsenceOfTopCurbstone; DeformableFloors'),$);
#1190=IFCPROPERTYSET('2Fv_Inpi2n7LpeOgageeSR',#6,'HSV_Facade',$,(#1186,#1187,#1188,#1189));
#1191=IFCRELDEFINESBYPROPERTIES('1f66QWKa3Z2e1v5zSjSvnR',#6,$,$,(#512),#1190);
#1192=IFCPROPERTYSINGLEVALUE('Facade',$,IFCLABEL('Facade_2_U2'),$);
#1193=IFCPROPERTYSINGLEVALUE('Unit',$,IFCLABEL('Unit_2'),$);
#1194=IFCPROPERTYSINGLEVALUE('MasonryType',$,IFCLABEL('Double_leaf_stone_masonry'),$);
#1195=IFCPROPERTYSINGLEVALUE('Vulnerabilities',$,IFCLABEL('AbsenceOfTopChains; AbsenceOfTopCurbstone; DeformableFloors; AbsenceOfIntermediateChains; AbsenceOfIntermediateCurbstone'),$);
#1196=IFCPROPERTYSET('0mP_ARxuGFNETriB3cbfUz',#6,'HSV_Facade',$,(#1192,#1193,#1194,#1195));
#1197=IFCRELDEFINESBYPROPERTIES('3xzHVHrcVXFlbtAsUrAUnz',#6,$,$,(#81),#1196);
#1198=IFCPROPERTYSINGLEVALUE('Facade',$,IFCLABEL('Facade_2_U2'),$);
#1199=IFCPROPERTYSINGLEVALUE('Unit',$,IFCLABEL('Unit_2'),$);
#1200=IFCPROPERTYSINGLEVALUE('MasonryType',$,IFCLABEL('Double_leaf_stone_masonry'),$);
#1201=IFCPROPERTYSINGLEVALUE('Vulnerabilities',$,IFCLABEL('AbsenceOfTopChains; AbsenceOfTopCurbstone; DeformableFloors; AbsenceOfIntermediateChains; AbsenceOfIntermediateCurbstone'),$);
#1202=IFCPROPERTYSET('1e27u0pcA6hTQrWTXKl00i',#6,'HSV_Facade',$,(#1198,#1199,#1200,#1201));
#1203=IFCRELDEFINESBYPROPERTIES('26Dr9UcA5P7hNmuDDbywSh',#6,$,$,(#385),#1202);
#1204=IFCPROPERTYSINGLEVALUE('Facade',$,IFCLABEL('Facade_3_U2'),$);
#1205=IFCPROPERTYSINGLEVALUE('Unit',$,IFCLABEL('Unit_2'),$);
#1206=IFCPROPERTYSINGLEVALUE('MasonryType',$,IFCLABEL('Double_leaf_stone_masonry'),$);
#1207=IFCPROPERTYSINGLEVALUE('Vulnerabilities',$,IFCLABEL('AbsenceOfTopChains; AbsenceOfTopCurbstone; DeformableFloors; AbsenceOfIntermediateChains; AbsenceOfIntermediateCurbstone'),$);
#1208=IFCPROPERTYSET('3SkAOcUeFn6dBKoD9Du7bt',#6,'HSV_Facade',$,(#1204,#1205,#1206,#1207));
#1209=IFCRELDEFINESBYPROPERTIES('29L6ttTSHCA1vCvAk52x7X',#6,$,$,(#189),#1208);
#1210=IFCPROPERTYSINGLEVALUE('Facade',$,IFCLABEL('Facade_3_U2'),$);
#1211=IFCPROPERTYSINGLEVALUE('Unit',$,IFCLABEL('Unit_2'),$);
#1212=IFCPROPERTYSINGLEVALUE('MasonryType',$,IFCLABEL('Double_leaf_stone_masonry'),$);
#1213=IFCPROPERTYSINGLEVALUE('Vulnerabilities',$,IFCLABEL('AbsenceOfTopChains; AbsenceOfTopCurbstone; DeformableFloors; AbsenceOfIntermediateChains; AbsenceOfIntermediateCurbstone'),$);
#1214=IFCPROPERTYSET('1s2icuVhEkOZrwYGjYYIYx',#6,'HSV_Facade',$,(#1210,#1211,#1212,#1213));
#1215=IFCRELDEFINESBYPROPERTIES('1XCUQiiG5DYI1SCPYvSdrw',#6,$,$,(#287),#1214);
#1216=IFCPROPERTYSINGLEVALUE('Facade',$,IFCLABEL('Facade_4'),$);
#1217=IFCPROPERTYSINGLEVALUE('Unit',$,IFCLABEL('Unit_2'),$);
#1218=IFCPROPERTYSINGLEVALUE('MasonryType',$,IFCLABEL('Double_leaf_stone_masonry'),$);
#1219=IFCPROPERTYSINGLEVALUE('Vulnerabilities',$,IFCLABEL('AbsenceOfTopChains; AbsenceOfTopCurbstone; DeformableFloors; AbsenceOfIntermediateChains; AbsenceOfIntermediateCurbstone'),$);
#1220=IFCPROPERTYSET('3IFPflvK3St2myATQE_JVh',#6,'HSV_Facade',$,(#1216,#1217,#1218,#1219));
#1221=IFCRELDEFINESBYPROPERTIES('18vt63K_MU5o0B6RZWWvMn',#6,$,$,(#139),#1220);
#1222=IFCPROPERTYSINGLEVALUE('Facade',$,IFCLABEL('Facade_4'),$);
#1223=IFCPROPERTYSINGLEVALUE('Unit',$,IFCLABEL('Unit_2'),$);
#1224=IFCPROPERTYSINGLEVALUE('MasonryType',$,IFCLABEL('Double_leaf_stone_masonry'),$);
#1225=IFCPROPERTYSINGLEVALUE('Vulnerabilities',$,IFCLABEL('AbsenceOfTopChains; AbsenceOfTopCurbstone; DeformableFloors; AbsenceOfIntermediateChains; AbsenceOfIntermediateCurbstone'),$);
#1226=IFCPROPERTYSET('3lS7ruMSHJAT5EBdyU95xl',#6,'HSV_Facade',$,(#1222,#1223,#1224,#1225));
#1227=IFCRELDEFINESBYPROPERTIES('28z5148M4UGfcV2cOEt5xl',#6,$,$,(#336),#1226);
#1228=IFCPROPERTYSINGLEVALUE('Facade',$,IFCLABEL('Facade_5'),$);
#1229=IFCPROPERTYSINGLEVALUE('Unit',$,IFCLABEL('Unit_2'),$);
#1230=IFCPROPERTYSINGLEVALUE('MasonryType',$,IFCLABEL('Double_leaf_stone_masonry'),$);
#1231=IFCPROPERTYSINGLEVALUE('Vulnerabilities',$,IFCLABEL('AbsenceOfTopChains; AbsenceOfTopCurbstone; DeformableFloors; AbsenceOfIntermediateChains; AbsenceOfIntermediateCurbstone'),$);
#1232=IFCPROPERTYSET('0mLIhZumK_kLt9NjUTgRIZ',#6,'HSV_Facade',$,(#1228,#1229,#1230,#1231));
#1233=IFCRELDEFINESBYPROPERTIES('0ahq5bzuISu4m_Qm7naZUo',#6,$,$,(#212),#1232);
#1234=IFCPROPERTYSINGLEVALUE('Facade',$,IFCLABEL('Facade_5'),$);
#1235=IFCPROPERTYSINGLEVALUE('Unit',$,IFCLABEL('Unit_2'),$);
#1236=IFCPROPERTYSINGLEVALUE('MasonryType',$,IFCLABEL('Double_leaf_stone_masonry'),$);
#1237=IFCPROPERTYSINGLEVALUE('Vulnerabilities',$,IFCLABEL('AbsenceOfTopChains; AbsenceOfTopCurbstone; DeformableFloors; AbsenceOfIntermediateChains; AbsenceOfIntermediateCurbstone'),$);
#1238=IFCPROPERTYSET('2UR2$_WHXaEjmuuDfhqUsW',#6,'HSV_Facade',$,(#1234,#1235,#1236,#1237));
#1239=IFCRELDEFINESBYPROPERTIES('31aJ3Yyj$BW9KX09TOQe1i',#6,$,$,(#234),#1238);
#1240=IFCPROPERTYSINGLEVALUE('UnitDimensions',$,IFCLABEL('medium'),$);
#1241=IFCPROPERTYSINGLEVALUE('UnitShape',$,IFCLABEL('roughly_cut'),$);
#1242=IFCPROPERTYSINGLEVALUE('UnitMaterial',$,IFCLABEL('irregular_hard_stone'),$);
#1243=IFCPROPERTYSINGLEVALUE('MortarQuality',$,IFCLABEL('lime'),$);
#1244=IFCPROPERTYSINGLEVALUE('HorizontalJoints',$,IFCLABEL('partially_continuous'),$);
#1245=IFCPROPERTYSINGLEVALUE('VerticalJoints',$,IFCLABEL('partially_staggered'),$);
#1246=IFCPROPERTYSINGLEVALUE('WallConnections',$,IFCLABEL('none'),$);
#1247=IFCPROPERTYSINGLEVALUE('MassDensity',$,IFCMASSDENSITYMEASURE(1980.),$);
#1248=IFCMATERIALPROPERTIES('HMO_MasonryQuality',$,(#1240,#1241,#1242,#1243,#1244,#1245,#1246,#1247),#82);
ENDSEC;
END-ISO-10303-21;
