time_s,Rd_m,BS_N,BS_over_W,drift_ratio,BSx_N,BSy_N
0.0050,2.12572000e-04,-5.701134e+02,-6.432751e-05,1.40072307e-05,-5.701134e+02,4.408544e+00
0.0100,2.12429000e-04,-1.390820e+03,-1.569301e-04,1.39978079e-05,-1.390820e+03,1.023536e+01
0.0150,2.12163000e-04,-2.291699e+03,-2.585789e-04,1.39802800e-05,-2.291699e+03,1.367778e+01
0.0200,2.11757000e-04,-3.122453e+03,-3.523152e-04,1.39535271e-05,-3.122453e+03,2.425437e+01
0.0250,2.11211000e-04,-3.913029e+03,-4.415181e-04,1.39175489e-05,-3.913029e+03,4.432822e+01
0.0300,2.10534000e-04,-4.631107e+03,-5.225409e-04,1.38729386e-05,-4.631107e+03,7.221824e+01
0.0350,2.09744000e-04,-5.215826e+03,-5.885164e-04,1.38208823e-05,-5.215826e+03,1.001191e+02
0.0400,2.08895000e-04,-5.626373e+03,-6.348396e-04,1.37649383e-05,-5.626373e+03,1.234372e+02
0.0450,2.08027000e-04,-5.924291e+03,-6.684545e-04,1.37077422e-05,-5.924291e+03,1.452614e+02
0.0500,2.07218000e-04,-6.174016e+03,-6.966317e-04,1.36544339e-05,-6.174016e+03,1.655183e+02
0.0550,2.06500000e-04,-6.386944e+03,-7.206569e-04,1.36071220e-05,-6.386944e+03,1.796959e+02
0.0600,2.05919000e-04,-6.616907e+03,-7.466043e-04,1.35688376e-05,-6.616907e+03,1.788460e+02
0.0650,2.05477000e-04,-6.906209e+03,-7.792471e-04,1.35397124e-05,-6.906209e+03,1.609927e+02
0.0700,2.05158000e-04,-7.242090e+03,-8.171455e-04,1.35186922e-05,-7.242090e+03,1.231853e+02
0.0750,2.04950000e-04,-7.505406e+03,-8.468562e-04,1.35049862e-05,-7.505406e+03,6.853277e+01
0.0800,2.04852000e-04,-7.463293e+03,-8.421044e-04,1.34985286e-05,-7.463293e+03,7.028438e+00
0.0850,2.04879000e-04,-7.124441e+03,-8.038708e-04,1.35003078e-05,-7.124441e+03,-5.169649e+01
0.0900,2.05050000e-04,-6.653846e+03,-7.507723e-04,1.35115756e-05,-6.653846e+03,-9.365118e+01
0.0950,2.05365000e-04,-6.160849e+03,-6.951461e-04,1.35323323e-05,-6.160849e+03,-1.189707e+02
0.1000,2.05806000e-04,-5.760298e+03,-6.499507e-04,1.35613915e-05,-5.760298e+03,-1.345862e+02
0.1050,2.06360000e-04,-5.350057e+03,-6.036621e-04,1.35978968e-05,-5.350057e+03,-1.471453e+02
0.1100,2.07004000e-04,-4.778711e+03,-5.391955e-04,1.36403326e-05,-4.778711e+03,-1.663941e+02
0.1150,2.07722000e-04,-4.071976e+03,-4.594525e-04,1.36876445e-05,-4.071976e+03,-1.927915e+02
0.1200,2.08471000e-04,-3.300052e+03,-3.723542e-04,1.37369992e-05,-3.300052e+03,-2.294475e+02
0.1250,2.09225000e-04,-2.485934e+03,-2.804950e-04,1.37866833e-05,-2.485934e+03,-2.791802e+02
0.1300,2.09950000e-04,-1.630144e+03,-1.839338e-04,1.38344565e-05,-1.630144e+03,-3.384113e+02
0.1350,2.10642000e-04,-7.742927e+02,-8.736563e-05,1.38800552e-05,-7.742927e+02,-3.963801e+02
0.1400,2.11294000e-04,-6.486818e+01,-7.319260e-06,1.39230181e-05,-6.486818e+01,-4.288181e+02
0.1450,2.11899000e-04,4.199464e+02,4.738374e-05,1.39628840e-05,4.199464e+02,-4.273822e+02
0.1500,2.12436000e-04,6.151072e+02,6.940428e-05,1.39982691e-05,6.151072e+02,-3.897223e+02
0.1550,2.12885000e-04,5.091652e+02,5.745055e-05,1.40278555e-05,5.091652e+02,-3.219456e+02
0.1600,2.13205000e-04,7.226177e+01,8.153500e-06,1.40489416e-05,7.226177e+01,-2.382775e+02
0.1650,2.13364000e-04,-7.618375e+02,-8.596028e-05,1.40594188e-05,-7.618375e+02,-1.427573e+02
0.1700,2.13296000e-04,-1.968814e+03,-2.221468e-04,1.40549380e-05,-1.968814e+03,-4.113821e+01
0.1750,2.12979000e-04,-3.347051e+03,-3.776572e-04,1.40340496e-05,-3.347051e+03,6.478169e+01
0.1800,2.12417000e-04,-4.498155e+03,-5.075395e-04,1.39970171e-05,-4.498155e+03,1.737949e+02
0.1850,2.11640000e-04,-5.416005e+03,-6.111031e-04,1.39458174e-05,-5.416005e+03,2.881118e+02
0.1900,2.10706000e-04,-6.288102e+03,-7.095044e-04,1.38842724e-05,-6.288102e+03,4.061218e+02
0.1950,2.09639000e-04,-7.238700e+03,-8.167630e-04,1.38139634e-05,-7.238700e+03,5.207409e+02
0.2000,2.08489000e-04,-8.237226e+03,-9.294295e-04,1.37381853e-05,-8.237226e+03,6.139294e+02
0.2050,2.07294000e-04,-9.050818e+03,-1.021229e-03,1.36594419e-05,-9.050818e+03,6.751140e+02
0.2100,2.06161000e-04,-9.383137e+03,-1.058726e-03,1.35847839e-05,-9.383137e+03,6.892603e+02
0.2150,2.05154000e-04,-9.311892e+03,-1.050687e-03,1.35184286e-05,-9.311892e+03,6.582672e+02
0.2200,2.04371000e-04,-9.109066e+03,-1.027802e-03,1.34668336e-05,-9.109066e+03,5.890224e+02
0.2250,2.03844000e-04,-8.804003e+03,-9.933806e-04,1.34321074e-05,-8.804003e+03,4.876754e+02
0.2300,2.03632000e-04,-8.309084e+03,-9.375374e-04,1.34181379e-05,-8.309084e+03,3.680085e+02
0.2350,2.03758000e-04,-7.553342e+03,-8.522650e-04,1.34264405e-05,-7.553342e+03,2.423568e+02
0.2400,2.04249000e-04,-6.556346e+03,-7.397711e-04,1.34587945e-05,-6.556346e+03,1.315351e+02
0.2450,2.05091000e-04,-5.473816e+03,-6.176261e-04,1.35142773e-05,-5.473816e+03,3.954591e+01
0.2500,2.06207000e-04,-4.473457e+03,-5.047528e-04,1.35878151e-05,-4.473457e+03,-4.035376e+01
0.2550,2.07529000e-04,-3.534055e+03,-3.987574e-04,1.36749270e-05,-3.534055e+03,-1.173666e+02
0.2600,2.08915000e-04,-2.585478e+03,-2.917268e-04,1.37662562e-05,-2.585478e+03,-1.958696e+02
0.2650,2.10289000e-04,-1.688820e+03,-1.905543e-04,1.38567946e-05,-1.688820e+03,-2.747596e+02
0.2700,2.11509000e-04,-8.789717e+02,-9.917687e-05,1.39371853e-05,-8.789717e+02,-3.501133e+02
0.2750,2.12525000e-04,-1.027840e+02,-1.159741e-05,1.40041337e-05,-1.027840e+02,-4.192008e+02
0.2800,2.13286000e-04,8.093866e+02,9.132538e-05,1.40542791e-05,8.093866e+02,-4.794592e+02
0.2850,2.13794000e-04,1.779114e+03,2.007424e-04,1.40877532e-05,1.779114e+03,-5.291316e+02
0.2900,2.14055000e-04,2.434533e+03,2.746953e-04,1.41049516e-05,2.434533e+03,-5.661078e+02
0.2950,2.14057000e-04,2.575454e+03,2.905958e-04,1.41050834e-05,2.575454e+03,-5.912397e+02
0.3000,2.13787000e-04,2.181152e+03,2.461055e-04,1.40872920e-05,2.181152e+03,-6.074503e+02
0.3050,2.13259000e-04,1.587571e+03,1.791301e-04,1.40524999e-05,1.587571e+03,-6.108468e+02
0.3100,2.12564000e-04,1.294346e+03,1.460447e-04,1.40067036e-05,1.294346e+03,-5.875934e+02
0.3150,2.11770000e-04,1.119104e+03,1.262717e-04,1.39543837e-05,1.119104e+03,-5.277007e+02
0.3200,2.10957000e-04,3.444356e+02,3.886364e-05,1.39008118e-05,3.444356e+02,-4.230498e+02
0.3250,2.10111000e-04,-1.356952e+03,-1.531087e-04,1.38450654e-05,-1.356952e+03,-2.832613e+02
0.3300,2.09169000e-04,-4.088383e+03,-4.613038e-04,1.37829932e-05,-4.088383e+03,-1.306976e+02
0.3350,2.08104000e-04,-7.273923e+03,-8.207373e-04,1.37128161e-05,-7.273923e+03,2.369248e+01
0.3400,2.06951000e-04,-9.746920e+03,-1.099772e-03,1.36368402e-05,-9.746920e+03,1.708554e+02
0.3450,2.05788000e-04,-1.111568e+04,-1.254214e-03,1.35602054e-05,-1.111568e+04,3.119260e+02
0.3500,2.04811000e-04,-1.105557e+04,-1.247431e-03,1.34958270e-05,-1.105557e+04,4.440448e+02
0.3550,2.04125000e-04,-9.867266e+03,-1.113352e-03,1.34506236e-05,-9.867266e+03,5.650152e+02
0.3600,2.03896000e-04,-8.317676e+03,-9.385069e-04,1.34355339e-05,-8.317676e+03,6.391731e+02
0.3650,2.04159000e-04,-6.790022e+03,-7.661374e-04,1.34528640e-05,-6.790022e+03,6.516927e+02
0.3700,2.04931000e-04,-5.758951e+03,-6.497987e-04,1.35037342e-05,-5.758951e+03,6.111435e+02
0.3750,2.06182000e-04,-5.037340e+03,-5.683773e-04,1.35861677e-05,-5.037340e+03,5.348280e+02
0.3800,2.07832000e-04,-4.200157e+03,-4.739155e-04,1.36948929e-05,-4.200157e+03,4.307461e+02
0.3850,2.09806000e-04,-3.178745e+03,-3.586668e-04,1.38249678e-05,-3.178745e+03,2.938080e+02
0.3900,2.11887000e-04,-2.123981e+03,-2.396547e-04,1.39620933e-05,-2.123981e+03,1.314979e+02
0.3950,2.13921000e-04,-1.308148e+03,-1.476021e-04,1.40961218e-05,-1.308148e+03,-2.959948e+01
0.4000,2.15624000e-04,-9.629679e+02,-1.086544e-04,1.42083394e-05,-9.629679e+02,-1.344720e+02
0.4050,2.16909000e-04,-8.132566e+02,-9.176204e-05,1.42930132e-05,-8.132566e+02,-1.701182e+02
0.4100,2.17723000e-04,-3.528095e+02,-3.980850e-05,1.43466510e-05,-3.528095e+02,-1.226010e+02
0.4150,2.18114000e-04,4.713954e+02,5.318888e-05,1.43724155e-05,4.713954e+02,3.359423e+00
0.4200,2.18164000e-04,1.421508e+03,1.603928e-04,1.43757103e-05,1.421508e+03,1.745539e+02
0.4250,2.17875000e-04,2.149782e+03,2.425660e-04,1.43566669e-05,2.149782e+03,3.581486e+02
0.4300,2.17198000e-04,2.218481e+03,2.503175e-04,1.43120566e-05,2.218481e+03,4.856937e+02
0.4350,2.16083000e-04,1.652089e+03,1.864099e-04,1.42385847e-05,1.652089e+03,5.341165e+02
0.4400,2.14494000e-04,7.505436e+02,8.468595e-05,1.41338791e-05,7.505436e+02,4.876617e+02
0.4450,2.12477000e-04,-1.574519e+02,-1.776575e-05,1.40009708e-05,-1.574519e+02,3.606031e+02
0.4500,2.10238000e-04,-4.692267e+02,-5.294417e-05,1.38534340e-05,-4.692267e+02,1.908374e+02
0.4550,2.07950000e-04,-6.241891e+01,-7.042902e-06,1.37026684e-05,-6.241891e+01,9.096630e-01
0.4600,2.05962000e-04,8.325880e+02,9.394326e-05,1.35716710e-05,8.325880e+02,-1.691622e+02
0.4650,2.04407000e-04,1.642198e+03,1.852938e-04,1.34692058e-05,1.642198e+03,-3.007364e+02
0.4700,2.03411000e-04,1.288068e+03,1.453364e-04,1.34035753e-05,1.288068e+03,-3.761193e+02
0.4750,2.02938000e-04,-4.044123e+02,-4.563098e-05,1.33724074e-05,-4.044123e+02,-4.112645e+02
0.4800,2.02876000e-04,-3.180636e+03,-3.588802e-04,1.33683220e-05,-3.180636e+03,-4.522986e+02
0.4850,2.03158000e-04,-6.379614e+03,-7.198298e-04,1.33869041e-05,-6.379614e+03,-5.238518e+02
0.4900,2.03682000e-04,-8.852950e+03,-9.989034e-04,1.34214326e-05,-8.852950e+03,-6.447306e+02
0.4950,2.04404000e-04,-1.033817e+04,-1.166485e-03,1.34690081e-05,-1.033817e+04,-7.979619e+02
0.5000,2.05230000e-04,-1.060619e+04,-1.196727e-03,1.35234366e-05,-1.060619e+04,-9.347927e+02
0.5050,2.06120000e-04,-9.814470e+03,-1.107394e-03,1.35820823e-05,-9.814470e+03,-1.027242e+03
0.5100,2.07044000e-04,-8.320357e+03,-9.388094e-04,1.36429684e-05,-8.320357e+03,-1.036748e+03
0.5150,2.08042000e-04,-6.328529e+03,-7.140658e-04,1.37087306e-05,-6.328529e+03,-9.643661e+02
0.5200,2.09219000e-04,-4.286292e+03,-4.836344e-04,1.37862879e-05,-4.286292e+03,-8.330982e+02
0.5250,2.10618000e-04,-2.405771e+03,-2.714499e-04,1.38784737e-05,-2.405771e+03,-6.657513e+02
0.5300,2.12225000e-04,-1.028882e+03,-1.160917e-04,1.39843655e-05,-1.028882e+03,-4.991837e+02
0.5350,2.13942000e-04,-2.473665e+02,-2.791107e-05,1.40975056e-05,-2.473665e+02,-3.414146e+02
0.5400,2.15522000e-04,-1.390904e+01,-1.569396e-06,1.42016182e-05,-1.390904e+01,-1.844411e+02
0.5450,2.16839000e-04,-1.275874e+02,-1.439605e-05,1.42884006e-05,-1.275874e+02,-8.500526e+00
0.5500,2.17748000e-04,-1.179360e+02,-1.330705e-05,1.43482983e-05,-1.179360e+02,2.278009e+02
0.5550,2.18275000e-04,2.588172e+02,2.920308e-05,1.43830245e-05,2.588172e+02,5.371499e+02
0.5600,2.18543000e-04,1.169624e+03,1.319720e-04,1.44006841e-05,1.169624e+03,9.223553e+02
0.5650,2.18632000e-04,2.390030e+03,2.696738e-04,1.44065487e-05,2.390030e+03,1.366505e+03
0.5700,2.18612000e-04,3.375286e+03,3.808431e-04,1.44052308e-05,3.375286e+03,1.809215e+03
0.5750,2.18440000e-04,3.838799e+03,4.331425e-04,1.43938970e-05,3.838799e+03,2.202256e+03
0.5800,2.17969000e-04,3.429354e+03,3.869437e-04,1.43628609e-05,3.429354e+03,2.447275e+03
0.5850,2.17100000e-04,2.138970e+03,2.413460e-04,1.43055990e-05,2.138970e+03,2.503807e+03
0.5900,2.15693000e-04,2.420739e+02,2.731389e-05,1.42128860e-05,2.420739e+02,2.320689e+03
0.5950,2.13749000e-04,-1.844796e+03,-2.081535e-04,1.40847880e-05,-1.844796e+03,1.900908e+03
0.6000,2.11396000e-04,-3.180688e+03,-3.588861e-04,1.39297393e-05,-3.180688e+03,1.298364e+03
0.6050,2.08793000e-04,-3.474098e+03,-3.919923e-04,1.37582171e-05,-3.474098e+03,5.780309e+02
0.6100,2.06299000e-04,-2.721597e+03,-3.070855e-04,1.35938773e-05,-2.721597e+03,-1.202392e+02
0.6150,2.04086000e-04,-1.519660e+03,-1.714675e-04,1.34480538e-05,-1.519660e+03,-7.359632e+02
0.6200,2.02407000e-04,-1.020872e+03,-1.151878e-04,1.33374177e-05,-1.020872e+03,-1.204108e+03
0.6250,2.01324000e-04,-1.434063e+03,-1.618094e-04,1.32660544e-05,-1.434063e+03,-1.539384e+03
0.6300,2.00914000e-04,-2.592987e+03,-2.925741e-04,1.32390378e-05,-2.592987e+03,-1.788191e+03
0.6350,2.01183000e-04,-4.026222e+03,-4.542900e-04,1.32567633e-05,-4.026222e+03,-1.973492e+03
0.6400,2.02091000e-04,-4.985347e+03,-5.625107e-04,1.33165951e-05,-4.985347e+03,-2.113418e+03
0.6450,2.03561000e-04,-5.405499e+03,-6.099177e-04,1.34134594e-05,-5.405499e+03,-2.196259e+03
0.6500,2.05383000e-04,-5.398531e+03,-6.091315e-04,1.35335184e-05,-5.398531e+03,-2.194559e+03
0.6550,2.07418000e-04,-5.212105e+03,-5.880965e-04,1.36676128e-05,-5.212105e+03,-2.095513e+03
0.6600,2.09411000e-04,-5.243290e+03,-5.916153e-04,1.37989396e-05,-5.243290e+03,-1.882396e+03
0.6650,2.11262000e-04,-5.467942e+03,-6.169633e-04,1.39209095e-05,-5.467942e+03,-1.558309e+03
0.6700,2.12825000e-04,-5.580191e+03,-6.296288e-04,1.40239019e-05,-5.580191e+03,-1.148083e+03
0.6750,2.14069000e-04,-5.211672e+03,-5.880477e-04,1.41058741e-05,-5.211672e+03,-6.779807e+02
0.6800,2.14969000e-04,-3.937731e+03,-4.443053e-04,1.41651788e-05,-3.937731e+03,-2.048370e+02
0.6850,2.15526000e-04,-2.065861e+03,-2.330969e-04,1.42018817e-05,-2.065861e+03,2.490181e+02
0.6900,2.15734000e-04,-4.308224e+02,-4.861091e-05,1.42155877e-05,-4.308224e+02,6.469627e+02
0.6950,2.15599000e-04,6.153571e+02,6.943248e-05,1.42066920e-05,6.153571e+02,9.789711e+02
0.7000,2.15202000e-04,1.022761e+03,1.154010e-04,1.41805321e-05,1.022761e+03,1.240135e+03
0.7050,2.14660000e-04,1.341060e+03,1.513156e-04,1.41448175e-05,1.341060e+03,1.436572e+03
0.7100,2.14247000e-04,2.365099e+03,2.668609e-04,1.41176032e-05,2.365099e+03,1.587365e+03
0.7150,2.14083000e-04,3.936407e+03,4.441559e-04,1.41067966e-05,3.936407e+03,1.704435e+03
0.7200,2.14239000e-04,5.270646e+03,5.947019e-04,1.41170761e-05,5.270646e+03,1.790177e+03
0.7250,2.14615000e-04,5.816151e+03,6.562528e-04,1.41418523e-05,5.816151e+03,1.828663e+03
0.7300,2.14941000e-04,5.016505e+03,5.660265e-04,1.41633337e-05,5.016505e+03,1.787506e+03
0.7350,2.15077000e-04,3.124149e+03,3.525065e-04,1.41722953e-05,3.124149e+03,1.656768e+03
0.7400,2.14859000e-04,8.121459e+02,9.163672e-05,1.41579304e-05,8.121459e+02,1.436194e+03
0.7450,2.14291000e-04,-1.500777e+03,-1.693369e-04,1.41205026e-05,-1.500777e+03,1.136700e+03
0.7500,2.13447000e-04,-3.169540e+03,-3.576282e-04,1.40648880e-05,-3.169540e+03,7.827208e+02
0.7550,2.12388000e-04,-4.091504e+03,-4.616559e-04,1.39951062e-05,-4.091504e+03,3.886267e+02
0.7600,2.11231000e-04,-4.261866e+03,-4.808784e-04,1.39188668e-05,-4.261866e+03,-1.019200e+01
0.7650,2.10028000e-04,-3.857916e+03,-4.352996e-04,1.38395962e-05,-3.857916e+03,-3.932373e+02
0.7700,2.08888000e-04,-3.235170e+03,-3.650333e-04,1.37644770e-05,-3.235170e+03,-7.283921e+02
0.7750,2.07882000e-04,-2.459034e+03,-2.774597e-04,1.36981876e-05,-2.459034e+03,-1.012663e+03
0.7800,2.07169000e-04,-1.637765e+03,-1.847937e-04,1.36512051e-05,-1.637765e+03,-1.249311e+03
0.7850,2.06815000e-04,-9.374873e+02,-1.057793e-04,1.36278786e-05,-9.374873e+02,-1.439111e+03
0.7900,2.06857000e-04,-8.488669e+02,-9.578005e-05,1.36306462e-05,-8.488669e+02,-1.574026e+03
0.7950,2.07223000e-04,-1.617805e+03,-1.825416e-04,1.36547634e-05,-1.617805e+03,-1.642004e+03
0.8000,2.07715000e-04,-3.193708e+03,-3.603550e-04,1.36871833e-05,-3.193708e+03,-1.623938e+03
0.8050,2.08243000e-04,-5.028912e+03,-5.674263e-04,1.37219753e-05,-5.028912e+03,-1.517987e+03
0.8100,2.08742000e-04,-6.076783e+03,-6.856606e-04,1.37548565e-05,-6.076783e+03,-1.331605e+03
0.8150,2.09263000e-04,-6.074639e+03,-6.854187e-04,1.37891873e-05,-6.074639e+03,-1.074834e+03
0.8200,2.09926000e-04,-5.024329e+03,-5.669093e-04,1.38328750e-05,-5.024329e+03,-7.733753e+02
0.8250,2.10770000e-04,-3.276042e+03,-3.696451e-04,1.38884896e-05,-3.276042e+03,-4.399572e+02
0.8300,2.11781000e-04,-1.417627e+03,-1.599549e-04,1.39551085e-05,-1.417627e+03,-9.941266e+01
0.8350,2.12900000e-04,4.089926e+02,4.614779e-05,1.40288440e-05,4.089926e+02,2.360696e+02
0.8400,2.13994000e-04,2.018240e+03,2.277237e-04,1.41009320e-05,2.018240e+03,5.291588e+02
0.8450,2.15000000e-04,3.291935e+03,3.714383e-04,1.41672215e-05,3.291935e+03,7.560763e+02
0.8500,2.15798000e-04,3.976390e+03,4.486674e-04,1.42198049e-05,3.976390e+03,8.722777e+02
0.8550,2.16328000e-04,3.876201e+03,4.373627e-04,1.42547288e-05,3.876201e+03,8.738020e+02
0.8600,2.16438000e-04,2.784515e+03,3.141847e-04,1.42619771e-05,2.784515e+03,7.873212e+02
0.8650,2.16048000e-04,8.388831e+02,9.465355e-05,1.42362784e-05,8.388831e+02,6.531301e+02
0.8700,2.15066000e-04,-1.300345e+03,-1.467216e-04,1.41715705e-05,-1.300345e+03,5.558673e+02
0.8750,2.13548000e-04,-2.950271e+03,-3.328875e-04,1.40715433e-05,-2.950271e+03,5.290772e+02
0.8800,2.11782000e-04,-3.054124e+03,-3.446055e-04,1.39551744e-05,-3.054124e+03,5.986155e+02
0.8850,2.10022000e-04,-1.671647e+03,-1.886167e-04,1.38392009e-05,-1.671647e+03,7.444817e+02
0.8900,2.08739000e-04,4.710964e+02,5.315514e-05,1.37546588e-05,4.710964e+02,8.969610e+02
0.8950,2.08082000e-04,2.533312e+03,2.858407e-04,1.37113664e-05,2.533312e+03,1.011031e+03
0.9000,2.08142000e-04,3.329013e+03,3.756220e-04,1.37153200e-05,3.329013e+03,1.017341e+03
0.9050,2.08819000e-04,2.849869e+03,3.215588e-04,1.37599303e-05,2.849869e+03,9.022269e+02
0.9100,2.09834000e-04,1.455354e+03,1.642117e-04,1.38268128e-05,1.455354e+03,6.696941e+02
0.9150,2.11007000e-04,-4.688631e+02,-5.290315e-05,1.39041065e-05,-4.688631e+02,3.399036e+02
0.9200,2.11999000e-04,-2.274262e+03,-2.566115e-04,1.39694734e-05,-2.274262e+03,-4.468668e+01
0.9250,2.12680000e-04,-3.704396e+03,-4.179774e-04,1.40143473e-05,-3.704396e+03,-4.587930e+02
0.9300,2.12907000e-04,-4.261262e+03,-4.808103e-04,1.40293052e-05,-4.261262e+03,-8.371001e+02
0.9350,2.12720000e-04,-3.789728e+03,-4.276058e-04,1.40169830e-05,-3.789728e+03,-1.136236e+03
0.9400,2.12344000e-04,-2.355408e+03,-2.657674e-04,1.39922069e-05,-2.355408e+03,-1.281498e+03
0.9450,2.11967000e-04,-3.642698e+02,-4.110159e-05,1.39673648e-05,-3.642698e+02,-1.259873e+03
0.9500,2.11922000e-04,1.164501e+03,1.313939e-04,1.39643996e-05,1.164501e+03,-1.103037e+03
0.9550,2.12278000e-04,1.692399e+03,1.909582e-04,1.39878579e-05,1.692399e+03,-8.668938e+02
0.9600,2.12970000e-04,6.484751e+02,7.316927e-05,1.40334565e-05,6.484751e+02,-6.652069e+02
0.9650,2.13813000e-04,-1.645970e+03,-1.857195e-04,1.40890052e-05,-1.645970e+03,-5.392061e+02
0.9700,2.14421000e-04,-3.876944e+03,-4.374466e-04,1.41290688e-05,-3.876944e+03,-5.166665e+02
0.9750,2.14652000e-04,-5.067809e+03,-5.718152e-04,1.41442903e-05,-5.067809e+03,-5.688301e+02
0.9800,2.14444000e-04,-3.879075e+03,-4.376870e-04,1.41305844e-05,-3.879075e+03,-6.105713e+02
0.9850,2.13923000e-04,-6.397556e+02,-7.218543e-05,1.40962536e-05,-6.397556e+02,-5.872530e+02
0.9900,2.13399000e-04,3.157104e+03,3.562250e-04,1.40617251e-05,3.157104e+03,-4.245724e+02
0.9950,2.13019000e-04,6.362649e+03,7.179156e-04,1.40366853e-05,6.362649e+03,-1.206945e+02
1.0000,2.12949000e-04,7.420347e+03,8.372587e-04,1.40320728e-05,7.420347e+03,2.827997e+02
1.0050,2.13184000e-04,6.588869e+03,7.434408e-04,1.40475579e-05,6.588869e+03,7.315917e+02
1.0100,2.13656000e-04,4.876772e+03,5.502600e-04,1.40786599e-05,4.876772e+03,1.111851e+03
1.0150,2.14290000e-04,2.927504e+03,3.303185e-04,1.41204367e-05,2.927504e+03,1.375026e+03
1.0200,2.14901000e-04,1.590498e+03,1.794604e-04,1.41606980e-05,1.590498e+03,1.455822e+03
1.0250,2.15373000e-04,7.513422e+02,8.477606e-05,1.41917999e-05,7.513422e+02,1.359348e+03
1.0300,2.15485000e-04,2.754003e+01,3.107419e-06,1.41991801e-05,2.754003e+01,1.149853e+03
1.0350,2.15162000e-04,-7.363448e+02,-8.308386e-05,1.41778963e-05,-7.363448e+02,8.938364e+02
1.0400,2.14346000e-04,-1.763211e+03,-1.989481e-04,1.41241268e-05,-1.763211e+03,7.089223e+02
1.0450,2.13086000e-04,-2.866854e+03,-3.234753e-04,1.40411002e-05,-2.866854e+03,6.188609e+02
1.0500,2.11565000e-04,-3.584781e+03,-4.044810e-04,1.39408754e-05,-3.584781e+03,5.995039e+02
1.0550,2.09913000e-04,-3.735015e+03,-4.214323e-04,1.38320184e-05,-3.735015e+03,5.948120e+02
1.0600,2.08382000e-04,-3.150734e+03,-3.555063e-04,1.37311346e-05,-3.150734e+03,4.743532e+02
1.0650,2.07070000e-04,-2.073497e+03,-2.339585e-04,1.36446816e-05,-2.073497e+03,2.014428e+02
1.0700,2.06143000e-04,-9.729919e+02,-1.097854e-04,1.35835978e-05,-9.729919e+02,-2.196590e+02
1.0750,2.05671000e-04,6.868430e+00,7.749844e-07,1.35524958e-05,6.868430e+00,-7.369093e+02
1.0800,2.05781000e-04,6.202592e+02,6.998560e-05,1.35597442e-05,6.202592e+02,-1.221190e+03
1.0850,2.06514000e-04,8.690658e+02,9.805915e-05,1.36080445e-05,8.690658e+02,-1.606802e+03
1.0900,2.07849000e-04,7.334384e+02,8.275592e-05,1.36960131e-05,7.334384e+02,-1.803227e+03
1.0950,2.09678000e-04,3.437328e+02,3.878434e-05,1.38165333e-05,3.437328e+02,-1.802446e+03
1.1000,2.11707000e-04,2.009638e+02,2.267532e-05,1.39502323e-05,2.009638e+02,-1.629953e+03
1.1050,2.13764000e-04,5.602235e+02,6.321160e-05,1.40857764e-05,5.602235e+02,-1.322017e+03
1.1100,2.15589000e-04,1.519714e+03,1.714737e-04,1.42060331e-05,1.519714e+03,-9.551005e+02
1.1150,2.17126000e-04,2.634831e+03,2.972955e-04,1.43073122e-05,2.634831e+03,-5.635016e+02
1.1200,2.18314000e-04,2.899965e+03,3.272112e-04,1.43855944e-05,2.899965e+03,-2.015094e+02
1.1250,2.19149000e-04,2.133411e+03,2.407188e-04,1.44406159e-05,2.133411e+03,1.130702e+02
1.1300,2.19608000e-04,5.416022e+02,6.111051e-05,1.44708613e-05,5.416022e+02,3.657343e+02
1.1350,2.19671000e-04,-1.149350e+03,-1.296844e-04,1.44750126e-05,-1.149350e+03,5.590366e+02
1.1400,2.19320000e-04,-1.575996e+03,-1.778240e-04,1.44518838e-05,-1.575996e+03,6.943054e+02
1.1450,2.18571000e-04,-5.007465e+02,-5.650065e-05,1.44025291e-05,-5.007465e+02,7.711088e+02
1.1500,2.17508000e-04,1.818073e+03,2.051383e-04,1.43324838e-05,1.818073e+03,7.848344e+02
1.1550,2.16202000e-04,4.472506e+03,5.046454e-04,1.42464261e-05,4.472506e+03,7.407332e+02
1.1600,2.14774000e-04,5.584250e+03,6.300868e-04,1.41523294e-05,5.584250e+03,6.741471e+02
1.1650,2.13264000e-04,4.710145e+03,5.314590e-04,1.40528294e-05,4.710145e+03,6.136387e+02
1.1700,2.11752000e-04,2.072216e+03,2.338140e-04,1.39531976e-05,2.072216e+03,6.110132e+02
1.1750,2.10309000e-04,-1.116491e+03,-1.259768e-04,1.38581125e-05,-1.116491e+03,6.726029e+02
1.1800,2.09161000e-04,-2.623419e+03,-2.960078e-04,1.37824661e-05,-2.623419e+03,7.751942e+02
1.1850,2.08447000e-04,-2.240494e+03,-2.528013e-04,1.37354177e-05,-2.240494e+03,8.879284e+02
1.1900,2.08324000e-04,-7.219207e+02,-8.145635e-05,1.37273128e-05,-7.219207e+02,9.405230e+02
1.1950,2.08743000e-04,7.161208e+02,8.080194e-05,1.37549224e-05,7.161208e+02,9.042463e+02
1.2000,2.09449000e-04,4.157829e+02,4.691396e-05,1.38014436e-05,4.157829e+02,7.646575e+02
1.2050,2.10266000e-04,-1.203389e+03,-1.357818e-04,1.38552790e-05,-1.203389e+03,5.403186e+02
1.2100,2.10965000e-04,-2.628385e+03,-2.965681e-04,1.39013390e-05,-2.628385e+03,2.903101e+02
1.2150,2.11543000e-04,-2.889274e+03,-3.260049e-04,1.39394257e-05,-2.889274e+03,3.973410e+01
1.2200,2.12080000e-04,-9.617638e+02,-1.085185e-04,1.39748108e-05,-9.617638e+02,-2.032743e+02
1.2250,2.12633000e-04,2.446599e+03,2.760566e-04,1.40112502e-05,2.446599e+03,-4.586917e+02
1.2300,2.13230000e-04,5.539829e+03,6.250746e-04,1.40505890e-05,5.539829e+03,-7.672566e+02
1.2350,2.13824000e-04,7.332903e+03,8.273922e-04,1.40897301e-05,7.332903e+03,-1.131350e+03
1.2400,2.14316000e-04,6.756917e+03,7.624020e-04,1.41221499e-05,6.756917e+03,-1.486077e+03
1.2450,2.14691000e-04,4.471552e+03,5.045378e-04,1.41468602e-05,4.471552e+03,-1.774091e+03
1.2500,2.15005000e-04,2.163862e+03,2.441546e-04,1.41675509e-05,2.163862e+03,-1.892272e+03
1.2550,2.15320000e-04,6.582315e+02,7.427012e-05,1.41883076e-05,6.582315e+02,-1.810274e+03
1.2600,2.15693000e-04,6.085112e+02,6.866003e-05,1.42128860e-05,6.085112e+02,-1.520221e+03
1.2650,2.16053000e-04,1.232310e+03,1.390450e-04,1.42366079e-05,1.232310e+03,-1.065287e+03
1.2700,2.16171000e-04,1.114650e+03,1.257692e-04,1.42443834e-05,1.114650e+03,-5.409183e+02
1.2750,2.15934000e-04,1.242265e+02,1.401683e-05,1.42287665e-05,1.242265e+02,-4.373153e+00
1.2800,2.15305000e-04,-1.224209e+03,-1.381310e-04,1.41873192e-05,-1.224209e+03,4.552363e+02
1.2850,2.14436000e-04,-2.092938e+03,-2.361521e-04,1.41300572e-05,-2.092938e+03,8.152022e+02
1.2900,2.13702000e-04,-1.468043e+03,-1.656435e-04,1.40816910e-05,-1.468043e+03,1.054051e+03
1.2950,2.13253000e-04,2.930927e+02,3.307048e-05,1.40521046e-05,2.930927e+02,1.180171e+03
1.3000,2.13160000e-04,2.127502e+03,2.400521e-04,1.40459764e-05,2.127502e+03,1.206376e+03
1.3050,2.13280000e-04,3.260372e+03,3.678770e-04,1.40538837e-05,3.260372e+03,1.141415e+03
1.3100,2.13278000e-04,2.760394e+03,3.114631e-04,1.40537519e-05,2.760394e+03,1.013838e+03
1.3150,2.13028000e-04,9.219458e+02,1.040258e-04,1.40372784e-05,9.219458e+02,8.404162e+02
1.3200,2.12477000e-04,-1.224301e+03,-1.381414e-04,1.40009708e-05,-1.224301e+03,6.553651e+02
1.3250,2.11749000e-04,-2.854551e+03,-3.220871e-04,1.39529999e-05,-2.854551e+03,4.765968e+02
1.3300,2.11132000e-04,-2.891568e+03,-3.262638e-04,1.39123433e-05,-2.891568e+03,3.381822e+02
1.3350,2.10735000e-04,-1.663166e+03,-1.876597e-04,1.38861833e-05,-1.663166e+03,2.640456e+02
1.3400,2.10597000e-04,-3.193909e+02,-3.603778e-05,1.38770899e-05,-3.193909e+02,2.678172e+02
1.3450,2.10625000e-04,4.214162e+02,4.754958e-05,1.38789350e-05,4.214162e+02,3.244050e+02
1.3500,2.10654000e-04,-9.155042e+01,-1.032989e-05,1.38808459e-05,-9.155042e+01,3.551932e+02
1.3550,2.10674000e-04,-1.258964e+03,-1.420525e-04,1.38821638e-05,-1.258964e+03,3.057756e+02
1.3600,2.10795000e-04,-1.794712e+03,-2.025024e-04,1.38901370e-05,-1.794712e+03,1.142898e+02
1.3650,2.11112000e-04,-1.306434e+03,-1.474087e-04,1.39110254e-05,-1.306434e+03,-1.998318e+02
1.3700,2.11699000e-04,3.408729e+02,3.846165e-05,1.39497052e-05,3.408729e+02,-5.500234e+02
1.3750,2.12473000e-04,2.561050e+03,2.889705e-04,1.40007072e-05,2.561050e+03,-8.664415e+02
1.3800,2.13195000e-04,4.203564e+03,4.743000e-04,1.40482827e-05,4.203564e+03,-1.039381e+03
1.3850,2.13757000e-04,4.892477e+03,5.520320e-04,1.40853152e-05,4.892477e+03,-1.052852e+03
1.3900,2.14081000e-04,4.349799e+03,4.908001e-04,1.41066648e-05,4.349799e+03,-9.266204e+02
1.3950,2.14248000e-04,3.060888e+03,3.453686e-04,1.41176691e-05,3.060888e+03,-7.069218e+02
1.4000,2.14457000e-04,2.082943e+03,2.350243e-04,1.41314410e-05,2.082943e+03,-4.762931e+02
1.4050,2.14785000e-04,1.783561e+03,2.012442e-04,1.41530542e-05,1.783561e+03,-2.565728e+02
1.4100,2.15236000e-04,2.226740e+03,2.512494e-04,1.41827725e-05,2.226740e+03,-6.013543e+01
1.4150,2.15688000e-04,2.694530e+03,3.040314e-04,1.42125566e-05,2.694530e+03,1.234998e+02
1.4200,2.15842000e-04,1.971032e+03,2.223971e-04,1.42227043e-05,1.971032e+03,2.945316e+02
1.4250,2.15585000e-04,7.331425e+01,8.272254e-06,1.42057695e-05,7.331425e+01,4.288498e+02
1.4300,2.14882000e-04,-2.160313e+03,-2.437542e-04,1.41594460e-05,-2.160313e+03,4.799832e+02
1.4350,2.13876000e-04,-3.681844e+03,-4.154329e-04,1.40931565e-05,-3.681844e+03,4.331766e+02
1.4400,2.12913000e-04,-3.048890e+03,-3.440149e-04,1.40297006e-05,-3.048890e+03,3.025358e+02
1.4450,2.12146000e-04,-5.182253e+02,-5.847283e-05,1.39791598e-05,-5.182253e+02,1.205166e+02
1.4500,2.11709000e-04,2.621472e+03,2.957882e-04,1.39503641e-05,2.621472e+03,-5.736301e+01
1.4550,2.11542000e-04,5.156912e+03,5.818690e-04,1.39393598e-05,5.156912e+03,-2.162632e+02
1.4600,2.11480000e-04,5.304773e+03,5.985526e-04,1.39352744e-05,5.304773e+03,-3.485083e+02
1.4650,2.11460000e-04,3.244449e+03,3.660804e-04,1.39339565e-05,3.244449e+03,-4.663596e+02
1.4700,2.11478000e-04,3.363699e+02,3.795357e-05,1.39351426e-05,3.363699e+02,-5.768632e+02
1.4750,2.11620000e-04,-2.044798e+03,-2.307204e-04,1.39444996e-05,-2.044798e+03,-6.630347e+02
1.4800,2.12070000e-04,-1.922395e+03,-2.169093e-04,1.39741519e-05,-1.922395e+03,-6.689185e+02
1.4850,2.12864000e-04,3.209274e+02,3.621115e-05,1.40264718e-05,3.209274e+02,-5.535925e+02
1.4900,2.13916000e-04,3.010271e+03,3.396574e-04,1.40957923e-05,3.010271e+03,-2.827214e+02
1.4950,2.15079000e-04,4.918597e+03,5.549792e-04,1.41724271e-05,4.918597e+03,1.154881e+02
1.5000,2.16086000e-04,4.710719e+03,5.315237e-04,1.42387824e-05,4.710719e+03,5.476125e+02
1.5050,2.16882000e-04,3.071334e+03,3.465473e-04,1.42912341e-05,3.071334e+03,9.481664e+02
1.5100,2.17489000e-04,1.668806e+03,1.882961e-04,1.43312318e-05,1.668806e+03,1.215547e+03
1.5150,2.17958000e-04,1.129151e+03,1.274053e-04,1.43621361e-05,1.129151e+03,1.335168e+03
1.5200,2.18285000e-04,1.879374e+03,2.120551e-04,1.43836834e-05,1.879374e+03,1.309348e+03
1.5250,2.18364000e-04,3.247219e+03,3.663929e-04,1.43888891e-05,3.247219e+03,1.150329e+03
1.5300,2.17962000e-04,3.993954e+03,4.506491e-04,1.43623997e-05,3.993954e+03,9.017609e+02
1.5350,2.17017000e-04,3.783850e+03,4.269425e-04,1.43001298e-05,3.783850e+03,5.940704e+02
1.5400,2.15592000e-04,2.424631e+03,2.735780e-04,1.42062307e-05,2.424631e+03,2.942909e+02
1.5450,2.13865000e-04,4.965899e+02,5.603164e-05,1.40924317e-05,4.965899e+02,2.813994e+01
1.5500,2.12229000e-04,-9.135997e+02,-1.030840e-04,1.39846290e-05,-9.135997e+02,-1.683915e+02
1.5550,2.10840000e-04,-1.506658e+03,-1.700005e-04,1.38931022e-05,-1.506658e+03,-2.899206e+02
1.5600,2.09847000e-04,-1.156079e+03,-1.304436e-04,1.38276694e-05,-1.156079e+03,-3.483299e+02
1.5650,2.09196000e-04,-4.093431e+02,-4.618733e-05,1.37847724e-05,-4.093431e+02,-3.605438e+02
1.5700,2.08743000e-04,-1.440322e+02,-1.625156e-05,1.37549224e-05,-1.440322e+02,-3.723490e+02
1.5750,2.08449000e-04,-4.221100e+02,-4.762787e-05,1.37355495e-05,-4.221100e+02,-4.141771e+02
1.5800,2.08350000e-04,-1.164624e+03,-1.314078e-04,1.37290260e-05,-1.164624e+03,-5.198423e+02
1.5850,2.08519000e-04,-2.155395e+03,-2.431994e-04,1.37401621e-05,-2.155395e+03,-6.805318e+02
1.5900,2.08991000e-04,-3.268654e+03,-3.688115e-04,1.37712641e-05,-3.268654e+03,-8.469371e+02
1.5950,2.09662000e-04,-4.503610e+03,-5.081550e-04,1.38154790e-05,-4.503610e+03,-9.801331e+02
1.6000,2.10219000e-04,-5.465058e+03,-6.166379e-04,1.38521820e-05,-5.465058e+03,-1.028648e+03
1.6050,2.10508000e-04,-5.659213e+03,-6.385450e-04,1.38712254e-05,-5.659213e+03,-9.921512e+02
1.6100,2.10457000e-04,-4.213631e+03,-4.754359e-04,1.38678648e-05,-4.213631e+03,-8.944932e+02
1.6150,2.10228000e-04,-1.215318e+03,-1.371277e-04,1.38527750e-05,-1.215318e+03,-7.579599e+02
1.6200,2.10258000e-04,2.526328e+03,2.850527e-04,1.38547519e-05,2.526328e+03,-6.138556e+02
1.6250,2.10767000e-04,6.186401e+03,6.980291e-04,1.38882919e-05,6.186401e+03,-4.588595e+02
1.6300,2.11962000e-04,8.353359e+03,9.425331e-04,1.39670353e-05,8.353359e+03,-2.695897e+02
1.6350,2.13736000e-04,8.784082e+03,9.911328e-04,1.40839314e-05,8.784082e+03,-2.896766e+01
1.6400,2.15704000e-04,7.671230e+03,8.655666e-04,1.42136109e-05,7.671230e+03,2.622489e+02
1.6450,2.17604000e-04,5.697315e+03,6.428442e-04,1.43388096e-05,5.697315e+03,5.697362e+02
1.6500,2.19054000e-04,4.340697e+03,4.897731e-04,1.44343560e-05,4.340697e+03,8.002662e+02
1.6550,2.20005000e-04,4.091030e+03,4.616025e-04,1.44970212e-05,4.091030e+03,9.143428e+02
1.6600,2.20514000e-04,5.194682e+03,5.861306e-04,1.45305613e-05,5.194682e+03,9.026005e+02
1.6650,2.20689000e-04,7.089106e+03,7.998839e-04,1.45420927e-05,7.089106e+03,8.065612e+02
1.6700,2.20706000e-04,8.521495e+03,9.615044e-04,1.45432129e-05,8.521495e+03,7.382843e+02
1.6750,2.20610000e-04,9.092580e+03,1.025941e-03,1.45368871e-05,9.092580e+03,7.396903e+02
1.6800,2.20448000e-04,8.387843e+03,9.464240e-04,1.45262123e-05,8.387843e+03,8.166054e+02
1.6850,2.20200000e-04,6.513307e+03,7.349149e-04,1.45098705e-05,6.513307e+03,9.119238e+02
1.6900,2.19763000e-04,3.827297e+03,4.318448e-04,1.44810748e-05,3.827297e+03,8.926391e+02
1.6950,2.19036000e-04,6.710585e+02,7.571742e-05,1.44331699e-05,6.710585e+02,7.057786e+02
1.7000,2.17839000e-04,-2.024488e+03,-2.284287e-04,1.43542947e-05,-2.024488e+03,3.411471e+02
1.7050,2.16137000e-04,-3.778607e+03,-4.263509e-04,1.42421430e-05,-3.778607e+03,-1.285153e+02
1.7100,2.14024000e-04,-4.101463e+03,-4.627796e-04,1.41029089e-05,-4.101463e+03,-5.148256e+02
1.7150,2.11677000e-04,-3.264256e+03,-3.683153e-04,1.39482555e-05,-3.264256e+03,-7.284370e+02
1.7200,2.09526000e-04,-2.033535e+03,-2.294495e-04,1.38065174e-05,-2.033535e+03,-6.945359e+02
1.7250,2.07815000e-04,-7.009194e+02,-7.908671e-05,1.36937727e-05,-7.009194e+02,-4.630547e+02
1.7300,2.06947000e-04,4.467367e+02,5.040657e-05,1.36365767e-05,4.467367e+02,-1.845561e+02
1.7350,2.07017000e-04,1.431008e+03,1.614647e-04,1.36411892e-05,1.431008e+03,5.531982e+01
1.7400,2.08004000e-04,2.191289e+03,2.472494e-04,1.37062267e-05,2.191289e+03,1.381502e+02
1.7450,2.09734000e-04,2.524007e+03,2.847909e-04,1.38202234e-05,2.524007e+03,5.544883e+01
1.7500,2.11758000e-04,2.206858e+03,2.490060e-04,1.39535929e-05,2.206858e+03,-1.591922e+02
1.7550,2.13826000e-04,1.310686e+03,1.478884e-04,1.40898618e-05,1.310686e+03,-4.500778e+02
1.7600,2.15530000e-04,1.474359e+02,1.663561e-05,1.42021453e-05,1.474359e+02,-7.017949e+02
1.7650,2.16755000e-04,-9.642854e+02,-1.088030e-04,1.42828655e-05,-9.642854e+02,-8.569562e+02
1.7700,2.17384000e-04,-1.322308e+03,-1.491998e-04,1.43243129e-05,-1.322308e+03,-8.378712e+02
1.7750,2.17449000e-04,-5.724458e+02,-6.459068e-05,1.43285960e-05,-5.724458e+02,-6.484649e+02
1.7800,2.17106000e-04,1.567226e+03,1.768346e-04,1.43059943e-05,1.567226e+03,-3.467973e+02
1.7850,2.16480000e-04,4.557562e+03,5.142426e-04,1.42647447e-05,4.557562e+03,1.344523e+01
1.7900,2.15785000e-04,7.021457e+03,7.922508e-04,1.42189483e-05,7.021457e+03,3.162033e+02
1.7950,2.15084000e-04,8.330320e+03,9.399336e-04,1.41727566e-05,8.330320e+03,5.125155e+02
1.8000,2.14460000e-04,8.094118e+03,9.132822e-04,1.41316387e-05,8.094118e+03,5.539648e+02
1.8050,2.13938000e-04,6.980898e+03,7.876745e-04,1.40972420e-05,6.980898e+03,4.541461e+02
1.8100,2.13585000e-04,6.198384e+03,6.993812e-04,1.40739814e-05,6.198384e+03,2.833883e+02
1.8150,2.13415000e-04,5.864082e+03,6.616609e-04,1.40627794e-05,5.864082e+03,9.921520e+01
1.8200,2.13372000e-04,5.604082e+03,6.323244e-04,1.40599459e-05,5.604082e+03,-1.611710e+01
1.8250,2.13361000e-04,4.931518e+03,5.564371e-04,1.40592211e-05,4.931518e+03,-5.290340e+01
1.8300,2.13200000e-04,3.373512e+03,3.806429e-04,1.40486122e-05,3.373512e+03,-2.094867e+01
1.8350,2.12838000e-04,1.221479e+03,1.378230e-04,1.40247585e-05,1.221479e+03,6.218894e+01
1.8400,2.12299000e-04,-8.214052e+02,-9.268147e-05,1.39892416e-05,-8.214052e+02,1.714476e+02
1.8450,2.11671000e-04,-2.435337e+03,-2.747860e-04,1.39478602e-05,-2.435337e+03,2.968696e+02
1.8500,2.11158000e-04,-3.238982e+03,-3.654635e-04,1.39140565e-05,-3.238982e+03,3.985194e+02
1.8550,2.10851000e-04,-3.331601e+03,-3.759139e-04,1.38938270e-05,-3.331601e+03,4.449054e+02
1.8600,2.10862000e-04,-3.005155e+03,-3.390802e-04,1.38945519e-05,-3.005155e+03,3.874177e+02
1.8650,2.11190000e-04,-2.419932e+03,-2.730477e-04,1.39161651e-05,-2.419932e+03,2.200753e+02
1.8700,2.11788000e-04,-1.711979e+03,-1.931675e-04,1.39555698e-05,-1.711979e+03,-3.707094e+01
1.8750,2.12621000e-04,-6.795664e+02,-7.667739e-05,1.40104595e-05,-6.795664e+02,-3.560597e+02
1.8800,2.13646000e-04,9.016871e+02,1.017399e-04,1.40780009e-05,9.016871e+02,-6.684229e+02
1.8850,2.14842000e-04,2.843198e+03,3.208061e-04,1.41568102e-05,2.843198e+03,-9.312489e+02
1.8900,2.16117000e-04,4.396462e+03,4.960652e-04,1.42408251e-05,4.396462e+03,-1.078119e+03
1.8950,2.17382000e-04,5.095596e+03,5.749505e-04,1.43241811e-05,5.095596e+03,-1.091845e+03
1.9000,2.18453000e-04,4.657200e+03,5.254850e-04,1.43947536e-05,4.657200e+03,-9.669559e+02
1.9050,2.19280000e-04,3.593647e+03,4.054813e-04,1.44492480e-05,3.593647e+03,-7.218152e+02
1.9100,2.19876000e-04,2.943420e+03,3.321144e-04,1.44885209e-05,2.943420e+03,-4.093438e+02
1.9150,2.20311000e-04,2.955228e+03,3.334467e-04,1.45171848e-05,2.955228e+03,-5.464708e+01
1.9200,2.20677000e-04,3.560235e+03,4.017113e-04,1.45413020e-05,3.560235e+03,2.974690e+02
1.9250,2.20944000e-04,4.327747e+03,4.883119e-04,1.45588957e-05,4.327747e+03,6.325745e+02
1.9300,2.20950000e-04,4.667328e+03,5.266278e-04,1.45592911e-05,4.667328e+03,9.340896e+02
1.9350,2.20565000e-04,4.628319e+03,5.222263e-04,1.45339219e-05,4.628319e+03,1.199493e+03
1.9400,2.19610000e-04,4.530284e+03,5.111648e-04,1.44709931e-05,4.530284e+03,1.415209e+03
1.9450,2.18091000e-04,4.642215e+03,5.237942e-04,1.43709000e-05,4.642215e+03,1.559959e+03
1.9500,2.16163000e-04,5.248805e+03,5.922375e-04,1.42438562e-05,5.248805e+03,1.581664e+03
1.9550,2.13991000e-04,6.162525e+03,6.953351e-04,1.41007344e-05,6.162525e+03,1.458780e+03
1.9600,2.11910000e-04,6.872704e+03,7.754667e-04,1.39636088e-05,6.872704e+03,1.186524e+03
1.9650,2.10072000e-04,7.176925e+03,8.097928e-04,1.38424956e-05,7.176925e+03,7.956843e+02
1.9700,2.08741000e-04,7.033611e+03,7.936223e-04,1.37547906e-05,7.033611e+03,3.707113e+02
1.9750,2.08031000e-04,6.831921e+03,7.708650e-04,1.37080058e-05,6.831921e+03,-4.512623e+01
1.9800,2.08150000e-04,7.067980e+03,7.975001e-04,1.37158472e-05,7.067980e+03,-3.973391e+02
1.9850,2.09135000e-04,7.465830e+03,8.423907e-04,1.37807528e-05,7.465830e+03,-6.805255e+02
1.9900,2.10856000e-04,7.058239e+03,7.964011e-04,1.38941565e-05,7.058239e+03,-9.079850e+02
1.9950,2.13071000e-04,5.374507e+03,6.064208e-04,1.40401118e-05,5.374507e+03,-1.098917e+03
2.0000,2.15207000e-04,2.465898e+03,2.782342e-04,1.41808615e-05,2.465898e+03,-1.275084e+03
2.0050,2.16997000e-04,-6.086272e+02,-6.867313e-05,1.42988119e-05,-6.086272e+02,-1.432995e+03
2.0100,2.18179000e-04,-1.795371e+03,-2.025768e-04,1.43766987e-05,-1.795371e+03,-1.550158e+03
2.0150,2.18834000e-04,-6.536754e+02,-7.375604e-05,1.44198593e-05,-6.536754e+02,-1.603761e+03
2.0200,2.19253000e-04,2.456767e+03,2.772040e-04,1.44474689e-05,2.456767e+03,-1.579601e+03
2.0250,2.19607000e-04,6.301610e+03,7.110285e-04,1.44707954e-05,6.301610e+03,-1.486673e+03
2.0300,2.20071000e-04,8.598047e+03,9.701419e-04,1.45013702e-05,8.598047e+03,-1.340820e+03
2.0350,2.20600000e-04,8.862365e+03,9.999657e-04,1.45362282e-05,8.862365e+03,-1.145639e+03
2.0400,2.21012000e-04,7.086704e+03,7.996129e-04,1.45633765e-05,7.086704e+03,-8.876995e+02
2.0450,2.21190000e-04,4.176784e+03,4.712784e-04,1.45751057e-05,4.176784e+03,-5.604161e+02
2.0500,2.20985000e-04,1.907128e+03,2.151867e-04,1.45615974e-05,1.907128e+03,-1.772689e+02
2.0550,2.20384000e-04,6.212874e+02,7.010161e-05,1.45219950e-05,6.212874e+02,2.449492e+02
2.0600,2.19400000e-04,2.872956e+02,3.241638e-05,1.44571553e-05,2.872956e+02,6.789847e+02
2.0650,2.18052000e-04,2.768724e+02,3.124030e-05,1.43683301e-05,2.768724e+02,1.124226e+03
2.0700,2.16395000e-04,-3.103958e+02,-3.502284e-05,1.42591437e-05,-3.103958e+02,1.587572e+03
2.0750,2.14510000e-04,-1.285962e+03,-1.450987e-04,1.41349334e-05,-1.285962e+03,2.061374e+03
2.0800,2.12644000e-04,-2.068033e+03,-2.333420e-04,1.40119751e-05,-2.068033e+03,2.497765e+03
2.0850,2.10956000e-04,-2.464767e+03,-2.781066e-04,1.39007459e-05,-2.464767e+03,2.847032e+03
2.0900,2.09638000e-04,-2.587792e+03,-2.919879e-04,1.38138976e-05,-2.587792e+03,2.992185e+03
2.0950,2.08651000e-04,-2.862174e+03,-3.229472e-04,1.37488601e-05,-2.862174e+03,2.880436e+03
2.1000,2.07778000e-04,-3.637085e+03,-4.103826e-04,1.36913346e-05,-3.637085e+03,2.471264e+03
2.1050,2.06880000e-04,-4.562682e+03,-5.148203e-04,1.36321618e-05,-4.562682e+03,1.804644e+03
2.1100,2.05852000e-04,-4.868575e+03,-5.493351e-04,1.35644227e-05,-4.868575e+03,1.022368e+03
2.1150,2.04799000e-04,-4.239738e+03,-4.783817e-04,1.34950362e-05,-4.239738e+03,2.178595e+02
2.1200,2.04054000e-04,-2.617213e+03,-2.953075e-04,1.34459452e-05,-2.617213e+03,-4.696668e+02
2.1250,2.03807000e-04,-3.542209e+02,-3.996775e-05,1.34296693e-05,-3.542209e+02,-1.014903e+03
2.1300,2.04301000e-04,1.803754e+03,2.035227e-04,1.34622210e-05,1.803754e+03,-1.414201e+03
2.1350,2.05514000e-04,3.492212e+03,3.940361e-04,1.35421505e-05,3.492212e+03,-1.689068e+03
2.1400,2.07269000e-04,4.302035e+03,4.854107e-04,1.36577945e-05,4.302035e+03,-1.889204e+03
2.1450,2.09407000e-04,4.391563e+03,4.955125e-04,1.37986760e-05,4.391563e+03,-2.041092e+03
2.1500,2.11672000e-04,4.335301e+03,4.891643e-04,1.39479261e-05,4.335301e+03,-2.183774e+03
2.1550,2.13994000e-04,4.480572e+03,5.055556e-04,1.41009320e-05,4.480572e+03,-2.320078e+03
2.1600,2.16268000e-04,5.046886e+03,5.694545e-04,1.42507751e-05,5.046886e+03,-2.418578e+03
2.1650,2.18419000e-04,5.715396e+03,6.448843e-04,1.43925132e-05,5.715396e+03,-2.436796e+03
2.1700,2.20209000e-04,5.870333e+03,6.623662e-04,1.45104636e-05,5.870333e+03,-2.298514e+03
2.1750,2.21481000e-04,5.625037e+03,6.346888e-04,1.45942808e-05,5.625037e+03,-1.993286e+03
2.1800,2.22045000e-04,5.485052e+03,6.188939e-04,1.46314451e-05,5.485052e+03,-1.549711e+03
2.1850,2.21930000e-04,5.752370e+03,6.490561e-04,1.46238673e-05,5.752370e+03,-1.016210e+03
2.1900,2.21326000e-04,6.435406e+03,7.261251e-04,1.45840672e-05,6.435406e+03,-4.919501e+02
2.1950,2.20381000e-04,7.049886e+03,7.954585e-04,1.45217974e-05,7.049886e+03,-2.099333e+01
2.2000,2.19313000e-04,6.824037e+03,7.699754e-04,1.44514225e-05,6.824037e+03,3.627354e+02
2.2050,2.18172000e-04,5.736346e+03,6.472481e-04,1.43762374e-05,5.736346e+03,6.788641e+02
2.2100,2.17038000e-04,4.098539e+03,4.624498e-04,1.43015135e-05,4.098539e+03,9.820830e+02
2.2150,2.15954000e-04,2.224768e+03,2.510269e-04,1.42300844e-05,2.224768e+03,1.298548e+03
2.2200,2.15018000e-04,5.417808e+02,6.113066e-05,1.41684076e-05,5.417808e+02,1.636834e+03
2.2250,2.14276000e-04,-8.750483e+02,-9.873418e-05,1.41195142e-05,-8.750483e+02,1.964913e+03
2.2300,2.13764000e-04,-1.930365e+03,-2.178085e-04,1.40857764e-05,-1.930365e+03,2.207599e+03
2.2350,2.13451000e-04,-2.605723e+03,-2.940111e-04,1.40651516e-05,-2.605723e+03,2.335280e+03
2.2400,2.13235000e-04,-2.885728e+03,-3.256048e-04,1.40509185e-05,-2.885728e+03,2.333691e+03
2.2450,2.13069000e-04,-2.738251e+03,-3.089646e-04,1.40399800e-05,-2.738251e+03,2.220651e+03
2.2500,2.12930000e-04,-2.171698e+03,-2.450388e-04,1.40308208e-05,-2.171698e+03,2.029944e+03
2.2550,2.12876000e-04,-1.234208e+03,-1.392592e-04,1.40272625e-05,-1.234208e+03,1.767391e+03
2.2600,2.13042000e-04,-1.999927e+02,-2.256575e-05,1.40382009e-05,-1.999927e+02,1.430682e+03
2.2650,2.13468000e-04,6.460148e+02,7.289168e-05,1.40662718e-05,6.460148e+02,1.019136e+03
2.2700,2.14110000e-04,1.004138e+03,1.132998e-04,1.41085758e-05,1.004138e+03,5.520120e+02
2.2750,2.14863000e-04,1.119386e+03,1.263035e-04,1.41581940e-05,1.119386e+03,5.534261e+01
2.2800,2.15522000e-04,1.614395e+03,1.821567e-04,1.42016182e-05,1.614395e+03,-4.011080e+02
2.2850,2.16017000e-04,2.697479e+03,3.043641e-04,1.42342357e-05,2.697479e+03,-7.843674e+02
2.2900,2.16284000e-04,4.270745e+03,4.818802e-04,1.42518294e-05,4.270745e+03,-1.051419e+03
2.2950,2.16335000e-04,5.880463e+03,6.635092e-04,1.42551900e-05,5.880463e+03,-1.203276e+03
2.3000,2.16193000e-04,6.724822e+03,7.587807e-04,1.42458331e-05,6.724822e+03,-1.266168e+03
2.3050,2.15860000e-04,6.681825e+03,7.539292e-04,1.42238904e-05,6.681825e+03,-1.264177e+03
2.3100,2.15335000e-04,5.815532e+03,6.561829e-04,1.41892960e-05,5.815532e+03,-1.235522e+03
2.3150,2.14613000e-04,4.368651e+03,4.929272e-04,1.41417205e-05,4.368651e+03,-1.193764e+03
2.3200,2.13692000e-04,2.812090e+03,3.172960e-04,1.40810320e-05,2.812090e+03,-1.168497e+03
2.3250,2.12577000e-04,1.324361e+03,1.494314e-04,1.40075602e-05,1.324361e+03,-1.170037e+03
2.3300,2.11286000e-04,1.240325e+02,1.399494e-05,1.39224910e-05,1.240325e+02,-1.202638e+03
2.3350,2.09834000e-04,-8.327471e+02,-9.396121e-05,1.38268128e-05,-8.327471e+02,-1.245354e+03
2.3400,2.08273000e-04,-1.581593e+03,-1.784556e-04,1.37239522e-05,-1.581593e+03,-1.239384e+03
2.3450,2.06667000e-04,-1.989854e+03,-2.245209e-04,1.36181263e-05,-1.989854e+03,-1.156070e+03
2.3500,2.05222000e-04,-1.797752e+03,-2.028454e-04,1.35229094e-05,-1.797752e+03,-9.685567e+02
2.3550,2.04098000e-04,-1.030478e+03,-1.162717e-04,1.34488445e-05,-1.030478e+03,-6.911909e+02
2.3600,2.03579000e-04,-1.725515e+02,-1.946947e-05,1.34146455e-05,-1.725515e+02,-3.822226e+02
2.3650,2.03734000e-04,2.192372e+02,2.473715e-05,1.34248591e-05,2.192372e+02,-8.486271e+01
2.3700,2.04552000e-04,-4.394433e+02,-4.958362e-05,1.34787604e-05,-4.394433e+02,1.286069e+02
2.3750,2.05944000e-04,-1.715007e+03,-1.935091e-04,1.35704849e-05,-1.715007e+03,2.400360e+02
2.3800,2.07765000e-04,-2.375799e+03,-2.680682e-04,1.36904780e-05,-2.375799e+03,2.636593e+02
2.3850,2.09985000e-04,-1.916798e+03,-2.162778e-04,1.38367628e-05,-1.916798e+03,2.406807e+02
2.3900,2.12568000e-04,-1.189947e+02,-1.342651e-05,1.40069671e-05,-1.189947e+02,2.477410e+02
2.3950,2.15478000e-04,2.429499e+03,2.741273e-04,1.41987188e-05,2.429499e+03,3.069425e+02
2.4000,2.18560000e-04,4.670554e+03,5.269918e-04,1.44018043e-05,4.670554e+03,4.244068e+02
2.4050,2.21685000e-04,6.433605e+03,7.259218e-04,1.46077232e-05,6.433605e+03,5.819635e+02
2.4100,2.24596000e-04,7.669880e+03,8.654142e-04,1.47995408e-05,7.669880e+03,7.411753e+02
2.4150,2.27172000e-04,8.513778e+03,9.606337e-04,1.49692839e-05,8.513778e+03,8.896165e+02
2.4200,2.29196000e-04,9.110827e+03,1.028000e-03,1.51026534e-05,9.110827e+03,1.001042e+03
2.4250,2.30579000e-04,9.467891e+03,1.068289e-03,1.51937849e-05,9.467891e+03,1.059211e+03
2.4300,2.31177000e-04,9.616640e+03,1.085073e-03,1.52331896e-05,9.616640e+03,1.047843e+03
2.4350,2.30957000e-04,9.537283e+03,1.076119e-03,1.52186929e-05,9.537283e+03,9.811458e+02
2.4400,2.29915000e-04,9.176060e+03,1.035361e-03,1.51500313e-05,9.176060e+03,9.051372e+02
2.4450,2.28111000e-04,8.604384e+03,9.708570e-04,1.50311584e-05,8.604384e+03,8.510959e+02
2.4500,2.25739000e-04,8.038335e+03,9.069881e-04,1.48748577e-05,8.038335e+03,8.533987e+02
2.4550,2.22951000e-04,7.610200e+03,8.586804e-04,1.46911451e-05,7.610200e+03,9.008392e+02
2.4600,2.20047000e-04,7.211369e+03,8.136791e-04,1.44997888e-05,7.211369e+03,9.489361e+02
2.4650,2.17139000e-04,6.476746e+03,7.307896e-04,1.43081688e-05,6.476746e+03,9.673688e+02
2.4700,2.14350000e-04,4.869356e+03,5.494232e-04,1.41243903e-05,4.869356e+03,9.077458e+02
2.4750,2.11679000e-04,2.528410e+03,2.852876e-04,1.39483873e-05,2.528410e+03,7.571629e+02
2.4800,2.09139000e-04,5.799098e+01,6.543286e-06,1.37810164e-05,5.799098e+01,5.144152e+02
2.4850,2.06766000e-04,-2.188459e+03,-2.469301e-04,1.36246498e-05,-2.188459e+03,1.969980e+02
2.4900,2.04666000e-04,-3.932030e+03,-4.436621e-04,1.34862723e-05,-3.932030e+03,-1.570083e+02
2.4950,2.02890000e-04,-5.362170e+03,-6.050288e-04,1.33692445e-05,-5.362170e+03,-5.280484e+02
2.5000,2.01496000e-04,-6.698680e+03,-7.558311e-04,1.32773882e-05,-6.698680e+03,-8.827464e+02
2.5050,2.00488000e-04,-7.792783e+03,-8.792818e-04,1.32109670e-05,-7.792783e+03,-1.205679e+03
2.5100,1.99876000e-04,-8.368378e+03,-9.442278e-04,1.31706398e-05,-8.368378e+03,-1.456704e+03
2.5150,1.99660000e-04,-8.522436e+03,-9.616105e-04,1.31564067e-05,-8.522436e+03,-1.624941e+03
2.5200,1.99819000e-04,-8.648274e+03,-9.758092e-04,1.31668838e-05,-8.648274e+03,-1.710076e+03
2.5250,2.00326000e-04,-8.902941e+03,-1.004544e-03,1.32002921e-05,-8.902941e+03,-1.732623e+03
2.5300,2.01126000e-04,-9.248923e+03,-1.043582e-03,1.32530074e-05,-9.248923e+03,-1.727430e+03
2.5350,2.02200000e-04,-9.354262e+03,-1.055468e-03,1.33237776e-05,-9.354262e+03,-1.698500e+03
2.5400,2.03515000e-04,-8.649047e+03,-9.758965e-04,1.34104283e-05,-8.649047e+03,-1.622853e+03
2.5450,2.05054000e-04,-7.056860e+03,-7.962454e-04,1.35118392e-05,-7.056860e+03,-1.474852e+03
2.5500,2.06767000e-04,-4.761657e+03,-5.372712e-04,1.36247157e-05,-4.761657e+03,-1.226399e+03
2.5550,2.08612000e-04,-2.214600e+03,-2.498795e-04,1.37462903e-05,-2.214600e+03,-8.819939e+02
2.5600,2.10467000e-04,-3.367760e+02,-3.799939e-05,1.38685237e-05,-3.367760e+02,-4.725174e+02
2.5650,2.12236000e-04,5.467764e+02,6.169432e-05,1.39850903e-05,5.467764e+02,-2.244993e+01
2.5700,2.13715000e-04,4.272640e+02,4.820940e-05,1.40825476e-05,4.272640e+02,4.255854e+02
2.5750,2.14826000e-04,-4.773673e+01,-5.386270e-06,1.41557559e-05,-4.773673e+01,8.524146e+02
2.5800,2.15527000e-04,3.912906e+02,4.415043e-05,1.42019476e-05,3.912906e+02,1.225102e+03
2.5850,2.15879000e-04,1.840091e+03,2.076227e-04,1.42251423e-05,1.840091e+03,1.536733e+03
2.5900,2.16019000e-04,3.699836e+03,4.174629e-04,1.42343675e-05,3.699836e+03,1.757671e+03
2.5950,2.15993000e-04,5.161913e+03,5.824332e-04,1.42326543e-05,5.161913e+03,1.874095e+03
2.6000,2.15830000e-04,5.181499e+03,5.846432e-04,1.42219135e-05,5.181499e+03,1.874403e+03
2.6050,2.15525000e-04,4.123691e+03,4.652877e-04,1.42018158e-05,4.123691e+03,1.760679e+03
2.6100,2.15119000e-04,3.020948e+03,3.408621e-04,1.41750629e-05,3.020948e+03,1.559623e+03
2.6150,2.14668000e-04,2.397567e+03,2.705243e-04,1.41453446e-05,2.397567e+03,1.294216e+03
2.6200,2.14291000e-04,2.693858e+03,3.039556e-04,1.41205026e-05,2.693858e+03,9.865916e+02
2.6250,2.14031000e-04,3.582504e+03,4.042241e-04,1.41033701e-05,3.582504e+03,6.328083e+02
2.6300,2.13951000e-04,4.412138e+03,4.978340e-04,1.40980986e-05,4.412138e+03,2.303426e+02
2.6350,2.14071000e-04,4.932582e+03,5.565572e-04,1.41060059e-05,4.932582e+03,-2.085306e+02
2.6400,2.14445000e-04,4.841044e+03,5.462286e-04,1.41306503e-05,4.841044e+03,-6.315395e+02
2.6450,2.15099000e-04,4.281261e+03,4.830668e-04,1.41737450e-05,4.281261e+03,-1.003355e+03
2.6500,2.16058000e-04,3.667121e+03,4.137717e-04,1.42369374e-05,3.667121e+03,-1.278377e+03
2.6550,2.17295000e-04,3.245887e+03,3.662427e-04,1.43184483e-05,3.245887e+03,-1.454121e+03
2.6600,2.18683000e-04,3.275601e+03,3.695953e-04,1.44099093e-05,3.275601e+03,-1.540263e+03
2.6650,2.20099000e-04,3.589386e+03,4.050005e-04,1.45032152e-05,3.589386e+03,-1.542200e+03
2.6700,2.21293000e-04,3.946456e+03,4.452898e-04,1.45818927e-05,3.946456e+03,-1.464059e+03
2.6750,2.22170000e-04,4.354752e+03,4.913590e-04,1.46396818e-05,4.354752e+03,-1.302800e+03
2.6800,2.22659000e-04,4.872624e+03,5.497919e-04,1.46719040e-05,4.872624e+03,-1.053800e+03
2.6850,2.22812000e-04,5.517189e+03,6.225200e-04,1.46819858e-05,5.517189e+03,-7.209402e+02
2.6900,2.22733000e-04,6.031119e+03,6.805082e-04,1.46767802e-05,6.031119e+03,-3.290106e+02
2.6950,2.22451000e-04,6.286296e+03,7.093006e-04,1.46581981e-05,6.286296e+03,9.607812e+01
2.7000,2.21959000e-04,6.382557e+03,7.201619e-04,1.46257782e-05,6.382557e+03,4.973695e+02
2.7050,2.21232000e-04,6.695280e+03,7.554474e-04,1.45778732e-05,6.695280e+03,8.472777e+02
2.7100,2.20289000e-04,7.732899e+03,8.725249e-04,1.45157351e-05,7.732899e+03,1.106403e+03
2.7150,2.19189000e-04,9.270130e+03,1.045975e-03,1.44432517e-05,9.270130e+03,1.271769e+03
2.7200,2.18061000e-04,1.043334e+04,1.177223e-03,1.43689232e-05,1.043334e+04,1.346171e+03
2.7250,2.16955000e-04,1.066415e+04,1.203266e-03,1.42960443e-05,1.066415e+04,1.337845e+03
2.7300,2.15890000e-04,9.364436e+03,1.056616e-03,1.42258672e-05,9.364436e+03,1.273960e+03
2.7350,2.14829000e-04,6.878541e+03,7.761252e-04,1.41559536e-05,6.878541e+03,1.173258e+03
2.7400,2.13689000e-04,4.210672e+03,4.751020e-04,1.40808344e-05,4.210672e+03,1.065179e+03
2.7450,2.12454000e-04,1.975670e+03,2.229204e-04,1.39994552e-05,1.975670e+03,9.533617e+02
2.7500,2.11181000e-04,1.072119e+03,1.209702e-04,1.39155721e-05,1.072119e+03,8.089508e+02
2.7550,2.09968000e-04,1.403353e+03,1.583443e-04,1.38356426e-05,1.403353e+03,6.095304e+02
2.7600,2.09029000e-04,2.306436e+03,2.602417e-04,1.37737681e-05,2.306436e+03,3.395805e+02
2.7650,2.08461000e-04,3.223694e+03,3.637386e-04,1.37363403e-05,3.223694e+03,1.446056e+01
2.7700,2.08380000e-04,3.492832e+03,3.941061e-04,1.37310028e-05,3.492832e+03,-3.161552e+02
2.7750,2.08802000e-04,3.457751e+03,3.901478e-04,1.37588101e-05,3.457751e+03,-6.273290e+02
2.7800,2.09749000e-04,3.847676e+03,4.341442e-04,1.38212118e-05,3.847676e+03,-8.931081e+02
2.7850,2.11202000e-04,4.714320e+03,5.319301e-04,1.39169559e-05,4.714320e+03,-1.117511e+03
2.7900,2.13035000e-04,5.571186e+03,6.286127e-04,1.40377397e-05,5.571186e+03,-1.328390e+03
2.7950,2.15098000e-04,5.831871e+03,6.580265e-04,1.41736791e-05,5.831871e+03,-1.540864e+03
2.8000,2.17044000e-04,4.982853e+03,5.622293e-04,1.43019089e-05,4.982853e+03,-1.749827e+03
2.8050,2.18730000e-04,3.634658e+03,4.101087e-04,1.44130063e-05,3.634658e+03,-1.922684e+03
2.8100,2.20043000e-04,3.060564e+03,3.453321e-04,1.44995252e-05,3.060564e+03,-1.970346e+03
2.8150,2.21052000e-04,3.592040e+03,4.053001e-04,1.45660123e-05,3.592040e+03,-1.844888e+03
2.8200,2.21914000e-04,5.023564e+03,5.668229e-04,1.46228130e-05,5.023564e+03,-1.515125e+03
2.8250,2.22672000e-04,6.571290e+03,7.414573e-04,1.46727606e-05,6.571290e+03,-1.017909e+03
2.8300,2.23269000e-04,6.999851e+03,7.898130e-04,1.47120994e-05,6.999851e+03,-4.680582e+02
2.8350,2.23596000e-04,6.231498e+03,7.031175e-04,1.47336467e-05,6.231498e+03,6.873722e+01
2.8400,2.23455000e-04,4.697328e+03,5.300128e-04,1.47243557e-05,4.697328e+03,5.103308e+02
2.8450,2.22801000e-04,3.069292e+03,3.463169e-04,1.46812610e-05,3.069292e+03,8.504543e+02
2.8500,2.21662000e-04,2.365555e+03,2.669122e-04,1.46062076e-05,2.365555e+03,1.099888e+03
2.8550,2.20126000e-04,2.552515e+03,2.880075e-04,1.45049944e-05,2.552515e+03,1.277929e+03
2.8600,2.18356000e-04,3.014827e+03,3.401714e-04,1.43883619e-05,3.014827e+03,1.421414e+03
2.8650,2.16415000e-04,3.191913e+03,3.601525e-04,1.42604616e-05,3.191913e+03,1.544598e+03
2.8700,2.14406000e-04,2.524247e+03,2.848180e-04,1.41280804e-05,2.524247e+03,1.667301e+03
2.8750,2.12411000e-04,1.490469e+03,1.681738e-04,1.39966218e-05,1.490469e+03,1.785248e+03
2.8800,2.10691000e-04,1.135205e+03,1.280884e-04,1.38832840e-05,1.135205e+03,1.874186e+03
2.8850,2.09418000e-04,1.578037e+03,1.780544e-04,1.37994009e-05,1.578037e+03,1.915112e+03
2.8900,2.08817000e-04,2.338405e+03,2.638489e-04,1.37597985e-05,2.338405e+03,1.862665e+03
2.8950,2.08857000e-04,2.643682e+03,2.982941e-04,1.37624343e-05,2.643682e+03,1.699629e+03
2.9000,2.09298000e-04,1.705264e+03,1.924097e-04,1.37914936e-05,1.705264e+03,1.418452e+03
2.9050,2.09953000e-04,7.039117e+01,7.942435e-06,1.38346542e-05,7.039117e+01,1.035042e+03
2.9100,2.10583000e-04,-8.326027e+02,-9.394492e-05,1.38761674e-05,-8.326027e+02,6.041777e+02
2.9150,2.11199000e-04,-3.565377e+02,-4.022916e-05,1.39167582e-05,-3.565377e+02,1.539717e+02
2.9200,2.11917000e-04,1.724641e+03,1.945961e-04,1.39640701e-05,1.724641e+03,-2.881634e+02
2.9250,2.12802000e-04,4.590017e+03,5.179045e-04,1.40223863e-05,4.590017e+03,-7.256246e+02
2.9300,2.13841000e-04,6.550821e+03,7.391477e-04,1.40908503e-05,6.550821e+03,-1.164324e+03
2.9350,2.14917000e-04,7.080527e+03,7.989159e-04,1.41617523e-05,7.080527e+03,-1.596354e+03
2.9400,2.15770000e-04,6.054306e+03,6.831244e-04,1.42179599e-05,6.054306e+03,-1.979349e+03
2.9450,2.16311000e-04,4.291442e+03,4.842155e-04,1.42536086e-05,4.291442e+03,-2.286135e+03
2.9500,2.16535000e-04,3.391864e+03,3.827136e-04,1.42683688e-05,3.391864e+03,-2.484287e+03
2.9550,2.16551000e-04,3.675289e+03,4.146932e-04,1.42694231e-05,3.675289e+03,-2.571068e+03
2.9600,2.16562000e-04,4.891318e+03,5.519012e-04,1.42701480e-05,4.891318e+03,-2.547298e+03
2.9650,2.16602000e-04,6.192489e+03,6.987160e-04,1.42727837e-05,6.192489e+03,-2.407027e+03
2.9700,2.16602000e-04,6.315196e+03,7.125614e-04,1.42727837e-05,6.315196e+03,-2.133871e+03
2.9750,2.16477000e-04,5.423232e+03,6.119186e-04,1.42645470e-05,5.423232e+03,-1.721645e+03
2.9800,2.16162000e-04,4.373877e+03,4.935169e-04,1.42437904e-05,4.373877e+03,-1.183264e+03
2.9850,2.15730000e-04,3.729852e+03,4.208498e-04,1.42153241e-05,3.729852e+03,-5.513080e+02
2.9900,2.15376000e-04,3.920164e+03,4.423232e-04,1.41919976e-05,3.920164e+03,7.964851e+01
2.9950,2.15182000e-04,4.523688e+03,5.104205e-04,1.41792142e-05,4.523688e+03,6.563459e+02
3.0000,2.15198000e-04,4.879029e+03,5.505146e-04,1.41802685e-05,4.879029e+03,1.105592e+03
3.0050,2.15380000e-04,4.931328e+03,5.564157e-04,1.41922612e-05,4.931328e+03,1.423865e+03
3.0100,2.15680000e-04,4.918228e+03,5.549375e-04,1.42120294e-05,4.918228e+03,1.643986e+03
3.0150,2.16128000e-04,5.136562e+03,5.795728e-04,1.42415500e-05,5.136562e+03,1.796509e+03
3.0200,2.16839000e-04,5.825851e+03,6.573472e-04,1.42884006e-05,5.825851e+03,1.911205e+03
3.0250,2.17874000e-04,6.814207e+03,7.688663e-04,1.43566010e-05,6.814207e+03,1.976903e+03
3.0300,2.19237000e-04,7.646110e+03,8.627322e-04,1.44464146e-05,7.646110e+03,1.960850e+03
3.0350,2.20810000e-04,7.973619e+03,8.996860e-04,1.45500659e-05,7.973619e+03,1.855808e+03
3.0400,2.22253000e-04,7.420992e+03,8.373315e-04,1.46451510e-05,7.420992e+03,1.676460e+03
3.0450,2.23365000e-04,6.172008e+03,6.964052e-04,1.47184252e-05,6.172008e+03,1.441970e+03
3.0500,2.23890000e-04,4.871339e+03,5.496469e-04,1.47530196e-05,4.871339e+03,1.177821e+03
3.0550,2.23840000e-04,3.874782e+03,4.372026e-04,1.47497249e-05,3.874782e+03,8.865417e+02
3.0600,2.23344000e-04,3.391068e+03,3.826238e-04,1.47170414e-05,3.391068e+03,5.753852e+02
3.0650,2.22489000e-04,3.134904e+03,3.537201e-04,1.46607020e-05,3.134904e+03,2.567051e+02
3.0700,2.21361000e-04,2.721378e+03,3.070608e-04,1.45863735e-05,2.721378e+03,-3.550799e+01
3.0750,2.19945000e-04,2.327894e+03,2.626628e-04,1.44930676e-05,2.327894e+03,-2.831074e+02
3.0800,2.18264000e-04,2.452328e+03,2.767031e-04,1.43822997e-05,2.452328e+03,-4.625422e+02
3.0850,2.16387000e-04,3.128310e+03,3.529761e-04,1.42586165e-05,3.128310e+03,-5.758438e+02
3.0900,2.14496000e-04,3.912112e+03,4.414147e-04,1.41340109e-05,3.912112e+03,-6.519032e+02
3.0950,2.12681000e-04,4.289541e+03,4.840010e-04,1.40144132e-05,4.289541e+03,-7.159800e+02
3.1000,2.11049000e-04,3.764715e+03,4.247834e-04,1.39068741e-05,3.764715e+03,-8.007174e+02
3.1050,2.09608000e-04,2.680865e+03,3.024896e-04,1.38119207e-05,2.680865e+03,-8.989572e+02
3.1100,2.08392000e-04,1.958043e+03,2.209315e-04,1.37317936e-05,1.958043e+03,-9.694654e+02
3.1150,2.07448000e-04,1.925130e+03,2.172179e-04,1.36695896e-05,1.925130e+03,-9.829476e+02
3.1200,2.06909000e-04,2.814854e+03,3.176079e-04,1.36340727e-05,2.814854e+03,-9.259257e+02
3.1250,2.06864000e-04,4.370872e+03,4.931779e-04,1.36311074e-05,4.370872e+03,-8.255244e+02
3.1300,2.07453000e-04,6.035453e+03,6.809973e-04,1.36699190e-05,6.035453e+03,-7.452483e+02
3.1350,2.08693000e-04,7.554717e+03,8.524201e-04,1.37516277e-05,7.554717e+03,-7.068376e+02
3.1400,2.10502000e-04,8.496476e+03,9.586814e-04,1.38708300e-05,8.496476e+03,-7.109275e+02
3.1450,2.12755000e-04,8.870901e+03,1.000929e-03,1.40192893e-05,8.870901e+03,-7.386587e+02
3.1500,2.15162000e-04,8.810180e+03,9.940775e-04,1.41778963e-05,8.810180e+03,-7.634373e+02
3.1550,2.17569000e-04,8.422932e+03,9.503832e-04,1.43365033e-05,8.422932e+03,-7.852564e+02
3.1600,2.19706000e-04,7.785976e+03,8.785137e-04,1.44773189e-05,7.785976e+03,-8.132493e+02
3.1650,2.21473000e-04,6.884861e+03,7.768384e-04,1.45937537e-05,6.884861e+03,-8.480478e+02
3.1700,2.22721000e-04,5.974621e+03,6.741333e-04,1.46759895e-05,5.974621e+03,-8.648513e+02
3.1750,2.23444000e-04,5.532462e+03,6.242434e-04,1.47236309e-05,5.532462e+03,-8.307266e+02
3.1800,2.23757000e-04,6.338717e+03,7.152153e-04,1.47442557e-05,6.338717e+03,-6.859916e+02
3.1850,2.23800000e-04,8.255128e+03,9.314495e-04,1.47470891e-05,8.255128e+03,-4.076606e+02
3.1900,2.23833000e-04,1.033179e+04,1.165765e-03,1.47492636e-05,1.033179e+04,8.052300e-01
3.1950,2.23930000e-04,1.175303e+04,1.326128e-03,1.47556554e-05,1.175303e+04,4.964364e+02
3.2000,2.24111000e-04,1.155426e+04,1.303699e-03,1.47675822e-05,1.155426e+04,9.770854e+02
3.2050,2.24305000e-04,1.001682e+04,1.130226e-03,1.47803656e-05,1.001682e+04,1.393749e+03
3.2100,2.24350000e-04,8.019959e+03,9.049147e-04,1.47833309e-05,8.019959e+03,1.691030e+03
3.2150,2.24165000e-04,6.058220e+03,6.835661e-04,1.47711405e-05,6.058220e+03,1.873011e+03
3.2200,2.23641000e-04,4.853872e+03,5.476761e-04,1.47366120e-05,4.853872e+03,1.957178e+03
3.2250,2.22774000e-04,4.441395e+03,5.011352e-04,1.46794818e-05,4.441395e+03,1.958028e+03
3.2300,2.21640000e-04,4.780321e+03,5.393771e-04,1.46047580e-05,4.780321e+03,1.904823e+03
3.2350,2.20337000e-04,5.666885e+03,6.394106e-04,1.45188980e-05,5.666885e+03,1.810537e+03
3.2400,2.19078000e-04,6.582635e+03,7.427373e-04,1.44359374e-05,6.582635e+03,1.685603e+03
3.2450,2.17969000e-04,7.353934e+03,8.297651e-04,1.43628609e-05,7.353934e+03,1.518869e+03
3.2500,2.17168000e-04,7.772655e+03,8.770107e-04,1.43100798e-05,7.772655e+03,1.275297e+03
3.2550,2.16697000e-04,7.806744e+03,8.808570e-04,1.42790437e-05,7.806744e+03,9.361661e+02
3.2600,2.16503000e-04,7.295234e+03,8.231418e-04,1.42662602e-05,7.295234e+03,4.843832e+02
3.2650,2.16475000e-04,6.085406e+03,6.866336e-04,1.42644152e-05,6.085406e+03,-6.690942e+01
3.2700,2.16347000e-04,4.259890e+03,4.806555e-04,1.42559808e-05,4.259890e+03,-6.622405e+02
3.2750,2.16004000e-04,2.352198e+03,2.654052e-04,1.42333791e-05,2.352198e+03,-1.252983e+03
3.2800,2.15357000e-04,1.326054e+03,1.496224e-04,1.41907456e-05,1.326054e+03,-1.729548e+03
3.2850,2.14473000e-04,1.280783e+03,1.445143e-04,1.41324953e-05,1.280783e+03,-2.039567e+03
3.2900,2.13523000e-04,1.712640e+03,1.932420e-04,1.40698959e-05,1.712640e+03,-2.128731e+03
3.2950,2.12579000e-04,2.011098e+03,2.269179e-04,1.40076920e-05,2.011098e+03,-2.012977e+03
3.3000,2.11713000e-04,1.559893e+03,1.760071e-04,1.39506277e-05,1.559893e+03,-1.762086e+03
3.3050,2.10927000e-04,6.596819e+02,7.443377e-05,1.38988350e-05,6.596819e+02,-1.425401e+03
3.3100,2.10249000e-04,2.414065e+01,2.723858e-06,1.38541588e-05,2.414065e+01,-1.080782e+03
3.3150,2.09705000e-04,-1.908934e+02,-2.153904e-05,1.38183125e-05,-1.908934e+02,-7.492967e+02
3.3200,2.09330000e-04,-4.997811e+01,-5.639171e-06,1.37936022e-05,-4.997811e+01,-4.663884e+02
3.3250,2.09116000e-04,2.409130e+02,2.718290e-05,1.37795009e-05,2.409130e+02,-2.427157e+02
3.3300,2.09026000e-04,4.944656e+02,5.579195e-05,1.37735704e-05,4.944656e+02,-7.533896e+01
3.3350,2.09041000e-04,8.062651e+02,9.097317e-05,1.37745588e-05,8.062651e+02,5.368995e+01
3.3400,2.09138000e-04,1.336997e+03,1.508571e-04,1.37809505e-05,1.336997e+03,1.867203e+02
3.3450,2.09329000e-04,2.120326e+03,2.392423e-04,1.37935363e-05,2.120326e+03,3.361230e+02
3.3500,2.09651000e-04,3.061092e+03,3.453917e-04,1.38147542e-05,3.061092e+03,4.845045e+02
3.3550,2.10125000e-04,3.822248e+03,4.312750e-04,1.38459880e-05,3.822248e+03,6.001022e+02
3.3600,2.10740000e-04,3.636731e+03,4.103426e-04,1.38865128e-05,3.636731e+03,6.294562e+02
3.3650,2.11440000e-04,2.273352e+03,2.565087e-04,1.39326386e-05,2.273352e+03,5.617323e+02
3.3700,2.12098000e-04,7.944658e+01,8.964182e-06,1.39759969e-05,7.944658e+01,4.103387e+02
3.3750,2.12687000e-04,-1.875419e+03,-2.116088e-04,1.40148085e-05,-1.875419e+03,2.030981e+02
3.3800,2.13306000e-04,-1.695699e+03,-1.913306e-04,1.40555969e-05,-1.695699e+03,1.146300e-02
3.3850,2.14085000e-04,6.795681e+02,7.667759e-05,1.41069284e-05,6.795681e+02,-1.614801e+02
3.3900,2.15212000e-04,4.132431e+03,4.662739e-04,1.41811910e-05,4.132431e+03,-2.392100e+02
3.3950,2.16673000e-04,7.332968e+03,8.273996e-04,1.42774622e-05,7.332968e+03,-2.397481e+02
3.4000,2.18282000e-04,8.550417e+03,9.647677e-04,1.43834857e-05,8.550417e+03,-1.910055e+02
3.4050,2.19894000e-04,8.197640e+03,9.249629e-04,1.44897070e-05,8.197640e+03,-1.146545e+02
3.4100,2.21331000e-04,7.629184e+03,8.608224e-04,1.45843967e-05,7.629184e+03,-2.700716e+01
3.4150,2.22596000e-04,7.494675e+03,8.456454e-04,1.46677527e-05,7.494675e+03,7.836519e+01
3.4200,2.23738000e-04,8.297114e+03,9.361868e-04,1.47430037e-05,8.297114e+03,1.957199e+02
3.4250,2.24774000e-04,9.542297e+03,1.076684e-03,1.48112699e-05,9.542297e+03,3.117600e+02
3.4300,2.25665000e-04,1.035152e+04,1.167991e-03,1.48699815e-05,1.035152e+04,4.110242e+02
3.4350,2.26364000e-04,1.055871e+04,1.191369e-03,1.49160415e-05,1.055871e+04,5.005634e+02
3.4400,2.26801000e-04,1.027233e+04,1.159056e-03,1.49448372e-05,1.027233e+04,6.126208e+02
3.4450,2.26989000e-04,9.984006e+03,1.126524e-03,1.49572253e-05,9.984006e+03,7.600811e+02
3.4500,2.26999000e-04,1.048614e+04,1.183181e-03,1.49578842e-05,1.048614e+04,9.175055e+02
3.4550,2.26868000e-04,1.164042e+04,1.313422e-03,1.49492521e-05,1.164042e+04,1.044237e+03
3.4600,2.26550000e-04,1.247447e+04,1.407530e-03,1.49282978e-05,1.247447e+04,1.058979e+03
3.4650,2.25900000e-04,1.199934e+04,1.353920e-03,1.48854666e-05,1.199934e+04,9.370630e+02
3.4700,2.24552000e-04,9.104359e+03,1.027271e-03,1.47966415e-05,9.104359e+03,6.719470e+02
3.4750,2.22361000e-04,4.509333e+03,5.088008e-04,1.46522676e-05,4.509333e+03,2.887733e+02
3.4800,2.19317000e-04,2.909507e+02,3.282879e-05,1.44516861e-05,2.909507e+02,-1.334235e+02
3.4850,2.15644000e-04,-2.480464e+03,-2.798778e-04,1.42096572e-05,-2.480464e+03,-5.361605e+02
3.4900,2.11910000e-04,-2.930233e+03,-3.306265e-04,1.39636088e-05,-2.930233e+03,-8.422552e+02
3.4950,2.08395000e-04,-1.891392e+03,-2.134111e-04,1.37319912e-05,-1.891392e+03,-1.028401e+03
3.5000,2.05466000e-04,-9.698855e+02,-1.094349e-04,1.35389876e-05,-9.698855e+02,-1.075222e+03
3.5050,2.03181000e-04,-5.139637e+02,-5.799198e-05,1.33884196e-05,-5.139637e+02,-9.969157e+02
3.5100,2.01636000e-04,-5.745817e+02,-6.483168e-05,1.32866133e-05,-5.745817e+02,-8.244114e+02
3.5150,2.00888000e-04,-7.844925e+02,-8.851651e-05,1.32373246e-05,-7.844925e+02,-5.806527e+02
3.5200,2.01032000e-04,-8.023438e+02,-9.053072e-05,1.32468133e-05,-8.023438e+02,-3.328768e+02
3.5250,2.02044000e-04,-8.657840e+02,-9.768886e-05,1.33134981e-05,-8.657840e+02,-1.180300e+02
3.5300,2.03691000e-04,-1.449919e+03,-1.635985e-04,1.34220256e-05,-1.449919e+03,1.425576e+01
3.5350,2.05724000e-04,-2.618843e+03,-2.954915e-04,1.35559882e-05,-2.618843e+03,6.766463e+01
3.5400,2.07648000e-04,-3.977397e+03,-4.487809e-04,1.36827684e-05,-3.977397e+03,8.285329e+01
3.5450,2.09300000e-04,-4.784724e+03,-5.398739e-04,1.37916254e-05,-4.784724e+03,9.242155e+01
3.5500,2.10629000e-04,-3.740700e+03,-4.220737e-04,1.38791986e-05,-3.740700e+03,1.373030e+02
3.5550,2.11806000e-04,-7.523203e+02,-8.488643e-05,1.39567559e-05,-7.523203e+02,2.125304e+02
3.5600,2.13184000e-04,3.269207e+03,3.688738e-04,1.40475579e-05,3.269207e+03,2.806388e+02
3.5650,2.14847000e-04,7.005017e+03,7.903959e-04,1.41571397e-05,7.005017e+03,3.139567e+02
3.5700,2.16692000e-04,8.503699e+03,9.594964e-04,1.42787142e-05,8.503699e+03,2.713323e+02
3.5750,2.18510000e-04,7.931658e+03,8.949514e-04,1.43985096e-05,7.931658e+03,1.412335e+02
3.5800,2.19932000e-04,6.496904e+03,7.330640e-04,1.44922109e-05,6.496904e+03,-7.403096e+01
3.5850,2.20872000e-04,5.111045e+03,5.766937e-04,1.45541513e-05,5.111045e+03,-3.548277e+02
3.5900,2.21290000e-04,4.660419e+03,5.258482e-04,1.45816951e-05,4.660419e+03,-6.586943e+02
3.5950,2.21223000e-04,4.702385e+03,5.305834e-04,1.45772802e-05,4.702385e+03,-9.523930e+02
3.6000,2.20709000e-04,4.538026e+03,5.120384e-04,1.45434106e-05,4.538026e+03,-1.167896e+03
3.6050,2.19771000e-04,4.252170e+03,4.797843e-04,1.44816020e-05,4.252170e+03,-1.262281e+03
3.6100,2.18554000e-04,4.377349e+03,4.939087e-04,1.44014089e-05,4.377349e+03,-1.151063e+03
3.6150,2.17233000e-04,5.190626e+03,5.856730e-04,1.43143629e-05,5.190626e+03,-8.187609e+02
3.6200,2.16215000e-04,6.673521e+03,7.529922e-04,1.42472827e-05,6.673521e+03,-3.283878e+02
3.6250,2.15695000e-04,8.296649e+03,9.361343e-04,1.42130178e-05,8.296649e+03,2.260104e+02
3.6300,2.15873000e-04,9.092467e+03,1.025929e-03,1.42247470e-05,9.092467e+03,6.589937e+02
3.6350,2.16674000e-04,8.840014e+03,9.974438e-04,1.42775281e-05,8.840014e+03,9.134297e+02
3.6400,2.17796000e-04,7.755805e+03,8.751094e-04,1.43514612e-05,7.755805e+03,9.769340e+02
3.6450,2.19033000e-04,6.559504e+03,7.401274e-04,1.44329722e-05,6.559504e+03,9.053163e+02
3.6500,2.20115000e-04,6.610612e+03,7.458941e-04,1.45042695e-05,6.610612e+03,8.139223e+02
3.6550,2.21042000e-04,8.068599e+03,9.104029e-04,1.45653533e-05,8.068599e+03,7.423748e+02
3.6600,2.21882000e-04,1.016634e+04,1.147097e-03,1.46207043e-05,1.016634e+04,7.240854e+02
3.6650,2.22663000e-04,1.173649e+04,1.324262e-03,1.46721676e-05,1.173649e+04,7.479382e+02
3.6700,2.23301000e-04,1.118908e+04,1.262495e-03,1.47142080e-05,1.118908e+04,7.813907e+02
3.6750,2.23694000e-04,8.951961e+03,1.010075e-03,1.47401044e-05,8.951961e+03,8.018867e+02
3.6800,2.23738000e-04,6.713853e+03,7.575430e-04,1.47430037e-05,6.713853e+03,7.809454e+02
3.6850,2.23482000e-04,5.391553e+03,6.083442e-04,1.47261348e-05,5.391553e+03,7.173393e+02
3.6900,2.23092000e-04,5.537792e+03,6.248447e-04,1.47004361e-05,5.537792e+03,5.899852e+02
3.6950,2.22623000e-04,6.217825e+03,7.015748e-04,1.46695318e-05,6.217825e+03,3.910846e+02
3.7000,2.22016000e-04,5.807851e+03,6.553163e-04,1.46295341e-05,5.807851e+03,1.285488e+02
3.7050,2.21146000e-04,4.305979e+03,4.858558e-04,1.45722063e-05,4.305979e+03,-1.738620e+02
3.7100,2.19822000e-04,2.486085e+03,2.805120e-04,1.44849626e-05,2.486085e+03,-4.272311e+02
3.7150,2.18044000e-04,1.178509e+03,1.329745e-04,1.43678030e-05,1.178509e+03,-5.781880e+02
3.7200,2.15971000e-04,1.360741e+03,1.535363e-04,1.42312046e-05,1.360741e+03,-5.808313e+02
3.7250,2.13767000e-04,2.692839e+03,3.038407e-04,1.40859741e-05,2.692839e+03,-4.649033e+02
3.7300,2.11739000e-04,4.220007e+03,4.761553e-04,1.39523410e-05,4.220007e+03,-3.269474e+02
3.7350,2.09994000e-04,5.319587e+03,6.002241e-04,1.38373558e-05,5.319587e+03,-2.130813e+02
3.7400,2.08671000e-04,5.297967e+03,5.977846e-04,1.37501780e-05,5.297967e+03,-1.536488e+02
3.7450,2.07809000e-04,4.581476e+03,5.169409e-04,1.36933773e-05,4.581476e+03,-1.306072e+02
3.7500,2.07528000e-04,4.312503e+03,4.865919e-04,1.36748611e-05,4.312503e+03,-1.114931e+02
3.7550,2.07911000e-04,5.002701e+03,5.644689e-04,1.37000985e-05,5.002701e+03,-9.851030e+01
3.7600,2.09055000e-04,6.778008e+03,7.647818e-04,1.37754813e-05,6.778008e+03,-1.214713e+02
3.7650,2.10884000e-04,8.715917e+03,9.834416e-04,1.38960015e-05,8.715917e+03,-1.963560e+02
3.7700,2.13018000e-04,9.235108e+03,1.042023e-03,1.40366195e-05,9.235108e+03,-3.370539e+02
3.7750,2.15151000e-04,8.282298e+03,9.345152e-04,1.41771715e-05,8.282298e+03,-5.356036e+02
3.7800,2.16804000e-04,6.688610e+03,7.546948e-04,1.42860943e-05,6.688610e+03,-7.478938e+02
3.7850,2.17918000e-04,5.410459e+03,6.104773e-04,1.43595003e-05,5.410459e+03,-9.439836e+02
3.7900,2.18627000e-04,5.584043e+03,6.300633e-04,1.44062192e-05,5.584043e+03,-1.087209e+03
3.7950,2.19122000e-04,6.802920e+03,7.675927e-04,1.44388368e-05,6.802920e+03,-1.173271e+03
3.8000,2.19685000e-04,7.998510e+03,9.024945e-04,1.44759351e-05,7.998510e+03,-1.198130e+03
3.8050,2.20348000e-04,8.720541e+03,9.839633e-04,1.45196229e-05,8.720541e+03,-1.173019e+03
3.8100,2.21063000e-04,8.620418e+03,9.726661e-04,1.45667371e-05,8.620418e+03,-1.076812e+03
3.8150,2.21762000e-04,8.055416e+03,9.089154e-04,1.46127971e-05,8.055416e+03,-8.888127e+02
3.8200,2.22377000e-04,7.700830e+03,8.689064e-04,1.46533219e-05,7.700830e+03,-5.995828e+02
3.8250,2.22922000e-04,7.718759e+03,8.709294e-04,1.46892342e-05,7.718759e+03,-2.272012e+02
3.8300,2.23431000e-04,8.054834e+03,9.088497e-04,1.47227742e-05,8.054834e+03,1.781457e+02
3.8350,2.23879000e-04,8.305168e+03,9.370956e-04,1.47522948e-05,8.305168e+03,5.957740e+02
3.8400,2.24123000e-04,7.875107e+03,8.885706e-04,1.47683729e-05,7.875107e+03,1.007561e+03
3.8450,2.24063000e-04,6.901496e+03,7.787153e-04,1.47644193e-05,6.901496e+03,1.411775e+03
3.8500,2.23631000e-04,6.082830e+03,6.863429e-04,1.47359530e-05,6.082830e+03,1.784907e+03
3.8550,2.22929000e-04,5.920137e+03,6.679858e-04,1.46896954e-05,5.920137e+03,2.097475e+03
3.8600,2.22251000e-04,6.653241e+03,7.507040e-04,1.46450192e-05,6.653241e+03,2.286630e+03
3.8650,2.21721000e-04,7.621487e+03,8.599539e-04,1.46100954e-05,7.621487e+03,2.329700e+03
3.8700,2.21362000e-04,7.595885e+03,8.570652e-04,1.45864394e-05,7.595885e+03,2.206400e+03
3.8750,2.21023000e-04,6.527073e+03,7.364681e-04,1.45641013e-05,6.527073e+03,1.925384e+03
3.8800,2.20409000e-04,5.115038e+03,5.771442e-04,1.45236424e-05,5.115038e+03,1.535632e+03
3.8850,2.19447000e-04,4.132093e+03,4.662358e-04,1.44602523e-05,4.132093e+03,1.071670e+03
3.8900,2.18198000e-04,4.463468e+03,5.036257e-04,1.43779506e-05,4.463468e+03,5.881084e+02
3.8950,2.16814000e-04,5.782743e+03,6.524833e-04,1.42867533e-05,5.782743e+03,9.651752e+01
3.9000,2.15586000e-04,7.208536e+03,8.133595e-04,1.42058354e-05,7.208536e+03,-3.953275e+02
3.9050,2.14612000e-04,8.303387e+03,9.368946e-04,1.41416546e-05,8.303387e+03,-8.781934e+02
3.9100,2.13992000e-04,8.668718e+03,9.781159e-04,1.41008003e-05,8.668718e+03,-1.302073e+03
3.9150,2.13718000e-04,8.577434e+03,9.678162e-04,1.40827453e-05,8.577434e+03,-1.627471e+03
3.9200,2.13805000e-04,8.756584e+03,9.880302e-04,1.40884781e-05,8.756584e+03,-1.809305e+03
3.9250,2.14293000e-04,9.566126e+03,1.079373e-03,1.41206344e-05,9.566126e+03,-1.858260e+03
3.9300,2.15276000e-04,1.123408e+04,1.267572e-03,1.41854082e-05,1.123408e+04,-1.821340e+03
3.9350,2.16758000e-04,1.319342e+04,1.488651e-03,1.42830632e-05,1.319342e+04,-1.720050e+03
3.9400,2.18565000e-04,1.418674e+04,1.600730e-03,1.44021338e-05,1.418674e+04,-1.565313e+03
3.9450,2.20484000e-04,1.394881e+04,1.573884e-03,1.45285845e-05,1.394881e+04,-1.349658e+03
3.9500,2.22112000e-04,1.292453e+04,1.458311e-03,1.46358600e-05,1.292453e+04,-1.068817e+03
3.9550,2.23339000e-04,1.208921e+04,1.364059e-03,1.47167120e-05,1.208921e+04,-7.363707e+02
3.9600,2.24164000e-04,1.276931e+04,1.440798e-03,1.47710746e-05,1.276931e+04,-4.034348e+02
3.9650,2.24698000e-04,1.460754e+04,1.648210e-03,1.48062620e-05,1.460754e+04,-1.021124e+02
3.9700,2.25094000e-04,1.636151e+04,1.846115e-03,1.48323560e-05,1.636151e+04,1.084480e+02
3.9750,2.25362000e-04,1.742060e+04,1.965616e-03,1.48500156e-05,1.742060e+04,2.139784e+02
3.9800,2.25490000e-04,1.746506e+04,1.970632e-03,1.48584501e-05,1.746506e+04,2.262527e+02
3.9850,2.25506000e-04,1.705698e+04,1.924587e-03,1.48595044e-05,1.705698e+04,1.801391e+02
3.9900,2.25576000e-04,1.709032e+04,1.928349e-03,1.48641170e-05,1.709032e+04,1.418404e+02
3.9950,2.25831000e-04,1.752632e+04,1.977544e-03,1.48809200e-05,1.752632e+04,1.298614e+02
4.0000,2.26429000e-04,1.786822e+04,2.016121e-03,1.49203246e-05,1.786822e+04,1.400204e+02
4.0050,2.27325000e-04,1.760897e+04,1.986870e-03,1.49793657e-05,1.760897e+04,1.562908e+02
4.0100,2.28281000e-04,1.614319e+04,1.821482e-03,1.50423604e-05,1.614319e+04,1.602101e+02
4.0150,2.29099000e-04,1.363165e+04,1.538098e-03,1.50962617e-05,1.363165e+04,1.674269e+02
4.0200,2.29469000e-04,1.081554e+04,1.220348e-03,1.51206425e-05,1.081554e+04,2.215413e+02
4.0250,2.29355000e-04,8.402664e+03,9.480964e-04,1.51131306e-05,8.402664e+03,3.362003e+02
4.0300,2.28862000e-04,7.429401e+03,8.382803e-04,1.50806448e-05,7.429401e+03,5.075082e+02
4.0350,2.28143000e-04,7.820312e+03,8.823879e-04,1.50332670e-05,7.820312e+03,7.188093e+02
4.0400,2.27445000e-04,8.926669e+03,1.007221e-03,1.49872730e-05,8.926669e+03,9.402234e+02
4.0450,2.26814000e-04,1.020956e+04,1.151974e-03,1.49456938e-05,1.020956e+04,1.163930e+03
4.0500,2.26265000e-04,1.112887e+04,1.255702e-03,1.49095180e-05,1.112887e+04,1.375893e+03
4.0550,2.25783000e-04,1.190836e+04,1.343654e-03,1.48777570e-05,1.190836e+04,1.562538e+03
4.0600,2.25393000e-04,1.291280e+04,1.456988e-03,1.48520584e-05,1.291280e+04,1.681802e+03
4.0650,2.25127000e-04,1.408388e+04,1.589124e-03,1.48345305e-05,1.408388e+04,1.709247e+03
4.0700,2.24997000e-04,1.522601e+04,1.717993e-03,1.48259643e-05,1.522601e+04,1.596823e+03
4.0750,2.24963000e-04,1.632767e+04,1.842297e-03,1.48237239e-05,1.632767e+04,1.339040e+03
4.0800,2.24942000e-04,1.758675e+04,1.984363e-03,1.48223401e-05,1.758675e+04,9.716816e+02
4.0850,2.24915000e-04,1.910217e+04,2.155351e-03,1.48205610e-05,1.910217e+04,5.411272e+02
4.0900,2.24919000e-04,2.065205e+04,2.330230e-03,1.48208246e-05,2.065205e+04,1.249021e+02
4.0950,2.25010000e-04,2.181679e+04,2.461650e-03,1.48268209e-05,2.181679e+04,-2.613886e+02
4.1000,2.25270000e-04,2.194583e+04,2.476211e-03,1.48439534e-05,2.194583e+04,-6.222533e+02
4.1050,2.25689000e-04,2.106202e+04,2.376487e-03,1.48715630e-05,2.106202e+04,-9.790425e+02
4.1100,2.26145000e-04,1.948844e+04,2.198935e-03,1.49016107e-05,1.948844e+04,-1.339687e+03
4.1150,2.26493000e-04,1.752507e+04,1.977403e-03,1.49245418e-05,1.752507e+04,-1.680967e+03
4.1200,2.26434000e-04,1.575779e+04,1.777996e-03,1.49206541e-05,1.575779e+04,-1.958277e+03
4.1250,2.25861000e-04,1.444311e+04,1.629657e-03,1.48828968e-05,1.444311e+04,-2.157249e+03
4.1300,2.24732000e-04,1.388282e+04,1.566437e-03,1.48085024e-05,1.388282e+04,-2.262446e+03
4.1350,2.23167000e-04,1.396381e+04,1.575576e-03,1.47053782e-05,1.396381e+04,-2.272249e+03
4.1400,2.21497000e-04,1.432184e+04,1.615974e-03,1.45953351e-05,1.432184e+04,-2.181046e+03
4.1450,2.19920000e-04,1.483435e+04,1.673801e-03,1.44914202e-05,1.483435e+04,-1.981273e+03
4.1500,2.18783000e-04,1.553190e+04,1.752508e-03,1.44164987e-05,1.553190e+04,-1.665380e+03
4.1550,2.18212000e-04,1.647581e+04,1.859013e-03,1.43788732e-05,1.647581e+04,-1.241953e+03
4.1600,2.18383000e-04,1.745606e+04,1.969616e-03,1.43901410e-05,1.745606e+04,-7.581766e+02
4.1650,2.19307000e-04,1.804345e+04,2.035893e-03,1.44510272e-05,1.804345e+04,-2.556328e+02
4.1700,2.20905000e-04,1.771752e+04,1.999117e-03,1.45563259e-05,1.771752e+04,1.904179e+02
4.1750,2.23077000e-04,1.679319e+04,1.894823e-03,1.46994477e-05,1.679319e+04,5.641739e+02
4.1800,2.25617000e-04,1.616579e+04,1.824032e-03,1.48668186e-05,1.616579e+04,8.623723e+02
4.1850,2.28416000e-04,1.613582e+04,1.820651e-03,1.50512561e-05,1.613582e+04,1.121036e+03
4.1900,2.31215000e-04,1.652880e+04,1.864991e-03,1.52356935e-05,1.652880e+04,1.391359e+03
4.1950,2.33838000e-04,1.673255e+04,1.887981e-03,1.54085336e-05,1.673255e+04,1.666712e+03
4.2000,2.35913000e-04,1.598823e+04,1.803998e-03,1.55452638e-05,1.598823e+04,1.894452e+03
4.2050,2.37288000e-04,1.459381e+04,1.646661e-03,1.56358681e-05,1.459381e+04,2.025532e+03
4.2100,2.37806000e-04,1.344469e+04,1.517003e-03,1.56700012e-05,1.344469e+04,1.997022e+03
4.2150,2.37501000e-04,1.294775e+04,1.460931e-03,1.56499036e-05,1.294775e+04,1.813677e+03
4.2200,2.36514000e-04,1.338546e+04,1.510319e-03,1.55848661e-05,1.338546e+04,1.522381e+03
4.2250,2.34951000e-04,1.444690e+04,1.630085e-03,1.54818737e-05,1.444690e+04,1.154275e+03
4.2300,2.33013000e-04,1.542828e+04,1.740817e-03,1.53541710e-05,1.542828e+04,7.803325e+02
4.2350,2.30789000e-04,1.597726e+04,1.802760e-03,1.52076227e-05,1.597726e+04,4.356600e+02
4.2400,2.28446000e-04,1.571612e+04,1.773294e-03,1.50532329e-05,1.571612e+04,1.770457e+02
4.2450,2.26061000e-04,1.488438e+04,1.679447e-03,1.48960756e-05,1.488438e+04,1.917893e+01
4.2500,2.23791000e-04,1.411798e+04,1.592972e-03,1.47464961e-05,1.411798e+04,-3.299693e+01
4.2550,2.21707000e-04,1.359005e+04,1.533403e-03,1.46091729e-05,1.359005e+04,5.149062e+00
4.2600,2.19883000e-04,1.310148e+04,1.478277e-03,1.44889821e-05,1.310148e+04,9.199218e+01
4.2650,2.18284000e-04,1.204707e+04,1.359305e-03,1.43836175e-05,1.204707e+04,2.024981e+02
4.2700,2.16766000e-04,9.683086e+03,1.092570e-03,1.42835904e-05,9.683086e+03,2.962919e+02
4.2750,2.15247000e-04,6.405529e+03,7.227539e-04,1.41834973e-05,6.405529e+03,3.565030e+02
4.2800,2.13667000e-04,3.458878e+03,3.902750e-04,1.40793847e-05,3.458878e+03,3.614325e+02
4.2850,2.12078000e-04,1.368461e+03,1.544074e-04,1.39746790e-05,1.368461e+03,3.092202e+02
4.2900,2.10574000e-04,2.363597e+02,2.666914e-05,1.38755744e-05,2.363597e+02,1.871569e+02
4.2950,2.09146000e-04,-6.694525e+02,-7.553621e-05,1.37814777e-05,-6.694525e+02,-1.516658e+01
4.3000,2.07663000e-04,-2.379754e+03,-2.685144e-04,1.36837568e-05,-2.379754e+03,-3.147733e+02
4.3050,2.06026000e-04,-4.740153e+03,-5.348449e-04,1.35758882e-05,-4.740153e+03,-7.089705e+02
4.3100,2.04154000e-04,-6.994344e+03,-7.891916e-04,1.34525346e-05,-6.994344e+03,-1.147913e+03
4.3150,2.02121000e-04,-8.652842e+03,-9.763246e-04,1.33185720e-05,-8.652842e+03,-1.583415e+03
4.3200,2.00185000e-04,-9.243261e+03,-1.042943e-03,1.31910011e-05,-9.243261e+03,-1.936512e+03
4.3250,1.98526000e-04,-9.014675e+03,-1.017151e-03,1.30816828e-05,-9.014675e+03,-2.193729e+03
4.3300,1.97451000e-04,-8.507964e+03,-9.599776e-04,1.30108467e-05,-8.507964e+03,-2.332185e+03
4.3350,1.97054000e-04,-7.988477e+03,-9.013625e-04,1.29846868e-05,-7.988477e+03,-2.345838e+03
4.3400,1.97441000e-04,-7.649984e+03,-8.631693e-04,1.30101878e-05,-7.649984e+03,-2.216414e+03
4.3450,1.98615000e-04,-7.153041e+03,-8.070978e-04,1.30875474e-05,-7.153041e+03,-1.935888e+03
4.3500,2.00587000e-04,-5.710852e+03,-6.443716e-04,1.32174905e-05,-5.710852e+03,-1.522207e+03
4.3550,2.03353000e-04,-3.195248e+03,-3.605288e-04,1.33997534e-05,-3.195248e+03,-1.004945e+03
4.3600,2.06815000e-04,-6.282002e+01,-7.088160e-06,1.36278786e-05,-6.282002e+01,-4.510240e+02
4.3650,2.10812000e-04,2.879895e+03,3.249467e-04,1.38912572e-05,2.879895e+03,1.101354e+02
4.3700,2.14886000e-04,4.520124e+03,5.100184e-04,1.41597095e-05,4.520124e+03,6.354846e+02
4.3750,2.18769000e-04,5.201468e+03,5.868963e-04,1.44155762e-05,5.201468e+03,1.102498e+03
4.3800,2.22079000e-04,6.110440e+03,6.894583e-04,1.46336855e-05,6.110440e+03,1.483885e+03
4.3850,2.24767000e-04,7.773255e+03,8.770784e-04,1.48108087e-05,7.773255e+03,1.776786e+03
4.3900,2.26836000e-04,1.020348e+04,1.151288e-03,1.49471435e-05,1.020348e+04,1.964110e+03
4.3950,2.28303000e-04,1.250561e+04,1.411044e-03,1.50438101e-05,1.250561e+04,2.034002e+03
4.4000,2.29110000e-04,1.325210e+04,1.495272e-03,1.50969866e-05,1.325210e+04,1.975645e+03
4.4050,2.29188000e-04,1.241678e+04,1.401020e-03,1.51021263e-05,1.241678e+04,1.797386e+03
4.4100,2.28471000e-04,1.064519e+04,1.201127e-03,1.50548803e-05,1.064519e+04,1.548095e+03
4.4150,2.27021000e-04,8.709574e+03,9.827258e-04,1.49593339e-05,8.709574e+03,1.266135e+03
4.4200,2.25106000e-04,7.813384e+03,8.816062e-04,1.48331468e-05,7.813384e+03,9.849145e+02
4.4250,2.22943000e-04,8.016678e+03,9.045444e-04,1.46906179e-05,8.016678e+03,6.979066e+02
4.4300,2.20938000e-04,8.931235e+03,1.007737e-03,1.45585004e-05,8.931235e+03,3.887530e+02
4.4350,2.19230000e-04,9.822862e+03,1.108341e-03,1.44459533e-05,9.822862e+03,6.194535e+01
4.4400,2.17935000e-04,9.539476e+03,1.076366e-03,1.43606205e-05,9.539476e+03,-2.460719e+02
4.4450,2.17029000e-04,8.241710e+03,9.299355e-04,1.43009205e-05,8.241710e+03,-5.109757e+02
4.4500,2.16510000e-04,7.026139e+03,7.927791e-04,1.42667215e-05,7.026139e+03,-7.043120e+02
4.4550,2.16450000e-04,6.859169e+03,7.739394e-04,1.42627678e-05,6.859169e+03,-8.318805e+02
4.4600,2.17048000e-04,8.730045e+03,9.850356e-04,1.43021725e-05,8.730045e+03,-9.177748e+02
4.4650,2.18363000e-04,1.190596e+04,1.343383e-03,1.43888232e-05,1.190596e+04,-9.686544e+02
4.4700,2.20302000e-04,1.461033e+04,1.648525e-03,1.45165917e-05,1.461033e+04,-9.863564e+02
4.4750,2.22677000e-04,1.624674e+04,1.833166e-03,1.46730901e-05,1.624674e+04,-9.688955e+02
4.4800,2.25107000e-04,1.652435e+04,1.864489e-03,1.48332127e-05,1.652435e+04,-8.971087e+02
4.4850,2.27441000e-04,1.597936e+04,1.802996e-03,1.49870094e-05,1.597936e+04,-7.762381e+02
4.4900,2.29444000e-04,1.530585e+04,1.727002e-03,1.51189952e-05,1.530585e+04,-6.191004e+02
4.4950,2.31008000e-04,1.441718e+04,1.626731e-03,1.52220535e-05,1.441718e+04,-4.376712e+02
4.5000,2.31862000e-04,1.321416e+04,1.490991e-03,1.52783270e-05,1.321416e+04,-2.810174e+02
4.5050,2.31853000e-04,1.178668e+04,1.329924e-03,1.52777339e-05,1.178668e+04,-1.722136e+02
4.5100,2.30784000e-04,1.046909e+04,1.181257e-03,1.52072932e-05,1.046909e+04,-1.028333e+02
4.5150,2.28674000e-04,9.337339e+03,1.053558e-03,1.50682568e-05,9.337339e+03,-3.451875e+01
4.5200,2.25739000e-04,8.304317e+03,9.369995e-04,1.48748577e-05,8.304317e+03,9.327991e+01
4.5250,2.22197000e-04,7.192525e+03,8.115529e-04,1.46414610e-05,7.192525e+03,2.813104e+02
4.5300,2.18498000e-04,5.732298e+03,6.467913e-04,1.43977189e-05,5.732298e+03,5.019088e+02
4.5350,2.14828000e-04,3.878592e+03,4.376325e-04,1.41558877e-05,3.878592e+03,7.147878e+02
4.5400,2.11419000e-04,1.714331e+03,1.934328e-04,1.39312549e-05,1.714331e+03,8.863433e+02
4.5450,2.08294000e-04,-5.144788e+02,-5.805010e-05,1.37253359e-05,-5.144788e+02,1.021467e+03
4.5500,2.05512000e-04,-2.103294e+03,-2.373207e-04,1.35420187e-05,-2.103294e+03,1.123050e+03
4.5550,2.03148000e-04,-2.773181e+03,-3.129059e-04,1.33862451e-05,-2.773181e+03,1.186499e+03
4.5600,2.01435000e-04,-2.506854e+03,-2.828554e-04,1.32733686e-05,-2.506854e+03,1.197344e+03
4.5650,2.00512000e-04,-1.721943e+03,-1.942917e-04,1.32125484e-05,-1.721943e+03,1.147755e+03
4.5700,2.00561000e-04,-1.029924e+03,-1.162092e-04,1.32157772e-05,-1.029924e+03,1.034283e+03
4.5750,2.01599000e-04,-1.254336e+02,-1.415303e-05,1.32841753e-05,-1.254336e+02,8.623577e+02
4.5800,2.03625000e-04,1.961091e+03,2.212754e-04,1.34176766e-05,1.961091e+03,6.471719e+02
4.5850,2.06612000e-04,5.486505e+03,6.190578e-04,1.36145021e-05,5.486505e+03,3.887093e+02
4.5900,2.10465000e-04,1.004380e+04,1.133271e-03,1.38683919e-05,1.004380e+04,5.427399e+01
4.5950,2.15064000e-04,1.463011e+04,1.650757e-03,1.41714387e-05,1.463011e+04,-3.848280e+02
4.6000,2.20032000e-04,1.758465e+04,1.984126e-03,1.44988003e-05,1.758465e+04,-9.602437e+02
4.6050,2.25102000e-04,1.883704e+04,2.125436e-03,1.48328832e-05,1.883704e+04,-1.650397e+03
4.6100,2.29751000e-04,1.895893e+04,2.139189e-03,1.51392246e-05,1.895893e+04,-2.335769e+03
4.6150,2.33770000e-04,1.877121e+04,2.118008e-03,1.54040528e-05,1.877121e+04,-2.927434e+03
4.6200,2.36901000e-04,1.965174e+04,2.217362e-03,1.56103671e-05,1.965174e+04,-3.283033e+03
4.6250,2.39152000e-04,2.181041e+04,2.460930e-03,1.57586946e-05,2.181041e+04,-3.376353e+03
4.6300,2.40672000e-04,2.503110e+04,2.824330e-03,1.58588536e-05,2.503110e+04,-3.213404e+03
4.6350,2.41597000e-04,2.846681e+04,3.211991e-03,1.59198056e-05,2.846681e+04,-2.822704e+03
4.6400,2.42144000e-04,3.051250e+04,3.442811e-03,1.59558496e-05,3.051250e+04,-2.248942e+03
4.6450,2.42369000e-04,3.088466e+04,3.484803e-03,1.59706758e-05,3.088466e+04,-1.522214e+03
4.6500,2.42343000e-04,2.990642e+04,3.374426e-03,1.59689626e-05,2.990642e+04,-6.933401e+02
4.6550,2.42091000e-04,2.839565e+04,3.203962e-03,1.59523573e-05,2.839565e+04,2.060742e+02
4.6600,2.41668000e-04,2.747214e+04,3.099759e-03,1.59244841e-05,2.747214e+04,1.094346e+03
4.6650,2.41072000e-04,2.692463e+04,3.037982e-03,1.58852112e-05,2.692463e+04,1.925188e+03
4.6700,2.40221000e-04,2.615065e+04,2.950652e-03,1.58291354e-05,2.615065e+04,2.614246e+03
4.6750,2.39040000e-04,2.503943e+04,2.825270e-03,1.57513145e-05,2.503943e+04,3.135420e+03
4.6800,2.37475000e-04,2.382509e+04,2.688252e-03,1.56481903e-05,2.382509e+04,3.486459e+03
4.6850,2.35611000e-04,2.282112e+04,2.574971e-03,1.55253638e-05,2.282112e+04,3.693331e+03
4.6900,2.33723000e-04,2.208317e+04,2.491706e-03,1.54009558e-05,2.208317e+04,3.776296e+03
4.6950,2.31964000e-04,2.120992e+04,2.393176e-03,1.52850482e-05,2.120992e+04,3.728059e+03
4.7000,2.30485000e-04,1.966691e+04,2.219073e-03,1.51875909e-05,1.966691e+04,3.506336e+03
4.7050,2.29240000e-04,1.753996e+04,1.979083e-03,1.51055528e-05,1.753996e+04,3.082470e+03
4.7100,2.28085000e-04,1.533968e+04,1.730820e-03,1.50294452e-05,1.533968e+04,2.437241e+03
4.7150,2.26945000e-04,1.332868e+04,1.503913e-03,1.49543259e-05,1.332868e+04,1.595329e+03
4.7200,2.25751000e-04,1.186555e+04,1.338824e-03,1.48756484e-05,1.186555e+04,6.409528e+02
4.7250,2.24532000e-04,1.098148e+04,1.239071e-03,1.47953236e-05,1.098148e+04,-3.609194e+02
4.7300,2.23369000e-04,1.052714e+04,1.187807e-03,1.47186888e-05,1.052714e+04,-1.272741e+03
4.7350,2.22290000e-04,1.018500e+04,1.149203e-03,1.46475891e-05,1.018500e+04,-2.028518e+03
4.7400,2.21266000e-04,9.335549e+03,1.053356e-03,1.45801136e-05,9.335549e+03,-2.534620e+03
4.7450,2.20229000e-04,7.931758e+03,8.949627e-04,1.45117815e-05,7.931758e+03,-2.781056e+03
4.7500,2.19063000e-04,6.446148e+03,7.273371e-04,1.44349490e-05,6.446148e+03,-2.801251e+03
4.7550,2.17779000e-04,5.448817e+03,6.148054e-04,1.43503410e-05,5.448817e+03,-2.637864e+03
4.7600,2.16511000e-04,5.645082e+03,6.369506e-04,1.42667874e-05,5.645082e+03,-2.368894e+03
4.7650,2.15383000e-04,6.752901e+03,7.619489e-04,1.41924589e-05,6.752901e+03,-2.018292e+03
4.7700,2.14558000e-04,7.941914e+03,8.961086e-04,1.41380963e-05,7.941914e+03,-1.610871e+03
4.7750,2.14034000e-04,8.830566e+03,9.963778e-04,1.41035678e-05,8.830566e+03,-1.141627e+03
4.7800,2.13705000e-04,8.983264e+03,1.013607e-03,1.40818887e-05,8.983264e+03,-6.105456e+02
4.7850,2.13461000e-04,8.416155e+03,9.496185e-04,1.40658105e-05,8.416155e+03,-3.362646e+01
4.7900,2.13078000e-04,7.193568e+03,8.116706e-04,1.40405731e-05,7.193568e+03,5.181744e+02
4.7950,2.12461000e-04,5.483831e+03,6.187562e-04,1.39999165e-05,5.483831e+03,9.812658e+02
4.8000,2.11520000e-04,3.975321e+03,4.485467e-04,1.39379102e-05,3.975321e+03,1.236561e+03
4.8050,2.10303000e-04,3.148196e+03,3.552199e-04,1.38577171e-05,3.148196e+03,1.254123e+03
4.8100,2.09010000e-04,3.426412e+03,3.866117e-04,1.37725161e-05,3.426412e+03,1.054975e+03
4.8150,2.07797000e-04,4.357831e+03,4.917064e-04,1.36925866e-05,4.357831e+03,6.992328e+02
4.8200,2.06940000e-04,4.904465e+03,5.533846e-04,1.36361154e-05,4.904465e+03,2.964411e+02
4.8250,2.06556000e-04,4.838066e+03,5.458927e-04,1.36108121e-05,4.838066e+03,-1.274116e+02
4.8300,2.06844000e-04,4.304626e+03,4.857031e-04,1.36297896e-05,4.304626e+03,-5.464757e+02
4.8350,2.07871000e-04,3.832882e+03,4.324749e-04,1.36974628e-05,3.832882e+03,-9.606221e+02
4.8400,2.09700000e-04,4.362728e+03,4.922589e-04,1.38179830e-05,4.362728e+03,-1.349455e+03
4.8450,2.12288000e-04,6.058496e+03,6.835973e-04,1.39885168e-05,6.058496e+03,-1.686327e+03
4.8500,2.15487000e-04,8.899256e+03,1.004128e-03,1.41993119e-05,8.899256e+03,-1.915232e+03
4.8550,2.19187000e-04,1.239133e+04,1.398149e-03,1.44431199e-05,1.239133e+04,-2.004369e+03
4.8600,2.23167000e-04,1.527675e+04,1.723719e-03,1.47053782e-05,1.527675e+04,-1.899450e+03
4.8650,2.27320000e-04,1.706616e+04,1.925623e-03,1.49790362e-05,1.706616e+04,-1.590906e+03
4.8700,2.31447000e-04,1.770398e+04,1.997590e-03,1.52509810e-05,1.770398e+04,-1.098195e+03
4.8750,2.35490000e-04,1.821624e+04,2.055390e-03,1.55173906e-05,1.821624e+04,-4.636296e+02
4.8800,2.39406000e-04,2.046979e+04,2.309664e-03,1.57754317e-05,2.046979e+04,2.192498e+02
4.8850,2.43177000e-04,2.444404e+04,2.758090e-03,1.60239182e-05,2.444404e+04,9.126113e+02
4.8900,2.46641000e-04,2.882788e+04,3.252731e-03,1.62521752e-05,2.882788e+04,1.546945e+03
4.8950,2.49602000e-04,3.227380e+04,3.641544e-03,1.64472875e-05,3.227380e+04,2.086177e+03
4.9000,2.51643000e-04,3.329319e+04,3.756565e-03,1.65817773e-05,3.329319e+04,2.469006e+03
4.9050,2.52637000e-04,3.268038e+04,3.687420e-03,1.66472760e-05,3.268038e+04,2.676627e+03
4.9100,2.52576000e-04,3.236065e+04,3.651344e-03,1.66432564e-05,3.236065e+04,2.725226e+03
4.9150,2.51613000e-04,3.298076e+04,3.721312e-03,1.65798004e-05,3.298076e+04,2.650324e+03
4.9200,2.50050000e-04,3.461958e+04,3.906225e-03,1.64768080e-05,3.461958e+04,2.487633e+03
4.9250,2.47974000e-04,3.631224e+04,4.097212e-03,1.63400120e-05,3.631224e+04,2.223955e+03
4.9300,2.45454000e-04,3.636457e+04,4.103117e-03,1.61739590e-05,3.636457e+04,1.828995e+03
4.9350,2.42488000e-04,3.453155e+04,3.896293e-03,1.59785172e-05,3.453155e+04,1.300936e+03
4.9400,2.39175000e-04,3.120891e+04,3.521389e-03,1.57602102e-05,3.120891e+04,6.860811e+02
4.9450,2.35680000e-04,2.751943e+04,3.105095e-03,1.55299105e-05,2.751943e+04,3.546277e+01
4.9500,2.32461000e-04,2.556516e+04,2.884589e-03,1.53177975e-05,2.556516e+04,-5.568729e+02
4.9550,2.29785000e-04,2.568652e+04,2.898283e-03,1.51414650e-05,2.568652e+04,-1.054222e+03
4.9600,2.28021000e-04,2.729436e+04,3.079700e-03,1.50252279e-05,2.729436e+04,-1.413284e+03
4.9650,2.27174000e-04,2.904595e+04,3.277337e-03,1.49694157e-05,2.904595e+04,-1.633504e+03
4.9700,2.27054000e-04,2.907409e+04,3.280512e-03,1.49615084e-05,2.907409e+04,-1.739614e+03
4.9750,2.27511000e-04,2.783594e+04,3.140808e-03,1.49916220e-05,2.783594e+04,-1.761401e+03
4.9800,2.28414000e-04,2.701932e+04,3.048667e-03,1.50511243e-05,2.701932e+04,-1.752970e+03
4.9850,2.29821000e-04,2.753309e+04,3.106636e-03,1.51438372e-05,2.753309e+04,-1.720889e+03
4.9900,2.31819000e-04,2.976839e+04,3.358851e-03,1.52754935e-05,2.976839e+04,-1.661876e+03
4.9950,2.34337000e-04,3.266342e+04,3.685506e-03,1.54414148e-05,3.266342e+04,-1.564202e+03
5.0000,2.37032000e-04,3.443124e+04,3.884974e-03,1.56189992e-05,3.443124e+04,-1.414458e+03
5.0050,2.39647000e-04,3.490368e+04,3.938280e-03,1.57913122e-05,3.490368e+04,-1.213261e+03
5.0100,2.41816000e-04,3.439712e+04,3.881124e-03,1.59342364e-05,3.439712e+04,-9.564744e+02
5.0150,2.43501000e-04,3.347610e+04,3.777203e-03,1.60452679e-05,3.347610e+04,-6.490144e+02
5.0200,2.44732000e-04,3.271308e+04,3.691109e-03,1.61263835e-05,3.271308e+04,-3.275253e+02
5.0250,2.45530000e-04,3.186255e+04,3.595141e-03,1.61789669e-05,3.186255e+04,-1.947318e+01
5.0300,2.45776000e-04,3.024618e+04,3.412762e-03,1.61951769e-05,3.024618e+04,2.409953e+02
5.0350,2.45277000e-04,2.737595e+04,3.088906e-03,1.61622957e-05,2.737595e+04,4.626624e+02
5.0400,2.43626000e-04,2.297121e+04,2.591907e-03,1.60535046e-05,2.297121e+04,6.788119e+02
5.0450,2.40710000e-04,1.775133e+04,2.002933e-03,1.58613576e-05,1.775133e+04,8.989697e+02
5.0500,2.36647000e-04,1.345310e+04,1.517951e-03,1.55936300e-05,1.345310e+04,1.125490e+03
5.0550,2.31753000e-04,1.069297e+04,1.206519e-03,1.52711445e-05,1.069297e+04,1.330224e+03
5.0600,2.26708000e-04,9.244942e+03,1.043133e-03,1.49387090e-05,9.244942e+03,1.485536e+03
5.0650,2.21764000e-04,7.797441e+03,8.798073e-04,1.46129288e-05,7.797441e+03,1.602463e+03
5.0700,2.17116000e-04,4.547106e+03,5.130628e-04,1.43066533e-05,4.547106e+03,1.699894e+03
5.0750,2.12719000e-04,1.822880e+02,2.056807e-05,1.40169171e-05,1.822880e+02,1.773743e+03
5.0800,2.08680000e-04,-2.751495e+03,-3.104590e-04,1.37507710e-05,-2.751495e+03,1.811700e+03
5.0850,2.05259000e-04,-2.841566e+03,-3.206220e-04,1.35253475e-05,-2.841566e+03,1.803023e+03
5.0900,2.03126000e-04,7.524525e+02,8.490135e-05,1.33847955e-05,7.524525e+02,1.709261e+03
5.0950,2.02581000e-04,6.538764e+03,7.377873e-04,1.33488832e-05,6.538764e+03,1.508990e+03
5.1000,2.03858000e-04,1.151376e+04,1.299130e-03,1.34330299e-05,1.151376e+04,1.175060e+03
5.1050,2.06793000e-04,1.491926e+04,1.683383e-03,1.36264290e-05,1.491926e+04,7.253371e+02
5.1100,2.10916000e-04,1.662765e+04,1.876145e-03,1.38981102e-05,1.662765e+04,2.144395e+02
5.1150,2.15962000e-04,1.771968e+04,1.999361e-03,1.42306115e-05,1.771968e+04,-3.205428e+02
5.1200,2.21544000e-04,2.020150e+04,2.279393e-03,1.45984322e-05,2.020150e+04,-8.468747e+02
5.1250,2.27559000e-04,2.455907e+04,2.771069e-03,1.49947849e-05,2.455907e+04,-1.386179e+03
5.1300,2.33810000e-04,3.076802e+04,3.471643e-03,1.54066886e-05,3.076802e+04,-1.981583e+03
5.1350,2.40136000e-04,3.756963e+04,4.239087e-03,1.58235344e-05,3.756963e+04,-2.607104e+03
5.1400,2.46036000e-04,4.213365e+04,4.754059e-03,1.62123093e-05,4.213365e+04,-3.155298e+03
5.1450,2.51130000e-04,4.326953e+04,4.882223e-03,1.65479736e-05,4.326953e+04,-3.487863e+03
5.1500,2.54615000e-04,3.957445e+04,4.465297e-03,1.67776144e-05,3.957445e+04,-3.534877e+03
5.1550,2.56087000e-04,3.130185e+04,3.531877e-03,1.68746104e-05,3.130185e+04,-3.361603e+03
5.1600,2.54748000e-04,1.891522e+04,2.134258e-03,1.67863783e-05,1.891522e+04,-3.004017e+03
5.1650,2.50199000e-04,2.801140e+03,3.160605e-04,1.64866262e-05,2.801140e+03,-2.543846e+03
5.1700,2.41770000e-04,-6.175168e+05,-6.967617e-02,1.59312053e-05,-6.175168e+05,1.121999e+06
5.1750,2.29414000e-04,-3.289561e+04,-3.711705e-03,1.51170184e-05,-3.289561e+04,-3.995584e+02
5.1800,2.13872000e-04,-4.384519e+04,-4.947177e-03,1.40928930e-05,-4.384519e+04,2.235346e+02
5.1850,1.96238000e-04,-4.686513e+04,-5.287925e-03,1.29309172e-05,-4.686513e+04,1.212649e+03
5.1900,1.79276000e-04,-4.109191e+04,-4.636516e-03,1.18132223e-05,-4.109191e+04,2.457732e+03
5.1950,1.64520000e-04,-2.983737e+04,-3.366635e-03,1.08408897e-05,-2.983737e+04,3.917039e+03
5.2000,1.54269000e-04,-2.046535e+04,-2.309163e-03,1.01654097e-05,-2.046535e+04,5.242948e+03
5.2050,1.48863000e-04,-1.645184e+04,-1.856307e-03,9.80918646e-06,-1.645184e+04,6.244108e+03
5.2100,1.47833000e-04,-2.217316e+04,-2.501860e-03,9.74131559e-06,-2.217316e+04,6.588291e+03
5.2150,1.50153000e-04,-3.683693e+04,-4.156415e-03,9.89418979e-06,-3.683693e+04,6.193199e+03
5.2200,1.53463000e-04,-5.640489e+04,-6.364323e-03,1.01122991e-05,-5.640489e+04,5.103258e+03
5.2250,1.56590000e-04,-7.685502e+04,-8.671769e-03,1.03183498e-05,-7.685502e+04,3.466089e+03
5.2300,1.57951000e-04,-9.078245e+04,-1.024324e-02,1.04080316e-05,-9.078245e+04,1.746523e+03
5.2350,1.57442000e-04,-9.648516e+04,-1.088669e-02,1.03744915e-05,-9.648516e+04,1.579313e+02
5.2400,1.55537000e-04,-9.414228e+04,-1.062234e-02,1.02489634e-05,-9.414228e+04,-9.570739e+02
5.2450,1.52816000e-04,-8.685919e+04,-9.800568e-03,1.00696657e-05,-8.685919e+04,-1.486033e+03
5.2500,-1.58274000e-04,-8.117481e+04,-9.159183e-03,-1.04293154e-05,-8.117481e+04,-1.403396e+03
5.2550,-1.65221000e-04,-7.922335e+04,-8.938994e-03,-1.08870814e-05,-7.922335e+04,-8.848934e+02
5.2600,-1.66321000e-04,-8.296266e+04,-9.360911e-03,-1.09595648e-05,-8.296266e+04,-4.605450e+02
5.2650,-1.63321000e-04,-9.097137e+04,-1.026456e-02,-1.07618827e-05,-9.097137e+04,-4.568502e+02
5.2700,-1.60327000e-04,-9.904813e+04,-1.117588e-02,-1.05645959e-05,-9.904813e+04,-1.252551e+03
5.2750,-1.59473000e-04,-1.048110e+05,-1.182612e-02,-1.05083224e-05,-1.048110e+05,-2.774952e+03
5.2800,-1.63721000e-04,-1.046304e+05,-1.180574e-02,-1.07882403e-05,-1.046304e+05,-4.484299e+03
5.2850,-1.73242000e-04,-9.909186e+04,-1.118082e-02,-1.14156176e-05,-9.909186e+04,-5.949977e+03
5.2900,-1.86692000e-04,-9.163330e+04,-1.033924e-02,-1.23018926e-05,-9.163330e+04,-6.450273e+03
5.2950,-2.02306000e-04,-8.492279e+04,-9.582078e-03,-1.33307624e-05,-8.492279e+04,-5.833657e+03
5.3000,-2.16513000e-04,-8.308673e+04,-9.374910e-03,-1.42669192e-05,-8.308673e+04,-4.146921e+03
5.3050,-2.27849000e-04,-8.586269e+04,-9.688130e-03,-1.50138942e-05,-8.586269e+04,-1.695703e+03
5.3100,-2.34494000e-04,-9.109954e+04,-1.027902e-02,-1.54517601e-05,-9.109954e+04,7.789876e+02
5.3150,-2.36414000e-04,-9.714940e+04,-1.096164e-02,-1.55782767e-05,-9.714940e+04,2.925994e+03
5.3200,-2.34064000e-04,-1.011613e+05,-1.141432e-02,-1.54234257e-05,-1.011613e+05,4.169645e+03
5.3250,-2.27854000e-04,-1.027762e+05,-1.159652e-02,-1.50142236e-05,-1.027762e+05,4.353160e+03
5.3300,-2.18215000e-04,-1.016414e+05,-1.146848e-02,-1.43790708e-05,-1.016414e+05,3.518022e+03
5.3350,-2.04997000e-04,-9.760874e+04,-1.101347e-02,-1.35080833e-05,-9.760874e+04,1.956856e+03
5.3400,-1.87730000e-04,-9.055244e+04,-1.021729e-02,-1.23702906e-05,-9.055244e+04,2.961419e+02
5.3450,-1.66231000e-04,-8.001534e+04,-9.028357e-03,-1.09536344e-05,-8.001534e+04,-1.220066e+03
5.3500,-1.40772000e-04,-6.597819e+04,-7.444506e-03,-9.27603768e-06,-6.597819e+04,-2.379599e+03
5.3550,1.44379000e-04,-4.979062e+04,-5.618017e-03,9.51371753e-06,-4.979062e+04,-3.252281e+03
5.3600,1.53885000e-04,-3.502246e+04,-3.951683e-03,1.01401064e-05,-3.502246e+04,-4.041646e+03
5.3650,1.64671000e-04,-2.398372e+04,-2.706151e-03,1.08508397e-05,-2.398372e+04,-4.907320e+03
5.3700,1.76276000e-04,-1.893799e+04,-2.136827e-03,1.16155401e-05,-1.893799e+04,-5.960515e+03
5.3750,1.88473000e-04,-1.816603e+04,-2.049724e-03,1.24192499e-05,-1.816603e+04,-7.027063e+03
5.3800,2.01056000e-04,-1.716169e+04,-1.936402e-03,1.32483948e-05,-1.716169e+04,-7.575710e+03
5.3850,2.14052000e-04,-1.400588e+04,-1.580323e-03,1.41047539e-05,-1.400588e+04,-7.326013e+03
5.3900,2.27264000e-04,-8.048667e+03,-9.081538e-04,1.49753461e-05,-8.048667e+03,-5.973166e+03
5.3950,2.40207000e-04,-1.731730e+03,-1.953959e-04,1.58282129e-05,-1.731730e+03,-3.570060e+03
5.4000,2.51323000e-04,5.775178e+02,6.516296e-05,1.65606912e-05,5.775178e+02,-4.538111e+02
5.4050,2.59572000e-04,-1.498061e+03,-1.690305e-04,1.71042512e-05,-1.498061e+03,3.037324e+03
5.4100,2.63345000e-04,-6.171665e+03,-6.963664e-04,1.73528695e-05,-6.171665e+03,6.236420e+03
5.4150,2.62416000e-04,-1.066618e+04,-1.203495e-03,1.72916539e-05,-1.066618e+04,8.877343e+03
5.4200,2.57197000e-04,-1.067764e+04,-1.204788e-03,1.69477528e-05,-1.067764e+04,1.064027e+04
5.4250,2.48462000e-04,-6.151096e+03,-6.940456e-04,1.63721683e-05,-6.151096e+03,1.152414e+04
5.4300,2.37930000e-04,8.005596e+02,9.032940e-05,1.56781721e-05,8.005596e+02,1.161281e+04
5.4350,2.26453000e-04,7.282477e+03,8.217024e-04,1.49219061e-05,7.282477e+03,1.100110e+04
5.4400,2.15354000e-04,8.458058e+03,9.543466e-04,1.41905480e-05,8.458058e+03,9.884901e+03
5.4450,2.04995000e-04,4.161595e+03,4.695646e-04,1.35079515e-05,4.161595e+03,8.347588e+03
5.4500,1.95838000e-04,-3.863496e+03,-4.359292e-04,1.29045596e-05,-3.863496e+03,6.556013e+03
5.4550,1.87938000e-04,-1.345411e+04,-1.518065e-03,1.23839966e-05,-1.345411e+04,4.590756e+03
5.4600,1.81203000e-04,-2.210016e+04,-2.493623e-03,1.19402001e-05,-2.210016e+04,2.595082e+03
5.4650,1.75325000e-04,-3.105147e+04,-3.503625e-03,1.15528749e-05,-3.105147e+04,6.599909e+02
5.4700,1.69387000e-04,-4.309266e+04,-4.862266e-03,1.11615960e-05,-4.309266e+04,-1.022225e+03
5.4750,1.62852000e-04,-5.877588e+04,-6.631849e-03,1.07309784e-05,-5.877588e+04,-2.372629e+03
5.4800,1.55113000e-04,-7.687626e+04,-8.674165e-03,1.02210243e-05,-7.687626e+04,-3.329013e+03
5.4850,1.46337000e-04,-9.483734e+04,-1.070077e-02,9.64273808e-06,-9.483734e+04,-3.948873e+03
5.4900,1.37236000e-04,-1.087494e+05,-1.227050e-02,9.04303630e-06,-1.087494e+05,-4.408403e+03
5.4950,-1.38478000e-04,-1.181839e+05,-1.333503e-02,-9.12487672e-06,-1.181839e+05,-4.793562e+03
5.5000,-1.57507000e-04,-1.234303e+05,-1.392699e-02,-1.03787747e-05,-1.234303e+05,-5.189130e+03
5.5050,-1.75335000e-04,-1.253856e+05,-1.414761e-02,-1.15535338e-05,-1.253856e+05,-5.571769e+03
5.5100,-1.93978000e-04,-1.251189e+05,-1.411752e-02,-1.27819967e-05,-1.251189e+05,-5.851269e+03
5.5150,-2.14039000e-04,-1.224888e+05,-1.382076e-02,-1.41038973e-05,-1.224888e+05,-5.886706e+03
5.5200,-2.35262000e-04,-1.174525e+05,-1.325250e-02,-1.55023668e-05,-1.174525e+05,-5.528178e+03
5.5250,-2.56483000e-04,-1.101914e+05,-1.243321e-02,-1.69007045e-05,-1.101914e+05,-4.794128e+03
5.5300,-2.75248000e-04,-1.020813e+05,-1.151812e-02,-1.81372064e-05,-1.020813e+05,-3.794175e+03
5.5350,-2.90660000e-04,-9.477609e+04,-1.069385e-02,-1.91527655e-05,-9.477609e+04,-2.633715e+03
5.5400,-3.01992000e-04,-9.102313e+04,-1.027040e-02,-1.98994770e-05,-9.102313e+04,-1.505458e+03
5.5450,-3.09514000e-04,-9.099175e+04,-1.026686e-02,-2.03951320e-05,-9.099175e+04,-4.283211e+02
5.5500,-3.13475000e-04,-9.310209e+04,-1.050497e-02,-2.06561384e-05,-9.310209e+04,5.410242e+02
5.5550,-3.13490000e-04,-9.531020e+04,-1.075412e-02,-2.06571268e-05,-9.531020e+04,1.305864e+03
5.5600,-3.08124000e-04,-9.505645e+04,-1.072549e-02,-2.03035393e-05,-9.505645e+04,1.736725e+03
5.5650,-2.96484000e-04,-9.317302e+04,-1.051298e-02,-1.95365325e-05,-9.317302e+04,1.842538e+03
5.5700,-2.77738000e-04,-9.253337e+04,-1.044080e-02,-1.83012826e-05,-9.253337e+04,1.674449e+03
5.5750,-2.52397000e-04,-9.474661e+04,-1.069053e-02,-1.66314614e-05,-9.474661e+04,1.270225e+03
5.5800,-2.22514000e-04,-1.015954e+05,-1.146330e-02,-1.46623494e-05,-1.015954e+05,7.386773e+02
5.5850,-1.89715000e-04,-1.127813e+05,-1.272544e-02,-1.25010903e-05,-1.127813e+05,2.046663e+02
5.5900,-1.57335000e-04,-1.276803e+05,-1.440653e-02,-1.03674409e-05,-1.276803e+05,-3.719912e+02
5.5950,1.31215000e-04,-1.462652e+05,-1.650351e-02,8.64628821e-06,-1.462652e+05,-1.077524e+03
5.6000,1.17329000e-04,-1.683511e+05,-1.899554e-02,7.73128338e-06,-1.683511e+05,-1.860951e+03
5.6050,9.88158000e-05,-1.934624e+05,-2.182891e-02,6.51137360e-06,-1.934624e+05,-2.593737e+03
5.6100,7.62952000e-05,-2.202211e+05,-2.484817e-02,5.02739998e-06,-2.202211e+05,-2.676730e+03
5.6150,-7.67688000e-05,-2.473250e+05,-2.790638e-02,-5.05860740e-06,-2.473250e+05,-1.865656e+03
5.6200,-8.86727000e-05,-7.776734e+05,-8.774709e-02,-5.84300362e-06,-7.776734e+05,9.413558e+05
5.6250,-1.10722000e-04,-2.974761e+05,-3.356507e-02,-7.29592137e-06,-2.974761e+05,3.176336e+03
5.6300,-1.41945000e-04,-3.196932e+05,-3.607188e-02,-9.35333140e-06,-3.196932e+05,6.291786e+03
5.6350,-1.82022000e-04,-3.675255e+05,-4.146894e-02,-1.19941674e-05,-3.675255e+05,5.836525e+04
5.6400,-2.31059000e-04,-3.881173e+05,-4.379238e-02,-1.52254141e-05,-3.881173e+05,5.565071e+04
5.6450,-2.89541000e-04,-3.904871e+05,-4.405976e-02,-1.90790301e-05,-3.904871e+05,1.400997e+04
5.6500,-3.57976000e-04,-4.166506e+05,-4.701187e-02,-2.35884896e-05,-4.166506e+05,1.465077e+04
5.6550,-4.35876000e-04,-4.400260e+05,-4.964938e-02,-2.87216364e-05,-4.400260e+05,1.418444e+04
5.6600,-5.20690000e-04,-4.538099e+05,-5.120465e-02,-3.43103746e-05,-4.538099e+05,1.268618e+04
5.6650,-6.09982000e-04,-4.556440e+05,-5.141160e-02,-4.01941864e-05,-4.556440e+05,1.031032e+04
5.6700,-6.98288000e-04,-4.435074e+05,-5.004219e-02,-4.60130267e-05,-4.435074e+05,7.473393e+03
5.6750,-7.82731000e-04,-4.189875e+05,-4.727555e-02,-5.15773183e-05,-4.189875e+05,4.340573e+03
5.6800,-8.58159000e-04,-3.865682e+05,-4.361759e-02,-5.65475749e-05,-3.865682e+05,1.126516e+03
5.6850,-9.22575000e-04,-3.496552e+05,-3.945259e-02,-6.07922063e-05,-3.496552e+05,-1.949888e+03
5.6900,-9.72867000e-04,-3.145678e+05,-3.549357e-02,-6.41061500e-05,-3.145678e+05,-4.953484e+03
5.6950,-1.00820000e-03,-2.830794e+05,-3.194064e-02,-6.64343846e-05,-2.830794e+05,-7.909516e+03
5.7000,-1.02752000e-03,-2.555919e+05,-2.883915e-02,-6.77074577e-05,-2.555919e+05,-1.101385e+04
5.7050,-1.03054000e-03,-2.293266e+05,-2.587557e-02,-6.79064577e-05,-2.293266e+05,-1.443377e+04
5.7100,-1.01638000e-03,-1.982385e+05,-2.236781e-02,-6.69733979e-05,-1.982385e+05,-1.817250e+04
5.7150,-9.84246000e-04,-1.610391e+05,-1.817049e-02,-6.48559584e-05,-1.610391e+05,-2.177382e+04
5.7200,-9.32160000e-04,-1.176459e+05,-1.327432e-02,-6.14238008e-05,-1.176459e+05,-2.469121e+04
5.7250,-8.59070000e-04,-7.054257e+04,-7.959518e-03,-5.66076044e-05,-7.054257e+04,-2.593054e+04
5.7300,-7.63711000e-04,-2.306797e+04,-2.602825e-03,-5.03240134e-05,-2.306797e+04,-2.591066e+04
5.7350,-6.46276000e-04,2.392682e+04,2.699731e-03,-4.25857452e-05,2.392682e+04,-2.399549e+04
5.7400,-5.08307000e-04,7.011917e+04,7.911744e-03,-3.34944086e-05,7.011917e+04,-2.016421e+04
5.7450,-3.51580000e-04,1.164450e+05,1.313882e-02,-2.31670313e-05,1.164450e+05,-1.585801e+04
5.7500,2.63146000e-04,1.632401e+05,1.841885e-02,1.73397566e-05,1.632401e+05,-1.179864e+04
5.7550,3.11500000e-04,2.098722e+05,2.368047e-02,2.05259976e-05,2.098722e+05,-8.013248e+03
5.7600,3.60702000e-04,2.558977e+05,2.887366e-02,2.37681168e-05,2.558977e+05,-4.795748e+03
5.7650,4.11119000e-04,3.009765e+05,3.396003e-02,2.70902973e-05,3.009765e+05,-2.028609e+03
5.7700,5.67728000e-04,3.439564e+05,3.880957e-02,3.74098991e-05,3.439564e+05,4.306425e+02
5.7750,7.52108000e-04,9.492210e+05,1.071033e-01,4.95594447e-05,9.492210e+05,-1.052543e+06
5.7800,9.28807000e-04,7.907274e+05,8.922001e-02,6.12028580e-05,7.907274e+05,-6.922406e+05
5.7850,1.09607000e-03,4.449329e+05,5.020304e-02,7.22244950e-05,4.449329e+05,3.712869e+03
5.7900,1.24973000e-03,4.631330e+05,5.225660e-02,8.23497753e-05,4.631330e+05,5.397794e+03
5.7950,1.38766000e-03,4.746432e+05,5.355534e-02,9.14385420e-05,4.746432e+05,7.390297e+03
5.8000,1.50705000e-03,7.086336e+05,7.995713e-02,9.93056331e-05,7.086336e+05,-5.772375e+05
5.8050,1.60769000e-03,4.913922e+05,5.544518e-02,1.05937211e-04,4.913922e+05,1.113879e+04
5.8100,1.68952000e-03,5.004564e+05,5.646791e-02,1.11329321e-04,5.004564e+05,1.297586e+04
5.8150,1.75251000e-03,5.108520e+05,5.764087e-02,1.15479987e-04,5.108520e+05,1.445859e+04
5.8200,1.79593000e-03,5.221168e+05,5.891192e-02,1.18341107e-04,5.221168e+05,1.630689e+04
5.8250,1.81883000e-03,5.424091e+05,6.120155e-02,1.19850081e-04,5.424091e+05,1.860584e+03
5.8300,1.81872000e-03,5.421845e+05,6.117621e-02,1.19842833e-04,5.421845e+05,2.043541e+04
5.8350,1.79409000e-03,5.457497e+05,6.157848e-02,1.18219862e-04,5.457497e+05,2.161078e+04
5.8400,1.74251000e-03,5.406747e+05,6.100586e-02,1.14821047e-04,5.406747e+05,2.174216e+04
5.8450,1.66356000e-03,5.274940e+05,5.951864e-02,1.09618711e-04,5.274940e+05,2.092137e+04
5.8500,1.55813000e-03,5.088064e+05,5.741006e-02,1.02671501e-04,5.088064e+05,1.925569e+04
5.8550,1.42819000e-03,4.855051e+05,5.478091e-02,9.41092280e-05,4.855051e+05,1.703111e+04
5.8600,1.27887000e-03,4.567954e+05,5.154152e-02,8.42699280e-05,4.567954e+05,1.467414e+04
5.8650,1.11323000e-03,4.194506e+05,4.732779e-02,7.33552370e-05,4.194506e+05,1.288316e+04
5.8700,9.36659000e-04,3.682462e+05,4.155026e-02,6.17202581e-05,3.682462e+05,1.189905e+04
5.8750,7.51220000e-04,3.039699e+05,3.429779e-02,4.95009307e-05,3.039699e+05,1.121712e+04
5.8800,5.61741000e-04,2.320245e+05,2.617998e-02,3.70153914e-05,2.320245e+05,1.033163e+04
5.8850,4.30912000e-04,1.578651e+05,1.781236e-02,2.83945383e-05,1.578651e+05,9.250708e+03
5.8900,3.46529000e-04,9.061521e+04,1.022437e-02,2.28342004e-05,9.061521e+04,8.244015e+03
5.8950,2.57426000e-04,3.180732e+04,3.588910e-03,1.69628426e-05,3.180732e+04,7.249669e+03
5.9000,-2.13158000e-04,-1.767536e+04,-1.994361e-03,-1.40458446e-05,-1.767536e+04,5.942041e+03
5.9050,-3.92210000e-04,-1.441310e+07,-1.626270e+00,-2.58443067e-05,-1.441310e+07,2.678664e+07
5.9100,-5.55629000e-04,-1.012351e+05,-1.142264e-02,-3.66126470e-05,-1.012351e+05,8.500551e+03
5.9150,-7.02266000e-04,-1.327301e+05,-1.497631e-02,-4.62751533e-05,-1.327301e+05,-1.309741e+03
5.9200,-8.31260000e-04,-1.658755e+05,-1.871620e-02,-5.47750908e-05,-1.658755e+05,-4.735933e+03
5.9250,-9.42761000e-04,-1.960720e+05,-2.212336e-02,-6.21223436e-05,-1.960720e+05,-9.050069e+03
5.9300,-1.03714000e-03,-2.227559e+05,-2.513417e-02,-6.83413585e-05,-2.227559e+05,-1.398180e+04
5.9350,-1.11475000e-03,-4.502602e+05,-5.080413e-02,-7.34553959e-05,-4.502602e+05,3.608986e+05
5.9400,-1.17562000e-03,-2.672294e+05,-3.015224e-02,-7.74663670e-05,-2.672294e+05,-2.651554e+04
5.9450,-1.21869000e-03,-2.847299e+05,-3.212688e-02,-8.03044239e-05,-2.847299e+05,-3.397298e+04
5.9500,-1.24003000e-03,-2.955997e+05,-3.335335e-02,-8.17106030e-05,-2.955997e+05,-3.935247e+04
5.9550,-1.23669000e-03,-4.129004e+05,-4.658872e-02,-8.14905168e-05,-4.129004e+05,1.749581e+05
5.9600,-1.20390000e-03,-3.091485e+05,-3.488210e-02,-7.93298508e-05,-3.091485e+05,3.933888e+03
5.9650,-1.14085000e-03,-2.633428e+05,-2.971372e-02,-7.51752307e-05,-2.633428e+05,-3.788399e+04
5.9700,-1.04927000e-03,-2.403323e+05,-2.711738e-02,-6.91406533e-05,-2.403323e+05,-3.389378e+04
5.9750,-9.32815000e-04,-2.215326e+05,-2.499615e-02,-6.14669614e-05,-2.215326e+05,-2.920646e+04
5.9800,-8.01057000e-04,-2.135812e+05,-2.409897e-02,-5.27848927e-05,-2.135812e+05,-2.417334e+04
5.9850,-6.59534000e-04,-2.213629e+05,-2.497701e-02,-4.34593686e-05,-2.213629e+05,-8.247080e+03
5.9900,-5.17695000e-04,-2.244619e+05,-2.532668e-02,-3.41130219e-05,-2.244619e+05,-1.318519e+04
5.9950,-3.78830000e-04,-2.368039e+05,-2.671925e-02,-2.49626442e-05,-2.368039e+05,-7.209727e+03
6.0000,-2.48039000e-04,-2.469870e+05,-2.786824e-02,-1.63442951e-05,-2.469870e+05,-8.753799e+02
6.0050,-1.26855000e-04,-2.530802e+05,-2.855576e-02,-8.35899014e-06,-2.530802e+05,5.990154e+03
6.0100,1.03816000e-04,-2.528467e+05,-2.852941e-02,6.84085704e-06,-2.528467e+05,1.341598e+04
6.0150,1.03066000e-04,-2.470774e+05,-2.787845e-02,6.79143650e-06,-2.470774e+05,2.086077e+04
6.0200,1.61084000e-04,-2.394343e+05,-2.701605e-02,1.06144777e-05,-2.394343e+05,2.815662e+04
6.0250,2.28909000e-04,-2.324636e+05,-2.622952e-02,1.50837419e-05,-2.324636e+05,3.478755e+04
6.0300,2.80749000e-04,-2.308569e+05,-2.604824e-02,1.84996896e-05,-2.308569e+05,3.976187e+04
6.0350,3.14914000e-04,-2.362037e+05,-2.665153e-02,2.07509599e-05,-2.362037e+05,4.268617e+04
6.0400,3.26922000e-04,-2.489855e+05,-2.809374e-02,2.15422157e-05,-2.489855e+05,4.305203e+04
6.0450,3.14460000e-04,-2.664114e+05,-3.005995e-02,2.07210440e-05,-2.664114e+05,4.094765e+04
6.0500,2.75337000e-04,-2.801966e+05,-3.161537e-02,1.81430710e-05,-2.801966e+05,3.684809e+04
6.0550,2.10856000e-04,-2.853076e+05,-3.219207e-02,1.38941565e-05,-2.853076e+05,3.121341e+04
6.0600,1.26532000e-04,-2.759002e+05,-3.113060e-02,8.33770636e-06,-2.759002e+05,2.501977e+04
6.0650,4.23501000e-05,-2.539913e+05,-2.865856e-02,2.79061975e-06,-2.539913e+05,1.871184e+04
6.0700,-7.87020000e-05,-2.270085e+05,-2.561401e-02,-5.18599379e-06,-2.270085e+05,1.274359e+04
6.0750,-1.86135000e-04,-2.180766e+05,-2.460620e-02,-1.22651896e-05,-2.180766e+05,4.114596e+04
6.0800,-2.88301000e-04,-1.794509e+05,-2.024796e-02,-1.89973215e-05,-1.794509e+05,1.578903e+03
6.0850,-3.82836000e-04,-1.658904e+05,-1.871788e-02,-2.52266158e-05,-1.658904e+05,-4.179234e+03
6.0900,-4.66242000e-04,-1.571088e+05,-1.772703e-02,-3.07225752e-05,-1.571088e+05,-1.028461e+04
6.0950,-5.37657000e-04,-1.505175e+05,-1.698332e-02,-3.54283990e-05,-1.505175e+05,-1.683495e+04
6.1000,-5.95876000e-04,-1.415904e+05,-1.597605e-02,-3.92646849e-05,-1.415904e+05,-2.346401e+04
6.1050,-6.40632000e-04,-1.295654e+05,-1.461923e-02,-4.22138392e-05,-1.295654e+05,-2.944481e+04
6.1100,-6.71584000e-04,-1.144252e+05,-1.291092e-02,-4.42533919e-05,-1.144252e+05,-3.411030e+04
6.1150,-6.88706000e-04,-9.771429e+04,-1.102538e-02,-4.53816299e-05,-9.771429e+04,-3.681673e+04
6.1200,-6.92110000e-04,-8.200588e+04,-9.252956e-03,-4.56059332e-05,-8.200588e+04,-3.694514e+04
6.1250,-6.82004000e-04,-6.684152e+04,-7.541918e-03,-4.49400079e-05,-6.684152e+04,-3.462331e+04
6.1300,-6.59115000e-04,-5.069093e+04,-5.719601e-03,-4.34317590e-05,-5.069093e+04,-3.019281e+04
6.1350,-6.24093000e-04,-3.280839e+04,-3.701863e-03,-4.11240174e-05,-3.280839e+04,-2.423233e+04
6.1400,-5.78321000e-04,-1.252834e+04,-1.413608e-03,-3.81079148e-05,-1.252834e+04,-1.764004e+04
6.1450,-5.22371000e-04,9.794316e+03,1.105120e-03,-3.44211425e-05,9.794316e+03,-1.091434e+04
6.1500,-4.56664000e-04,3.449512e+04,3.892182e-03,-3.00914420e-05,3.449512e+04,-5.230562e+03
6.1550,-3.80792000e-04,6.199203e+04,6.994736e-03,-2.50919284e-05,6.199203e+04,-8.812161e+02
6.1600,-2.93700000e-04,9.184069e+04,1.036265e-02,-1.93530835e-05,9.184069e+04,2.178017e+03
6.1650,-1.95034000e-04,1.225111e+05,1.382327e-02,-1.28515808e-05,1.225111e+05,4.348352e+03
6.1700,2.19300000e-04,1.508110e+05,1.701643e-02,1.44505659e-05,1.508110e+05,5.793148e+03
6.1750,2.61040000e-04,1.761403e+05,1.987440e-02,1.72009837e-05,1.761403e+05,6.343097e+03
6.1800,3.06233000e-04,1.984837e+05,2.239548e-02,2.01789336e-05,1.984837e+05,6.211622e+03
6.1850,3.55455000e-04,2.183885e+05,2.464139e-02,2.34223707e-05,2.183885e+05,5.452834e+03
6.1900,4.24754000e-04,2.364382e+05,2.667799e-02,2.79887627e-05,2.364382e+05,4.141540e+03
6.1950,5.57529000e-04,2.526714e+05,2.850963e-02,3.67378457e-05,2.526714e+05,2.289263e+03
6.2000,6.91940000e-04,2.675179e+05,3.018480e-02,4.55947313e-05,2.675179e+05,8.829709e+02
6.2050,8.26288000e-04,5.909510e+06,6.667867e-01,5.44474655e-05,5.909510e+06,-1.466008e+07
6.2100,9.58203000e-04,2.992425e+05,3.376437e-02,6.31398796e-05,2.992425e+05,-3.273002e+03
6.2150,1.08556000e-03,3.167652e+05,3.574152e-02,7.15319485e-05,3.167652e+05,5.066461e+02
6.2200,1.20330000e-03,3.401987e+05,3.838558e-02,7.92903144e-05,3.401987e+05,1.335054e+03
6.2250,1.30826000e-03,3.671429e+05,4.142578e-02,8.62065542e-05,3.671429e+05,3.986386e+03
6.2300,1.39362000e-03,3.940044e+05,4.445663e-02,9.18312706e-05,3.940044e+05,7.423618e+03
6.2350,1.45583000e-03,4.152791e+05,4.685712e-02,9.59305397e-05,4.152791e+05,1.166985e+04
6.2400,1.48838000e-03,4.203646e+05,4.743093e-02,9.80753911e-05,4.203646e+05,1.627434e+04
6.2450,1.48895000e-03,4.074423e+05,4.597286e-02,9.81129507e-05,4.074423e+05,2.021421e+04
6.2500,1.45498000e-03,3.790134e+05,4.276516e-02,9.58745297e-05,3.790134e+05,2.305100e+04
6.2550,1.38725000e-03,3.424589e+05,3.864060e-02,9.14115255e-05,3.424589e+05,2.454774e+04
6.2600,1.28972000e-03,3.103347e+05,3.501594e-02,8.49848785e-05,3.103347e+05,2.541266e+04
6.2650,1.16591000e-03,2.843505e+05,3.208408e-02,7.68265357e-05,2.843505e+05,2.599265e+04
6.2700,1.02318000e-03,2.632446e+05,2.970264e-02,6.74214775e-05,2.632446e+05,2.612321e+04
6.2750,8.65251000e-04,2.431949e+05,2.744037e-02,5.70148955e-05,2.431949e+05,2.537653e+04
6.2800,6.99140000e-04,2.182306e+05,2.462358e-02,4.60691684e-05,2.182306e+05,2.329373e+04
6.2850,5.27967000e-04,1.880316e+05,2.121614e-02,3.47898857e-05,1.880316e+05,1.997481e+04
6.2900,3.67788000e-04,1.533173e+05,1.729923e-02,2.42350421e-05,1.533173e+05,1.562544e+04
6.2950,2.96661000e-04,1.152205e+05,1.300066e-02,1.95481958e-05,1.152205e+05,1.042795e+04
6.3000,2.28604000e-04,7.572363e+04,8.544111e-03,1.50636442e-05,7.572363e+04,4.758849e+03
6.3050,1.61833000e-04,3.483316e+04,3.930324e-03,1.06638323e-05,3.483316e+04,-1.071611e+03
6.3100,-2.96687000e-04,-3.066523e+06,-3.460045e-01,-1.95499090e-05,-3.066523e+06,5.701065e+06
6.3150,-4.44488000e-04,-5.363851e+04,-6.052184e-03,-2.92891160e-05,-5.363851e+04,-9.381271e+03
6.3200,-5.81027000e-04,-9.991905e+04,-1.127415e-02,-3.82862241e-05,-9.991905e+04,-1.584293e+04
6.3250,-7.04079000e-04,-1.481747e+05,-1.671897e-02,-4.63946192e-05,-1.481747e+05,-2.040925e+04
6.3300,-8.09060000e-04,-1.965030e+05,-2.217199e-02,-5.33122428e-05,-1.965030e+05,-2.403810e+04
6.3350,-8.94339000e-04,-2.457433e+05,-2.772791e-02,-5.89316218e-05,-2.457433e+05,-2.647599e+04
6.3400,-9.59134000e-04,-4.208381e+05,-4.748435e-02,-6.32012269e-05,-4.208381e+05,2.016801e+05
6.3450,-1.00497000e-03,-3.522102e+05,-3.974087e-02,-6.62215468e-05,-3.522102e+05,-2.832572e+04
6.3500,-1.03575000e-03,-5.620326e+05,-6.341573e-02,-6.82497657e-05,-5.620326e+05,2.689411e+05
6.3550,-1.05340000e-03,-5.363949e+05,-6.052295e-02,-6.94127958e-05,-5.363949e+05,1.474171e+05
6.3600,-1.06034000e-03,-4.620202e+05,-5.213105e-02,-6.98701005e-05,-4.620202e+05,-2.351524e+04
6.3650,-1.05690000e-03,-4.593887e+05,-5.183413e-02,-6.96434250e-05,-4.593887e+05,-1.935664e+04
6.3700,-1.04431000e-03,-4.425874e+05,-4.993839e-02,-6.88138188e-05,-4.425874e+05,-1.432326e+04
6.3750,-1.02409000e-03,-4.197721e+05,-4.736407e-02,-6.74814411e-05,-4.197721e+05,-8.825625e+03
6.3800,-1.00044000e-03,-4.049172e+05,-4.568795e-02,-6.59230467e-05,-4.049172e+05,-3.156884e+03
6.3850,-9.75711000e-04,-3.995984e+05,-4.508782e-02,-6.42935527e-05,-3.995984e+05,2.481545e+03
6.3900,-9.52581000e-04,-4.006437e+05,-4.520576e-02,-6.27694232e-05,-4.006437e+05,7.529230e+03
6.3950,-9.30271000e-04,-4.009575e+05,-4.524117e-02,-6.12993269e-05,-4.009575e+05,1.145021e+04
6.4000,-9.04542000e-04,-3.867601e+05,-4.363924e-02,-5.96039388e-05,-3.867601e+05,1.328161e+04
6.4050,-8.71740000e-04,-3.550650e+05,-4.006299e-02,-5.74424820e-05,-3.550650e+05,1.285599e+04
6.4100,-8.24936000e-04,-3.066588e+05,-3.460118e-02,-5.43583768e-05,-3.066588e+05,1.045332e+04
6.4150,-7.61532000e-04,-2.481930e+05,-2.800432e-02,-5.01804302e-05,-2.481930e+05,6.772846e+03
6.4200,-6.78261000e-04,-1.915415e+05,-2.161217e-02,-4.46933665e-05,-1.915415e+05,3.219732e+03
6.4250,-5.74842000e-04,-1.373000e+05,-1.549194e-02,-3.78786694e-05,-1.373000e+05,1.661530e+02
6.4300,-4.51938000e-04,-8.258452e+04,-9.318245e-03,-2.97800267e-05,-8.258452e+04,-2.000807e+03
6.4350,-3.11063000e-04,-2.394592e+04,-2.701886e-03,-2.04972019e-05,-2.394592e+04,-3.881591e+03
6.4400,2.07537000e-04,4.088491e+04,4.613160e-03,1.36754541e-05,4.088491e+04,-6.247959e+03
6.4450,2.80465000e-04,1.074301e+05,1.212164e-02,1.84809757e-05,1.074301e+05,-8.880185e+03
6.4500,3.50667000e-04,1.684733e+05,1.900932e-02,2.31068700e-05,1.684733e+05,-1.093912e+04
6.4550,4.18122000e-04,5.934738e+06,6.696332e-01,2.75517534e-05,5.934738e+06,-1.489000e+07
6.4600,4.93506000e-04,2.762783e+05,3.117326e-02,3.25191107e-05,2.762783e+05,-1.729728e+04
6.4650,6.16326000e-04,3.234081e+05,3.649105e-02,4.06122183e-05,3.234081e+05,-1.316484e+04
6.4700,7.51657000e-04,2.672761e+06,3.015752e-01,4.95297264e-05,2.672761e+06,-5.982109e+06
6.4750,8.82205000e-04,2.026672e+06,2.286751e-01,5.81320633e-05,2.026672e+06,-3.023632e+06
6.4800,1.00733000e-03,5.741493e+05,6.478289e-02,6.63770567e-05,5.741493e+05,-2.566416e+05
6.4850,1.12417000e-03,4.467723e+05,5.041058e-02,7.40761179e-05,4.467723e+05,5.732222e+03
6.4900,1.22520000e-03,4.327016e+05,4.882295e-02,8.07333941e-05,4.327016e+05,1.275824e+04
6.4950,1.30637000e-03,3.963020e+05,4.471588e-02,8.60820144e-05,3.963020e+05,1.894893e+04
6.5000,1.36172000e-03,3.447778e+05,3.890226e-02,8.97292503e-05,3.447778e+05,2.267047e+04
6.5050,1.38991000e-03,2.852892e+05,3.218999e-02,9.15868037e-05,2.852892e+05,2.381696e+04
6.5100,1.38890000e-03,2.276450e+05,2.568583e-02,9.15202507e-05,2.276450e+05,2.337232e+04
6.5150,1.35763000e-03,1.706973e+05,1.926026e-02,8.94597436e-05,1.706973e+05,2.275366e+04
6.5200,1.29366000e-03,1.107349e+05,1.249453e-02,8.52445010e-05,1.107349e+05,2.236738e+04
6.5250,1.19603000e-03,4.731813e+04,5.339038e-03,7.88112646e-05,4.731813e+04,2.202442e+04
6.5300,1.06544000e-03,-1.349974e+04,-1.523214e-03,7.02061602e-05,-1.349974e+04,2.023255e+04
6.5350,9.04724000e-04,-6.027436e+06,-6.800927e-01,5.96159315e-05,-6.027436e+06,1.114412e+07
6.5400,7.21962000e-04,-2.834909e+06,-3.198708e-01,4.75730025e-05,-2.834909e+06,5.126938e+06
6.5450,5.22039000e-04,-1.060686e+05,-1.196801e-02,3.43992657e-05,-1.060686e+05,1.268374e+04
6.5500,3.12961000e-04,-4.087507e+05,-4.612050e-02,2.06222688e-05,-4.087507e+05,5.882682e+05
6.5550,9.73520000e-05,-7.580711e+04,-8.553531e-03,6.41491788e-06,-7.580711e+04,4.591474e+03
6.5600,-1.19012000e-04,-4.496018e+04,-5.072984e-03,-7.84218307e-06,-4.496018e+04,1.947152e+03
6.5650,-3.31775000e-04,-4.885290e+03,-5.512211e-04,-2.18619995e-05,-4.885290e+03,-8.442910e+02
6.5700,-5.29569000e-04,4.553862e+04,5.138251e-03,-3.48954479e-05,4.553862e+04,-3.975086e+03
6.5750,-7.05297000e-04,1.075642e+05,1.213677e-02,-4.64748781e-05,1.075642e+05,-7.449939e+03
6.5800,-8.45534000e-04,1.813124e+05,2.045799e-02,-5.57156625e-05,1.813124e+05,-1.038190e+04
6.5850,-9.44840000e-04,2.651843e+05,2.992150e-02,-6.22593373e-05,2.651843e+05,-1.264610e+04
6.5900,-9.95520000e-04,3.554239e+05,4.010348e-02,-6.55988480e-05,3.554239e+05,-1.416544e+04
6.5950,-9.95937000e-04,4.489670e+05,5.065822e-02,-6.56263258e-05,4.489670e+05,-1.495395e+04
6.6000,-9.42645000e-04,5.414648e+05,6.109500e-02,-6.21146999e-05,5.414648e+05,-1.742126e+04
6.6050,-8.33327000e-04,1.297982e+06,1.464550e-01,-5.49112938e-05,1.297982e+06,-1.263129e+06
6.6100,6.91936000e-04,4.581399e+07,5.169322e+00,4.55944677e-05,4.581399e+07,-1.170959e+08
6.6150,7.92641000e-04,1.405548e+06,1.585920e-01,5.22303283e-05,1.405548e+06,-1.159405e+06
6.6200,8.85286000e-04,1.388510e+06,1.566695e-01,5.83350829e-05,1.388510e+06,-9.981213e+05
6.6250,9.67833000e-04,9.419019e+05,1.062774e-01,6.37744393e-05,9.419019e+05,-7.302645e+04
6.6300,1.03605000e-03,9.564296e+05,1.079167e-01,6.82695340e-05,9.564296e+05,-5.221208e+04
6.6350,1.08777000e-03,9.591783e+05,1.082268e-01,7.16775744e-05,9.591783e+05,-4.872044e+04
6.6400,1.24025000e-03,9.506931e+05,1.072694e-01,8.17250996e-05,9.506931e+05,-4.010272e+04
6.6450,1.58803000e-03,9.375673e+05,1.057884e-01,1.04641734e-04,9.375673e+05,-2.510992e+04
6.6500,1.91423000e-03,9.308572e+05,1.050312e-01,1.26136374e-04,9.308572e+05,-6.154799e+03
6.6550,2.21679000e-03,9.321778e+05,1.051803e-01,1.46073278e-04,9.321778e+05,1.275500e+04
6.6600,2.49130000e-03,9.394842e+05,1.060047e-01,1.64161855e-04,9.394842e+05,2.626800e+04
6.6650,2.73527000e-03,9.470907e+05,1.068629e-01,1.80238027e-04,9.470907e+05,3.458910e+04
6.6700,2.94300000e-03,9.457133e+05,1.067075e-01,1.93926199e-04,9.457133e+05,3.799696e+04
6.6750,3.11115000e-03,9.320242e+05,1.051629e-01,2.05006284e-04,9.320242e+05,4.130446e+04
6.6800,3.23340000e-03,9.109903e+05,1.027896e-01,2.13061832e-04,9.109903e+05,3.941202e+04
6.6850,3.30772000e-03,8.864639e+05,1.000222e-01,2.17959078e-04,8.864639e+05,3.303546e+04
6.6900,3.33301000e-03,8.658059e+05,9.769132e-02,2.19625539e-04,8.658059e+05,2.368367e+04
6.6950,3.31098000e-03,8.494849e+05,9.584978e-02,2.18173893e-04,8.494849e+05,1.443303e+04
6.7000,3.24674000e-03,8.357476e+05,9.429977e-02,2.13940859e-04,8.357476e+05,9.250388e+03
6.7050,3.14386000e-03,8.216399e+05,9.270795e-02,2.07161679e-04,8.216399e+05,8.005370e+03
6.7100,3.00940000e-03,8.016666e+05,9.045431e-02,1.98301564e-04,8.016666e+05,1.057445e+04
6.7150,2.84625000e-03,7.752065e+05,8.746874e-02,1.87550949e-04,7.752065e+05,1.748293e+04
6.7200,2.65780000e-03,7.423357e+05,8.375984e-02,1.75133215e-04,7.423357e+05,2.745173e+04
6.7250,2.44407000e-03,7.040312e+05,7.943783e-02,1.61049679e-04,7.040312e+05,3.892831e+04
6.7300,2.20493000e-03,6.627940e+05,7.478492e-02,1.45291775e-04,6.627940e+05,4.789326e+04
6.7350,1.94088000e-03,-1.589273e+07,-1.793221e+00,1.27892450e-04,-1.589273e+07,3.086175e+07
6.7400,1.65471000e-03,5.743459e+05,6.480508e-02,1.09035549e-04,5.743459e+05,4.779866e+04
6.7450,1.34909000e-03,5.272345e+05,5.948936e-02,8.88970084e-05,5.272345e+05,3.363398e+04
6.7500,1.03543000e-03,4.670706e+05,5.270090e-02,6.82286796e-05,4.670706e+05,2.360909e+04
6.7550,8.12751000e-04,3.979939e+05,4.490678e-02,5.35554577e-05,3.979939e+05,1.295301e+04
6.7600,6.66629000e-04,1.880422e+06,2.121733e-01,4.39268869e-05,1.880422e+06,-4.052928e+06
6.7650,5.12567000e-04,2.462456e+05,2.778459e-02,3.37751172e-05,2.462456e+05,-3.936612e+03
6.7700,3.50493000e-04,1.730151e+05,1.952178e-02,2.30954044e-05,1.730151e+05,-6.857584e+03
6.7750,-6.78853000e-04,1.070331e+05,1.207685e-02,-4.47323758e-05,1.070331e+05,-7.414537e+03
6.7800,-1.03377000e-03,5.392628e+04,6.084655e-03,-6.81192955e-05,5.392628e+04,-6.224188e+03
6.7850,-1.37848000e-03,1.192719e+04,1.345778e-03,-9.08336346e-05,1.192719e+04,-1.785638e+03
6.7900,-1.68324000e-03,-5.422551e+06,-6.118418e-01,-1.10915506e-04,-5.422551e+06,1.007209e+07
6.7950,-1.93324000e-03,-7.355920e+04,-8.299893e-03,-1.27389020e-04,-7.355920e+04,1.451984e+04
6.8000,-2.11123000e-03,-1.358705e+05,-1.533066e-02,-1.39117502e-04,-1.358705e+05,1.094968e+04
6.8050,-2.21788000e-03,-2.241166e+05,-2.528771e-02,-1.46145103e-04,-2.241166e+05,4.240907e+03
6.8100,-2.26105000e-03,-3.436842e+05,-3.877886e-02,-1.48989749e-04,-3.436842e+05,-5.199402e+03
6.8150,-2.24899000e-03,-4.955327e+05,-5.591236e-02,-1.48195067e-04,-4.955327e+05,-1.741280e+04
6.8200,-2.20050000e-03,-6.785900e+05,-7.656723e-02,-1.44999864e-04,-6.785900e+05,-3.355479e+04
6.8250,-2.12560000e-03,-1.647998e+06,-1.859483e-01,-1.40064400e-04,-1.647998e+06,1.366079e+06
6.8300,-2.04076000e-03,-1.107911e+06,-1.250087e-01,-1.34473948e-04,-1.107911e+06,-7.048624e+04
6.8350,-1.95074000e-03,-1.330595e+06,-1.501348e-01,-1.28542166e-04,-1.330595e+06,-8.262961e+04
6.8400,-1.86219000e-03,-2.943089e+06,-3.320771e-01,-1.22707247e-04,-2.943089e+06,2.533331e+06
6.8450,-1.77771000e-03,-1.727269e+06,-1.948926e-01,-1.17140518e-04,-1.727269e+06,-7.860425e+04
6.8500,-1.70549000e-03,-1.875086e+06,-2.115713e-01,-1.12381649e-04,-1.875086e+06,-7.197973e+04
6.8550,-1.65232000e-03,-1.978815e+06,-2.232753e-01,-1.08878062e-04,-1.978815e+06,-5.986599e+04
6.8600,-1.63412000e-03,-2.031550e+06,-2.292255e-01,-1.07678790e-04,-2.031550e+06,-4.243718e+04
6.8650,-1.66005000e-03,-2.040610e+06,-2.302478e-01,-1.09387423e-04,-2.040610e+06,-2.067935e+04
6.8700,-1.74625000e-03,-2.021474e+06,-2.280886e-01,-1.15067491e-04,-2.021474e+06,1.769049e+03
6.8750,-1.89709000e-03,-1.976245e+06,-2.229854e-01,-1.25006950e-04,-1.976245e+06,2.371846e+04
6.8800,-2.11121000e-03,-1.889071e+06,-2.131493e-01,-1.39116184e-04,-1.889071e+06,4.261915e+04
6.8850,-2.37851000e-03,-1.737670e+06,-1.960663e-01,-1.56729665e-04,-1.737670e+06,5.826579e+04
6.8900,-2.66882000e-03,-1.488939e+06,-1.680012e-01,-1.75859367e-04,-1.488939e+06,6.976632e+04
6.8950,-2.96163000e-03,-1.148247e+06,-1.295600e-01,-1.95153805e-04,-1.148247e+06,7.742336e+04
6.9000,-3.21497000e-03,-7.362565e+05,-8.307390e-02,-2.11847405e-04,-7.362565e+05,8.083398e+04
6.9050,-3.40663000e-03,-2.675707e+05,-3.019076e-02,-2.24476659e-04,-2.675707e+05,7.989706e+04
6.9100,-3.49074000e-03,2.333923e+05,2.633431e-02,-2.30019008e-04,2.333923e+05,6.979258e+04
6.9150,-3.44424000e-03,1.573616e+07,1.775555e+00,-2.26954934e-04,1.573616e+07,-4.341988e+07
6.9200,-3.22490000e-03,1.319380e+06,1.488693e-01,-2.12501733e-04,1.319380e+06,3.043400e+04
6.9250,-2.81674000e-03,6.609117e+07,7.457253e+00,-1.85606416e-04,6.609117e+07,-1.197995e+08
6.9300,-2.19955000e-03,2.441507e+06,2.754821e-01,-1.44937265e-04,2.441507e+06,-6.789808e+04
6.9350,2.11981000e-03,3.508443e+08,3.958676e+01,1.39682873e-04,3.508443e+08,-9.064253e+08
6.9400,2.75959000e-03,3.441086e+06,3.882674e-01,1.81840571e-04,3.441086e+06,-2.439716e+05
6.9450,3.38257000e-03,3.802760e+06,4.290762e-01,2.22891248e-04,3.802760e+06,-1.715413e+05
6.9500,3.96462000e-03,1.769040e+07,1.996058e+00,2.61244882e-04,1.769040e+07,-3.549567e+07
6.9550,4.50113000e-03,4.394038e+06,4.957917e-01,2.96597700e-04,4.394038e+06,-1.874381e+05
6.9600,5.32372000e-03,4.549717e+06,5.133574e-01,3.50801490e-04,4.549717e+06,-1.603474e+05
6.9650,6.94853000e-03,4.612475e+06,5.204386e-01,4.57866806e-04,4.612475e+06,-1.299857e+05
6.9700,8.52174000e-03,4.581890e+06,5.169876e-01,5.61531990e-04,4.581890e+06,-8.583590e+04
6.9750,1.00101000e-02,4.463340e+06,5.036112e-01,6.59606063e-04,4.463340e+06,-2.650724e+04
6.9800,1.13559000e-02,4.276246e+06,4.825010e-01,7.48286280e-04,4.276246e+06,3.340857e+04
6.9850,1.25340000e-02,4.032238e+06,4.549688e-01,8.25916064e-04,4.032238e+06,8.893020e+04
6.9900,1.34963000e-02,3.740566e+06,4.220587e-01,8.89325912e-04,3.740566e+06,1.391341e+05
6.9950,1.42223000e-02,3.409835e+06,3.847414e-01,9.37164995e-04,3.409835e+06,1.810859e+05
7.0000,1.46788000e-02,3.056466e+06,3.448697e-01,9.67245630e-04,3.056466e+06,2.132646e+05
7.0050,1.48562000e-02,2.682750e+06,3.027023e-01,9.78935235e-04,2.682750e+06,2.389659e+05
7.0100,1.47422000e-02,2.309375e+06,2.605733e-01,9.71423313e-04,2.309375e+06,2.366236e+05
7.0150,1.43423000e-02,1.945313e+06,2.194951e-01,9.45072281e-04,1.945313e+06,2.045833e+05
7.0200,1.36810000e-02,2.548785e+06,2.875866e-01,9.01496544e-04,2.548785e+06,-1.629981e+06
7.0250,1.27766000e-02,1.261665e+06,1.423573e-01,8.41901962e-04,1.261665e+06,6.929088e+04
7.0300,1.16583000e-02,9.171260e+05,1.034819e-01,7.68212642e-04,9.171260e+05,2.393090e+04
7.0350,1.03386000e-02,-1.510847e+08,-1.704732e+01,6.81252260e-04,-1.510847e+08,2.806444e+08
7.0400,8.84901000e-03,1.818398e+06,2.051749e-01,5.83097137e-04,1.818398e+06,-4.579534e+06
7.0450,7.20681000e-03,-1.171070e+04,-1.321352e-03,4.74885922e-04,-1.171070e+04,-1.016318e+04
7.0500,5.44140000e-03,-3.950340e+07,-4.457281e+00,3.58555902e-04,-3.950340e+07,7.322849e+07
7.0550,3.56785000e-03,-5.368372e+05,-6.057286e-02,2.35100098e-04,-5.368372e+05,5.372278e+04
7.0600,1.62960000e-03,-7.545680e+05,-8.514004e-02,1.07380949e-04,-7.545680e+05,5.442259e+04
7.0650,-7.69441000e-04,-9.617539e+05,-1.085174e-01,-5.07015863e-05,-9.617539e+05,6.116691e+04
7.0700,-2.32825000e-03,-1.153487e+06,-1.301512e-01,-1.53417830e-04,-1.153487e+06,6.398436e+04
7.0750,-4.28432000e-03,-1.295776e+06,-1.462061e-01,-2.82311211e-04,-1.295776e+06,5.060101e+04
7.0800,-6.14642000e-03,-1.374568e+06,-1.550964e-01,-4.05012527e-04,-1.374568e+06,3.558535e+04
7.0850,-7.88218000e-03,-1.413349e+06,-1.594721e-01,-5.19388789e-04,-1.413349e+06,4.245310e+04
7.0900,-9.44217000e-03,-1.424222e+06,-1.606990e-01,-6.22182854e-04,-1.424222e+06,6.500646e+04
7.0950,-1.08106000e-02,-1.398713e+06,-1.578207e-01,-7.12354253e-04,-1.398713e+06,7.738375e+04
7.1000,-1.19721000e-02,-1.337001e+06,-1.508576e-01,-7.88890196e-04,-1.337001e+06,6.358268e+04
7.1050,-1.29368000e-02,-1.245422e+06,-1.405245e-01,-8.52458189e-04,-1.245422e+06,3.695973e+04
7.1100,-1.37386000e-02,-1.134759e+06,-1.280381e-01,-9.05292041e-04,-1.134759e+06,1.701933e+04
7.1150,-1.44068000e-02,-1.015378e+06,-1.145680e-01,-9.49322448e-04,-1.015378e+06,4.095729e+03
7.1200,-1.50063000e-02,-9.046885e+05,-1.020786e-01,-9.88825932e-04,-9.046885e+05,-1.614691e+04
7.1250,-1.55607000e-02,-8.183892e+05,-9.234117e-02,-1.02535760e-03,-8.183892e+05,-4.932470e+04
7.1300,-1.60759000e-02,-7.673540e+05,-8.658272e-02,-1.05930621e-03,-7.673540e+05,-1.049296e+05
7.1350,-1.65255000e-02,-7.338881e+05,-8.280667e-02,-1.08893218e-03,-7.338881e+05,-1.639815e+05
7.1400,-1.68481000e-02,1.708075e+08,1.927270e+01,-1.11018960e-03,1.708075e+08,-3.202205e+08
7.1450,-1.70098000e-02,-5.823277e+05,-6.570568e-02,-1.12084467e-03,-5.823277e+05,-3.770752e+05
7.1500,-1.69500000e-02,-5.780973e+05,-6.522835e-02,-1.11690420e-03,-5.780973e+05,-3.440155e+05
7.1550,-1.66480000e-02,-5.943626e+05,-6.706362e-02,-1.09700420e-03,-5.943626e+05,-3.414183e+05
7.1600,-1.60868000e-02,-6.695392e+05,-7.554600e-02,-1.06002446e-03,-6.695392e+05,-2.747102e+05
7.1650,-1.54050000e-02,9.745656e+07,1.099630e+01,-1.01509789e-03,9.745656e+07,-2.857574e+08
7.1700,-1.48437000e-02,-1.141348e+06,-1.287815e-01,-9.78111559e-04,-1.141348e+06,-2.424124e+05
7.1750,-1.44896000e-02,-1.519906e+06,-1.714953e-01,-9.54778475e-04,-1.519906e+06,-1.423330e+05
7.1800,-1.39380000e-02,1.168889e+08,1.318890e+01,-9.18431315e-04,1.168889e+08,-3.095409e+08
7.1850,-1.30995000e-02,-2.182186e+06,-2.462223e-01,-8.63179152e-04,-2.182186e+06,-2.565725e+05
7.1900,-1.19710000e-02,-1.039236e+08,-1.172599e+01,-7.88817712e-04,-1.039236e+08,1.890398e+08
7.1950,-1.05637000e-02,-8.009751e+06,-9.037628e-01,-6.96085011e-04,-8.009751e+06,9.606040e+06
7.2000,-8.88594000e-03,-3.080602e+06,-3.475930e-01,-5.85530604e-04,-3.080602e+06,9.484178e+01
7.2050,-6.95803000e-03,-3.298036e+06,-3.721267e-01,-4.58492800e-04,-3.298036e+06,4.944834e+04
7.2100,-4.77485000e-03,-3.496833e+06,-3.945576e-01,-3.14634221e-04,-3.496833e+06,1.246558e+05
7.2150,-3.17564000e-03,-3.648427e+06,-4.116623e-01,-2.09255792e-04,-3.648427e+06,2.113633e+05
7.2200,3.03987000e-03,-3.720192e+06,-4.197598e-01,2.00309356e-04,-3.720192e+06,2.759608e+05
7.2250,4.73725000e-03,-3.721374e+06,-4.198932e-01,3.12156604e-04,-3.721374e+06,3.221250e+05
7.2300,5.44724000e-03,-3.671240e+06,-4.142364e-01,3.58940723e-04,-3.671240e+06,3.617316e+05
7.2350,5.26440000e-03,-3.589638e+06,-4.050290e-01,3.46892654e-04,-3.589638e+06,4.006010e+05
7.2400,4.56094000e-03,-3.478662e+06,-3.925073e-01,3.00538824e-04,-3.478662e+06,4.410064e+05
7.2450,3.41603000e-03,-2.602644e+06,-2.936637e-01,2.25096063e-04,-2.602644e+06,-1.620698e+06
7.2500,1.85574000e-03,1.198468e+06,1.352265e-01,1.22282231e-04,1.198468e+06,-1.203363e+07
7.2550,-1.50484000e-03,-2.854248e+06,-3.220528e-01,-9.91600072e-05,-2.854248e+06,4.222028e+05
7.2600,-2.07320000e-03,-2.611979e+06,-2.947170e-01,-1.36611551e-04,-2.611979e+06,3.462079e+05
7.2650,-4.13493000e-03,-2.396260e+06,-2.703768e-01,-2.72467298e-04,-2.396260e+06,2.405999e+05
7.2700,-6.24658000e-03,-2.242341e+06,-2.530097e-01,-4.11612476e-04,-2.242341e+06,1.437991e+05
7.2750,-8.40394000e-03,-2.170860e+06,-2.449443e-01,-5.53769671e-04,-2.170860e+06,6.938423e+04
7.2800,-1.05697000e-02,-2.194051e+06,-2.475610e-01,-6.96480375e-04,-2.194051e+06,9.932097e+03
7.2850,-1.27415000e-02,-2.295364e+06,-2.589924e-01,-8.39589080e-04,-2.295364e+06,-5.145363e+04
7.2900,-1.48945000e-02,-2.431076e+06,-2.743052e-01,-9.81458977e-04,-2.431076e+06,-1.251241e+05
7.2950,-1.69784000e-02,-2.570711e+06,-2.900606e-01,-1.11877560e-03,-2.570711e+06,-2.011204e+05
7.3000,-1.88765000e-02,-2.683157e+06,-3.027482e-01,-1.24384910e-03,-2.683157e+06,-2.589490e+05
7.3050,-2.05440000e-02,3.783406e+08,4.268924e+01,-1.35372743e-03,3.783406e+08,-9.932054e+08
7.3100,-2.19527000e-02,-2.856364e+06,-3.222916e-01,-1.44655238e-03,-2.856364e+06,-4.598029e+05
7.3150,-2.31304000e-02,-3.054079e+06,-3.446004e-01,-1.52415581e-03,-3.054079e+06,-3.292757e+05
7.3200,-2.41248000e-02,1.672872e+08,1.887548e+01,-1.58968086e-03,1.672872e+08,-4.450039e+08
7.3250,-2.49383000e-02,-3.321569e+06,-3.747820e-01,-1.64328567e-03,-3.321569e+06,-3.552174e+05
7.3300,-2.55542000e-02,-3.418579e+06,-3.857280e-01,-1.68386982e-03,-3.418579e+06,-3.290671e+05
7.3350,-2.59633000e-02,-3.467161e+06,-3.912096e-01,-1.71082707e-03,-3.467161e+06,-3.012988e+05
7.3400,-2.61721000e-02,-3.447486e+06,-3.889896e-01,-1.72458575e-03,-3.447486e+06,-2.521996e+05
7.3450,-2.62340000e-02,-1.353279e+08,-1.526943e+01,-1.72866460e-03,-1.353279e+08,2.460584e+08
7.3500,-2.62876000e-02,2.796233e+06,3.155069e-01,-1.73219652e-03,2.796233e+06,-1.960741e+07
7.3550,-2.62095000e-02,-2.913236e+06,-3.287086e-01,-1.72705019e-03,-2.913236e+06,-5.625312e+04
7.3600,-2.58181000e-02,-1.025274e+08,-1.156845e+01,-1.70125926e-03,-1.025274e+08,1.865251e+08
7.3650,-2.51501000e-02,-2.134810e+06,-2.408766e-01,-1.65724203e-03,-2.134810e+06,7.428080e+04
7.3700,-2.42423000e-02,-1.625808e+06,-1.834445e-01,-1.59742341e-03,-1.625808e+06,1.293830e+05
7.3750,-2.31430000e-02,-1.068538e+06,-1.205662e-01,-1.52498608e-03,-1.068538e+06,1.507802e+05
7.3800,-2.19204000e-02,-5.011805e+05,-5.654961e-02,-1.44442401e-03,-5.011805e+05,1.432675e+05
7.3850,-2.05969000e-02,4.217315e+04,4.758516e-03,-1.35721323e-03,4.217315e+04,1.278604e+05
7.3900,-1.91337000e-02,2.676610e+07,3.020094e+00,-1.26079705e-03,2.676610e+07,-7.605660e+07
7.3950,-1.75079000e-02,1.004096e+06,1.132950e-01,-1.15366650e-03,1.004096e+06,4.408118e+04
7.4000,-1.57225000e-02,1.420358e+06,1.602630e-01,-1.03601925e-03,1.420358e+06,8.829743e+03
7.4050,-1.37059000e-02,5.293780e+08,5.973121e+01,-9.03137306e-04,5.293780e+08,-1.374359e+09
7.4100,-1.14056000e-02,3.739272e+07,4.219126e+00,-7.51561215e-04,3.739272e+07,-6.575497e+07
7.4150,-8.75453000e-03,9.017734e+06,1.017496e+00,-5.76871467e-04,9.017734e+06,-1.203152e+07
7.4200,-5.75734000e-03,3.160551e+06,3.566139e-01,-3.79374469e-04,3.160551e+06,-3.690241e+05
7.4250,5.35251000e-03,3.563603e+06,4.020915e-01,3.52698579e-04,3.563603e+06,-3.730062e+05
7.4300,5.16826000e-03,3.946651e+06,4.453118e-01,3.40557600e-04,3.946651e+06,-3.621166e+05
7.4350,6.74933000e-03,4.287039e+06,4.837187e-01,4.44740711e-04,4.287039e+06,-3.087864e+05
7.4400,9.51854000e-03,4.546618e+06,5.130078e-01,6.27215182e-04,4.546618e+06,-2.054071e+05
7.4450,1.34998000e-02,4.714206e+06,5.319171e-01,8.89556541e-04,4.714206e+06,-6.418194e+04
7.4500,1.66138000e-02,4.773158e+06,5.385689e-01,1.09475062e-03,4.773158e+06,7.078001e+04
7.4550,1.87179000e-02,4.724027e+06,5.330253e-01,1.23339830e-03,4.724027e+06,1.906105e+05
7.4600,2.01347000e-02,4.583939e+06,5.172188e-01,1.32675700e-03,4.583939e+06,3.020362e+05
7.4650,2.09984000e-02,4.382711e+06,4.945136e-01,1.38366969e-03,4.382711e+06,3.951999e+05
7.4700,2.14191000e-02,4.148292e+06,4.680635e-01,1.41139132e-03,4.148292e+06,4.688212e+05
7.4750,2.14760000e-02,3.890871e+06,4.390180e-01,1.41514069e-03,3.890871e+06,5.148229e+05
7.4800,2.13772000e-02,3.582072e+06,4.041753e-01,1.40863036e-03,3.582072e+06,5.286780e+05
7.4850,2.11952000e-02,3.202216e+06,3.613150e-01,1.39663764e-03,3.202216e+06,5.228789e+05
7.4900,2.09644000e-02,2.914947e+07,3.289017e+00,1.38142929e-03,2.914947e+07,-7.624982e+07
7.4950,2.06367000e-02,2.151615e+06,2.427728e-01,1.35983581e-03,2.151615e+06,3.631095e+05
7.5000,2.01336000e-02,1.409427e+06,1.590296e-01,1.32668451e-03,1.409427e+06,4.407514e+05
7.5050,1.94425000e-02,7.511138e+05,8.475029e-02,1.28114513e-03,7.511138e+05,3.266322e+05
7.5100,1.85554000e-02,1.622351e+05,1.830544e-02,1.22269052e-03,1.622351e+05,1.665612e+05
7.5150,1.74663000e-02,-3.347388e+05,-3.776953e-02,1.15092530e-03,-3.347388e+05,-1.326153e+04
7.5200,1.61473000e-02,-4.693634e+05,-5.295960e-02,1.06401105e-03,-4.693634e+05,-7.880975e+05
7.5250,1.45858000e-02,-7.298428e+08,-8.235023e+01,9.61117483e-04,-7.298428e+08,1.359782e+09
7.5300,1.27846000e-02,-1.192439e+06,-1.345462e-01,8.42429114e-04,-1.192439e+06,-8.392507e+04
7.5350,1.07612000e-02,-1.226666e+06,-1.384082e-01,7.09099087e-04,-1.226666e+06,-2.193547e+05
7.5400,8.54848000e-03,-1.827380e+08,-2.061884e+01,5.63293997e-04,-1.827380e+08,3.253614e+08
7.5450,6.15973000e-03,-1.328986e+06,-1.499532e-01,4.05889577e-04,-1.328986e+06,-2.225538e+05
7.5500,3.62020000e-03,-1.386708e+06,-1.564661e-01,2.38549652e-04,-1.386708e+06,-1.540078e+05
7.5550,-2.86535000e-03,-1.476689e+06,-1.666190e-01,-1.88809526e-04,-1.476689e+06,-1.585626e+05
7.5600,-2.94169000e-03,-1.513949e+06,-1.708232e-01,-1.93839878e-04,-1.513949e+06,-2.100658e+05
7.5650,-4.65604000e-03,-1.518515e+06,-1.713383e-01,-3.06805348e-04,-1.518515e+06,-2.566275e+05
7.5700,-7.62551000e-03,-1.515738e+06,-1.710250e-01,-5.02475763e-04,-1.515738e+06,-2.867856e+05
7.5750,-1.06256000e-02,-1.523527e+06,-1.719039e-01,-7.00163853e-04,-1.523527e+06,-2.649033e+05
7.5800,-1.34260000e-02,-1.552003e+06,-1.751169e-01,-8.84693560e-04,-1.552003e+06,-1.573890e+05
7.5850,-1.59695000e-02,-1.583236e+06,-1.786410e-01,-1.05229508e-03,-1.583236e+06,-7.561350e+03
7.5900,-1.83187000e-02,-1.595634e+06,-1.800399e-01,-1.20709339e-03,-1.595634e+06,1.371077e+05
7.5950,-2.06168000e-02,-1.600860e+06,-1.806295e-01,-1.35852452e-03,-1.600860e+06,2.801061e+05
7.6000,-2.31001000e-02,-1.603978e+06,-1.809813e-01,-1.52215922e-03,-1.603978e+06,3.931193e+05
7.6050,-2.57817000e-02,-1.629056e+07,-1.838110e+00,-1.69886071e-03,-1.629056e+07,2.788533e+07
7.6100,-2.85273000e-02,-1.579692e+06,-1.782411e-01,-1.87977943e-03,-1.579692e+06,5.305739e+05
7.6150,-3.11979000e-02,-1.544023e+06,-1.742165e-01,-2.05575609e-03,-1.544023e+06,5.080884e+05
7.6200,-3.35552000e-02,-1.526151e+06,-1.722000e-01,-2.21108814e-03,-1.526151e+06,4.184553e+05
7.6250,-3.55241000e-02,8.003862e+06,9.030984e-01,-2.34082694e-03,8.003862e+06,-2.752994e+07
7.6300,-3.70189000e-02,1.642636e+07,1.853433e+00,-2.43932537e-03,1.642636e+07,-3.382906e+07
7.6350,-3.80422000e-02,-1.341264e+06,-1.513386e-01,-2.50675476e-03,-1.341264e+06,-1.429954e+06
7.6400,-3.86189000e-02,-1.204408e+06,-1.358968e-01,-2.54475586e-03,-1.204408e+06,-3.577761e+06
7.6450,-3.87719000e-02,-2.575902e+06,-2.906463e-01,-2.55483765e-03,-2.575902e+06,-5.155934e+05
7.6500,-3.85644000e-02,-2.748285e+06,-3.100968e-01,-2.54116463e-03,-2.748285e+06,-6.132620e+05
7.6550,-3.80462000e-02,-2.834369e+06,-3.198099e-01,-2.50701833e-03,-2.834369e+06,-6.434441e+05
7.6600,-3.73254000e-02,-2.860918e+06,-3.228055e-01,-2.45952190e-03,-2.860918e+06,-6.310459e+05
7.6650,-3.64511000e-02,5.606264e+07,6.325706e+00,-2.40191073e-03,5.606264e+07,-1.716087e+08
7.6700,-3.54948000e-02,-2.847166e+06,-3.212537e-01,-2.33889624e-03,-2.847166e+06,-4.895140e+05
7.6750,-3.44775000e-02,-8.080006e+07,-9.116899e+00,-2.27186222e-03,-8.080006e+07,1.450588e+08
7.6800,-3.34471000e-02,-5.837492e+07,-6.586607e+00,-2.20396499e-03,-5.837492e+07,1.033468e+08
7.6850,-3.24325000e-02,1.073171e+08,1.210889e+01,-2.13710888e-03,1.073171e+08,-2.871783e+08
7.6900,-3.14722000e-02,-1.624231e+07,-1.832666e+00,-2.07383083e-03,-1.624231e+07,2.485072e+07
7.6950,-3.05542000e-02,-2.740549e+06,-3.092239e-01,-2.01334008e-03,-2.740549e+06,-1.950892e+05
7.7000,-2.96021000e-02,-5.902589e+06,-6.660058e-01,-1.95060236e-03,-5.902589e+06,6.000893e+06
7.7050,-2.85508000e-02,-2.457978e+06,-2.773407e-01,-1.88132794e-03,-2.457978e+06,4.021432e+04
7.7100,-2.73057000e-02,-2.171195e+06,-2.449820e-01,-1.79928325e-03,-2.171195e+06,1.366144e+05
7.7150,-2.59259000e-02,1.094005e+06,1.234396e-01,-1.70836264e-03,1.094005e+06,-8.183471e+06
7.7200,-2.43324000e-02,8.843407e+06,9.978266e-01,-1.60336046e-03,8.843407e+06,-2.941683e+07
7.7250,-2.25272000e-02,-9.322807e+05,-1.051919e-01,-1.48440852e-03,-9.322807e+05,3.114553e+05
7.7300,-2.04416000e-02,-5.165629e+05,-5.828525e-02,-1.34697988e-03,-5.165629e+05,3.771107e+05
7.7350,-1.80431000e-02,-1.290467e+05,-1.456071e-02,-1.18893299e-03,-1.290467e+05,4.227765e+05
7.7400,-1.53278000e-02,2.265836e+05,2.556607e-02,-1.01001087e-03,2.265836e+05,4.154471e+05
7.7450,-1.23140000e-02,5.446324e+05,6.145241e-02,-8.11419373e-04,5.446324e+05,3.518169e+05
7.7500,-9.11071000e-03,8.429650e+05,9.511412e-02,-6.00341611e-04,8.429650e+05,2.557215e+05
7.7550,-6.02820000e-03,1.387364e+07,1.565402e+00,-3.97222532e-04,1.387364e+07,-3.201131e+07
7.7600,-3.01026000e-03,2.156174e+07,2.432872e+00,-1.98358233e-04,2.156174e+07,-3.765762e+07
7.7650,2.15637000e-03,1.566576e+06,1.767611e-01,1.42091960e-04,1.566576e+06,-4.941353e+04
7.7700,4.63188000e-03,1.724418e+06,1.945710e-01,3.05213348e-04,1.724418e+06,-1.171235e+05
7.7750,6.44742000e-03,4.718258e+08,5.323744e+01,4.24846637e-04,4.718258e+08,-1.224502e+09
7.7800,8.25527000e-03,2.014641e+06,2.273176e-01,5.43973202e-04,2.014641e+06,-3.583209e+05
7.7850,1.00602000e-02,2.058858e+06,2.323067e-01,6.62907355e-04,2.058858e+06,-2.098363e+05
7.7900,1.11940000e-02,3.267386e+08,3.686685e+01,7.37618033e-04,3.267386e+08,-8.456850e+08
7.7950,1.18646000e-02,2.318311e+06,2.615816e-01,7.81806585e-04,2.318311e+06,-1.300512e+05
7.8000,1.24343000e-02,2.460789e+06,2.776578e-01,8.19346427e-04,2.460789e+06,1.402496e+04
7.8050,1.29671000e-02,2.680435e+06,3.024410e-01,8.54454779e-04,2.680435e+06,4.033035e+04
7.8100,1.35506000e-02,2.915635e+06,3.289793e-01,8.92903959e-04,2.915635e+06,4.912040e+04
7.8150,1.42174000e-02,3.158222e+06,3.563511e-01,9.36842114e-04,3.158222e+06,-5.359854e+03
7.8200,1.49487000e-02,3.361335e+06,3.792690e-01,9.85030435e-04,3.361335e+06,-8.075028e+04
7.8250,1.56662000e-02,3.517249e+06,3.968612e-01,1.03230942e-03,3.517249e+06,-1.444489e+05
7.8300,1.62201000e-02,3.619849e+06,4.084378e-01,1.06880813e-03,3.619849e+06,-1.452705e+05
7.8350,1.65657000e-02,3.685577e+06,4.158541e-01,1.09158112e-03,3.685577e+06,-9.153747e+04
7.8400,1.66739000e-02,3.752083e+06,4.233581e-01,1.09871086e-03,3.752083e+06,-2.899175e+04
7.8450,1.65799000e-02,3.831418e+06,4.323098e-01,1.09251681e-03,3.831418e+06,1.744316e+04
7.8500,1.63880000e-02,3.926811e+06,4.430732e-01,1.07987175e-03,3.926811e+06,1.952836e+04
7.8550,1.61611000e-02,4.017048e+06,4.532549e-01,1.06492039e-03,4.017048e+06,5.897584e+03
7.8600,1.60013000e-02,4.056704e+06,4.577294e-01,1.05439052e-03,4.056704e+06,2.812661e+04
7.8650,1.59457000e-02,4.221278e+06,4.762987e-01,1.05072681e-03,4.221278e+06,-2.802335e+05
7.8700,1.60367000e-02,4.398428e+05,4.962871e-02,1.05672317e-03,4.398428e+05,6.631123e+06
7.8750,1.62582000e-02,-8.800568e+07,-9.929929e+00,1.07131870e-03,-8.800568e+07,1.713457e+08
7.8800,1.65421000e-02,3.345526e+06,3.774851e-01,1.09002602e-03,3.345526e+06,3.554131e+05
7.8850,1.68278000e-02,-1.556758e+05,-1.756534e-02,1.10885195e-03,-1.556758e+05,6.105349e+06
7.8900,1.69744000e-02,-8.928222e+06,-1.007397e+00,1.11851202e-03,-8.928222e+06,2.147158e+07
7.8950,1.69016000e-02,1.741287e+06,1.964743e-01,1.11371493e-03,1.741287e+06,3.760150e+05
7.9000,1.64830000e-02,-6.255581e+06,-7.058349e-01,1.08613168e-03,-6.255581e+06,1.397198e+07
7.9050,1.56854000e-02,2.893626e+05,3.264960e-02,1.03357458e-03,2.893626e+05,3.069463e+05
7.9100,1.44719000e-02,-5.060384e+05,-5.709775e-02,9.53612150e-04,-5.060384e+05,2.313203e+05
7.9150,1.28445000e-02,2.748955e+07,3.101724e+00,8.46376168e-04,2.748955e+07,-7.451556e+07
7.9200,1.08254000e-02,2.718453e+06,3.067308e-01,7.13329485e-04,2.718453e+06,-1.280968e+07
7.9250,8.44405000e-03,-2.105680e+06,-2.375899e-01,5.56412681e-04,-2.105680e+06,-2.033884e+05
7.9300,5.78055000e-03,-2.477097e+06,-2.794978e-01,3.80903870e-04,-2.477097e+06,-2.173554e+05
7.9350,2.88746000e-03,-5.015946e+05,-5.659633e-02,1.90266443e-04,-5.015946e+05,-6.696474e+06
7.9400,-3.44149000e-03,-2.855483e+06,-3.221922e-01,-2.26773726e-04,-2.855483e+06,-2.542534e+05
7.9450,-4.00485000e-03,-2.897048e+06,-3.268822e-01,-2.63895799e-04,-2.897048e+06,-2.476769e+05
7.9500,-6.40502000e-03,-2.866277e+06,-3.234101e-01,-4.22052729e-04,-2.866277e+06,-2.219376e+05
7.9550,-9.78512000e-03,-2.788218e+06,-3.146025e-01,-6.44781219e-04,-2.788218e+06,-1.496700e+05
7.9600,-1.32041000e-02,-2.661645e+06,-3.003210e-01,-8.70071670e-04,-2.661645e+06,-5.140595e+04
7.9650,-1.65068000e-02,-2.485113e+06,-2.804023e-01,-1.08769996e-03,-2.485113e+06,5.141292e+04
7.9700,-1.95362000e-02,-5.556468e+05,-6.269520e-02,-1.28731940e-03,-5.556468e+05,-4.832625e+06
7.9750,-2.23191000e-02,-2.005925e+06,-2.263342e-01,-1.47069597e-03,-2.005925e+06,1.757855e+05
7.9800,-2.49535000e-02,-1.696536e+06,-1.914250e-01,-1.64428726e-03,-1.696536e+06,1.681025e+05
7.9850,-2.74821000e-02,-1.328022e+06,-1.498445e-01,-1.81090696e-03,-1.328022e+06,1.077435e+05
7.9900,-2.99099000e-02,1.041310e+08,1.174940e+01,-1.97088455e-03,1.041310e+08,-1.960503e+08
7.9950,-3.21895000e-02,-4.930653e+05,-5.563395e-02,-2.12109663e-03,-4.930653e+05,-1.396091e+05
8.0000,-3.42008000e-02,-6.175649e+04,-6.968159e-03,-2.25362934e-03,-6.175649e+04,-1.407132e+05
8.0050,-3.58720000e-02,3.918431e+05,4.421277e-02,-2.36375148e-03,3.918431e+05,-1.440772e+05
8.0100,-3.70964000e-02,7.835504e+05,8.841021e-02,-2.44443216e-03,7.835504e+05,-1.624290e+05
8.0150,-3.78694000e-02,1.077570e+06,1.215852e-01,-2.49536826e-03,1.077570e+06,-1.740254e+05
8.0200,-3.82429000e-02,1.249591e+06,1.409949e-01,-2.51997969e-03,1.249591e+06,-1.572954e+05
8.0250,-3.82694000e-02,1.931636e+08,2.179520e+01,-2.52172588e-03,1.931636e+08,-4.996677e+08
8.0300,-3.80290000e-02,1.683377e+08,1.899402e+01,-2.50588495e-03,1.683377e+08,-4.846153e+08
8.0350,-3.75431000e-02,1.639493e+06,1.849886e-01,-2.47386703e-03,1.639493e+06,-3.255154e+05
8.0400,-3.68483000e-02,1.683495e+06,1.899535e-01,-2.42808385e-03,1.683495e+06,-3.060817e+05
8.0450,-3.59581000e-02,1.705335e+06,1.924178e-01,-2.36942496e-03,1.705335e+06,-3.942159e+05
8.0500,-3.48876000e-02,1.594901e+06,1.799572e-01,-2.29888537e-03,1.594901e+06,-3.755240e+05
8.0550,-3.36358000e-02,1.404745e+06,1.585013e-01,-2.21639920e-03,1.404745e+06,-3.034680e+05
8.0600,-3.22045000e-02,1.155198e+06,1.303443e-01,-2.12208504e-03,1.155198e+06,-1.951317e+05
8.0650,-3.06033000e-02,8.625750e+05,9.732677e-02,-2.01657548e-03,8.625750e+05,-7.472695e+04
8.0700,-2.88568000e-02,5.912569e+05,6.671318e-02,-1.90149152e-03,5.912569e+05,-4.118551e+03
8.0750,-2.69709000e-02,3.879939e+05,4.377845e-02,-1.77722192e-03,3.879939e+05,3.448640e+04
8.0800,-2.49168000e-02,2.805303e+05,3.165303e-02,-1.64186895e-03,2.805303e+05,6.192925e+04
8.0850,-2.26469000e-02,-1.734799e+08,-1.957422e+01,-1.49229604e-03,-1.734799e+08,3.242787e+08
8.0900,-2.00489000e-02,2.634215e+05,2.972259e-02,-1.32110329e-03,2.634215e+05,2.348052e+05
8.0950,-1.70675000e-02,4.293535e+05,4.844517e-02,-1.12464676e-03,4.293535e+05,2.177700e+05
8.1000,-1.39893000e-02,-1.495384e+07,-1.687284e+00,-9.21811680e-04,-1.495384e+07,2.929689e+07
8.1050,-1.14509000e-02,8.633524e+05,9.741449e-02,-7.54546215e-04,8.633524e+05,2.289352e+05
8.1100,-8.58791000e-03,1.160843e+07,1.309812e+00,-5.65892200e-04,1.160843e+07,-1.930964e+07
8.1150,-5.28422000e-03,1.474413e+06,1.663622e-01,-3.48198674e-04,1.474413e+06,1.717553e+05
8.1200,3.60255000e-03,1.818785e+06,2.052186e-01,2.37386622e-04,1.818785e+06,1.289191e+05
8.1250,8.13160000e-03,2.172946e+06,2.451797e-01,5.35824084e-04,2.172946e+06,5.168968e+04
8.1300,1.26362000e-02,2.520314e+06,2.843742e-01,8.32650437e-04,2.520314e+06,-3.650968e+04
8.1350,1.69616000e-02,1.032365e+08,1.164847e+01,1.11766857e-03,1.032365e+08,-2.616049e+08
8.1400,2.05108000e-02,3.202038e+06,3.612950e-01,1.35153975e-03,3.202038e+06,-1.675848e+05
8.1450,2.30650000e-02,3.491423e+06,3.939472e-01,1.51984634e-03,3.491423e+06,-7.012753e+04
8.1500,2.46818000e-02,3.750973e+06,4.232329e-01,1.62638385e-03,3.750973e+06,-2.567484e+04
8.1550,2.56019000e-02,3.949793e+06,4.456664e-01,1.68701296e-03,3.949793e+06,-1.394792e+03
8.1600,2.61782000e-02,4.089153e+06,4.613907e-01,1.72498771e-03,4.089153e+06,1.330762e+04
8.1650,2.65166000e-02,4.181941e+06,4.718602e-01,1.74728625e-03,4.181941e+06,8.426462e+03
8.1700,2.67670000e-02,4.201483e+06,4.740652e-01,1.76378613e-03,4.201483e+06,-1.135204e+03
8.1750,2.69588000e-02,4.126731e+06,4.656307e-01,1.77642460e-03,4.126731e+06,-9.528843e+03
8.1800,2.71200000e-02,3.933058e+06,4.437780e-01,1.78704673e-03,3.933058e+06,-1.493726e+04
8.1850,2.72363000e-02,3.609893e+06,4.073145e-01,1.79471020e-03,3.609893e+06,-1.927100e+04
8.1900,2.72565000e-02,3.152149e+06,3.556659e-01,1.79604126e-03,3.152149e+06,-2.709259e+04
8.1950,2.71453000e-02,2.568577e+06,2.898198e-01,1.78871385e-03,2.568577e+06,-3.587848e+04
8.2000,2.68233000e-02,1.891031e+06,2.133704e-01,1.76749596e-03,1.891031e+06,-4.417003e+04
8.2050,2.62420000e-02,1.197617e+06,1.351305e-01,1.72919175e-03,1.197617e+06,-4.799383e+03
8.2100,2.53139000e-02,5.171170e+05,5.834777e-02,1.66803548e-03,5.171170e+05,3.097717e+04
8.2150,2.40125000e-02,-4.683320e+04,-5.284323e-03,1.58228096e-03,-4.683320e+04,9.610379e+04
8.2200,2.23239000e-02,-5.308641e+05,-5.989889e-02,1.47101226e-03,-5.308641e+05,1.682449e+05
8.2250,2.02767000e-02,-5.528496e+08,-6.237959e+01,1.33611395e-03,-5.528496e+08,1.030061e+09
8.2300,1.79671000e-02,-1.283220e+06,-1.447893e-01,1.18392505e-03,-1.283220e+06,3.643136e+05
8.2350,1.54720000e-02,-1.421185e+06,-1.603563e-01,1.01951279e-03,-1.421185e+06,2.410890e+05
8.2400,1.29444000e-02,-1.941804e+08,-2.190992e+01,8.52958984e-04,-1.941804e+08,3.596509e+08
8.2450,1.04524000e-02,-1.722477e+06,-1.943520e-01,6.88751003e-04,-1.722477e+06,2.713409e+05
8.2500,8.07774000e-03,-1.595095e+06,-1.799790e-01,5.32275030e-04,-1.595095e+06,-9.039185e+04
8.2550,5.80998000e-03,3.166926e+06,3.573332e-01,3.82843132e-04,3.166926e+06,-1.361391e+07
8.2600,3.60414000e-03,-1.479158e+06,-1.668976e-01,2.37491393e-04,-1.479158e+06,1.493570e+05
8.2650,-2.64637000e-03,-1.319252e+06,-1.488550e-01,-1.74380046e-04,-1.319252e+06,9.833674e+04
8.2700,-2.29258000e-03,-1.099355e+06,-1.240434e-01,-1.51067389e-04,-1.099355e+06,8.971662e+03
8.2750,-3.14996000e-03,-8.834718e+05,-9.968462e-02,-2.07563632e-04,-8.834718e+05,-3.337742e+04
8.2800,-5.84045000e-03,-6.775834e+05,-7.645365e-02,-3.84850924e-04,-6.775834e+05,-5.114609e+04
8.2850,-8.93037000e-03,-4.659312e+05,-5.257234e-02,-5.88458277e-04,-4.659312e+05,-8.170736e+04
8.2900,-1.19434000e-02,-2.728635e+05,-3.078796e-02,-7.86999037e-04,-2.728635e+05,-1.183342e+05
8.2950,-1.47448000e-02,-1.039953e+05,-1.173409e-02,-9.71594638e-04,-1.039953e+05,-1.446079e+05
8.3000,-1.72965000e-02,3.173829e+08,3.581121e+01,-1.13973649e-03,3.173829e+08,-8.268728e+08
8.3050,-1.96647000e-02,1.505081e+05,1.698225e-02,-1.29578679e-03,1.505081e+05,-2.029335e+05
8.3100,-2.19697000e-02,-1.276211e+06,-1.439985e-01,-1.44767258e-03,-1.276211e+06,2.573374e+06
8.3150,-2.42329000e-02,-5.365291e+07,-6.053810e+00,-1.59680400e-03,-5.365291e+07,1.002836e+08
8.3200,-2.64277000e-02,2.812869e+04,3.173840e-03,-1.74142827e-03,2.812869e+04,3.213140e+04
8.3250,-2.85181000e-02,3.138067e+07,3.540770e+00,-1.87917320e-03,3.138067e+07,-5.859011e+07
8.3300,-3.04525000e-02,-8.157264e+04,-9.204072e-03,-2.00663866e-03,-8.157264e+04,-1.010175e+04
8.3350,-3.22030000e-02,-2.045187e+05,-2.307642e-02,-2.12198620e-03,-2.045187e+05,6.723922e+04
8.3400,-3.37081000e-02,-3.467166e+05,-3.912101e-02,-2.22116334e-03,-3.467166e+05,1.226783e+05
8.3450,-3.49583000e-02,-6.087986e+05,-6.869247e-02,-2.30354408e-03,-6.087986e+05,7.444108e+04
8.3500,-3.59911000e-02,-1.033492e+06,-1.166118e-01,-2.37159946e-03,-1.033492e+06,-4.118136e+04
8.3550,-3.68494000e-02,1.451209e+06,1.637440e-01,-2.42815633e-03,1.451209e+06,-8.802420e+06
8.3600,-3.75868000e-02,-1.967462e+06,-2.219944e-01,-2.47674660e-03,-1.967462e+06,-2.538290e+05
8.3650,-3.82024000e-02,-2.291261e+06,-2.585295e-01,-2.51731098e-03,-2.291261e+06,-3.625930e+05
8.3700,-3.86807000e-02,-4.629836e+07,-5.223975e+00,-2.54882811e-03,-4.629836e+07,8.134061e+07
8.3750,-3.90131000e-02,-3.263824e+07,-3.682665e+00,-2.57073129e-03,-3.263824e+07,1.325945e+07
8.3800,-3.91936000e-02,-2.576085e+06,-2.906669e-01,-2.58262517e-03,-2.576085e+06,-4.682526e+05
8.3850,-3.92205000e-02,-3.782803e+07,-4.268243e+00,-2.58439772e-03,-3.782803e+07,6.530269e+07
8.3900,-3.90789000e-02,-2.670600e+06,-3.013313e-01,-2.57506712e-03,-2.670600e+06,-3.091722e+05
8.3950,-3.87541000e-02,-9.764281e+06,-1.101731e+00,-2.55366473e-03,-9.764281e+06,1.295547e+07
8.4000,-3.82242000e-02,-2.548499e+06,-2.875544e-01,-2.51874747e-03,-2.548499e+06,-6.322012e+05
8.4050,-3.74913000e-02,-4.347251e+06,-4.905126e-01,-2.47045372e-03,-4.347251e+06,3.057211e+06
8.4100,-3.65791000e-02,-2.657984e+06,-2.999079e-01,-2.41034517e-03,-2.657984e+06,1.358750e+05
8.4150,-3.55089000e-02,-2.504913e+06,-2.826365e-01,-2.33982535e-03,-2.504913e+06,2.068645e+05
8.4200,-3.43100000e-02,-2.268784e+06,-2.559933e-01,-2.26082497e-03,-2.268784e+06,2.628802e+05
8.4250,-3.29820000e-02,-1.966465e+06,-2.218819e-01,-2.17331767e-03,-1.966465e+06,3.043462e+05
8.4300,-3.15144000e-02,-1.637005e+06,-1.847079e-01,-2.07661155e-03,-1.637005e+06,3.209867e+05
8.4350,-2.99033000e-02,-1.311293e+06,-1.479569e-01,-1.97044964e-03,-1.311293e+06,2.994756e+05
8.4400,-2.81635000e-02,-1.047542e+06,-1.181971e-01,-1.85580717e-03,-1.047542e+06,2.405873e+05
8.4450,-2.63204000e-02,-8.517677e+05,-9.610735e-02,-1.73435784e-03,-8.517677e+05,1.607887e+05
8.4500,-2.44370000e-02,1.688302e+07,1.904959e+00,-1.61025298e-03,1.688302e+07,-4.580470e+07
8.4550,-2.25518000e-02,-6.942950e+05,-7.833927e-02,-1.48602951e-03,-6.942950e+05,5.060035e+04
8.4600,-2.07384000e-02,-4.189128e+06,-4.726712e-01,-1.36653724e-03,-4.189128e+06,6.538992e+06
8.4650,-1.90203000e-02,-7.461956e+05,-8.419536e-02,-1.25332466e-03,-7.461956e+05,4.620177e+04
8.4700,-1.74235000e-02,-7.778973e+05,-8.777235e-02,-1.14810504e-03,-7.778973e+05,3.204199e+04
8.4750,-1.59442000e-02,-8.006650e+05,-9.034130e-02,-1.05062797e-03,-8.006650e+05,-7.515261e+03
8.4800,-1.45498000e-02,-8.206699e+05,-9.259850e-02,-9.58745297e-04,-8.206699e+05,-7.242001e+04
8.4850,-1.32058000e-02,-8.533690e+05,-9.628804e-02,-8.70183689e-04,-8.533690e+05,-1.488033e+05
8.4900,-1.18410000e-02,1.045498e+07,1.179665e+00,-7.80251485e-04,1.045498e+07,-2.143144e+07
8.4950,-1.04257000e-02,-9.900676e+05,-1.117121e-01,-6.86991632e-04,-9.900676e+05,-2.809402e+05
8.5000,-8.92281000e-03,-1.073557e+06,-1.211324e-01,-5.87960118e-04,-1.073557e+06,-3.189537e+05
8.5050,-7.31418000e-03,3.330749e+07,3.758179e+00,-4.81960967e-04,3.330749e+07,-1.003709e+08
8.5100,-5.56081000e-03,-1.214964e+06,-1.370878e-01,-3.66424311e-04,-1.214964e+06,-2.803851e+05
8.5150,-3.74706000e-03,-1.276243e+06,-1.440021e-01,-2.46908971e-04,-1.276243e+06,-2.174293e+05
8.5200,-2.13711000e-03,8.366159e+06,9.439774e-01,-1.40822840e-04,8.366159e+06,-2.826482e+07
8.5250,-8.35230000e-04,-1.283772e+06,-1.448517e-01,-5.50366902e-05,-1.283772e+06,-1.979026e+05
8.5300,3.21625000e-04,-1.258928e+06,-1.420484e-01,2.11931749e-05,-1.258928e+06,-1.672948e+05
8.5350,7.09787000e-04,-1.221499e+06,-1.378252e-01,4.67707424e-05,-1.221499e+06,-1.196138e+05
8.5400,9.91488000e-04,-1.178309e+06,-1.329519e-01,6.53331631e-05,-1.178309e+06,-4.893793e+04
8.5450,1.17636000e-03,-1.135398e+06,-1.281101e-01,7.75151286e-05,-1.135398e+06,2.953959e+04
8.5500,1.57144000e-03,-1.840938e+08,-2.077182e+01,1.03548551e-04,-1.840938e+08,3.358839e+08
8.5550,2.11983000e-03,-1.160663e+06,-1.309609e-01,1.39684191e-04,-1.160663e+06,2.975179e+05
8.5600,2.61148000e-03,-1.180612e+06,-1.332118e-01,1.72081002e-04,-1.180612e+06,3.328522e+05
8.5650,2.99823000e-03,-1.259585e+06,-1.421225e-01,1.97565528e-04,-1.259585e+06,4.138985e+05
8.5700,3.26048000e-03,-1.353899e+06,-1.527642e-01,2.14846243e-04,-1.353899e+06,5.063763e+05
8.5750,3.44498000e-03,-7.111339e+05,-8.023925e-02,2.27003696e-04,-7.111339e+05,-1.547027e+06
8.5800,3.64571000e-03,-1.502734e+06,-1.695577e-01,2.40230609e-04,-1.502734e+06,5.900371e+05
8.5850,3.84599000e-03,3.985532e+06,4.496988e-01,2.53427870e-04,3.985532e+06,-1.543422e+07
8.5900,3.94964000e-03,4.844013e+06,5.465636e-01,2.60257789e-04,4.844013e+06,-1.787307e+07
8.5950,3.93758000e-03,-1.351255e+06,-1.524660e-01,2.59463107e-04,-1.351255e+06,2.914850e+05
8.6000,3.84381000e-03,-1.245472e+06,-1.405302e-01,2.53284221e-04,-1.245472e+06,1.983078e+05
8.6050,3.67330000e-03,-1.168152e+06,-1.318059e-01,2.42048626e-04,-1.168152e+06,1.270933e+05
8.6100,3.37143000e-03,3.691253e+06,4.164945e-01,2.22157188e-04,3.691253e+06,-1.405495e+07
8.6150,2.91721000e-03,-1.242547e+06,-1.402001e-01,1.92226791e-04,-1.242547e+06,-4.040434e+04
8.6200,2.34542000e-03,-1.391600e+06,-1.570182e-01,1.54549231e-04,-1.391600e+06,-1.545786e+05
8.6250,1.69436000e-03,-1.597866e+06,-1.802917e-01,1.11648248e-04,-1.597866e+06,-2.792517e+05
8.6300,-1.52358000e-03,-1.820388e+06,-2.053995e-01,-1.00394862e-04,-1.820388e+06,-3.907555e+05
8.6350,-1.57014000e-03,-6.420531e+06,-7.244466e-01,-1.03462889e-04,-6.420531e+06,7.711368e+06
8.6400,-1.59224000e-03,-2.172448e+06,-2.451234e-01,-1.04919147e-04,-2.172448e+06,-5.378945e+05
8.6450,-2.06579000e-03,-2.234765e+06,-2.521549e-01,-1.36123276e-04,-2.234765e+06,-5.590880e+05
8.6500,-3.50799000e-03,-2.206316e+06,-2.489449e-01,-2.31155680e-04,-2.206316e+06,-5.394889e+05
8.6550,-5.16423000e-03,-2.097351e+06,-2.366500e-01,-3.40292047e-04,-2.097351e+06,-4.775797e+05
8.6600,-6.73864000e-03,-1.944030e+06,-2.193504e-01,-4.44036304e-04,-1.944030e+06,-3.646826e+05
8.6650,-8.18075000e-03,-1.760463e+06,-1.986380e-01,-5.39062777e-04,-1.760463e+06,-2.054359e+05
8.6700,-9.45437000e-03,-1.576152e+06,-1.778417e-01,-6.22986761e-04,-1.576152e+06,-2.206342e+04
8.6750,-1.05644000e-02,-1.385724e+06,-1.563551e-01,-6.96131137e-04,-1.385724e+06,1.533195e+05
8.6800,-1.15781000e-02,-1.191594e+06,-1.344509e-01,-7.62927939e-04,-1.191594e+06,2.852930e+05
8.6850,-1.25604000e-02,1.009338e+08,1.138864e+01,-8.27655667e-04,1.009338e+08,-2.651377e+08
8.6900,-1.35909000e-02,-7.624102e+05,-8.602490e-02,-8.95559489e-04,-7.624102e+05,3.624782e+05
8.6950,-1.46717000e-02,3.199800e+06,3.610424e-01,-9.66777782e-04,3.199800e+06,-1.059712e+07
8.7000,-1.57809000e-02,1.317617e+07,1.486704e+00,-1.03986747e-03,1.317617e+07,-3.700019e+07
8.7050,-1.68829000e-02,-1.831734e+05,-2.066797e-02,-1.11248271e-03,-1.831734e+05,3.115638e+05
8.7100,-1.78839000e-02,3.857547e+04,4.352579e-03,-1.17844266e-03,3.857547e+04,2.453031e+05
8.7150,-1.87322000e-02,2.650375e+05,2.990493e-02,-1.23434059e-03,2.650375e+05,1.684319e+05
8.7200,-1.93574000e-02,4.789324e+05,5.403930e-02,-1.27553755e-03,4.789324e+05,9.594881e+04
8.7250,-1.97502000e-02,6.764763e+05,7.632873e-02,-1.30142073e-03,6.764763e+05,3.498269e+04
8.7300,-1.99092000e-02,-7.616937e+07,-8.594405e+00,-1.31189789e-03,-7.616937e+07,1.437230e+08
8.7350,-1.98437000e-02,1.029456e+06,1.161564e-01,-1.30758183e-03,1.029456e+06,2.054596e+03
8.7400,-1.95724000e-02,1.297614e+06,1.464135e-01,-1.28970477e-03,1.297614e+06,-5.413648e+04
8.7450,-1.91009000e-02,1.629161e+06,1.838228e-01,-1.25863572e-03,1.629161e+06,-8.675015e+04
8.7500,-1.84317000e-02,4.907986e+08,5.537819e+01,-1.21453942e-03,4.907986e+08,-1.273341e+09
8.7550,-1.75624000e-02,2.902346e+07,3.274799e+00,-1.15725772e-03,2.902346e+07,-4.961244e+07
8.7600,-1.64903000e-02,3.054990e+06,3.447032e-01,-1.08661271e-03,3.054990e+06,-2.225286e+05
8.7650,-1.52160000e-02,2.351640e+07,2.653422e+00,-1.00264392e-03,2.351640e+07,-5.233835e+07
8.7700,-1.37415000e-02,3.945188e+06,4.451467e-01,-9.05483134e-04,3.945188e+06,-3.074532e+05
8.7750,-1.20680000e-02,4.303975e+06,4.856297e-01,-7.95209436e-04,4.303975e+06,-3.640039e+05
8.7800,-1.01972000e-02,4.587619e+06,5.176341e-01,-6.71934841e-04,4.587619e+06,-3.934990e+05
8.7850,-8.13039000e-03,4.787317e+06,5.401665e-01,-5.35744352e-04,4.787317e+06,-3.709541e+05
8.7900,-5.87356000e-03,4.892720e+06,5.520595e-01,-3.87032676e-04,4.892720e+06,-3.006818e+05
8.7950,3.54571000e-03,4.906958e+06,5.536659e-01,2.33641204e-04,4.906958e+06,-2.167583e+05
8.8000,4.19316000e-03,4.835231e+06,5.455728e-01,2.76304309e-04,4.835231e+06,-1.644067e+05
8.8050,4.87598000e-03,4.697441e+06,5.300256e-01,3.21298086e-04,4.697441e+06,-1.368776e+05
8.8100,5.56560000e-03,4.528910e+06,5.110097e-01,3.66739943e-04,4.528910e+06,-1.011027e+05
8.8150,8.68701000e-03,4.348770e+06,4.906841e-01,5.72422300e-04,4.348770e+06,-4.358659e+04
8.8200,1.28328000e-02,4.173861e+06,4.709485e-01,8.45605208e-04,4.173861e+06,2.881925e+04
8.8250,1.72671000e-02,3.987211e+06,4.498882e-01,1.13779921e-03,3.987211e+06,1.102776e+05
8.8300,2.11851000e-02,3.745271e+06,4.225895e-01,1.39597211e-03,3.745271e+06,1.913970e+05
8.8350,2.42422000e-02,3.427684e+06,3.867552e-01,1.59741682e-03,3.427684e+06,2.753408e+05
8.8400,2.63805000e-02,3.002342e+06,3.387627e-01,1.73831807e-03,3.002342e+06,3.583500e+05
8.8450,2.78417000e-02,2.478369e+06,2.796414e-01,1.83460246e-03,2.478369e+06,4.275730e+05
8.8500,2.89263000e-02,1.915155e+06,2.160924e-01,1.90607115e-03,1.915155e+06,4.361538e+05
8.8550,2.96910000e-02,1.374846e+06,1.551277e-01,1.95646034e-03,1.374846e+06,3.817992e+05
8.8600,3.02318000e-02,9.269329e+05,1.045885e-01,1.99209584e-03,9.269329e+05,3.396300e+05
8.8650,3.05546000e-02,5.678850e+05,6.407607e-02,2.01336644e-03,5.678850e+05,3.093679e+05
8.8700,3.06333000e-02,-1.297167e+08,-1.463630e+01,2.01855230e-03,-1.297167e+08,2.247982e+08
8.8750,3.04428000e-02,7.464156e+06,8.422018e-01,2.00599949e-03,7.464156e+06,-1.905124e+07
8.8800,2.99436000e-02,-1.059645e+05,-1.195627e-02,1.97310518e-03,-1.059645e+05,2.412609e+05
8.8850,2.91185000e-02,1.690842e+07,1.907825e+00,1.91873599e-03,1.690842e+07,-6.627353e+07
8.8900,2.79526000e-02,-2.469834e+05,-2.786783e-02,1.84191012e-03,-2.469834e+05,1.766605e+05
8.8950,2.64613000e-02,-8.473729e+06,-9.561149e-01,1.74364231e-03,-8.473729e+06,1.551112e+07
8.9000,2.46931000e-02,1.351356e+06,1.524774e-01,1.62712845e-03,1.351356e+06,-4.387282e+06
8.9050,2.26682000e-02,-9.176242e+04,-1.035381e-02,1.49369958e-03,-9.176242e+04,-4.217432e+03
8.9100,2.04091000e-02,-2.690698e+04,-3.035990e-03,1.34483832e-03,-2.690698e+04,-7.716382e+04
8.9150,1.79139000e-02,4.781374e+03,5.394960e-04,1.18041948e-03,4.781374e+03,-1.381935e+05
8.9200,1.52012000e-02,7.760892e+03,8.756834e-04,1.00166868e-03,7.760892e+03,-1.795087e+05
8.9250,1.23079000e-02,-1.288831e+04,-1.454225e-03,8.11017419e-04,-1.288831e+04,-1.950616e+05
8.9300,9.34240000e-03,-3.496839e+04,-3.945582e-03,6.15608604e-04,-3.496839e+04,-2.111784e+05
8.9350,6.37582000e-03,-5.096602e+04,-5.750640e-03,4.20128623e-04,-5.096602e+04,-2.683916e+05
8.9400,3.60240000e-03,-1.534876e+05,-1.731844e-02,2.37376738e-04,-1.534876e+05,-3.053053e+05
8.9450,1.05587000e-03,-3.152588e+05,-3.557154e-02,6.95755541e-05,-3.152588e+05,-3.554209e+05
8.9500,-1.46791000e-03,-5.033391e+06,-5.679317e-01,-9.67265398e-05,-5.033391e+06,7.968691e+06
8.9550,-3.83120000e-03,2.253241e+08,2.542395e+01,-2.52453297e-04,2.253241e+08,-5.895900e+08
8.9600,-6.27191000e-03,-2.946300e+06,-3.324393e-01,-4.13281572e-04,-2.946300e+06,2.968607e+06
8.9650,-8.84594000e-03,-1.469623e+06,-1.658217e-01,-5.82894842e-04,-1.469623e+06,-2.944986e+05
8.9700,-1.14755000e-02,1.823884e+08,2.057940e+01,-7.56167209e-04,1.823884e+08,-4.799963e+08
8.9750,-1.40607000e-02,-2.074081e+06,-2.340244e-01,-9.26516516e-04,-2.074081e+06,-9.010130e+04
8.9800,-1.64885000e-02,-2.345514e+06,-2.646510e-01,-1.08649410e-03,-2.345514e+06,1.674654e+05
8.9850,-1.87378000e-02,-2.506938e+06,-2.828649e-01,-1.23470959e-03,-2.506938e+06,3.591509e+05
8.9900,-2.07408000e-02,-2.535321e+06,-2.860674e-01,-1.36669538e-03,-2.535321e+06,4.882468e+05
8.9950,-2.24480000e-02,-2.420300e+06,-2.730892e-01,-1.47918971e-03,-2.420300e+06,5.188814e+05
9.0000,-2.38329000e-02,-2.151000e+06,-2.427034e-01,-1.57044638e-03,-2.151000e+06,4.233477e+05
9.0050,-2.49771000e-02,1.441568e+07,1.626562e+00,-1.64584236e-03,1.441568e+07,-4.684760e+07
9.0100,-2.61228000e-02,1.434126e+06,1.618165e-01,-1.72133718e-03,1.434126e+06,-8.289906e+06
9.0150,-2.73519000e-02,-1.142939e+06,-1.289610e-01,-1.80232756e-03,-1.142939e+06,1.801688e+05
9.0200,-2.86587000e-02,-8.377210e+05,-9.452243e-02,-1.88843791e-03,-8.377210e+05,1.408059e+05
9.0250,-2.99635000e-02,-5.046110e+07,-5.693668e+00,-1.97441647e-03,-5.046110e+07,7.636994e+07
9.0300,-3.11752000e-02,1.051682e+07,1.186643e+00,-2.05426029e-03,1.051682e+07,-3.128558e+07
9.0350,-3.22987000e-02,-2.859021e+04,-3.225914e-03,-2.12829226e-03,-2.859021e+04,9.240425e+04
9.0400,-3.33968000e-02,-3.500243e+07,-3.949423e+00,-2.20065052e-03,-3.500243e+07,6.573890e+07
9.0450,-3.44972000e-02,4.451166e+05,5.022376e-02,-2.27316034e-03,4.451166e+05,-9.200668e+04
9.0500,-3.55961000e-02,6.262743e+05,7.066430e-02,-2.34557131e-03,6.262743e+05,-2.109672e+05
9.0550,-3.66668000e-02,7.691480e+05,8.678514e-02,-2.41612407e-03,7.691480e+05,-3.326837e+05
9.0600,-3.76818000e-02,8.815335e+05,9.946591e-02,-2.48300654e-03,8.815335e+05,-4.046905e+05
9.0650,-3.86362000e-02,7.349126e+08,8.292226e+01,-2.54589582e-03,7.349126e+08,-1.912414e+09
9.0700,-3.94722000e-02,1.174636e+06,1.325376e-01,-2.60098325e-03,1.174636e+06,-8.192169e+05
9.0750,-4.01164000e-02,1.058142e+06,1.193932e-01,-2.64343220e-03,1.058142e+06,-4.712856e+05
9.0800,-4.04088000e-02,6.681437e+08,7.538854e+01,-2.66269962e-03,6.681437e+08,-1.738325e+09
9.0850,-4.02849000e-02,1.756451e+06,1.981853e-01,-2.65453535e-03,1.756451e+06,-2.030621e+06
9.0900,-3.96869000e-02,7.480934e+05,8.440950e-02,-2.61513071e-03,7.480934e+05,-2.753556e+05
9.0950,-3.86324000e-02,6.469852e+05,7.300117e-02,-2.54564543e-03,6.469852e+05,-2.728902e+05
9.1000,-3.71672000e-02,2.234174e+06,2.520881e-01,-2.44909746e-03,2.234174e+06,-5.182952e+06
9.1050,-3.53126000e-02,6.841680e+06,7.719661e-01,-2.32689035e-03,6.841680e+06,-1.696102e+07
9.1100,-3.31035000e-02,1.828059e+05,2.062650e-02,-2.18132379e-03,1.828059e+05,-3.294789e+04
9.1150,-3.05631000e-02,-3.397186e+04,-3.833141e-03,-2.01392654e-03,-3.397186e+04,-4.935899e+03
9.1200,-2.77535000e-02,-3.400801e+05,-3.837220e-02,-1.82879061e-03,-3.400801e+05,4.911120e+04
9.1250,-2.47083000e-02,-3.001733e+07,-3.386940e+00,-1.62813004e-03,-3.001733e+07,5.488968e+07
9.1300,-2.14876000e-02,-9.914630e+05,-1.118696e-01,-1.41590506e-03,-9.914630e+05,2.652781e+05
9.1350,-1.81184000e-02,-1.228476e+06,-1.386124e-01,-1.19389482e-03,-1.228476e+06,2.697878e+05
9.1400,-1.46914000e-02,-1.425375e+06,-1.608291e-01,-9.68075895e-04,-1.425375e+06,2.536804e+05
9.1450,-1.14983000e-02,-1.572778e+06,-1.774610e-01,-7.57669593e-04,-1.572778e+06,2.515658e+05
9.1500,-8.49920000e-03,-1.668885e+06,-1.883050e-01,-5.60046738e-04,-1.668885e+06,2.816548e+05
9.1550,-5.41434000e-03,-1.699850e+06,-1.917989e-01,-3.56772809e-04,-1.699850e+06,3.121458e+05
9.1600,-3.74203000e-03,-1.617401e+06,-1.824960e-01,-2.46577524e-04,-1.617401e+06,2.855931e+05
9.1650,-1.40892000e-03,-1.415549e+06,-1.597204e-01,-9.28394496e-05,-1.415549e+06,2.045204e+05
9.1700,2.03486000e-03,-1.122506e+06,-1.266555e-01,1.34085173e-04,-1.122506e+06,1.033614e+05
9.1750,3.57476000e-03,-7.444204e+05,-8.399505e-02,2.35555426e-04,-7.444204e+05,8.660333e+03
9.1800,4.73457000e-03,1.382182e+07,1.559555e+00,3.11980008e-04,1.382182e+07,-4.012776e+07
9.1850,5.36164000e-03,1.311540e+07,1.479848e+00,3.53300192e-04,1.311540e+07,-3.683739e+07
9.1900,5.91336000e-03,8.699873e+05,9.816313e-02,3.89655259e-04,8.699873e+05,-1.234641e+05
9.1950,6.73535000e-03,1.525500e+06,1.721265e-01,4.43819512e-04,1.525500e+06,-1.333467e+05
9.2000,7.97254000e-03,7.757892e+08,8.753449e+01,5.25342976e-04,7.757892e+08,-2.015419e+09
9.2050,9.37256000e-03,2.871854e+06,3.240394e-01,6.17595968e-04,2.871854e+06,-4.072793e+05
9.2100,1.05509000e-02,3.117519e+06,3.517585e-01,6.95241567e-04,3.117519e+06,-2.102836e+05
9.2150,1.14633000e-02,3.425937e+06,3.865581e-01,7.55363302e-04,3.425937e+06,-6.338736e+05
9.2200,1.21803000e-02,3.133930e+06,3.536102e-01,8.02609338e-04,3.133930e+06,-1.659465e+05
9.2250,1.27953000e-02,2.968988e+06,3.349993e-01,8.43134181e-04,2.968988e+06,-8.372574e+04
9.2300,1.33892000e-02,2.770363e+06,3.125879e-01,8.82268659e-04,2.770363e+06,2.787871e+04
9.2350,1.39352000e-02,3.558091e+06,4.014695e-01,9.18246812e-04,3.558091e+06,-2.573992e+06
9.2400,1.43908000e-02,2.194284e+06,2.475873e-01,9.48268143e-04,2.194284e+06,2.539636e+05
9.2450,1.47587000e-02,1.832533e+06,2.067699e-01,9.72510565e-04,1.832533e+06,3.328633e+05
9.2500,1.50831000e-02,1.413309e+06,1.594677e-01,9.93886596e-04,1.413309e+06,3.524901e+05
9.2550,1.54105000e-02,9.032933e+05,1.019211e-01,1.01546031e-03,9.032933e+05,3.425452e+05
9.2600,1.58251000e-02,3.057596e+05,3.449972e-02,1.04277998e-03,3.057596e+05,3.480253e+05
9.2650,1.63496000e-02,4.914556e+06,5.545232e-01,1.07734141e-03,4.914556e+06,-1.486139e+07
9.2700,1.69520000e-02,-9.315943e+05,-1.051144e-01,1.11703599e-03,-9.315943e+05,3.040047e+05
9.2750,1.75604000e-02,-1.494515e+07,-1.686304e+00,1.15712593e-03,-1.494515e+07,2.531592e+07
9.2800,1.80209000e-02,-2.729157e+07,-3.079385e+00,1.18747015e-03,-2.729157e+07,4.738996e+07
9.2850,1.82629000e-02,-5.824744e+06,-6.572224e-01,1.20341651e-03,-5.824744e+06,6.665584e+06
9.2900,1.81748000e-02,-1.907606e+06,-2.152406e-01,1.19761124e-03,-1.907606e+06,-1.457709e+06
9.2950,1.77245000e-02,-5.388747e+06,-6.080276e-01,1.16793915e-03,-5.388747e+06,9.403021e+05
9.3000,1.68814000e-02,-2.054759e+06,-2.318443e-01,1.11238387e-03,-2.054759e+06,-2.327664e+05
9.3050,1.56489000e-02,-1.037870e+07,-1.171058e+00,1.03116945e-03,-1.037870e+07,1.590203e+07
9.3100,1.40163000e-02,-1.293076e+06,-1.459015e-01,9.23590820e-04,-1.293076e+06,-3.439551e+05
9.3150,1.19612000e-02,-8.873252e+05,-1.001194e-01,7.88171951e-04,-8.873252e+05,-3.359503e+05
9.3200,9.44172000e-03,-5.330920e+05,-6.015028e-02,6.22153201e-04,-5.330920e+05,-2.907803e+05
9.3250,6.45422000e-03,-2.160572e+05,-2.437834e-02,4.25294717e-04,-2.160572e+05,-2.057830e+05
9.3300,3.05711000e-03,7.567483e+04,8.538606e-03,2.01445369e-04,7.567483e+04,-1.336172e+05
9.3350,-6.63597000e-04,3.627981e+05,4.093553e-02,-4.37270961e-05,3.627981e+05,-7.179133e+04
9.3400,-4.42517000e-03,6.647540e+05,7.500608e-02,-2.91592388e-04,6.647540e+05,-2.925122e+04
9.3450,-7.89707000e-03,4.582209e+06,5.170236e-01,-5.20369952e-04,4.582209e+06,-6.693276e+06
9.3500,-1.07961000e-02,1.153947e+07,1.302031e+00,-7.11398789e-04,1.153947e+07,-1.898827e+07
9.3550,-1.31076000e-02,1.798062e+08,2.028805e+01,-8.63712893e-04,1.798062e+08,-4.631037e+08
9.3600,-1.49190000e-02,2.234588e+06,2.521349e-01,-9.83073382e-04,2.234588e+06,-1.740898e+05
9.3650,-1.63884000e-02,2.485565e+06,2.804534e-01,-1.07989810e-03,2.485565e+06,3.789612e+04
9.3700,-1.78060000e-02,5.140257e+07,5.799898e+00,-1.17330951e-03,5.140257e+07,-1.269368e+08
9.3750,-1.91743000e-02,2.668644e+06,3.011107e-01,-1.26347235e-03,2.668644e+06,7.688257e+04
9.3800,-2.03471000e-02,2.320225e+06,2.617976e-01,-1.34075289e-03,2.320225e+06,3.587042e+05
9.3850,-2.12139000e-02,1.896690e+06,2.140089e-01,-1.39786986e-03,1.896690e+06,4.307249e+05
9.3900,-2.17107000e-02,1.505396e+07,1.698581e+00,-1.43060602e-03,1.505396e+07,-3.931285e+07
9.3950,-2.19176000e-02,7.272259e+05,8.205495e-02,-1.44423950e-03,7.272259e+05,4.879093e+05
9.4000,-2.19860000e-02,7.942597e+04,8.961856e-03,-1.44874666e-03,7.942597e+04,4.186025e+05
9.4050,-2.19403000e-02,1.115621e+07,1.258786e+00,-1.44573530e-03,1.115621e+07,-3.389934e+07
9.4100,-2.17626000e-02,-1.306052e+06,-1.473655e-01,-1.43402592e-03,-1.306052e+06,9.887515e+04
9.4150,-2.14318000e-02,-1.905835e+06,-2.150408e-01,-1.41222817e-03,-1.905835e+06,-1.039501e+05
9.4200,-2.09577000e-02,-2.091245e+06,-2.359611e-01,-1.38098780e-03,-2.091245e+06,-1.263035e+06
9.4250,-2.03725000e-02,-2.271468e+08,-2.562962e+01,-1.34242660e-03,-2.271468e+08,4.180782e+08
9.4300,-1.97115000e-02,-3.089457e+06,-3.485922e-01,-1.29887063e-03,-3.089457e+06,-5.611033e+05
9.4350,-1.89624000e-02,-3.194771e+06,-3.604751e-01,-1.24950940e-03,-3.194771e+06,-6.229794e+05
9.4400,-1.81238000e-02,-6.950380e+06,-7.842310e-01,-1.19425064e-03,-6.950380e+06,6.322177e+06
9.4450,-1.72473000e-02,-3.219292e+06,-3.632418e-01,-1.13649451e-03,-3.219292e+06,-5.449069e+05
9.4500,-1.65017000e-02,-3.119799e+06,-3.520157e-01,-1.08736390e-03,-3.119799e+06,-4.660562e+05
9.4550,-1.59656000e-02,-2.922684e+06,-3.297747e-01,-1.05203810e-03,-2.922684e+06,-3.753336e+05
9.4600,-1.56677000e-02,-2.593133e+06,-2.925905e-01,-1.03240826e-03,-2.593133e+06,-2.678912e+05
9.4650,-1.55678000e-02,-2.122824e+06,-2.395242e-01,-1.02582544e-03,-2.122824e+06,-1.413905e+05
9.4700,-1.56027000e-02,-1.526054e+06,-1.721889e-01,-1.02812515e-03,-1.526054e+06,-1.784039e+04
9.4750,-1.57464000e-02,-8.398658e+05,-9.476443e-02,-1.03759412e-03,-8.398658e+05,7.172390e+04
9.4800,-1.59218000e-02,-1.816161e+05,-2.049226e-02,-1.04915194e-03,-1.816161e+05,1.404970e+05
9.4850,-1.61659000e-02,3.991396e+05,4.503605e-02,-1.06523668e-03,3.991396e+05,1.885040e+05
9.4900,-1.62862000e-02,8.758969e+05,9.882992e-02,-1.07316373e-03,8.758969e+05,2.212082e+05
9.4950,-1.61469000e-02,1.260905e+06,1.422715e-01,-1.06398469e-03,1.260905e+06,2.124543e+05
9.5000,-1.57288000e-02,3.962555e+06,4.471062e-01,-1.03643439e-03,3.962555e+06,-4.339965e+06
9.5050,-1.51155000e-02,3.149680e+07,3.553873e+00,-9.96021563e-04,3.149680e+07,-7.123424e+07
9.5100,-1.44595000e-02,4.596612e+06,5.186487e-01,-9.52795064e-04,4.596612e+06,-4.967393e+06
9.5150,-1.36953000e-02,7.858349e+06,8.866798e-01,-9.02438829e-04,7.858349e+06,-1.527454e+07
9.5200,-1.28631000e-02,2.632725e+08,2.970578e+01,-8.47601797e-04,2.632725e+08,-6.799275e+08
9.5250,-1.19897000e-02,2.059979e+06,2.324333e-01,-7.90049931e-04,2.059979e+06,-1.409404e+05
9.5300,-1.10944000e-02,2.011560e+06,2.269700e-01,-7.31054985e-04,2.011560e+06,3.676745e+04
9.5350,-1.01495000e-02,2.030901e+06,2.291523e-01,-6.68791694e-04,2.030901e+06,6.347593e+04
9.5400,-9.06810000e-03,1.989069e+06,2.244323e-01,-5.97533865e-04,1.989069e+06,8.560035e+04
9.5450,-7.78998000e-03,1.830848e+06,2.065797e-01,-5.13313358e-04,1.830848e+06,7.997083e+04
9.5500,-6.19874000e-03,1.456466e+06,1.643372e-01,-4.08460104e-04,1.456466e+06,6.311108e+04
9.5550,-4.24492000e-03,1.032399e+06,1.164885e-01,-2.79714985e-04,1.032399e+06,7.624554e+04
9.5600,2.16580000e-03,5.554867e+05,6.267714e-02,1.42713341e-04,5.554867e+05,5.971537e+04
9.5650,2.15940000e-03,3.379288e+04,3.812946e-03,1.42291619e-04,3.379288e+04,2.193276e+04
9.5700,3.55435000e-03,-4.465169e+05,-5.038177e-02,2.34210528e-04,-4.465169e+05,-5.482013e+04
9.5750,5.56924000e-03,-8.549398e+05,-9.646528e-02,3.66979798e-04,-8.549398e+05,-1.538722e+05
9.5800,6.96134000e-03,-1.143356e+06,-1.290081e-01,4.58710909e-04,-1.143356e+06,-2.119034e+05
9.5850,7.88944000e-03,-1.307985e+06,-1.475837e-01,5.19867180e-04,-1.307985e+06,-2.159113e+05
9.5900,8.68429000e-03,-1.353549e+06,-1.527248e-01,5.72243068e-04,-1.353549e+06,-1.824857e+05
9.5950,9.37728000e-03,-2.983307e+08,-3.366149e+01,6.17906988e-04,-2.983307e+08,5.541485e+08
9.6000,9.93882000e-03,4.409253e+06,4.975085e-01,6.54909135e-04,4.409253e+06,-1.630361e+07
9.6050,1.03330000e-02,6.768696e+06,7.637311e-01,6.80883253e-04,6.768696e+06,-2.257669e+07
9.6100,1.05329000e-02,-8.561499e+07,-9.660181e+00,6.94055474e-04,-8.561499e+07,1.583358e+08
9.6150,1.05395000e-02,-7.007088e+05,-7.906295e-02,6.94490375e-04,-7.007088e+05,3.473332e+05
9.6200,1.03484000e-02,-5.529452e+05,-6.239037e-02,6.81898021e-04,-5.529452e+05,4.841972e+05
9.6250,9.95921000e-03,1.693440e+06,1.910756e-01,6.56252715e-04,1.693440e+06,-5.510336e+06
9.6300,9.38091000e-03,-1.709319e+05,-1.928673e-02,6.18146184e-04,-1.709319e+05,5.197703e+05
9.6350,8.62914000e-03,8.430368e+04,9.512222e-03,5.68609011e-04,8.430368e+04,3.861463e+05
9.6400,7.76189000e-03,3.361941e+05,3.793373e-02,5.11462394e-04,3.361941e+05,2.455790e+05
9.6450,6.82580000e-03,5.438458e+05,6.136366e-02,4.49779629e-04,5.438458e+05,1.264944e+05
9.6500,5.91213000e-03,6.683214e+05,7.540860e-02,3.89574210e-04,6.683214e+05,3.784222e+04
9.6550,5.06040000e-03,7.037944e+05,7.941111e-02,3.33450267e-04,7.037944e+05,-4.352520e+04
9.6600,4.34141000e-03,1.357590e+06,1.531807e-01,2.86073102e-04,1.357590e+06,-2.268207e+06
9.6650,3.68566000e-03,4.362810e+05,4.922682e-02,2.42863077e-04,4.362810e+05,-2.522208e+05
9.6700,3.01279000e-03,1.394495e+07,1.573448e+00,1.98524945e-04,1.394495e+07,-3.620265e+07
9.6750,2.32498000e-03,5.955778e+07,6.720072e+00,1.53202356e-04,5.955778e+07,-1.558446e+08
9.6800,1.62459000e-03,-3.191831e+05,-3.601433e-02,1.07050820e-04,-3.191831e+05,-5.576278e+05
9.6850,9.13004000e-04,-1.005795e+08,-1.134867e+01,6.01615343e-05,-1.005795e+08,1.860832e+08
9.6900,6.77022000e-04,7.542790e+06,8.510743e-01,4.46117238e-05,7.542790e+06,-2.193571e+07
9.6950,5.94454000e-04,-7.315172e+05,-8.253916e-02,3.91709836e-05,-7.315172e+05,-3.386430e+05
9.7000,-1.31568000e-03,-7.528953e+05,-8.495130e-02,-8.66954881e-05,-7.528953e+05,-2.763716e+05
9.7050,-2.24943000e-03,7.591205e+06,8.565371e-01,-1.48224060e-04,7.591205e+06,-1.582766e+07
9.7100,-3.20972000e-03,-6.584369e+05,-7.429330e-02,-2.11501461e-04,-6.584369e+05,-3.604424e+05
9.7150,-4.13368000e-03,5.562271e+06,6.276068e-01,-2.72384930e-04,5.562271e+06,-1.843834e+07
9.7200,-5.01839000e-03,-7.359044e+05,-8.303417e-02,-3.30682058e-04,-7.359044e+05,-3.089420e+04
9.7250,-5.85961000e-03,-6.857721e+05,-7.737761e-02,-3.86113454e-04,-6.857721e+05,5.872198e+04
9.7300,-6.58350000e-03,-5.480347e+05,-6.183631e-02,-4.33813500e-04,-5.480347e+05,1.291843e+05
9.7350,-7.16435000e-03,-3.226180e+05,-3.640190e-02,-4.72088061e-04,-3.226180e+05,1.907780e+05
9.7400,-7.62426000e-03,1.417070e+07,1.598920e+00,-5.02393395e-04,1.417070e+07,-4.097838e+07
9.7450,-8.00719000e-03,3.730936e+07,4.209720e+00,-5.27626205e-04,3.730936e+07,-1.071079e+08
9.7500,-8.38052000e-03,9.667623e+05,1.090825e-01,-5.52226432e-04,9.667623e+05,-1.792980e+05
9.7550,-8.75195000e-03,1.730649e+07,1.952740e+00,-5.76701460e-04,1.730649e+07,-2.996634e+07
9.7600,-9.06171000e-03,1.360131e+06,1.534674e-01,-5.97112802e-04,1.360131e+06,3.185826e+05
9.7650,-9.24928000e-03,1.578107e+06,1.780623e-01,-6.09472550e-04,1.578107e+06,2.486801e+05
9.7700,-9.23544000e-03,1.719335e+06,1.939975e-01,-6.08560576e-04,1.719335e+06,2.269002e+05
9.7750,-9.01646000e-03,1.778335e+06,2.006546e-01,-5.94131096e-04,1.778335e+06,2.289029e+05
9.7800,-8.61907000e-03,1.772097e+06,1.999507e-01,-5.67945458e-04,1.772097e+06,2.095890e+05
9.7850,-8.07879000e-03,1.721439e+06,1.942349e-01,-5.32344219e-04,1.721439e+06,1.600922e+05
9.7900,-7.46304000e-03,4.249671e+08,4.795024e+01,-4.91769956e-04,4.249671e+08,-1.102659e+09
9.7950,-6.79007000e-03,1.730144e+06,1.952170e-01,-4.47425235e-04,1.730144e+06,-2.915231e+05
9.8000,-6.06099000e-03,1.556298e+06,1.756015e-01,-3.99383198e-04,1.556298e+06,-1.230958e+05
9.8050,-5.25473000e-03,2.295860e+06,2.590483e-01,-3.46255459e-04,2.295860e+06,-1.756019e+06
9.8100,-4.38869000e-03,1.276396e+06,1.440194e-01,-2.89188573e-04,1.276396e+06,-2.069632e+05
9.8150,-4.00605000e-03,9.779502e+05,1.103449e-01,-2.63974872e-04,9.779502e+05,-1.423147e+05
9.8200,-3.53000000e-03,-1.681021e+07,-1.896743e+00,-2.32606008e-04,-1.681021e+07,3.243848e+07
9.8250,-2.86979000e-03,-9.477529e+06,-1.069376e+00,-1.89102095e-04,-9.477529e+06,1.794316e+07
9.8300,-2.09780000e-03,-2.211664e+05,-2.495483e-02,-1.38232545e-04,-2.211664e+05,-2.874585e+05
9.8350,1.85171000e-03,-6.384423e+05,-7.203725e-02,1.22016677e-04,-6.384423e+05,-1.718470e+05
9.8400,3.10483000e-03,-9.538657e+05,-1.076274e-01,2.04589834e-04,-9.538657e+05,-1.730799e+05
9.8450,4.32903000e-03,-1.299527e+06,-1.466294e-01,2.85257334e-04,-1.299527e+06,-1.511515e+05
9.8500,5.42965000e-03,-1.614166e+06,-1.821309e-01,3.57781647e-04,-1.614166e+06,-9.225159e+04
9.8550,6.29658000e-03,-1.845165e+06,-2.081952e-01,4.14907178e-04,-1.845165e+06,-6.505757e+04
9.8600,6.77343000e-03,-1.983448e+06,-2.237981e-01,4.46328758e-04,-1.983448e+06,-4.797821e+04
9.8650,6.87144000e-03,-2.046359e+06,-2.308965e-01,4.52787034e-04,-2.046359e+06,-2.049471e+04
9.8700,6.69455000e-03,-2.057559e+06,-2.321602e-01,4.41131035e-04,-2.057559e+06,2.082005e+04
9.8750,6.27845000e-03,-2.034573e+06,-2.295666e-01,4.13712519e-04,-2.034573e+06,6.258536e+04
9.8800,5.60214000e-03,-2.005874e+06,-2.263285e-01,3.69147712e-04,-2.005874e+06,1.025526e+05
9.8850,4.62241000e-03,-1.968443e+06,-2.221050e-01,3.04589331e-04,-1.968443e+06,1.450276e+05
9.8900,3.35560000e-03,-1.892801e+06,-2.135700e-01,2.21114085e-04,-1.892801e+06,1.866674e+05
9.8950,1.90288000e-03,-7.017436e+05,-7.917971e-02,1.25388476e-04,-7.017436e+05,-2.820000e+06
9.9000,-8.90144000e-04,-1.471893e+06,-1.660779e-01,-5.86551962e-05,-1.471893e+06,2.246526e+05
9.9050,-8.58257000e-04,-1.103315e+06,-1.244901e-01,-5.65540325e-05,-1.103315e+06,1.860500e+05
9.9100,-1.94309000e-03,-6.973428e+05,-7.868316e-02,-1.28038076e-04,-6.973428e+05,1.303161e+05
9.9150,-3.00978000e-03,4.681109e+07,5.281827e+00,-1.98326604e-04,4.681109e+07,-1.367469e+08
9.9200,-4.15970000e-03,4.216700e+04,4.757821e-03,-2.74099494e-04,4.216700e+04,1.169415e+04
9.9250,-5.29956000e-03,3.204780e+05,3.616044e-02,-3.49209489e-04,3.204780e+05,2.170086e+04
9.9300,-6.29615000e-03,2.995787e+06,3.380232e-01,-4.14878844e-04,2.995787e+06,-4.614406e+06
9.9350,-7.13552000e-03,6.988458e+06,7.885274e-01,-4.70188335e-04,6.988458e+06,-1.185407e+07
9.9400,-7.85180000e-03,6.500656e+05,7.334874e-02,-5.17386928e-04,6.500656e+05,1.015071e+05
9.9450,-8.47324000e-03,3.726452e+08,4.204661e+01,-5.58336128e-04,3.726452e+08,-9.688898e+08
9.9500,-9.00093000e-03,7.878274e+05,8.889279e-02,-5.93107761e-04,7.878274e+05,5.886326e+04
9.9550,-9.40914000e-03,8.211458e+05,9.265220e-02,-6.20006373e-04,8.211458e+05,1.684897e+05
9.9600,-9.69333000e-03,9.526944e+05,1.074952e-01,-6.38732804e-04,9.526944e+05,1.355436e+05
9.9650,-9.88886000e-03,1.140286e+06,1.286617e-01,-6.51617068e-04,1.140286e+06,1.056728e+05
9.9700,-1.00371000e-02,1.182217e+06,1.333928e-01,-6.61385203e-04,1.182217e+06,3.153795e+04
9.9750,-1.01139000e-02,2.410055e+06,2.719333e-01,-6.66445866e-04,2.410055e+06,-2.396159e+06
9.9800,-1.00535000e-02,1.400960e+07,1.580743e+00,-6.62465865e-04,1.400960e+07,-3.402698e+07
9.9850,-9.84399000e-03,6.255646e+05,7.058422e-02,-6.48660402e-04,6.255646e+05,-5.002692e+04
9.9900,-9.52911000e-03,1.663169e+05,1.876600e-02,-6.27911683e-04,1.663169e+05,-7.487985e+04
9.9950,-9.16334000e-03,-3.446844e+05,-3.889172e-02,-6.03809615e-04,-3.446844e+05,-1.359698e+05
10.0000,-8.82261000e-03,-8.108179e+05,-9.148688e-02,-5.81357534e-04,-8.108179e+05,-2.092355e+05
10.0050,-8.51221000e-03,-1.213347e+06,-1.369053e-01,-5.60904020e-04,-1.213347e+06,-2.471775e+05
10.0100,-8.21758000e-03,-1.493000e+06,-1.684594e-01,-5.41489655e-04,-1.493000e+06,-2.476352e+05
10.0150,-7.92106000e-03,-2.812655e+07,-3.173598e+00,-5.21950750e-04,-2.812655e+07,4.921157e+07
10.0200,-7.59079000e-03,-1.982394e+07,-2.236791e+00,-5.00187921e-04,-1.982394e+07,3.366689e+07
10.0250,-7.20959000e-03,-3.422547e+06,-3.861756e-01,-4.75069108e-04,-3.422547e+06,3.156218e+06
10.0300,-6.73337000e-03,3.340205e+05,3.768847e-02,-4.43689042e-04,3.340205e+05,-5.621306e+06
10.0350,-6.20603000e-03,1.468477e+07,1.656924e+00,-4.08940472e-04,1.468477e+07,-4.212980e+07
10.0400,-5.90371000e-03,-1.303000e+06,-1.470211e-01,-3.89019382e-04,-1.303000e+06,-1.578726e+05
10.0450,-5.51795000e-03,-1.181139e+06,-1.332712e-01,-3.63600092e-04,-1.181139e+06,-1.308119e+05
10.0500,-4.92765000e-03,-1.039077e+06,-1.172419e-01,-3.24702832e-04,-1.039077e+06,-8.827689e+04
10.0550,-4.17673000e-03,-8.782788e+05,-9.909868e-02,-2.75221669e-04,-8.782788e+05,-4.546523e+04
10.0600,-3.37564000e-03,-7.066084e+05,-7.972863e-02,-2.22434602e-04,-7.066084e+05,1.932458e+03
10.0650,-2.56764000e-03,-5.106505e+05,-5.761814e-02,-1.69192207e-04,-5.106505e+05,7.015497e+04
10.0700,-1.81129000e-03,-3.089744e+05,-3.486246e-02,-1.19353240e-04,-3.089744e+05,1.615359e+05
10.0750,-1.39924000e-03,-1.065520e+05,-1.202256e-02,-9.22015952e-05,-1.065520e+05,2.368638e+05
10.0800,-1.30872000e-03,-8.551093e+03,-9.648440e-04,-8.62368655e-05,-8.551093e+03,4.509473e+05
10.0850,-1.27689000e-03,2.448292e+05,2.762477e-02,-8.41394578e-05,2.448292e+05,2.862393e+05
10.0900,-1.28727000e-03,3.230249e+04,3.644781e-03,-8.48234380e-05,3.230249e+04,8.550489e+05
10.0950,-1.32005000e-03,-2.861550e+06,-3.228768e-01,-8.69834451e-05,-2.861550e+06,6.300463e+06
10.1000,-1.30132000e-03,-1.965708e+06,-2.217964e-01,-8.57492495e-05,-1.965708e+06,4.618682e+06
10.1050,-1.21654000e-03,4.368267e+05,4.928840e-02,-8.01627516e-05,4.368267e+05,1.078098e+05
10.1100,1.17853000e-03,3.628458e+06,4.094092e-01,7.76581187e-05,3.628458e+06,-9.093707e+06
10.1150,1.57308000e-03,3.279296e+08,3.700123e+01,1.03656617e-04,3.279296e+08,-8.529202e+08
10.1200,1.89713000e-03,6.096214e+05,6.878530e-02,1.25009585e-04,6.096214e+05,-9.637610e+04
10.1250,2.11447000e-03,4.513050e+07,5.092202e+00,1.39330999e-04,4.513050e+07,-8.294264e+07
10.1300,2.22153000e-03,6.097315e+06,6.879773e-01,1.46385616e-04,6.097315e+06,-1.390599e+07
10.1350,2.25677000e-03,7.966318e+05,8.988622e-02,1.48707723e-04,7.966318e+05,-5.110780e+04
10.1400,2.24801000e-03,7.185628e+05,8.107747e-02,1.48130491e-04,7.185628e+05,-3.860544e+04
10.1450,2.22990000e-03,5.493692e+05,6.198688e-02,1.46937150e-04,5.493692e+05,-3.825063e+04
10.1500,2.19127000e-03,6.738138e+06,7.602831e-01,1.44391662e-04,6.738138e+06,-1.679105e+07
10.1550,2.26682000e-03,5.778819e+04,6.520405e-03,1.49369958e-04,5.778819e+04,-1.070216e+05
10.1600,2.31281000e-03,-2.106059e+05,-2.376326e-02,1.52400425e-04,-2.106059e+05,-1.319773e+05
10.1650,2.22262000e-03,-4.837516e+05,-5.458306e-02,1.46457441e-04,-4.837516e+05,-1.656828e+05
10.1700,2.02290000e-03,7.767019e+06,8.763748e-01,1.33297080e-04,7.767019e+06,-2.234575e+07
10.1750,1.83498000e-03,-9.419417e+05,-1.062819e-01,1.20914270e-04,-9.419417e+05,-1.766220e+05
10.1800,1.73228000e-03,9.461962e+05,1.067620e-01,1.14146951e-04,9.461962e+05,-5.488858e+06
10.1850,1.68089000e-03,-1.054698e+06,-1.190046e-01,1.10760655e-04,-1.054698e+06,-6.348452e+04
10.1900,1.67173000e-03,-1.600430e+08,-1.805810e+01,1.10157066e-04,-1.600430e+08,2.968549e+08
10.1950,1.70372000e-03,-7.918414e+05,-8.934570e-02,1.12265017e-04,-7.918414e+05,1.236755e+05
10.2000,1.75511000e-03,-5.571735e+05,-6.286747e-02,1.15651312e-04,-5.571735e+05,1.347587e+05
10.2050,1.80703000e-03,-3.445849e+05,-3.888049e-02,1.19072531e-04,-3.445849e+05,1.692759e+05
10.2100,1.81556000e-03,-1.731767e+05,-1.954001e-02,1.19634607e-04,-1.731767e+05,2.167813e+05
10.2150,1.75473000e-03,-1.956015e+06,-2.207027e-01,1.15626272e-04,-1.956015e+06,3.837100e+06
10.2200,1.57781000e-03,5.366955e+04,6.055687e-03,1.03968296e-04,5.366955e+04,2.687578e+05
10.2250,1.27269000e-03,1.126368e+05,1.270913e-02,8.38627027e-05,1.126368e+05,2.357091e+05
10.2300,-9.08743000e-04,1.649055e+05,1.860675e-02,-5.98807597e-05,1.649055e+05,1.751836e+05
10.2350,-7.28242000e-04,2.190902e+05,2.472057e-02,-4.79868172e-05,2.190902e+05,1.028293e+05
10.2400,-5.29085000e-04,2.782360e+05,3.139415e-02,-3.48635552e-05,2.782360e+05,4.938969e+04
10.2450,-8.47368000e-04,3.398994e+05,3.835181e-02,-5.58365122e-05,3.398994e+05,1.180206e+04
10.2500,-1.40965000e-03,3.978295e+05,4.488823e-02,-9.28875523e-05,3.978295e+05,-1.960916e+04
10.2550,-1.91401000e-03,4.368844e+05,4.929491e-02,-1.26121877e-04,4.368844e+05,-5.307334e+04
10.2600,-2.32209000e-03,4.185983e+05,4.723163e-02,-1.53011922e-04,4.185983e+05,-1.034027e+05
10.2650,-2.62188000e-03,3.335299e+05,3.763312e-02,-1.72766301e-04,3.335299e+05,-1.556171e+05
10.2700,-2.79791000e-03,1.708443e+08,1.927684e+01,-1.84365631e-04,1.708443e+08,-4.605377e+08
10.2750,-2.85953000e-03,1.343760e+05,1.516202e-02,-1.88426022e-04,1.343760e+05,-3.064570e+05
10.2800,-2.85155000e-03,-4.858063e+04,-5.481490e-03,-1.87900188e-04,-4.858063e+04,-2.122005e+05
10.2850,-2.81317000e-03,-1.909669e+05,-2.154734e-02,-1.85371174e-04,-1.909669e+05,-1.850608e+05
10.2900,-2.82383000e-03,-2.919814e+05,-3.294508e-02,-1.86073605e-04,-2.919814e+05,-1.534720e+05
10.2950,-2.89861000e-03,1.708027e+06,1.927215e-01,-1.91001162e-04,1.708027e+06,-3.968719e+06
10.3000,-3.00145000e-03,3.692415e+06,4.166257e-01,-1.97777706e-04,3.692415e+06,-7.669972e+06
10.3050,-3.09470000e-03,-3.648922e+05,-4.117182e-02,-2.03922327e-04,-3.648922e+05,-7.293170e+04
10.3100,-3.12082000e-03,6.274720e+06,7.079944e-01,-2.05643480e-04,6.274720e+06,-1.934745e+07
10.3150,-3.08988000e-03,-4.083301e+05,-4.607304e-02,-2.03604718e-04,-4.083301e+05,4.849292e+04
10.3200,-3.07312000e-03,-4.295659e+05,-4.846914e-02,-2.02500333e-04,-4.295659e+05,7.837670e+04
10.3250,-3.10684000e-03,-4.378586e+05,-4.940482e-02,-2.04722281e-04,-4.378586e+05,7.777121e+04
10.3300,-3.17242000e-03,-4.148800e+05,-4.681209e-02,-2.09043613e-04,-4.148800e+05,6.820807e+04
10.3350,-3.21734000e-03,-3.476799e+05,-3.922971e-02,-2.12003574e-04,-3.476799e+05,4.925220e+04
10.3400,-3.18122000e-03,-2.181683e+05,-2.461654e-02,-2.09623480e-04,-2.181683e+05,3.333555e+04
10.3450,-3.08170000e-03,-2.933108e+04,-3.309508e-03,-2.03065704e-04,-2.933108e+04,2.909852e+04
10.3500,-2.94749000e-03,2.719887e+07,3.068925e+00,-1.94222063e-04,2.719887e+07,-5.031160e+07
10.3550,-2.76415000e-03,5.418512e+05,6.113860e-02,-1.82141048e-04,5.418512e+05,2.882397e+04
10.3600,-2.48824000e-03,1.446450e+08,1.632070e+01,-1.63960219e-04,1.446450e+08,-3.744003e+08
10.3650,-2.11218000e-03,1.304259e+06,1.471632e-01,-1.39180102e-04,1.304259e+06,1.595950e+04
10.3700,-1.66119000e-03,1.679071e+06,1.894543e-01,-1.09462542e-04,1.679071e+06,6.198040e+04
10.3750,-1.16443000e-03,2.079464e+06,2.346318e-01,-7.67290125e-05,2.079464e+06,7.638573e+04
10.3800,9.45156000e-04,5.061220e+06,5.710718e-01,6.22801599e-05,5.061220e+06,-6.751154e+06
10.3850,1.39868000e-03,3.437360e+07,3.878470e+00,9.21646945e-05,3.437360e+07,-8.208018e+07
10.3900,1.89946000e-03,2.977833e+06,3.359974e-01,1.25163119e-04,2.977833e+06,5.487100e+04
10.3950,2.44361000e-03,3.655991e+06,4.125159e-01,1.61019368e-04,3.655991e+06,-9.377581e+05
10.4000,3.00890000e-03,3.230933e+06,3.645553e-01,1.98268617e-04,3.230933e+06,-4.952677e+03
10.4050,3.53280000e-03,3.263219e+06,3.681982e-01,2.32790512e-04,3.263219e+06,-5.192563e+04
10.4100,4.02689000e-03,3.217160e+06,3.630012e-01,2.65348104e-04,3.217160e+06,-8.875573e+04
10.4150,5.30197000e-03,3.085303e+06,3.481235e-01,3.49368294e-04,3.085303e+06,-1.094777e+05
10.4200,6.74549000e-03,2.872006e+06,3.240566e-01,4.44487678e-04,2.872006e+06,-9.883421e+04
10.4250,8.22837000e-03,2.601125e+06,2.934923e-01,5.42200652e-04,2.601125e+06,-6.281093e+04
10.4300,9.56947000e-03,2.304912e+06,2.600698e-01,6.30571167e-04,2.304912e+06,-8.293546e+03
10.4350,1.07514000e-02,1.905832e+06,2.150404e-01,7.08453325e-04,1.905832e+06,1.651278e+04
10.4400,1.17780000e-02,1.484937e+06,1.675496e-01,7.76100160e-04,1.484937e+06,5.684832e+04
10.4450,1.26695000e-02,1.062709e+06,1.199084e-01,8.34844709e-04,1.062709e+06,7.941032e+04
10.4500,1.34299000e-02,1.120035e+06,1.263767e-01,8.84950547e-04,1.120035e+06,-9.628970e+05
10.4550,1.40512000e-02,3.451240e+04,3.894132e-03,9.25890522e-04,3.451240e+04,5.067291e+04
10.4600,1.45064000e-02,-4.735837e+05,-5.343579e-02,9.55885495e-04,-4.735837e+05,3.955277e+04
10.4650,1.47686000e-02,-9.202355e+05,-1.038328e-01,9.73162916e-04,-9.202355e+05,1.269604e+03
10.4700,1.47837000e-02,-1.302303e+06,-1.469425e-01,9.74157916e-04,-1.302303e+06,-4.864662e+04
10.4750,1.45356000e-02,-1.653134e+08,-1.865278e+01,9.57809602e-04,-1.653134e+08,2.439102e+08
10.4800,1.40224000e-02,-1.885229e+06,-2.127158e-01,9.23992773e-04,-1.885229e+06,-4.645048e+04
10.4850,1.32599000e-02,-2.026878e+06,-2.286983e-01,8.73748558e-04,-2.026878e+06,-7.482495e+04
10.4900,1.22744000e-02,-9.796137e+07,-1.105326e+01,8.08809968e-04,-9.796137e+07,1.708365e+08
10.4950,1.10748000e-02,-2.126814e+06,-2.399745e-01,7.29763462e-04,-2.126814e+06,-2.710087e+03
10.5000,9.67521000e-03,-2.058225e+06,-2.322353e-01,6.37538804e-04,-2.058225e+06,3.393581e+04
10.5050,8.07780000e-03,-1.915408e+06,-2.161209e-01,5.32278984e-04,-1.915408e+06,7.232411e+04
10.5100,6.28780000e-03,-1.698378e+06,-1.916328e-01,4.14328629e-04,-1.698378e+06,1.025745e+05
10.5150,4.31733000e-03,-1.422358e+06,-1.604887e-01,2.84486373e-04,-1.422358e+06,1.300040e+05
10.5200,-3.59963000e-03,-1.122558e+06,-1.266614e-01,-2.37194211e-04,-1.122558e+06,1.599393e+05
10.5250,-3.34717000e-03,-8.175745e+05,-9.224924e-02,-2.20558598e-04,-8.175745e+05,1.919430e+05
10.5300,-2.96191000e-03,-5.071509e+05,-5.722327e-02,-1.95172255e-04,-5.071509e+05,2.086715e+05
10.5350,-4.75363000e-03,-1.875974e+05,-2.116715e-02,-3.13235949e-04,-1.875974e+05,1.648585e+05
10.5400,-6.99106000e-03,8.784363e+04,9.911645e-03,-4.60669280e-04,8.784363e+04,1.074253e+05
10.5450,-9.03955000e-03,3.470702e+05,3.916091e-02,-5.95652590e-04,3.470702e+05,3.197013e+04
10.5500,-1.07959000e-02,6.334252e+05,7.147116e-02,-7.11385610e-04,6.334252e+05,-3.370338e+04
10.5550,-1.22404000e-02,9.585040e+05,1.081507e-01,-8.06569570e-04,9.585040e+05,-7.436032e+04
10.5600,-1.34944000e-02,1.289613e+06,1.455106e-01,-8.89200713e-04,1.289613e+06,-6.062343e+04
10.5650,-1.46540000e-02,1.557832e+06,1.757746e-01,-9.65611457e-04,1.557832e+06,-9.521998e+03
10.5700,-1.57614000e-02,2.850013e+07,3.215750e+00,-1.03858253e-03,2.850013e+07,-4.988668e+07
10.5750,-1.67571000e-02,5.017905e+08,5.661844e+01,-1.10419324e-03,5.017905e+08,-1.310593e+09
10.5800,-1.75529000e-02,4.514722e+06,5.094088e-01,-1.15663173e-03,4.514722e+06,-7.300302e+06
10.5850,-1.81404000e-02,1.981027e+06,2.235249e-01,-1.19534449e-03,1.981027e+06,1.756423e+05
10.5900,-1.85251000e-02,1.932287e+06,2.180255e-01,-1.22069393e-03,1.932287e+06,1.163679e+05
10.5950,-1.87111000e-02,1.753357e+06,1.978362e-01,-1.23295022e-03,1.753357e+06,7.769156e+04
10.6000,-1.86943000e-02,7.404266e+06,8.354443e-01,-1.23184320e-03,7.404266e+06,-1.694800e+07
10.6050,-1.84746000e-02,1.281199e+06,1.445613e-01,-1.21736628e-03,1.281199e+06,-9.272677e+04
10.6100,-1.80812000e-02,8.334335e+05,9.403866e-02,-1.19144356e-03,8.334335e+05,-1.849149e+05
10.6150,-1.75501000e-02,2.861162e+05,3.228329e-02,-1.15644723e-03,2.861162e+05,-2.879904e+05
10.6200,-1.69559000e-02,-2.894293e+05,-3.265712e-02,-1.11729298e-03,-2.894293e+05,-3.633933e+05
10.6250,-1.63279000e-02,-8.807430e+05,-9.937672e-02,-1.07591151e-03,-8.807430e+05,-4.282891e+05
10.6300,-1.56993000e-02,-1.452511e+06,-1.638909e-01,-1.03449051e-03,-1.452511e+06,-4.537183e+05
10.6350,-1.50693000e-02,-1.986493e+06,-2.241416e-01,-9.92977258e-04,-1.986493e+06,-4.350911e+05
10.6400,-1.44302000e-02,-2.491156e+06,-2.810842e-01,-9.50864368e-04,-2.491156e+06,-3.717314e+05
10.6450,-1.37765000e-02,-1.129372e+08,-1.274302e+01,-9.07789426e-04,-1.129372e+08,2.049301e+08
10.6500,-1.31023000e-02,-3.386652e+06,-3.821255e-01,-8.63363655e-04,-3.386652e+06,-1.009671e+05
10.6550,-1.24078000e-02,-3.622179e+06,-4.087007e-01,-8.17600235e-04,-3.622179e+06,-7.190162e+04
10.6600,-1.17503000e-02,-3.768139e+06,-4.251697e-01,-7.74274895e-04,-3.768139e+06,2.414262e+04
10.6650,-1.20259000e-02,-3.821245e+06,-4.311619e-01,-7.92435296e-04,-3.821245e+06,1.400544e+05
10.6700,-1.21207000e-02,8.768471e+06,9.893714e-01,-7.98682052e-04,8.768471e+06,-3.625729e+07
10.6750,-1.19526000e-02,-3.686762e+06,-4.159877e-01,-7.87605262e-04,-3.686762e+06,2.757446e+05
10.6800,-1.15263000e-02,-3.504065e+06,-3.953735e-01,-7.59514627e-04,-3.504065e+06,2.917586e+05
10.6850,-1.09594000e-02,-3.247859e+06,-3.664651e-01,-7.22159288e-04,-3.247859e+06,2.762102e+05
10.6900,-1.03611000e-02,-2.958965e+06,-3.338684e-01,-6.82734876e-04,-2.958965e+06,2.614117e+05
10.6950,-9.73860000e-03,-2.661554e+06,-3.003107e-01,-6.41715828e-04,-2.661554e+06,2.582011e+05
10.7000,-9.06543000e-03,-2.367432e+06,-2.671240e-01,-5.97357928e-04,-2.367432e+06,2.516084e+05
10.7050,-8.55884000e-03,-2.092114e+06,-2.360591e-01,-5.63976659e-04,-2.092114e+06,2.312504e+05
10.7100,-9.06125000e-03,-1.867947e+06,-2.107658e-01,-5.97082491e-04,-1.867947e+06,1.807631e+05
10.7150,-9.62320000e-03,-1.702717e+06,-1.921223e-01,-6.34111654e-04,-1.702717e+06,1.113707e+05
10.7200,-1.01439000e-02,-1.555900e+06,-1.755566e-01,-6.68422688e-04,-1.555900e+06,4.490336e+04
10.7250,-1.06617000e-02,-1.378443e+06,-1.555336e-01,-7.02542628e-04,-1.378443e+06,-2.045655e+03
10.7300,-1.12442000e-02,-1.126624e+06,-1.271202e-01,-7.40925914e-04,-1.126624e+06,-1.297339e+04
10.7350,-1.19093000e-02,-8.394992e+05,-9.472307e-02,-7.84752049e-04,-8.394992e+05,-3.836802e+03
10.7400,-1.26448000e-02,-5.689116e+05,-6.419191e-02,-8.33217126e-04,-5.689116e+05,-2.594628e+03
10.7450,-1.34050000e-02,-3.253323e+05,-3.670816e-02,-8.83309785e-04,-3.253323e+05,-1.127837e+04
10.7500,-1.40889000e-02,6.041910e+08,6.817258e+01,-9.28374728e-04,6.041910e+08,-1.559818e+09
10.7550,-1.46560000e-02,2.887957e+07,3.258563e+00,-9.65743246e-04,2.887957e+07,-5.311478e+07
10.7600,-1.50500000e-02,3.730018e+07,4.208685e+00,-9.91705503e-04,3.730018e+07,-1.058639e+08
10.7650,-1.52507000e-02,2.107376e+07,2.377812e+00,-1.00493044e-03,2.107376e+07,-5.797493e+07
10.7700,-1.52125000e-02,1.346560e+06,1.519362e-01,-1.00241329e-03,1.346560e+06,-1.244598e+05
10.7750,-1.49220000e-02,1.414710e+06,1.596257e-01,-9.83271064e-04,1.414710e+06,-1.258843e+05
10.7800,-1.44068000e-02,1.437121e+06,1.621545e-01,-9.49322448e-04,1.437121e+06,-1.546667e+05
10.7850,-1.37283000e-02,1.402834e+06,1.582858e-01,-9.04613332e-04,1.402834e+06,-1.507213e+05
10.7900,-1.30016000e-02,1.342293e+06,1.514547e-01,-8.56728124e-04,1.342293e+06,-1.691245e+05
10.7950,-1.22522000e-02,1.272303e+06,1.435575e-01,-8.07347120e-04,1.272303e+06,-2.020767e+05
10.8000,-1.14831000e-02,1.231551e+06,1.389594e-01,-7.56668004e-04,1.231551e+06,-2.122220e+05
10.8050,-1.06597000e-02,1.232289e+06,1.390426e-01,-7.02410840e-04,1.232289e+06,-1.845196e+05
10.8100,-9.71647000e-03,1.255886e+06,1.417051e-01,-6.40257592e-04,1.255886e+06,-1.252951e+05
10.8150,-8.62980000e-03,1.279751e+06,1.443979e-01,-5.68652501e-04,1.279751e+06,-4.108562e+04
10.8200,-7.37570000e-03,1.264310e+06,1.426557e-01,-4.86014769e-04,1.264310e+06,4.484592e+04
10.8250,-5.95271000e-03,1.223524e+06,1.380537e-01,-3.92248190e-04,1.223524e+06,1.163425e+05
10.8300,-5.05414000e-03,1.206386e+06,1.361200e-01,-3.33037771e-04,1.206386e+06,1.685892e+05
10.8350,-4.85922000e-03,3.573645e+08,4.032245e+01,-3.20193702e-04,3.573645e+08,-9.275386e+08
10.8400,-4.28457000e-03,-2.094058e+08,-2.362785e+01,-2.82327684e-04,-2.094058e+08,3.933962e+08
10.8450,-3.39545000e-03,6.256232e+06,7.059083e-01,-2.23739963e-04,6.256232e+06,-8.724541e+06
10.8500,3.85403000e-03,7.847314e+06,8.854346e-01,2.53957658e-04,7.847314e+06,-1.141297e+07
10.8550,6.05607000e-03,-8.173131e+06,-9.221975e-01,3.99059000e-04,-8.173131e+06,1.870889e+07
10.8600,8.30021000e-03,1.849705e+06,2.087074e-01,5.46934480e-04,1.849705e+06,1.524470e+05
10.8650,1.05908000e-02,1.922375e+06,2.169070e-01,6.97870740e-04,1.922375e+06,1.180249e+05
10.8700,1.27681000e-02,1.993265e+06,2.249057e-01,8.41341862e-04,1.993265e+06,1.034506e+05
10.8750,1.47416000e-02,2.064100e+06,2.328983e-01,9.71383777e-04,2.064100e+06,9.154303e+04
10.8800,1.63235000e-02,2.125774e+06,2.398571e-01,1.07562158e-03,2.125774e+06,6.260742e+04
10.8850,1.75108000e-02,2.131731e+06,2.405293e-01,1.15385759e-03,2.131731e+06,3.266204e+04
10.8900,1.83685000e-02,2.028156e+06,2.288426e-01,1.21037492e-03,2.028156e+06,4.810857e+04
10.8950,1.89165000e-02,1.831594e+06,2.066640e-01,1.24648486e-03,1.831594e+06,9.669064e+04
10.9000,1.91595000e-02,8.811537e+06,9.942306e-01,1.26249711e-03,8.811537e+06,-1.868602e+07
10.9050,1.91048000e-02,1.439696e+06,1.624450e-01,1.25889271e-03,1.439696e+06,5.595106e+04
10.9100,1.88135000e-02,1.318237e+06,1.487404e-01,1.23969777e-03,1.318237e+06,3.193840e+03
10.9150,1.83449000e-02,1.228216e+06,1.385831e-01,1.20881982e-03,1.228216e+06,-8.939732e+04
10.9200,1.78052000e-02,1.038908e+07,1.172229e+00,1.17325680e-03,1.038908e+07,-1.744355e+07
10.9250,1.72261000e-02,3.699409e+06,4.174148e-01,1.13509755e-03,3.699409e+06,-5.262012e+06
10.9300,1.66310000e-02,8.346258e+05,9.417319e-02,1.09588400e-03,8.346258e+05,-3.126133e+05
10.9350,1.60060000e-02,6.019223e+05,6.791660e-02,1.05470022e-03,6.019223e+05,-3.649050e+05
10.9400,1.53199000e-02,3.270124e+05,3.689773e-02,1.00949031e-03,3.270124e+05,-3.646182e+05
10.9450,1.45602000e-02,1.186622e+07,1.338899e+00,9.59430595e-04,1.186622e+07,-3.119483e+07
10.9500,1.37065000e-02,-3.602608e+05,-4.064924e-02,9.03176842e-04,-3.602608e+05,-1.621133e+05
10.9550,1.27462000e-02,-7.502224e+05,-8.464972e-02,8.39898783e-04,-7.502224e+05,4.391511e+03
10.9600,1.16383000e-02,-1.088034e+06,-1.227660e-01,7.66894761e-04,-1.088034e+06,1.102083e+05
10.9650,1.03534000e-02,-1.364115e+06,-1.539170e-01,6.82227492e-04,-1.364115e+06,1.599981e+05
10.9700,8.84780000e-03,-9.918083e+07,-1.119085e+01,5.83017405e-04,-9.918083e+07,1.823048e+08
10.9750,7.11993000e-03,-1.750479e+06,-1.975115e-01,4.69161047e-04,-1.750479e+06,2.257269e+05
10.9800,5.19761000e-03,-1.833395e+06,-2.068672e-01,3.42491591e-04,-1.833395e+06,1.179688e+05
10.9850,3.11670000e-03,1.172419e+06,1.322873e-01,2.05371996e-04,1.172419e+06,-8.945458e+06
10.9900,-2.68600000e-03,-2.013872e+06,-2.272308e-01,-1.76991427e-04,-2.013872e+06,6.397164e+04
10.9950,-2.91219000e-03,-2.038332e+06,-2.299908e-01,-1.91896003e-04,-2.038332e+06,1.178201e+05
11.0000,-3.28498000e-03,-1.975769e+06,-2.229316e-01,-2.16460647e-04,-1.975769e+06,1.965450e+05
11.0050,-5.22723000e-03,-1.853290e+06,-2.091119e-01,-3.44443372e-04,-1.853290e+06,2.940411e+05
11.0100,-7.27858000e-03,-1.731136e+06,-1.953290e-01,-4.79615139e-04,-1.731136e+06,3.832634e+05
11.0150,-9.34182000e-03,-1.615901e+06,-1.823267e-01,-6.15570385e-04,-1.615901e+06,4.657330e+05
11.0200,-1.13052000e-02,-1.510747e+06,-1.704618e-01,-7.44945452e-04,-1.510747e+06,5.242899e+05
11.0250,-1.31885000e-02,-1.406218e+06,-1.586675e-01,-8.69043722e-04,-1.406218e+06,5.471809e+05
11.0300,-1.50474000e-02,-1.272723e+06,-1.436050e-01,-9.91534178e-04,-1.272723e+06,5.172653e+05
11.0350,-1.68950000e-02,-1.113094e+06,-1.255935e-01,-1.11328003e-03,-1.113094e+06,4.108356e+05
11.0400,-1.87300000e-02,-9.304429e+05,-1.049845e-01,-1.23419562e-03,-9.304429e+05,2.565221e+05
11.0450,-2.05379000e-02,-7.234422e+05,-8.162803e-02,-1.35332548e-03,-7.234422e+05,6.287704e+04
11.0500,-2.22817000e-02,2.719082e+07,3.068018e+00,-1.46823153e-03,2.719082e+07,-8.052398e+07
11.0550,-2.39410000e-02,-2.296395e+05,-2.591088e-02,-1.57756953e-03,-2.296395e+05,-2.739125e+05
11.0600,-2.54692000e-02,9.812054e+04,1.107122e-02,-1.67826882e-03,9.812054e+04,-3.461091e+05
11.0650,-2.68390000e-02,7.033364e+06,7.935944e-01,-1.76853050e-03,7.033364e+06,-1.931744e+07
11.0700,-2.80117000e-02,9.326313e+08,1.052314e+02,-1.84580445e-03,9.326313e+08,-2.341649e+09
11.0750,-2.89890000e-02,1.206780e+06,1.361644e-01,-1.91020271e-03,1.206780e+06,-9.360764e+05
11.0800,-2.97972000e-02,1.261140e+06,1.422980e-01,-1.96345829e-03,1.261140e+06,-6.225105e+05
11.0850,-3.04589000e-02,5.165295e+07,5.828148e+00,-2.00706038e-03,5.165295e+07,-1.317946e+08
11.0900,-3.10093000e-02,1.169527e+06,1.319611e-01,-2.04332847e-03,1.169527e+06,-5.545724e+05
11.0950,-3.14558000e-02,9.378817e+05,1.058238e-01,-2.07275016e-03,9.378817e+05,-4.639684e+05
11.1000,-3.17996000e-02,6.679689e+05,7.536882e-02,-2.09540454e-03,6.679689e+05,-3.560594e+05
11.1050,-3.20317000e-02,3.998728e+05,4.511878e-02,-2.11069855e-03,3.998728e+05,-2.353245e+05
11.1100,-3.21263000e-02,1.856079e+05,2.094266e-02,-2.11693213e-03,1.856079e+05,-1.346442e+05
11.1150,-3.20646000e-02,2.842644e+04,3.207436e-03,-2.11286646e-03,2.842644e+04,-6.970314e+04
11.1200,-3.18016000e-02,-9.967803e+04,-1.124695e-02,-2.09553633e-03,-9.967803e+04,-3.839540e+04
11.1250,-3.13109000e-02,-2.344864e+05,-2.645776e-02,-2.06320211e-03,-2.344864e+05,-1.989932e+04
11.1300,-3.05472000e-02,-4.369358e+05,-4.930070e-02,-2.01287883e-03,-4.369358e+05,2.321036e+04
11.1350,-2.94976000e-02,-6.846128e+05,-7.724680e-02,-1.94371643e-03,-6.846128e+05,7.651750e+04
11.1400,-2.81440000e-02,-9.441951e+05,-1.065362e-01,-1.85452224e-03,-9.441951e+05,1.235918e+05
11.1450,-2.64802000e-02,-1.204742e+06,-1.359344e-01,-1.74488771e-03,-1.204742e+06,1.633904e+05
11.1500,-2.44996000e-02,-5.018125e+07,-5.662092e+00,-1.61437795e-03,-5.018125e+07,9.114010e+07
11.1550,-2.22131000e-02,-1.667705e+06,-1.881719e-01,-1.46371120e-03,-1.667705e+06,2.571787e+05
11.1600,-1.99091000e-02,-1.843463e+06,-2.080032e-01,-1.31189130e-03,-1.843463e+06,2.490163e+05
11.1650,-1.79974000e-02,-1.990194e+06,-2.245592e-01,-1.18592164e-03,-1.990194e+06,2.588230e+05
11.1700,-1.59048000e-02,-2.056421e+06,-2.320318e-01,-1.04803174e-03,-2.056421e+06,2.768743e+05
11.1750,-1.35288000e-02,1.595860e+06,1.800654e-01,-8.91467469e-04,1.595860e+06,-1.028363e+07
11.1800,-1.09429000e-02,-1.977768e+06,-2.231572e-01,-7.21072036e-04,-1.977768e+06,3.011535e+05
11.1850,-8.30192000e-03,-1.875705e+06,-2.116411e-01,-5.47047159e-04,-1.875705e+06,2.943193e+05
11.1900,-5.74136000e-03,-1.792620e+06,-2.022664e-01,-3.78321482e-04,-1.792620e+06,2.670674e+05
11.1950,-3.98347000e-03,-1.743294e+06,-1.967008e-01,-2.62486985e-04,-1.743294e+06,2.209087e+05
11.2000,-2.28519000e-03,-1.727458e+06,-1.949140e-01,-1.50580432e-04,-1.727458e+06,1.559047e+05
11.2050,-1.43471000e-03,-1.721179e+06,-1.942055e-01,-9.45388573e-05,-1.721179e+06,6.854740e+04
11.2100,1.68162000e-03,-1.678224e+06,-1.893587e-01,1.10808758e-04,-1.678224e+06,-3.829840e+04
11.2150,2.24326000e-03,-1.585039e+06,-1.788445e-01,1.47817494e-04,-1.585039e+06,-1.427844e+05
11.2200,2.41262000e-03,-1.407810e+06,-1.588472e-01,1.58977311e-04,-1.407810e+06,-2.271249e+05
11.2250,2.28905000e-03,-1.133556e+06,-1.279023e-01,1.50834783e-04,-1.133556e+06,-2.924460e+05
11.2300,2.16778000e-03,-7.760535e+05,-8.756431e-02,1.42843811e-04,-7.760535e+05,-3.263713e+05
11.2350,2.11928000e-03,-3.364417e+05,-3.796167e-02,1.39647949e-04,-3.364417e+05,-3.109851e+05
11.2400,2.08906000e-03,1.463255e+05,1.651032e-02,1.37656631e-04,1.463255e+05,-2.201531e+05
11.2450,2.00248000e-03,1.124805e+07,1.269149e+00,1.31951524e-04,1.124805e+07,-3.108116e+07
11.2500,2.12540000e-03,8.628786e+07,9.736103e+00,1.40051221e-04,8.628786e+07,-2.163490e+08
11.2550,2.44496000e-03,2.684743e+07,3.029272e+00,1.61108325e-04,2.684743e+07,-4.774455e+07
11.2600,2.72650000e-03,1.701237e+06,1.919554e-01,1.79660136e-04,1.701237e+06,-1.648120e+05
11.2650,3.00436000e-03,1.077376e+07,1.215633e+00,1.97969458e-04,1.077376e+07,-2.291441e+07
11.2700,3.29615000e-03,2.353912e+06,2.655986e-01,2.17196684e-04,2.353912e+06,-1.243234e+05
11.2750,3.55793000e-03,2.648269e+06,2.988117e-01,2.34446429e-04,2.648269e+06,-8.711651e+04
11.2800,3.71678000e-03,2.891437e+06,3.262490e-01,2.44913700e-04,2.891437e+06,-4.605061e+04
11.2850,3.94392000e-03,4.457056e+06,5.029022e-01,2.59880875e-04,4.457056e+06,-4.050397e+06
11.2900,4.00014000e-03,3.164141e+06,3.570189e-01,2.63585438e-04,3.164141e+06,4.759209e+03
11.2950,4.31046000e-03,3.196591e+06,3.606804e-01,2.84033681e-04,3.196591e+06,2.703407e+04
11.3000,4.89733000e-03,3.200239e+06,3.610920e-01,3.22704924e-04,3.200239e+06,7.754621e+04
11.3050,5.65314000e-03,3.184956e+06,3.593676e-01,3.72508309e-04,3.184956e+06,1.495131e+05
11.3100,6.63111000e-03,3.158147e+06,3.563426e-01,4.36950716e-04,3.158147e+06,2.185339e+05
11.3150,7.79416000e-03,3.108203e+06,3.507074e-01,5.13588795e-04,3.108203e+06,2.741021e+05
11.3200,9.08815000e-03,3.011985e+06,3.398508e-01,5.98855041e-04,3.011985e+06,3.004110e+05
11.3250,1.04898000e-02,2.861869e+06,3.229128e-01,6.91215441e-04,2.861869e+06,3.017278e+05
11.3300,1.18954000e-02,2.652717e+06,2.993136e-01,7.83836122e-04,2.652717e+06,2.880874e+05
11.3350,1.32310000e-02,2.394478e+06,2.701757e-01,8.71844220e-04,2.394478e+06,2.711036e+05
11.3400,1.44141000e-02,2.106238e+06,2.376528e-01,9.49803474e-04,2.106238e+06,2.417393e+05
11.3450,1.54487000e-02,4.891110e+06,5.518778e-01,1.01797746e-03,4.891110e+06,-5.565569e+06
11.3500,1.63247000e-02,2.104154e+06,2.374176e-01,1.07570065e-03,2.104154e+06,-9.130275e+05
11.3550,1.70101000e-02,-4.050334e+08,-4.570107e+01,1.12086444e-03,-4.050334e+08,7.582569e+08
11.3600,1.74426000e-02,1.029160e+06,1.161231e-01,1.14936361e-03,1.029160e+06,1.100959e+05
11.3650,1.76071000e-02,8.966840e+05,1.011754e-01,1.16020319e-03,8.966840e+05,-1.875263e+04
11.3700,1.75131000e-02,-1.154505e+07,-1.302661e+00,1.15400915e-03,-1.154505e+07,2.277384e+07
11.3750,1.71943000e-02,4.086625e+05,4.611054e-02,1.13300212e-03,4.086625e+05,-8.938032e+04
11.3800,1.67267000e-02,-2.042111e+07,-2.304171e+00,1.10219006e-03,-2.042111e+07,3.843714e+07
11.3850,1.61431000e-02,9.137186e+04,1.030974e-02,1.06373429e-03,9.137186e+04,-1.383883e+05
11.3900,1.54723000e-02,-1.633752e+06,-1.843408e-01,1.01953256e-03,-1.633752e+06,2.747923e+06
11.3950,1.46994000e-02,-1.824973e+05,-2.059168e-02,9.68603048e-04,-1.824973e+05,-2.373067e+05
11.4000,1.37754000e-02,-3.185469e+05,-3.594255e-02,9.07716942e-04,-3.185469e+05,-2.595913e+05
11.4050,1.26704000e-02,-5.007429e+05,-5.650023e-02,8.34904013e-04,-5.007429e+05,-2.382035e+05
11.4100,1.13459000e-02,-6.320764e+07,-7.131896e+00,7.47627340e-04,-6.320764e+07,1.164672e+08
11.4150,9.80307000e-03,3.388619e+06,3.823475e-01,6.45964017e-04,3.388619e+06,-1.246043e+07
11.4200,8.06679000e-03,-1.002072e+06,-1.130666e-01,5.31553490e-04,-1.002072e+06,-3.120856e+04
11.4250,6.16012000e-03,-1.115683e+06,-1.258856e-01,4.05915276e-04,-1.115683e+06,1.244139e+04
11.4300,4.11686000e-03,-1.233701e+06,-1.392020e-01,2.71276592e-04,-1.233701e+06,4.029498e+04
11.4350,1.94464000e-03,-1.362502e+06,-1.537350e-01,1.28140212e-04,-1.362502e+06,6.098683e+04
11.4400,-1.85793000e-03,-1.504636e+06,-1.697723e-01,-1.22426539e-04,-1.504636e+06,7.492116e+04
11.4450,-2.67495000e-03,-1.650931e+06,-1.862792e-01,-1.76263298e-04,-1.650931e+06,6.915820e+04
11.4500,-4.88147000e-03,-1.762912e+06,-1.989144e-01,-3.21659845e-04,-1.762912e+06,3.288465e+04
11.4550,-6.99320000e-03,-1.803209e+06,-2.034612e-01,-4.60810294e-04,-1.803209e+06,-1.616885e+04
11.4600,-9.04699000e-03,-1.765113e+06,-1.991627e-01,-5.96142842e-04,-1.765113e+06,-4.098467e+04
11.4650,-1.10279000e-02,-1.685062e+06,-1.901303e-01,-7.26673031e-04,-1.685062e+06,-2.136559e+04
11.4700,-1.29354000e-02,-2.465575e+06,-2.781978e-01,-8.52365937e-04,-2.465575e+06,1.650870e+06
11.4750,-1.47690000e-02,2.953443e+05,3.332453e-02,-9.73189274e-04,2.953443e+05,-3.229289e+06
11.4800,-1.64804000e-02,-1.364287e+06,-1.539364e-01,-1.08596036e-03,-1.364287e+06,2.546959e+05
11.4850,-1.80260000e-02,-1.136444e+06,-1.282281e-01,-1.18780621e-03,-1.136444e+06,3.265855e+05
11.4900,-1.93532000e-02,-8.956747e+05,-1.010615e-01,-1.27526079e-03,-8.956747e+05,3.296549e+05
11.4950,-2.04763000e-02,8.688638e+06,9.803636e-01,-1.34926640e-03,8.688638e+06,-2.701568e+07
11.5000,-2.14760000e-02,-9.105164e+07,-1.027361e+01,-1.41514069e-03,-9.105164e+07,1.689643e+08
11.5050,-2.23952000e-02,1.214885e+07,1.370789e+00,-1.47571050e-03,1.214885e+07,-3.673549e+07
11.5100,-2.32520000e-02,-4.473594e+05,-5.047683e-02,-1.53216853e-03,-4.473594e+05,5.184720e+04
11.5150,-2.40103000e-02,5.113681e+07,5.769911e+00,-1.58213599e-03,5.113681e+07,-1.495177e+08
11.5200,-2.46277000e-02,-1.905132e+05,-2.149614e-02,-1.62281898e-03,-1.905132e+05,-1.050427e+05
11.5250,-2.51167000e-02,-7.734243e+04,-8.726765e-03,-1.65504117e-03,-7.734243e+04,-1.556101e+05
11.5300,-2.55003000e-02,-1.145868e+04,-1.292915e-03,-1.68031813e-03,-1.145868e+04,-2.419005e+05
11.5350,-2.57821000e-02,3.148824e+04,3.552907e-03,-1.69888707e-03,3.148824e+04,-3.054451e+05
11.5400,-2.59768000e-02,4.675819e+04,5.275858e-03,-1.71171664e-03,4.675819e+04,-3.417395e+05
11.5450,-2.61133000e-02,-3.205863e+01,-3.617266e-06,-1.72071118e-03,-3.205863e+01,-3.495322e+05
11.5500,-2.62620000e-02,1.161593e+08,1.310658e+01,-1.73050963e-03,1.161593e+08,-3.031340e+08
11.5550,-2.64427000e-02,-1.093883e+05,-1.234259e-02,-1.74241668e-03,-1.093883e+05,-4.176936e+05
11.5600,-2.66331000e-02,-2.394798e+05,-2.702119e-02,-1.75496291e-03,-2.394798e+05,-3.049609e+05
11.5650,-2.67837000e-02,-3.815831e+05,-4.305510e-02,-1.76488656e-03,-3.815831e+05,-2.354325e+05
11.5700,-2.68012000e-02,-5.388404e+05,-6.079889e-02,-1.76603970e-03,-5.388404e+05,-1.630573e+05
11.5750,-2.66509000e-02,-2.285130e+07,-2.578377e+00,-1.75613583e-03,-2.285130e+07,4.123535e+07
11.5800,-2.62780000e-02,-8.862287e+05,-9.999569e-02,-1.73156393e-03,-8.862287e+05,3.307921e+03
11.5850,-2.56651000e-02,9.012475e+05,1.016903e-01,-1.69117747e-03,9.012475e+05,-5.513703e+06
11.5900,-2.47969000e-02,-1.074976e+06,-1.212926e-01,-1.63396825e-03,-1.074976e+06,5.849431e+04
11.5950,-2.36837000e-02,-1.104349e+06,-1.246068e-01,-1.56061499e-03,-1.104349e+06,9.442570e+04
11.6000,-2.23625000e-02,-1.131570e+06,-1.276783e-01,-1.47355577e-03,-1.131570e+06,1.165340e+05
11.6050,-2.08570000e-02,-1.186371e+06,-1.338616e-01,-1.37435227e-03,-1.186371e+06,1.048720e+05
11.6100,-1.92123000e-02,-1.302668e+06,-1.469838e-01,-1.26597632e-03,-1.302668e+06,8.266907e+04
11.6150,-1.74515000e-02,-1.466858e+06,-1.655097e-01,-1.14995007e-03,-1.466858e+06,5.133928e+04
11.6200,-1.56175000e-02,-1.612124e+06,-1.819005e-01,-1.02910038e-03,-1.612124e+06,1.887927e+04
11.6250,-1.37207000e-02,-1.718100e+06,-1.938581e-01,-9.04112538e-04,-1.718100e+06,-4.407657e+02
11.6300,-1.18411000e-02,-1.765306e+06,-1.991845e-01,-7.80258075e-04,-1.765306e+06,5.942664e+03
11.6350,-1.00858000e-02,-1.749427e+06,-1.973928e-01,-6.64594243e-04,-1.749427e+06,3.477223e+04
11.6400,-8.59161000e-03,-1.658521e+06,-1.871356e-01,-5.66136008e-04,-1.658521e+06,6.540924e+04
11.6450,-7.38819000e-03,-1.499039e+06,-1.691409e-01,-4.86837786e-04,-1.499039e+06,8.798739e+04
11.6500,-6.39109000e-03,-1.310304e+06,-1.478453e-01,-4.21134825e-04,-1.310304e+06,1.011320e+05
11.6550,-5.50093000e-03,-1.104775e+06,-1.246549e-01,-3.62478575e-04,-1.104775e+06,1.108937e+05
11.6600,-4.68036000e-03,-8.995604e+05,-1.014999e-01,-3.08407891e-04,-8.995604e+05,1.240318e+05
11.6650,-3.96951000e-03,-6.785475e+05,-7.656244e-02,-2.61567104e-04,-6.785475e+05,1.249823e+05
11.6700,-3.38320000e-03,-4.382354e+05,-4.944734e-02,-2.22932761e-04,-4.382354e+05,7.612125e+04
11.6750,-2.91353000e-03,3.039191e+06,3.429205e-01,-1.91984301e-04,3.039191e+06,-9.395177e+06
11.6800,-2.53516000e-03,3.339380e+05,3.767917e-02,-1.67051968e-04,3.339380e+05,-9.634994e+05
11.6850,-2.20561000e-03,2.975655e+08,3.357516e+01,-1.45336583e-04,2.975655e+08,-7.746346e+08
11.6900,-1.78094000e-03,4.024755e+07,4.541245e+00,-1.17353355e-04,4.024755e+07,-7.434126e+07
11.6950,1.68146000e-03,8.363823e+05,9.437138e-02,1.10798215e-04,8.363823e+05,-2.283133e+05
11.7000,1.91758000e-03,1.141062e+06,1.287492e-01,1.26357119e-04,1.141062e+06,-1.807074e+05
11.7050,2.23665000e-03,1.465808e+06,1.653912e-01,1.47381934e-04,1.465808e+06,-1.113870e+05
11.7100,2.56583000e-03,1.798513e+06,2.029313e-01,1.69072939e-04,1.798513e+06,-5.413326e+04
11.7150,2.84768000e-03,2.099990e+06,2.369478e-01,1.87645178e-04,2.099990e+06,-3.530846e+03
11.7200,2.95071000e-03,2.293451e+06,2.587765e-01,1.94434242e-04,2.293451e+06,3.856990e+04
11.7250,3.41713000e-03,1.206358e+07,1.361168e+00,2.25168546e-04,1.206358e+07,-2.517259e+07
11.7300,4.33128000e-03,2.368425e+06,2.672361e-01,2.85405595e-04,2.368425e+06,7.408303e+04
11.7350,5.24622000e-03,2.289140e+06,2.582901e-01,3.45694700e-04,2.289140e+06,7.208600e+04
11.7400,6.19211000e-03,2.171059e+06,2.449667e-01,4.08023227e-04,2.171059e+06,7.176910e+04
11.7450,7.21417000e-03,2.799150e+06,3.158360e-01,4.75370903e-04,2.799150e+06,-2.158128e+06
11.7500,8.35692000e-03,1.870675e+06,2.110735e-01,5.50671332e-04,1.870675e+06,1.288114e+05
11.7550,9.58799000e-03,1.707576e+06,1.926707e-01,6.31791524e-04,1.707576e+06,1.719728e+05
11.7600,1.08274000e-02,1.529508e+06,1.725787e-01,7.13461273e-04,1.529508e+06,2.045533e+05
11.7650,1.20089000e-02,1.322917e+06,1.492684e-01,7.91315097e-04,1.322917e+06,2.281283e+05
11.7700,1.30156000e-02,1.081336e+06,1.220101e-01,8.57650641e-04,1.081336e+06,2.338691e+05
11.7750,1.38275000e-02,8.235811e+05,9.292699e-02,9.11150022e-04,8.235811e+05,2.151626e+05
11.7800,1.44632000e-02,5.843726e+05,6.593641e-02,9.53038872e-04,5.843726e+05,1.677211e+05
11.7850,1.49469000e-02,3.809688e+05,4.298579e-02,9.84911826e-04,3.809688e+05,1.048353e+05
11.7900,1.52913000e-02,2.456360e+05,2.771580e-02,1.00760574e-03,2.456360e+05,4.750439e+04
11.7950,1.54875000e-02,1.522391e+05,1.717756e-02,1.02053415e-03,1.522391e+05,6.347553e+02
11.8000,1.55140000e-02,-3.297989e+08,-3.721214e+01,1.02228034e-03,-3.297989e+08,6.155871e+08
11.8050,1.53497000e-02,9.616338e+04,1.085039e-02,1.01145395e-03,9.616338e+04,9.695219e+03
11.8100,1.49425000e-02,1.217681e+05,1.373944e-02,9.84621892e-04,1.217681e+05,-1.291390e+05
11.8150,1.42716000e-02,-9.071299e+07,-1.023540e+01,9.40413571e-04,-9.071299e+07,1.692357e+08
11.8200,1.33302000e-02,1.333597e+04,1.504735e-03,8.78380910e-04,1.333597e+04,-2.155067e+05
11.8250,1.21421000e-02,-1.036906e+05,-1.169970e-02,8.00092185e-04,-1.036906e+05,-2.079298e+05
11.8300,1.07708000e-02,-1.253950e+06,-1.414867e-01,7.09731670e-04,-1.253950e+06,1.732010e+06
11.8350,9.25375000e-03,-3.293402e+05,-3.716039e-02,6.09767096e-04,-3.293402e+05,-1.554417e+05
11.8400,7.65561000e-03,-3.942506e+05,-4.448441e-02,5.04459174e-04,-3.942506e+05,-1.220890e+05
11.8450,5.99835000e-03,-4.306602e+05,-4.859261e-02,3.95255595e-04,-4.306602e+05,-8.156358e+04
11.8500,4.31808000e-03,-4.431073e+05,-4.999705e-02,2.84535794e-04,-4.431073e+05,-2.825378e+04
11.8550,2.62945000e-03,-4.243367e+05,-4.787911e-02,1.73265119e-04,-4.243367e+05,2.362626e+04
11.8600,9.66080000e-04,-3.824318e+05,-4.315087e-02,6.36589270e-05,-3.824318e+05,6.721813e+04
11.8650,-6.56510000e-04,-3.332827e+05,-3.760523e-02,-4.32601050e-05,-3.332827e+05,8.957600e+04
11.8700,-2.00825000e-03,1.131804e+06,1.277046e-01,-1.32331733e-04,1.131804e+06,-3.653742e+06
11.8750,-3.28621000e-03,-2.897622e+05,-3.269469e-02,-2.16541697e-04,-2.897622e+05,7.543666e+04
11.8800,-4.55941000e-03,-3.930659e+06,-4.435074e-01,-3.00438006e-04,-3.930659e+06,6.952991e+06
11.8850,-5.86090000e-03,-9.645721e+04,-1.088354e-02,-3.86198457e-04,-9.645721e+04,-8.047367e+02
11.8900,-7.14299000e-03,7.837541e+04,8.843319e-03,-4.70680564e-04,7.837541e+04,-1.278266e+03
11.8950,-8.35996000e-03,2.516711e+05,2.839676e-02,-5.50871650e-04,2.516711e+05,4.846406e+04
11.9000,-9.47031000e-03,3.193918e+07,3.603788e+00,-6.24037112e-04,3.193918e+07,-5.879745e+07
11.9050,-1.04686000e-02,4.305071e+05,4.857534e-02,-6.89818487e-04,4.305071e+05,1.849624e+05
11.9100,-1.13338000e-02,3.093400e+07,3.490371e+00,-7.46830022e-04,3.093400e+07,-8.833639e+07
11.9150,-1.20428000e-02,4.177078e+05,4.713115e-02,-7.93548905e-04,4.177078e+05,3.366743e+05
11.9200,-1.25505000e-02,3.363894e+06,3.795576e-01,-8.27003316e-04,3.363894e+06,-8.162679e+06
11.9250,-1.28586000e-02,4.991288e+05,5.631812e-02,-8.47305274e-04,4.991288e+05,2.652065e+05
11.9300,-1.30170000e-02,2.041802e+07,2.303822e+00,-8.57742892e-04,2.041802e+07,-5.749848e+07
11.9350,-1.30658000e-02,2.614735e+06,2.950279e-01,-8.60958522e-04,2.614735e+06,-3.739790e+06
11.9400,-1.30485000e-02,7.521108e+06,8.486279e-01,-8.59818555e-04,7.521108e+06,-1.307935e+07
11.9450,-1.29612000e-02,5.304870e+05,5.985634e-02,-8.54066004e-04,5.304870e+05,-3.295611e+05
11.9500,-1.27990000e-02,3.916365e+05,4.418946e-02,-8.43377989e-04,3.916365e+05,-3.933037e+05
11.9550,-1.25659000e-02,8.974220e+07,1.012587e+01,-8.28018085e-04,8.974220e+07,-2.335919e+08
11.9600,-1.22713000e-02,9.480724e+04,1.069737e-02,-8.08605697e-04,9.480724e+04,-4.326431e+05
11.9650,-1.19230000e-02,-8.594883e+04,-9.697850e-03,-7.85654798e-04,-8.594883e+04,-3.213881e+05
11.9700,-1.15508000e-02,2.422918e+07,2.733847e+00,-7.61129031e-04,2.422918e+07,-6.403935e+07
11.9750,-1.11748000e-02,-4.156145e+05,-4.689496e-02,-7.36352867e-04,-4.156145e+05,-2.345405e+05
11.9800,-1.08169000e-02,-5.771981e+05,-6.512690e-02,-7.12769385e-04,-5.771981e+05,-1.877601e+05
11.9850,-1.04706000e-02,-2.541808e+08,-2.867994e+01,-6.89950275e-04,-2.541808e+08,4.678134e+08
11.9900,-1.01057000e-02,-8.704808e+05,-9.821881e-02,-6.65905535e-04,-8.704808e+05,7.026318e+03
11.9950,-9.70081000e-03,-8.997206e+05,-1.015180e-01,-6.39225691e-04,-8.997206e+05,-1.240382e+03
12.0000,-9.22780000e-03,-5.702383e+07,-6.434160e+00,-6.08057145e-04,-5.702383e+07,1.047354e+08
12.0050,-8.69796000e-03,-8.968277e+05,-1.011916e-01,-5.73143840e-04,-8.968277e+05,5.495611e+04
12.0100,-8.44635000e-03,-2.158023e+06,-2.434958e-01,-5.56564237e-04,-2.158023e+06,2.443609e+06
12.0150,-8.20848000e-03,-8.781156e+05,-9.908026e-02,-5.40890019e-04,-8.781156e+05,7.006025e+04
12.0200,-7.75789000e-03,-8.936383e+05,-1.008317e-01,-5.11198817e-04,-8.936383e+05,7.790310e+04
12.0250,-7.09007000e-03,-9.226986e+05,-1.041107e-01,-4.67193451e-04,-9.226986e+05,7.990650e+04
12.0300,-6.21383000e-03,-9.706773e+05,-1.095243e-01,-4.09454445e-04,-9.706773e+05,8.061991e+04
12.0350,-5.16977000e-03,-1.034291e+06,-1.167020e-01,-3.40657100e-04,-1.034291e+06,8.812681e+04
12.0400,-4.05932000e-03,-1.097312e+06,-1.238128e-01,-2.67485049e-04,-1.097312e+06,1.108674e+05
12.0450,-2.92552000e-03,-1.149249e+06,-1.296730e-01,-1.92774371e-04,-1.149249e+06,1.409599e+05
12.0500,-1.76565000e-03,-1.165249e+06,-1.314783e-01,-1.16345835e-04,-1.165249e+06,1.533713e+05
12.0550,-1.27974000e-03,-1.132925e+06,-1.278311e-01,-8.43272558e-05,-1.132925e+06,1.475162e+05
12.0600,-1.03368000e-03,-1.045601e+06,-1.179782e-01,-6.81133650e-05,-1.045601e+06,1.266140e+05
12.0650,-7.86072000e-04,-9.242298e+05,-1.042835e-01,-5.17974703e-05,-9.242298e+05,1.048188e+05
12.0700,-5.49138000e-04,-8.183020e+05,-9.233132e-02,-3.61849287e-05,-8.183020e+05,1.010135e+05
12.0750,-5.61162000e-04,-7.328037e+05,-8.268432e-02,-3.69772388e-05,-7.328037e+05,1.059012e+05
12.0800,-5.34145000e-04,1.360409e+05,1.534987e-02,-3.51969791e-05,1.360409e+05,-1.940628e+06
12.0850,-7.54006000e-04,5.670285e+07,6.397942e+00,-4.96845116e-05,5.670285e+07,-1.490475e+08
12.0900,-9.92870000e-04,1.524134e+06,1.719724e-01,-6.54242287e-05,1.524134e+06,-3.585519e+06
12.0950,-1.20135000e-03,7.019650e+07,7.920469e+00,-7.91618210e-05,7.019650e+07,-1.811702e+08
12.1000,-1.35406000e-03,-1.351032e+05,-1.524408e-02,-8.92245019e-05,-1.351032e+05,-1.221809e+05
12.1050,-1.44558000e-03,-6.893648e+04,-7.778298e-03,-9.52551256e-05,-6.893648e+04,-1.216116e+05
12.1100,-1.46605000e-03,-3.290260e+04,-3.712494e-03,-9.66039769e-05,-3.290260e+04,-1.334249e+05
12.1150,-1.41103000e-03,-3.588754e+04,-4.049293e-03,-9.29784861e-05,-3.588754e+04,-1.027780e+05
12.1200,-1.29222000e-03,-6.221288e+04,-7.019656e-03,-8.51496136e-05,-6.221288e+04,-5.746526e+04
12.1250,-1.13632000e-03,-1.106491e+05,-1.248485e-02,-7.48767307e-05,-1.106491e+05,-3.488576e+04
12.1300,-9.98435000e-04,-2.170802e+05,-2.449378e-02,-6.57909291e-05,-2.170802e+05,-3.327302e+04
12.1350,-9.07716000e-04,-3.739225e+05,-4.219073e-02,-5.98130865e-05,-3.739225e+05,-4.117001e+04
12.1400,-9.05524000e-04,-5.214105e+07,-5.883222e+00,-5.96686467e-05,-5.214105e+07,9.621371e+07
12.1450,-9.97702000e-04,-7.692447e+05,-8.679605e-02,-6.57426288e-05,-7.692447e+05,9.838925e+03
12.1500,-1.17095000e-03,1.649010e+08,1.860624e+01,-7.71586417e-05,1.649010e+08,-4.319966e+08
12.1550,-1.39762000e-03,-1.052584e+06,-1.187660e-01,-9.20948468e-05,-1.052584e+06,-6.683782e+04
12.1600,-1.60348000e-03,-1.222430e+06,-1.379302e-01,-1.05659797e-04,-1.222430e+06,2.229690e+04
12.1650,-1.77823000e-03,-1.356174e+06,-1.530209e-01,-1.17174782e-04,-1.356174e+06,6.038032e+04
12.1700,-2.31706000e-03,-1.464376e+06,-1.652297e-01,-1.52680475e-04,-1.464376e+06,8.341262e+04
12.1750,-2.95710000e-03,-1.546709e+06,-1.745195e-01,-1.94855305e-04,-1.546709e+06,9.727721e+04
12.1800,-3.44589000e-03,-1.613488e+06,-1.820544e-01,-2.27063659e-04,-1.613488e+06,1.173932e+05
12.1850,-3.68456000e-03,-1.668378e+06,-1.882478e-01,-2.42790593e-04,-1.668378e+06,1.493248e+05
12.1900,-3.68126000e-03,-1.721640e+06,-1.942575e-01,-2.42573143e-04,-1.721640e+06,1.703231e+05
12.1950,-3.51995000e-03,-1.786871e+06,-2.016177e-01,-2.31943773e-04,-1.786871e+06,1.765362e+05
12.2000,-3.31656000e-03,-1.880415e+06,-2.121725e-01,-2.18541582e-04,-1.880415e+06,1.567743e+05
12.2050,-3.09800000e-03,-2.000781e+06,-2.257538e-01,-2.04139777e-04,-2.000781e+06,1.100266e+05
12.2100,-3.33209000e-03,-2.134930e+06,-2.408902e-01,-2.19564916e-04,-2.134930e+06,5.129757e+04
12.2150,-4.01623000e-03,-2.262261e+06,-2.552573e-01,-2.64645674e-04,-2.262261e+06,-1.022231e+04
12.2200,-4.80183000e-03,-2.344159e+06,-2.644980e-01,-3.16412042e-04,-2.344159e+06,-6.091717e+04
12.2250,-5.64699000e-03,-2.373165e+06,-2.677709e-01,-3.72103060e-04,-2.373165e+06,-9.365045e+04
12.2300,-6.51664000e-03,-2.339129e+06,-2.639305e-01,-4.29407824e-04,-2.339129e+06,-9.907513e+04
12.2350,-7.41158000e-03,-2.246197e+06,-2.534448e-01,-4.88379048e-04,-2.246197e+06,-8.348113e+04
12.2400,-8.31978000e-03,-2.113256e+06,-2.384446e-01,-5.48224027e-04,-2.113256e+06,-6.718335e+04
12.2450,-9.22050000e-03,-1.953160e+06,-2.203805e-01,-6.07576119e-04,-1.953160e+06,-5.666455e+04
12.2500,-1.00784000e-02,-1.784458e+06,-2.013454e-01,-6.64106627e-04,-1.784458e+06,-5.179257e+04
12.2550,-1.08894000e-02,-1.600958e+06,-1.806407e-01,-7.17546704e-04,-1.600958e+06,-4.904320e+04
12.2600,-1.16594000e-02,-1.380806e+06,-1.558003e-01,-7.68285125e-04,-1.380806e+06,-4.643127e+04
12.2650,-1.23927000e-02,-1.105012e+06,-1.246817e-01,-8.16605235e-04,-1.105012e+06,-4.327072e+04
12.2700,-1.30860000e-02,-7.656316e+05,-8.638838e-02,-8.62289582e-04,-7.656316e+05,-3.303894e+04
12.2750,-1.37342000e-02,3.894434e+07,4.394201e+00,-9.05002107e-04,3.894434e+07,-1.024252e+08
12.2800,-1.43338000e-02,4.050872e+04,4.570713e-03,-9.44512182e-04,4.050872e+04,-1.251061e+04
12.2850,-1.48844000e-02,1.124435e+08,1.268732e+01,-9.80793447e-04,1.124435e+08,-2.618841e+08
12.2900,-1.53727000e-02,8.974325e+05,1.012598e-01,-1.01296951e-03,8.974325e+05,-2.823053e+04
12.2950,-1.57813000e-02,1.352632e+06,1.526213e-01,-1.03989382e-03,1.352632e+06,-6.831767e+03
12.3000,-1.60726000e-02,3.103232e+06,3.501465e-01,-1.05908876e-03,3.103232e+06,-3.355706e+06
12.3050,-1.62314000e-02,2.297313e+06,2.592123e-01,-1.06955274e-03,2.297313e+06,-1.012165e+05
12.3100,-1.62372000e-02,2.667585e+06,3.009912e-01,-1.06993492e-03,2.667585e+06,-1.083097e+05
12.3150,-1.60847000e-02,2.970763e+06,3.351996e-01,-1.05988608e-03,2.970763e+06,-1.052258e+05
12.3200,-1.57592000e-02,3.270988e+06,3.690748e-01,-1.03843757e-03,3.270988e+06,-1.032416e+05
12.3250,-1.52477000e-02,3.601320e+06,4.063471e-01,-1.00473276e-03,3.601320e+06,-1.024724e+05
12.3300,-1.45161000e-02,3.976774e+06,4.487107e-01,-9.56524668e-04,3.976774e+06,-9.842100e+04
12.3350,-1.35435000e-02,4.382952e+06,4.945408e-01,-8.92436111e-04,4.382952e+06,-9.178412e+04
12.3400,-1.22916000e-02,4.796956e+06,5.412541e-01,-8.09943346e-04,4.796956e+06,-8.199882e+04
12.3450,-1.07457000e-02,5.187832e+06,5.853578e-01,-7.08077729e-04,5.187832e+06,-6.509354e+04
12.3500,-8.88437000e-03,5.489901e+06,6.194411e-01,-5.85427151e-04,5.489901e+06,-5.059587e+04
12.3550,-6.70115000e-03,5.677759e+06,6.406376e-01,-4.41565935e-04,5.677759e+06,-4.152662e+04
12.3600,4.61270000e-03,5.727204e+06,6.462166e-01,3.03949500e-04,5.727204e+06,-4.676891e+04
12.3650,5.14126000e-03,5.657363e+06,6.383362e-01,3.38778461e-04,5.657363e+06,-6.698490e+04
12.3700,5.67369000e-03,5.518706e+06,6.226912e-01,3.73862431e-04,5.518706e+06,-9.566970e+04
12.3750,6.30083000e-03,5.335883e+06,6.020628e-01,4.15187228e-04,5.335883e+06,-1.258991e+05
12.3800,9.76443000e-03,5.124272e+06,5.781861e-01,6.43417871e-04,5.124272e+06,-1.460750e+05
12.3850,1.41264000e-02,4.882093e+06,5.508603e-01,9.30845755e-04,4.882093e+06,-1.486331e+05
12.3900,1.82187000e-02,4.621626e+06,5.214711e-01,1.20050399e-03,4.621626e+06,-1.207384e+05
12.3950,2.19020000e-02,4.357487e+06,4.916676e-01,1.44321156e-03,4.357487e+06,-5.954292e+04
12.4000,2.51690000e-02,4.111513e+06,4.639136e-01,1.65848743e-03,4.111513e+06,3.132776e+04
12.4050,2.80975000e-02,3.869611e+06,4.366192e-01,1.85145816e-03,3.869611e+06,1.501229e+05
12.4100,3.06980000e-02,3.590779e+06,4.051578e-01,2.02281565e-03,3.590779e+06,2.814955e+05
12.4150,3.29226000e-02,3.236197e+06,3.651493e-01,2.16940356e-03,3.236197e+06,3.951285e+05
12.4200,3.47810000e-02,2.779636e+06,3.136342e-01,2.29186107e-03,2.779636e+06,4.159974e+05
12.4250,3.63087000e-02,2.312961e+06,2.609779e-01,2.39252741e-03,2.312961e+06,3.757181e+05
12.4300,3.75177000e-02,1.872982e+06,2.113339e-01,2.47219332e-03,1.872982e+06,3.281858e+05
12.4350,3.83842000e-02,1.471913e+06,1.660801e-01,2.52929052e-03,1.471913e+06,2.603511e+05
12.4400,3.88994000e-02,-2.633816e+07,-2.971810e+00,2.56323914e-03,-2.633816e+07,5.146954e+07
12.4450,3.90847000e-02,-2.439338e+07,-2.752375e+00,2.57544931e-03,-2.439338e+07,4.729467e+07
12.4500,3.89580000e-02,1.419288e+06,1.601422e-01,2.56710053e-03,1.419288e+06,-2.117065e+06
12.4550,3.85163000e-02,-9.859269e+06,-1.112449e+00,2.53799513e-03,-9.859269e+06,1.940764e+07
12.4600,3.77460000e-02,3.328291e+05,3.755405e-02,2.48723694e-03,3.328291e+05,8.741632e+04
12.4650,3.66453000e-02,1.665482e+05,1.879211e-02,2.41470735e-03,1.665482e+05,1.144300e+05
12.4700,3.52327000e-02,5.588107e+04,6.305219e-03,2.32162541e-03,5.588107e+04,1.073627e+05
12.4750,3.35272000e-02,-3.315450e+04,-3.740916e-03,2.20924310e-03,-3.315450e+04,1.279379e+05
12.4800,3.15570000e-02,-1.352438e+05,-1.525994e-02,2.07941864e-03,-1.352438e+05,1.233570e+05
12.4850,2.93259000e-02,-2.154755e+05,-2.431271e-02,1.93240242e-03,-2.154755e+05,6.963447e+04
12.4900,2.68376000e-02,-2.757542e+05,-3.111413e-02,1.76843825e-03,-2.757542e+05,1.161515e+04
12.4950,2.40972000e-02,-3.139145e+05,-3.541986e-02,1.58786218e-03,-3.139145e+05,-4.358776e+04
12.5000,2.11353000e-02,-2.899248e+05,-3.271304e-02,1.39269059e-03,-2.899248e+05,-9.438675e+04
12.5050,1.79802000e-02,7.167761e+06,8.087588e-01,1.18478826e-03,7.167761e+06,-2.152270e+07
12.5100,1.46946000e-02,-3.774743e+04,-4.259150e-03,9.68286756e-04,-3.774743e+04,-2.010755e+05
12.5150,1.13165000e-02,2.884079e+06,3.254187e-01,7.45690055e-04,2.884079e+06,-8.197123e+06
12.5200,7.92596000e-03,3.305382e+05,3.729556e-02,5.22273631e-04,3.305382e+05,-3.020139e+05
12.5250,4.56297000e-03,4.970034e+05,5.607830e-02,3.00672589e-04,4.970034e+05,-3.397529e+05
12.5300,1.29078000e-03,6.198961e+05,6.994462e-02,8.50547262e-05,6.198961e+05,-3.550658e+05
12.5350,-1.82204000e-03,8.134604e+07,9.178503e+00,-1.20061601e-04,8.134604e+07,-1.508606e+08
12.5400,-4.74045000e-03,1.991007e+08,2.246510e+01,-3.12367465e-04,1.991007e+08,-5.171556e+08
12.5450,-7.63338000e-03,7.583745e+05,8.556954e-02,-5.02994349e-04,7.583745e+05,-5.280788e+05
12.5500,-1.06853000e-02,6.314596e+05,7.124937e-02,-7.04097728e-04,6.314596e+05,-3.676331e+05
12.5550,-1.38191000e-02,4.900952e+05,5.529883e-02,-9.10596512e-04,4.900952e+05,-2.800950e+05
12.5600,-1.68516000e-02,2.675329e+05,3.018649e-02,-1.11042023e-03,2.675329e+05,-9.234239e+04
12.5650,-1.96811000e-02,-1.784777e+04,-2.013815e-03,-1.29686745e-03,-1.784777e+04,1.925396e+05
12.5700,-2.21880000e-02,-4.140788e+05,-4.672168e-02,-1.46205726e-03,-4.140788e+05,4.185267e+05
12.5750,-2.43771000e-02,-7.548025e+05,-8.516649e-02,-1.60630593e-03,-7.548025e+05,5.722986e+05
12.5800,-2.62938000e-02,-1.086251e+06,-1.225647e-01,-1.73260506e-03,-1.086251e+06,6.897889e+05
12.5850,-2.79721000e-02,-1.427787e+06,-1.611013e-01,-1.84319505e-03,-1.427787e+06,7.204595e+05
12.5900,-2.94343000e-02,-1.764290e+06,-1.990698e-01,-1.93954533e-03,-1.764290e+06,6.406737e+05
12.5950,-3.06573000e-02,-1.156306e+08,-1.304693e+01,-2.02013376e-03,-1.156306e+08,2.124151e+08
12.6000,-3.16019000e-02,-2.261646e+07,-2.551879e+00,-2.08237728e-03,-2.261646e+07,3.138862e+07
12.6050,-3.22629000e-02,-2.649480e+06,-2.989484e-01,-2.12593325e-03,-2.649480e+06,1.837265e+05
12.6100,-3.26523000e-02,-6.842284e+07,-7.720342e+00,-2.15159240e-03,-6.842284e+07,1.221424e+08
12.6150,-3.27980000e-02,-3.265315e+06,-3.684348e-01,-2.16119316e-03,-3.265315e+06,-1.585862e+05
12.6200,-3.27810000e-02,1.527320e+07,1.723318e+00,-2.16007296e-03,1.527320e+07,-5.833197e+07
12.6250,-3.26576000e-02,-3.579937e+06,-4.039344e-01,-2.15194164e-03,-3.579937e+06,-3.498884e+05
12.6300,-3.25458000e-02,-3.567877e+06,-4.025736e-01,-2.14457468e-03,-3.567877e+06,-4.001085e+05
12.6350,-3.24963000e-02,-3.503129e+06,-3.952679e-01,-2.14131293e-03,-3.503129e+06,-4.637823e+05
12.6400,-3.25609000e-02,-3.517972e+06,-3.969428e-01,-2.14556968e-03,-3.517972e+06,-5.121243e+05
12.6450,-3.27293000e-02,-3.629959e+06,-4.095786e-01,-2.15666624e-03,-3.629959e+06,-5.231074e+05
12.6500,-3.29839000e-02,-3.819471e+06,-4.309617e-01,-2.17344287e-03,-3.819471e+06,-4.698629e+05
12.6550,-3.33296000e-02,-4.036236e+06,-4.554199e-01,-2.19622244e-03,-4.036236e+06,-3.728752e+05
12.6600,-3.37955000e-02,-4.202504e+06,-4.741804e-01,-2.22692248e-03,-4.202504e+06,-2.824895e+05
12.6650,-3.43999000e-02,-4.306462e+06,-4.859103e-01,-2.26674885e-03,-4.306462e+06,-2.154631e+05
12.6700,-3.51612000e-02,-4.316510e+06,-4.870440e-01,-2.31691399e-03,-4.316510e+06,-1.744557e+05
12.6750,-3.60685000e-02,-4.228268e+06,-4.770875e-01,-2.37669966e-03,-4.228268e+06,-1.388159e+05
12.6800,-3.70601000e-02,-4.049231e+06,-4.568862e-01,-2.44204021e-03,-4.049231e+06,-8.013463e+04
12.6850,-3.80787000e-02,-3.797003e+06,-4.284266e-01,-2.50915989e-03,-3.797003e+06,-4.964444e+03
12.6900,-3.89968000e-02,-3.469785e+06,-3.915057e-01,-2.56965722e-03,-3.469785e+06,6.297098e+04
12.6950,-3.97477000e-02,-3.074044e+06,-3.468531e-01,-2.61913706e-03,-3.074044e+06,1.190071e+05
12.7000,-4.02316000e-02,-2.652142e+06,-2.992487e-01,-2.65102320e-03,-2.652142e+06,1.681914e+05
12.7050,-4.04408000e-02,-2.222882e+06,-2.508141e-01,-2.66480823e-03,-2.222882e+06,2.284042e+05
12.7100,-4.04220000e-02,-1.809400e+06,-2.041598e-01,-2.66356942e-03,-1.809400e+06,3.009847e+05
12.7150,-4.02302000e-02,-1.417293e+06,-1.599172e-01,-2.65093094e-03,-1.417293e+06,3.663332e+05
12.7200,-3.99441000e-02,-1.028804e+06,-1.160829e-01,-2.63207866e-03,-1.028804e+06,3.858836e+05
12.7250,-3.95662000e-02,-6.271020e+05,-7.075770e-02,-2.60717729e-03,-6.271020e+05,3.581240e+05
12.7300,-3.90901000e-02,6.396417e+06,7.217258e-01,-2.57580513e-03,6.396417e+06,-1.886501e+07
12.7350,-3.85122000e-02,1.011138e+08,1.140896e+01,-2.53772496e-03,1.011138e+08,-1.881027e+08
12.7400,-3.78706000e-02,6.196285e+05,6.991443e-02,-2.49544734e-03,6.196285e+05,1.495579e+05
12.7450,-3.72050000e-02,1.577490e+07,1.779927e+00,-2.45158825e-03,1.577490e+07,-4.306275e+07
12.7500,-3.65286000e-02,1.599363e+07,1.804606e+00,-2.40701752e-03,1.599363e+07,-4.294786e+07
12.7550,-3.57845000e-02,1.516198e+08,1.710769e+01,-2.35798575e-03,1.516198e+08,-3.910496e+08
12.7600,-3.48888000e-02,1.904621e+06,2.149038e-01,-2.29896445e-03,1.904621e+06,-1.764121e+05
12.7650,-3.38249000e-02,2.171222e+06,2.449851e-01,-2.22885976e-03,2.171222e+06,-1.294208e+05
12.7700,-3.25999000e-02,2.407558e+06,2.716516e-01,-2.14813955e-03,2.407558e+06,-1.579904e+05
12.7750,-3.12283000e-02,2.654223e+06,2.994835e-01,-2.05775927e-03,2.654223e+06,-2.167813e+05
12.7800,-2.96928000e-02,2.932666e+06,3.309010e-01,-1.95657895e-03,2.932666e+06,-3.216843e+05
12.7850,-2.79571000e-02,3.175998e+06,3.583568e-01,-1.84220664e-03,3.175998e+06,-4.361986e+05
12.7900,-2.59644000e-02,3.261241e+06,3.679751e-01,-1.71089956e-03,3.261241e+06,-4.889456e+05
12.7950,-2.37146000e-02,3.202656e+06,3.613648e-01,-1.56265112e-03,3.202656e+06,-4.799951e+05
12.8000,-2.12450000e-02,3.043643e+06,3.434229e-01,-1.39991916e-03,3.043643e+06,-4.100787e+05
12.8050,-1.85834000e-02,2.817067e+06,3.178576e-01,-1.22453555e-03,2.817067e+06,-3.041911e+05
12.8100,-1.57432000e-02,2.574389e+06,2.904756e-01,-1.03738326e-03,2.574389e+06,-1.952866e+05
12.8150,-1.27032000e-02,2.320454e+06,2.618234e-01,-8.37065338e-04,2.320454e+06,-8.551444e+04
12.8200,-9.45129000e-03,2.069385e+06,2.334946e-01,-6.22783807e-04,2.069385e+06,6.679149e+03
12.8250,-6.02516000e-03,2.095036e+06,2.363888e-01,-3.97022214e-04,2.095036e+06,-4.213700e+05
12.8300,-2.53361000e-03,1.637589e+06,1.847738e-01,-1.66949832e-04,1.637589e+06,1.185241e+05
12.8350,1.76131000e-03,-9.619803e+07,-1.085430e+01,1.16059855e-04,-9.619803e+07,1.824660e+08
12.8400,4.59857000e-03,1.393633e+06,1.572475e-01,3.03018417e-04,1.393633e+06,2.557914e+05
12.8450,8.41047000e-03,1.409008e+06,1.589824e-01,5.54199959e-04,1.409008e+06,2.402727e+05
12.8500,1.21464000e-02,1.434362e+06,1.618431e-01,8.00375529e-04,1.434362e+06,2.681363e+05
12.8550,1.57303000e-02,1.449797e+06,1.635847e-01,1.03653323e-03,1.449797e+06,3.207663e+05
12.8600,1.91659000e-02,3.439042e+06,3.880368e-01,1.26291884e-03,3.439042e+06,-3.370682e+06
12.8650,2.25209000e-02,2.779736e+06,3.136454e-01,1.48399339e-03,2.779736e+06,-2.198252e+06
12.8700,2.56590000e-02,1.366937e+06,1.542354e-01,1.69077551e-03,1.366937e+06,3.522596e+05
12.8750,2.83910000e-02,1.378681e+06,1.555604e-01,1.87079807e-03,1.378681e+06,2.823391e+05
12.8800,3.05218000e-02,1.390326e+06,1.568744e-01,2.01120512e-03,1.390326e+06,2.386219e+05
12.8850,3.20926000e-02,1.377865e+06,1.554684e-01,2.11471150e-03,1.377865e+06,2.331235e+05
12.8900,3.31709000e-02,1.314510e+06,1.483199e-01,2.18576505e-03,1.314510e+06,2.541203e+05
12.8950,3.38096000e-02,2.035412e+07,2.296613e+00,2.22785159e-03,2.035412e+07,-5.531556e+07
12.9000,3.40367000e-02,1.102126e+06,1.243560e-01,2.24281612e-03,1.102126e+06,2.238734e+05
12.9050,3.38797000e-02,1.105137e+06,1.246957e-01,2.23247076e-03,1.105137e+06,1.422555e+05
12.9100,3.34263000e-02,1.121404e+06,1.265312e-01,2.20259439e-03,1.121404e+06,4.421244e+04
12.9150,3.26963000e-02,1.079465e+06,1.217991e-01,2.15449174e-03,1.079465e+06,-4.726717e+04
12.9200,3.16991000e-02,9.097926e+05,1.026545e-01,2.08878219e-03,9.097926e+05,-1.634164e+05
12.9250,3.04602000e-02,1.259104e+08,1.420683e+01,2.00714604e-03,1.259104e+08,-3.266798e+08
12.9300,2.90583000e-02,2.717367e+05,3.066082e-02,1.91476917e-03,2.717367e+05,-4.779323e+05
12.9350,2.75222000e-02,1.862330e+06,2.101320e-01,1.81354931e-03,1.862330e+06,-4.335044e+06
12.9400,2.58736000e-02,1.585211e+06,1.788638e-01,1.70491638e-03,1.585211e+06,-4.701518e+06
12.9450,2.41090000e-02,-1.154128e+06,-1.302235e-01,1.58863973e-03,-1.154128e+06,-4.280920e+05
12.9500,2.22310000e-02,-1.662356e+06,-1.875683e-01,1.46489070e-03,-1.662356e+06,-2.911372e+05
12.9550,2.02382000e-02,9.839259e+05,1.110191e-01,1.33357703e-03,9.839259e+05,-9.320890e+06
12.9600,1.80913000e-02,-2.383597e+08,-2.689479e+01,1.19210909e-03,-2.383597e+08,4.397436e+08
12.9650,1.57509000e-02,-3.135951e+06,-3.538382e-01,1.03789064e-03,-3.135951e+06,6.688778e+04
12.9700,1.31622000e-02,-3.432028e+06,-3.872454e-01,8.67310709e-04,-3.432028e+06,-4.574040e+04
12.9750,1.03271000e-02,-2.944508e+06,-3.322372e-01,6.80494478e-04,-2.944508e+06,-2.297753e+06
12.9800,7.29818000e-03,-3.922993e+06,-4.426424e-01,4.80906662e-04,-3.922993e+06,-8.899160e+04
12.9850,-5.35687000e-03,-4.052118e+06,-4.572119e-01,-3.52985877e-04,-4.052118e+06,-7.190825e+04
12.9900,-5.77003000e-03,-4.082696e+06,-4.606621e-01,-3.80210665e-04,-4.082696e+06,-2.990495e+04
12.9950,-6.22036000e-03,-4.042036e+06,-4.560744e-01,-4.09884734e-04,-4.042036e+06,2.232507e+04
13.0000,-6.43647000e-03,-3.951766e+06,-4.458889e-01,-4.24125097e-04,-3.951766e+06,6.191953e+04
13.0050,-9.04617000e-03,-3.802805e+06,-4.290812e-01,-5.96088808e-04,-3.802805e+06,1.061167e+05
13.0100,-1.28381000e-02,-3.572022e+06,-4.030413e-01,-8.45954446e-04,-3.572022e+06,2.043386e+05
13.0150,-1.68975000e-02,-3.262004e+06,-3.680612e-01,-1.11344477e-03,-3.262004e+06,3.644729e+05
13.0200,-2.09068000e-02,-2.899836e+06,-3.271967e-01,-1.37763379e-03,-2.899836e+06,5.578972e+05
13.0250,-2.47737000e-02,-2.482857e+06,-2.801477e-01,-1.63243951e-03,-2.482857e+06,7.417178e+05
13.0300,-2.83863000e-02,-1.924771e+06,-2.171774e-01,-1.87048837e-03,-1.924771e+06,8.079784e+05
13.0350,-3.17390000e-02,-1.428045e+06,-1.611304e-01,-2.09141136e-03,-1.428045e+06,8.367187e+05
13.0400,-3.48277000e-02,-1.032856e+06,-1.165401e-01,-2.29493832e-03,-1.032856e+06,8.010235e+05
13.0450,-3.76535000e-02,1.662849e+06,1.876240e-01,-2.48114174e-03,1.662849e+06,-6.448173e+06
13.0500,-4.02420000e-02,9.619064e+06,1.085346e+00,-2.65170849e-03,9.619064e+06,-2.935191e+07
13.0550,-4.27097000e-02,-5.584224e+05,-6.300838e-02,-2.81431525e-03,-5.584224e+05,3.406083e+05
13.0600,-4.51340000e-02,-3.728244e+05,-4.206683e-02,-2.97406220e-03,-3.728244e+05,1.845277e+05
13.0650,-4.74336000e-02,1.578593e+06,1.781171e-01,-3.12559217e-03,1.578593e+06,-3.103501e+06
13.0700,-4.94553000e-02,1.101198e+08,1.242513e+01,-3.25881018e-03,1.101198e+08,-2.352294e+08
13.0750,-5.11464000e-02,4.790567e+05,5.405332e-02,-3.37024361e-03,4.790567e+05,-3.131345e+05
13.0800,-5.24752000e-02,6.183833e+06,6.977394e-01,-3.45780363e-03,6.183833e+06,-1.486726e+07
13.0850,-5.34496000e-02,2.765269e+08,3.120131e+01,-3.52201079e-03,2.765269e+08,-7.188415e+08
13.0900,-5.41288000e-02,1.070034e+06,1.207349e-01,-3.56676603e-03,1.070034e+06,-8.469636e+05
13.0950,-5.45891000e-02,9.361141e+05,1.056244e-01,-3.59709707e-03,9.361141e+05,-8.101192e+05
13.1000,-5.49793000e-02,6.773028e+05,7.642199e-02,-3.62280893e-03,6.773028e+05,-7.613960e+05
13.1050,-5.53490000e-02,3.625299e+05,4.090528e-02,-3.64716996e-03,3.625299e+05,-6.888017e+05
13.1100,-5.57106000e-02,4.690417e+04,5.292331e-03,-3.67099725e-03,4.690417e+04,-6.402698e+05
13.1150,-5.60218000e-02,-2.685713e+05,-3.030366e-02,-3.69150348e-03,-2.685713e+05,-5.494042e+05
13.1200,-5.61836000e-02,-5.151206e+05,-5.812251e-02,-3.70216513e-03,-5.151206e+05,-4.121641e+05
13.1250,-5.61608000e-02,-6.701373e+05,-7.561349e-02,-3.70066275e-03,-6.701373e+05,-2.822653e+05
13.1300,-5.59180000e-02,-6.547301e+05,-7.387505e-02,-3.68466367e-03,-6.547301e+05,-2.091944e+05
13.1350,-5.54502000e-02,-4.797010e+05,-5.412602e-02,-3.65383844e-03,-4.797010e+05,-1.682794e+05
13.1400,-5.47163000e-02,-3.367791e+07,-3.799974e+00,-3.60547879e-03,-3.367791e+07,6.244671e+07
13.1450,-5.36726000e-02,-3.758976e+07,-4.241359e+00,-3.53670517e-03,-3.758976e+07,7.066347e+07
13.1500,-5.22302000e-02,7.575727e+05,8.547906e-02,-3.44165958e-03,7.575727e+05,8.172563e+04
13.1550,-5.03546000e-02,1.223943e+06,1.381010e-01,-3.31806870e-03,1.223943e+06,1.353944e+05
13.1600,-4.80071000e-02,1.596196e+06,1.801033e-01,-3.16338241e-03,1.596196e+06,1.456527e+05
13.1650,-4.51858000e-02,5.028786e+07,5.674122e+00,-2.97747551e-03,5.028786e+07,-9.025356e+07
13.1700,-4.19384000e-02,2.045359e+06,2.307837e-01,-2.76349117e-03,2.045359e+06,4.480886e+04
13.1750,-3.85783000e-02,2.125350e+06,2.398092e-01,-2.54208056e-03,2.125350e+06,5.508022e+04
13.1800,-3.54927000e-02,2.231258e+06,2.517592e-01,-2.33875787e-03,2.231258e+06,7.935104e+04
13.1850,-3.19926000e-02,1.543088e+06,1.741110e-01,-2.10812209e-03,1.543088e+06,1.616189e+06
13.1900,-2.78812000e-02,2.420623e+06,2.731258e-01,-1.83720528e-03,2.420623e+06,2.183180e+05
13.1950,-2.32314000e-02,2.460548e+06,2.776306e-01,-1.53081111e-03,2.460548e+06,3.049240e+05
13.2000,-1.81999000e-02,2.002286e+08,2.259236e+01,-1.19926518e-03,2.002286e+08,-5.149729e+08
13.2050,-1.28790000e-02,2.336045e+06,2.635825e-01,-8.48649513e-04,2.336045e+06,2.647406e+05
13.2100,-7.47485000e-03,2.062869e+06,2.327594e-01,-4.92548165e-04,2.062869e+06,3.213764e+05
13.2150,-2.12835000e-03,2.986554e+06,3.369813e-01,-1.40245608e-04,2.986554e+06,-2.128583e+06
13.2200,3.90124000e-03,1.328805e+06,1.499328e-01,2.57068517e-04,1.328805e+06,6.576486e+04
13.2250,8.59323000e-03,8.727252e+05,9.847205e-02,5.66242756e-04,8.727252e+05,-1.092531e+05
13.2300,1.33729000e-02,4.707075e+06,5.311126e-01,8.81194586e-04,4.707075e+06,-1.138142e+07
13.2350,1.78866000e-02,-1.597010e+02,-1.801952e-05,1.17862057e-03,-1.597010e+02,-1.308585e+05
13.2400,2.15952000e-02,-4.058688e+05,-4.579532e-02,1.42299526e-03,-4.058688e+05,-1.182040e+05
13.2450,2.45413000e-02,-7.383997e+05,-8.331573e-02,1.61712573e-03,-7.383997e+05,-1.926241e+04
13.2500,2.69606000e-02,-8.267884e+05,-9.328887e-02,1.77654321e-03,-8.267884e+05,1.190977e+05
13.2550,2.88688000e-02,-7.985432e+05,-9.010188e-02,1.90228225e-03,-7.985432e+05,1.753256e+05
13.2600,3.00573000e-02,-8.587037e+05,-9.688996e-02,1.98059733e-03,-8.587037e+05,1.587629e+05
13.2650,3.04809000e-02,-9.515004e+05,-1.073605e-01,2.00851005e-03,-9.515004e+05,1.144956e+05
13.2700,3.03894000e-02,-1.060498e+08,-1.196590e+01,2.00248074e-03,-1.060498e+08,1.959510e+08
13.2750,2.99625000e-02,-3.585803e+07,-4.045963e+00,1.97435057e-03,-3.585803e+07,6.463637e+07
13.2800,2.93122000e-02,4.440646e+07,5.010507e+00,1.93149967e-03,4.440646e+07,-1.329328e+08
13.2850,2.84865000e-02,-1.586817e+07,-1.790451e+00,1.87709095e-03,-1.586817e+07,2.681654e+07
13.2900,2.75124000e-02,-1.421505e+06,-1.603924e-01,1.81290355e-03,-1.421505e+06,-1.881343e+05
13.2950,2.63772000e-02,-1.451962e+06,-1.638289e-01,1.73810062e-03,-1.451962e+06,-1.013366e+05
13.3000,2.50378000e-02,-1.461274e+06,-1.648796e-01,1.64984213e-03,-1.461274e+06,-2.823339e+04
13.3050,2.34618000e-02,3.182069e+06,3.590419e-01,1.54599310e-03,3.182069e+06,-1.337555e+07
13.3100,2.16094000e-02,-1.311840e+06,-1.480186e-01,1.42393096e-03,-1.311840e+06,2.166130e+04
13.3150,1.95128000e-02,-1.128218e+06,-1.273000e-01,1.28577748e-03,-1.128218e+06,5.059583e+04
13.3200,1.72255000e-02,-8.957349e+05,-1.010683e-01,1.13505802e-03,-8.957349e+05,1.275623e+05
13.3250,1.47697000e-02,-6.160085e+05,-6.950599e-02,9.73235399e-04,-6.160085e+05,2.142161e+05
13.3300,1.22016000e-02,-4.145450e+05,-4.677428e-02,8.04012881e-04,-4.145450e+05,2.791975e+05
13.3350,9.56205000e-03,-2.196570e+05,-2.478452e-02,6.30082233e-04,-2.196570e+05,2.978547e+05
13.3400,6.93339000e-03,-1.007174e+05,-1.136423e-02,4.56869170e-04,-1.007174e+05,2.474433e+05
13.3450,4.35563000e-03,2.657332e+06,2.998343e-01,2.87010116e-04,2.657332e+06,-7.762646e+06
13.3500,1.89614000e-03,2.109382e+07,2.380076e+00,1.24944350e-04,2.109382e+07,-6.136674e+07
13.3550,-6.43900000e-04,-2.548308e+04,-2.875328e-03,-4.24291809e-05,-2.548308e+04,-2.357311e+04
13.3600,-2.29646000e-03,4.456831e+04,5.028769e-03,-1.51323058e-04,4.456831e+04,-7.326358e+04
13.3650,-4.03035000e-03,1.264736e+05,1.427037e-02,-2.65576098e-04,1.264736e+05,-9.833624e+04
13.3700,-5.70759000e-03,1.702819e+05,1.921338e-02,-3.76096240e-04,1.702819e+05,-8.803532e+04
13.3750,-7.45545000e-03,2.413910e+07,2.723683e+00,-4.91269820e-04,2.413910e+07,-6.247024e+07
13.3800,-9.32678000e-03,5.715867e+07,6.449375e+00,-6.14579339e-04,5.715867e+07,-1.486137e+08
13.3850,-1.12001000e-02,9.461790e+04,1.067601e-02,-7.38019987e-04,9.461790e+04,-1.860408e+05
13.3900,-1.31010000e-02,-4.434667e+06,-5.003760e-01,-8.63277993e-04,-4.434667e+06,8.089361e+06
13.3950,-1.50553000e-02,-2.138329e+05,-2.412737e-02,-9.92054741e-04,-2.138329e+05,9.401687e+04
13.4000,-1.69672000e-02,1.639664e+07,1.850079e+00,-1.11803758e-03,1.639664e+07,-3.099235e+07
13.4050,-1.87342000e-02,-2.975325e+05,-3.357143e-02,-1.23447237e-03,-2.975325e+05,1.313484e+05
13.4100,-2.01816000e-02,-2.764819e+05,-3.119623e-02,-1.32984743e-03,-2.764819e+05,1.817191e+05
13.4150,-2.12865000e-02,-1.460626e+05,-1.648065e-02,-1.40265377e-03,-1.460626e+05,1.933412e+05
13.4200,-2.21299000e-02,3.308139e+05,3.732667e-02,-1.45822881e-03,3.308139e+05,-3.170873e+05
13.4250,-2.27853000e-02,1.009870e+07,1.139465e+00,-1.50141577e-03,1.009870e+07,-2.816111e+07
13.4300,-2.33345000e-02,7.149507e+05,8.066991e-02,-1.53760479e-03,7.149507e+05,-6.064175e+04
13.4350,-2.37575000e-02,3.015678e+06,3.402675e-01,-1.56547797e-03,3.015678e+06,-4.700734e+06
13.4400,-2.40068000e-02,6.047632e+06,6.823714e-01,-1.58190536e-03,6.047632e+06,-9.115492e+06
13.4450,-2.40583000e-02,1.513233e+06,1.707423e-01,-1.58529890e-03,1.513233e+06,-3.853442e+05
13.4500,-2.39007000e-02,1.567668e+06,1.768844e-01,-1.57491400e-03,1.567668e+06,-3.744233e+05
13.4550,-2.35570000e-02,1.531641e+06,1.728194e-01,-1.55226621e-03,1.531641e+06,-3.246361e+05
13.4600,-2.30801000e-02,1.464921e+06,1.652911e-01,-1.52084134e-03,1.464921e+06,-2.741938e+05
13.4650,-2.24919000e-02,1.349420e+06,1.522589e-01,-1.48208246e-03,1.349420e+06,-2.372700e+05
13.4700,-2.18252000e-02,1.221843e+06,1.378640e-01,-1.43815089e-03,1.221843e+06,-1.867214e+05
13.4750,-2.10881000e-02,9.157173e+07,1.033230e+01,-1.38958039e-03,9.157173e+07,-2.358409e+08
13.4800,-2.02898000e-02,1.000144e+06,1.128491e-01,-1.33697716e-03,1.000144e+06,-2.039417e+05
13.4850,-1.94251000e-02,9.013561e+05,1.017026e-01,-1.27999858e-03,9.013561e+05,-2.428903e+05
13.4900,-1.84633000e-02,7.989500e+05,9.014779e-02,-1.21662167e-03,7.989500e+05,-4.650105e+05
13.4950,-1.73838000e-02,4.106089e+05,4.633016e-02,-1.14548904e-03,4.106089e+05,-8.919090e+04
13.5000,-1.61476000e-02,-1.558855e+08,-1.758900e+01,-1.06403082e-03,-1.558855e+08,2.910059e+08
13.5050,-1.47424000e-02,-2.806020e+05,-3.166111e-02,-9.71436492e-04,-2.806020e+05,5.843768e+04
13.5100,-1.31511000e-02,-5.475539e+05,-6.178205e-02,-8.66579285e-04,-5.475539e+05,5.843302e+04
13.5150,-1.13679000e-02,-1.680021e+07,-1.895615e+00,-7.49077009e-04,-1.680021e+07,2.966225e+07
13.5200,-9.40085000e-03,-1.252367e+06,-1.413082e-01,-6.19460111e-04,-1.252367e+06,2.746940e+04
13.5250,-7.26107000e-03,-4.942044e+06,-5.576248e-01,-4.78461334e-04,-4.942044e+06,6.620195e+06
13.5300,-4.99967000e-03,-1.553151e+06,-1.752464e-01,-3.29448522e-04,-1.553151e+06,1.133642e+05
13.5350,-2.96458000e-03,-4.880405e+06,-5.506699e-01,-1.95348193e-04,-4.880405e+06,6.184359e+06
13.5400,-2.17170000e-03,-1.682953e+06,-1.898924e-01,-1.43102116e-04,-1.682953e+06,1.948839e+05
13.5450,-1.47022000e-03,-1.694398e+06,-1.911837e-01,-9.68787551e-05,-1.694398e+06,2.328603e+05
13.5500,2.88710000e-03,-1.727148e+06,-1.948790e-01,1.90242721e-04,-1.727148e+06,2.340933e+05
13.5550,3.99160000e-03,7.560554e+05,8.530787e-02,2.63022703e-04,7.560554e+05,-7.150926e+06
13.5600,4.65586000e-03,-1.856839e+06,-2.095124e-01,3.06793487e-04,-1.856839e+06,2.355209e+05
13.5650,4.92038000e-03,-1.908094e+06,-2.152957e-01,3.24223782e-04,-1.908094e+06,2.161347e+05
13.5700,4.91972000e-03,-1.903854e+06,-2.148173e-01,3.24180292e-04,-1.903854e+06,1.934089e+05
13.5750,4.73892000e-03,-1.837763e+06,-2.073600e-01,3.12266647e-04,-1.837763e+06,1.826597e+05
13.5800,4.50616000e-03,-1.704585e+06,-1.923332e-01,2.96929147e-04,-1.704585e+06,1.983842e+05
13.5850,4.25120000e-03,-1.505569e+06,-1.698776e-01,2.80128800e-04,-1.505569e+06,2.196918e+05
13.5900,4.00954000e-03,-1.234053e+06,-1.392417e-01,2.64204843e-04,-1.234053e+06,1.957946e+05
13.5950,3.77684000e-03,1.572912e+06,1.774761e-01,2.48871296e-04,1.572912e+06,-6.882510e+06
13.6000,3.54040000e-03,8.602870e+07,9.706861e+00,2.33291306e-04,8.602870e+07,-2.509856e+08
13.6050,3.26764000e-03,1.142317e+05,1.288909e-02,2.15318044e-04,1.142317e+05,-4.594296e+04
13.6100,2.89424000e-03,6.305746e+05,7.114951e-02,1.90713205e-04,6.305746e+05,-1.462018e+05
13.6150,2.40883000e-03,5.163523e+07,5.826149e+00,1.58727572e-04,5.163523e+07,-9.457052e+07
13.6200,1.90788000e-03,2.359538e+06,2.662334e-01,1.25717946e-04,2.359538e+06,-2.014985e+06
13.6250,2.18803000e-03,1.725596e+06,1.947039e-01,1.44178166e-04,1.725596e+06,-2.935153e+05
13.6300,2.37474000e-03,8.961842e+08,1.011190e+02,1.56481244e-04,8.961842e+08,-2.329725e+09
13.6350,2.49669000e-03,2.373469e+06,2.678052e-01,1.64517024e-04,2.373469e+06,-6.207255e+05
13.6400,2.57143000e-03,2.419505e+06,2.729996e-01,1.69441946e-04,2.419505e+06,-3.099791e+05
13.6450,2.64341000e-03,2.508274e+06,2.830157e-01,1.74185000e-04,2.508274e+06,-2.563972e+05
13.6500,2.80202000e-03,2.560498e+06,2.889083e-01,1.84636455e-04,2.560498e+06,-9.393608e+04
13.6550,3.00154000e-03,2.615298e+06,2.950915e-01,1.97783637e-04,2.615298e+06,1.884463e+04
13.6600,2.95576000e-03,2.598660e+06,2.932142e-01,1.94767007e-04,2.598660e+06,1.472646e+05
13.6650,2.72054000e-03,2.493960e+06,2.814006e-01,1.79267408e-04,2.493960e+06,2.669514e+05
13.6700,2.47781000e-03,2.310576e+06,2.607088e-01,1.63272944e-04,2.310576e+06,3.552232e+05
13.6750,2.25314000e-03,2.007970e+06,2.265650e-01,1.48468527e-04,2.007970e+06,3.589068e+05
13.6800,2.02534000e-03,1.645667e+06,1.856853e-01,1.33457862e-04,1.645667e+06,3.171315e+05
13.6850,1.75491000e-03,1.277050e+06,1.440932e-01,1.15638133e-04,1.277050e+06,2.704290e+05
13.6900,2.43818000e-03,8.547636e+05,9.644540e-02,1.60661563e-04,8.547636e+05,2.057356e+05
13.6950,3.50610000e-03,4.274313e+05,4.822828e-02,2.31031140e-04,4.274313e+05,1.396695e+05
13.7000,4.47411000e-03,-6.247330e+03,-7.049040e-04,2.94817243e-04,-6.247330e+03,7.560446e+04
13.7050,5.31239000e-03,1.690718e+04,1.907684e-03,3.50054910e-04,1.690718e+04,-8.108747e+05
13.7100,6.01444000e-03,-7.562484e+05,-8.532964e-02,3.96315830e-04,-7.562484e+05,-7.777885e+04
13.7150,6.58437000e-03,-1.048608e+06,-1.183174e-01,4.33870828e-04,-1.048608e+06,-1.459928e+05
13.7200,7.03085000e-03,-2.627922e+08,-2.965159e+01,4.63291205e-04,-2.627922e+08,4.375246e+08
13.7250,7.36558000e-03,-1.616987e+06,-1.824492e-01,4.85347921e-04,-1.616987e+06,-2.081735e+05
13.7300,7.56931000e-03,3.754401e+06,4.236197e-01,4.98772517e-04,3.754401e+06,-1.641946e+07
13.7350,7.62358000e-03,-3.122756e+07,-3.523494e+00,5.02348587e-04,-3.122756e+07,4.809802e+07
13.7400,7.50111000e-03,-1.946249e+06,-2.196008e-01,4.94278542e-04,-1.946249e+06,-3.186851e+05
13.7450,7.19093000e-03,-1.864207e+06,-2.103437e-01,4.73839525e-04,-1.864207e+06,-2.333153e+05
13.7500,6.67899000e-03,-1.695284e+06,-1.912837e-01,4.40105723e-04,-1.695284e+06,-1.502196e+05
13.7550,5.95491000e-03,-1.451544e+06,-1.637818e-01,3.92393157e-04,-1.451544e+06,-5.565251e+04
13.7600,5.01777000e-03,-1.157953e+06,-1.306551e-01,3.30641204e-04,-1.157953e+06,3.088850e+04
13.7650,3.88281000e-03,-8.315561e+05,-9.382683e-02,2.55854089e-04,-8.315561e+05,1.092273e+05
13.7700,2.60059000e-03,-5.478823e+05,-6.181911e-02,1.71363416e-04,-5.478823e+05,1.954695e+05
13.7750,-2.40435000e-03,-3.247913e+05,-3.664712e-02,-1.58432367e-04,-3.247913e+05,2.825085e+05
13.7800,-2.06578000e-03,-1.280429e+05,-1.444744e-02,-1.36122617e-04,-1.280429e+05,3.437668e+05
13.7850,-1.62023000e-03,5.836816e+04,6.585844e-03,-1.06763522e-04,5.836816e+04,3.799587e+05
13.7900,-3.08007000e-03,2.109334e+05,2.380022e-02,-2.02958297e-04,2.109334e+05,3.693413e+05
13.7950,-4.54616000e-03,3.123794e+05,3.524665e-02,-2.99564909e-04,3.123794e+05,3.029504e+05
13.8000,-5.98229000e-03,3.745089e+05,4.225690e-02,-3.94197336e-04,3.745089e+05,2.177716e+05
13.8050,-7.32104000e-03,4.351003e+05,4.909360e-02,-4.82413000e-04,4.351003e+05,1.310606e+05
13.8100,-8.45890000e-03,4.874354e+06,5.499871e-01,-5.57391208e-04,4.874354e+06,-1.248751e+07
13.8150,-9.40801000e-03,1.560601e+06,1.760871e-01,-6.19931913e-04,1.560601e+06,-2.453075e+06
13.8200,-1.02262000e-02,8.086376e+05,9.124087e-02,-6.73845768e-04,8.086376e+05,1.244473e+04
13.8250,-1.09558000e-02,1.078189e+08,1.216551e+01,-7.21922069e-04,1.078189e+08,-1.995383e+08
13.8300,-1.16716000e-02,5.239544e+08,5.911926e+01,-7.69089033e-04,5.239544e+08,-1.362648e+09
13.8350,-1.23444000e-02,8.707768e+05,9.825221e-02,-8.13422552e-04,8.707768e+05,-2.783282e+05
13.8400,-1.28945000e-02,7.123784e+05,8.037967e-02,-8.49670871e-04,7.123784e+05,-7.992293e+04
13.8450,-1.32697000e-02,5.979119e+05,6.746409e-02,-8.74394319e-04,5.979119e+05,-7.649888e+04
13.8500,-1.34149000e-02,5.204142e+06,5.871980e-01,-8.83962136e-04,5.204142e+06,-1.397261e+07
13.8550,-1.33300000e-02,2.427009e+05,2.738463e-02,-8.78367731e-04,2.427009e+05,-1.221501e+05
13.8600,-1.30302000e-02,3.389927e+04,3.824951e-03,-8.58612694e-04,3.389927e+04,-1.504855e+05
13.8650,-1.25354000e-02,1.438502e+06,1.623102e-01,-8.26008316e-04,1.438502e+06,-4.909827e+06
13.8700,-1.18994000e-02,-3.438864e+05,-3.880168e-02,-7.84099698e-04,-3.438864e+05,-2.926142e+05
13.8750,-1.11537000e-02,-4.627926e+05,-5.221820e-02,-7.34962503e-04,-4.627926e+05,-3.612672e+05
13.8800,-1.03573000e-02,6.270930e+05,7.075667e-02,-6.82484479e-04,6.270930e+05,-2.554239e+06
13.8850,-9.49764000e-03,-1.665067e+07,-1.878742e+00,-6.25837997e-04,-1.665067e+07,2.964413e+07
13.8900,-8.53709000e-03,-3.341699e+07,-3.770533e+00,-5.62543464e-04,-3.341699e+07,6.096564e+07
13.8950,-7.46561000e-03,-5.146376e+05,-5.806802e-02,-4.91939303e-04,-5.146376e+05,-3.019151e+05
13.9000,-6.42344000e-03,-9.073873e+06,-1.023831e+00,-4.23266498e-04,-9.073873e+06,1.583121e+07
13.9050,-5.63177000e-03,-4.729309e+05,-5.336213e-02,-3.71100153e-04,-4.729309e+05,-1.983954e+04
13.9100,-4.86254000e-03,-5.750963e+06,-6.488974e-01,-3.20412470e-04,-5.750963e+06,1.005786e+07
13.9150,-4.07908000e-03,3.280624e+07,3.701621e+00,-2.68787115e-04,3.280624e+07,-8.609504e+07
13.9200,-3.22737000e-03,-1.449467e+06,-1.635474e-01,-2.12664491e-04,-1.449467e+06,2.676532e+06
13.9250,-2.35505000e-03,6.364673e+04,7.181441e-03,-1.55183790e-04,6.364673e+04,3.289123e+05
13.9300,-1.61934000e-03,3.413683e+05,3.851755e-02,-1.06704876e-04,3.413683e+05,3.456029e+05
13.9350,-1.09753000e-03,2.672415e+06,3.015361e-01,-7.23207004e-05,2.672415e+06,-3.438448e+06
13.9400,-7.96491000e-04,1.150579e+07,1.298230e+00,-5.24840204e-05,1.150579e+07,-1.934896e+07
13.9450,1.33475000e-03,1.269879e+06,1.432840e-01,8.79520877e-05,1.269879e+06,2.910312e+05
13.9500,1.86314000e-03,1.517402e+06,1.712128e-01,1.22769847e-04,1.517402e+06,2.487636e+05
13.9550,2.33768000e-03,1.699844e+06,1.917982e-01,1.54039211e-04,1.699844e+06,1.469941e+05
13.9600,2.84786000e-03,1.752662e+06,1.977578e-01,1.87657039e-04,1.752662e+06,1.002246e+05
13.9650,3.44099000e-03,1.686529e+06,1.902958e-01,2.26740779e-04,1.686529e+06,7.283188e+04
13.9700,4.12459000e-03,1.549609e+06,1.748468e-01,2.71785953e-04,1.549609e+06,4.327800e+04
13.9750,4.86068000e-03,1.055387e+07,1.190823e+00,3.20289907e-04,1.055387e+07,-1.878928e+07
13.9800,5.52768000e-03,5.737314e+06,6.473573e-01,3.64241241e-04,5.737314e+06,-8.635942e+06
13.9850,6.05213000e-03,8.937582e+05,1.008453e-01,3.98799377e-04,8.937582e+05,-1.227410e+05
13.9900,6.40966000e-03,5.077489e+05,5.729074e-02,4.22358478e-04,5.077489e+05,-1.434427e+05
13.9950,6.68278000e-03,7.805018e+04,8.806623e-03,4.40355462e-04,7.805018e+04,-7.023910e+04
14.0000,7.00620000e-03,-2.875087e+05,-3.244042e-02,4.61666916e-04,-2.875087e+05,2.016498e+04
14.0050,7.39025000e-03,-6.871694e+05,-7.753527e-02,4.86973528e-04,-6.871694e+05,4.715366e+04
14.0100,7.76558000e-03,-1.089892e+06,-1.229757e-01,5.11705543e-04,-1.089892e+06,4.902638e+03
14.0150,8.06282000e-03,-1.458027e+06,-1.645133e-01,5.31291891e-04,-1.458027e+06,-4.596964e+04
14.0200,8.19123000e-03,-1.788365e+06,-2.017863e-01,5.39753346e-04,-1.788365e+06,-9.026779e+04
14.0250,8.13299000e-03,-5.145701e+06,-5.806040e-01,5.35915677e-04,-5.145701e+06,5.573369e+06
14.0300,7.87038000e-03,-6.446475e+07,-7.273740e+00,5.18611239e-04,-6.446475e+07,1.157685e+08
14.0350,7.41834000e-03,-2.474179e+06,-2.791687e-01,4.88824492e-04,-2.474179e+06,-1.933750e+05
14.0400,6.83165000e-03,-1.256871e+07,-1.418163e+00,4.50165109e-04,-1.256871e+07,1.322798e+07
14.0450,6.13106000e-03,1.476157e+06,1.665590e-01,4.04000395e-04,1.476157e+06,-1.190501e+07
14.0500,5.32167000e-03,-1.071915e+07,-1.209472e+00,3.50666407e-04,-1.071915e+07,1.508428e+07
14.0550,4.38308000e-03,-2.468300e+06,-2.785052e-01,2.88818907e-04,-2.468300e+06,-1.393551e+05
14.0600,3.27655000e-03,-2.337123e+06,-2.637042e-01,2.15905160e-04,-2.337123e+06,-6.486065e+04
14.0650,-3.28049000e-03,-2.136537e+06,-2.410715e-01,-2.16164783e-04,-2.136537e+06,1.759727e+04
14.0700,-3.43628000e-03,-1.886230e+06,-2.128287e-01,-2.26430418e-04,-1.886230e+06,1.050085e+05
14.0750,-3.58909000e-03,-1.598089e+06,-1.803169e-01,-2.36499688e-04,-1.598089e+06,1.964094e+05
14.0800,-3.62632000e-03,-1.279741e+06,-1.443967e-01,-2.38952923e-04,-1.279741e+06,2.766970e+05
14.0850,-5.58213000e-03,-9.154128e+05,-1.032886e-01,-3.67829172e-04,-9.154128e+05,3.271322e+05
14.0900,-7.83596000e-03,-5.126628e+05,-5.784519e-02,-5.16343166e-04,-5.126628e+05,3.583559e+05
14.0950,-9.81916000e-03,-9.271396e+04,-1.046118e-02,-6.47024253e-04,-9.271396e+04,3.872672e+05
14.1000,-1.14387000e-02,3.093953e+05,3.490995e-02,-7.53742308e-04,3.093953e+05,3.916852e+05
14.1050,-1.26545000e-02,1.496999e+06,1.689107e-01,-8.33856298e-04,1.496999e+06,-1.843792e+05
14.1100,-1.34849000e-02,1.114212e+07,1.257197e+00,-8.88574720e-04,1.114212e+07,-2.861241e+07
14.1150,-1.40267000e-02,2.825983e+07,3.188637e+00,-9.24276118e-04,2.825983e+07,-7.754840e+07
14.1200,-1.44058000e-02,1.975343e+06,2.228835e-01,-9.49256553e-04,1.975343e+06,1.337723e+05
14.1250,-1.46406000e-02,2.271476e+06,2.562971e-01,-9.64728477e-04,2.271476e+06,4.066328e+05
14.1300,-1.47627000e-02,2.894034e+06,3.265421e-01,-9.72774141e-04,2.894034e+06,5.604329e+04
14.1350,-1.47910000e-02,1.112378e+09,1.255128e+02,-9.74638943e-04,1.112378e+09,-2.829645e+09
14.1400,-1.47517000e-02,3.554073e+06,4.010161e-01,-9.72049307e-04,3.554073e+06,-3.452771e+05
14.1450,-1.46405000e-02,3.479232e+06,3.925716e-01,-9.64721888e-04,3.479232e+06,-5.889433e+04
14.1500,-1.44359000e-02,8.167956e+07,9.216136e+00,-9.51239964e-04,8.167956e+07,-2.038166e+08
14.1550,-1.41257000e-02,3.385507e+06,3.819963e-01,-9.30799629e-04,3.385507e+06,-2.525889e+05
14.1600,-1.36973000e-02,3.119306e+06,3.519601e-01,-9.02570617e-04,3.119306e+06,-2.596650e+05
14.1650,-1.31522000e-02,2.666101e+06,3.008237e-01,-8.66651768e-04,2.666101e+06,-1.845617e+05
14.1700,-1.24908000e-02,2.153603e+06,2.429972e-01,-8.23069441e-04,2.153603e+06,-1.110911e+05
14.1750,-1.17074000e-02,1.644857e+06,1.855938e-01,-7.71448040e-04,1.644857e+06,-1.129238e+05
14.1800,-1.07771000e-02,1.053230e+06,1.188389e-01,-7.10146802e-04,1.053230e+06,-2.116827e+05
14.1850,-9.68691000e-03,3.786146e+05,4.272016e-02,-6.38309764e-04,3.786146e+05,-2.883105e+05
14.1900,-8.42572000e-03,-3.779947e+05,-4.265021e-02,-5.55204843e-04,-3.779947e+05,-3.266028e+05
14.1950,-7.00168000e-03,-1.126220e+06,-1.270746e-01,-4.61369075e-04,-1.126220e+06,-3.450751e+05
14.2000,-5.43643000e-03,-1.787723e+06,-2.017139e-01,-3.58228408e-04,-1.787723e+06,-3.441416e+05
14.2050,-3.74479000e-03,-2.230691e+06,-2.516952e-01,-2.46759392e-04,-2.230691e+06,-3.234531e+05
14.2100,-3.01292000e-03,-1.642915e+08,-1.853747e+01,-1.98533511e-04,-1.642915e+08,2.976540e+08
14.2150,-3.20495000e-03,-2.681034e+06,-3.025087e-01,-2.11187146e-04,-2.681034e+06,-2.151599e+05
14.2200,-3.42020000e-03,-2.660968e+06,-3.002445e-01,-2.25370841e-04,-2.660968e+06,-2.308231e+05
14.2250,-4.07390000e-03,4.334751e+06,4.891022e-01,-2.68445784e-04,4.334751e+06,-1.807128e+07
14.2300,5.21903000e-03,-2.338614e+06,-2.638724e-01,3.43903041e-04,-2.338614e+06,-1.336244e+04
14.2350,6.04173000e-03,-2.059255e+06,-2.323515e-01,3.98114079e-04,-2.059255e+06,1.625432e+05
14.2400,6.75095000e-03,-1.697787e+06,-1.915661e-01,4.44847459e-04,-1.697787e+06,2.967678e+05
14.2450,7.41438000e-03,7.433123e+06,8.387003e-01,4.88563551e-04,7.433123e+06,-2.477321e+07
14.2500,7.95687000e-03,-6.947545e+05,-7.839112e-02,5.24310416e-04,-6.947545e+05,5.436477e+05
14.2550,8.29485000e-03,-1.427836e+05,-1.611068e-02,5.46581288e-04,-1.427836e+05,6.514584e+05
14.2600,8.29040000e-03,2.459399e+05,2.775009e-02,5.46288060e-04,2.459399e+05,6.643800e+05
14.2650,7.89741000e-03,5.521040e+05,6.229546e-02,5.20392356e-04,5.521040e+05,6.388579e+05
14.2700,7.19318000e-03,6.985678e+06,7.882138e-01,4.73987787e-04,6.985678e+06,-1.723747e+07
14.2750,6.32292000e-03,1.100265e+06,1.241460e-01,4.16642828e-04,1.100265e+06,5.521700e+05
14.2800,5.55573000e-03,1.320451e+06,1.489902e-01,3.66089569e-04,1.320451e+06,4.847910e+05
14.2850,4.93786000e-03,1.328361e+07,1.498828e+00,3.25375610e-04,1.328361e+07,-3.388042e+07
14.2900,4.42734000e-03,1.591540e+06,1.795780e-01,2.91735378e-04,1.591540e+06,1.769830e+05
14.2950,4.09543000e-03,1.782928e+06,2.011728e-01,2.69864483e-04,1.782928e+06,-8.471378e+04
14.3000,4.34209000e-03,7.706719e+06,8.695709e-01,2.86117910e-04,7.706719e+06,-1.700663e+07
14.3050,4.57717000e-03,2.034187e+06,2.295230e-01,3.01608284e-04,2.034187e+06,-2.749149e+05
14.3100,4.70955000e-03,4.166302e+08,4.700956e+01,3.10331339e-04,4.166302e+08,-1.052972e+09
14.3150,4.83045000e-03,2.175974e+06,2.455213e-01,3.18297930e-04,2.175974e+06,-6.357634e+05
14.3200,4.91382000e-03,2.027416e+06,2.287591e-01,3.23791517e-04,2.027416e+06,-4.526216e+05
14.3250,4.89200000e-03,1.841513e+06,2.077831e-01,3.22353709e-04,1.841513e+06,-5.352151e+05
14.3300,4.59166000e-03,1.481607e+06,1.671739e-01,3.02563089e-04,1.481607e+06,-5.097430e+05
14.3350,3.91433000e-03,9.326347e+05,1.052318e-01,2.57931070e-04,9.326347e+05,-3.358029e+05
14.3400,2.99990000e-03,8.140281e+06,9.184909e-01,1.97675571e-04,8.140281e+06,-2.281151e+07
14.3450,2.02099000e-03,-1.766040e+05,-1.992673e-02,1.33171223e-04,-1.766040e+05,-2.510957e+05
14.3500,1.06373000e-03,-8.234547e+05,-9.291272e-02,7.00934813e-05,-8.234547e+05,-2.165842e+05
14.3550,1.05998000e-03,-1.365931e+06,-1.541218e-01,6.98463786e-05,-1.365931e+06,-2.598707e+05
14.3600,1.26837000e-03,-1.802646e+06,-2.033977e-01,8.35780404e-05,-1.802646e+06,-3.289911e+05
14.3650,-1.60409000e-03,-2.165708e+06,-2.443629e-01,-1.05699992e-04,-2.165708e+06,-3.813808e+05
14.3700,-2.28381000e-03,-2.483240e+06,-2.801910e-01,-1.50489498e-04,-2.483240e+06,-3.355478e+05
14.3750,-3.03107000e-03,-4.765511e+08,-5.377061e+01,-1.99729488e-04,-4.765511e+08,8.839104e+08
14.3800,-3.58610000e-03,-2.966514e+06,-3.347202e-01,-2.36302665e-04,-2.966514e+06,8.091489e+04
14.3850,-3.98533000e-03,-2.997858e+06,-3.382568e-01,-2.62609548e-04,-2.997858e+06,1.437328e+05
14.3900,-4.24735000e-03,-1.925880e+08,-2.173025e+01,-2.79875107e-04,-1.925880e+08,3.539963e+08
14.3950,-4.42741000e-03,-2.632194e+06,-2.969979e-01,-2.91739991e-04,-2.632194e+06,-5.229067e+05
14.4000,-4.54342000e-03,8.166208e+05,9.214164e-02,-2.99384360e-04,8.166208e+05,-9.925643e+06
14.4050,-4.65686000e-03,-2.533361e+06,-2.858463e-01,-3.06859381e-04,-2.533361e+06,6.610375e+05
14.4100,-4.82018000e-03,-2.211213e+06,-2.494974e-01,-3.17621198e-04,-2.211213e+06,7.339283e+05
14.4150,-5.00055000e-03,-1.834864e+06,-2.070329e-01,-3.29506508e-04,-1.834864e+06,7.087773e+05
14.4200,-6.04401000e-03,-1.445324e+06,-1.630800e-01,-3.98264317e-04,-1.445324e+06,6.105485e+05
14.4250,-7.76034000e-03,-1.083471e+06,-1.222511e-01,-5.11360258e-04,-1.083471e+06,4.834145e+05
14.4300,-9.39319000e-03,-7.755379e+05,-8.750614e-02,-6.18955363e-04,-7.755379e+05,3.725485e+05
14.4350,-1.08645000e-02,-5.145477e+05,-5.805787e-02,-7.15905942e-04,-5.145477e+05,2.832882e+05
14.4400,-1.20781000e-02,-3.088496e+05,-3.484838e-02,-7.95874966e-04,-3.088496e+05,1.972062e+05
14.4450,-1.30394000e-02,-1.659057e+05,-1.871961e-02,-8.59218919e-04,-1.659057e+05,9.818978e+04
14.4500,-1.37912000e-02,-7.948585e+04,-8.968613e-03,-9.08758068e-04,-7.948585e+04,-3.032870e+04
14.4550,-1.43674000e-02,-2.615387e+04,-2.951016e-03,-9.46726222e-04,-2.615387e+04,-1.727037e+05
14.4600,-1.48311000e-02,4.957397e+04,5.593572e-03,-9.77281294e-04,4.957397e+04,-2.679206e+05
14.4650,-1.52012000e-02,1.399587e+05,1.579194e-02,-1.00166868e-03,1.399587e+05,-2.756071e+05
14.4700,-1.54928000e-02,2.465201e+05,2.781556e-02,-1.02088339e-03,2.465201e+05,-1.852727e+05
14.4750,-1.57020000e-02,3.854719e+05,4.349388e-02,-1.03466843e-03,3.854719e+05,-9.909049e+04
14.4800,-1.58374000e-02,1.397595e+09,1.576946e+02,-1.04359048e-03,1.397595e+09,-3.640238e+09
14.4850,-1.59180000e-02,4.414855e+06,4.981406e-01,-1.04890154e-03,4.414855e+06,-7.049045e+06
14.4900,-1.59975000e-02,1.059942e+08,1.195962e+01,-1.05414012e-03,1.059942e+08,-1.965547e+08
14.4950,-1.61011000e-02,2.621160e+08,2.957529e+01,-1.06096674e-03,2.621160e+08,-6.810800e+08
14.5000,-1.62271000e-02,8.709653e+05,9.827348e-02,-1.06926939e-03,8.709653e+05,-4.862267e+05
14.5050,-1.63353000e-02,4.127126e+07,4.656753e+00,-1.07639913e-03,4.127126e+07,-1.179391e+08
14.5100,-1.63128000e-02,1.026694e+07,1.158448e+00,-1.07491651e-03,1.026694e+07,-2.528145e+07
14.5150,-1.61029000e-02,6.470683e+05,7.301055e-02,-1.06108535e-03,6.470683e+05,-3.071908e+05
14.5200,-1.56654000e-02,6.997692e+05,7.895694e-02,-1.03225670e-03,6.997692e+05,-1.900275e+05
14.5250,-1.50361000e-02,5.731837e+06,6.467393e-01,-9.90789575e-04,5.731837e+06,-1.442080e+07
14.5300,-1.42969000e-02,9.723456e+05,1.097125e-01,-9.42080691e-04,9.723456e+05,-1.273647e+05
14.5350,-1.34783000e-02,1.170195e+06,1.320364e-01,-8.88139819e-04,1.170195e+06,-1.586671e+05
14.5400,-1.25958000e-02,1.364139e+06,1.539197e-01,-8.29988317e-04,1.364139e+06,-1.653203e+05
14.5450,-1.16355000e-02,1.556238e+06,1.755948e-01,-7.66710258e-04,1.556238e+06,-1.123566e+05
14.5500,-1.04988000e-02,1.768134e+06,1.995036e-01,-6.91808487e-04,1.768134e+06,-3.029871e+04
14.5550,-9.13666000e-03,1.970412e+06,2.223271e-01,-6.02051561e-04,1.970412e+06,2.025025e+04
14.5600,-7.53327000e-03,2.156550e+06,2.433296e-01,-4.96397695e-04,2.156550e+06,3.811974e+04
14.5650,-5.88575000e-03,6.218563e+07,7.016580e+00,-3.87835924e-04,6.218563e+07,-1.560318e+08
14.5700,-4.49542000e-03,2.397860e+06,2.705573e-01,-2.96221445e-04,2.397860e+06,6.901445e+04
14.5750,-2.95014000e-03,2.434974e+06,2.747450e-01,-1.94396682e-04,2.434974e+06,2.669895e+05
14.5800,1.77408000e-03,1.016085e+07,1.146477e+00,1.16901322e-04,1.016085e+07,-1.402858e+07
14.5850,2.49577000e-03,1.243383e+07,1.402944e+00,1.64456401e-04,1.243383e+07,-1.832457e+07
14.5900,4.54319000e-03,2.243853e+06,2.531803e-01,2.99369204e-04,2.243853e+06,4.409133e+05
14.5950,6.60118000e-03,2.006449e+06,2.263933e-01,4.34978507e-04,2.006449e+06,4.724110e+05
14.6000,8.77115000e-03,1.735506e+06,1.958220e-01,5.77966626e-04,1.735506e+06,4.462553e+05
14.6050,1.10033000e-02,-4.831436e+06,-5.451446e-01,7.25052037e-04,-4.831436e+06,1.203176e+07
14.6100,1.30454000e-02,1.004535e+06,1.133446e-01,8.59614283e-04,1.004535e+06,3.339997e+05
14.6150,1.47871000e-02,5.464496e+05,6.165746e-02,9.74381956e-04,5.464496e+05,2.566454e+05
14.6200,1.63288000e-02,7.248946e+04,8.179191e-03,1.07597082e-03,7.248946e+04,1.907185e+05
14.6250,1.77189000e-02,-6.597325e+06,-7.443948e-01,1.16757014e-03,-6.597325e+06,1.176402e+07
14.6300,1.88549000e-02,-9.391264e+05,-1.059643e-01,1.24242579e-03,-9.391264e+05,1.897446e+05
14.6350,1.96669000e-02,-1.469314e+06,-1.657868e-01,1.29593176e-03,-1.469314e+06,1.614297e+05
14.6400,2.01647000e-02,-1.883821e+06,-2.125569e-01,1.32873382e-03,-1.883821e+06,1.518053e+05
14.6450,2.03912000e-02,-2.126357e+06,-2.399229e-01,1.34365882e-03,-2.126357e+06,9.082148e+04
14.6500,2.03701000e-02,4.102411e+07,4.628866e+00,1.34226846e-03,4.102411e+07,-1.260659e+08
14.6550,2.00840000e-02,-2.513032e+06,-2.835526e-01,1.32341617e-03,-2.513032e+06,-2.646752e+05
14.6600,1.95410000e-02,-2.563764e+06,-2.892767e-01,1.28763570e-03,-2.563764e+06,-3.554122e+05
14.6650,1.87491000e-02,-2.541157e+06,-2.867259e-01,1.23545420e-03,-2.541157e+06,-4.248131e+05
14.6700,1.77041000e-02,-2.486908e+06,-2.806048e-01,1.16659491e-03,-2.486908e+06,-4.476360e+05
14.6750,1.63909000e-02,-2.400494e+06,-2.708546e-01,1.08006284e-03,-2.400494e+06,-4.439103e+05
14.6800,1.47653000e-02,-2.272758e+06,-2.564417e-01,9.72945466e-04,-2.272758e+06,-4.253498e+05
14.6850,1.28061000e-02,-2.084798e+06,-2.352336e-01,8.43845836e-04,-2.084798e+06,-3.890233e+05
14.6900,1.05151000e-02,-1.816848e+06,-2.050001e-01,6.92882560e-04,-1.816848e+06,-3.152980e+05
14.6950,7.92771000e-03,-1.470303e+06,-1.658985e-01,5.22388946e-04,-1.470303e+06,-2.207396e+05
14.7000,5.13516000e-03,-1.092633e+06,-1.232849e-01,3.38376507e-04,-1.092633e+06,-1.411974e+05
14.7050,2.19359000e-03,-6.155952e+05,-6.945935e-02,1.44544536e-04,-6.155952e+05,-1.293298e+05
14.7100,-7.87359000e-04,-1.156257e+05,-1.304637e-02,-5.18822759e-05,-1.156257e+05,-8.307920e+04
14.7150,-3.71168000e-03,7.727690e+07,8.719371e+00,-2.44577640e-04,7.727690e+07,-1.594694e+08
14.7200,-6.55513000e-03,3.188013e+06,3.597126e-01,-4.31944086e-04,3.188013e+06,-7.226542e+06
14.7250,-9.24004000e-03,1.335982e+06,1.507426e-01,-6.08863689e-04,1.335982e+06,-2.803288e+05
14.7300,-1.15255000e-02,3.739922e+06,4.219859e-01,-7.59461912e-04,3.739922e+06,-3.664714e+06
14.7350,-1.33352000e-02,2.317839e+06,2.615283e-01,-8.78710380e-04,2.317839e+06,-1.674701e+04
14.7400,-1.46953000e-02,2.595060e+06,2.928079e-01,-9.68332882e-04,2.595060e+06,1.313833e+05
14.7450,-1.56947000e-02,2.160004e+08,2.437193e+01,-1.03418740e-03,2.160004e+08,-5.553409e+08
14.7500,-1.64598000e-02,2.807190e+06,3.167432e-01,-1.08460294e-03,2.807190e+06,3.552134e+05
14.7550,-1.70123000e-02,3.919542e+06,4.422530e-01,-1.12100940e-03,3.919542e+06,-2.715986e+06
14.7600,-1.73929000e-02,3.555791e+06,4.012100e-01,-1.14608868e-03,3.555791e+06,-1.491530e+06
14.7650,-1.76203000e-02,2.665829e+06,3.007930e-01,-1.16107299e-03,2.665829e+06,5.402884e+05
14.7700,-1.77271000e-02,2.003734e+07,2.260870e+00,-1.16811047e-03,2.003734e+07,-4.717342e+07
14.7750,-1.77073000e-02,4.412741e+06,4.979021e-01,-1.16680577e-03,4.412741e+06,-3.321829e+06
14.7800,-1.75022000e-02,2.380754e+06,2.686272e-01,-1.15329090e-03,2.380754e+06,1.576837e+05
14.7850,-1.70664000e-02,2.130934e+06,2.404393e-01,-1.12457427e-03,2.130934e+06,2.116543e+05
14.7900,-1.63506000e-02,1.848714e+06,2.085956e-01,-1.07740731e-03,1.848714e+06,1.919531e+05
14.7950,-1.53702000e-02,1.485165e+06,1.675754e-01,-1.01280478e-03,1.485165e+06,1.890638e+05
14.8000,-1.42074000e-02,6.475113e+05,7.306053e-02,-9.36183173e-04,6.475113e+05,9.375790e+03
14.8050,-1.29277000e-02,6.166382e+04,6.957703e-03,-8.51858553e-04,6.166382e+04,-1.986886e+05
14.8100,-1.16887000e-02,-3.937755e+05,-4.443080e-02,-7.70215821e-04,-3.937755e+05,-3.128024e+05
14.8150,-1.05152000e-02,-1.653621e+04,-1.865828e-03,-6.92889150e-04,-1.653621e+04,-1.878771e+06
14.8200,-9.54185000e-03,-1.242988e+06,-1.402498e-01,-6.28751173e-04,-1.242988e+06,-4.876135e+05
14.8250,-8.98015000e-03,-1.514311e+06,-1.708640e-01,-5.91738483e-04,-1.514311e+06,-5.865116e+05
14.8300,-8.50146000e-03,-4.081330e+08,-4.605080e+01,-5.60195659e-04,-4.081330e+08,7.578337e+08
14.8350,-8.04283000e-03,-1.780198e+06,-2.008648e-01,-5.29974669e-04,-1.780198e+06,-4.927245e+05
14.8400,-7.52784000e-03,-1.732563e+06,-1.954899e-01,-4.96039890e-04,-1.732563e+06,-5.391807e+05
14.8450,-6.88645000e-03,-1.697066e+06,-1.914847e-01,-4.53776104e-04,-1.697066e+06,-5.163065e+05
14.8500,-5.97166000e-03,-1.713147e+06,-1.932992e-01,-3.93496883e-04,-1.713147e+06,-4.610419e+05
14.8550,-4.87511000e-03,-1.767727e+06,-1.994576e-01,-3.21240758e-04,-1.767727e+06,-4.061466e+05
14.8600,-3.80718000e-03,-1.798421e+06,-2.029209e-01,-2.50870522e-04,-1.798421e+06,-3.751581e+05
14.8650,-2.82440000e-03,-1.796166e+06,-2.026665e-01,-1.86111164e-04,-1.796166e+06,-3.528484e+05
14.8700,-2.48080000e-03,-1.669835e+06,-1.884122e-01,-1.63469968e-04,-1.669835e+06,-2.586154e+05
14.8750,-2.26303000e-03,-1.397436e+06,-1.576766e-01,-1.49120220e-04,-1.397436e+06,-1.014867e+05
14.8800,2.42005000e-03,-1.031266e+06,-1.163607e-01,1.59466904e-04,-1.031266e+06,6.656218e+04
14.8850,2.99402000e-03,-6.105146e+05,-6.888609e-02,1.97288114e-04,-6.105146e+05,2.440764e+05
14.8900,3.45315000e-03,1.809647e+06,2.041875e-01,2.27542050e-04,1.809647e+06,-5.333224e+06
14.8950,3.85405000e-03,1.866836e+05,2.106404e-02,2.53958976e-04,1.866836e+05,6.521271e+05
14.9000,4.13213000e-03,5.221582e+05,5.891659e-02,2.72282795e-04,5.221582e+05,6.362925e+05
14.9050,4.19932000e-03,8.254350e+05,9.313617e-02,2.76710216e-04,8.254350e+05,5.104401e+05
14.9100,4.03686000e-03,1.112787e+06,1.255589e-01,2.66005068e-04,1.112787e+06,4.047197e+05
14.9150,3.72177000e-03,7.396507e+06,8.345688e-01,2.45242511e-04,7.396507e+06,-1.723554e+07
14.9200,3.39888000e-03,1.500835e+06,1.693435e-01,2.23965980e-04,1.500835e+06,2.246831e+05
14.9250,3.16731000e-03,1.567131e+06,1.768238e-01,2.08706894e-04,1.567131e+06,1.845716e+05
14.9300,3.04633000e-03,1.619458e+06,1.827280e-01,2.00735031e-04,1.619458e+06,1.919083e+05
14.9350,3.00573000e-03,8.315169e+08,9.382240e+01,1.98059733e-04,8.315169e+08,-2.161648e+09
14.9400,3.16106000e-03,4.132785e+07,4.663138e+00,2.08295056e-04,4.132785e+07,-7.385278e+07
14.9450,3.23262000e-03,5.398603e+06,6.091397e-01,2.13010435e-04,5.398603e+06,-6.845774e+06
14.9500,3.18732000e-03,4.412761e+08,4.979043e+01,2.10025434e-04,4.412761e+08,-1.145278e+09
14.9550,3.17976000e-03,1.547244e+06,1.745799e-01,2.09527275e-04,1.547244e+06,2.754696e+04
14.9600,3.02010000e-03,1.297484e+06,1.463988e-01,1.99006630e-04,1.297484e+06,8.408913e+04
14.9650,2.59353000e-03,7.432791e+05,8.386628e-02,1.70898204e-04,7.432791e+05,-3.825398e+05
14.9700,2.12258000e-03,1.758430e+05,1.984086e-02,1.39865400e-04,1.758430e+05,-1.709247e+05
14.9750,2.22623000e-03,-3.034442e+05,-3.423847e-02,1.46695318e-04,-3.034442e+05,1.239835e+05
14.9800,2.31998000e-03,-6.133524e+05,-6.920628e-02,1.52872886e-04,-6.133524e+05,-2.373402e+05
14.9850,2.43192000e-03,1.137306e+07,1.283254e+00,1.60249066e-04,1.137306e+07,-3.630328e+07
14.9900,2.54864000e-03,-5.053819e+04,-5.702366e-03,1.67940220e-04,-5.053819e+04,-4.114332e+06
14.9950,2.63013000e-03,-1.540844e+06,-1.738578e-01,1.73309926e-04,-1.540844e+06,-3.156178e+05
15.0000,2.63614000e-03,-1.012362e+08,-1.142277e+01,1.73705950e-04,-1.012362e+08,1.855724e+08
15.0050,2.57772000e-03,-1.012963e+07,-1.142955e+00,1.69856419e-04,-1.012963e+07,1.555532e+07
15.0100,2.45126000e-03,-1.637165e+06,-1.847259e-01,1.61523457e-04,-1.637165e+06,-1.987172e+05
15.0150,-2.42142000e-03,-1.282409e+07,-1.446978e+00,-1.59557179e-04,-1.282409e+07,2.077778e+07
15.0200,-2.68126000e-03,-1.507085e+06,-1.700487e-01,-1.76679089e-04,-1.507085e+06,-2.377810e+05
15.0250,-2.77069000e-03,-1.468519e+06,-1.656972e-01,-1.82571995e-04,-1.468519e+06,-2.393141e+05
15.0300,-2.75849000e-03,-1.456563e+06,-1.643482e-01,-1.81768087e-04,-1.456563e+06,-2.120943e+05
15.0350,-2.72595000e-03,-1.418777e+06,-1.600846e-01,-1.79623895e-04,-1.418777e+06,-1.731929e+05
15.0400,-2.76472000e-03,-1.280232e+06,-1.444521e-01,-1.82178607e-04,-1.280232e+06,-2.590410e+04
15.0450,-2.84253000e-03,-1.086585e+06,-1.226024e-01,-1.87305823e-04,-1.086585e+06,1.143138e+05
15.0500,-2.86322000e-03,-8.578390e+05,-9.679239e-02,-1.88669171e-04,-8.578390e+05,1.765996e+05
15.0550,-3.26087000e-03,-6.584526e+05,-7.429507e-02,-2.14871942e-04,-6.584526e+05,1.665994e+05
15.0600,-4.37007000e-03,-5.075709e+05,-5.727066e-02,-2.87961626e-04,-5.075709e+05,2.221105e+05
15.0650,-5.45572000e-03,-3.634872e+05,-4.101329e-02,-3.59499505e-04,-3.634872e+05,2.400057e+05
15.0700,-6.46314000e-03,-2.036425e+05,-2.297756e-02,-4.25882492e-04,-2.036425e+05,1.802176e+05
15.0750,-7.36227000e-03,2.507509e+07,2.829294e+00,-4.85129812e-04,2.507509e+07,-7.287404e+07
15.0800,-8.13088000e-03,9.106878e+04,1.027555e-02,-5.35776640e-04,9.106878e+04,3.515179e+04
15.0850,-8.77386000e-03,1.990363e+05,2.245783e-02,-5.78145199e-04,1.990363e+05,2.514165e+04
15.0900,-9.31034000e-03,2.875731e+05,3.244768e-02,-6.13496040e-04,2.875731e+05,2.158362e+04
15.0950,-9.75158000e-03,9.352656e+06,1.055287e+00,-6.42571133e-04,9.352656e+06,-2.600892e+07
15.1000,-1.01226000e-02,4.596630e+05,5.186508e-02,-6.67019144e-04,4.596630e+05,9.592550e+04
15.1050,-1.04348000e-02,5.138265e+05,5.797650e-02,-6.87591268e-04,5.138265e+05,1.637306e+05
15.1100,-1.06771000e-02,5.706922e+05,6.439281e-02,-7.03557397e-04,5.706922e+05,1.989213e+05
15.1150,-1.08374000e-02,7.201756e+08,8.125945e+01,-7.14120214e-04,7.201756e+08,-1.874291e+09
15.1200,-1.09071000e-02,6.754933e+05,7.621781e-02,-7.18713029e-04,6.754933e+05,8.637285e+04
15.1250,-1.08982000e-02,4.696193e+05,5.298848e-02,-7.18126572e-04,4.696193e+05,-1.117908e+05
15.1300,-1.08330000e-02,3.554678e+08,4.010844e+01,-7.13830280e-04,3.554678e+08,-9.228154e+08
15.1350,-1.07094000e-02,2.036954e+05,2.298352e-02,-7.05685775e-04,2.036954e+05,1.009958e+05
15.1400,-1.05139000e-02,8.907867e+04,1.005100e-02,-6.92803487e-04,8.907867e+04,-4.249328e+04
15.1450,-1.02455000e-02,2.267128e+05,2.558065e-02,-6.75117523e-04,2.267128e+05,-6.988530e+05
15.1500,-9.93552000e-03,-1.848293e+05,-2.085481e-02,-6.54691685e-04,-1.848293e+05,-1.466420e+05
15.1550,-9.62532000e-03,-2.717381e+05,-3.066098e-02,-6.34251349e-04,-2.717381e+05,-1.492628e+05
15.1600,-9.35337000e-03,-2.826266e+05,-3.188955e-02,-6.16331462e-04,-2.826266e+05,-2.680619e+05
15.1650,-9.08785000e-03,-2.543826e+05,-2.870271e-02,-5.98835273e-04,-2.543826e+05,-3.686907e+05
15.1700,-8.74601000e-03,-2.279063e+05,-2.571531e-02,-5.76310049e-04,-2.279063e+05,-4.191292e+05
15.1750,-8.27359000e-03,-2.035255e+05,-2.296436e-02,-5.45180381e-04,-2.035255e+05,-4.394509e+05
15.1800,-7.59777000e-03,-1.971693e+05,-2.224717e-02,-5.00647862e-04,-1.971693e+05,-4.362414e+05
15.1850,-6.71962000e-03,-2.154519e+05,-2.431005e-02,-4.42782999e-04,-2.154519e+05,-4.308462e+05
15.1900,-5.98314000e-03,-2.516957e+05,-2.839954e-02,-3.94253346e-04,-2.516957e+05,-4.229804e+05
15.1950,-5.39649000e-03,2.586612e+08,2.918548e+01,-3.55596600e-04,2.586612e+08,-6.786710e+08
15.2000,-4.62990000e-03,-1.316021e+06,-1.484903e-01,-3.05082878e-04,-1.316021e+06,2.056643e+06
15.2050,-3.70324000e-03,-9.336858e+06,-1.053504e+00,-2.44021494e-04,-9.336858e+06,1.700345e+07
15.2100,-2.73107000e-03,3.193195e+07,3.602972e+00,-1.79961272e-04,3.193195e+07,-8.372070e+07
15.2150,-1.82463000e-03,-9.102206e+06,-1.027028e+00,-1.20232267e-04,-9.102206e+06,1.671634e+07
15.2200,-1.10149000e-03,-3.297910e+05,-3.721126e-02,-7.25816408e-05,-3.297910e+05,2.884671e+05
15.2250,-8.58347000e-04,-8.357953e+06,-9.430515e-01,-5.65599630e-05,-8.357953e+06,1.512939e+07
15.2300,1.26098000e-03,-4.725769e+05,-5.332219e-02,8.30910834e-05,-4.725769e+05,2.576737e+05
15.2350,1.97673000e-03,-5.380708e+05,-6.071205e-02,1.30254752e-04,-5.380708e+05,2.373150e+05
15.2400,2.54065000e-03,-5.730343e+05,-6.465708e-02,1.67413727e-04,-5.730343e+05,2.177308e+05
15.2450,2.94098000e-03,-1.238359e+06,-1.397275e-01,1.93793093e-04,-1.238359e+06,1.434441e+06
15.2500,3.27207000e-03,-5.616389e+05,-6.337130e-02,2.15609955e-04,-5.616389e+05,2.309627e+05
15.2550,3.56024000e-03,-5.726760e+05,-6.461665e-02,2.34598644e-04,-5.726760e+05,1.806245e+05
15.2600,3.73983000e-03,-6.210857e+05,-7.007886e-02,2.46432557e-04,-6.210857e+05,2.370783e+05
15.2650,3.75761000e-03,-6.579511e+05,-7.423849e-02,2.47604154e-04,-6.579511e+05,3.023403e+05
15.2700,3.59792000e-03,-7.032056e+05,-7.934468e-02,2.37081532e-04,-7.032056e+05,2.548675e+05
15.2750,3.30762000e-03,-7.681421e+05,-8.667164e-02,2.17952489e-04,-7.681421e+05,1.964028e+05
15.2800,2.94639000e-03,4.287547e+06,4.837761e-01,1.94149580e-04,4.287547e+06,-1.465366e+07
15.2850,2.49782000e-03,-8.144882e+05,-9.190101e-02,1.64591484e-04,-8.144882e+05,1.063568e+05
15.2900,1.92721000e-03,-7.760192e+05,-8.756044e-02,1.26991679e-04,-7.760192e+05,5.175865e+04
15.2950,1.24296000e-03,5.784598e+05,6.526925e-02,8.19036725e-05,5.784598e+05,-3.808053e+06
15.3000,4.92629000e-04,-6.791606e+05,-7.663161e-02,3.24613216e-05,-6.791606e+05,-8.105301e+04
15.3050,6.83117000e-04,-6.156996e+05,-6.947112e-02,4.50133480e-05,-6.156996e+05,-1.804248e+05
15.3100,-1.09864000e-03,7.237865e+06,8.166688e-01,-7.23938428e-05,7.237865e+06,-2.282194e+07
15.3150,-1.91983000e-03,2.520814e+08,2.844306e+01,-1.26505380e-04,2.520814e+08,-6.580869e+08
15.3200,-2.64722000e-03,-2.337067e+05,-2.636979e-02,-1.74436056e-04,-2.337067e+05,-4.429262e+05
15.3250,-3.23001000e-03,5.331233e+06,6.015381e-01,-2.12838451e-04,5.331233e+06,-1.049797e+07
15.3300,-3.63486000e-03,2.038997e+07,2.300658e+00,-2.39515659e-04,2.038997e+07,-4.073580e+07
15.3350,-3.88587000e-03,2.363109e+06,2.666362e-01,-2.56055725e-04,2.363109e+06,-4.482007e+06
15.3400,-4.03851000e-03,1.065022e+05,1.201695e-02,-2.66113793e-04,1.065022e+05,-1.240287e+05
15.3450,-4.11487000e-03,2.128486e+06,2.401631e-01,-2.71145463e-04,2.128486e+06,-5.909036e+06
15.3500,-4.14539000e-03,1.045614e+05,1.179796e-02,-2.73156550e-04,1.045614e+05,6.368380e+04
15.3550,-4.14872000e-03,1.221945e+05,1.378755e-02,-2.73375977e-04,1.221945e+05,9.773275e+04
15.3600,-4.17399000e-03,1.538316e+05,1.735726e-02,-2.75041120e-04,1.538316e+05,1.117658e+05
15.3650,-4.23666000e-03,2.158903e+05,2.435951e-02,-2.79170700e-04,2.158903e+05,1.007694e+05
15.3700,-4.31730000e-03,2.803324e+05,3.163069e-02,-2.84484396e-04,2.803324e+05,9.402756e+04
15.3750,-4.38469000e-03,3.160631e+05,3.566229e-02,-2.88924997e-04,3.160631e+05,1.077733e+05
15.3800,-4.37480000e-03,6.346112e+05,7.160498e-02,-2.88273305e-04,6.346112e+05,-4.491364e+05
15.3850,-4.26455000e-03,-4.210102e+07,-4.750377e+00,-2.81008485e-04,-4.210102e+07,7.930133e+07
15.3900,-4.03761000e-03,2.824704e+05,3.187193e-02,-2.66054489e-04,2.824704e+05,1.991032e+05
15.3950,-3.91603000e-03,2.696371e+05,3.042392e-02,-2.58043090e-04,2.696371e+05,1.652514e+05
15.4000,-4.11900000e-03,2.440431e+05,2.753607e-02,-2.71417606e-04,2.440431e+05,1.589024e+05
15.4050,-4.20312000e-03,-7.977777e+04,-9.001551e-03,-2.76960613e-04,-7.977777e+04,6.899750e+05
15.4100,-4.17753000e-03,-2.143268e+07,-2.418310e+00,-2.75274385e-04,-2.143268e+07,4.048865e+07
15.4150,-3.99390000e-03,2.419244e+05,2.729701e-02,-2.63174260e-04,2.419244e+05,9.904176e+04
15.4200,-3.65301000e-03,-8.561554e+05,-9.660244e-02,-2.40711636e-04,-8.561554e+05,2.320322e+06
15.4250,-3.19380000e-03,5.171428e+05,5.835069e-02,-2.10452428e-04,5.171428e+05,8.698319e+03
15.4300,-2.68770000e-03,6.898842e+05,7.784158e-02,-1.77103447e-04,6.898842e+05,-4.187954e+04
15.4350,-2.14410000e-03,2.190691e+07,2.471818e+00,-1.41283440e-04,2.190691e+07,-3.934476e+07
15.4400,-1.55529000e-03,1.905825e+06,2.150396e-01,-1.02484362e-04,1.905825e+06,-2.409362e+06
15.4450,-1.28546000e-03,1.163549e+06,1.312865e-01,-8.47041698e-05,1.163549e+06,-1.538543e+05
15.4500,1.31974000e-03,1.257278e+06,1.418622e-01,8.69630179e-05,1.257278e+06,-1.779224e+05
15.4550,1.77096000e-03,3.086253e+07,3.482307e+00,1.16695733e-04,3.086253e+07,-7.717908e+07
15.4600,2.13751000e-03,1.362776e+06,1.537659e-01,1.40849198e-04,1.362776e+06,-2.642627e+05
15.4650,2.48147000e-03,1.381613e+06,1.558914e-01,1.63514117e-04,1.381613e+06,-2.860273e+05
15.4700,2.83851000e-03,1.382297e+06,1.559685e-01,1.87040929e-04,1.382297e+06,-2.763196e+05
15.4750,2.99392000e-03,1.353614e+06,1.527321e-01,1.97281524e-04,1.353614e+06,-2.152724e+05
15.4800,3.44682000e-03,1.294485e+06,1.460604e-01,2.27124941e-04,1.294485e+06,-1.242290e+05
15.4850,3.99330000e-03,1.222693e+06,1.379599e-01,2.63134723e-04,1.222693e+06,-2.226629e+04
15.4900,4.66333000e-03,1.140454e+06,1.286806e-01,3.07285716e-04,1.140454e+06,7.658203e+04
15.4950,5.30296000e-03,2.379349e+06,2.684687e-01,3.49433529e-04,2.379349e+06,-3.649629e+06
15.5000,5.93384000e-03,9.890101e+05,1.115928e-01,3.91004769e-04,9.890101e+05,1.864641e+05
15.5050,6.56040000e-03,8.661375e+05,9.772874e-02,4.32291347e-04,8.661375e+05,1.968662e+05
15.5100,7.17319000e-03,6.954943e+05,7.847459e-02,4.72670564e-04,6.954943e+05,1.898861e+05
15.5150,7.77121000e-03,4.852003e+05,5.474652e-02,5.12076526e-04,4.852003e+05,1.765855e+05
15.5200,8.32172000e-03,2.463111e+05,2.779198e-02,5.48351861e-04,2.463111e+05,1.626184e+05
15.5250,8.79294000e-03,-1.250369e+04,-1.410827e-03,5.79402457e-04,-1.250369e+04,1.389103e+05
15.5300,9.12294000e-03,-2.752655e+05,-3.105899e-02,6.01147495e-04,-2.752655e+05,1.075613e+05
15.5350,9.29392000e-03,1.083037e+08,1.222022e+01,6.12414060e-04,1.083037e+08,-2.834323e+08
15.5400,9.29645000e-03,-7.247319e+05,-8.177355e-02,6.12580772e-04,-7.247319e+05,2.367315e+04
15.5450,9.13645000e-03,-2.133679e+08,-2.407490e+01,6.02037724e-04,-2.133679e+08,3.964676e+08
15.5500,8.81385000e-03,-1.011589e+06,-1.141405e-01,5.80780302e-04,-1.011589e+06,5.463450e+04
15.5550,8.32405000e-03,-1.011027e+06,-1.140771e-01,5.48505395e-04,-1.011027e+06,-3.988856e+04
15.5600,7.66628000e-03,-4.361203e+07,-4.920868e+00,5.05162263e-04,-4.361203e+07,7.939972e+07
15.5650,6.84881000e-03,-1.039891e+06,-1.173339e-01,4.51295851e-04,-1.039891e+06,-4.567593e+04
15.5700,5.90222000e-03,-2.571924e+07,-2.901974e+00,3.88921199e-04,-2.571924e+07,4.600120e+07
15.5750,4.84877000e-03,-1.078181e+06,-1.216542e-01,3.19505109e-04,-1.078181e+06,1.647247e+04
15.5800,3.72344000e-03,-9.499326e+06,-1.071836e+00,2.45352554e-04,-9.499326e+06,1.570732e+07
15.5850,2.52764000e-03,5.793733e+05,6.537233e-02,1.66556445e-04,5.793733e+05,-4.887803e+06
15.5900,-1.32289000e-03,-1.118403e+06,-1.261926e-01,-8.71705842e-05,-1.118403e+06,2.239001e+03
15.5950,-1.30571000e-03,-1.119672e+06,-1.263358e-01,-8.60385244e-05,-1.119672e+06,1.859909e+02
15.6000,-1.54457000e-03,-1.090678e+06,-1.230643e-01,-1.01777978e-04,-1.090678e+06,9.412114e+03
15.6050,-2.99037000e-03,-1.033441e+06,-1.166061e-01,-1.97047600e-04,-1.033441e+06,2.844774e+04
15.6100,-4.35085000e-03,-9.431720e+05,-1.064208e-01,-2.86695142e-04,-9.431720e+05,1.678920e+04
15.6150,-5.64041000e-03,-8.440482e+05,-9.523634e-02,-3.71669477e-04,-8.440482e+05,-7.203238e+03
15.6200,-6.85886000e-03,-7.784650e+05,-8.783640e-02,-4.51958087e-04,-7.784650e+05,-3.363502e+04
15.6250,-7.95198000e-03,-7.240137e+05,-8.169251e-02,-5.23988194e-04,-7.240137e+05,-5.280298e+04
15.6300,-8.87525000e-03,-6.615569e+05,-7.464533e-02,-5.84826197e-04,-6.615569e+05,-3.199875e+04
15.6350,-9.65613000e-03,-5.834477e+05,-6.583205e-02,-6.36281545e-04,-5.834477e+05,2.742684e+04
15.6400,-1.03379000e-02,-4.811245e+05,-5.428664e-02,-6.81206134e-04,-4.811245e+05,1.054922e+05
15.6450,-1.09339000e-02,-3.651357e+05,-4.119930e-02,-7.20478990e-04,-3.651357e+05,2.004112e+05
15.6500,-1.14676000e-02,3.024331e+06,3.412439e-01,-7.55646646e-04,3.024331e+06,-9.081439e+06
15.6550,-1.19460000e-02,3.566956e+08,4.024697e+01,-7.87170361e-04,3.566956e+08,-9.132080e+08
15.6600,-1.23763000e-02,2.978723e+05,3.360977e-02,-8.15524572e-04,2.978723e+05,8.233771e+04
15.6650,-1.27504000e-02,4.835776e+05,5.456343e-02,-8.40175538e-04,4.835776e+05,1.151568e+05
15.6700,-1.30476000e-02,2.090787e+08,2.359094e+01,-8.59759250e-04,2.090787e+08,-5.454347e+08
15.6750,-1.32568000e-02,8.295042e+05,9.359531e-02,-8.73544286e-04,8.295042e+05,-1.388330e+05
15.6800,-1.33701000e-02,9.071197e+05,1.023529e-01,-8.81010082e-04,9.071197e+05,-1.588206e+05
15.6850,-1.33999000e-02,1.715055e+07,1.935145e+00,-8.82973725e-04,1.715055e+07,-4.242704e+07
15.6900,-1.34035000e-02,9.302118e+05,1.049584e-01,-8.83210944e-04,9.302118e+05,-1.638558e+05
15.6950,-1.34491000e-02,9.007358e+05,1.016326e-01,-8.86215713e-04,9.007358e+05,-1.643779e+05
15.7000,-1.35770000e-02,8.575366e+05,9.675827e-02,-8.94643562e-04,8.575366e+05,-1.857240e+05
15.7050,-1.37408000e-02,8.265291e+05,9.325961e-02,-9.05437008e-04,8.265291e+05,-2.193624e+05
15.7100,-1.38689000e-02,7.974545e+05,8.997905e-02,-9.13878036e-04,7.974545e+05,-2.347401e+05
15.7150,-1.39370000e-02,1.084773e+08,1.223980e+01,-9.18365421e-04,1.084773e+08,-2.808249e+08
15.7200,-1.39022000e-02,7.548748e+05,8.517466e-02,-9.16072308e-04,7.548748e+05,-2.467505e+05
15.7250,-1.37485000e-02,7.375108e+05,8.321543e-02,-9.05944392e-04,7.375108e+05,-1.893009e+05
15.7300,-1.34388000e-02,7.390594e+05,8.339017e-02,-8.85537004e-04,7.390594e+05,-1.611006e+05
15.7350,-1.29502000e-02,7.338460e+05,8.280192e-02,-8.53341169e-04,7.338460e+05,-1.193185e+05
15.7400,-1.22456000e-02,1.772579e+06,2.000051e-01,-8.06912219e-04,1.772579e+06,-2.076013e+06
15.7450,-1.13206000e-02,2.775782e+07,3.131993e+00,-7.45960220e-04,2.775782e+07,-5.063458e+07
15.7500,-1.01905000e-02,5.865929e+05,6.618694e-02,-6.71493350e-04,5.865929e+05,-5.554230e+04
15.7550,-8.87876000e-03,4.842556e+05,5.463993e-02,-5.85057485e-04,4.842556e+05,-7.675066e+03
15.7600,-7.43008000e-03,3.951211e+05,4.458264e-02,-4.89598088e-04,3.951211e+05,2.855709e+04
15.7650,-5.86181000e-03,-1.046753e+08,-1.181081e+01,-3.86258421e-04,-1.046753e+08,1.959747e+08
15.7700,-4.20683000e-03,2.390129e+05,2.696850e-02,-2.77205080e-04,2.390129e+05,1.242491e+05
15.7750,-2.48747000e-03,2.049059e+05,2.312011e-02,-1.63909481e-04,2.049059e+05,1.197138e+05
15.7800,-7.56940000e-04,-4.994085e+06,-5.634967e-01,-4.98778447e-05,-4.994085e+06,9.746672e+06
15.7850,1.20510000e-03,1.149268e+05,1.296751e-02,7.94089237e-05,1.149268e+05,1.130558e+05
15.7900,2.66014000e-03,-6.364663e+05,-7.181430e-02,1.75287407e-04,-6.364663e+05,1.379809e+06
15.7950,4.23739000e-03,-4.116511e+06,-4.644776e-01,2.79218803e-04,-4.116511e+06,7.689582e+06
15.8000,5.45860000e-03,-1.962788e+05,-2.214669e-02,3.59689280e-04,-1.962788e+05,1.275410e+05
15.8050,6.34072000e-03,-3.556393e+05,-4.012778e-02,4.17815742e-04,-3.556393e+05,1.193421e+05
15.8100,6.96175000e-03,-5.743792e+05,-6.480883e-02,4.58737926e-04,-5.743792e+05,2.149436e+05
15.8150,7.39475000e-03,-6.700194e+05,-7.560018e-02,4.87270051e-04,-6.700194e+05,1.282308e+05
15.8200,7.73232000e-03,-7.601850e+05,-8.577383e-02,5.09513906e-04,-7.601850e+05,1.806928e+05
15.8250,7.97312000e-03,-8.103998e+05,-9.143970e-02,5.25381194e-04,-8.103998e+05,2.579651e+05
15.8300,8.08839000e-03,-8.608859e+05,-9.713619e-02,5.32976802e-04,-8.608859e+05,2.875661e+05
15.8350,8.05079000e-03,-1.453727e+05,-1.640281e-02,5.30499186e-04,-1.453727e+05,-1.919892e+06
15.8400,7.82408000e-03,2.794642e+06,3.153274e-01,5.15560345e-04,2.794642e+06,-1.048673e+07
15.8450,7.43915000e-03,-8.125626e+05,-9.168374e-02,4.90195747e-04,-8.125626e+05,6.687001e+04
15.8500,6.96053000e-03,-7.324631e+05,-8.264589e-02,4.58657535e-04,-7.324631e+05,-2.892939e+04
15.8550,6.41127000e-03,-6.550046e+05,-7.390603e-02,4.22464567e-04,-6.550046e+05,-1.122092e+05
15.8600,5.81282000e-03,-5.927464e+05,-6.688126e-02,3.83030271e-04,-5.927464e+05,-1.740267e+05
15.8650,5.15488000e-03,-5.295916e+05,-5.975532e-02,3.39675938e-04,-5.295916e+05,-2.120127e+05
15.8700,4.40398000e-03,-4.369717e+05,-4.930475e-02,2.90196093e-04,-4.369717e+05,-2.288035e+05
15.8750,3.54562000e-03,-3.173441e+05,-3.580683e-02,2.33635273e-04,-3.173441e+05,-2.288562e+05
15.8800,2.58056000e-03,-1.837294e+05,-2.073071e-02,1.70043558e-04,-1.837294e+05,-2.209151e+05
15.8850,1.54844000e-03,9.716056e+06,1.096290e+00,1.02032988e-04,9.716056e+06,-1.840702e+07
15.8900,6.01302000e-04,1.206771e+05,1.361634e-02,3.96222261e-05,1.206771e+05,-1.839757e+05
15.8950,5.80522000e-04,5.197836e+06,5.864865e-01,3.82529476e-05,5.197836e+06,-1.298078e+07
15.9000,-9.87864000e-04,9.247733e+07,1.043448e+01,-6.50943631e-05,9.247733e+07,-2.400194e+08
15.9050,-1.61466000e-03,4.073625e+05,4.596386e-02,-1.06396492e-04,4.073625e+05,-1.658954e+04
15.9100,-2.12677000e-03,2.339871e+07,2.640143e+00,-1.40141496e-04,2.339871e+07,-5.993246e+07
15.9150,-2.55295000e-03,3.261125e+05,3.679620e-02,-1.68224223e-04,3.261125e+05,1.791668e+04
15.9200,-2.93034000e-03,2.415947e+05,2.725981e-02,-1.93091980e-04,2.415947e+05,4.356880e+04
15.9250,-3.26362000e-03,1.566585e+05,1.767622e-02,-2.15053150e-04,1.566585e+05,6.426411e+04
15.9300,-3.54857000e-03,8.369943e+04,9.444044e-03,-2.33829661e-04,8.369943e+04,9.664833e+04
15.9350,-3.76978000e-03,5.975196e+04,6.741982e-03,-2.48406084e-04,5.975196e+04,1.222990e+05
15.9400,-3.91815000e-03,-2.058069e+06,-2.322177e-01,-2.58182785e-04,-2.058069e+06,4.029418e+06
15.9450,-4.01641000e-03,-3.035348e+07,-3.424869e+00,-2.64657535e-04,-3.035348e+07,5.674144e+07
15.9500,-4.12744000e-03,-6.050909e+04,-6.827411e-03,-2.71973751e-04,-6.050909e+04,6.680607e+04
15.9550,-4.27418000e-03,-1.437941e+05,-1.622470e-02,-2.81643045e-04,-1.437941e+05,2.278616e+04
15.9600,-4.43777000e-03,-2.563300e+05,-2.892244e-02,-2.92422653e-04,-2.563300e+05,2.185229e+04
15.9650,-4.57854000e-03,-3.947807e+05,-4.454423e-02,-3.01698559e-04,-3.947807e+05,5.107011e+04
15.9700,-4.66201000e-03,-5.239555e+05,-5.911938e-02,-3.07198736e-04,-5.239555e+05,7.551990e+04
15.9750,-4.71823000e-03,-1.810859e+06,-2.043244e-01,-3.10903299e-04,-1.810859e+06,2.276947e+06
15.9800,-4.83408000e-03,-9.210964e+06,-1.039299e+00,-3.18537125e-04,-9.210964e+06,1.593712e+07
15.9850,-5.02838000e-03,-7.443164e+05,-8.398332e-02,-3.31340340e-04,-7.443164e+05,6.370283e+04
15.9900,-5.26934000e-03,-7.118534e+05,-8.032043e-02,-3.47218171e-04,-7.118534e+05,1.589786e+04
15.9950,-5.51324000e-03,-6.258884e+05,-7.062076e-02,-3.63289731e-04,-6.258884e+05,-2.811977e+04
16.0000,-5.67512000e-03,-5.198779e+05,-5.865929e-02,-3.73956660e-04,-5.198779e+05,-5.909389e+04
16.0050,-5.73496000e-03,-4.033652e+05,-4.551284e-02,-3.77899760e-04,-4.033652e+05,-7.865664e+04
16.0100,-5.68852000e-03,-2.868392e+05,-3.236488e-02,-3.74839640e-04,-2.868392e+05,-9.370620e+04
16.0150,-5.55744000e-03,-1.780226e+05,-2.008679e-02,-3.66202248e-04,-1.780226e+05,-1.014101e+05
16.0200,-5.38724000e-03,-7.557746e+04,-8.527619e-03,-3.54987080e-04,-7.557746e+04,-1.020115e+05
16.0250,-5.19878000e-03,2.650484e+04,2.990616e-03,-3.42568687e-04,2.650484e+04,-9.538701e+04
16.0300,-5.02123000e-03,1.447708e+05,1.633490e-02,-3.30869197e-04,1.447708e+05,-8.039412e+04
16.0350,-4.84354000e-03,2.799638e+05,3.158911e-02,-3.19160483e-04,2.799638e+05,-6.069773e+04
16.0400,-4.64915000e-03,4.227275e+05,4.769754e-02,-3.06351338e-04,4.227275e+05,-4.561988e+04
16.0450,-4.43828000e-03,5.651900e+05,6.377199e-02,-2.92456259e-04,5.651900e+05,-3.545294e+04
16.0500,-4.20857000e-03,6.848749e+05,7.727637e-02,-2.77319736e-04,6.848749e+05,-4.453701e+04
16.0550,-3.95542000e-03,2.688496e+07,3.033506e+00,-2.60638656e-04,2.688496e+07,-4.878701e+07
16.0600,-3.67290000e-03,8.199792e+05,9.252057e-02,-2.42022268e-04,8.199792e+05,-7.306483e+04
16.0650,-3.35812000e-03,2.556968e+08,2.885099e+01,-2.21280138e-04,2.556968e+08,-6.640325e+08
16.0700,-3.00570000e-03,8.223426e+05,9.278724e-02,-1.98057756e-04,8.223426e+05,-1.537251e+05
16.0750,-2.61248000e-03,7.247701e+05,8.177786e-02,-1.72146896e-04,7.247701e+05,-8.035563e+04
16.0800,-2.16827000e-03,2.113540e+08,2.384767e+01,-1.42876099e-04,2.113540e+08,-5.490149e+08
16.0850,-1.66764000e-03,5.203651e+05,5.871427e-02,-1.09887559e-04,5.203651e+05,-4.841771e+04
16.0900,1.09358000e-03,3.904613e+05,4.405686e-02,7.20604188e-05,3.904613e+05,3.018005e+04
16.0950,9.60603000e-04,1.300318e+07,1.467186e+00,6.32980253e-05,1.300318e+07,-3.303715e+07
16.1000,9.74783000e-04,2.333084e+05,2.632485e-02,6.42324030e-05,2.333084e+05,8.499615e+04
16.1050,1.36131000e-03,1.925807e+05,2.172942e-02,8.97022337e-05,1.925807e+05,9.971816e+04
16.1100,2.32014000e-03,1.623015e+05,1.831294e-02,1.52883429e-04,1.623015e+05,9.592283e+04
16.1150,3.19265000e-03,1.294541e+05,1.460668e-02,2.10376649e-04,1.294541e+05,7.908078e+04
16.1200,3.86127000e-03,7.370156e+04,8.315956e-03,2.54434731e-04,7.370156e+04,6.788970e+04
16.1250,4.33110000e-03,4.135897e+02,4.666649e-05,2.85393734e-04,4.135897e+02,6.181815e+04
16.1300,4.67063000e-03,-7.172545e+04,-8.092985e-03,3.07766742e-04,-7.172545e+04,5.968784e+04
16.1350,4.90603000e-03,-1.321151e+05,-1.490692e-02,3.23278202e-04,-1.321151e+05,5.694537e+04
16.1400,5.04349000e-03,-1.648287e+05,-1.859808e-02,3.32335999e-04,-1.648287e+05,6.387707e+04
16.1450,5.07044000e-03,-4.447313e+07,-5.018029e+00,3.34111844e-04,-4.447313e+07,8.274878e+07
16.1500,4.98736000e-03,-1.348632e+05,-1.521700e-02,3.28637366e-04,-1.348632e+05,9.434778e+04
16.1550,4.81413000e-03,-4.261464e+04,-4.808331e-03,3.17222539e-04,-4.261464e+04,8.894472e+04
16.1600,4.58942000e-03,8.052962e+04,9.086384e-03,3.02415486e-04,8.052962e+04,1.003411e+05
16.1650,4.33029000e-03,3.648940e+06,4.117203e-01,2.85340360e-04,3.648940e+06,-8.806117e+06
16.1700,4.06605000e-03,3.840975e+05,4.333881e-02,2.67928516e-04,3.840975e+05,1.066793e+05
16.1750,3.80714000e-03,5.415115e+05,6.110027e-02,2.50867886e-04,5.415115e+05,9.005002e+04
16.1800,3.56769000e-03,5.331989e+06,6.016234e-01,2.35089555e-04,5.331989e+06,-8.644780e+06
16.1850,3.34848000e-03,1.837033e+06,2.072776e-01,2.20644920e-04,1.837033e+06,-1.997600e+06
16.1900,3.14781000e-03,8.292644e+05,9.356825e-02,2.07421960e-04,8.292644e+05,-5.871178e+04
16.1950,2.96349000e-03,1.536880e+07,1.734105e+00,1.95276368e-04,1.536880e+07,-3.792863e+07
16.2000,2.78328000e-03,8.221475e+05,9.276523e-02,1.83401601e-04,8.221475e+05,-9.635183e+04
16.2050,2.59867000e-03,7.711020e+05,8.700562e-02,1.71236900e-04,7.711020e+05,-8.223034e+04
16.2100,2.41058000e-03,5.684529e+06,6.414015e-01,1.58842887e-04,5.684529e+06,-1.306053e+07
16.2150,2.22822000e-03,5.966914e+05,6.732637e-02,1.46826448e-04,5.966914e+05,-6.271225e+04
16.2200,2.05835000e-03,4.694106e+05,5.296492e-02,1.35633025e-04,4.694106e+05,-6.478569e+04
16.2250,1.89775000e-03,3.181429e+05,3.589696e-02,1.25050440e-04,3.181429e+05,-7.517941e+04
16.2300,1.73829000e-03,1.435717e+05,1.619960e-02,1.14542974e-04,1.435717e+05,-8.080367e+04
16.2350,1.58200000e-03,-5.168012e+04,-5.831215e-03,1.04244392e-04,-5.168012e+04,-8.366413e+04
16.2400,1.42839000e-03,-2.557906e+05,-2.886158e-02,9.41224068e-05,-2.557906e+05,-8.227134e+04
16.2450,1.27214000e-03,-2.421597e+05,-2.732356e-02,8.38264610e-05,-2.421597e+05,-4.842024e+05
16.2500,1.10446000e-03,-6.378341e+05,-7.196862e-02,7.27773461e-05,-6.378341e+05,-7.862912e+04
16.2550,9.22910000e-04,-7.906079e+05,-8.920652e-02,6.08142808e-05,-7.906079e+05,-6.826070e+04
16.2600,7.22862000e-04,-9.024246e+05,-1.018231e-01,4.76323072e-05,-9.024246e+05,-5.345968e+04
16.2650,-7.90336000e-04,-9.755078e+05,-1.100693e-01,-5.20784425e-05,-9.755078e+05,-3.347815e+04
16.2700,-8.97472000e-04,-1.010748e+06,-1.140456e-01,-5.91380678e-05,-1.010748e+06,-1.726412e+04
16.2750,-9.58856000e-04,-1.002096e+08,-1.130693e+01,-6.31829084e-05,-1.002096e+08,1.850828e+08
16.2800,-9.68039000e-04,-9.997751e+05,-1.128075e-01,-6.37880135e-05,-9.997751e+05,2.886429e+04
16.2850,-1.55206000e-03,-9.386023e+05,-1.059052e-01,-1.02271524e-04,-9.386023e+05,1.082347e+04
16.2900,-2.32896000e-03,-1.574561e+07,-1.776622e+00,-1.53464614e-04,-1.574561e+07,2.780618e+07
16.2950,-3.05525000e-03,-7.392251e+05,-8.340886e-02,-2.01322806e-04,-7.392251e+05,4.178985e+04
16.3000,-3.70749000e-03,-1.051584e+07,-1.186532e+00,-2.44301544e-04,-1.051584e+07,1.856097e+07
16.3050,-4.27951000e-03,-4.494331e+05,-5.071081e-02,-2.81994260e-04,-4.494331e+05,1.133579e+05
16.3100,-4.75155000e-03,-2.701281e+05,-3.047931e-02,-3.13098889e-04,-2.701281e+05,1.165697e+05
16.3150,-5.12269000e-03,-7.555117e+04,-8.524652e-03,-3.37554808e-04,-7.555117e+04,1.181406e+05
16.3200,-5.39754000e-03,1.487874e+05,1.678811e-02,-3.55665789e-04,1.487874e+05,1.151012e+05
16.3250,-5.59385000e-03,3.918620e+05,4.421490e-02,-3.68601450e-04,3.918620e+05,1.100939e+05
16.3300,-5.74588000e-03,6.198213e+05,6.993619e-02,-3.78619323e-04,6.198213e+05,1.088561e+05
16.3350,-5.84147000e-03,8.166721e+05,9.214743e-02,-3.84918136e-04,8.166721e+05,1.029292e+05
16.3400,-5.86313000e-03,9.449118e+05,1.066171e-01,-3.86345401e-04,9.449118e+05,7.476638e+04
16.3450,-5.81192000e-03,9.869551e+05,1.113609e-01,-3.82970966e-04,9.869551e+05,4.295852e+04
16.3500,-5.70890000e-03,2.126196e+07,2.399047e+00,-3.76182561e-04,2.126196e+07,-3.785406e+07
16.3550,-5.57320000e-03,1.439297e+06,1.623999e-01,-3.67240738e-04,1.439297e+06,-9.988202e+05
16.3600,-5.43324000e-03,1.509007e+08,1.702656e+01,-3.58018206e-04,1.509007e+08,-3.909206e+08
16.3650,-5.29395000e-03,8.468039e+05,9.554728e-02,-3.48839824e-04,8.468039e+05,-2.186032e+05
16.3700,-5.15803000e-03,7.373026e+05,8.319194e-02,-3.39883504e-04,7.373026e+05,-1.635601e+05
16.3750,-5.02072000e-03,5.979928e+05,6.747322e-02,-3.30835591e-04,5.979928e+05,-1.612239e+05
16.3800,-4.85740000e-03,4.484127e+05,5.059567e-02,-3.20073775e-04,4.484127e+05,-8.833380e+04
16.3850,-4.64213000e-03,3.188363e+05,3.597520e-02,-3.05888762e-04,3.188363e+05,-4.267334e+04
16.3900,-4.31710000e-03,1.619260e+05,1.827057e-02,-2.84471218e-04,1.619260e+05,-6.684663e+04
16.3950,-3.85803000e-03,-1.372387e+04,-1.548503e-03,-2.54221235e-04,-1.372387e+04,-6.956861e+04
16.4000,-3.24900000e-03,-1.992021e+05,-2.247654e-02,-2.14089779e-04,-1.992021e+05,-6.065000e+04
16.4050,-2.51086000e-03,-3.961897e+05,-4.470320e-02,-1.65450743e-04,-3.961897e+05,-5.525699e+04
16.4100,-1.73229000e-03,-5.618982e+05,-6.340057e-02,-1.14147610e-04,-5.618982e+05,-6.881963e+04
16.4150,-1.30496000e-03,-6.957094e+05,-7.849886e-02,-8.59891038e-05,-6.957094e+05,-8.278493e+04
16.4200,-1.05333000e-03,-7.962872e+05,-8.984733e-02,-6.94081832e-05,-7.962872e+05,-9.373180e+04
16.4250,-8.24552000e-04,-8.629128e+05,-9.736489e-02,-5.43330735e-05,-8.629128e+05,-9.591041e+04
16.4300,9.58295000e-04,-1.024178e+07,-1.155609e+00,6.31459418e-05,-1.024178e+07,1.736569e+07
16.4350,1.46181000e-03,-3.639131e+07,-4.106135e+00,9.63245861e-05,-3.639131e+07,6.622049e+07
16.4400,1.90372000e-03,-8.354158e+05,-9.426233e-02,1.25443827e-04,-8.354158e+05,-6.935838e+03
16.4450,2.28034000e-03,-1.903342e+07,-2.147594e+00,1.50260846e-04,-1.903342e+07,3.416349e+07
16.4500,2.55495000e-03,-6.351788e+05,-7.166902e-02,1.68356012e-04,-6.351788e+05,6.673278e+04
16.4550,2.70732000e-03,-9.379181e+06,-1.058280e+00,1.78396288e-04,-9.379181e+06,1.658847e+07
16.4600,2.73552000e-03,-4.802086e+05,-5.418329e-02,1.80254501e-04,-4.802086e+05,1.325743e+05
16.4650,2.66435000e-03,-2.748092e+06,-3.100750e-01,1.75564821e-04,-2.748092e+06,4.443379e+06
16.4700,2.54793000e-03,-4.422433e+05,-4.989956e-02,1.67893435e-04,-4.422433e+05,1.790843e+05
16.4750,2.40010000e-03,-4.368803e+05,-4.929444e-02,1.58152317e-04,-4.368803e+05,1.798619e+05
16.4800,2.19785000e-03,-4.326284e+05,-4.881468e-02,1.44825245e-04,-4.326284e+05,1.744667e+05
16.4850,1.89591000e-03,-4.247750e+05,-4.792857e-02,1.24929195e-04,-4.247750e+05,1.642457e+05
16.4900,1.44763000e-03,-4.168632e+05,-4.703586e-02,9.53902084e-05,-4.168632e+05,1.423304e+05
16.4950,8.84399000e-04,-4.157905e+05,-4.691482e-02,5.82766349e-05,-4.157905e+05,1.037771e+05
16.5000,3.10631000e-04,-4.202364e+05,-4.741647e-02,2.04687357e-05,-4.202364e+05,5.214683e+04
16.5050,-5.55533000e-04,-4.186632e+05,-4.723896e-02,-3.66063211e-05,-4.186632e+05,-7.505564e+03
16.5100,-8.31291000e-04,-4.136067e+05,-4.666842e-02,-5.47771335e-05,-4.136067e+05,-4.086901e+04
16.5150,-1.06959000e-03,-4.053427e+05,-4.573596e-02,-7.04796205e-05,-4.053427e+05,-4.812073e+04
16.5200,-1.25443000e-03,-4.129115e+05,-4.658998e-02,-8.26594773e-05,-4.129115e+05,-4.738667e+04
16.5250,-1.43247000e-03,-4.388025e+05,-4.951133e-02,-9.43912546e-05,-4.388025e+05,-4.618615e+04
16.5300,-1.82035000e-03,-4.669614e+05,-5.268858e-02,-1.19950240e-04,-4.669614e+05,-4.822660e+04
16.5350,-2.26538000e-03,1.101250e+08,1.242571e+01,-1.49275071e-04,1.101250e+08,-2.882341e+08
16.5400,-2.68789000e-03,-4.884978e+05,-5.511859e-02,-1.77115967e-04,-4.884978e+05,-9.322960e+04
16.5450,-3.08900000e-03,-4.823557e+05,-5.442556e-02,-2.03546731e-04,-4.823557e+05,-6.452563e+04
16.5500,-3.48219000e-03,2.634278e+07,2.972330e+00,-2.29455614e-04,2.634278e+07,-7.021408e+07
16.5550,-3.87281000e-03,3.179195e+06,3.587175e-01,-2.55195149e-04,3.179195e+06,-6.689450e+06
16.5600,-4.25085000e-03,-2.801006e+05,-3.160454e-02,-2.80105737e-04,-2.801006e+05,-7.645186e+04
16.5650,-4.60436000e-03,-1.114520e+05,-1.257545e-02,-3.03399943e-04,-1.114520e+05,-2.318712e+05
16.5700,-4.91680000e-03,-1.239205e+05,-1.398230e-02,-3.23987881e-04,-1.239205e+05,-6.452424e+04
16.5750,-5.19000000e-03,-4.870127e+04,-5.495102e-03,-3.41990137e-04,-4.870127e+04,-5.712147e+04
16.5800,-5.43361000e-03,4.226332e+05,4.768690e-02,-3.58042587e-04,4.226332e+05,-7.745282e+05
16.5850,-5.65670000e-03,1.191178e+05,1.344040e-02,-3.72742891e-04,1.191178e+05,-4.184329e+04
16.5900,-5.83690000e-03,2.323902e+05,2.622125e-02,-3.84617000e-04,2.323902e+05,-3.278780e+04
16.5950,-5.94781000e-03,3.580963e+05,4.040502e-02,-3.91925309e-04,3.580963e+05,-3.327988e+04
16.6000,-5.95601000e-03,4.827409e+05,5.446902e-02,-3.92465641e-04,4.827409e+05,-2.367776e+04
16.6050,-5.85331000e-03,5.968303e+05,6.734205e-02,-3.85698321e-04,5.968303e+05,-1.044923e+04
16.6100,-5.62764000e-03,6.970235e+05,7.864713e-02,-3.70828010e-04,6.970235e+05,2.053885e+03
16.6150,-5.28184000e-03,7.853437e+05,8.861256e-02,-3.48041847e-04,7.853437e+05,1.912476e+04
16.6200,-4.83420000e-03,2.508404e+06,2.830303e-01,-3.18545033e-04,2.508404e+06,-4.254239e+06
16.6250,-4.30505000e-03,2.221288e+07,2.506342e+00,-2.83677194e-04,2.221288e+07,-5.540727e+07
16.6300,-3.73569000e-03,9.751193e+05,1.100255e-01,-2.46159756e-04,9.751193e+05,3.420946e+04
16.6350,-3.13955000e-03,9.814315e+05,1.107377e-01,-2.06877675e-04,9.814315e+05,5.268738e+04
16.6400,-2.54052000e-03,9.468349e+05,1.068341e-01,-1.67405160e-04,9.468349e+05,5.603268e+04
16.6450,-1.94368000e-03,1.087088e+06,1.226593e-01,-1.28076954e-04,1.087088e+06,-3.617753e+05
16.6500,-1.35081000e-03,7.417786e+05,8.369698e-02,-8.90103462e-05,7.417786e+05,3.139410e+04
16.6550,-7.56050000e-04,5.793834e+05,6.537347e-02,-4.98191990e-05,5.793834e+05,-1.452980e+04
16.6600,6.40956000e-04,4.177932e+05,4.714078e-02,4.22351888e-05,4.177932e+05,-2.326828e+04
16.6650,6.96745000e-04,-7.731273e+07,-8.723414e+00,4.59113522e-05,-7.731273e+07,1.447693e+08
16.6700,1.20713000e-03,1.526527e+05,1.722423e-02,7.95426886e-05,1.526527e+05,-2.785247e+04
16.6750,1.90313000e-03,5.534550e+04,6.244789e-03,1.25404950e-04,5.534550e+04,-5.573448e+04
16.6800,2.47491000e-03,-2.369739e+04,-2.673844e-03,1.63081852e-04,-2.369739e+04,-4.559681e+04
16.6850,2.92899000e-03,-1.279599e+07,-1.443808e+00,1.93003023e-04,-1.279599e+07,2.368180e+07
16.6900,3.32470000e-03,-1.416012e+05,-1.597727e-02,2.19077959e-04,-1.416012e+05,8.264839e+03
16.6950,3.70102000e-03,-1.539257e+05,-1.736787e-02,2.43875209e-04,-1.539257e+05,2.610324e+04
16.7000,4.07646000e-03,-1.404615e+05,-1.584867e-02,2.68614473e-04,-1.404615e+05,3.786678e+04
16.7050,4.43685000e-03,-1.090210e+05,-1.230115e-02,2.92362031e-04,-1.090210e+05,4.090728e+04
16.7100,4.75410000e-03,-8.323927e+04,-9.392122e-03,3.13266919e-04,-8.323927e+04,3.860462e+04
16.7150,5.01021000e-03,6.540721e+07,7.380080e+00,3.30143045e-04,6.540721e+07,-1.705244e+08
16.7200,5.17080000e-03,-2.061154e+04,-2.325658e-03,3.40724971e-04,-2.061154e+04,-7.389188e+03
16.7250,5.22522000e-03,2.714757e+04,3.063137e-03,3.44310925e-04,2.714757e+04,1.550902e+03
16.7300,5.16708000e-03,1.135825e+05,1.281584e-02,3.40479845e-04,1.135825e+05,1.090586e+03
16.7350,5.01003000e-03,2.231182e+05,2.517506e-02,3.30131184e-04,2.231182e+05,-8.681677e+03
16.7400,4.77623000e-03,3.316171e+05,3.741730e-02,3.14725154e-04,3.316171e+05,-4.464731e+03
16.7450,4.47829000e-03,4.342518e+05,4.899786e-02,2.95092680e-04,4.342518e+05,8.471506e+03
16.7500,4.13949000e-03,8.923533e+06,1.006868e+00,2.72767775e-04,8.923533e+06,-1.568358e+07
16.7550,3.76681000e-03,5.585581e+05,6.302368e-02,2.48210379e-04,5.585581e+05,1.510237e+04
16.7600,3.37479000e-03,5.755366e+05,6.493942e-02,2.22378592e-04,5.755366e+05,1.753385e+04
16.7650,2.97610000e-03,5.715420e+05,6.448870e-02,1.96107292e-04,5.715420e+05,1.283933e+04
16.7700,2.60659000e-03,5.559802e+05,6.273282e-02,1.71758780e-04,5.559802e+05,1.634746e+04
16.7750,2.28473000e-03,5.282161e+05,5.960012e-02,1.50550120e-04,5.282161e+05,2.962261e+04
16.7800,2.03059000e-03,4.844016e+05,5.465640e-02,1.33803806e-04,4.844016e+05,4.279984e+04
16.7850,1.83166000e-03,3.362806e+07,3.794349e+00,1.20695502e-04,3.362806e+07,-8.645452e+07
16.7900,1.63536000e-03,3.405726e+05,3.842777e-02,1.07760499e-04,3.405726e+05,3.474935e+04
16.7950,1.40730000e-03,2.237045e+05,2.524121e-02,9.27327013e-05,2.237045e+05,4.489280e+04
16.8000,1.13824000e-03,6.755409e+06,7.622319e-01,7.50032473e-05,6.755409e+06,-1.732572e+07
16.8050,8.44966000e-04,-5.465237e+04,-6.166582e-03,5.56782347e-05,-5.465237e+04,1.504062e+04
16.8100,5.53413000e-04,-2.429900e+07,-2.741724e+00,3.64666257e-05,-2.429900e+07,4.496404e+07
16.8150,2.67566000e-04,4.700348e+05,5.303536e-02,1.76310083e-05,4.700348e+05,-2.125783e+06
16.8200,-2.24706000e-04,7.595179e+05,8.569855e-02,-1.48067891e-05,7.595179e+05,-3.199559e+06
16.8250,-3.01656000e-04,-5.483230e+05,-6.186884e-02,-1.98773366e-05,-5.483230e+05,-7.939563e+04
16.8300,-6.02909000e-04,-6.414707e+05,-7.237895e-02,-3.97281178e-05,-6.414707e+05,-7.975008e+04
16.8350,-9.76936000e-04,-7.227416e+05,-8.154897e-02,-6.43742729e-05,-7.227416e+05,-6.995397e+04
16.8400,-1.38213000e-03,-7.952328e+05,-8.972837e-02,-9.10741479e-05,-7.952328e+05,-5.673615e+04
16.8450,-1.79809000e-03,-8.587785e+05,-9.689840e-02,-1.18483438e-04,-8.587785e+05,-3.837561e+04
16.8500,-2.19975000e-03,-9.110813e+05,-1.027999e-01,-1.44950444e-04,-9.110813e+05,-1.227385e+04
16.8550,-2.57854000e-03,-9.571202e+05,-1.079946e-01,-1.69910452e-04,-9.571202e+05,1.521459e+04
16.8600,-2.93967000e-03,-9.901381e+05,-1.117201e-01,-1.93706772e-04,-9.901381e+05,3.696574e+04
16.8650,-3.29666000e-03,-9.972033e+05,-1.125173e-01,-2.17230290e-04,-9.972033e+05,5.510034e+04
16.8700,-3.66111000e-03,1.809969e+05,2.042240e-02,-2.41245378e-04,1.809969e+05,-3.247464e+06
16.8750,-4.02852000e-03,-8.762569e+05,-9.887055e-02,-2.65455512e-04,-8.762569e+05,6.467024e+04
16.8800,-4.38246000e-03,-7.658909e+05,-8.641764e-02,-2.88778053e-04,-7.658909e+05,4.998833e+04
16.8850,-4.70754000e-03,-6.409948e+05,-7.232526e-02,-3.10198892e-04,-6.409948e+05,2.621391e+04
16.8900,-4.97240000e-03,-5.043335e+05,-5.690537e-02,-3.27651591e-04,-5.043335e+05,3.534143e+03
16.8950,-5.16888000e-03,-3.695377e+05,-4.169598e-02,-3.40598454e-04,-3.695377e+05,-7.760180e+03
16.9000,-5.30199000e-03,-2.538755e+05,-2.864550e-02,-3.49369612e-04,-2.538755e+05,-3.465053e+03
16.9050,-5.38840000e-03,-1.517155e+05,-1.711849e-02,-3.55063517e-04,-1.517155e+05,8.355385e+03
16.9100,-5.46234000e-03,-5.454580e+04,-6.154557e-03,-3.59935723e-04,-5.454580e+04,1.258686e+04
16.9150,-5.53730000e-03,3.657519e+04,4.126882e-03,-3.64875142e-04,3.657519e+04,1.487537e+04
16.9200,-5.63318000e-03,1.294538e+05,1.460664e-02,-3.71193063e-04,1.294538e+05,1.621112e+04
16.9250,-5.75246000e-03,7.949365e+05,8.969493e-02,-3.79052906e-04,7.949365e+05,-1.053027e+06
16.9300,-5.89634000e-03,1.726838e+08,1.948440e+01,-3.88533742e-04,1.726838e+08,-4.385527e+08
16.9350,-6.06083000e-03,4.117423e+05,4.645805e-02,-3.99372655e-04,4.117423e+05,-5.513838e+04
16.9400,-6.23045000e-03,4.794415e+05,5.409674e-02,-4.10549605e-04,4.794415e+05,-4.259552e+04
16.9450,-6.39110000e-03,5.298532e+05,5.978483e-02,-4.21135484e-04,5.298532e+05,-4.369145e+04
16.9500,-6.51305000e-03,5.622225e+05,6.343716e-02,-4.29171264e-04,5.622225e+05,-5.462820e+04
16.9550,-6.58212000e-03,5.661667e+05,6.388219e-02,-4.33722566e-04,5.661667e+05,-7.190479e+04
16.9600,-6.57633000e-03,5.434720e+05,6.132148e-02,-4.33341040e-04,5.434720e+05,-7.761384e+04
16.9650,-6.49073000e-03,5.110455e+05,5.766271e-02,-4.27700509e-04,5.110455e+05,-7.857793e+04
16.9700,-6.32184000e-03,4.843216e+05,5.464738e-02,-4.16571662e-04,4.843216e+05,-8.313865e+04
16.9750,-6.07126000e-03,4.655191e+05,5.252584e-02,-4.00059930e-04,4.655191e+05,-8.400296e+04
16.9800,-5.73859000e-03,4.570603e+05,5.157141e-02,-3.78138955e-04,4.570603e+05,-7.926521e+04
16.9850,-5.31955000e-03,4.564044e+05,5.149740e-02,-3.50526711e-04,4.564044e+05,-7.256355e+04
16.9900,-4.80164000e-03,4.599802e+05,5.190087e-02,-3.16399522e-04,4.599802e+05,-5.966905e+04
16.9950,-4.17778000e-03,4.600406e+05,5.190768e-02,-2.75290858e-04,4.600406e+05,-3.988038e+04
17.0000,-3.43943000e-03,4.481723e+05,5.056855e-02,-2.26637984e-04,4.481723e+05,-2.397159e+04
17.0050,-2.58687000e-03,4.301848e+05,4.853897e-02,-1.70459350e-04,4.301848e+05,-1.806702e+04
17.0100,-1.62484000e-03,7.194396e+07,8.117640e+00,-1.07067294e-04,7.194396e+07,-1.857696e+08
17.0150,5.65903000e-04,3.989534e+05,4.501505e-02,3.72896425e-05,3.989534e+05,-4.523599e+04
17.0200,6.42176000e-04,3.727755e+05,4.206132e-02,4.23155796e-05,3.727755e+05,-2.290596e+04
17.0250,1.90046000e-03,3.576367e+05,4.035316e-02,1.25229013e-04,3.576367e+05,-1.861906e+04
17.0300,3.09382000e-03,3.384220e+05,3.818511e-02,2.03864340e-04,3.384220e+05,-7.676783e+03
17.0350,4.17187000e-03,4.690473e+05,5.292393e-02,2.74901424e-04,4.690473e+05,-3.979003e+05
17.0400,5.05337000e-03,2.767808e+05,3.122996e-02,3.32987032e-04,2.767808e+05,3.643120e+04
17.0450,5.75893000e-03,-6.051964e+07,-6.828602e+00,3.79479241e-04,-6.051964e+07,1.134274e+08
17.0500,6.34763000e-03,1.581925e+05,1.784931e-02,4.18271070e-04,1.581925e+05,1.529200e+05
17.0550,6.83146000e-03,1.188265e+05,1.340753e-02,4.50152590e-04,1.188265e+05,1.811578e+05
17.0600,7.21527000e-03,-3.144846e+06,-3.548418e-01,4.75443386e-04,-3.144846e+06,6.224682e+06
17.0650,7.49280000e-03,-7.839898e+06,-8.845979e-01,4.93730963e-04,-7.839898e+06,1.492702e+07
17.0700,7.65679000e-03,-8.713804e+05,-9.832031e-02,5.04536929e-04,-8.713804e+05,1.858888e+06
17.0750,7.70819000e-03,5.501845e+03,6.207887e-04,5.07923883e-04,5.501845e+03,1.699887e+05
17.0800,7.65467000e-03,2.089891e+04,2.358083e-03,5.04397233e-04,2.089891e+04,1.403864e+05
17.0850,7.50114000e-03,5.884602e+04,6.639763e-03,4.94280519e-04,5.884602e+04,1.036665e+05
17.0900,7.25937000e-03,1.062656e+05,1.199025e-02,4.78349314e-04,1.062656e+05,6.294199e+04
17.0950,6.94037000e-03,1.572242e+05,1.774005e-02,4.57329111e-04,1.572242e+05,2.873900e+04
17.1000,6.56835000e-03,1.428355e+07,1.611654e+00,4.32815205e-04,1.428355e+07,-3.668596e+07
17.1050,6.14703000e-03,2.344962e+05,2.645887e-02,4.05052723e-04,2.344962e+05,-3.220500e+04
17.1100,5.66905000e-03,2.478486e+05,2.796545e-02,3.73556683e-04,2.478486e+05,-6.655614e+04
17.1150,5.12567000e-03,2.408861e+05,2.717986e-02,3.37751172e-04,2.408861e+05,-1.082915e+05
17.1200,4.52067000e-03,2.187279e+05,2.467969e-02,2.97885270e-04,2.187279e+05,-1.415697e+05
17.1250,3.87175000e-03,1.883077e+05,2.124729e-02,2.55125301e-04,1.883077e+05,-1.593686e+05
17.1300,3.21233000e-03,2.204309e+06,2.487184e-01,2.11673444e-04,2.204309e+06,-3.967812e+06
17.1350,2.55123000e-03,5.643480e+06,6.367698e-01,1.68110886e-04,5.643480e+06,-1.040887e+07
17.1400,1.89295000e-03,7.767799e+05,8.764627e-02,1.24734148e-04,7.767799e+05,-1.349439e+06
17.1450,1.25414000e-03,2.073760e+06,2.339883e-01,8.26403680e-05,2.073760e+06,-5.249788e+06
17.1500,6.77283000e-04,1.220750e+07,1.377407e+00,4.46289221e-05,1.220750e+07,-3.173514e+07
17.1550,5.07429000e-04,2.862600e+04,3.229953e-03,3.34365536e-05,2.862600e+04,-1.298931e+05
17.1600,3.62002000e-04,-3.286029e+04,-3.707720e-03,2.38537791e-05,-3.286029e+04,-1.137803e+05
17.1650,-6.26486000e-04,-9.921240e+04,-1.119442e-02,-4.12817019e-05,-9.921240e+04,-9.546774e+04
17.1700,-9.37011000e-04,-1.699629e+05,-1.917740e-02,-6.17434528e-05,-1.699629e+05,-6.825498e+04
17.1750,-1.21888000e-03,-2.457236e+05,-2.772569e-02,-8.03169437e-05,-2.457236e+05,-3.390464e+04
17.1800,-1.48045000e-03,-3.309060e+05,-3.733706e-02,-9.75528513e-05,-3.309060e+05,1.033969e+04
17.1850,-1.72554000e-03,-4.222264e+05,-4.764100e-02,-1.13702825e-04,-4.222264e+05,5.616812e+04
17.1900,-1.98176000e-03,-5.162192e+05,-5.824647e-02,-1.30586199e-04,-5.162192e+05,9.972192e+04
17.1950,-2.26390000e-03,-6.060776e+05,-6.838545e-02,-1.49177547e-04,-6.060776e+05,1.357106e+05
17.2000,-2.57436000e-03,-1.733650e+06,-1.956126e-01,-1.69635015e-04,-1.733650e+06,2.139364e+06
17.2050,-2.89554000e-03,-6.438975e+07,-7.265277e+00,-1.90798867e-04,-6.438975e+07,1.189909e+08
17.2100,-3.20515000e-03,-7.709446e+05,-8.698785e-02,-2.11200325e-04,-7.709446e+05,2.430314e+05
17.2150,-3.51276000e-03,-7.982252e+06,-9.006601e-01,-2.31469995e-04,-7.982252e+06,1.367314e+07
17.2200,-3.85211000e-03,-7.800623e+05,-8.801663e-02,-2.53831142e-04,-7.800623e+05,1.987134e+05
17.2250,-4.22809000e-03,-7.828899e+05,-8.833569e-02,-2.78605988e-04,-7.828899e+05,1.666957e+05
17.2300,-4.61845000e-03,-7.710659e+05,-8.700154e-02,-3.04328391e-04,-7.710659e+05,1.371500e+05
17.2350,-5.00224000e-03,-7.379287e+05,-8.326258e-02,-3.29617869e-04,-7.379287e+05,9.870802e+04
17.2400,-5.35678000e-03,-6.803816e+05,-7.676938e-02,-3.52979947e-04,-6.803816e+05,4.437755e+04
17.2450,-5.68470000e-03,-6.031496e+05,-6.805507e-02,-3.74587925e-04,-6.031496e+05,-1.495139e+04
17.2500,-5.98871000e-03,2.452333e+06,2.767036e-01,-3.94620376e-04,2.452333e+06,-8.674417e+06
17.2550,-6.26716000e-03,3.254490e+06,3.672133e-01,-4.12968575e-04,3.254490e+06,-1.182200e+07
17.2600,-6.51796000e-03,-3.039001e+05,-3.428990e-02,-4.29494804e-04,-3.039001e+05,-9.244460e+04
17.2650,-6.74454000e-03,-1.817995e+05,-2.051295e-02,-4.44425078e-04,-1.817995e+05,-9.962018e+04
17.2700,-6.95874000e-03,-4.715088e+04,-5.320167e-03,-4.58539585e-04,-4.715088e+04,-1.239592e+05
17.2750,-7.16567000e-03,9.410103e+04,1.061768e-02,-4.72175041e-04,9.410103e+04,-1.507926e+05
17.2800,-7.36488000e-03,2.420884e+05,2.731552e-02,-4.85301795e-04,2.420884e+05,-1.800054e+05
17.2850,-7.54938000e-03,3.883759e+05,4.382155e-02,-4.97459248e-04,3.883759e+05,-1.924409e+05
17.2900,-7.70326000e-03,5.075564e+05,5.726902e-02,-5.07599025e-04,5.075564e+05,-1.791310e+05
17.2950,-7.81659000e-03,4.142638e+07,4.674255e+00,-5.15066798e-04,4.142638e+07,-7.632322e+07
17.3000,-7.86895000e-03,4.586724e+08,5.175331e+01,-5.18517011e-04,4.586724e+08,-1.193244e+09
17.3050,-7.85124000e-03,7.658387e+05,8.641174e-02,-5.17350027e-04,7.658387e+05,-2.780326e+05
17.3100,-7.75221000e-03,7.274225e+05,8.207714e-02,-5.10824539e-04,7.274225e+05,-1.471098e+05
17.3150,-7.56975000e-03,7.004128e+05,7.902956e-02,-4.98801510e-04,7.004128e+05,-1.153585e+05
17.3200,-7.29734000e-03,6.317672e+05,7.128408e-02,-4.80851311e-04,6.317672e+05,-3.236806e+04
17.3250,-6.92791000e-03,5.518758e+05,6.226970e-02,-4.56508071e-04,5.518758e+05,2.840023e+04
17.3300,-6.44514000e-03,4.517975e+05,5.097759e-02,-4.24696399e-04,4.517975e+05,7.466566e+04
17.3350,-5.84363000e-03,3.528214e+05,3.980984e-02,-3.85060467e-04,3.528214e+05,1.097821e+05
17.3400,-5.12833000e-03,2.512661e+05,2.835107e-02,-3.37926451e-04,2.512661e+05,1.346747e+05
17.3450,-4.31416000e-03,7.857281e+05,8.865592e-02,-2.84277489e-04,7.857281e+05,-1.070244e+06
17.3500,-3.43319000e-03,2.917418e+04,3.291805e-03,-2.26226805e-04,2.917418e+04,1.179025e+05
17.3550,-2.48999000e-03,-9.076418e+04,-1.024118e-02,-1.64075534e-04,-9.076418e+04,9.600725e+04
17.3600,-1.62787000e-03,-2.257492e+05,-2.547192e-02,-1.07266953e-04,-2.257492e+05,8.486840e+04
17.3650,-8.79405000e-04,-3.613926e+05,-4.077695e-02,-5.79475600e-05,-3.613926e+05,7.723024e+04
17.3700,8.08127000e-04,-4.797679e+05,-5.413357e-02,5.32507636e-05,-4.797679e+05,6.591374e+04
17.3750,1.88401000e-03,-5.840084e+05,-6.589532e-02,1.24145055e-04,-5.840084e+05,4.473372e+04
17.3800,2.85377000e-03,-1.642102e+08,-1.852830e+01,1.88046473e-04,-1.642102e+08,3.051755e+08
17.3850,3.65871000e-03,-7.794143e+05,-8.794352e-02,2.41087232e-04,-7.794143e+05,7.511657e+04
17.3900,4.18691000e-03,-8.000019e+05,-9.026648e-02,2.75892471e-04,-8.000019e+05,1.126751e+04
17.3950,4.43741000e-03,-8.189426e+05,-9.240361e-02,2.92398931e-04,-8.189426e+05,3.673575e+03
17.4000,4.49791000e-03,-8.063243e+05,-9.097985e-02,2.96385521e-04,-8.063243e+05,1.107712e+04
17.4050,4.44706000e-03,-7.593819e+05,-8.568321e-02,2.93034809e-04,-7.593819e+05,3.227906e+04
17.4100,4.36501000e-03,-6.691009e+05,-7.549654e-02,2.87628202e-04,-6.691009e+05,5.739321e+04
17.4150,4.23681000e-03,-5.398954e+05,-6.091793e-02,2.79180584e-04,-5.398954e+05,7.672239e+04
17.4200,4.01985000e-03,-4.005946e+05,-4.520022e-02,2.64884210e-04,-4.005946e+05,6.858038e+04
17.4250,3.69657000e-03,-2.628735e+05,-2.966076e-02,2.43581981e-04,-2.628735e+05,3.678821e+04
17.4300,3.28384000e-03,-1.429793e+05,-1.613276e-02,2.16385528e-04,-1.429793e+05,9.135316e+03
17.4350,2.82247000e-03,-3.381085e+04,-3.814974e-03,1.85983989e-04,-3.381085e+04,-4.511963e+03
17.4400,2.38321000e-03,6.988603e+04,7.885439e-03,1.57039367e-04,6.988603e+04,-3.579956e+03
17.4450,1.97821000e-03,1.559540e+05,1.759673e-02,1.30352275e-04,1.559540e+05,-6.295947e+01
17.4500,1.61000000e-03,2.237149e+05,2.524238e-02,1.06089426e-04,2.237149e+05,-1.295788e+04
17.4550,1.27161000e-03,2.995541e+05,3.379953e-02,8.37915372e-05,2.995541e+05,-5.305870e+04
17.4600,9.31810000e-04,3.953284e+05,4.460602e-02,6.14007378e-05,3.953284e+05,-7.965011e+04
17.4650,5.99154000e-04,4.802273e+05,5.418540e-02,3.94806856e-05,4.802273e+05,-8.537136e+04
17.4700,5.24149000e-04,1.620851e+08,1.828852e+01,3.45383022e-05,1.620851e+08,-4.031202e+08
17.4750,6.45949000e-04,6.074073e+05,6.853548e-02,4.25641979e-05,6.074073e+05,-1.586409e+05
17.4800,7.61448000e-04,6.099177e+05,6.881874e-02,5.01748951e-05,6.099177e+05,-7.702452e+04
17.4850,8.44172000e-04,6.003538e+05,6.773962e-02,5.56259148e-05,6.003538e+05,-3.300059e+04
17.4900,-1.03993000e-03,5.453313e+05,6.153127e-02,-6.85252029e-05,5.453313e+05,2.389964e+04
17.4950,-1.27772000e-03,4.577229e+05,5.164617e-02,-8.41941498e-05,4.577229e+05,5.006872e+04
17.5000,-1.43467000e-03,3.452349e+05,3.895383e-02,-9.45362215e-05,3.452349e+05,5.212086e+04
17.5050,-1.51469000e-03,2.240498e+05,2.528018e-02,-9.98090636e-05,2.240498e+05,3.159015e+04
17.5100,-1.55630000e-03,9.833100e+04,1.109497e-02,-1.02550915e-04,9.833100e+04,3.828758e+03
17.5150,-1.57128000e-03,-2.783541e+04,-3.140748e-03,-1.03538008e-04,-2.783541e+04,-2.705810e+04
17.5200,-1.55837000e-03,-1.545861e+05,-1.744239e-02,-1.02687316e-04,-1.545861e+05,-4.371899e+04
17.5250,-1.50649000e-03,-2.849375e+05,-3.215030e-02,-9.92687324e-05,-2.849375e+05,-4.275429e+04
17.5300,-1.40041000e-03,-4.131321e+05,-4.661486e-02,-9.22786912e-05,-4.131321e+05,-3.983141e+04
17.5350,-1.24661000e-03,-5.265447e+05,-5.941153e-02,-8.21441858e-05,-5.265447e+05,-2.320708e+04
17.5400,-1.07925000e-03,-6.238738e+05,-7.039345e-02,-7.11161571e-05,-6.238738e+05,-7.059538e+03
17.5450,-9.26616000e-04,-6.769849e+06,-7.638613e-01,-6.10584841e-05,-6.769849e+06,1.132574e+07
17.5500,-9.19187000e-04,-4.974911e+07,-5.613332e+00,-6.05689572e-05,-4.974911e+07,9.143739e+07
17.5550,-9.06618000e-04,-7.955185e+05,-8.976061e-02,-5.97407348e-05,-7.955185e+05,5.261536e+04
17.5600,-8.75075000e-04,-1.366205e+07,-1.541528e+00,-5.76622387e-05,-1.366205e+07,2.408886e+07
17.5650,-8.53530000e-04,-7.101536e+05,-8.012863e-02,-5.62425513e-05,-7.101536e+05,3.402441e+04
17.5700,-8.88507000e-04,-6.246551e+05,-7.048160e-02,-5.85473276e-05,-6.246551e+05,5.319995e+04
17.5750,-9.28662000e-04,-5.173187e+05,-5.837053e-02,-6.11933034e-05,-5.173187e+05,6.499195e+04
17.5800,-9.60095000e-04,-4.010166e+05,-4.524784e-02,-6.32645511e-05,-4.010166e+05,6.002939e+04
17.5850,-9.86559000e-04,-2.818177e+05,-3.179828e-02,-6.50083714e-05,-2.818177e+05,4.267104e+04
17.5900,-1.00401000e-03,-1.725343e+05,-1.946753e-02,-6.61582885e-05,-1.725343e+05,2.051138e+04
17.5950,-1.03843000e-03,-7.577529e+04,-8.549940e-03,-6.84263618e-05,-7.577529e+04,9.209554e+02
17.6000,-1.18825000e-03,9.150118e+03,1.032434e-03,-7.82986089e-05,9.150118e+03,-2.956035e+03
17.6050,-1.35246000e-03,8.739503e+04,9.861028e-03,-8.91190714e-05,8.739503e+04,3.654093e+03
17.6100,-1.50940000e-03,1.615840e+05,1.823198e-02,-9.94604841e-05,1.615840e+05,1.142623e+04
17.6150,-1.65515000e-03,2.283956e+05,2.577052e-02,-1.09064542e-04,2.283956e+05,1.814971e+04
17.6200,-1.78190000e-03,2.918740e+05,3.293297e-02,-1.17416614e-04,2.918740e+05,3.816527e+03
17.6250,-1.88067000e-03,3.529793e+05,3.982765e-02,-1.23924969e-04,3.529793e+05,-9.317316e+03
17.6300,-1.93182000e-03,4.101202e+05,4.627502e-02,-1.27295450e-04,4.101202e+05,-4.783954e+03
17.6350,-1.93103000e-03,9.591543e+05,1.082241e-01,-1.27243394e-04,9.591543e+05,-9.139168e+05
17.6400,-1.88473000e-03,5.664342e+07,6.391238e+00,-1.24192499e-04,5.664342e+07,-1.047339e+08
17.6450,-1.79513000e-03,2.893419e+08,3.264726e+01,-1.18288392e-04,2.893419e+08,-7.523628e+08
17.6500,-1.64324000e-03,6.144883e+05,6.933446e-02,-1.08279744e-04,6.144883e+05,-1.423675e+05
17.6550,-1.41576000e-03,6.058373e+05,6.835833e-02,-9.32901649e-05,6.058373e+05,-7.873280e+04
17.6600,-1.10754000e-03,2.539126e+08,2.864968e+01,-7.29802998e-05,2.539126e+08,-6.599127e+08
17.6650,1.00281000e-03,6.452493e+05,7.280530e-02,6.60792156e-05,6.452493e+05,-1.124424e+05
17.6700,1.12784000e-03,6.062707e+05,6.840723e-02,7.43179491e-05,6.062707e+05,-5.830972e+04
17.6750,1.27376000e-03,7.708636e+06,8.697872e-01,8.39332094e-05,7.708636e+06,-1.867026e+07
17.6800,1.28822000e-03,5.079455e+05,5.731293e-02,8.48860374e-05,5.079455e+05,-5.049111e+04
17.6850,1.22188000e-03,4.231895e+05,4.774967e-02,8.05146259e-05,4.231895e+05,-4.746473e+04
17.6900,1.14807000e-03,3.225897e+05,3.639871e-02,7.56509858e-05,3.225897e+05,-3.892808e+04
17.6950,1.38448000e-03,2.217113e+05,2.501631e-02,9.12289990e-05,2.217113e+05,-4.326415e+04
17.7000,1.64359000e-03,1.332178e+05,1.503134e-02,1.08302807e-04,1.332178e+05,-5.187200e+04
17.7050,1.91272000e-03,5.332748e+04,6.017090e-03,1.26036874e-04,5.332748e+04,-3.847515e+04
17.7100,2.17268000e-03,-1.380986e+04,-1.558206e-03,1.43166692e-04,-1.380986e+04,-7.100524e+03
17.7150,2.41668000e-03,-5.399897e+04,-6.092856e-03,1.59244841e-04,-5.399897e+04,1.651620e+04
17.7200,2.63622000e-03,-7.016821e+04,-7.917278e-03,1.73711221e-04,-7.016821e+04,3.856118e+04
17.7250,2.83019000e-03,-3.546778e+07,-4.001930e+00,1.86492691e-04,-3.546778e+07,6.611379e+07
17.7300,2.99108000e-03,3.256900e+07,3.674853e+00,1.97094385e-04,3.256900e+07,-8.492761e+07
17.7350,3.11023000e-03,-4.506455e+04,-5.084761e-03,2.04945661e-04,-4.506455e+04,1.265808e+05
17.7400,3.17744000e-03,-6.682539e+06,-7.540098e-01,2.09374401e-04,-6.682539e+06,1.256498e+07
17.7450,3.19540000e-03,-1.822980e+04,-2.056920e-03,2.10557858e-04,-1.822980e+04,1.690332e+05
17.7500,3.17140000e-03,-3.614434e+06,-4.078268e-01,2.08976401e-04,-3.614434e+06,6.895979e+06
17.7550,3.11004000e-03,-2.868436e+02,-3.236538e-05,2.04933142e-04,-2.868436e+02,1.442240e+05
17.7600,3.01237000e-03,2.134952e+04,2.408927e-03,1.98497269e-04,2.134952e+04,1.026365e+05
17.7650,2.87809000e-03,6.130289e+04,6.916979e-03,1.89649016e-04,6.130289e+04,5.324970e+04
17.7700,2.70745000e-03,1.086292e+05,1.225694e-02,1.78404855e-04,1.086292e+05,2.394648e+04
17.7750,2.49859000e-03,1.499104e+05,1.691482e-02,1.64642223e-04,1.499104e+05,1.556795e+04
17.7800,2.25750000e-03,1.707511e+05,1.926633e-02,1.48755825e-04,1.707511e+05,1.686826e+04
17.7850,1.99589000e-03,1.832128e+05,2.067242e-02,1.31517282e-04,1.832128e+05,1.838997e+04
17.7900,1.73976000e-03,2.021623e+05,2.281055e-02,1.14639838e-04,2.021623e+05,2.062535e+03
17.7950,1.49402000e-03,2.202395e+05,2.485025e-02,9.84470336e-05,2.202395e+05,-2.193204e+04
17.8000,1.24610000e-03,2.328280e+05,2.627065e-02,8.21105799e-05,2.328280e+05,-5.192724e+04
17.8050,9.92060000e-04,2.451003e+05,2.765536e-02,6.53708545e-05,2.451003e+05,-9.468383e+04
17.8100,7.36889000e-04,3.522083e+07,3.974066e+00,4.85566031e-05,3.522083e+07,-9.117613e+07
17.8150,6.71702000e-04,2.537388e+07,2.863007e+00,4.42611674e-05,2.537388e+07,-5.636668e+07
17.8200,7.49279000e-04,2.161729e+06,2.439140e-01,4.93730304e-05,2.161729e+06,-3.542105e+06
17.8250,8.05997000e-04,3.958773e+05,4.466795e-02,5.31104093e-05,3.958773e+05,-1.773292e+05
17.8300,8.14212000e-04,3.959332e+05,4.467426e-02,5.36517289e-05,3.959332e+05,-1.524727e+05
17.8350,7.74767000e-04,3.623696e+05,4.088719e-02,5.10525380e-05,3.623696e+05,-1.169154e+05
17.8400,-7.99050000e-04,3.022272e+05,3.410115e-02,-5.26526433e-05,3.022272e+05,-7.612025e+04
17.8450,-1.07926000e-03,2.183186e+05,2.463351e-02,-7.11168160e-05,2.183186e+05,-4.094654e+04
17.8500,-1.33722000e-03,1.150706e+05,1.298374e-02,-8.81148460e-05,1.150706e+05,-4.312085e+03
17.8550,-1.57271000e-03,5.306977e+02,5.988012e-05,-1.03632237e-04,5.306977e+02,2.560295e+04
17.8600,-1.76897000e-03,-1.089048e+05,-1.228804e-02,-1.16564604e-04,-1.089048e+05,3.868477e+04
17.8650,-1.90831000e-03,-1.970350e+05,-2.223201e-02,-1.25746281e-04,-1.970350e+05,3.624319e+04
17.8700,-1.96419000e-03,-2.540019e+05,-2.865975e-02,-1.29428441e-04,-2.540019e+05,3.813165e+04
17.8750,-1.93578000e-03,-2.870389e+05,-3.238741e-02,-1.27556391e-04,-2.870389e+05,4.298648e+04
17.8800,-1.83443000e-03,-3.023489e+05,-3.411488e-02,-1.20878028e-04,-3.023489e+05,4.915485e+04
17.8850,-1.67000000e-03,-3.035434e+05,-3.424966e-02,-1.10043069e-04,-3.035434e+05,5.351488e+04
17.8900,-1.45568000e-03,-3.095651e+05,-3.492911e-02,-9.59206556e-05,-3.095651e+05,5.418845e+04
17.8950,-1.19717000e-03,-1.186381e+08,-1.338628e+01,-7.88863838e-05,-1.186381e+08,2.028766e+08
17.9000,-9.37915000e-04,-3.582118e+05,-4.041805e-02,-6.18030210e-05,-3.582118e+05,1.026965e+05
17.9050,-9.23915000e-04,-3.394242e+05,-3.829819e-02,-6.08805043e-05,-3.394242e+05,5.902916e+04
17.9100,-8.87107000e-04,-8.638150e+07,-9.746669e+00,-5.84550760e-05,-8.638150e+07,1.606423e+08
17.9150,-8.00675000e-04,-2.741115e+05,-3.092878e-02,-5.27597211e-05,-2.741115e+05,6.334022e+04
17.9200,-7.17958000e-04,-2.020178e+05,-2.279424e-02,-4.73091627e-05,-2.020178e+05,6.170232e+04
17.9250,-6.56704000e-04,-1.210432e+05,-1.365765e-02,-4.32728884e-05,-1.210432e+05,6.925154e+04
17.9300,-6.49165000e-04,-4.316184e+04,-4.870072e-03,-4.27761131e-05,-4.316184e+04,5.907141e+04
17.9350,-6.91730000e-04,2.247652e+04,2.536089e-03,-4.55808935e-05,2.247652e+04,3.215158e+04
17.9400,-7.68203000e-04,6.071638e+04,6.850801e-03,-5.06200095e-05,6.071638e+04,5.062271e+03
17.9450,-8.44960000e-04,7.823158e+04,8.827090e-03,-5.56778393e-05,7.823158e+04,-1.544233e+04
17.9500,-8.73301000e-04,9.257909e+04,1.044596e-02,-5.75453427e-05,9.257909e+04,-2.290033e+04
17.9550,-8.43046000e-04,1.091100e+05,1.231119e-02,-5.55517181e-05,1.091100e+05,-2.233911e+04
17.9600,-8.59353000e-04,1.301669e+05,1.468710e-02,-5.66262524e-05,1.301669e+05,-2.908605e+04
17.9650,-8.96941000e-04,1.480984e+05,1.671036e-02,-5.91030781e-05,1.480984e+05,-4.280801e+04
17.9700,-8.92186000e-04,1.411088e+05,1.592170e-02,-5.87897519e-05,1.411088e+05,-5.592372e+04
17.9750,-8.50801000e-04,1.107126e+05,1.249202e-02,-5.60627265e-05,1.107126e+05,-5.975672e+04
17.9800,-7.68256000e-04,7.717727e+04,8.708129e-03,-5.06235018e-05,7.717727e+04,-5.575630e+04
17.9850,-6.28850000e-04,8.813537e+07,9.944563e+00,-4.14374754e-05,8.813537e+07,-2.223233e+08
17.9900,5.61678000e-04,1.647288e+06,1.858681e-01,3.70112401e-05,1.647288e+06,-3.059885e+06
17.9950,5.60183000e-04,4.966007e+04,5.603286e-03,3.69127285e-05,4.966007e+04,-7.933380e+04
18.0000,5.35702000e-04,1.757292e+07,1.982803e+00,3.52995762e-05,1.757292e+07,-4.573292e+07
18.0050,5.05294000e-04,3.625028e+04,4.090222e-03,3.32958698e-05,3.625028e+04,-6.236864e+04
18.0100,4.82212000e-04,1.577994e+04,1.780496e-03,3.17749032e-05,1.577994e+04,-3.745676e+04
18.0150,4.45760000e-04,5.252496e+05,5.926540e-02,2.93729332e-05,5.252496e+05,-1.392221e+06
18.0200,3.84627000e-04,-1.197763e+04,-1.351470e-03,2.53446321e-05,-1.197763e+04,-1.239720e+04
18.0250,3.73611000e-04,-6.626850e+03,-7.477263e-04,2.46187432e-05,-6.626850e+03,-1.016962e+04
18.0300,4.77208000e-04,1.950528e+04,2.200836e-03,3.14451694e-05,1.950528e+04,-4.857537e+03
18.0350,5.87596000e-04,5.646891e+04,6.371547e-03,3.87190822e-05,5.646891e+04,5.786873e+03
18.0400,6.78150000e-04,9.319779e+04,1.051577e-02,4.46860523e-05,9.319779e+04,2.283509e+04
18.0450,7.45820000e-04,1.282956e+05,1.447595e-02,4.91451029e-05,1.282956e+05,4.268266e+04
18.0500,7.99661000e-04,1.617958e+05,1.825588e-02,5.26929046e-05,1.617958e+05,6.326666e+04
18.0550,8.43972000e-04,2.017432e+05,2.276325e-02,5.56127360e-05,2.017432e+05,7.801931e+04
18.0600,8.80840000e-04,2.608199e+05,2.942904e-02,5.80421179e-05,2.608199e+05,7.275090e+04
18.0650,9.11326000e-04,6.356147e+07,7.171820e+00,6.00509640e-05,6.356147e+07,-1.664219e+08
18.0700,9.45794000e-04,-8.167294e+06,-9.215389e-01,6.23222003e-05,-8.167294e+06,1.605236e+07
18.0750,9.89417000e-04,4.975222e+05,5.613683e-02,6.51966966e-05,4.975222e+05,4.911234e+04
18.0800,1.04069000e-03,5.851118e+05,6.601981e-02,6.85752824e-05,5.851118e+05,4.611715e+04
18.0850,1.09357000e-03,6.545870e+05,7.385891e-02,7.20597599e-05,6.545870e+05,5.276958e+04
18.0900,1.14509000e-03,6.969032e+05,7.863356e-02,7.54546215e-05,6.969032e+05,6.081497e+04
18.0950,1.20314000e-03,7.128468e+05,8.043252e-02,7.92797713e-05,7.128468e+05,6.140403e+04
18.1000,1.28342000e-03,1.482484e+07,1.672728e+00,8.45697459e-05,1.482484e+07,-2.629690e+07
18.1050,1.39564000e-03,9.360109e+06,1.056128e+00,9.19643766e-05,9.360109e+06,-2.257197e+07
18.1100,1.54756000e-03,6.680925e+05,7.538277e-02,1.01975001e-04,6.680925e+05,-3.291196e+04
18.1150,1.72679000e-03,6.133060e+05,6.920105e-02,1.13785192e-04,6.133060e+05,-2.874571e+04
18.1200,1.89982000e-03,5.417178e+05,6.112355e-02,1.25186840e-04,5.417178e+05,-1.721766e+04
18.1250,2.06194000e-03,4.521435e+05,5.101663e-02,1.35869584e-04,4.521435e+05,-6.515505e+03
18.1300,2.21376000e-03,3.494936e+05,3.943435e-02,1.45873619e-04,3.494936e+05,-1.678948e+04
18.1350,2.35707000e-03,4.386557e+06,4.949477e-01,1.55316896e-04,4.386557e+06,-1.084961e+07
18.1400,2.49524000e-03,1.211217e+05,1.366651e-02,1.64421478e-04,1.211217e+05,-5.456572e+04
18.1450,2.62757000e-03,1.330836e+06,1.501619e-01,1.73141238e-04,1.330836e+06,-2.527448e+06
18.1500,2.74175000e-03,3.931120e+06,4.435594e-01,1.80665021e-04,3.931120e+06,-7.565692e+06
18.1550,2.82312000e-03,-1.928199e+05,-2.175642e-02,1.86026820e-04,-1.928199e+05,-3.550843e+04
18.1600,2.84193000e-03,-2.803362e+05,-3.163113e-02,1.87266287e-04,-2.803362e+05,-3.329099e+04
18.1650,2.78581000e-03,-3.611057e+05,-4.074458e-02,1.83568313e-04,-3.611057e+05,-3.780634e+04
18.1700,2.64080000e-03,-4.430226e+05,-4.998750e-02,1.74013016e-04,-4.430226e+05,-3.565141e+04
18.1750,2.40617000e-03,-5.234708e+05,-5.906469e-02,1.58552294e-04,-5.234708e+05,-2.906207e+04
18.1800,2.08260000e-03,-5.915745e+05,-6.674903e-02,1.37230955e-04,-5.915745e+05,-2.203961e+04
18.1850,1.67357000e-03,-6.429686e+05,-7.254796e-02,1.10278311e-04,-6.429686e+05,-1.686969e+04
18.1900,1.19147000e-03,-6.694668e+05,-7.553783e-02,7.85107877e-05,-6.694668e+05,-1.823886e+04
18.1950,6.46840000e-04,-7.941872e+07,-8.961039e+00,4.26229095e-05,-7.941872e+07,1.469132e+08
18.2000,-2.72124000e-04,-6.665351e+05,-7.520704e-02,-1.79313534e-05,-6.665351e+05,5.798971e+03
18.2050,-5.65797000e-04,-6.260746e+05,-7.064176e-02,-3.72826577e-05,-6.260746e+05,-1.576787e+04
18.2100,-1.23673000e-03,-5.091645e+06,-5.745047e-01,-8.14931526e-05,-5.091645e+06,8.400124e+06
18.2150,-1.88206000e-03,-5.292639e+05,-5.971834e-02,-1.24016562e-04,-5.292639e+05,-1.343773e+04
18.2200,-2.47176000e-03,-4.724002e+06,-5.330225e-01,-1.62874285e-04,-4.724002e+06,7.914980e+06
18.2250,-3.00007000e-03,-4.429130e+05,-4.997513e-02,-1.97686773e-04,-4.429130e+05,2.957129e+04
18.2300,-3.44298000e-03,-3.977487e+05,-4.487911e-02,-2.26871908e-04,-3.977487e+05,5.459981e+04
18.2350,-3.79964000e-03,-3.494016e+05,-3.942397e-02,-2.50373681e-04,-3.494016e+05,7.985084e+04
18.2400,-4.08844000e-03,-3.079448e+05,-3.474628e-02,-2.69403883e-04,-3.079448e+05,1.022901e+05
18.2450,-4.32281000e-03,-2.740821e+05,-3.092546e-02,-2.84847473e-04,-2.740821e+05,1.194434e+05
18.2500,-4.52032000e-03,-2.381236e+05,-2.686815e-02,-2.97862207e-04,-2.381236e+05,1.299745e+05
18.2550,-4.68580000e-03,-1.985564e+05,-2.240368e-02,-3.08766355e-04,-1.985564e+05,1.281214e+05
18.2600,-4.83267000e-03,-1.736011e+05,-1.958790e-02,-3.18444215e-04,-1.736011e+05,1.129263e+05
18.2650,-4.97106000e-03,-1.618954e+05,-1.826712e-02,-3.27563293e-04,-1.618954e+05,8.069211e+04
18.2700,-5.11514000e-03,-1.554394e+05,-1.753867e-02,-3.37057308e-04,-1.554394e+05,4.615595e+04
18.2750,-5.26021000e-03,-1.505894e+05,-1.699143e-02,-3.46616558e-04,-1.505894e+05,1.285092e+04
18.2800,-5.39780000e-03,-1.482548e+05,-1.672801e-02,-3.55682921e-04,-1.482548e+05,-1.253310e+04
18.2850,-5.52000000e-03,-1.549204e+05,-1.748011e-02,-3.63735174e-04,-1.549204e+05,-3.297658e+04
18.2900,-5.61468000e-03,-1.700438e+05,-1.918653e-02,-3.69974023e-04,-1.700438e+05,-5.426822e+04
18.2950,-5.67687000e-03,2.091043e+07,2.359383e+00,-3.74071975e-04,2.091043e+07,-5.502902e+07
18.3000,-5.69663000e-03,1.063381e+07,1.199843e+00,-3.75374041e-04,1.063381e+07,-2.829832e+07
18.3050,-5.67102000e-03,8.010903e+06,9.038928e-01,-3.73686494e-04,8.010903e+06,-1.542413e+07
18.3100,-5.60327000e-03,2.591676e+05,2.924262e-02,-3.69222172e-04,2.591676e+05,-9.758996e+05
18.3150,-5.50344000e-03,-2.049596e+05,-2.312617e-02,-3.62643969e-04,-2.049596e+05,-1.150213e+05
18.3200,-5.39568000e-03,-2.015268e+05,-2.273884e-02,-3.55543226e-04,-2.015268e+05,-1.128839e+05
18.3250,-5.29050000e-03,-1.926313e+05,-2.173513e-02,-3.48612489e-04,-1.926313e+05,-1.081684e+05
18.3300,-5.19157000e-03,-1.729068e+05,-1.950956e-02,-3.42093590e-04,-1.729068e+05,-9.988781e+04
18.3350,-5.08771000e-03,-1.395117e+05,-1.574150e-02,-3.35249834e-04,-1.395117e+05,-8.705904e+04
18.3400,-4.95360000e-03,-7.813130e+04,-8.815776e-03,-3.26412783e-04,-7.813130e+04,-7.624703e+04
18.3450,-4.77649000e-03,9.976528e+05,1.125680e-01,-3.14742287e-04,9.976528e+05,-1.906993e+06
18.3500,-4.53652000e-03,1.108427e+05,1.250670e-02,-2.98929691e-04,1.108427e+05,-6.560365e+04
18.3550,-4.22894000e-03,2.072934e+05,2.338950e-02,-2.78661998e-04,2.072934e+05,-5.716611e+04
18.3600,-3.85402000e-03,2.822468e+05,3.184670e-02,-2.53956999e-04,2.822468e+05,-3.718417e+04
18.3650,-3.41891000e-03,3.329629e+05,3.756915e-02,-2.25285838e-04,3.329629e+05,-1.126247e+04
18.3700,-2.94158000e-03,3.553632e+05,4.009664e-02,-1.93832629e-04,3.553632e+05,1.700917e+04
18.3750,-2.43202000e-03,3.538078e+05,3.992113e-02,-1.60255656e-04,3.538078e+05,4.696297e+04
18.3800,-1.90669000e-03,3.395742e+05,3.831511e-02,-1.25639533e-04,3.395742e+05,6.790821e+04
18.3850,-1.36988000e-03,1.939448e+07,2.188334e+00,-9.02669458e-05,1.939448e+07,-4.961778e+07
18.3900,-8.25115000e-04,2.942073e+05,3.319624e-02,-5.43701718e-05,2.942073e+05,6.852818e+04
18.3950,5.16560000e-04,2.590268e+05,2.922673e-02,3.40382322e-05,2.590268e+05,7.091363e+04
18.4000,7.19227000e-04,2.182111e+05,2.462138e-02,4.73927823e-05,2.182111e+05,6.512132e+04
18.4050,1.02311000e-03,-5.528388e+07,-6.237836e+00,6.74168649e-05,-5.528388e+07,1.035346e+08
18.4100,1.57269000e-03,1.090839e+05,1.230825e-02,1.03630919e-04,1.090839e+05,6.654601e+04
18.4150,2.12397000e-03,5.584788e+04,6.301475e-03,1.39956992e-04,5.584788e+04,3.917768e+04
18.4200,2.55935000e-03,-2.178125e+06,-2.457640e-01,1.68645945e-04,-2.178125e+06,4.071984e+06
18.4250,2.89716000e-03,-2.429397e+06,-2.741157e-01,1.90905616e-04,-2.429397e+06,4.403795e+06
18.4300,3.18105000e-03,-1.553430e+05,-1.752779e-02,2.09612278e-04,-1.553430e+05,5.032928e+04
18.4350,3.43395000e-03,-2.031805e+05,-2.292543e-02,2.26276884e-04,-2.031805e+05,6.041306e+04
18.4400,3.65363000e-03,-2.304032e+05,-2.599704e-02,2.40752490e-04,-2.304032e+05,6.629259e+04
18.4450,3.82298000e-03,-2.396310e+05,-2.703824e-02,2.51911648e-04,-2.396310e+05,6.064118e+04
18.4500,3.91948000e-03,-2.364965e+05,-2.668457e-02,2.58270424e-04,-2.364965e+05,4.560677e+04
18.4550,3.93889000e-03,-2.149660e+05,-2.425522e-02,2.59549428e-04,-2.149660e+05,2.646059e+04
18.4600,3.88328000e-03,-1.716573e+05,-1.936857e-02,2.55885059e-04,-1.716573e+05,1.167405e+04
18.4650,3.75667000e-03,-1.152549e+05,-1.300454e-02,2.47542213e-04,-1.152549e+05,-1.088847e+02
18.4700,3.56280000e-03,-5.941973e+04,-6.704496e-03,2.34767333e-04,-5.941973e+04,-1.797152e+04
18.4750,3.29985000e-03,-7.746864e+03,-8.741005e-04,2.17440492e-04,-7.746864e+03,-4.013357e+04
18.4800,2.96809000e-03,3.962573e+04,4.471083e-03,1.95579481e-04,3.962573e+04,-6.478081e+04
18.4850,2.57503000e-03,1.627534e+07,1.836393e+00,1.69679164e-04,1.627534e+07,-4.227102e+07
18.4900,2.14575000e-03,1.239690e+05,1.398777e-02,1.41392165e-04,1.239690e+05,-9.172709e+04
18.4950,1.69129000e-03,1.640971e+05,1.851554e-02,1.11445953e-04,1.640971e+05,-7.453957e+04
18.5000,1.22448000e-03,1.094476e+07,1.234929e+00,8.06859504e-05,1.094476e+07,-2.009117e+07
18.5050,8.44094000e-04,2.580841e+05,2.912036e-02,5.56207751e-05,2.580841e+05,-4.477106e+04
18.5100,8.06924000e-04,3.030470e+05,3.419365e-02,5.31714931e-05,3.030470e+05,-1.832431e+04
18.5150,7.26982000e-04,3.446541e+05,3.888830e-02,4.79037907e-05,3.446541e+05,7.844769e+03
18.5200,6.45320000e-04,3.783861e+05,4.269437e-02,4.25227505e-05,3.783861e+05,2.614900e+04
18.5250,5.61158000e-04,4.024765e+05,4.541256e-02,3.69769752e-05,4.024765e+05,3.347086e+04
18.5300,-5.44682000e-04,1.033101e+07,1.165677e+00,-3.58913048e-05,1.033101e+07,-2.581243e+07
18.5350,-6.58995000e-04,4.049963e+05,4.569687e-02,-4.34238517e-05,4.049963e+05,1.583389e+04
18.5400,-7.62676000e-04,3.815262e+05,4.304868e-02,-5.02558130e-05,3.815262e+05,8.677238e+03
18.5450,-8.45146000e-04,3.457031e+05,3.900665e-02,-5.56900956e-05,3.457031e+05,-5.810217e+02
18.5500,-8.98596000e-04,2.954884e+05,3.334080e-02,-5.92121327e-05,2.954884e+05,-4.305193e+03
18.5550,-9.26529000e-04,2.337908e+05,2.637927e-02,-6.10527513e-05,2.337908e+05,-5.548273e+03
18.5600,-9.45409000e-04,2.363850e+06,2.667199e-01,-6.22968311e-05,2.363850e+06,-5.724695e+06
18.5650,-9.60158000e-04,1.044110e+05,1.178098e-02,-6.32687025e-05,1.044110e+05,-8.133324e+02
18.5700,-9.61654000e-04,5.743157e+04,6.480166e-03,-6.33672800e-05,5.743157e+04,6.833814e+03
18.5750,-9.36545000e-04,-1.060483e+07,-1.196573e+00,-6.17127462e-05,-1.060483e+07,1.986107e+07
18.5800,-8.79074000e-04,-4.455987e+05,-5.027816e-02,-5.79257490e-05,-4.455987e+05,8.921242e+05
18.5850,-8.02072000e-04,1.193016e+04,1.346113e-03,-5.28517751e-05,1.193016e+04,3.247218e+04
18.5900,-7.55481000e-04,-6.105261e+03,-6.888738e-04,-4.97817053e-05,-6.105261e+03,2.842337e+04
18.5950,-7.34133000e-04,-4.365161e+04,-4.925335e-03,-4.83749991e-05,-4.365161e+04,2.644612e+04
18.6000,-7.25734000e-04,-9.349942e+04,-1.054980e-02,-4.78215549e-05,-9.349942e+04,2.506417e+04
18.6050,-7.18803000e-04,-1.450791e+05,-1.636969e-02,-4.73648432e-05,-1.450791e+05,2.009578e+04
18.6100,-7.03547000e-04,-1.829406e+05,-2.064170e-02,-4.63595635e-05,-1.829406e+05,7.647717e+03
18.6150,-6.78591000e-04,-2.055664e+05,-2.319464e-02,-4.47151115e-05,-2.055664e+05,-8.734127e+03
18.6200,-6.44774000e-04,-2.133735e+05,-2.407553e-02,-4.24867723e-05,-2.133735e+05,-2.094829e+04
18.6250,-5.99619000e-04,-2.109855e+05,-2.380609e-02,-3.95113264e-05,-2.109855e+05,-2.821015e+04
18.6300,-5.36835000e-04,-2.058752e+05,-2.322948e-02,-3.53742341e-05,-2.058752e+05,-3.279998e+04
18.6350,-4.54178000e-04,-2.017489e+05,-2.276389e-02,-2.99276294e-05,-2.017489e+05,-3.764796e+04
18.6400,-3.58265000e-04,-2.066394e+05,-2.331570e-02,-2.36075330e-05,-2.066394e+05,-4.407513e+04
18.6450,-2.64603000e-04,-2.216986e+05,-2.501488e-02,-1.74357642e-05,-2.216986e+05,-5.054692e+04
18.6500,-2.12477000e-04,-2.512284e+05,-2.834681e-02,-1.40009708e-05,-2.512284e+05,-5.289599e+04
18.6550,-2.11439000e-04,-2.909681e+05,-3.283076e-02,-1.39325727e-05,-2.909681e+05,-5.600843e+04
18.6600,-2.50864000e-04,-3.320637e+05,-3.746769e-02,-1.65304458e-05,-3.320637e+05,-5.236148e+04
18.6650,-3.05726000e-04,-3.659786e+05,-4.129440e-02,-2.01455253e-05,-3.659786e+05,-4.240008e+04
18.6700,-3.81890000e-04,-3.756762e+05,-4.238860e-02,-2.51642800e-05,-3.756762e+05,-3.193955e+04
18.6750,-4.64526000e-04,-3.622698e+05,-4.087592e-02,-3.06095010e-05,-3.622698e+05,-1.921807e+04
18.6800,-5.37016000e-04,-3.289459e+05,-3.711590e-02,-3.53861609e-05,-3.289459e+05,-2.330373e+03
18.6850,-5.89516000e-04,-2.830097e+05,-3.193278e-02,-3.88455987e-05,-2.830097e+05,1.590757e+04
18.6900,-6.08579000e-04,-2.378039e+05,-2.683209e-02,-4.01017371e-05,-2.378039e+05,3.526537e+04
18.6950,-6.16566000e-04,-1.985048e+05,-2.239785e-02,-4.06280329e-05,-1.985048e+05,5.548825e+04
18.7000,-6.80404000e-04,-1.780994e+05,-2.009546e-02,-4.48345775e-05,-1.780994e+05,7.281404e+04
18.7050,-7.63281000e-04,-1.773754e+05,-2.001377e-02,-5.02956789e-05,-1.773754e+05,8.245833e+04
18.7100,-8.56882000e-04,-1.915837e+05,-2.161693e-02,-5.64634282e-05,-1.915837e+05,8.135196e+04
18.7150,-9.52683000e-04,-2.130168e+05,-2.403528e-02,-6.27761444e-05,-2.130168e+05,7.301338e+04
18.7200,-1.04150000e-03,-2.228062e+05,-2.513985e-02,-6.86286565e-05,-2.228062e+05,6.260837e+04
18.7250,-1.12282000e-03,-2.164321e+05,-2.442064e-02,-7.39871610e-05,-2.164321e+05,4.840830e+04
18.7300,-1.20121000e-03,-1.924000e+05,-2.170903e-02,-7.91525958e-05,-1.924000e+05,3.143881e+04
18.7350,-1.27988000e-03,-1.572210e+05,-1.773969e-02,-8.43364810e-05,-1.572210e+05,1.461182e+04
18.7400,-1.35776000e-03,-1.266328e+05,-1.428833e-02,-8.94683098e-05,-1.266328e+05,1.035946e+03
18.7450,-1.43007000e-03,-1.044190e+05,-1.178189e-02,-9.42331088e-05,-1.044190e+05,-1.062130e+04
18.7500,-1.48776000e-03,-9.462369e+04,-1.067666e-02,-9.80345368e-05,-9.462369e+04,-2.194042e+04
18.7550,-1.52599000e-03,-9.432018e+04,-1.064241e-02,-1.00553666e-04,-9.432018e+04,-3.203365e+04
18.7600,-1.53270000e-03,-9.348444e+04,-1.054811e-02,-1.00995816e-04,-9.348444e+04,-3.967054e+04
18.7650,-1.50224000e-03,-8.962691e+04,-1.011286e-02,-9.89886827e-05,-8.962691e+04,-4.341557e+04
18.7700,-1.43324000e-03,-7.984541e+04,-9.009183e-03,-9.44419930e-05,-7.984541e+04,-4.149997e+04
18.7750,-1.33427000e-03,5.502567e+07,6.208702e+00,-8.79204585e-05,5.502567e+07,-1.435571e+08
18.7800,-1.22375000e-03,-4.720636e+04,-5.326427e-03,-8.06378478e-05,-4.720636e+04,-5.514541e+04
18.7850,-1.10940000e-03,-4.767820e+04,-5.379666e-03,-7.31028628e-05,-4.767820e+04,-3.190303e+04
18.7900,-9.98644000e-04,1.097799e+07,1.238678e+00,-6.58047010e-05,1.097799e+07,-2.874184e+07
18.7950,-8.89146000e-04,-4.265649e+04,-4.813052e-03,-5.85894339e-05,-4.265649e+04,-3.098487e+04
18.8000,-7.79886000e-04,-4.667702e+04,-5.266700e-03,-5.13898497e-05,-4.667702e+04,-2.893868e+04
18.8050,-6.73297000e-04,5.455111e+06,6.155156e-01,-4.43662684e-05,5.455111e+06,-1.436575e+07
18.8100,-5.73874000e-04,-4.371956e+04,-4.933001e-03,-3.78148840e-05,-4.371956e+04,-2.138606e+04
18.8150,-5.24849000e-04,-3.322632e+04,-3.749020e-03,-3.45844280e-05,-3.322632e+04,-5.557339e+03
18.8200,-4.98627000e-04,1.687861e+05,1.904461e-02,-3.28565541e-05,1.687861e+05,-3.236242e+05
18.8250,-4.57591000e-04,6.006226e+06,6.776995e-01,-3.01525258e-05,6.006226e+06,-1.113480e+07
18.8300,-3.76548000e-04,7.834722e+04,8.840139e-03,-2.48122740e-05,7.834722e+04,1.909168e+04
18.8350,-2.41852000e-04,1.270516e+05,1.433560e-02,-1.59366086e-05,1.270516e+05,2.792267e+04
18.8400,-5.79623000e-05,1.726705e+05,1.948290e-02,-3.81937089e-06,1.726705e+05,3.124146e+04
18.8450,1.83005000e-04,2.092770e+05,2.361332e-02,1.20589412e-05,2.092770e+05,2.944696e+04
18.8500,3.39078000e-04,2.269550e+05,2.560797e-02,2.23432238e-05,2.269550e+05,2.364455e+04
18.8550,4.68104000e-04,2.262159e+05,2.552458e-02,3.08452699e-05,2.262159e+05,1.592685e+04
18.8600,5.46323000e-04,2.135495e+05,2.409540e-02,3.59994369e-05,2.135495e+05,8.125962e+03
18.8650,6.06099000e-04,1.944660e+05,2.194215e-02,3.99383198e-05,1.944660e+05,-2.074851e+03
18.8700,6.58197000e-04,1.392629e+07,1.571343e+00,4.33712682e-05,1.392629e+07,-3.581918e+07
18.8750,7.16619000e-04,1.842028e+05,2.078413e-02,4.72209306e-05,1.842028e+05,-3.487874e+04
18.8800,7.75161000e-04,1.929300e+05,2.176883e-02,5.10785003e-05,1.929300e+05,-2.873585e+04
18.8850,8.20902000e-04,2.142073e+05,2.416962e-02,5.40925602e-05,2.142073e+05,-2.074229e+04
18.8900,8.61062000e-04,2.414963e+05,2.724871e-02,5.67388653e-05,2.414963e+05,-1.082641e+04
18.8950,9.10383000e-04,2.684027e+05,3.028464e-02,5.99888260e-05,2.684027e+05,3.217807e+03
18.9000,9.82431000e-04,2.839850e+05,3.204284e-02,6.47363607e-05,2.839850e+05,1.576562e+04
18.9050,1.08016000e-03,1.569971e+06,1.771443e-01,7.11761206e-05,1.569971e+06,-2.374475e+06
18.9100,1.19644000e-03,7.676505e+05,8.661617e-02,7.88382812e-05,7.676505e+05,-9.039121e+05
18.9150,1.31841000e-03,2.539938e+05,2.865884e-02,8.68753789e-05,2.539938e+05,3.010029e+03
18.9200,1.41835000e-03,2.228132e+05,2.514064e-02,9.34608305e-05,2.228132e+05,-2.344856e+03
18.9250,1.48434000e-03,1.811522e+05,2.043992e-02,9.78091791e-05,1.811522e+05,-4.657226e+03
18.9300,1.50319000e-03,1.285407e+05,1.450361e-02,9.90512820e-05,1.285407e+05,-5.164605e+03
18.9350,1.47562000e-03,6.799941e+04,7.672565e-03,9.72345830e-05,6.799941e+04,-1.622846e+02
18.9400,1.40847000e-03,5.336526e+03,6.021353e-04,9.28097973e-05,5.336526e+03,1.091524e+04
18.9450,1.30846000e-03,-1.467466e+07,-1.655783e+00,8.62197330e-05,-1.467466e+07,2.729681e+07
18.9500,1.18643000e-03,-1.283235e+05,-1.447911e-02,7.81786817e-05,-1.283235e+05,4.413169e+04
18.9550,1.04496000e-03,-1.898826e+05,-2.142499e-02,6.88566500e-05,-1.898826e+05,4.311618e+04
18.9600,8.84081000e-04,-2.603381e+05,-2.937469e-02,5.82556806e-05,-2.603381e+05,4.757953e+04
18.9650,7.02604000e-04,-3.360713e+05,-3.791988e-02,4.62974254e-05,-3.360713e+05,5.371140e+04
18.9700,5.02873000e-04,-4.045414e+05,-4.564556e-02,3.31363403e-05,-4.045414e+05,5.152336e+04
18.9750,2.91629000e-04,-4.626067e+05,-5.219723e-02,1.92166169e-05,-4.626067e+05,4.388199e+04
18.9800,-2.83469000e-04,-5.026039e+05,-5.671022e-02,-1.86789214e-05,-5.026039e+05,3.197873e+04
18.9850,-3.39322000e-04,-5.265547e+05,-5.941266e-02,-2.23593020e-05,-5.265547e+05,1.433880e+04
18.9900,-3.94223000e-04,-5.406720e+05,-6.100555e-02,-2.59769514e-05,-5.406720e+05,-2.305187e+03
18.9950,-5.41790000e-04,-5.461345e+05,-6.162190e-02,-3.57007392e-05,-5.461345e+05,-1.623368e+04
19.0000,-7.85987000e-04,-5.452095e+05,-6.151753e-02,-5.17918693e-05,-5.452095e+05,-2.553178e+04
19.0050,-1.08365000e-03,-5.376182e+05,-6.066098e-02,-7.14060909e-05,-5.376182e+05,-3.179974e+04
19.0100,-1.40276000e-03,-5.252260e+05,-5.926273e-02,-9.24335422e-05,-5.252260e+05,-3.713975e+04
19.0150,-1.72555000e-03,-5.118719e+05,-5.775595e-02,-1.13703484e-04,-5.118719e+05,-3.898182e+04
19.0200,-2.03236000e-03,-5.035695e+05,-5.681917e-02,-1.33920438e-04,-5.035695e+05,-3.490731e+04
19.0250,-2.31859000e-03,-4.992570e+05,-5.633257e-02,-1.52781293e-04,-4.992570e+05,-2.563269e+04
19.0300,-2.58004000e-03,-4.954178e+05,-5.589939e-02,-1.70009293e-04,-4.954178e+05,-1.497314e+04
19.0350,-2.82039000e-03,-4.887800e+05,-5.515043e-02,-1.85846929e-04,-4.887800e+05,-4.770464e+03
19.0400,-3.04536000e-03,-4.705903e+05,-5.309803e-02,-2.00671114e-04,-4.705903e+05,4.224053e+03
19.0450,-3.25467000e-03,-4.378571e+05,-4.940465e-02,-2.14463399e-04,-4.378571e+05,1.150590e+04
19.0500,-3.44661000e-03,-3.853390e+05,-4.347889e-02,-2.27111103e-04,-3.853390e+05,1.547429e+04
19.0550,-3.62033000e-03,-3.144343e+05,-3.547851e-02,-2.38558218e-04,-3.144343e+05,1.643430e+04
19.0600,-3.77028000e-03,-2.317119e+05,-2.614471e-02,-2.48439031e-04,-2.317119e+05,1.585705e+04
19.0650,-3.89187000e-03,-1.391749e+05,-1.570349e-02,-2.56451089e-04,-1.391749e+05,1.040723e+04
19.0700,-3.98051000e-03,-4.145164e+04,-4.677106e-03,-2.62291938e-04,-4.145164e+04,5.401864e+03
19.0750,-4.03819000e-03,1.153849e+07,1.301920e+00,-2.66092707e-04,1.153849e+07,-2.141578e+07
19.0800,-4.06974000e-03,1.132994e+07,1.278389e+00,-2.68171665e-04,1.132994e+07,-2.908484e+07
19.0850,-4.07721000e-03,1.879004e+07,2.120134e+00,-2.68663893e-04,1.879004e+07,-4.824247e+07
19.0900,-4.06447000e-03,3.906810e+05,4.408164e-02,-2.67824403e-04,3.906810e+05,-3.332491e+04
19.0950,-4.03390000e-03,4.941476e+05,5.575607e-02,-2.65810022e-04,4.941476e+05,-3.402145e+04
19.1000,-3.98842000e-03,5.949272e+05,6.712732e-02,-2.62813160e-04,5.949272e+05,-3.932480e+04
19.1050,-3.92640000e-03,6.896027e+05,7.780982e-02,-2.58726411e-04,6.896027e+05,-4.077579e+04
19.1100,-3.83912000e-03,7.748651e+05,8.743022e-02,-2.52975178e-04,7.748651e+05,-4.350622e+04
19.1150,-3.71858000e-03,8.454299e+05,9.539225e-02,-2.45032309e-04,8.454299e+05,-4.818580e+04
19.1200,-3.54968000e-03,8.893997e+05,1.003535e-01,-2.33902803e-04,8.893997e+05,-5.180782e+04
19.1250,-3.32645000e-03,9.052186e+05,1.021384e-01,-2.19193274e-04,9.052186e+05,-5.189202e+04
19.1300,-3.04080000e-03,8.922548e+05,1.006756e-01,-2.00370637e-04,8.922548e+05,-4.640876e+04
19.1350,-2.69114000e-03,8.545751e+05,9.642412e-02,-1.77330123e-04,8.545751e+05,-3.757151e+04
19.1400,-2.27504000e-03,7.995444e+05,9.021486e-02,-1.49911607e-04,7.995444e+05,-2.752646e+04
19.1450,-1.79134000e-03,7.295548e+05,8.231773e-02,-1.18038653e-04,7.295548e+05,-1.441943e+04
19.1500,-1.23443000e-03,6.431558e+05,7.256909e-02,-8.13415963e-05,6.431558e+05,-1.221892e+03
19.1550,8.47898000e-04,5.422349e+05,6.118190e-02,5.58714360e-05,5.422349e+05,8.900979e+03
19.1600,9.84880000e-04,4.307519e+05,4.860295e-02,6.48977352e-05,4.307519e+05,1.474591e+04
19.1650,1.18758000e-03,3.105935e+05,3.504515e-02,7.82544599e-05,3.105935e+05,1.741408e+04
19.1700,2.00289000e-03,1.887432e+05,2.129643e-02,1.31978540e-04,1.887432e+05,1.805860e+04
19.1750,2.90381000e-03,6.712776e+04,7.574215e-03,1.91343811e-04,6.712776e+04,1.782222e+04
19.1800,3.59785000e-03,-4.667281e+04,-5.266226e-03,2.37076920e-04,-4.667281e+04,2.175867e+04
19.1850,4.14560000e-03,-1.469682e+05,-1.658284e-02,2.73170387e-04,-1.469682e+05,3.078124e+04
19.1900,4.63961000e-03,-8.911750e+07,-1.005538e+01,3.05722709e-04,-8.911750e+07,1.658974e+08
19.1950,5.08006000e-03,-3.110551e+05,-3.509722e-02,3.34745745e-04,-3.110551e+05,8.836188e+04
19.2000,5.43825000e-03,-3.388369e+05,-3.823192e-02,3.58348336e-04,-3.388369e+05,6.599530e+04
19.2050,5.69736000e-03,-3.874888e+06,-4.372146e-01,3.75422144e-04,-3.874888e+06,6.605920e+06
19.2100,5.84548000e-03,-3.844578e+05,-4.337946e-02,3.85182371e-04,-3.844578e+05,7.114668e+04
19.2150,5.88382000e-03,-1.736280e+06,-1.959093e-01,3.87708749e-04,-1.736280e+06,2.603389e+06
19.2200,5.81639000e-03,-3.720292e+05,-4.197711e-02,3.83265513e-04,-3.720292e+05,7.180453e+04
19.2250,5.64887000e-03,-3.520144e+05,-3.971878e-02,3.72226941e-04,-3.520144e+05,5.412098e+04
19.2300,5.39517000e-03,-3.238611e+05,-3.654216e-02,3.55509620e-04,-3.238611e+05,3.003301e+04
19.2350,5.05988000e-03,-2.927293e+05,-3.302947e-02,3.33416003e-04,-2.927293e+05,4.961665e+03
19.2400,4.63718000e-03,-2.643155e+05,-2.982346e-02,3.05562586e-04,-2.643155e+05,-7.451303e+03
19.2450,4.11529000e-03,-2.364911e+05,-2.668396e-02,2.71173139e-04,-2.364911e+05,-6.634734e+03
19.2500,3.49084000e-03,-2.053402e+05,-2.316911e-02,2.30025597e-04,-2.053402e+05,1.129139e+02
19.2550,2.77756000e-03,-1.713128e+05,-1.932971e-02,1.83024687e-04,-1.713128e+05,6.684648e+03
19.2600,2.01454000e-03,-1.385016e+05,-1.562753e-02,1.32746206e-04,-1.385016e+05,6.294271e+03
19.2650,1.21794000e-03,-1.107279e+05,-1.249375e-02,8.02550033e-05,-1.107279e+05,-1.347428e+03
19.2700,4.02488000e-04,-9.037937e+04,-1.019776e-02,2.65215657e-05,-9.037937e+04,-1.184358e+04
19.2750,-3.70178000e-04,-6.713478e+04,-7.575007e-03,-2.43925289e-05,-6.713478e+04,-2.335544e+04
19.2800,-1.06307000e-03,-2.253516e+04,-2.542705e-03,-7.00499913e-05,-2.253516e+04,-3.722807e+04
19.2850,-1.66002000e-03,4.344581e+04,4.902113e-03,-1.09385446e-04,4.344581e+04,-5.678427e+04
19.2900,-2.17583000e-03,1.109352e+05,1.251713e-02,-1.43374258e-04,1.109352e+05,-7.278388e+04
19.2950,-2.65601000e-03,2.232443e+07,2.518929e+00,-1.75015265e-04,2.232443e+07,-4.143762e+07
19.3000,-3.11924000e-03,1.552274e+05,1.751474e-02,-2.05539367e-04,1.552274e+05,-6.130385e+04
19.3050,-3.55465000e-03,9.821194e+07,1.108153e+01,-2.34230297e-04,9.821194e+07,-2.556011e+08
19.3100,-3.95619000e-03,5.315661e+04,5.997810e-03,-2.60689395e-04,5.315661e+04,-3.807942e+04
19.3150,-4.34150000e-03,-5.327224e+04,-6.010858e-03,-2.86079033e-04,-5.327224e+04,2.752956e+04
19.3200,-4.69120000e-03,-1.606576e+05,-1.812745e-02,-3.09122183e-04,-1.606576e+05,5.155321e+04
19.3250,-4.98191000e-03,-2.707544e+05,-3.054998e-02,-3.28278243e-04,-2.707544e+05,6.206961e+04
19.3300,-5.16784000e-03,-3.492771e+05,-3.940992e-02,-3.40529925e-04,-3.492771e+05,5.750477e+04
19.3350,-5.24586000e-03,-3.955237e+05,-4.462806e-02,-3.45670979e-04,-3.955237e+05,4.089598e+04
19.3400,-5.25118000e-03,-4.197457e+05,-4.736110e-02,-3.46021535e-04,-4.197457e+05,2.576106e+04
19.3450,-5.21785000e-03,-4.366745e+05,-4.927121e-02,-3.43825286e-04,-4.366745e+05,1.831392e+04
19.3500,-5.18132000e-03,-7.055216e+07,-7.960600e+00,-3.41418176e-04,-7.055216e+07,1.307998e+08
19.3550,-5.13458000e-03,-5.079653e+05,-5.731516e-02,-3.38338288e-04,-5.079653e+05,4.998925e+04
19.3600,-5.06480000e-03,-5.202699e+05,-5.870352e-02,-3.33740201e-04,-5.202699e+05,1.184341e+04
19.3650,-4.97201000e-03,-5.329048e+05,-6.012916e-02,-3.27625892e-04,-5.329048e+05,-9.940353e+03
19.3700,-4.87614000e-03,-5.261173e+05,-5.936330e-02,-3.21308629e-04,-5.261173e+05,-2.591490e+04
19.3750,-4.79469000e-03,-4.949217e+05,-5.584341e-02,-3.15941559e-04,-4.949217e+05,-3.981238e+04
19.3800,-4.73708000e-03,-4.336843e+05,-4.893382e-02,-3.12145402e-04,-4.336843e+05,-5.059829e+04
19.3850,-4.69903000e-03,-3.415996e+05,-3.854365e-02,-3.09638133e-04,-3.415996e+05,-6.047503e+04
19.3900,-4.66936000e-03,-2.323660e+05,-2.621851e-02,-3.07683057e-04,-2.323660e+05,-6.875934e+04
19.3950,-4.64064000e-03,-1.183285e+05,-1.335134e-02,-3.05790580e-04,-1.183285e+05,-6.844867e+04
19.4000,-4.60447000e-03,-1.701199e+04,-1.919511e-03,-3.03407192e-04,-1.701199e+04,-5.531229e+04
19.4050,-4.55875000e-03,7.071317e+04,7.978766e-03,-3.00394516e-04,7.071317e+04,-3.702803e+04
19.4100,-4.49863000e-03,1.436437e+05,1.620772e-02,-2.96432965e-04,1.436437e+05,-2.400533e+04
19.4150,-4.42181000e-03,1.989848e+05,2.245201e-02,-2.91370984e-04,1.989848e+05,-1.441731e+04
19.4200,-4.32360000e-03,2.424401e+05,2.735520e-02,-2.84899529e-04,2.424401e+05,-1.240483e+04
19.4250,-4.19987000e-03,2.795968e+05,3.154770e-02,-2.76746458e-04,2.795968e+05,-2.768579e+04
19.4300,-4.03971000e-03,3.035602e+05,3.425156e-02,-2.66192866e-04,3.035602e+05,-3.670245e+04
19.4350,-3.83703000e-03,2.297693e+07,2.592552e+00,-2.52837459e-04,2.297693e+07,-5.562979e+07
19.4400,-3.58310000e-03,5.135124e+06,5.794106e-01,-2.36104982e-04,5.135124e+06,-8.964138e+06
19.4450,-3.27504000e-03,3.890075e+05,4.389282e-02,-2.15805660e-04,3.890075e+05,-4.627340e+04
19.4500,-2.90764000e-03,5.354551e+06,6.041692e-01,-1.91596185e-04,5.354551e+06,-1.290302e+07
19.4550,-2.47903000e-03,4.372077e+05,4.933138e-02,-1.63353335e-04,4.372077e+05,-2.636397e+04
19.4600,-1.98871000e-03,4.359990e+05,4.919500e-02,-1.31044163e-04,4.359990e+05,1.133694e+03
19.4650,-1.44033000e-03,4.216538e+05,4.757639e-02,-9.49091818e-05,4.216538e+05,3.336053e+04
19.4700,-8.46695000e-04,4.045405e+05,4.564545e-02,-5.57921655e-05,4.045405e+05,5.398483e+04
19.4750,9.32669000e-04,3.845391e+05,4.338863e-02,6.14573408e-05,3.845391e+05,5.969973e+04
19.4800,1.03367000e-03,3.678402e+05,4.150445e-02,6.81127061e-05,3.678402e+05,5.075051e+04
19.4850,1.15371000e-03,7.234032e+05,8.162363e-02,7.60226283e-05,7.234032e+05,-6.550487e+05
19.4900,1.68653000e-03,3.414471e+05,3.852644e-02,1.11132298e-04,3.414471e+05,1.788530e+04
19.4950,2.20161000e-03,3.264504e+05,3.683432e-02,1.45073007e-04,3.264504e+05,1.130329e+04
19.5000,2.66519000e-03,3.074039e+05,3.468526e-02,1.75620172e-04,3.074039e+05,1.397467e+04
