ISO-10303-21;
HEADER;
FILE_DESCRIPTION(('ViewDefinition [ReferenceView_V1.2]','RevitIdentifiers [ContentGUID: 401d5330-9d8a-43e1-bf0e-de9218fac677, VersionGUID: 063c664e-2d91-4f70-9ecc-e2331702c615, NumberOfSaves: 196]','CoordinateReference [CoordinateBase: Shared Coordinates]','ExchangeRequirement [Architecture]'),'2;1');
FILE_NAME('example_clean.ifc','2026-09-07T15:34:02+00:00',(''),(''),'ODA SDAI 25.12','Autodesk - Revit 27.0.20.10 (ENU) - 27.0.20.10','');
FILE_SCHEMA(('IFC4'));
ENDSEC;

DATA;
#1=IFCORGANIZATION($,'Autodesk Revit 2027 (ENU)',$,$,$);
#2=IFCAPPLICATION(#1,'2027','Autodesk Revit 2027 (ENU)','Revit');
#3=IFCPERSON($,'','mlauraleonardiT9JLN',$,$,$,$,$);
#4=IFCORGANIZATION($,'Organization Name','Organization Description',$,$);
#5=IFCPERSONANDORGANIZATION(#3,#4,$);
#6=IFCOWNERHISTORY(#5,#2,$,.NOCHANGE.,$,$,$,1778484477);
#7=IFCSIUNIT(*,.LENGTHUNIT.,.MILLI.,.METRE.);
#8=IFCSIUNIT(*,.AREAUNIT.,$,.SQUARE_METRE.);
#9=IFCSIUNIT(*,.VOLUMEUNIT.,$,.CUBIC_METRE.);
#10=IFCCARTESIANPOINT((0.,0.,0.));
#11=IFCAXIS2PLACEMENT3D(#10,$,$);
#12=IFCDIRECTION((0.,1.));
#13=IFCGEOMETRICREPRESENTATIONCONTEXT($,'Model',3,0.01,#11,#12);
#14=IFCGEOMETRICREPRESENTATIONSUBCONTEXT('Axis','Model',*,*,*,*,#13,$,.GRAPH_VIEW.,$);
#15=IFCGEOMETRICREPRESENTATIONSUBCONTEXT('Body','Model',*,*,*,*,#13,$,.MODEL_VIEW.,$);
#16=IFCGEOMETRICREPRESENTATIONSUBCONTEXT('Box','Model',*,*,*,*,#13,$,.MODEL_VIEW.,$);
#17=IFCGEOMETRICREPRESENTATIONSUBCONTEXT('FootPrint','Model',*,*,*,*,#13,$,.MODEL_VIEW.,$);
#18=IFCPROJECT('107LCmdOf3uRyEtfBd1Jc7',#6,'Project Number',$,$,'Project Name','Project Status',(#13),#6559);
#19=IFCPOSTALADDRESS($,$,$,$,('Enter address here\X\0D\X\0AAddress Line 2'),$,'','Boston','','MA');
#20=IFCAXIS2PLACEMENT3D(#10,$,$);
#21=IFCLOCALPLACEMENT(#43,#20);
#22=IFCBUILDING('107LCmdOf3uRyEtfBd1Jc6',#6,'Building Name',$,$,#21,$,'Building Name',.ELEMENT.,$,$,#19);
#23=IFCAXIS2PLACEMENT3D(#10,$,$);
#24=IFCLOCALPLACEMENT(#21,#23);
#25=IFCBUILDINGSTOREY('2JF4e6axWHqu3u0C1FZlmi',#6,'L1',$,$,#24,$,'L1',.ELEMENT.,0.);
#26=IFCCARTESIANPOINT((0.,0.,4100.));
#27=IFCAXIS2PLACEMENT3D(#26,$,$);
#28=IFCLOCALPLACEMENT(#21,#27);
#29=IFCBUILDINGSTOREY('1ZGO8hrFCHqw0v0026FpFv',#6,'L2',$,$,#28,$,'L2',.ELEMENT.,4100.);
#30=IFCCARTESIANPOINT((0.,0.,7600.));
#31=IFCAXIS2PLACEMENT3D(#30,$,$);
#32=IFCLOCALPLACEMENT(#21,#31);
#33=IFCBUILDINGSTOREY('112HIUctr2yw5OqZgr3k75',#6,'L3',$,$,#32,$,'L3',.ELEMENT.,7600.0000000001683);
#34=IFCCARTESIANPOINT((0.,0.,10000.));
#35=IFCAXIS2PLACEMENT3D(#34,$,$);
#36=IFCLOCALPLACEMENT(#21,#35);
#37=IFCBUILDINGSTOREY('2Pn2gPaDD7hh0SQrsREd3H',#6,'L4',$,$,#36,$,'L4',.ELEMENT.,10000.);
#38=IFCCARTESIANPOINT((0.,0.,12300.));
#39=IFCAXIS2PLACEMENT3D(#38,$,$);
#40=IFCLOCALPLACEMENT(#21,#39);
#41=IFCBUILDINGSTOREY('2ngzEiy0LAuAASKIzClK$R',#6,'L5',$,$,#40,$,'L5',.ELEMENT.,12300.000000000002);
#42=IFCAXIS2PLACEMENT3D(#10,$,$);
#43=IFCLOCALPLACEMENT($,#42);
#44=IFCSITE('107LCmdOf3uRyEtfBd1Jc5',#6,'Default',$,$,#43,$,$,.ELEMENT.,(42,21,31,401672),(-71,-3,-24,-345703),0.,$,$);
#45=IFCPROPERTYSINGLEVALUE('Reference',$,IFCIDENTIFIER('Project Information'),$);
#46=IFCPROPERTYSET('0IvnnS_YeHmG2jv$y67X0l',#6,'Pset_SiteCommon',$,(#45));
#47=IFCRELDEFINESBYPROPERTIES('1XUdfESHrbvdws5kTtn8AT',#6,$,$,(#44),#46);
#48=IFCCARTESIANPOINT((14008.282538609679,-10230.393575990563,-1500.));
#49=IFCDIRECTION((0.,0.,1.));
#50=IFCDIRECTION((0.94551857559931674,0.32556815445715664,0.));
#51=IFCAXIS2PLACEMENT3D(#48,#49,#50);
#52=IFCLOCALPLACEMENT(#24,#51);
#53=IFCCARTESIANPOINTLIST3D(((-5.4143356464919636E-013,-1.0828671292983927E-012,0.),(7575.5085749515347,2.1657342585967854E-012,0.)));
#54=IFCINDEXEDPOLYCURVE(#53,$,.F.);
#55=IFCSHAPEREPRESENTATION(#14,'Axis','Curve3D',(#54));
#56=IFCPRODUCTDEFINITIONSHAPE($,$,(#55,#66));
#57=IFCCARTESIANPOINTLIST2D(((7403.3447683067052,-249.99999999999838),(7575.5085749515374,250.00000000000219),(672.19085614677192,250.00000000000139),(172.16380664483381,250.00000000000242),(6.9371175470678287E-013,-249.99999999999898),(7403.3447683067052,-249.99999999999838)));
#58=IFCINDEXEDPOLYCURVE(#57,$,.F.);
#59=IFCARBITRARYCLOSEDPROFILEDEF(.AREA.,$,#58);
#60=IFCAXIS2PLACEMENT3D(#10,$,$);
#61=IFCEXTRUDEDAREASOLID(#59,#60,#49,5600.);
#62=IFCCOLOURRGB($,1.,0.65098039215686276,0.82352941176470584);
#63=IFCSURFACESTYLERENDERING(#62,0.,$,$,$,$,IFCNORMALISEDRATIOMEASURE(0.5),IFCSPECULAREXPONENT(64.),.NOTDEFINED.);
#64=IFCSURFACESTYLE('Tufelli_masonry_typeA',.BOTH.,(#63));
#65=IFCSTYLEDITEM(#61,(#64),$);
#66=IFCSHAPEREPRESENTATION(#15,'Body','SweptSolid',(#61));
#67=IFCWALL('0GisCWViz2PeUrBi4wgVRW',#6,'Basic Wall:Castelnuovo_typeA:1674798',$,$,#52,#56,'1674798',.NOTDEFINED.);
#68=IFCQUANTITYLENGTH('Height',$,$,5600.,$);
#69=IFCQUANTITYLENGTH('Length',$,$,7575.5085749515374,$);
#70=IFCQUANTITYLENGTH('Width',$,$,500.00000000000006,$);
#71=IFCQUANTITYAREA('GrossFootprintArea',$,$,3.7016723841533556,$);
#72=IFCQUANTITYVOLUME('GrossVolume',$,$,20.729365351258775,$);
#73=IFCQUANTITYAREA('GrossSideArea',$,$,20.729365351258775,$);
#74=IFCQUANTITYAREA('NetSideArea',$,$,41.458730702517556,$);
#75=IFCQUANTITYVOLUME('NetVolume',$,$,20.729365351258792,$);
#76=IFCELEMENTQUANTITY('1fLXMeryYvhuq_T8wgcG0B',#6,'Qto_WallBaseQuantities',$,'BaseQuantities',(#68,#69,#70,#71,#72,#73,#74,#75));
#77=IFCRELDEFINESBYPROPERTIES('3wjn_qDmrYianJQXcVNB7D',#6,$,$,(#67),#76);
#78=IFCMATERIAL('Tufelli_masonry_typeA',$,$);
#79=IFCWALLTYPE('07a_aHESvFN8L9kMI1aXUe',#6,'Basic Wall:Castelnuovo_typeA',$,$,(#92),$,'1772251',$,.STANDARD.);
#80=IFCPROPERTYSINGLEVALUE('Reference',$,IFCIDENTIFIER('Castelnuovo_typeA'),$);
#81=IFCPROPERTYSET('11Oc9SN$HrSzmuCKcgBRj2',#6,'Pset_EnvironmentalImpactIndicators',$,(#80));
#82=IFCPROPERTYSINGLEVALUE('Reference',$,IFCLABEL('Castelnuovo_typeA'),$);
#83=IFCPROPERTYSET('0Eil2cEwft_YZTGkkb21IT',#6,'Pset_ReinforcementBarPitchOfWall',$,(#82));
#84=IFCPROPERTYSINGLEVALUE('IsExternal',$,IFCBOOLEAN(.T.),$);
#85=IFCPROPERTYSINGLEVALUE('LoadBearing',$,IFCBOOLEAN(.F.),$);
#86=IFCPROPERTYSINGLEVALUE('ExtendToStructure',$,IFCBOOLEAN(.T.),$);
#87=IFCPROPERTYSET('3Ya6UyKsJ_L5U9RySPPiFb',#6,'Pset_WallCommon',$,(#80,#84,#85,#86));
#88=IFCRELDEFINESBYPROPERTIES('0byueXiT$kwB1Z$vJVMP$1',#6,$,$,(#67),#81);
#89=IFCRELDEFINESBYPROPERTIES('1DwH2Eo_Y$Hb1E62Dl3lE5',#6,$,$,(#67),#83);
#90=IFCRELDEFINESBYPROPERTIES('2vieFEZmwD5cUF8Hpg6Bo9',#6,$,$,(#67),#87);
#91=IFCPROPERTYSINGLEVALUE('Description',$,IFCTEXT('Generic Wall (Material By Category), 200mm thick'),$);
#92=IFCPROPERTYSET('3T8H4hAKpzRp_BGgc7rI$E',#6,'Pset_ReinforcementBarPitchOfWall',$,(#91));
#93=IFCCARTESIANPOINT((14089.674577223957,-16703.038197492904,0.));
#94=IFCAXIS2PLACEMENT3D(#93,$,$);
#95=IFCLOCALPLACEMENT(#24,#94);
#96=IFCCARTESIANPOINTLIST3D(((-2.9999071066416131E-013,0.,0.),(7000.0000000000027,0.,0.)));
#97=IFCINDEXEDPOLYCURVE(#96,$,.F.);
#98=IFCSHAPEREPRESENTATION(#14,'Axis','Curve3D',(#97));
#99=IFCPRODUCTDEFINITIONSHAPE($,$,(#98,#125));
#100=IFCCARTESIANPOINTLIST2D(((7000.0000000000036,-250.00000000000165),(7000.0000000000018,249.99999999999949),(6500.0000000000027,250.00000000000009),(499.99999999999818,249.99999999999886),(-7.7347652092742176E-013,249.99999999999949),(7.7347652092742842E-013,-250.00000000000165),(7000.0000000000036,-250.00000000000165)));
#101=IFCINDEXEDPOLYCURVE(#100,$,.F.);
#102=IFCARBITRARYCLOSEDPROFILEDEF(.AREA.,$,#101);
#103=IFCAXIS2PLACEMENT3D(#10,$,$);
#104=IFCEXTRUDEDAREASOLID(#102,#103,#49,4100.);
#105=IFCSTYLEDITEM(#104,(#64),$);
#106=IFCCOLOURRGBLIST(((1.,0.65098039215686276,0.82352941176470584)));
#107=IFCINDEXEDPOLYGONALFACEWITHVOIDS((1,2,3,4),((5,6,7,8,9,10,11,12)));
#108=IFCINDEXEDPOLYGONALFACEWITHVOIDS((13,14,15,16,17,18,19,20),((21,22,23,24,25,26,27,28)));
#109=IFCINDEXEDPOLYGONALFACE((2,1,13,20,19,18));
#110=IFCINDEXEDPOLYGONALFACE((4,3,17,16,15,14));
#111=IFCINDEXEDPOLYGONALFACE((3,2,18,17));
#112=IFCINDEXEDPOLYGONALFACE((1,4,14,13));
#113=IFCINDEXEDPOLYGONALFACE((6,5,21,28));
#114=IFCINDEXEDPOLYGONALFACE((7,6,28,27));
#115=IFCINDEXEDPOLYGONALFACE((8,7,27,26));
#116=IFCINDEXEDPOLYGONALFACE((9,8,26,25));
#117=IFCINDEXEDPOLYGONALFACE((10,9,25,24));
#118=IFCINDEXEDPOLYGONALFACE((11,10,24,23));
#119=IFCINDEXEDPOLYGONALFACE((12,11,23,22));
#120=IFCINDEXEDPOLYGONALFACE((5,12,22,21));
#121=IFCCARTESIANPOINTLIST3D(((4.7348581026327085E-013,-250.00000000000381,0.),(7000.0000000000027,-250.00000000000165,0.),(7000.0000000000027,-250.00000000000165,4100.0000000000009),(4.7348581026327085E-013,-250.00000000000381,4100.0000000000009),(2099.9999999999736,-250.00000000000165,2112.0635322596736),(2099.9999999999736,-250.00000000000165,3512.0635322596722),(2000.0000000000027,-250.00000000000165,3512.0635322596722),(1938.285556752036,-250.00000000000165,3862.063532259675),(3461.7144432479631,-250.00000000000165,3862.063532259675),(3399.9999999999704,-250.00000000000165,3512.0635322596722),(3299.9999999999714,-250.00000000000165,3512.0635322596722),(3299.9999999999714,-250.00000000000165,2112.0635322596736),(-1.0734672315915857E-012,249.99999999999949,0.),(-1.0734672315915857E-012,249.99999999999949,4100.0000000000009),(499.99999999999784,249.99999999999949,4100.),(6500.0000000000027,249.99999999999949,4100.),(7000.0000000000018,249.99999999999949,4100.0000000000009),(7000.0000000000018,249.99999999999949,0.),(6500.0000000000027,249.99999999999949,0.),(499.99999999999784,249.99999999999949,0.),(2099.9999999999741,249.99999999999949,2112.0635322596736),(3299.9999999999741,249.9999999999973,2112.0635322596736),(3299.9999999999741,249.9999999999973,3512.0635322596722),(3399.9999999999709,249.9999999999973,3512.0635322596722),(3461.7144432479658,249.9999999999973,3862.063532259675),(1938.2855567520387,249.99999999999949,3862.063532259675),(2000.0000000000034,249.99999999999949,3512.0635322596722),(2099.9999999999741,249.99999999999949,3512.0635322596722)));
#122=IFCPOLYGONALFACESET(#121,.T.,(#107,#108,#109,#110,#111,#112,#113,#114,#115,#116,#117,#118,#119,#120),$);
#123=IFCINDEXEDCOLOURMAP(#122,1.,#106,(1,1,1,1,1,1,1,1,1,1,1,1,1,1));
#124=IFCSTYLEDITEM(#122,(#64),$);
#125=IFCSHAPEREPRESENTATION(#15,'Body','Tessellation',(#122));
#126=IFCWALL('0GisCWViz2PeUrBi4wgVUt',#6,'Basic Wall:Castelnuovo_typeA:1675129',$,$,#95,#99,'1675129',.NOTDEFINED.);
#127=IFCQUANTITYLENGTH('Height',$,$,4100.,$);
#128=IFCQUANTITYLENGTH('Length',$,$,7000.0000000000045,$);
#129=IFCQUANTITYLENGTH('Width',$,$,500.00000000000006,$);
#130=IFCQUANTITYAREA('GrossFootprintArea',$,$,3.4999999999999938,$);
#131=IFCQUANTITYVOLUME('GrossVolume',$,$,14.350000000000009,$);
#132=IFCQUANTITYAREA('GrossSideArea',$,$,14.350000000000009,$);
#133=IFCQUANTITYAREA('NetSideArea',$,$,26.508399944863232,$);
#134=IFCQUANTITYVOLUME('NetVolume',$,$,13.254199972431644,$);
#135=IFCELEMENTQUANTITY('1fmgFiExSkBO4DbXNqKkV4',#6,'Qto_WallBaseQuantities',$,'BaseQuantities',(#127,#128,#129,#130,#131,#132,#133,#134));
#136=IFCRELDEFINESBYPROPERTIES('3iQ4mjIx5LC5fL$9SswAVQ',#6,$,$,(#126),#135);
#137=IFCPROPERTYSET('0lRDp_sUO35hweBR8a9lTg',#6,'Pset_EnvironmentalImpactIndicators',$,(#80));
#138=IFCPROPERTYSINGLEVALUE('Reference',$,IFCLABEL('Castelnuovo_typeA'),$);
#139=IFCPROPERTYSET('3rV4c1mIUYyPox2x_bQaz6',#6,'Pset_ReinforcementBarPitchOfWall',$,(#138));
#140=IFCPROPERTYSINGLEVALUE('ExtendToStructure',$,IFCBOOLEAN(.F.),$);
#141=IFCPROPERTYSET('3keeA7o9oYwYcIk6RFdnbV',#6,'Pset_WallCommon',$,(#80,#84,#85,#140));
#142=IFCRELDEFINESBYPROPERTIES('2B5AN0OiqeTujXkuJABPga',#6,$,$,(#126),#137);
#143=IFCRELDEFINESBYPROPERTIES('2ASouFBum2UdSsbzIuSvg3',#6,$,$,(#126),#139);
#144=IFCRELDEFINESBYPROPERTIES('28f4$EBRSMudsIMJECR6Y0',#6,$,$,(#126),#141);
#145=IFCCARTESIANPOINT((20839.674577223959,-16453.038197492926,0.));
#146=IFCDIRECTION((0.,1.,0.));
#147=IFCAXIS2PLACEMENT3D(#145,#49,#146);
#148=IFCLOCALPLACEMENT(#24,#147);
#149=IFCCARTESIANPOINTLIST3D(((0.,7.6022910962397071E-014,0.),(8396.5582706301957,-1.8151538840275732E-012,0.)));
#150=IFCINDEXEDPOLYCURVE(#149,$,.F.);
#151=IFCSHAPEREPRESENTATION(#14,'Axis','Curve3D',(#150));
#152=IFCPRODUCTDEFINITIONSHAPE($,$,(#151,#252));
#153=IFCCARTESIANPOINTLIST2D(((8396.5582706301957,-250.00000000000136),(8224.3944639853635,249.99999999999727),(4370.6909928935338,249.99999999999883),(3870.6909928935333,249.99999999999793),(1.7061799752729753E-012,249.99999999999949),(4.595542833238101E-013,-249.99999999999949),(8396.5582706301957,-250.00000000000136)));
#154=IFCINDEXEDPOLYCURVE(#153,$,.F.);
#155=IFCARBITRARYCLOSEDPROFILEDEF(.AREA.,$,#154);
#156=IFCAXIS2PLACEMENT3D(#10,$,$);
#157=IFCEXTRUDEDAREASOLID(#155,#156,#49,4100.);
#158=IFCSTYLEDITEM(#157,(#64),$);
#159=IFCCOLOURRGBLIST(((1.,0.65098039215686276,0.82352941176470584)));
#160=IFCINDEXEDPOLYGONALFACEWITHVOIDS((1,2,3,4),((54,55,56,57,58,59,60,61,62,63,64,65,66,37,38,39,40,41,42,43,44,45,46,47,48,49,50,51,52,53),(73,74,67,68,69,70,71,72),(82,79,80,81),(84,85,86,83),(76,77,78,75),(36,5,6,7,8,9,10,11,12,13,14,15,16,17,18,19,20,21,22,23,24,25,26,27,28,29,30,31,32,33,34,35)));
#161=IFCINDEXEDPOLYGONALFACEWITHVOIDS((87,88,89,90,91,92,93,94),((173,174,175,176),(168,165,166,167),(156,127,128,129,130,131,132,133,134,135,136,137,138,139,140,141,142,143,144,145,146,147,148,149,150,151,152,153,154,155),(100,101,102,103,104,105,106,107,108,109,110,111,112,113,114,115,116,117,118,119,120,121,122,123,124,125,126,95,96,97,98,99),(162,163,164,157,158,159,160,161),(171,172,169,170)));
#162=IFCINDEXEDPOLYGONALFACE((2,1,90,89,88,87));
#163=IFCINDEXEDPOLYGONALFACE((96,95,6,5));
#164=IFCINDEXEDPOLYGONALFACE((104,103,30,29));
#165=IFCINDEXEDPOLYGONALFACE((18,17,116,115));
#166=IFCINDEXEDPOLYGONALFACE((141,140,54,53));
#167=IFCINDEXEDPOLYGONALFACE((164,163,69,68));
#168=IFCINDEXEDPOLYGONALFACE((76,165,168,77));
#169=IFCINDEXEDPOLYGONALFACE((81,80,169,172));
#170=IFCINDEXEDPOLYGONALFACE((85,84,173,176));
#171=IFCINDEXEDPOLYGONALFACE((4,3,94,93,92,91));
#172=IFCINDEXEDPOLYGONALFACE((98,97,36,35));
#173=IFCINDEXEDPOLYGONALFACE((100,99,34,33));
#174=IFCINDEXEDPOLYGONALFACE((102,101,32,31));
#175=IFCINDEXEDPOLYGONALFACE((39,38,156,155));
#176=IFCINDEXEDPOLYGONALFACE((158,157,67,74));
#177=IFCINDEXEDPOLYGONALFACE((160,159,73,72));
#178=IFCINDEXEDPOLYGONALFACE((162,161,71,70));
#179=IFCINDEXEDPOLYGONALFACE((78,167,166,75));
#180=IFCINDEXEDPOLYGONALFACE((79,82,171,170));
#181=IFCINDEXEDPOLYGONALFACE((83,86,175,174));
#182=IFCINDEXEDPOLYGONALFACE((90,1,4,91));
#183=IFCINDEXEDPOLYGONALFACE((101,100,33,32));
#184=IFCINDEXEDPOLYGONALFACE((103,102,31,30));
#185=IFCINDEXEDPOLYGONALFACE((38,37,127,156));
#186=IFCINDEXEDPOLYGONALFACE((161,160,72,71));
#187=IFCINDEXEDPOLYGONALFACE((163,162,70,69));
#188=IFCINDEXEDPOLYGONALFACE((77,168,167,78));
#189=IFCINDEXEDPOLYGONALFACE((82,81,172,171));
#190=IFCINDEXEDPOLYGONALFACE((86,85,176,175));
#191=IFCINDEXEDPOLYGONALFACE((2,87,94,3));
#192=IFCINDEXEDPOLYGONALFACE((97,96,5,36));
#193=IFCINDEXEDPOLYGONALFACE((99,98,35,34));
#194=IFCINDEXEDPOLYGONALFACE((40,39,155,154));
#195=IFCINDEXEDPOLYGONALFACE((159,158,74,73));
#196=IFCINDEXEDPOLYGONALFACE((157,164,68,67));
#197=IFCINDEXEDPOLYGONALFACE((75,166,165,76));
#198=IFCINDEXEDPOLYGONALFACE((80,79,170,169));
#199=IFCINDEXEDPOLYGONALFACE((84,83,174,173));
#200=IFCINDEXEDPOLYGONALFACE((106,27,26,107));
#201=IFCINDEXEDPOLYGONALFACE((107,26,25,108));
#202=IFCINDEXEDPOLYGONALFACE((105,104,29,28));
#203=IFCINDEXEDPOLYGONALFACE((105,28,27,106));
#204=IFCINDEXEDPOLYGONALFACE((109,108,25,24));
#205=IFCINDEXEDPOLYGONALFACE((113,112,21,20));
#206=IFCINDEXEDPOLYGONALFACE((114,113,20,19));
#207=IFCINDEXEDPOLYGONALFACE((111,110,23,22));
#208=IFCINDEXEDPOLYGONALFACE((112,111,22,21));
#209=IFCINDEXEDPOLYGONALFACE((109,24,23,110));
#210=IFCINDEXEDPOLYGONALFACE((115,114,19,18));
#211=IFCINDEXEDPOLYGONALFACE((118,15,14,119));
#212=IFCINDEXEDPOLYGONALFACE((119,14,13,120));
#213=IFCINDEXEDPOLYGONALFACE((117,116,17,16));
#214=IFCINDEXEDPOLYGONALFACE((117,16,15,118));
#215=IFCINDEXEDPOLYGONALFACE((121,120,13,12));
#216=IFCINDEXEDPOLYGONALFACE((125,124,9,8));
#217=IFCINDEXEDPOLYGONALFACE((126,125,8,7));
#218=IFCINDEXEDPOLYGONALFACE((123,122,11,10));
#219=IFCINDEXEDPOLYGONALFACE((124,123,10,9));
#220=IFCINDEXEDPOLYGONALFACE((121,12,11,122));
#221=IFCINDEXEDPOLYGONALFACE((95,126,7,6));
#222=IFCINDEXEDPOLYGONALFACE((41,40,154,153));
#223=IFCINDEXEDPOLYGONALFACE((41,153,152,42));
#224=IFCINDEXEDPOLYGONALFACE((43,42,152,151));
#225=IFCINDEXEDPOLYGONALFACE((46,45,149,148));
#226=IFCINDEXEDPOLYGONALFACE((149,45,44,150));
#227=IFCINDEXEDPOLYGONALFACE((44,43,151,150));
#228=IFCINDEXEDPOLYGONALFACE((51,50,144,143));
#229=IFCINDEXEDPOLYGONALFACE((52,51,143,142));
#230=IFCINDEXEDPOLYGONALFACE((48,47,147,146));
#231=IFCINDEXEDPOLYGONALFACE((49,48,146,145));
#232=IFCINDEXEDPOLYGONALFACE((49,145,144,50));
#233=IFCINDEXEDPOLYGONALFACE((46,148,147,47));
#234=IFCINDEXEDPOLYGONALFACE((52,142,141,53));
#235=IFCINDEXEDPOLYGONALFACE((57,137,136,58));
#236=IFCINDEXEDPOLYGONALFACE((58,136,135,59));
#237=IFCINDEXEDPOLYGONALFACE((55,54,140,139));
#238=IFCINDEXEDPOLYGONALFACE((56,55,139,138));
#239=IFCINDEXEDPOLYGONALFACE((56,138,137,57));
#240=IFCINDEXEDPOLYGONALFACE((60,59,135,134));
#241=IFCINDEXEDPOLYGONALFACE((65,64,130,129));
#242=IFCINDEXEDPOLYGONALFACE((66,65,129,128));
#243=IFCINDEXEDPOLYGONALFACE((62,61,133,132));
#244=IFCINDEXEDPOLYGONALFACE((131,63,62,132));
#245=IFCINDEXEDPOLYGONALFACE((64,63,131,130));
#246=IFCINDEXEDPOLYGONALFACE((61,60,134,133));
#247=IFCINDEXEDPOLYGONALFACE((37,66,128,127));
#248=IFCCARTESIANPOINTLIST3D(((0.,-249.9999999999994,0.),(8396.5582706301957,-250.00000000000131,0.),(8396.5582706301957,-250.00000000000131,4100.),(0.,-249.9999999999994,4100.),(100.00000000000541,-249.9999999999992,3000.0000000000023),(285.00000000000233,-249.99999999999886,3000.0000000000009),(291.05413507638735,-249.99999999999886,3088.5083219125613),(309.10376322393245,-249.99999999999883,3175.3679012520665),(338.81265402145874,-249.99999999999878,3258.9607084000581),(379.62738704478664,-249.99999999999869,3337.7295675230334),(430.78766104213105,-249.99999999999861,3410.207163811936),(491.34045690787946,-249.99999999999849,3475.0433767807822),(560.15779062534068,-249.99999999999835,3531.030430456789),(635.95772547475462,-249.99999999999821,3577.1253919615456),(717.32825208886266,-250.00000000000242,3612.4695993772352),(802.75359151579289,-250.00000000000225,3636.4046569935117),(890.64243131297007,-250.00000000000207,3648.484699973852),(979.35756868704232,-250.00000000000193,3648.4846999738515),(1067.2464084842172,-250.00000000000176,3636.4046569935113),(1152.6717479111476,-250.00000000000162,3612.4695993772343),(1234.0422745252556,-250.00000000000148,3577.1253919615447),(1309.8422093746697,-250.00000000000134,3531.0304304567871),(1378.6595430921307,-250.00000000000119,3475.0433767807804),(1439.2123389578792,-250.00000000000111,3410.2071638119337),(1490.3726129552235,-250.00000000000099,3337.7295675230312),(1531.1873459785515,-250.00000000000094,3258.9607084000559),(1560.8962367760755,-250.00000000000085,3175.3679012520638),(1578.9458649236205,-250.00000000000082,3088.5083219125586),(1585.0000000000057,-250.00000000000082,3000.),(1785.0000000000014,-250.00000000000045,3000.),(1785.0000000000014,-250.00000000000045,2800.),(1584.9999999999905,-250.00000000000082,2800.),(1584.9999999999905,-250.00000000000082,800.),(285.00000000000233,-249.99999999999886,800.),(285.00000000000233,-249.99999999999886,2800.),(100.00000000000541,-249.9999999999992,2800.),(3670.6909928935356,-250.00000000000131,2400.0000000000023),(3670.6909928935356,-250.00000000000131,800.),(1870.6909928935313,-250.00000000000028,800.),(1870.6909928935293,-250.00000000000028,2399.9999999999991),(1876.7764709257804,-250.00000000000028,2504.4836227127066),(1894.9506093716891,-250.00000000000026,2607.5542836681957),(1924.9676341862132,-250.0000000000002,2707.8181289931022),(1966.4216166024598,-250.00000000000011,2803.9192621804164),(2018.7519626218871,-250.00000000000003,2894.5580802637255),(2081.2509940864497,-249.99999999999991,2978.5088487178864),(2153.0735188116714,-249.99999999999977,3054.6362774157446),(2233.2482603610242,-249.9999999999996,3121.9108734795404),(2320.6909928935311,-249.99999999999949,3179.4228634059959),(2414.2192034582908,-249.99999999999932,3226.394496192248),(2512.5680834535506,-249.99999999999909,3262.1905610839412),(2614.4076329932936,-249.99999999999892,3286.3269777109886),(2718.3606468741032,-249.99999999999872,3298.4773424441428),(2823.0213389129599,-249.99999999999852,3298.4773424441428),(2926.9743527937712,-249.99999999999835,3286.3269777109886),(3028.8139023335148,-249.99999999999815,3262.1905610839412),(3127.162782328774,-250.00000000000233,3226.394496192248),(3220.6909928935343,-250.00000000000216,3179.4228634059964),(3308.1337254260407,-250.00000000000199,3121.9108734795404),(3388.3084669753939,-250.00000000000185,3054.6362774157446),(3460.1309917006156,-250.00000000000171,2978.5088487178864),(3522.630023165178,-250.00000000000156,2894.558080263726),(3574.960369184605,-250.00000000000151,2803.9192621804164),(3616.4143516008521,-250.00000000000139,2707.8181289931022),(3646.4313764153758,-250.00000000000136,2607.5542836681957),(3664.6055148612845,-250.00000000000134,2504.4836227127066),(5670.6909928935356,-250.00000000000199,2000.0000000000002),(5670.6909928935356,-250.00000000000199,2200.0000000000018),(7870.6909928935338,-250.00000000000225,2200.0000000000018),(7870.6909928935338,-250.00000000000225,2000.0000000000002),(7670.6909928935329,-249.99999999999829,2000.0000000000002),(7670.6909928935329,-249.99999999999829,200.),(5870.6909928935493,-250.00000000000162,200.),(5870.6909928935493,-250.00000000000162,2000.0000000000002),(4370.6909928935347,-250.00000000000003,1014.7035637443724),(4370.6909928935347,-250.00000000000003,2214.7035637443723),(5370.6909928935347,-249.99999999999818,2214.7035637443723),(5370.6909928935374,-249.99999999999818,1014.7035637443724),(7170.6909928935311,-249.9999999999992,2700.),(7170.6909928935311,-249.9999999999992,3900.0000000000005),(8170.6909928935311,-250.00000000000171,3900.0000000000005),(8170.6909928935311,-250.00000000000171,2700.),(6070.6909928935338,-250.00000000000122,2700.),(6070.6909928935338,-250.00000000000122,3600.0000000000005),(6970.6909928935338,-249.99999999999957,3600.0000000000005),(6970.6909928935338,-249.99999999999957,2700.),(8224.3944639853617,249.99999999999736,-2.0169972056493028E-021),(4370.6909928935329,249.99999999999892,4.0339944112986055E-021),(3870.6909928935315,249.99999999999801,-4.0339944112986055E-021),(0.,249.99999999999955,0.),(0.,249.99999999999955,4100.),(3870.6909928935315,249.99999999999801,4100.),(4370.6909928935329,249.99999999999892,4100.),(8224.3944639853617,249.99999999999736,4100.),(285.00000000000233,250.00000000000009,3000.0000000000023),(100.00000000000325,249.99999999999974,3000.0000000000023),(100.00000000000325,249.99999999999974,2800.),(285.00000000000017,250.00000000000009,2800.),(285.00000000000017,250.00000000000009,800.),(1584.9999999999884,249.99999999999812,800.),(1584.9999999999884,249.99999999999812,2800.),(1784.9999999999991,249.99999999999849,2800.),(1784.9999999999991,249.99999999999849,3000.),(1585.0000000000034,249.99999999999812,2999.9999999999973),(1578.9458649236185,249.99999999999812,3088.5083219125586),(1560.8962367760735,249.9999999999981,3175.3679012520638),(1531.1873459785493,249.99999999999801,3258.9607084000559),(1490.3726129552213,249.99999999999795,3337.7295675230312),(1439.2123389578769,249.99999999999784,3410.2071638119337),(1378.6595430921286,249.99999999999775,3475.0433767807804),(1309.8422093746674,249.99999999999761,3531.0304304567871),(1234.0422745252533,249.99999999999747,3577.1253919615447),(1152.6717479111453,249.99999999999736,3612.4695993772343),(1067.2464084842152,249.99999999999719,3636.4046569935113),(979.35756868704016,249.99999999999702,3648.4846999738515),(890.64243131296791,249.99999999999687,3648.484699973852),(802.75359151579073,249.9999999999967,3636.4046569935117),(717.32825208886049,249.99999999999653,3612.4695993772352),(635.95772547475246,250.00000000000074,3577.1253919615456),(560.15779062533841,250.0000000000006,3531.030430456789),(491.3404569078773,250.00000000000045,3475.0433767807822),(430.78766104212889,250.00000000000034,3410.207163811936),(379.62738704478448,250.00000000000026,3337.7295675230334),(338.81265402145658,250.0000000000002,3258.9607084000581),(309.10376322393029,250.00000000000011,3175.3679012520665),(291.05413507638519,250.00000000000009,3088.5083219125613),(3670.6909928935338,249.99999999999764,2399.9999999999991),(3664.6055148612827,249.99999999999761,2504.4836227127066),(3646.431376415374,249.99999999999758,2607.5542836681957),(3616.4143516008498,249.99999999999756,2707.8181289931022),(3574.9603691846032,249.99999999999744,2803.9192621804164),(3522.6300231651758,249.99999999999739,2894.558080263726),(3460.1309917006133,249.99999999999724,2978.5088487178864),(3388.3084669753916,249.9999999999971,3054.6362774157446),(3308.1337254260384,249.99999999999696,3121.9108734795404),(3220.690992893532,249.99999999999679,3179.4228634059964),(3127.1627823287722,249.99999999999665,3226.394496192248),(3028.8139023335125,250.0000000000008,3262.1905610839412),(2926.974352793769,250.0000000000006,3286.3269777109886),(2823.0213389129576,250.00000000000043,3298.4773424441428),(2718.3606468741009,250.00000000000023,3298.4773424441428),(2614.4076329932918,250.00000000000003,3286.3269777109886),(2512.5680834535483,249.99999999999986,3262.1905610839412),(2414.2192034582886,249.99999999999963,3226.394496192248),(2320.6909928935288,249.99999999999949,3179.4228634059959),(2233.2482603610219,249.99999999999935,3121.9108734795404),(2153.0735188116691,249.99999999999918,3054.6362774157446),(2081.2509940864475,249.99999999999903,2978.5088487178864),(2018.751962621885,249.99999999999892,2894.5580802637255),(1966.4216166024576,249.99999999999883,2803.9192621804164),(1924.9676341862109,249.99999999999878,2707.8181289931022),(1894.9506093716871,249.99999999999869,2607.5542836681957),(1876.7764709257783,249.99999999999866,2504.4836227127066),(1870.6909928935293,249.99999999999866,2399.9999999999991),(1870.6909928935293,249.99999999999866,800.),(3670.6909928935338,249.99999999999764,800.),(5670.6909928935338,249.99999999999696,2000.0000000000002),(5870.6909928935465,249.99999999999736,2000.0000000000002),(5870.6909928935465,249.99999999999736,200.),(7670.690992893532,250.00000000000065,200.),(7670.690992893532,250.00000000000065,2000.0000000000002),(7870.6909928935329,249.9999999999967,2000.0000000000002),(7870.6909928935329,249.9999999999967,2200.0000000000018),(5670.6909928935338,249.99999999999696,2200.0000000000018),(4370.6909928935347,249.99999999999892,2214.7035637443723),(4370.6909928935347,249.99999999999892,1014.7035637443724),(5370.6909928935347,250.00000000000077,1014.7035637443724),(5370.6909928935347,250.00000000000077,2214.7035637443723),(7170.6909928935293,249.99999999999974,3900.0000000000005),(7170.6909928935293,249.99999999999974,2700.),(8170.6909928935293,249.99999999999724,2700.),(8170.6909928935293,249.99999999999724,3900.0000000000005),(6070.690992893532,249.99999999999773,3600.0000000000005),(6070.690992893532,249.99999999999773,2700.),(6970.6909928935329,249.99999999999937,2700.),(6970.6909928935329,249.99999999999937,3600.0000000000005)));
#249=IFCPOLYGONALFACESET(#248,.T.,(#160,#161,#162,#163,#164,#165,#166,#167,#168,#169,#170,#171,#172,#173,#174,#175,#176,#177,#178,#179,#180,#181,#182,#183,#184,#185,#186,#187,#188,#189,#190,#191,#192,#193,#194,#195,#196,#197,#198,#199,#200,#201,#202,#203,#204,#205,#206,#207,#208,#209,#210,#211,#212,#213,#214,#215,#216,#217,#218,#219,#220,#221,#222,#223,#224,#225,#226,#227,#228,#229,#230,#231,#232,#233,#234,#235,#236,#237,#238,#239,#240,#241,#242,#243,#244,#245,#246,#247),$);
#250=IFCINDEXEDCOLOURMAP(#249,1.,#159,(1,1,1,1,1,1,1,1,1,1,1,1,1,1,1,1,1,1,1,1,1,1,1,1,1,1,1,1,1,1,1,1,1,1,1,1,1,1,1,1,1,1,1,1,1,1,1,1,1,1,1,1,1,1,1,1,1,1,1,1,1,1,1,1,1,1,1,1,1,1,1,1,1,1,1,1,1,1,1,1,1,1,1,1,1,1,1,1));
#251=IFCSTYLEDITEM(#249,(#64),$);
#252=IFCSHAPEREPRESENTATION(#15,'Body','Tessellation',(#249));
#253=IFCWALL('0GisCWViz2PeUrBi4wgUZp',#6,'Basic Wall:Castelnuovo_typeA:1675325',$,$,#148,#152,'1675325',.NOTDEFINED.);
#254=IFCQUANTITYLENGTH('Height',$,$,4100.,$);
#255=IFCQUANTITYLENGTH('Length',$,$,8396.5582706301957,$);
#256=IFCQUANTITYLENGTH('Width',$,$,500.00000000000006,$);
#257=IFCQUANTITYAREA('GrossFootprintArea',$,$,4.1552381836538785,$);
#258=IFCQUANTITYVOLUME('GrossVolume',$,$,17.212944454791902,$);
#259=IFCQUANTITYAREA('GrossSideArea',$,$,17.212944454791902,$);
#260=IFCQUANTITYAREA('NetSideArea',$,$,19.782471112714994,$);
#261=IFCQUANTITYVOLUME('NetVolume',$,$,9.7148983827139404,$);
#262=IFCELEMENTQUANTITY('3ZFLy21uStQckT1HZ625Kj',#6,'Qto_WallBaseQuantities',$,'BaseQuantities',(#254,#255,#256,#257,#258,#259,#260,#261));
#263=IFCRELDEFINESBYPROPERTIES('3IuqWQnk7n$jJ2f11qhpoT',#6,$,$,(#253),#262);
#264=IFCPROPERTYSET('1dkQzfO7pGsMyIkGuHS_VQ',#6,'Pset_EnvironmentalImpactIndicators',$,(#80));
#265=IFCPROPERTYSINGLEVALUE('Reference',$,IFCLABEL('Castelnuovo_typeA'),$);
#266=IFCPROPERTYSET('0cRsSepOXjQ1IuEUYfD5uW',#6,'Pset_ReinforcementBarPitchOfWall',$,(#265));
#267=IFCPROPERTYSET('3qYftd0I_UQk0GEee1MOnd',#6,'Pset_WallCommon',$,(#80,#84,#85,#86));
#268=IFCRELDEFINESBYPROPERTIES('0x0M1pJXJL1trVDQ0lJOnA',#6,$,$,(#253),#264);
#269=IFCRELDEFINESBYPROPERTIES('3lRUVD2bOtgxRJcwn8FIwP',#6,$,$,(#253),#266);
#270=IFCRELDEFINESBYPROPERTIES('3TxBDJAlKk6Z$ZJkkmyf3n',#6,$,$,(#253),#267);
#271=IFCCARTESIANPOINT((14339.674577223957,-16453.038197492908,0.));
#272=IFCAXIS2PLACEMENT3D(#271,#49,#146);
#273=IFCLOCALPLACEMENT(#24,#272);
#274=IFCCARTESIANPOINTLIST3D(((0.,5.9142984491142686E-013,0.),(6158.4287842473477,-7.309142939093166E-013,0.)));
#275=IFCINDEXEDPOLYCURVE(#274,$,.F.);
#276=IFCSHAPEREPRESENTATION(#14,'Axis','Curve3D',(#275));
#277=IFCPRODUCTDEFINITIONSHAPE($,$,(#276,#284));
#278=IFCCARTESIANPOINTLIST2D(((6158.4287842473477,-250.0000000000008),(5986.2649776025155,249.9999999999979),(1.7798270943181546E-012,249.99999999999949),(3.8590716427863102E-013,-249.99999999999949),(3870.6909928935343,-249.99999999999997),(4370.6909928935374,-249.99999999999923),(6158.4287842473477,-250.0000000000008)));
#279=IFCINDEXEDPOLYCURVE(#278,$,.F.);
#280=IFCARBITRARYCLOSEDPROFILEDEF(.AREA.,$,#279);
#281=IFCAXIS2PLACEMENT3D(#10,$,$);
#282=IFCEXTRUDEDAREASOLID(#280,#281,#49,4100.);
#283=IFCSTYLEDITEM(#282,(#64),$);
#284=IFCSHAPEREPRESENTATION(#15,'Body','SweptSolid',(#282));
#285=IFCWALL('0GisCWViz2PeUrBi4wgUdW',#6,'Basic Wall:Castelnuovo_typeA:1675566',$,$,#273,#277,'1675566',.NOTDEFINED.);
#286=IFCQUANTITYLENGTH('Height',$,$,4100.,$);
#287=IFCQUANTITYLENGTH('Length',$,$,6158.4287842473477,$);
#288=IFCQUANTITYLENGTH('Width',$,$,500.00000000000006,$);
#289=IFCQUANTITYAREA('GrossFootprintArea',$,$,3.0361734404624561,$);
#290=IFCQUANTITYVOLUME('GrossVolume',$,$,12.624779007707064,$);
#291=IFCQUANTITYAREA('GrossSideArea',$,$,12.624779007707064,$);
#292=IFCQUANTITYAREA('NetSideArea',$,$,25.249558015414124,$);
#293=IFCQUANTITYVOLUME('NetVolume',$,$,12.448311105896078,$);
#294=IFCELEMENTQUANTITY('1axvEtBwIxMHjf5WMI20uu',#6,'Qto_WallBaseQuantities',$,'BaseQuantities',(#286,#287,#288,#289,#290,#291,#292,#293));
#295=IFCRELDEFINESBYPROPERTIES('1LrE4KELtqq5SnAF6y9mV5',#6,$,$,(#285),#294);
#296=IFCPROPERTYSET('1tgtNrZyDSKIsP6DJtA8f$',#6,'Pset_EnvironmentalImpactIndicators',$,(#80));
#297=IFCPROPERTYSINGLEVALUE('Reference',$,IFCLABEL('Castelnuovo_typeA'),$);
#298=IFCPROPERTYSET('2ew2F$Ncp1BkN$VBHHub$Q',#6,'Pset_ReinforcementBarPitchOfWall',$,(#297));
#299=IFCPROPERTYSET('0QWZJEvzsA78KHGu3olK6J',#6,'Pset_WallCommon',$,(#80,#84,#85,#140));
#300=IFCRELDEFINESBYPROPERTIES('2fD61ZXZ1ywFFdzd4ojYT9',#6,$,$,(#285),#296);
#301=IFCRELDEFINESBYPROPERTIES('11ruDsfHnVNeV68GN17P8Y',#6,$,$,(#285),#298);
#302=IFCRELDEFINESBYPROPERTIES('3pvz8TSBKX937Fl0geqyhN',#6,$,$,(#285),#299);
#303=IFCCARTESIANPOINT((14589.674577223963,-12332.347204599371,0.));
#304=IFCAXIS2PLACEMENT3D(#303,$,$);
#305=IFCLOCALPLACEMENT(#24,#304);
#306=IFCCARTESIANPOINTLIST3D(((-3.0555939360497073E-013,0.,0.),(6000.0000000000073,0.,0.)));
#307=IFCINDEXEDPOLYCURVE(#306,$,.F.);
#308=IFCSHAPEREPRESENTATION(#14,'Axis','Curve3D',(#307));
#309=IFCPRODUCTDEFINITIONSHAPE($,$,(#308,#316));
#310=IFCCARTESIANPOINTLIST2D(((6000.0000000000055,249.99999999999881),(-7.8406925744663155E-013,249.99999999999949),(7.8406925744663155E-013,-249.99999999999949),(6000.0000000000082,-250.00000000000014),(6000.0000000000055,249.99999999999881)));
#311=IFCINDEXEDPOLYCURVE(#310,$,.F.);
#312=IFCARBITRARYCLOSEDPROFILEDEF(.AREA.,$,#311);
#313=IFCAXIS2PLACEMENT3D(#10,$,$);
#314=IFCEXTRUDEDAREASOLID(#312,#313,#49,4100.);
#315=IFCSTYLEDITEM(#314,(#64),$);
#316=IFCSHAPEREPRESENTATION(#15,'Body','SweptSolid',(#314));
#317=IFCWALL('0GisCWViz2PeUrBi4wgUa5',#6,'Basic Wall:Castelnuovo_typeA:1675723',$,$,#305,#309,'1675723',.NOTDEFINED.);
#318=IFCQUANTITYLENGTH('Height',$,$,4100.,$);
#319=IFCQUANTITYLENGTH('Length',$,$,6000.0000000000091,$);
#320=IFCQUANTITYLENGTH('Width',$,$,500.00000000000006,$);
#321=IFCQUANTITYAREA('GrossFootprintArea',$,$,2.9999999999999969,$);
#322=IFCQUANTITYVOLUME('GrossVolume',$,$,12.300000000000015,$);
#323=IFCQUANTITYAREA('GrossSideArea',$,$,12.300000000000015,$);
#324=IFCQUANTITYAREA('NetSideArea',$,$,24.600000000000023,$);
#325=IFCQUANTITYVOLUME('NetVolume',$,$,12.300000000000042,$);
#326=IFCELEMENTQUANTITY('2raPYCIa55anrj$Wf7eFjW',#6,'Qto_WallBaseQuantities',$,'BaseQuantities',(#318,#319,#320,#321,#322,#323,#324,#325));
#327=IFCRELDEFINESBYPROPERTIES('32MhUoGuQ2KWA2iRIEg$KU',#6,$,$,(#317),#326);
#328=IFCPROPERTYSET('3MCZdwe6WvE$tiyuCmgZTh',#6,'Pset_EnvironmentalImpactIndicators',$,(#80));
#329=IFCPROPERTYSINGLEVALUE('Reference',$,IFCLABEL('Castelnuovo_typeA'),$);
#330=IFCPROPERTYSET('30tYg8tPPDdxCb098lP69R',#6,'Pset_ReinforcementBarPitchOfWall',$,(#329));
#331=IFCPROPERTYSET('2W_xr0XKI3GSeHe8ptf0eX',#6,'Pset_WallCommon',$,(#80,#84,#85,#140));
#332=IFCRELDEFINESBYPROPERTIES('3cc8qPBxIwYL6e7WKI17QE',#6,$,$,(#317),#328);
#333=IFCRELDEFINESBYPROPERTIES('1tV1EtjnuQ5wB$m07nOeu0',#6,$,$,(#317),#330);
#334=IFCRELDEFINESBYPROPERTIES('2yxD5I_IZ7cdNGxhZv6XmY',#6,$,$,(#317),#331);
#335=IFCCARTESIANPOINT((14008.282538609679,-10230.393575990563,0.));
#336=IFCDIRECTION((0.94551857559931674,0.32556815445715664,0.));
#337=IFCAXIS2PLACEMENT3D(#335,#49,#336);
#338=IFCLOCALPLACEMENT(#28,#337);
#339=IFCCARTESIANPOINTLIST3D(((-5.4143356464919636E-013,-1.0828671292983927E-012,0.),(7575.5085749515347,1.0828671292983927E-012,0.)));
#340=IFCINDEXEDPOLYCURVE(#339,$,.F.);
#341=IFCSHAPEREPRESENTATION(#14,'Axis','Curve3D',(#340));
#342=IFCPRODUCTDEFINITIONSHAPE($,$,(#341,#360));
#343=IFCCARTESIANPOINTLIST2D(((7403.3447683067052,-249.99999999999838),(7575.5085749515374,250.00000000000219),(672.19085614677192,250.00000000000139),(172.16380664483381,250.00000000000242),(6.9371175470678287E-013,-249.99999999999898),(528.81034059333479,-249.99999999999906),(3701.6723841533521,-249.99999999999827),(3807.4344522720176,-249.99999999999812),(6874.53442771337,-249.99999999999838),(7403.3447683067052,-249.99999999999838)));
#344=IFCINDEXEDPOLYCURVE(#343,$,.F.);
#345=IFCARBITRARYCLOSEDPROFILEDEF(.AREA.,$,#344);
#346=IFCAXIS2PLACEMENT3D(#10,$,$);
#347=IFCEXTRUDEDAREASOLID(#345,#346,#49,3500.0000000001683);
#348=IFCSTYLEDITEM(#347,(#64),$);
#349=IFCCOLOURRGBLIST(((1.,0.65098039215686276,0.82352941176470584)));
#350=IFCINDEXEDPOLYGONALFACE((1,2,3,4,5,6,7,8,9,10,11,12));
#351=IFCINDEXEDPOLYGONALFACE((13,14,15,16,17,18));
#352=IFCINDEXEDPOLYGONALFACE((6,5,4,3,2,1,13,18,17));
#353=IFCINDEXEDPOLYGONALFACE((12,11,10,9,8,7,16,15,14));
#354=IFCINDEXEDPOLYGONALFACE((1,12,14,13));
#355=IFCINDEXEDPOLYGONALFACE((7,6,17,16));
#356=IFCCARTESIANPOINTLIST3D(((-5.4143356464919636E-013,-249.99999999999949,5.4143356464919636E-013),(528.81034059333467,-249.99999999999949,0.),(3701.6723841533503,-249.99999999999838,0.),(3807.4344522720166,-249.99999999999838,0.),(6874.53442771337,-249.99999999999838,0.),(7403.3447683067052,-249.99999999999838,5.4143356464919636E-013),(7403.3447683067052,-249.99999999999838,3500.0000000001683),(6874.53442771337,-249.99999999999838,3500.0000000001683),(3807.4344522720166,-249.99999999999838,3500.0000000001683),(3701.6723841533503,-249.99999999999838,3500.0000000001683),(528.81034059333467,-249.99999999999949,3500.0000000001683),(-5.4143356464919636E-013,-249.99999999999949,3500.0000000001683),(172.16380664483265,250.00000000000273,5.4143356464919636E-013),(172.16380664483265,250.00000000000273,3500.0000000001683),(672.19085614677419,250.00000000000273,3500.0000000001683),(7575.5085749515383,250.00000000000165,3500.0000000001683),(7575.5085749515383,250.00000000000165,5.4143356464919636E-013),(672.19085614677147,250.00000000000057,0.)));
#357=IFCPOLYGONALFACESET(#356,.T.,(#350,#351,#352,#353,#354,#355),$);
#358=IFCINDEXEDCOLOURMAP(#357,1.,#349,(1,1,1,1,1,1));
#359=IFCSTYLEDITEM(#357,(#64),$);
#360=IFCSHAPEREPRESENTATION(#15,'Body','Tessellation',(#357));
#361=IFCWALL('112HIUctr2yw5OqZgr3kPn',#6,'Basic Wall:Castelnuovo_typeA:1676333',$,$,#338,#342,'1676333',.NOTDEFINED.);
#362=IFCAXIS2PLACEMENT3D(#10,$,$);
#364=IFCCARTESIANPOINTLIST2D(((-249.99999999999949,-1100.0000000000011),(249.99999999999949,-1100.0000000000011),(249.99999999999949,1100.0000000000011),(-249.99999999999949,1100.0000000000011),(-249.99999999999949,-1100.0000000000011)));
#365=IFCINDEXEDPOLYCURVE(#364,$,.F.);
#366=IFCARBITRARYCLOSEDPROFILEDEF(.AREA.,'DoorV2',#365);
#367=IFCCARTESIANPOINT((-247.50090189252558,-1736.6831832001551,4600.));
#368=IFCDIRECTION((0.32556815445715664,0.94551857559931674,0.));
#369=IFCDIRECTION((-0.94551857559931674,0.32556815445715664,0.));
#370=IFCAXIS2PLACEMENT3D(#367,#368,#369);
#371=IFCEXTRUDEDAREASOLID(#366,#370,#49,1399.9999999999866);
#372=IFCSIUNIT(*,.PLANEANGLEUNIT.,$,.RADIAN.);
#373=IFCDIMENSIONALEXPONENTS(0,0,0,0,0,0,0);
#374=IFCMEASUREWITHUNIT(IFCPLANEANGLEMEASURE(0.017453292519943278),#372);
#375=IFCCONVERSIONBASEDUNIT(#373,.PLANEANGLEUNIT.,'DEGREE',#374);
#376=IFCSHAPEREPRESENTATION(#15,'Body','SweptSolid',(#371));
#377=IFCPRODUCTDEFINITIONSHAPE($,$,(#376));
#378=IFCAXIS2PLACEMENT3D(#10,$,$);
#379=IFCLOCALPLACEMENT(#338,#378);
#380=IFCOPENINGELEMENT('0OQW$LUq$WuhcFGilYXcWN',#6,'Basic Wall:Castelnuovo_typeA:1676333',$,$,#379,#377,'1721146',.OPENING.);
#381=IFCQUANTITYLENGTH('Depth',$,$,1399.9999999999866,$);
#382=IFCQUANTITYLENGTH('Height',$,$,2200.0000000000014,$);
#383=IFCQUANTITYLENGTH('Width',$,$,499.99999999999898,$);
#384=IFCQUANTITYAREA('Area',$,$,1.0999999999999985,$);
#385=IFCQUANTITYVOLUME('Volume',$,$,1539.9999999999832,$);
#386=IFCELEMENTQUANTITY('2nxjMgIWjBUPH3e1_Q1ZPP',#6,'Qto_OpeningElementBaseQuantities',$,'BaseQuantities',(#381,#382,#383,#384,#385));
#387=IFCRELDEFINESBYPROPERTIES('1xZwnbphXaJpk$CDoYJP0L',#6,$,$,(#380),#386);
#388=IFCRELVOIDSELEMENT('2Pdi2vAUfeVxzD85C1YVPh',#6,$,$,#361,#380);
#389=IFCQUANTITYLENGTH('Height',$,$,3500.0000000001683,$);
#390=IFCQUANTITYLENGTH('Length',$,$,7575.5085749515374,$);
#391=IFCQUANTITYLENGTH('Width',$,$,500.00000000000006,$);
#392=IFCQUANTITYAREA('GrossFootprintArea',$,$,3.7016723841533543,$);
#393=IFCQUANTITYVOLUME('GrossVolume',$,$,12.955853344537358,$);
#394=IFCQUANTITYAREA('GrossSideArea',$,$,12.955853344537358,$);
#395=IFCQUANTITYAREA('NetSideArea',$,$,25.91170668907472,$);
#396=IFCQUANTITYVOLUME('NetVolume',$,$,12.955853344537367,$);
#397=IFCELEMENTQUANTITY('0w1HUO_0u93d45l1PP7CVH',#6,'Qto_WallBaseQuantities',$,'BaseQuantities',(#389,#390,#391,#392,#393,#394,#395,#396));
#398=IFCRELDEFINESBYPROPERTIES('1TiB4vqzkRKwp7qasGxvU_',#6,$,$,(#361),#397);
#399=IFCPROPERTYSET('0cuSS8RXfk7M$jJYyE7H3_',#6,'Pset_EnvironmentalImpactIndicators',$,(#80));
#400=IFCPROPERTYSINGLEVALUE('Reference',$,IFCLABEL('Castelnuovo_typeA'),$);
#401=IFCPROPERTYSET('2Lyp7$xYowsxnqL5ck3epo',#6,'Pset_ReinforcementBarPitchOfWall',$,(#400));
#402=IFCPROPERTYSET('3RhBpkittMkp_cq3M5EStk',#6,'Pset_WallCommon',$,(#80,#84,#85,#140));
#403=IFCPROPERTYSINGLEVALUE('Reference',$,IFCIDENTIFIER('DoorV2'),$);
#404=IFCPROPERTYSET('2_JBo5O0$7OLzPLrST5iUo',#6,'Pset_EnvironmentalImpactIndicators',$,(#403));
#405=IFCPROPERTYSET('0ZD8Y8VpxcxMgafABvPf6q',#6,'Pset_OpeningElementCommon',$,(#403));
#406=IFCRELDEFINESBYPROPERTIES('3gvav5WUgtA5nUxPeoix$J',#6,$,$,(#361),#399);
#407=IFCRELDEFINESBYPROPERTIES('3G8R5sbXbi7VzAr_56FYxr',#6,$,$,(#361),#401);
#408=IFCRELDEFINESBYPROPERTIES('2ZyEuerPEwGW$6a4nf4YT8',#6,$,$,(#361),#402);
#409=IFCRELDEFINESBYPROPERTIES('3ca9j4SHm9g47_V6WQ1J7m',#6,$,$,(#380),#404);
#410=IFCRELDEFINESBYPROPERTIES('2vFwhQlDlDduTDJEQ2Seqn',#6,$,$,(#380),#405);
#411=IFCCARTESIANPOINT((14089.674577223957,-16703.038197492904,0.));
#412=IFCAXIS2PLACEMENT3D(#411,$,$);
#413=IFCLOCALPLACEMENT(#28,#412);
#414=IFCCARTESIANPOINTLIST3D(((-2.9999071066416131E-013,0.,0.),(7000.0000000000027,0.,0.)));
#415=IFCINDEXEDPOLYCURVE(#414,$,.F.);
#416=IFCSHAPEREPRESENTATION(#14,'Axis','Curve3D',(#415));
#417=IFCPRODUCTDEFINITIONSHAPE($,$,(#416,#443));
#418=IFCCARTESIANPOINTLIST2D(((7000.0000000000036,-250.00000000000165),(7000.0000000000018,249.99999999999949),(6500.0000000000027,250.00000000000009),(499.99999999999818,249.99999999999886),(-7.7347652092742176E-013,249.99999999999949),(7.7347652092742842E-013,-250.00000000000165),(7000.0000000000036,-250.00000000000165)));
#419=IFCINDEXEDPOLYCURVE(#418,$,.F.);
#420=IFCARBITRARYCLOSEDPROFILEDEF(.AREA.,$,#419);
#421=IFCAXIS2PLACEMENT3D(#10,$,$);
#422=IFCEXTRUDEDAREASOLID(#420,#421,#49,3500.0000000001683);
#423=IFCSTYLEDITEM(#422,(#64),$);
#424=IFCCOLOURRGBLIST(((1.,0.65098039215686276,0.82352941176470584)));
#425=IFCINDEXEDPOLYGONALFACEWITHVOIDS((1,2,3,4),((5,6,7,8),(9,10,11,12)));
#426=IFCINDEXEDPOLYGONALFACEWITHVOIDS((13,14,15,16,17,18,19,20),((21,22,23,24),(25,26,27,28)));
#427=IFCINDEXEDPOLYGONALFACE((2,1,13,20,19,18));
#428=IFCINDEXEDPOLYGONALFACE((4,3,17,16,15,14));
#429=IFCINDEXEDPOLYGONALFACE((3,2,18,17));
#430=IFCINDEXEDPOLYGONALFACE((1,4,14,13));
#431=IFCINDEXEDPOLYGONALFACE((22,21,5,8));
#432=IFCINDEXEDPOLYGONALFACE((23,22,8,7));
#433=IFCINDEXEDPOLYGONALFACE((24,23,7,6));
#434=IFCINDEXEDPOLYGONALFACE((21,24,6,5));
#435=IFCINDEXEDPOLYGONALFACE((26,25,9,12));
#436=IFCINDEXEDPOLYGONALFACE((27,26,12,11));
#437=IFCINDEXEDPOLYGONALFACE((28,27,11,10));
#438=IFCINDEXEDPOLYGONALFACE((25,28,10,9));
#439=IFCCARTESIANPOINTLIST3D(((4.7348581026327085E-013,-250.00000000000381,5.4143356464919636E-013),(7000.0000000000027,-250.00000000000165,5.4143356464919636E-013),(7000.0000000000027,-250.00000000000165,3500.0000000001683),(4.7348581026327085E-013,-250.00000000000381,3500.0000000001683),(1900.0000000000018,-250.00000000000165,1000.0000000000001),(900.00000000000159,-250.00000000000165,1000.0000000000001),(900.00000000000159,-250.00000000000165,2500.0000000000014),(1900.0000000000018,-250.00000000000165,2500.0000000000014),(4439.2458086782462,-250.00000000000165,1000.0000000000001),(3439.2458086782458,-250.00000000000165,1000.0000000000001),(3439.2458086782458,-250.00000000000165,2500.0000000000014),(4439.2458086782462,-250.00000000000165,2500.0000000000014),(-1.0734672315915857E-012,249.99999999999949,5.4143356464919636E-013),(-1.0734672315915857E-012,249.99999999999949,3500.0000000001683),(499.99999999999784,249.99999999999949,3500.0000000001683),(6500.0000000000027,249.99999999999949,3500.0000000001683),(7000.0000000000018,249.99999999999949,3500.0000000001683),(7000.0000000000018,249.99999999999949,5.4143356464919636E-013),(6500.0000000000027,249.99999999999949,0.),(499.99999999999784,249.99999999999949,0.),(1900.0000000000023,249.99999999999949,1000.0000000000001),(1900.0000000000023,249.99999999999949,2500.0000000000014),(900.00000000000227,250.00000000000165,2500.0000000000014),(900.00000000000227,250.00000000000165,1000.0000000000001),(4439.2458086782444,249.99999999999949,1000.0000000000001),(4439.2458086782444,249.99999999999949,2500.0000000000014),(3439.2458086782462,249.9999999999973,2500.0000000000014),(3439.2458086782462,249.9999999999973,1000.0000000000001)));
#440=IFCPOLYGONALFACESET(#439,.T.,(#425,#426,#427,#428,#429,#430,#431,#432,#433,#434,#435,#436,#437,#438),$);
#441=IFCINDEXEDCOLOURMAP(#440,1.,#424,(1,1,1,1,1,1,1,1,1,1,1,1,1,1));
#442=IFCSTYLEDITEM(#440,(#64),$);
#443=IFCSHAPEREPRESENTATION(#15,'Body','Tessellation',(#440));
#444=IFCWALL('112HIUctr2yw5OqZgr3kPo',#6,'Basic Wall:Castelnuovo_typeA:1676334',$,$,#413,#417,'1676334',.NOTDEFINED.);
#445=IFCQUANTITYLENGTH('Height',$,$,3500.0000000001683,$);
#446=IFCQUANTITYLENGTH('Length',$,$,7000.0000000000045,$);
#447=IFCQUANTITYLENGTH('Width',$,$,500.00000000000006,$);
#448=IFCQUANTITYAREA('GrossFootprintArea',$,$,3.4999999999999938,$);
#449=IFCQUANTITYVOLUME('GrossVolume',$,$,12.250000000000595,$);
#450=IFCQUANTITYAREA('GrossSideArea',$,$,12.250000000000595,$);
#451=IFCQUANTITYAREA('NetSideArea',$,$,21.50000000000119,$);
#452=IFCQUANTITYVOLUME('NetVolume',$,$,10.750000000000615,$);
#453=IFCELEMENTQUANTITY('2i6sIi_tVveHKzmWiD3BVV',#6,'Qto_WallBaseQuantities',$,'BaseQuantities',(#445,#446,#447,#448,#449,#450,#451,#452));
#454=IFCRELDEFINESBYPROPERTIES('0i5mu_2PLQMV3YqtUY90_m',#6,$,$,(#444),#453);
#455=IFCPROPERTYSET('049cSCyD$IezK2LY0rHmzi',#6,'Pset_EnvironmentalImpactIndicators',$,(#80));
#456=IFCPROPERTYSINGLEVALUE('Reference',$,IFCLABEL('Castelnuovo_typeA'),$);
#457=IFCPROPERTYSET('1PVqGG6Up8ZElLWadofBry',#6,'Pset_ReinforcementBarPitchOfWall',$,(#456));
#458=IFCPROPERTYSET('2qLpV5dESHU0K1P_aK8rp9',#6,'Pset_WallCommon',$,(#80,#84,#85,#140));
#459=IFCRELDEFINESBYPROPERTIES('2JLraoP27ZUThL3Y7Lv7rO',#6,$,$,(#444),#455);
#460=IFCRELDEFINESBYPROPERTIES('3Gft7l_VhV_RCj2YI4cmHS',#6,$,$,(#444),#457);
#461=IFCRELDEFINESBYPROPERTIES('3ueM$vNezHww4ihckqxYRF',#6,$,$,(#444),#458);
#462=IFCCARTESIANPOINT((20839.674577223959,-16453.038197492926,0.));
#463=IFCAXIS2PLACEMENT3D(#462,#49,#146);
#464=IFCLOCALPLACEMENT(#28,#463);
#465=IFCCARTESIANPOINTLIST3D(((0.,7.6022910962397071E-014,0.),(8396.5582706301957,-1.8151538840275732E-012,0.)));
#466=IFCINDEXEDPOLYCURVE(#465,$,.F.);
#467=IFCSHAPEREPRESENTATION(#14,'Axis','Curve3D',(#466));
#468=IFCPRODUCTDEFINITIONSHAPE($,$,(#467,#498));
#469=IFCCARTESIANPOINTLIST2D(((8396.5582706301957,-250.00000000000136),(8224.3944639853635,249.99999999999727),(4370.6909928935338,249.99999999999883),(3870.6909928935333,249.99999999999793),(1.7061799752729753E-012,249.99999999999949),(4.595542833238101E-013,-249.99999999999949),(8396.5582706301957,-250.00000000000136)));
#470=IFCINDEXEDPOLYCURVE(#469,$,.F.);
#471=IFCARBITRARYCLOSEDPROFILEDEF(.AREA.,$,#470);
#472=IFCAXIS2PLACEMENT3D(#10,$,$);
#473=IFCEXTRUDEDAREASOLID(#471,#472,#49,3500.0000000001683);
#474=IFCSTYLEDITEM(#473,(#64),$);
#475=IFCCOLOURRGBLIST(((1.,0.65098039215686276,0.82352941176470584)));
#476=IFCINDEXEDPOLYGONALFACEWITHVOIDS((1,2,3,4),((5,6,7,8),(9,10,11,12),(13,14,15,16)));
#477=IFCINDEXEDPOLYGONALFACEWITHVOIDS((17,18,19,20,21,22,23,24),((25,26,27,28),(29,30,31,32),(33,34,35,36)));
#478=IFCINDEXEDPOLYGONALFACE((2,1,17,24,23,22));
#479=IFCINDEXEDPOLYGONALFACE((4,3,21,20,19,18));
#480=IFCINDEXEDPOLYGONALFACE((1,4,18,17));
#481=IFCINDEXEDPOLYGONALFACE((3,2,22,21));
#482=IFCINDEXEDPOLYGONALFACE((6,5,25,28));
#483=IFCINDEXEDPOLYGONALFACE((7,6,28,27));
#484=IFCINDEXEDPOLYGONALFACE((8,7,27,26));
#485=IFCINDEXEDPOLYGONALFACE((5,8,26,25));
#486=IFCINDEXEDPOLYGONALFACE((10,9,29,32));
#487=IFCINDEXEDPOLYGONALFACE((11,10,32,31));
#488=IFCINDEXEDPOLYGONALFACE((12,11,31,30));
#489=IFCINDEXEDPOLYGONALFACE((9,12,30,29));
#490=IFCINDEXEDPOLYGONALFACE((14,13,33,36));
#491=IFCINDEXEDPOLYGONALFACE((15,14,36,35));
#492=IFCINDEXEDPOLYGONALFACE((16,15,35,34));
#493=IFCINDEXEDPOLYGONALFACE((13,16,34,33));
#494=IFCCARTESIANPOINTLIST3D(((0.,-249.9999999999994,5.4143356464919636E-013),(8396.5582706301957,-250.00000000000131,5.4143356464919636E-013),(8396.5582706301957,-250.00000000000131,3500.0000000001683),(0.,-249.9999999999994,3500.0000000001683),(4470.6909928935356,-249.99999999999986,291.91557169220329),(4470.6909928935356,-249.99999999999986,1891.9155716922035),(5670.6909928935356,-250.00000000000199,1891.9155716922035),(5670.6909928935356,-250.00000000000199,291.91557169220329),(6670.6909928935356,-250.00000000000011,291.91557169220977),(6670.6909928935356,-250.00000000000011,1891.9155716922098),(7870.6909928935365,-250.00000000000225,1891.9155716922098),(7870.6909928935365,-250.00000000000225,291.91557169220977),(2970.6909928935347,-249.99999999999827,512.48044712315163),(2970.6909928935347,-249.99999999999827,1712.4804471231516),(3970.6909928935347,-250.00000000000077,1712.4804471231516),(3970.6909928935347,-250.00000000000077,512.48044712315163),(2.1657342585967854E-012,249.99999999999955,5.4143356464919636E-013),(2.1657342585967854E-012,249.99999999999955,3500.0000000001683),(3870.6909928935315,249.99999999999801,3500.0000000001683),(4370.6909928935329,249.99999999999892,3500.0000000001683),(8224.3944639853617,249.99999999999736,3500.0000000001683),(8224.3944639853617,249.99999999999736,5.4143356464919636E-013),(4370.6909928935329,249.99999999999892,0.),(3870.6909928935315,249.99999999999801,0.),(4470.6909928935338,249.99999999999909,291.91557169220329),(5670.6909928935338,249.99999999999696,291.91557169220329),(5670.6909928935338,249.99999999999696,1891.9155716922035),(4470.6909928935338,249.99999999999909,1891.9155716922035),(6670.6909928935338,249.99999999999883,291.91557169220977),(7870.6909928935347,249.9999999999967,291.91557169220977),(7870.6909928935347,249.9999999999967,1891.9155716922098),(6670.6909928935338,249.99999999999883,1891.9155716922098),(2970.6909928935324,250.00000000000068,512.48044712315163),(3970.6909928935324,249.99999999999818,512.48044712315163),(3970.6909928935324,249.99999999999818,1712.4804471231516),(2970.6909928935324,250.00000000000068,1712.4804471231516)));
#495=IFCPOLYGONALFACESET(#494,.T.,(#476,#477,#478,#479,#480,#481,#482,#483,#484,#485,#486,#487,#488,#489,#490,#491,#492,#493),$);
#496=IFCINDEXEDCOLOURMAP(#495,1.,#475,(1,1,1,1,1,1,1,1,1,1,1,1,1,1,1,1,1,1));
#497=IFCSTYLEDITEM(#495,(#64),$);
#498=IFCSHAPEREPRESENTATION(#15,'Body','Tessellation',(#495));
#499=IFCWALL('112HIUctr2yw5OqZgr3kPp',#6,'Basic Wall:Castelnuovo_typeA:1676335',$,$,#464,#468,'1676335',.NOTDEFINED.);
#500=IFCAXIS2PLACEMENT3D(#10,$,$);
#502=IFCCARTESIANPOINTLIST2D(((-250.00000000000165,-1100.0000000000007),(249.99999999999949,-1100.0000000000007),(249.99999999999949,1100.0000000000011),(-250.00000000000165,1100.0000000000011),(-250.00000000000165,-1100.0000000000007)));
#503=IFCINDEXEDPOLYCURVE(#502,$,.F.);
#504=IFCARBITRARYCLOSEDPROFILEDEF(.AREA.,'DoorV2',#503);
#505=IFCCARTESIANPOINT((4120.6909928935329,600.,1100.));
#506=IFCDIRECTION((-1.,0.,0.));
#507=IFCAXIS2PLACEMENT3D(#505,#146,#506);
#508=IFCEXTRUDEDAREASOLID(#504,#507,#49,1499.9999999999882);
#509=IFCSHAPEREPRESENTATION(#15,'Body','SweptSolid',(#508));
#510=IFCPRODUCTDEFINITIONSHAPE($,$,(#509));
#511=IFCAXIS2PLACEMENT3D(#10,$,$);
#512=IFCLOCALPLACEMENT(#464,#511);
#513=IFCOPENINGELEMENT('0ol1bBPXuXHzE958xq3JSU',#6,'Basic Wall:Castelnuovo_typeA:1676335',$,$,#512,#510,'1753723',.OPENING.);
#514=IFCQUANTITYLENGTH('Depth',$,$,1499.9999999999882,$);
#515=IFCQUANTITYLENGTH('Height',$,$,2200.0000000000014,$);
#516=IFCQUANTITYLENGTH('Width',$,$,500.00000000000114,$);
#517=IFCQUANTITYAREA('Area',$,$,1.1000000000000032,$);
#518=IFCQUANTITYVOLUME('Volume',$,$,1649.9999999999918,$);
#519=IFCELEMENTQUANTITY('37qR$NxUFxF_JTiaurX6hz',#6,'Qto_OpeningElementBaseQuantities',$,'BaseQuantities',(#514,#515,#516,#517,#518));
#520=IFCRELDEFINESBYPROPERTIES('0t7_4K7tngpGD8vUSJx_MM',#6,$,$,(#513),#519);
#521=IFCRELVOIDSELEMENT('31oFtthznNEg7uRhWn7Qr8',#6,$,$,#499,#513);
#522=IFCQUANTITYLENGTH('Height',$,$,3500.0000000001683,$);
#523=IFCQUANTITYLENGTH('Length',$,$,8396.5582706301957,$);
#524=IFCQUANTITYLENGTH('Width',$,$,500.00000000000006,$);
#525=IFCQUANTITYAREA('GrossFootprintArea',$,$,4.1552381836538785,$);
#526=IFCQUANTITYVOLUME('GrossVolume',$,$,14.693976973603547,$);
#527=IFCQUANTITYAREA('GrossSideArea',$,$,14.693976973603547,$);
#528=IFCQUANTITYAREA('NetSideArea',$,$,24.347953947207099,$);
#529=IFCQUANTITYVOLUME('NetVolume',$,$,12.023333642789281,$);
#530=IFCELEMENTQUANTITY('1vvnkb3THPA6tvthrqzy5k',#6,'Qto_WallBaseQuantities',$,'BaseQuantities',(#522,#523,#524,#525,#526,#527,#528,#529));
#531=IFCRELDEFINESBYPROPERTIES('3zd70hKT0expNPNjvlgXA2',#6,$,$,(#499),#530);
#532=IFCPROPERTYSET('2fldV6J5O$i31sLe$a2gLP',#6,'Pset_EnvironmentalImpactIndicators',$,(#80));
#533=IFCPROPERTYSINGLEVALUE('Reference',$,IFCLABEL('Castelnuovo_typeA'),$);
#534=IFCPROPERTYSET('0vfMoht3iS1zbVoZVtxT1f',#6,'Pset_ReinforcementBarPitchOfWall',$,(#533));
#535=IFCPROPERTYSET('0ymfz9Lo3Wsn07d9cXMCjI',#6,'Pset_WallCommon',$,(#80,#84,#85,#140));
#536=IFCPROPERTYSET('2x8GCQPNFBsr_pRS5iIb70',#6,'Pset_EnvironmentalImpactIndicators',$,(#403));
#537=IFCPROPERTYSET('1bmtvqAAsp$KZfD6RHPFmi',#6,'Pset_OpeningElementCommon',$,(#403));
#538=IFCRELDEFINESBYPROPERTIES('0g8UK5ZF07FTLGcLXz1tax',#6,$,$,(#499),#532);
#539=IFCRELDEFINESBYPROPERTIES('1ap25gzNtBO$YvU4XziAdW',#6,$,$,(#499),#534);
#540=IFCRELDEFINESBYPROPERTIES('1dBkpVrJgTuPdsNTpvEv$D',#6,$,$,(#499),#535);
#541=IFCRELDEFINESBYPROPERTIES('0753JMfj3hZ37_MDfn2iX2',#6,$,$,(#513),#536);
#542=IFCRELDEFINESBYPROPERTIES('2S3KFr6NtZX1iy2kxm9z_P',#6,$,$,(#513),#537);
#543=IFCCARTESIANPOINT((14339.674577223957,-16453.038197492908,0.));
#544=IFCAXIS2PLACEMENT3D(#543,#49,#146);
#545=IFCLOCALPLACEMENT(#28,#544);
#546=IFCCARTESIANPOINTLIST3D(((0.,5.9142984491142686E-013,0.),(6158.4287842473477,-7.309142939093166E-013,0.)));
#547=IFCINDEXEDPOLYCURVE(#546,$,.F.);
#548=IFCSHAPEREPRESENTATION(#14,'Axis','Curve3D',(#547));
#549=IFCPRODUCTDEFINITIONSHAPE($,$,(#548,#567));
#550=IFCCARTESIANPOINTLIST2D(((6158.4287842473477,-250.0000000000008),(5986.2649776025155,249.9999999999979),(1.7798270943181546E-012,249.99999999999949),(3.8590716427863102E-013,-249.99999999999949),(3870.6909928935343,-249.99999999999997),(4370.6909928935374,-249.99999999999923),(6158.4287842473477,-250.0000000000008)));
#551=IFCINDEXEDPOLYCURVE(#550,$,.F.);
#552=IFCARBITRARYCLOSEDPROFILEDEF(.AREA.,$,#551);
#553=IFCAXIS2PLACEMENT3D(#10,$,$);
#554=IFCEXTRUDEDAREASOLID(#552,#553,#49,3500.0000000001683);
#555=IFCSTYLEDITEM(#554,(#64),$);
#556=IFCCOLOURRGBLIST(((1.,0.65098039215686276,0.82352941176470584)));
#557=IFCINDEXEDPOLYGONALFACE((1,2,3,4,5,6,7,8,9,10));
#558=IFCINDEXEDPOLYGONALFACE((11,12,13,14,15,16));
#559=IFCINDEXEDPOLYGONALFACE((4,3,2,1,11,16));
#560=IFCINDEXEDPOLYGONALFACE((10,9,8,7,6,5,15,14,13,12));
#561=IFCINDEXEDPOLYGONALFACE((5,4,16,15));
#562=IFCINDEXEDPOLYGONALFACE((1,10,12,11));
#563=IFCCARTESIANPOINTLIST3D(((2.1657342585967854E-012,-249.99999999999889,5.4143356464919636E-013),(3870.6909928935338,-249.9999999999994,0.),(4370.6909928935365,-249.99999999999864,0.),(6158.4287842473477,-250.00000000000023,5.4143356464919636E-013),(6158.4287842473477,-250.00000000000023,3500.0000000001683),(5900.0000000000018,-250.0000000000006,3500.0000000001683),(4500.0000000000146,-250.0000000000006,3500.0000000001683),(4370.6909928935347,-249.99999999999864,3500.0000000001683),(3870.6909928935338,-249.9999999999994,3500.0000000001683),(2.1657342585967854E-012,-249.99999999999889,3500.0000000001683),(2.1657342585967854E-012,250.00000000000006,5.4143356464919636E-013),(2.1657342585967854E-012,250.00000000000006,3500.0000000001683),(4500.0000000000146,249.99999999999835,3500.0000000001683),(5900.0000000000018,249.99999999999835,3500.0000000001683),(5986.2649776025155,249.99999999999849,3500.0000000001683),(5986.2649776025155,249.99999999999849,5.4143356464919636E-013)));
#564=IFCPOLYGONALFACESET(#563,.T.,(#557,#558,#559,#560,#561,#562),$);
#565=IFCINDEXEDCOLOURMAP(#564,1.,#556,(1,1,1,1,1,1));
#566=IFCSTYLEDITEM(#564,(#64),$);
#567=IFCSHAPEREPRESENTATION(#15,'Body','Tessellation',(#564));
#568=IFCWALL('112HIUctr2yw5OqZgr3kPi',#6,'Basic Wall:Castelnuovo_typeA:1676336',$,$,#545,#549,'1676336',.NOTDEFINED.);
#569=IFCAXIS2PLACEMENT3D(#10,$,$);
#571=IFCCARTESIANPOINTLIST2D(((-1100.,-699.9999999999925),(1100.0000000000011,-699.9999999999925),(1100.0000000000011,699.99999999999466),(-1100.,699.99999999999466),(-1100.,-699.9999999999925)));
#572=IFCINDEXEDPOLYCURVE(#571,$,.F.);
#573=IFCARBITRARYCLOSEDPROFILEDEF(.AREA.,'DoorV2',#572);
#574=IFCCARTESIANPOINT((5200.,-1274.,4600.));
#575=IFCAXIS2PLACEMENT3D(#574,#146,#49);
#576=IFCEXTRUDEDAREASOLID(#573,#575,#49,3048.);
#577=IFCSHAPEREPRESENTATION(#15,'Body','SweptSolid',(#576));
#578=IFCPRODUCTDEFINITIONSHAPE($,$,(#577));
#579=IFCAXIS2PLACEMENT3D(#10,$,$);
#580=IFCLOCALPLACEMENT(#545,#579);
#581=IFCOPENINGELEMENT('3XqI_hInOxrgaVuvnGTGPl',#6,'Basic Wall:Castelnuovo_typeA:1676336',$,$,#580,#578,'1721146',.OPENING.);
#582=IFCQUANTITYLENGTH('Depth',$,$,3048.,$);
#583=IFCQUANTITYLENGTH('Height',$,$,2200.0000000000014,$);
#584=IFCQUANTITYLENGTH('Width',$,$,1399.999999999987,$);
#585=IFCQUANTITYAREA('Area',$,$,3.0799999999999743,$);
#586=IFCQUANTITYVOLUME('Volume',$,$,9387.8399999999219,$);
#587=IFCELEMENTQUANTITY('1SD8VnBiZTg5LJ464ilfDJ',#6,'Qto_OpeningElementBaseQuantities',$,'BaseQuantities',(#582,#583,#584,#585,#586));
#588=IFCRELDEFINESBYPROPERTIES('2SeGDRacLUphZr$oaWrSty',#6,$,$,(#581),#587);
#589=IFCRELVOIDSELEMENT('2K6ihX535Q7ZOzG7bl1ftc',#6,$,$,#568,#581);
#590=IFCQUANTITYLENGTH('Height',$,$,3500.0000000001683,$);
#591=IFCQUANTITYLENGTH('Length',$,$,6158.4287842473477,$);
#592=IFCQUANTITYLENGTH('Width',$,$,500.00000000000006,$);
#593=IFCQUANTITYAREA('GrossFootprintArea',$,$,3.0361734404624561,$);
#594=IFCQUANTITYVOLUME('GrossVolume',$,$,10.777250372433377,$);
#595=IFCQUANTITYAREA('GrossSideArea',$,$,10.777250372433377,$);
#596=IFCQUANTITYAREA('NetSideArea',$,$,21.554500744866747,$);
#597=IFCQUANTITYVOLUME('NetVolume',$,$,10.626607041619113,$);
#598=IFCELEMENTQUANTITY('3zyJSoHU2zC$1rrGZ9e2cW',#6,'Qto_WallBaseQuantities',$,'BaseQuantities',(#590,#591,#592,#593,#594,#595,#596,#597));
#599=IFCRELDEFINESBYPROPERTIES('3lcpyF0naGr0YP7dEbooWn',#6,$,$,(#568),#598);
#600=IFCPROPERTYSET('2FizWRv3SxlJLdnelMuJBi',#6,'Pset_EnvironmentalImpactIndicators',$,(#80));
#601=IFCPROPERTYSINGLEVALUE('Reference',$,IFCLABEL('Castelnuovo_typeA'),$);
#602=IFCPROPERTYSET('0Tg$sM4rLFgwvaxadmsxmp',#6,'Pset_ReinforcementBarPitchOfWall',$,(#601));
#603=IFCPROPERTYSET('0ASoObDfysReMrfBn15zn0',#6,'Pset_WallCommon',$,(#80,#84,#85,#140));
#604=IFCPROPERTYSET('13I97NB$MrRCH81_aZ8k0x',#6,'Pset_EnvironmentalImpactIndicators',$,(#403));
#605=IFCPROPERTYSET('3kyx0deWguqJLQmNFj1H7c',#6,'Pset_OpeningElementCommon',$,(#403));
#606=IFCRELDEFINESBYPROPERTIES('0oEjTbfKXBR38VBEpNTgwn',#6,$,$,(#568),#600);
#607=IFCRELDEFINESBYPROPERTIES('1CRpQOnNs9FKaqwX4tPnrn',#6,$,$,(#568),#602);
#608=IFCRELDEFINESBYPROPERTIES('3a7T5AhWQkhnJpBxkQPhVb',#6,$,$,(#568),#603);
#609=IFCRELDEFINESBYPROPERTIES('3sIWB8ak21piy8B_VnOp_n',#6,$,$,(#581),#604);
#610=IFCRELDEFINESBYPROPERTIES('2D1VggH2Pq4YeY7Ok_aplm',#6,$,$,(#581),#605);
#611=IFCCARTESIANPOINT((14589.674577223963,-12332.347204599371,0.));
#612=IFCAXIS2PLACEMENT3D(#611,$,$);
#613=IFCLOCALPLACEMENT(#28,#612);
#614=IFCCARTESIANPOINTLIST3D(((-3.0555939360497073E-013,0.,0.),(6000.0000000000073,0.,0.)));
#615=IFCINDEXEDPOLYCURVE(#614,$,.F.);
#616=IFCSHAPEREPRESENTATION(#14,'Axis','Curve3D',(#615));
#617=IFCPRODUCTDEFINITIONSHAPE($,$,(#616,#639));
#618=IFCCARTESIANPOINTLIST2D(((7.8406925744663841E-013,-250.00000000000165),(6000.0000000000082,-250.00000000000233),(6000.0000000000055,249.99999999999881),(3100.0000000000027,249.99999999999835),(3000.0000000000041,249.99999999999807),(-7.8406925744663155E-013,249.99999999999949),(7.8406925744663841E-013,-250.00000000000165)));
#619=IFCINDEXEDPOLYCURVE(#618,$,.F.);
#620=IFCARBITRARYCLOSEDPROFILEDEF(.AREA.,$,#619);
#621=IFCAXIS2PLACEMENT3D(#10,$,$);
#622=IFCEXTRUDEDAREASOLID(#620,#621,#49,3500.0000000001683);
#623=IFCSTYLEDITEM(#622,(#64),$);
#624=IFCCOLOURRGBLIST(((1.,0.65098039215686276,0.82352941176470584)));
#625=IFCINDEXEDPOLYGONALFACE((1,2,3,4,5,6,7,8));
#626=IFCINDEXEDPOLYGONALFACE((9,10,11,12,13,14,15,16,17,18,19,20));
#627=IFCINDEXEDPOLYGONALFACE((3,20,19,18,17,4));
#628=IFCINDEXEDPOLYGONALFACE((2,1,12,11,10,9));
#629=IFCINDEXEDPOLYGONALFACE((1,8,13,12));
#630=IFCINDEXEDPOLYGONALFACE((3,2,9,20));
#631=IFCINDEXEDPOLYGONALFACE((16,5,4,17));
#632=IFCINDEXEDPOLYGONALFACE((5,16,15,6));
#633=IFCINDEXEDPOLYGONALFACE((6,15,14,7));
#634=IFCINDEXEDPOLYGONALFACE((13,8,7,14));
#635=IFCCARTESIANPOINTLIST3D(((6000.0000000000073,-250.00000000000165,3500.0000000001683),(4.7850986384166673E-013,-250.00000000000165,3500.0000000001683),(4.7850986384166673E-013,-250.00000000000165,5.4143356464919636E-013),(4149.9999999999973,-250.00000000000165,5.4143356464919636E-013),(4149.9999999999973,-250.00000000000165,2200.0000000000014),(5649.9999999999873,-250.00000000000165,2200.0000000000014),(5649.9999999999873,-250.00000000000165,5.4143356464919636E-013),(6000.0000000000073,-250.00000000000165,5.4143356464919636E-013),(-1.0896286510516005E-012,249.99999999999949,3500.0000000001683),(3000.0000000000036,249.9999999999973,3500.0000000001683),(3100.0000000000023,249.99999999999949,3500.0000000001683),(6000.0000000000055,249.99999999999949,3500.0000000001683),(6000.0000000000055,249.99999999999949,5.4143356464919636E-013),(5649.9999999999854,249.99999999999949,5.4143356464919636E-013),(5649.99999999999,249.99999999999949,2200.0000000000014),(4149.9999999999955,249.99999999999949,2200.0000000000014),(4149.9999999999955,249.99999999999949,5.4143356464919636E-013),(3100.0000000000023,249.99999999999949,0.),(3000.0000000000036,249.9999999999973,0.),(1.0761056075451849E-012,249.99999999999949,5.4143356464919636E-013)));
#636=IFCPOLYGONALFACESET(#635,.T.,(#625,#626,#627,#628,#629,#630,#631,#632,#633,#634),$);
#637=IFCINDEXEDCOLOURMAP(#636,1.,#624,(1,1,1,1,1,1,1,1,1,1));
#638=IFCSTYLEDITEM(#636,(#64),$);
#639=IFCSHAPEREPRESENTATION(#15,'Body','Tessellation',(#636));
#640=IFCWALL('112HIUctr2yw5OqZgr3kPj',#6,'Basic Wall:Castelnuovo_typeA:1676337',$,$,#613,#617,'1676337',.NOTDEFINED.);
#641=IFCQUANTITYLENGTH('Height',$,$,3500.0000000001683,$);
#642=IFCQUANTITYLENGTH('Length',$,$,6000.0000000000091,$);
#643=IFCQUANTITYLENGTH('Width',$,$,500.00000000000006,$);
#644=IFCQUANTITYAREA('GrossFootprintArea',$,$,2.9999999999999969,$);
#645=IFCQUANTITYVOLUME('GrossVolume',$,$,8.8500000000005272,$);
#646=IFCQUANTITYAREA('GrossSideArea',$,$,8.8500000000005272,$);
#647=IFCQUANTITYAREA('NetSideArea',$,$,17.700000000001054,$);
#648=IFCQUANTITYVOLUME('NetVolume',$,$,8.8500000000005556,$);
#649=IFCELEMENTQUANTITY('1rSmRvj1sR6QHnK1RmiNXr',#6,'Qto_WallBaseQuantities',$,'BaseQuantities',(#641,#642,#643,#644,#645,#646,#647,#648));
#650=IFCRELDEFINESBYPROPERTIES('0gk$uwZTqsPOLT_DYDtRkc',#6,$,$,(#640),#649);
#651=IFCPROPERTYSET('1iOKwYb4DlZxoy$dKADwfA',#6,'Pset_EnvironmentalImpactIndicators',$,(#80));
#652=IFCPROPERTYSINGLEVALUE('Reference',$,IFCLABEL('Castelnuovo_typeA'),$);
#653=IFCPROPERTYSET('0xEHUT8Znu24OYd_9vhrJ3',#6,'Pset_ReinforcementBarPitchOfWall',$,(#652));
#654=IFCPROPERTYSET('2YIpWtWUN8iDJtbzNl7JSH',#6,'Pset_WallCommon',$,(#80,#84,#85,#140));
#655=IFCRELDEFINESBYPROPERTIES('3SShllBQZFfbAvpAhOwF1m',#6,$,$,(#640),#651);
#656=IFCRELDEFINESBYPROPERTIES('2B6fmU9smI7_zX6hF8QNMc',#6,$,$,(#640),#653);
#657=IFCRELDEFINESBYPROPERTIES('1EiaSfLfSXP_8tIOPXXiLr',#6,$,$,(#640),#654);
#658=IFCCARTESIANPOINT((14008.282538609674,-10230.393575990563,0.));
#659=IFCDIRECTION((0.94551857559931674,0.32556815445715664,0.));
#660=IFCAXIS2PLACEMENT3D(#658,#49,#659);
#661=IFCLOCALPLACEMENT(#32,#660);
#662=IFCCARTESIANPOINTLIST3D(((-5.4143356464919636E-013,1.0828671292983927E-012,0.),(7575.5085749515392,1.0828671292983927E-012,0.)));
#663=IFCINDEXEDPOLYCURVE(#662,$,.F.);
#664=IFCSHAPEREPRESENTATION(#14,'Axis','Curve3D',(#663));
#665=IFCPRODUCTDEFINITIONSHAPE($,$,(#664,#702));
#685=IFCCARTESIANPOINTLIST2D(((7403.3447683067097,-249.99999999999974),(7575.508574951541,250.00000000000082),(672.19085614677806,249.99999999999932),(172.16380664483583,250.00000000000171),(4.7883030873663306E-012,-250.00000000000034),(528.81034059333899,-250.00000000000048),(6874.5344277133736,-249.99999999999974),(7403.3447683067097,-249.99999999999974)));
#686=IFCINDEXEDPOLYCURVE(#685,$,.F.);
#687=IFCARBITRARYCLOSEDPROFILEDEF(.AREA.,$,#686);
#688=IFCAXIS2PLACEMENT3D(#10,$,$);
#689=IFCEXTRUDEDAREASOLID(#687,#688,#49,5564.2859498666321);
#690=IFCSTYLEDITEM(#689,(#64),$);
#691=IFCCOLOURRGBLIST(((1.,0.65098039215686276,0.82352941176470584)));
#692=IFCINDEXEDPOLYGONALFACE((1,2,3,4,5,6,7,8));
#693=IFCINDEXEDPOLYGONALFACE((9,10,11,12,13));
#694=IFCINDEXEDPOLYGONALFACE((4,3,2,1,9,13,12));
#695=IFCINDEXEDPOLYGONALFACE((6,5,4,12,11));
#696=IFCINDEXEDPOLYGONALFACE((1,8,7,10,9));
#697=IFCINDEXEDPOLYGONALFACE((7,6,11,10));
#698=IFCCARTESIANPOINTLIST3D(((3.7900349525443742E-012,-249.99999999999949,0.),(528.81034059333899,-249.99999999999949,0.),(6874.5344277133745,-249.99999999999838,0.),(7403.3447683067097,-249.99999999999838,0.),(7403.3447683067097,-249.99999999999838,2399.9999999998322),(7403.3447683067097,-249.99999999999838,2924.7727368500214),(1.6243006939475892E-012,-249.99999999999949,5564.2859498666321),(-5.4143356464919636E-013,-249.99999999999949,4674.4378736301987),(172.16380664483427,250.00000000000057,0.),(172.16380664483808,250.00000000000489,5539.5132130164375),(7575.5085749515374,250.00000000000165,2899.999999999829),(7575.5085749515429,250.00000000000165,0.),(672.19085614677795,250.00000000000057,0.)));
#699=IFCPOLYGONALFACESET(#698,.T.,(#692,#693,#694,#695,#696,#697),$);
#700=IFCINDEXEDCOLOURMAP(#699,1.,#691,(1,1,1,1,1,1));
#701=IFCSTYLEDITEM(#699,(#64),$);
#702=IFCSHAPEREPRESENTATION(#15,'Body','Tessellation',(#699));
#703=IFCWALL('112HIUctr2yw5OqZgr3kPe',#6,'Basic Wall:Castelnuovo_typeA:1676340',$,$,#661,#665,'1676340',.NOTDEFINED.);
#704=IFCAXIS2PLACEMENT3D(#10,$,$);
#706=IFCCARTESIANPOINTLIST2D(((-249.99999999999949,-1100.0000000000011),(249.99999999999949,-1100.0000000000011),(249.99999999999949,1100.0000000000011),(-249.99999999999949,1100.0000000000011),(-249.99999999999949,-1100.0000000000011)));
#707=IFCINDEXEDPOLYCURVE(#706,$,.F.);
#708=IFCARBITRARYCLOSEDPROFILEDEF(.AREA.,'DoorV2',#707);
#709=IFCCARTESIANPOINT((-247.50090189252126,-1736.6831832001551,1100.));
#710=IFCDIRECTION((0.32556815445715664,0.94551857559931674,0.));
#711=IFCDIRECTION((-0.94551857559931674,0.32556815445715664,0.));
#712=IFCAXIS2PLACEMENT3D(#709,#710,#711);
#713=IFCEXTRUDEDAREASOLID(#708,#712,#49,1399.9999999999866);
#714=IFCSHAPEREPRESENTATION(#15,'Body','SweptSolid',(#713));
#715=IFCPRODUCTDEFINITIONSHAPE($,$,(#714));
#716=IFCAXIS2PLACEMENT3D(#10,$,$);
#717=IFCLOCALPLACEMENT(#661,#716);
#718=IFCOPENINGELEMENT('27ydn4ZgWIIGkFEiaMHmdU',#6,'Basic Wall:Castelnuovo_typeA:1676340',$,$,#717,#715,'1721146',.OPENING.);
#719=IFCQUANTITYLENGTH('Depth',$,$,1399.9999999999866,$);
#720=IFCQUANTITYLENGTH('Height',$,$,2200.0000000000014,$);
#721=IFCQUANTITYLENGTH('Width',$,$,499.99999999999898,$);
#722=IFCQUANTITYAREA('Area',$,$,1.0999999999999985,$);
#723=IFCQUANTITYVOLUME('Volume',$,$,1539.9999999999832,$);
#724=IFCELEMENTQUANTITY('2P8XFOp8CckcJ8pEPfhHi_',#6,'Qto_OpeningElementBaseQuantities',$,'BaseQuantities',(#719,#720,#721,#722,#723));
#725=IFCRELDEFINESBYPROPERTIES('1oWyXwjyGJzclscnJ0ErJR',#6,$,$,(#718),#724);
#726=IFCRELVOIDSELEMENT('1g3uq5SVfLwT9v61w5YSMb',#6,$,$,#703,#718);
#727=IFCQUANTITYLENGTH('Height',$,$,5564.2859498666321,$);
#728=IFCQUANTITYLENGTH('Length',$,$,7575.5085749515401,$);
#729=IFCQUANTITYLENGTH('Width',$,$,500.00000000000006,$);
#730=IFCQUANTITYAREA('GrossFootprintArea',$,$,3.7016723841533561,$);
#731=IFCQUANTITYVOLUME('GrossVolume',$,$,15.711857054038084,$);
#732=IFCQUANTITYAREA('GrossSideArea',$,$,15.711857054038084,$);
#733=IFCQUANTITYAREA('NetSideArea',$,$,31.423714108076169,$);
#734=IFCQUANTITYVOLUME('NetVolume',$,$,15.666006776098975,$);
#735=IFCELEMENTQUANTITY('0r_fnkJ55ihFm2CeNGjO6K',#6,'Qto_WallBaseQuantities',$,'BaseQuantities',(#727,#728,#729,#730,#731,#732,#733,#734));
#736=IFCRELDEFINESBYPROPERTIES('08pnRJCznC9eQhn6irhqi6',#6,$,$,(#703),#735);
#737=IFCPROPERTYSET('0dDl8a1QeBiDKxs6RrSww1',#6,'Pset_EnvironmentalImpactIndicators',$,(#80));
#738=IFCPROPERTYSINGLEVALUE('Reference',$,IFCLABEL('Castelnuovo_typeA'),$);
#739=IFCPROPERTYSET('0UBLSIlW6gGYdTHmMbDDwt',#6,'Pset_ReinforcementBarPitchOfWall',$,(#738));
#740=IFCPROPERTYSET('3ixhS7P1aUFo8pF7yOoHAz',#6,'Pset_WallCommon',$,(#80,#84,#85,#86));
#741=IFCPROPERTYSET('2G_bzVoI_EK8ceF$OixgBw',#6,'Pset_EnvironmentalImpactIndicators',$,(#403));
#742=IFCPROPERTYSET('3zau4x8cSDU0n0L$XYJTfh',#6,'Pset_OpeningElementCommon',$,(#403));
#743=IFCRELDEFINESBYPROPERTIES('1jL$PERj_E8QbzvRlb51uC',#6,$,$,(#703),#737);
#744=IFCRELDEFINESBYPROPERTIES('3JN2u_nEKOGRCqQ74Tfley',#6,$,$,(#703),#739);
#745=IFCRELDEFINESBYPROPERTIES('2qdzwARn_BJ8n8H32gJJOP',#6,$,$,(#703),#740);
#746=IFCRELDEFINESBYPROPERTIES('0b2xpuOX09q0fnsajdPvbK',#6,$,$,(#718),#741);
#747=IFCRELDEFINESBYPROPERTIES('2j2wCM2KKDjiej14hrdmjZ',#6,$,$,(#718),#742);
#748=IFCCARTESIANPOINT((14089.674577223957,-16703.038197492904,0.));
#749=IFCAXIS2PLACEMENT3D(#748,$,$);
#750=IFCLOCALPLACEMENT(#32,#749);
#751=IFCCARTESIANPOINTLIST3D(((-2.9999071066416131E-013,0.,-1.0828671292983927E-012),(7000.00000000002,0.,-1.0828671292983927E-012)));
#752=IFCINDEXEDPOLYCURVE(#751,$,.F.);
#753=IFCSHAPEREPRESENTATION(#14,'Axis','Curve3D',(#752));
#754=IFCPRODUCTDEFINITIONSHAPE($,$,(#753,#800));
#775=IFCCARTESIANPOINTLIST2D(((7000.0000000000036,-250.00000000000165),(7000.0000000000018,249.99999999999949),(6500.0000000000027,250.00000000000009),(499.99999999999818,249.99999999999886),(-7.7347652092742176E-013,249.99999999999949),(7.7347652092742842E-013,-250.00000000000165),(7000.0000000000036,-250.00000000000165)));
#776=IFCINDEXEDPOLYCURVE(#775,$,.F.);
#777=IFCARBITRARYCLOSEDPROFILEDEF(.AREA.,$,#776);
#778=IFCAXIS2PLACEMENT3D(#10,$,$);
#779=IFCEXTRUDEDAREASOLID(#777,#778,#49,4674.4378736302024);
#780=IFCSTYLEDITEM(#779,(#64),$);
#781=IFCCOLOURRGBLIST(((1.,0.65098039215686276,0.82352941176470584)));
#782=IFCINDEXEDPOLYGONALFACEWITHVOIDS((1,2,3,4),((5,6,7,8),(9,10,11,12)));
#783=IFCINDEXEDPOLYGONALFACEWITHVOIDS((13,14,15,16,17,18,19,20),((21,22,23,24),(25,26,27,28)));
#784=IFCINDEXEDPOLYGONALFACE((2,1,13,20,19,18));
#785=IFCINDEXEDPOLYGONALFACE((3,2,18,17));
#786=IFCINDEXEDPOLYGONALFACE((1,4,14,13));
#787=IFCINDEXEDPOLYGONALFACE((4,3,17,16,15,14));
#788=IFCINDEXEDPOLYGONALFACE((22,21,5,8));
#789=IFCINDEXEDPOLYGONALFACE((23,22,8,7));
#790=IFCINDEXEDPOLYGONALFACE((24,23,7,6));
#791=IFCINDEXEDPOLYGONALFACE((21,24,6,5));
#792=IFCINDEXEDPOLYGONALFACE((26,25,9,12));
#793=IFCINDEXEDPOLYGONALFACE((27,26,12,11));
#794=IFCINDEXEDPOLYGONALFACE((28,27,11,10));
#795=IFCINDEXEDPOLYGONALFACE((25,28,10,9));
#796=IFCCARTESIANPOINTLIST3D(((4.7348581026327085E-013,-250.00000000000381,-1.0828671292983927E-012),(7000.0000000000027,-250.00000000000165,-1.0828671292983927E-012),(7000.0000000000027,-250.00000000000165,2399.9999999998377),(4.7348581026327085E-013,-250.00000000000381,4674.4378736302024),(2800.0000000000027,-249.99999999999949,399.99999999999892),(1400.0000000000007,-250.00000000000165,399.99999999999892),(1400.0000000000007,-250.00000000000165,1899.999999999998),(2800.0000000000027,-249.99999999999949,1899.999999999998),(5244.3682623147624,-249.99999999999949,399.99999999999892),(3844.3682623147652,-249.99999999999949,399.99999999999892),(3844.3682623147652,-249.99999999999949,1899.999999999998),(5244.3682623147624,-249.99999999999949,1899.999999999998),(-1.0734672315915857E-012,249.99999999999949,-1.0828671292983927E-012),(-1.0734672315915857E-012,249.99999999999949,4674.4378736302024),(499.99999999999784,249.99999999999949,4511.9780255137484),(6500.0000000000027,249.99999999999949,2562.4598481162916),(7000.0000000000146,249.99999999999949,2399.9999999998336),(7000.0000000000018,249.99999999999949,-1.0828671292983927E-012),(6500.0000000000027,249.99999999999949,-1.0828671292983927E-012),(499.99999999999784,249.99999999999949,-1.0828671292983927E-012),(2800.0000000000014,249.99999999999949,399.99999999999892),(2800.0000000000014,249.99999999999949,1899.999999999998),(1400.0000000000011,249.99999999999949,1899.999999999998),(1400.0000000000011,249.99999999999949,399.99999999999892),(5244.3682623147661,250.00000000000165,399.99999999999892),(5244.3682623147661,250.00000000000165,1899.999999999998),(3844.3682623147656,249.99999999999949,1899.999999999998),(3844.3682623147656,249.99999999999949,399.99999999999892)));
#797=IFCPOLYGONALFACESET(#796,.T.,(#782,#783,#784,#785,#786,#787,#788,#789,#790,#791,#792,#793,#794,#795),$);
#798=IFCINDEXEDCOLOURMAP(#797,1.,#781,(1,1,1,1,1,1,1,1,1,1,1,1,1,1));
#799=IFCSTYLEDITEM(#797,(#64),$);
#800=IFCSHAPEREPRESENTATION(#15,'Body','Tessellation',(#797));
#801=IFCWALL('112HIUctr2yw5OqZgr3kPf',#6,'Basic Wall:Castelnuovo_typeA:1676341',$,$,#750,#754,'1676341',.NOTDEFINED.);
#802=IFCQUANTITYLENGTH('Height',$,$,4674.4378736302024,$);
#803=IFCQUANTITYLENGTH('Length',$,$,7000.00000000002,$);
#804=IFCQUANTITYLENGTH('Width',$,$,500.00000000000006,$);
#805=IFCQUANTITYAREA('GrossFootprintArea',$,$,3.5000000000000027,$);
#806=IFCQUANTITYVOLUME('GrossVolume',$,$,12.380266278852588,$);
#807=IFCQUANTITYAREA('GrossSideArea',$,$,12.380266278852588,$);
#808=IFCQUANTITYAREA('NetSideArea',$,$,20.560532557705169,$);
#809=IFCQUANTITYVOLUME('NetVolume',$,$,10.280266278852599,$);
#810=IFCELEMENTQUANTITY('2ovI_IhM8NDecUN5ATOLV9',#6,'Qto_WallBaseQuantities',$,'BaseQuantities',(#802,#803,#804,#805,#806,#807,#808,#809));
#811=IFCRELDEFINESBYPROPERTIES('3Qgs4cWncGL$_S6yUjHSwj',#6,$,$,(#801),#810);
#812=IFCPROPERTYSET('1bCz1d3$pgoRZu4LqawQYQ',#6,'Pset_EnvironmentalImpactIndicators',$,(#80));
#813=IFCPROPERTYSINGLEVALUE('Reference',$,IFCLABEL('Castelnuovo_typeA'),$);
#814=IFCPROPERTYSET('1CWypeiSJw4u4SeVXcsKwS',#6,'Pset_ReinforcementBarPitchOfWall',$,(#813));
#815=IFCPROPERTYSET('2a$TFAb1rHlJCq9VtAirdT',#6,'Pset_WallCommon',$,(#80,#84,#85,#86));
#816=IFCRELDEFINESBYPROPERTIES('1ofk5zm4hb7OFOyhUZlCCN',#6,$,$,(#801),#812);
#817=IFCRELDEFINESBYPROPERTIES('0qaljqZZA6M_acN326ODAL',#6,$,$,(#801),#814);
#818=IFCRELDEFINESBYPROPERTIES('1jnXWwERHWJh$hjjPb77oH',#6,$,$,(#801),#815);
#819=IFCCARTESIANPOINT((20839.674577223959,-16453.038197492926,0.));
#820=IFCAXIS2PLACEMENT3D(#819,#49,#146);
#821=IFCLOCALPLACEMENT(#32,#820);
#822=IFCCARTESIANPOINTLIST3D(((0.,7.6022910962397071E-014,0.),(8396.5582706301957,-1.815153884027575E-012,0.)));
#823=IFCINDEXEDPOLYCURVE(#822,$,.F.);
#824=IFCSHAPEREPRESENTATION(#14,'Axis','Curve3D',(#823));
#825=IFCPRODUCTDEFINITIONSHAPE($,$,(#824,#920));
#847=IFCCARTESIANPOINTLIST2D(((8396.5582706301957,-250.00000000000136),(8224.3944639853635,249.99999999999727),(4370.6909928935338,249.99999999999883),(3870.6909928935333,249.99999999999793),(1.7061799752729753E-012,249.99999999999949),(4.595542833238101E-013,-249.99999999999949),(8396.5582706301957,-250.00000000000136)));
#848=IFCINDEXEDPOLYCURVE(#847,$,.F.);
#849=IFCARBITRARYCLOSEDPROFILEDEF(.AREA.,$,#848);
#850=IFCAXIS2PLACEMENT3D(#10,$,$);
#851=IFCEXTRUDEDAREASOLID(#849,#850,#49,2562.4598481162925);
#852=IFCSTYLEDITEM(#851,(#64),$);
#853=IFCCOLOURRGBLIST(((1.,0.65098039215686276,0.82352941176470584)));
#854=IFCINDEXEDPOLYGONALFACEWITHVOIDS((1,2,3,4),((7,8,9,10,11,12,13,14,15,16,17,18,19,20,21,22,23,24,25,26,27,28,29,30,5,6),(58,59,60,57),(32,33,34,35,36,37,38,39,40,41,42,43,44,45,46,47,48,49,50,51,52,53,54,55,56,31)));
#855=IFCINDEXEDPOLYGONALFACEWITHVOIDS((66,67,68,61,62,63,64,65),((96,97,98,99,100,101,102,103,104,105,106,107,108,109,110,111,112,113,114,115,116,117,118,119,120,95),(121,122,123,124),(69,70,71,72,73,74,75,76,77,78,79,80,81,82,83,84,85,86,87,88,89,90,91,92,93,94)));
#856=IFCINDEXEDPOLYGONALFACE((2,1,61,68,67,66));
#857=IFCINDEXEDPOLYGONALFACE((19,18,82,81));
#858=IFCINDEXEDPOLYGONALFACE((45,44,108,107));
#859=IFCINDEXEDPOLYGONALFACE((123,122,60,59));
#860=IFCINDEXEDPOLYGONALFACE((3,2,66,65));
#861=IFCINDEXEDPOLYGONALFACE((61,1,4,62));
#862=IFCINDEXEDPOLYGONALFACE((70,69,5,30));
#863=IFCINDEXEDPOLYGONALFACE((96,95,31,56));
#864=IFCINDEXEDPOLYGONALFACE((122,121,57,60));
#865=IFCINDEXEDPOLYGONALFACE((62,4,3,65,64,63));
#866=IFCINDEXEDPOLYGONALFACE((72,28,27,73));
#867=IFCINDEXEDPOLYGONALFACE((98,54,53,99));
#868=IFCINDEXEDPOLYGONALFACE((73,27,26,74));
#869=IFCINDEXEDPOLYGONALFACE((99,53,52,100));
#870=IFCINDEXEDPOLYGONALFACE((71,70,30,29));
#871=IFCINDEXEDPOLYGONALFACE((97,96,56,55));
#872=IFCINDEXEDPOLYGONALFACE((71,29,28,72));
#873=IFCINDEXEDPOLYGONALFACE((97,55,54,98));
#874=IFCINDEXEDPOLYGONALFACE((75,74,26,25));
#875=IFCINDEXEDPOLYGONALFACE((101,100,52,51));
#876=IFCINDEXEDPOLYGONALFACE((79,78,22,21));
#877=IFCINDEXEDPOLYGONALFACE((105,104,48,47));
#878=IFCINDEXEDPOLYGONALFACE((80,79,21,20));
#879=IFCINDEXEDPOLYGONALFACE((106,105,47,46));
#880=IFCINDEXEDPOLYGONALFACE((77,76,24,23));
#881=IFCINDEXEDPOLYGONALFACE((103,102,50,49));
#882=IFCINDEXEDPOLYGONALFACE((78,77,23,22));
#883=IFCINDEXEDPOLYGONALFACE((104,103,49,48));
#884=IFCINDEXEDPOLYGONALFACE((75,25,24,76));
#885=IFCINDEXEDPOLYGONALFACE((101,51,50,102));
#886=IFCINDEXEDPOLYGONALFACE((81,80,20,19));
#887=IFCINDEXEDPOLYGONALFACE((107,106,46,45));
#888=IFCINDEXEDPOLYGONALFACE((84,16,15,85));
#889=IFCINDEXEDPOLYGONALFACE((110,42,41,111));
#890=IFCINDEXEDPOLYGONALFACE((85,15,14,86));
#891=IFCINDEXEDPOLYGONALFACE((111,41,40,112));
#892=IFCINDEXEDPOLYGONALFACE((83,82,18,17));
#893=IFCINDEXEDPOLYGONALFACE((109,108,44,43));
#894=IFCINDEXEDPOLYGONALFACE((83,17,16,84));
#895=IFCINDEXEDPOLYGONALFACE((109,43,42,110));
#896=IFCINDEXEDPOLYGONALFACE((87,86,14,13));
#897=IFCINDEXEDPOLYGONALFACE((113,112,40,39));
#898=IFCINDEXEDPOLYGONALFACE((91,90,10,9));
#899=IFCINDEXEDPOLYGONALFACE((117,116,36,35));
#900=IFCINDEXEDPOLYGONALFACE((92,91,9,8));
#901=IFCINDEXEDPOLYGONALFACE((118,117,35,34));
#902=IFCINDEXEDPOLYGONALFACE((89,88,12,11));
#903=IFCINDEXEDPOLYGONALFACE((115,114,38,37));
#904=IFCINDEXEDPOLYGONALFACE((90,89,11,10));
#905=IFCINDEXEDPOLYGONALFACE((116,115,37,36));
#906=IFCINDEXEDPOLYGONALFACE((87,13,12,88));
#907=IFCINDEXEDPOLYGONALFACE((113,39,38,114));
#908=IFCINDEXEDPOLYGONALFACE((93,92,8,7));
#909=IFCINDEXEDPOLYGONALFACE((119,118,34,33));
#910=IFCINDEXEDPOLYGONALFACE((94,93,7,6));
#911=IFCINDEXEDPOLYGONALFACE((120,119,33,32));
#912=IFCINDEXEDPOLYGONALFACE((124,123,59,58));
#913=IFCINDEXEDPOLYGONALFACE((69,94,6,5));
#914=IFCINDEXEDPOLYGONALFACE((95,120,32,31));
#915=IFCINDEXEDPOLYGONALFACE((121,124,58,57));
#916=IFCCARTESIANPOINTLIST3D(((0.,-249.9999999999994,0.),(8396.5582706301957,-250.00000000000131,0.),(8396.5582706301957,-250.00000000000131,2399.9999999998322),(0.,-249.9999999999994,2399.999999999839),(3600.000000000035,-250.00000000000145,455.90000000000032),(2299.9999999999686,-249.99999999999952,455.90000000000032),(2299.9999999999686,-249.99999999999952,1455.8999999999983),(2306.054135076356,-249.99999999999949,1544.408321912563),(2324.1037632239008,-249.99999999999949,1631.2679012520728),(2353.8126540214271,-249.9999999999994,1714.8607084000682),(2394.6273870447576,-249.99999999999935,1793.6295675230469),(2445.787661042104,-249.99999999999923,1866.1071638119529),(2506.3404569078543,-249.99999999999915,1930.9433767808032),(2575.1577906253201,-249.99999999999901,1986.9304304568122),(2650.9577254747383,-249.99999999999886,2033.0253919615709),(2732.3282520888506,-249.99999999999869,2068.3695993772626),(2817.7535915157832,-249.99999999999855,2092.3046569935404),(2905.6424313129646,-249.99999999999838,2104.3846999738821),(2994.3575686870413,-249.99999999999821,2104.3846999738821),(3082.2464084842204,-250.00000000000239,2092.3046569935404),(3167.6717479111553,-250.00000000000225,2068.3695993772626),(3249.0422745252672,-250.00000000000207,2033.0253919615718),(3324.8422093746858,-250.00000000000193,1986.9304304568134),(3393.6595430921493,-250.00000000000182,1930.9433767808032),(3454.2123389579019,-250.00000000000171,1866.107163811954),(3505.3726129552483,-250.00000000000162,1793.6295675230481),(3546.1873459785766,-250.00000000000153,1714.8607084000694),(3575.8962367761046,-250.00000000000151,1631.2679012520739),(3593.9458649236499,-250.00000000000148,1544.4083219125641),(3600.000000000035,-250.00000000000145,1455.9000000000003),(7570.6909928935665,-249.99999999999849,455.90000000000032),(6270.6909928935011,-250.00000000000085,455.90000000000032),(6270.6909928935011,-250.00000000000085,1455.8999999999983),(6276.7451279698862,-250.00000000000085,1544.408321912563),(6294.7947561174333,-250.00000000000082,1631.2679012520728),(6324.50364691496,-250.00000000000077,1714.8607084000682),(6365.3183799382878,-250.00000000000068,1793.6295675230469),(6416.4786539356364,-250.0000000000006,1866.1071638119529),(6477.0314498013868,-250.00000000000048,1930.9433767808032),(6545.8487835188507,-250.00000000000034,1986.9304304568122),(6621.6487183682711,-250.00000000000023,2033.0253919615709),(6703.0192449823808,-250.00000000000009,2068.3695993772626),(6788.4445844093143,-249.99999999999991,2092.3046569935404),(6876.3334242064948,-249.99999999999974,2104.3846999738821),(6965.0485615805719,-249.99999999999957,2104.3846999738821),(7052.9374013777524,-249.99999999999943,2092.3046569935404),(7138.3627408046841,-249.99999999999926,2068.3695993772626),(7219.7332674187965,-249.99999999999915,2033.0253919615718),(7295.5332022682151,-249.99999999999898,1986.9304304568134),(7364.3505359856808,-249.99999999999886,1930.9433767808032),(7424.9033318514312,-249.99999999999872,1866.107163811954),(7476.0636058487789,-249.99999999999866,1793.6295675230481),(7516.8783388721076,-249.99999999999855,1714.8607084000694),(7546.5872296696343,-249.99999999999852,1631.2679012520739),(7564.6368578171814,-249.99999999999849,1544.4083219125641),(7570.6909928935665,-249.99999999999849,1455.9000000000003),(5970.6909928935374,-250.00000000000139,399.99999999999892),(4570.6909928935365,-249.99999999999963,399.99999999999892),(4570.6909928935365,-249.99999999999963,1899.9999999999991),(5970.6909928935374,-250.00000000000139,1899.9999999999991),(0.,249.99999999999955,0.),(0.,249.99999999999955,2562.4598481162925),(3870.6909928935315,249.99999999999801,2562.4598481162907),(4370.6909928935329,249.99999999999892,2562.4598481162907),(8224.3944639853617,249.99999999999736,2562.4598481162861),(8224.3944639853617,249.99999999999736,0.),(4370.6909928935329,249.99999999999892,0.),(3870.6909928935315,249.99999999999801,0.),(3600.0000000000327,249.9999999999975,455.90000000000032),(3600.000000000035,249.9999999999975,1455.8999999999994),(3593.9458649236476,249.99999999999747,1544.4083219125641),(3575.8962367761028,249.99999999999744,1631.2679012520739),(3546.1873459785743,249.99999999999741,1714.8607084000694),(3505.372612955246,249.99999999999736,1793.6295675230481),(3454.2123389578996,249.99999999999724,1866.107163811954),(3393.659543092147,249.99999999999713,1930.9433767808032),(3324.8422093746835,249.99999999999702,1986.9304304568134),(3249.0422745252654,249.99999999999687,2033.0253919615718),(3167.671747911153,249.9999999999967,2068.3695993772626),(3082.2464084842181,249.99999999999656,2092.3046569935404),(2994.357568687039,250.00000000000074,2104.3846999738821),(2905.6424313129623,250.00000000000057,2104.3846999738821),(2817.753591515781,250.0000000000004,2092.3046569935404),(2732.3282520888483,250.00000000000026,2068.3695993772626),(2650.9577254747364,250.00000000000009,2033.0253919615709),(2575.1577906253178,249.99999999999994,1986.9304304568122),(2506.3404569078525,249.9999999999998,1930.9433767808032),(2445.7876610421017,249.99999999999972,1866.1071638119529),(2394.6273870447553,249.9999999999996,1793.6295675230469),(2353.8126540214253,249.99999999999955,1714.8607084000682),(2324.103763223899,249.99999999999949,1631.2679012520728),(2306.0541350763538,249.99999999999949,1544.408321912563),(2299.9999999999668,249.99999999999943,1455.8999999999983),(2299.9999999999668,249.99999999999943,455.90000000000032),(7570.6909928935656,250.00000000000045,455.90000000000032),(7570.6909928935656,250.00000000000045,1455.8999999999994),(7564.6368578171805,250.00000000000045,1544.4083219125641),(7546.5872296696334,250.00000000000043,1631.2679012520739),(7516.8783388721067,250.0000000000004,1714.8607084000694),(7476.063605848778,250.00000000000028,1793.6295675230481),(7424.9033318514303,250.00000000000023,1866.107163811954),(7364.3505359856799,250.00000000000009,1930.9433767808032),(7295.5332022682142,249.99999999999997,1986.9304304568134),(7219.7332674187955,249.9999999999998,2033.0253919615718),(7138.3627408046832,249.99999999999969,2068.3695993772626),(7052.9374013777506,249.99999999999952,2092.3046569935404),(6965.048561580571,249.99999999999937,2104.3846999738821),(6876.3334242064939,249.9999999999992,2104.3846999738821),(6788.4445844093134,249.99999999999903,2092.3046569935404),(6703.0192449823799,249.99999999999886,2068.3695993772626),(6621.6487183682684,249.99999999999872,2033.0253919615709),(6545.848783518848,249.99999999999861,1986.9304304568122),(6477.031449801385,249.99999999999847,1930.9433767808032),(6416.4786539356346,249.99999999999835,1866.1071638119529),(6365.3183799382859,249.99999999999827,1793.6295675230469),(6324.5036469149582,249.99999999999818,1714.8607084000682),(6294.7947561174315,249.99999999999812,1631.2679012520728),(6276.7451279698844,249.9999999999981,1544.408321912563),(6270.6909928934992,249.9999999999981,1455.8999999999983),(6270.6909928934992,249.9999999999981,455.90000000000032),(5970.6909928935347,249.99999999999756,399.99999999999892),(5970.6909928935347,249.99999999999756,1899.9999999999991),(4570.6909928935347,249.99999999999932,1899.9999999999991),(4570.6909928935347,249.99999999999932,399.99999999999892)));
#917=IFCPOLYGONALFACESET(#916,.T.,(#854,#855,#856,#857,#858,#859,#860,#861,#862,#863,#864,#865,#866,#867,#868,#869,#870,#871,#872,#873,#874,#875,#876,#877,#878,#879,#880,#881,#882,#883,#884,#885,#886,#887,#888,#889,#890,#891,#892,#893,#894,#895,#896,#897,#898,#899,#900,#901,#902,#903,#904,#905,#906,#907,#908,#909,#910,#911,#912,#913,#914,#915),$);
#918=IFCINDEXEDCOLOURMAP(#917,1.,#853,(1,1,1,1,1,1,1,1,1,1,1,1,1,1,1,1,1,1,1,1,1,1,1,1,1,1,1,1,1,1,1,1,1,1,1,1,1,1,1,1,1,1,1,1,1,1,1,1,1,1,1,1,1,1,1,1,1,1,1,1,1,1));
#919=IFCSTYLEDITEM(#917,(#64),$);
#920=IFCSHAPEREPRESENTATION(#15,'Body','Tessellation',(#917));
#921=IFCWALL('112HIUctr2yw5OqZgr3kPg',#6,'Basic Wall:Castelnuovo_typeA:1676342',$,$,#821,#825,'1676342',.NOTDEFINED.);
#922=IFCQUANTITYLENGTH('Height',$,$,2562.4598481162925,$);
#923=IFCQUANTITYLENGTH('Length',$,$,8396.5582706301957,$);
#924=IFCQUANTITYLENGTH('Width',$,$,500.00000000000006,$);
#925=IFCQUANTITYAREA('GrossFootprintArea',$,$,4.1552381836538785,$);
#926=IFCQUANTITYVOLUME('GrossVolume',$,$,10.537340294516193,$);
#927=IFCQUANTITYAREA('GrossSideArea',$,$,10.537340294516193,$);
#928=IFCQUANTITYAREA('NetSideArea',$,$,15.047496023893906,$);
#929=IFCQUANTITYVOLUME('NetVolume',$,$,7.2952665265488079,$);
#930=IFCELEMENTQUANTITY('2IBPvx_wWWCVILH218wd0x',#6,'Qto_WallBaseQuantities',$,'BaseQuantities',(#922,#923,#924,#925,#926,#927,#928,#929));
#931=IFCRELDEFINESBYPROPERTIES('31$xo2QSnMMwpuBYYRv40O',#6,$,$,(#921),#930);
#932=IFCPROPERTYSET('0Mdluu1RV6Y35x6e_xIGgZ',#6,'Pset_EnvironmentalImpactIndicators',$,(#80));
#933=IFCPROPERTYSINGLEVALUE('Reference',$,IFCLABEL('Castelnuovo_typeA'),$);
#934=IFCPROPERTYSET('1aqUdJf_ozYDgnbNcqa8gs',#6,'Pset_ReinforcementBarPitchOfWall',$,(#933));
#935=IFCPROPERTYSET('1L9gLh7lfDjJ_xri0a4JNq',#6,'Pset_WallCommon',$,(#80,#84,#85,#86));
#936=IFCRELDEFINESBYPROPERTIES('2BahE99$7g72qHNTkFto5w',#6,$,$,(#921),#932);
#937=IFCRELDEFINESBYPROPERTIES('1HUoCZZaQCqKPoYCDMj4CM',#6,$,$,(#921),#934);
#938=IFCRELDEFINESBYPROPERTIES('1odNgyUn3TUiHkxSHAgBUp',#6,$,$,(#921),#935);
#939=IFCCARTESIANPOINT((14339.674577223957,-16453.038197492908,0.));
#940=IFCAXIS2PLACEMENT3D(#939,#49,#146);
#941=IFCLOCALPLACEMENT(#32,#940);
#942=IFCCARTESIANPOINTLIST3D(((0.,5.9142984491142686E-013,-1.0828671292983927E-012),(6158.4287842473477,-7.309142939093166E-013,-1.0828671292983927E-012)));
#943=IFCINDEXEDPOLYCURVE(#942,$,.F.);
#944=IFCSHAPEREPRESENTATION(#14,'Axis','Curve3D',(#943));
#945=IFCPRODUCTDEFINITIONSHAPE($,$,(#944,#992));
#967=IFCCARTESIANPOINTLIST2D(((3.8590716427863102E-013,-249.99999999999949),(3870.6909928935343,-249.99999999999997),(4370.6909928935356,-249.99999999999923),(6158.4287842473477,-250.0000000000008),(5986.2649776025155,249.9999999999979),(1.7798270943181812E-012,249.99999999998215),(3.8590716427863102E-013,-249.99999999999949)));
#968=IFCINDEXEDPOLYCURVE(#967,$,.F.);
#969=IFCARBITRARYCLOSEDPROFILEDEF(.AREA.,$,#968);
#970=IFCAXIS2PLACEMENT3D(#10,$,$);
#971=IFCEXTRUDEDAREASOLID(#969,#970,#49,4674.4378736302024);
#972=IFCSTYLEDITEM(#971,(#64),$);
#973=IFCCOLOURRGBLIST(((1.,0.65098039215686276,0.82352941176470584)));
#974=IFCINDEXEDPOLYGONALFACEWITHVOIDS((1,2,3,4,5,6,7,8,9,10,11,12),((13,14,15,16)));
#975=IFCINDEXEDPOLYGONALFACEWITHVOIDS((17,18,19,20,21,22,23,24),((25,26,27,28)));
#976=IFCINDEXEDPOLYGONALFACE((6,23,22,9,8,7));
#977=IFCINDEXEDPOLYGONALFACE((1,18,17,2));
#978=IFCINDEXEDPOLYGONALFACE((23,6,5,24));
#979=IFCINDEXEDPOLYGONALFACE((5,4,3,2,17,24));
#980=IFCINDEXEDPOLYGONALFACE((11,20,19,12));
#981=IFCINDEXEDPOLYGONALFACE((20,11,10,21));
#982=IFCINDEXEDPOLYGONALFACE((21,10,9,22));
#983=IFCINDEXEDPOLYGONALFACE((14,13,25,28));
#984=IFCINDEXEDPOLYGONALFACE((15,14,28,27));
#985=IFCINDEXEDPOLYGONALFACE((16,15,27,26));
#986=IFCINDEXEDPOLYGONALFACE((13,16,26,25));
#987=IFCINDEXEDPOLYGONALFACE((18,1,12,19));
#988=IFCCARTESIANPOINTLIST3D(((6158.4287842473477,-250.00000000000023,-1.0828671292983927E-012),(6158.4287842473477,-250.00000000000023,4511.9780255137439),(4370.6909928935347,-249.99999999999864,4511.9780255137439),(3870.6909928935338,-249.9999999999994,4511.9780255137457),(2.1657342585967854E-012,-249.99999999999889,4511.9780255137484),(2.1657342585967854E-012,-249.99999999999889,-1.0828671292983927E-012),(3870.6909928935338,-249.9999999999994,-1.0828671292983927E-012),(4370.6909928935347,-249.99999999999864,-1.0828671292983927E-012),(4500.0000000000118,-250.0000000000006,-1.0828671292983927E-012),(4500.0000000000118,-250.0000000000006,2200.),(5900.0000000000018,-250.0000000000006,2200.),(5899.9999999999991,-250.0000000000006,-1.0828671292983927E-012),(4570.6909928935347,-250.00000000000048,2899.9999999998304),(4570.6909928935347,-250.00000000000048,4199.999999999829),(5770.6909928935347,-249.99999999999864,4199.999999999829),(5770.6909928935347,-249.99999999999864,2899.9999999998304),(5986.2649776025155,249.99999999999849,4674.4378736301978),(5986.2649776025155,249.99999999999849,-1.0828671292983927E-012),(5900.0000000000018,249.99999999999835,-1.0828671292983927E-012),(5900.0000000000018,250.00000000000051,2200.),(4500.0000000000146,249.99999999999835,2200.),(4500.0000000000146,249.99999999999835,-1.0828671292983927E-012),(2.1657342585967854E-012,250.00000000000006,-1.0828671292983927E-012),(2.1657342585967854E-012,249.99999999999355,4674.4378736301996),(4570.6909928935347,249.99999999999847,2899.9999999998304),(5770.6909928935347,250.00000000000031,2899.9999999998304),(5770.6909928935347,250.00000000000031,4199.999999999829),(4570.6909928935347,249.99999999999847,4199.999999999829)));
#989=IFCPOLYGONALFACESET(#988,.T.,(#974,#975,#976,#977,#978,#979,#980,#981,#982,#983,#984,#985,#986,#987),$);
#990=IFCINDEXEDCOLOURMAP(#989,1.,#973,(1,1,1,1,1,1,1,1,1,1,1,1,1,1));
#991=IFCSTYLEDITEM(#989,(#64),$);
#992=IFCSHAPEREPRESENTATION(#15,'Body','Tessellation',(#989));
#993=IFCWALL('112HIUctr2yw5OqZgr3kPh',#6,'Basic Wall:Castelnuovo_typeA:1676343',$,$,#941,#945,'1676343',.NOTDEFINED.);
#994=IFCQUANTITYLENGTH('Height',$,$,4674.4378736302024,$);
#995=IFCQUANTITYLENGTH('Length',$,$,6158.4287842473477,$);
#996=IFCQUANTITYLENGTH('Width',$,$,500.00000000000006,$);
#997=IFCQUANTITYAREA('GrossFootprintArea',$,$,3.1924216788817756,$);
#998=IFCQUANTITYVOLUME('GrossVolume',$,$,12.451211866445632,$);
#999=IFCQUANTITYAREA('GrossSideArea',$,$,12.451211866445632,$);
#1000=IFCQUANTITYAREA('NetSideArea',$,$,23.342423732891259,$);
#1001=IFCQUANTITYVOLUME('NetVolume',$,$,11.624610578599821,$);
#1002=IFCELEMENTQUANTITY('3$XYrLMPlwflopFaWTIYd2',#6,'Qto_WallBaseQuantities',$,'BaseQuantities',(#994,#995,#996,#997,#998,#999,#1000,#1001));
#1003=IFCRELDEFINESBYPROPERTIES('3Jm5jIVeUUbE8An6OHiAl8',#6,$,$,(#993),#1002);
#1004=IFCPROPERTYSET('0IuEBFxX3FJAFB1Qg4v7HH',#6,'Pset_EnvironmentalImpactIndicators',$,(#80));
#1005=IFCPROPERTYSINGLEVALUE('Reference',$,IFCLABEL('Castelnuovo_typeA'),$);
#1006=IFCPROPERTYSET('34zj_g1GYk5Xvo6jKgKTKu',#6,'Pset_ReinforcementBarPitchOfWall',$,(#1005));
#1007=IFCPROPERTYSET('2UxjbPqX6jCoGQqr8nslm9',#6,'Pset_WallCommon',$,(#80,#84,#85,#86));
#1008=IFCRELDEFINESBYPROPERTIES('0RZfAhd6lWEztCQKjx36P3',#6,$,$,(#993),#1004);
#1009=IFCRELDEFINESBYPROPERTIES('0kx$wgLSkejv736LRFOw9U',#6,$,$,(#993),#1006);
#1010=IFCRELDEFINESBYPROPERTIES('0fEn3wLyr4jx6osVyGgFgi',#6,$,$,(#993),#1007);
#1011=IFCCARTESIANPOINT((14589.674577223963,-12332.347204599371,-0.));
#1012=IFCAXIS2PLACEMENT3D(#1011,$,$);
#1013=IFCLOCALPLACEMENT(#32,#1012);
#1014=IFCCARTESIANPOINTLIST3D(((-3.0555939360497073E-013,0.,1.0828671292983927E-012),(6000.0000000000073,0.,1.0828671292983927E-012)));
#1015=IFCINDEXEDPOLYCURVE(#1014,$,.F.);
#1016=IFCSHAPEREPRESENTATION(#14,'Axis','Curve3D',(#1015));
#1017=IFCPRODUCTDEFINITIONSHAPE($,$,(#1016,#1057));
#1036=IFCCARTESIANPOINTLIST2D(((7.8406925744663841E-013,-250.00000000000165),(6000.0000000000082,-250.00000000000233),(6000.0000000000055,249.99999999999881),(-7.8406925744663155E-013,249.99999999999949),(7.8406925744663841E-013,-250.00000000000165)));
#1037=IFCINDEXEDPOLYCURVE(#1036,$,.F.);
#1038=IFCARBITRARYCLOSEDPROFILEDEF(.AREA.,$,#1037);
#1039=IFCAXIS2PLACEMENT3D(#10,$,$);
#1040=IFCEXTRUDEDAREASOLID(#1038,#1039,#49,4511.9780255137484);
#1041=IFCSTYLEDITEM(#1040,(#64),$);
#1042=IFCCOLOURRGBLIST(((1.,0.65098039215686276,0.82352941176470584)));
#1043=IFCINDEXEDPOLYGONALFACE((1,2,3,4,5,6,7,8));
#1044=IFCINDEXEDPOLYGONALFACE((9,10,11,12,13,14,15,16));
#1045=IFCINDEXEDPOLYGONALFACE((11,10,2,1));
#1046=IFCINDEXEDPOLYGONALFACE((7,6,14,13));
#1047=IFCINDEXEDPOLYGONALFACE((1,8,12,11));
#1048=IFCINDEXEDPOLYGONALFACE((8,7,13,12));
#1049=IFCINDEXEDPOLYGONALFACE((3,2,10,9));
#1050=IFCINDEXEDPOLYGONALFACE((4,3,9,16));
#1051=IFCINDEXEDPOLYGONALFACE((5,4,16,15));
#1052=IFCINDEXEDPOLYGONALFACE((15,14,6,5));
#1053=IFCCARTESIANPOINTLIST3D(((4.7850986384166673E-013,-250.00000000000165,1.0828671292983927E-012),(4149.9999999999973,-250.00000000000165,1.0828671292983927E-012),(4149.9999999999973,-250.00000000000165,2200.0000000000023),(5649.9999999999873,-250.00000000000165,2200.0000000000023),(5649.9999999999873,-250.00000000000165,1.0828671292983927E-012),(6000.0000000000073,-250.00000000000165,1.0828671292983927E-012),(6000.0000000000073,-250.00000000000165,2562.4598481162916),(4.7850986384166673E-013,-250.00000000000165,4511.9780255137484),(4149.9999999999955,249.99999999999949,2200.0000000000023),(4149.9999999999955,249.99999999999949,1.0828671292983927E-012),(1.0761056075451849E-012,249.99999999999949,1.0828671292983927E-012),(-1.0896286510516005E-012,249.99999999999949,4511.9780255137484),(6000.0000000000055,249.99999999999949,2562.4598481162916),(6000.0000000000055,249.99999999999949,1.0828671292983927E-012),(5649.9999999999854,249.99999999999949,1.0828671292983927E-012),(5649.9999999999854,249.99999999999949,2200.0000000000023)));
#1054=IFCPOLYGONALFACESET(#1053,.T.,(#1043,#1044,#1045,#1046,#1047,#1048,#1049,#1050,#1051,#1052),$);
#1055=IFCINDEXEDCOLOURMAP(#1054,1.,#1042,(1,1,1,1,1,1,1,1,1,1));
#1056=IFCSTYLEDITEM(#1054,(#64),$);
#1057=IFCSHAPEREPRESENTATION(#15,'Body','Tessellation',(#1054));
#1058=IFCWALL('112HIUctr2yw5OqZgr3kPa',#6,'Basic Wall:Castelnuovo_typeA:1676344',$,$,#1013,#1017,'1676344',.NOTDEFINED.);
#1059=IFCQUANTITYLENGTH('Height',$,$,4511.9780255137484,$);
#1060=IFCQUANTITYLENGTH('Length',$,$,6000.0000000000091,$);
#1061=IFCQUANTITYLENGTH('Width',$,$,500.00000000000006,$);
#1062=IFCQUANTITYAREA('GrossFootprintArea',$,$,2.9999999999999969,$);
#1063=IFCQUANTITYVOLUME('GrossVolume',$,$,8.9616568104450813,$);
#1064=IFCQUANTITYAREA('GrossSideArea',$,$,8.9616568104450813,$);
#1065=IFCQUANTITYAREA('NetSideArea',$,$,17.923313620890156,$);
#1066=IFCQUANTITYVOLUME('NetVolume',$,$,8.9616568104451009,$);
#1067=IFCELEMENTQUANTITY('1UDZIMQ$HBPRfuLUlg33Uq',#6,'Qto_WallBaseQuantities',$,'BaseQuantities',(#1059,#1060,#1061,#1062,#1063,#1064,#1065,#1066));
#1068=IFCRELDEFINESBYPROPERTIES('13602YAIPrHCSMlBhmILkJ',#6,$,$,(#1058),#1067);
#1069=IFCPROPERTYSET('0h$B24I4jL7ie_NxkdtbHE',#6,'Pset_EnvironmentalImpactIndicators',$,(#80));
#1070=IFCPROPERTYSINGLEVALUE('Reference',$,IFCLABEL('Castelnuovo_typeA'),$);
#1071=IFCPROPERTYSET('3UQ9R1li3C8TS3AuF8DVcQ',#6,'Pset_ReinforcementBarPitchOfWall',$,(#1070));
#1072=IFCPROPERTYSET('1oV_wGozNXFECzDQNy0_6d',#6,'Pset_WallCommon',$,(#80,#84,#85,#86));
#1073=IFCRELDEFINESBYPROPERTIES('3iBlygosH3avMsoDJp6JDd',#6,$,$,(#1058),#1069);
#1074=IFCRELDEFINESBYPROPERTIES('3dxfxdHWnYBfidRzFIuG6i',#6,$,$,(#1058),#1071);
#1075=IFCRELDEFINESBYPROPERTIES('0xvpxab5hdBpIeDNSJu7Z4',#6,$,$,(#1058),#1072);
#1076=IFCCARTESIANPOINT((6253.026350501952,7455.0449953661391,-1500.));
#1077=IFCDIRECTION((0.88140092832803951,0.47236892736765629,0.));
#1078=IFCAXIS2PLACEMENT3D(#1076,#49,#1077);
#1079=IFCLOCALPLACEMENT(#24,#1078);
#1080=IFCCARTESIANPOINTLIST3D(((0.,0.,0.),(7212.0660127070778,-1.0828671292983927E-012,0.)));
#1081=IFCINDEXEDPOLYCURVE(#1080,$,.F.);
#1082=IFCSHAPEREPRESENTATION(#14,'Axis','Curve3D',(#1081));
#1083=IFCPRODUCTDEFINITIONSHAPE($,$,(#1082,#1108));
#1084=IFCCARTESIANPOINTLIST2D(((7212.066012707076,249.99999999999949),(6.5987215691620808E-013,250.00000000000023),(-6.5987215691620808E-013,-250.00000000000023),(7212.0660127070751,-250.00000000000057),(7212.066012707076,249.99999999999949)));
#1085=IFCINDEXEDPOLYCURVE(#1084,$,.F.);
#1086=IFCARBITRARYCLOSEDPROFILEDEF(.AREA.,$,#1085);
#1087=IFCAXIS2PLACEMENT3D(#10,$,$);
#1088=IFCEXTRUDEDAREASOLID(#1086,#1087,#49,5600.);
#1089=IFCCOLOURRGB($,0.,0.80784313725490198,0.40392156862745099);
#1090=IFCSURFACESTYLERENDERING(#1089,0.,$,$,$,$,IFCNORMALISEDRATIOMEASURE(0.5),IFCSPECULAREXPONENT(64.),.NOTDEFINED.);
#1091=IFCSURFACESTYLE('Tufelli_masonry_typeC',.BOTH.,(#1090));
#1092=IFCSTYLEDITEM(#1088,(#1091),$);
#1093=IFCCOLOURRGBLIST(((0.,0.80784313725490198,0.40392156862745099)));
#1094=IFCINDEXEDPOLYGONALFACEWITHVOIDS((1,2,3,4,5,6,7,8),((9,10,11,12)));
#1095=IFCINDEXEDPOLYGONALFACEWITHVOIDS((13,14,15,16),((17,18,19,20)));
#1096=IFCINDEXEDPOLYGONALFACE((4,3,2,1,14,13));
#1097=IFCINDEXEDPOLYGONALFACE((8,7,6,5,16,15));
#1098=IFCINDEXEDPOLYGONALFACE((1,8,15,14));
#1099=IFCINDEXEDPOLYGONALFACE((5,4,13,16));
#1100=IFCINDEXEDPOLYGONALFACE((9,18,17,10));
#1101=IFCINDEXEDPOLYGONALFACE((11,20,19,12));
#1102=IFCINDEXEDPOLYGONALFACE((18,9,12,19));
#1103=IFCINDEXEDPOLYGONALFACE((20,11,10,17));
#1104=IFCCARTESIANPOINTLIST3D(((2.1657342585967854E-012,-250.00000000000057,0.),(500.00000000000222,-250.00000000000057,0.),(6712.0660127070732,-249.99999999999949,0.),(7212.066012707076,-250.00000000000057,0.),(7212.066012707076,-250.00000000000057,5600.),(6712.0660127070732,-249.99999999999949,5600.),(500.00000000000222,-250.00000000000057,5600.),(2.1657342585967854E-012,-250.00000000000057,5600.),(2200.0000000000023,-250.00000000000057,4036.9768528884133),(2200.0000000000023,-250.00000000000057,5536.9768528884133),(3400.0000000000023,-249.99999999999949,5536.9768528884133),(3400.0000000000023,-249.99999999999949,4036.9768528884133),(7212.0660127070723,249.99999999999838,0.),(5.4143356464919636E-013,249.99999999999838,0.),(1.6243006939475892E-012,250.00000000000057,5600.),(7212.0660127070723,249.99999999999838,5600.),(2200.0000000000018,250.00000000000057,5536.9768528884133),(2200.0000000000018,250.00000000000057,4036.9768528884133),(3400.0000000000023,249.99999999999838,4036.9768528884133),(3400.0000000000023,249.99999999999838,5536.9768528884133)));
#1105=IFCPOLYGONALFACESET(#1104,.T.,(#1094,#1095,#1096,#1097,#1098,#1099,#1100,#1101,#1102,#1103),$);
#1106=IFCINDEXEDCOLOURMAP(#1105,1.,#1093,(1,1,1,1,1,1,1,1,1,1));
#1107=IFCSTYLEDITEM(#1105,(#1091),$);
#1108=IFCSHAPEREPRESENTATION(#15,'Body','Tessellation',(#1105));
#1109=IFCWALL('112HIUctr2yw5OqZgr3kla',#6,'Basic Wall:Castelnuovo_typeC:1677752',$,$,#1079,#1083,'1677752',.NOTDEFINED.);
#1110=IFCAXIS2PLACEMENT3D(#10,$,$);
#1112=IFCCARTESIANPOINTLIST2D(((-249.99999999999832,-750.),(249.99999999999832,-750.),(249.99999999999832,750.),(-249.99999999999832,750.),(-249.99999999999832,-750.)));
#1113=IFCINDEXEDPOLYCURVE(#1112,$,.F.);
#1114=IFCARBITRARYCLOSEDPROFILEDEF(.AREA.,'BrickWindow',#1113);
#1115=IFCCARTESIANPOINT((6962.0660127070769,-1650.,4548.5786437626939));
#1116=IFCAXIS2PLACEMENT3D(#1115,#146,#506);
#1117=IFCEXTRUDEDAREASOLID(#1114,#1116,#49,1000.0000000000011);
#1118=IFCSHAPEREPRESENTATION(#15,'Body','SweptSolid',(#1117));
#1119=IFCPRODUCTDEFINITIONSHAPE($,$,(#1118));
#1120=IFCAXIS2PLACEMENT3D(#10,$,$);
#1121=IFCLOCALPLACEMENT(#1079,#1120);
#1122=IFCOPENINGELEMENT('3_XuqGPwSahakbX5DRjBjD',#6,'Basic Wall:Castelnuovo_typeC:1677752',$,$,#1121,#1119,'1711098',.OPENING.);
#1123=IFCQUANTITYLENGTH('Depth',$,$,1000.0000000000011,$);
#1124=IFCQUANTITYLENGTH('Height',$,$,1500.,$);
#1125=IFCQUANTITYLENGTH('Width',$,$,499.99999999999665,$);
#1126=IFCQUANTITYAREA('Area',$,$,0.749999999999995,$);
#1127=IFCQUANTITYVOLUME('Volume',$,$,749.99999999999591,$);
#1128=IFCELEMENTQUANTITY('0PaNx6kCXEyNkDeUrGOVVT',#6,'Qto_OpeningElementBaseQuantities',$,'BaseQuantities',(#1123,#1124,#1125,#1126,#1127));
#1129=IFCRELDEFINESBYPROPERTIES('2pmYmto_$mbihylCeLq7Fk',#6,$,$,(#1122),#1128);
#1130=IFCRELVOIDSELEMENT('1yBtOha0KYuvKzZVoxVqg8',#6,$,$,#1109,#1122);
#1131=IFCQUANTITYLENGTH('Height',$,$,5600.,$);
#1132=IFCQUANTITYLENGTH('Length',$,$,7212.0660127070751,$);
#1133=IFCQUANTITYLENGTH('Width',$,$,500.00000000000006,$);
#1134=IFCQUANTITYAREA('GrossFootprintArea',$,$,3.6060330063535373,$);
#1135=IFCQUANTITYVOLUME('GrossVolume',$,$,20.193784835579809,$);
#1136=IFCQUANTITYAREA('GrossSideArea',$,$,20.193784835579809,$);
#1137=IFCQUANTITYAREA('NetSideArea',$,$,38.587569671159606,$);
#1138=IFCQUANTITYVOLUME('NetVolume',$,$,19.293784835579824,$);
#1139=IFCELEMENTQUANTITY('04HP_pdfqH_Gl$21fhA8Z_',#6,'Qto_WallBaseQuantities',$,'BaseQuantities',(#1131,#1132,#1133,#1134,#1135,#1136,#1137,#1138));
#1140=IFCRELDEFINESBYPROPERTIES('2AKkWDYNmxSNi6qyyc5hK7',#6,$,$,(#1109),#1139);
#1141=IFCMATERIAL('Tufelli_masonry_typeC',$,$);
#1142=IFCWALLTYPE('2trg1iOov8P8a83pz2q$bM',#6,'Basic Wall:Castelnuovo_typeC',$,$,(#1157),$,'1783198',$,.STANDARD.);
#1143=IFCPROPERTYSINGLEVALUE('Reference',$,IFCIDENTIFIER('Castelnuovo_typeC'),$);
#1144=IFCPROPERTYSET('2DqXZ0Kpn87B2T_eWFLo66',#6,'Pset_EnvironmentalImpactIndicators',$,(#1143));
#1145=IFCPROPERTYSINGLEVALUE('Reference',$,IFCLABEL('Castelnuovo_typeC'),$);
#1146=IFCPROPERTYSET('28jFmst2iGhp5f3jdbhor4',#6,'Pset_ReinforcementBarPitchOfWall',$,(#1145));
#1147=IFCPROPERTYSET('3$vI9jRGrI8ZyMXP1vIu7R',#6,'Pset_WallCommon',$,(#84,#85,#140,#1143));
#1148=IFCPROPERTYSINGLEVALUE('Reference',$,IFCIDENTIFIER('BrickWindow'),$);
#1149=IFCPROPERTYSET('36KrGR4BAWxCiP4dPsVQl9',#6,'Pset_EnvironmentalImpactIndicators',$,(#1148));
#1150=IFCPROPERTYSET('2g7n9qSj5mbJJZej0AS4UE',#6,'Pset_OpeningElementCommon',$,(#1148));
#1151=IFCRELDEFINESBYPROPERTIES('3pFUOgwUUcR7OcZ2bTnBHq',#6,$,$,(#1109),#1144);
#1152=IFCRELDEFINESBYPROPERTIES('30Eg9EGTVs1BRzfexb7qxv',#6,$,$,(#1109),#1146);
#1153=IFCRELDEFINESBYPROPERTIES('27PKDmpz$Y9jeZ7sbKz30v',#6,$,$,(#1109),#1147);
#1154=IFCRELDEFINESBYPROPERTIES('0xFm2p4fuRAaYOJfohL1hD',#6,$,$,(#1122),#1149);
#1155=IFCRELDEFINESBYPROPERTIES('3Cx0bzMbdUFltrxAzHshO7',#6,$,$,(#1122),#1150);
#1156=IFCPROPERTYSINGLEVALUE('Description',$,IFCTEXT('Generic Wall (Material By Category), 200mm thick'),$);
#1157=IFCPROPERTYSET('2fufPgr1f0xSm$6nPk$ipy',#6,'Pset_ReinforcementBarPitchOfWall',$,(#1156));
#1158=IFCCARTESIANPOINT((8553.2030039271267,3692.3549989006269,-1500.));
#1159=IFCDIRECTION((-0.47236892736765773,0.88140092832803885,0.));
#1160=IFCAXIS2PLACEMENT3D(#1158,#49,#1159);
#1161=IFCLOCALPLACEMENT(#24,#1160);
#1162=IFCCARTESIANPOINTLIST3D(((0.,0.,0.),(4152.9704344299053,-5.4143356464919636E-013,0.)));
#1163=IFCINDEXEDPOLYCURVE(#1162,$,.F.);
#1164=IFCSHAPEREPRESENTATION(#14,'Axis','Curve3D',(#1163));
#1165=IFCPRODUCTDEFINITIONSHAPE($,$,(#1164,#1172));
#1166=IFCCARTESIANPOINTLIST2D(((4152.9704344299053,249.9999999999992),(-4.060751734868973E-013,249.99999999999977),(4.060751734868973E-013,-249.99999999999977),(4152.9704344299071,-250.00000000000028),(4152.9704344299053,249.9999999999992)));
#1167=IFCINDEXEDPOLYCURVE(#1166,$,.F.);
#1168=IFCARBITRARYCLOSEDPROFILEDEF(.AREA.,$,#1167);
#1169=IFCAXIS2PLACEMENT3D(#10,$,$);
#1170=IFCEXTRUDEDAREASOLID(#1168,#1169,#49,5600.);
#1171=IFCSTYLEDITEM(#1170,(#1091),$);
#1172=IFCSHAPEREPRESENTATION(#15,'Body','SweptSolid',(#1170));
#1173=IFCWALL('112HIUctr2yw5OqZgr3kXe',#6,'Basic Wall:Castelnuovo_typeC:1677876',$,$,#1161,#1165,'1677876',.NOTDEFINED.);
#1174=IFCQUANTITYLENGTH('Height',$,$,5600.,$);
#1175=IFCQUANTITYLENGTH('Length',$,$,4152.9704344299053,$);
#1176=IFCQUANTITYLENGTH('Width',$,$,500.00000000000006,$);
#1177=IFCQUANTITYAREA('GrossFootprintArea',$,$,2.0764852172149513,$);
#1178=IFCQUANTITYVOLUME('GrossVolume',$,$,11.628317216403735,$);
#1179=IFCQUANTITYAREA('GrossSideArea',$,$,11.628317216403735,$);
#1180=IFCQUANTITYAREA('NetSideArea',$,$,23.25663443280747,$);
#1181=IFCQUANTITYVOLUME('NetVolume',$,$,11.628317216403737,$);
#1182=IFCELEMENTQUANTITY('30gjmmqnfc355aAPwWK$ax',#6,'Qto_WallBaseQuantities',$,'BaseQuantities',(#1174,#1175,#1176,#1177,#1178,#1179,#1180,#1181));
#1183=IFCRELDEFINESBYPROPERTIES('1HlTmJLniYG0S4BugYA7MP',#6,$,$,(#1173),#1182);
#1184=IFCPROPERTYSET('2m1B9fpDAF7x6iWdUAu1lr',#6,'Pset_EnvironmentalImpactIndicators',$,(#1143));
#1185=IFCPROPERTYSINGLEVALUE('Reference',$,IFCLABEL('Castelnuovo_typeC'),$);
#1186=IFCPROPERTYSET('0FTJb664wDK_M2yO6McHWZ',#6,'Pset_ReinforcementBarPitchOfWall',$,(#1185));
#1187=IFCPROPERTYSET('3HX2JlGJKsVqLwscAtJdk6',#6,'Pset_WallCommon',$,(#84,#85,#140,#1143));
#1188=IFCRELDEFINESBYPROPERTIES('3tVF7gwUGttua8cSoYzLQQ',#6,$,$,(#1173),#1184);
#1189=IFCRELDEFINESBYPROPERTIES('3WBWsQ6dOoGnUjNRLqYik7',#6,$,$,(#1173),#1186);
#1190=IFCRELDEFINESBYPROPERTIES('3L5KRHuJJlbMSRpIo6JmTE',#6,$,$,(#1173),#1187);
#1191=IFCCARTESIANPOINT((8655.4610041672204,4030.7974628245506,-1500.));
#1192=IFCDIRECTION((0.88140092832803951,0.47236892736765623,0.));
#1193=IFCAXIS2PLACEMENT3D(#1191,#49,#1192);
#1194=IFCLOCALPLACEMENT(#24,#1193);
#1195=IFCCARTESIANPOINTLIST3D(((2.7071678232459818E-013,0.,0.),(6712.0660127070714,-2.1657342585967854E-012,0.)));
#1196=IFCINDEXEDPOLYCURVE(#1195,$,.F.);
#1197=IFCSHAPEREPRESENTATION(#14,'Axis','Curve3D',(#1196));
#1198=IFCPRODUCTDEFINITIONSHAPE($,$,(#1197,#1216));
#1199=IFCCARTESIANPOINTLIST2D(((6712.0660127070732,-250.00000000000057),(6712.0660127070723,250.00000000000003),(6212.0660127070742,250.00000000000003),(6.4295235802092064E-013,250.00000000000023),(1.7765788840051755E-012,-250.00000000000026),(6712.0660127070732,-250.00000000000057)));
#1200=IFCINDEXEDPOLYCURVE(#1199,$,.F.);
#1201=IFCARBITRARYCLOSEDPROFILEDEF(.AREA.,$,#1200);
#1202=IFCAXIS2PLACEMENT3D(#10,$,$);
#1203=IFCEXTRUDEDAREASOLID(#1201,#1202,#49,5600.);
#1204=IFCSTYLEDITEM(#1203,(#1091),$);
#1205=IFCCOLOURRGBLIST(((0.,0.80784313725490198,0.40392156862745099)));
#1206=IFCINDEXEDPOLYGONALFACE((1,2,3,4));
#1207=IFCINDEXEDPOLYGONALFACE((5,6,7,8,9,10));
#1208=IFCINDEXEDPOLYGONALFACE((2,1,7,6,5));
#1209=IFCINDEXEDPOLYGONALFACE((4,3,10,9,8));
#1210=IFCINDEXEDPOLYGONALFACE((3,2,5,10));
#1211=IFCINDEXEDPOLYGONALFACE((1,4,8,7));
#1212=IFCCARTESIANPOINTLIST3D(((1.8950174762721871E-012,-250.00000000000111,0.),(6712.066012707076,-249.99999999999949,0.),(6712.0660127070742,-250.00000000000057,5600.),(2.1657342585967854E-012,-250.00000000000057,5600.),(6712.0660127070723,250.00000000000057,0.),(6212.0660127070742,249.99999999999949,0.),(0.,249.99999999999949,0.),(0.,249.99999999999949,5600.),(6212.0660127070742,249.99999999999949,5600.),(6712.0660127070723,250.00000000000057,5600.)));
#1213=IFCPOLYGONALFACESET(#1212,.T.,(#1206,#1207,#1208,#1209,#1210,#1211),$);
#1214=IFCINDEXEDCOLOURMAP(#1213,1.,#1205,(1,1,1,1,1,1));
#1215=IFCSTYLEDITEM(#1213,(#1091),$);
#1216=IFCSHAPEREPRESENTATION(#15,'Body','Tessellation',(#1213));
#1217=IFCWALL('112HIUctr2yw5OqZgr3kYs',#6,'Basic Wall:Castelnuovo_typeC:1678058',$,$,#1194,#1198,'1678058',.NOTDEFINED.);
#1218=IFCAXIS2PLACEMENT3D(#10,$,$);
#1220=IFCCARTESIANPOINTLIST2D(((-250.00000000000074,-750.),(250.00000000000074,-750.),(250.00000000000074,750.),(-250.00000000000074,750.),(-250.00000000000074,-750.)));
#1221=IFCINDEXEDPOLYCURVE(#1220,$,.F.);
#1222=IFCARBITRARYCLOSEDPROFILEDEF(.AREA.,'BrickWindow',#1221);
#1223=IFCCARTESIANPOINT((6462.0660127070714,465.65390758864879,4548.5786437626866));
#1224=IFCAXIS2PLACEMENT3D(#1223,#146,#506);
#1225=IFCEXTRUDEDAREASOLID(#1222,#1224,#49,999.99999999999795);
#1226=IFCSHAPEREPRESENTATION(#15,'Body','SweptSolid',(#1225));
#1227=IFCPRODUCTDEFINITIONSHAPE($,$,(#1226));
#1228=IFCAXIS2PLACEMENT3D(#10,$,$);
#1229=IFCLOCALPLACEMENT(#1194,#1228);
#1230=IFCOPENINGELEMENT('002v6OQgG0Lvwjik7kTQjC',#6,'Basic Wall:Castelnuovo_typeC:1678058',$,$,#1229,#1227,'1712374',.OPENING.);
#1231=IFCQUANTITYLENGTH('Depth',$,$,999.99999999999795,$);
#1232=IFCQUANTITYLENGTH('Height',$,$,1500.,$);
#1233=IFCQUANTITYLENGTH('Width',$,$,500.00000000000148,$);
#1234=IFCQUANTITYAREA('Area',$,$,0.75000000000000222,$);
#1235=IFCQUANTITYVOLUME('Volume',$,$,750.00000000000068,$);
#1236=IFCELEMENTQUANTITY('0n66xiUXAtxsHPL3HLqZPq',#6,'Qto_OpeningElementBaseQuantities',$,'BaseQuantities',(#1231,#1232,#1233,#1234,#1235));
#1237=IFCRELDEFINESBYPROPERTIES('1YfF5$DzxBSi4PfL36uQLB',#6,$,$,(#1230),#1236);
#1238=IFCRELVOIDSELEMENT('1$EJaL_LjP5$o1Yw1VK85B',#6,$,$,#1217,#1230);
#1239=IFCQUANTITYLENGTH('Height',$,$,5600.,$);
#1240=IFCQUANTITYLENGTH('Length',$,$,6712.0660127070732,$);
#1241=IFCQUANTITYLENGTH('Width',$,$,500.00000000000006,$);
#1242=IFCQUANTITYAREA('GrossFootprintArea',$,$,3.3560330063535293,$);
#1243=IFCQUANTITYVOLUME('GrossVolume',$,$,18.793784835579803,$);
#1244=IFCQUANTITYAREA('GrossSideArea',$,$,18.793784835579803,$);
#1245=IFCQUANTITYAREA('NetSideArea',$,$,37.587569671159606,$);
#1246=IFCQUANTITYVOLUME('NetVolume',$,$,18.793784835579807,$);
#1247=IFCELEMENTQUANTITY('15L7O9BpfN0Ioe5$i8IcT8',#6,'Qto_WallBaseQuantities',$,'BaseQuantities',(#1239,#1240,#1241,#1242,#1243,#1244,#1245,#1246));
#1248=IFCRELDEFINESBYPROPERTIES('32GJMblIFdQyDN5UoXBa9j',#6,$,$,(#1217),#1247);
#1249=IFCPROPERTYSET('2hpIdqROFO5o0EOF4qn8Pv',#6,'Pset_EnvironmentalImpactIndicators',$,(#1143));
#1250=IFCPROPERTYSINGLEVALUE('Reference',$,IFCLABEL('Castelnuovo_typeC'),$);
#1251=IFCPROPERTYSET('2JF5KBsX2uh6LrP6vgEMtf',#6,'Pset_ReinforcementBarPitchOfWall',$,(#1250));
#1252=IFCPROPERTYSET('2GKUv8aK2Npt1gRospYKhu',#6,'Pset_WallCommon',$,(#84,#85,#140,#1143));
#1253=IFCPROPERTYSET('0rkcEDzu279BSPvWBgURKp',#6,'Pset_EnvironmentalImpactIndicators',$,(#1148));
#1254=IFCPROPERTYSET('2JaHR9ruOsZq_3BA9TG3EN',#6,'Pset_OpeningElementCommon',$,(#1148));
#1255=IFCRELDEFINESBYPROPERTIES('3E9gKmy8Grmq5Qf41dNm2W',#6,$,$,(#1217),#1249);
#1256=IFCRELDEFINESBYPROPERTIES('20ByJxmyy197ImSsMrrzPQ',#6,$,$,(#1217),#1251);
#1257=IFCRELDEFINESBYPROPERTIES('2SNWnDdhtz5FezqpU06Gz1',#6,$,$,(#1217),#1252);
#1258=IFCRELDEFINESBYPROPERTIES('1QccfNYk0GTzhfg9ptnZuk',#6,$,$,(#1230),#1253);
#1259=IFCRELDEFINESBYPROPERTIES('0xrMDDyeyIt5IRYYvBibfo',#6,$,$,(#1230),#1254);
#1260=IFCCARTESIANPOINT((14233.039754842395,7303.6268859079883,-1500.));
#1261=IFCDIRECTION((-0.4723689273676574,0.88140092832803896,0.));
#1262=IFCAXIS2PLACEMENT3D(#1260,#49,#1261);
#1263=IFCLOCALPLACEMENT(#24,#1262);
#1264=IFCCARTESIANPOINTLIST3D(((0.,1.0828671292983927E-012,0.),(3652.9704344299057,-1.0828671292983927E-012,0.)));
#1265=IFCINDEXEDPOLYCURVE(#1264,$,.F.);
#1266=IFCSHAPEREPRESENTATION(#14,'Axis','Curve3D',(#1265));
#1267=IFCPRODUCTDEFINITIONSHAPE($,$,(#1266,#1301));
#1268=IFCCARTESIANPOINTLIST2D(((3652.9704344299057,250.0000000000019),(0.,250.00000000000074),(0.,-250.00000000000074),(3652.9704344299062,-249.99999999999949),(3652.9704344299057,250.0000000000019)));
#1269=IFCINDEXEDPOLYCURVE(#1268,$,.F.);
#1270=IFCARBITRARYCLOSEDPROFILEDEF(.AREA.,$,#1269);
#1271=IFCAXIS2PLACEMENT3D(#10,$,$);
#1272=IFCEXTRUDEDAREASOLID(#1270,#1271,#49,5600.);
#1273=IFCSTYLEDITEM(#1272,(#1091),$);
#1274=IFCCOLOURRGBLIST(((0.,0.80784313725490198,0.40392156862745099)));
#1275=IFCINDEXEDPOLYGONALFACEWITHVOIDS((1,2,3,4),((5,6,7,8),(9,10,11,12),(13,14,15,16),(17,18,19,20)));
#1276=IFCINDEXEDPOLYGONALFACEWITHVOIDS((21,22,23,24),((25,26,27,28),(29,30,31,32),(33,34,35,36),(37,38,39,40)));
#1277=IFCINDEXEDPOLYGONALFACE((2,1,22,21));
#1278=IFCINDEXEDPOLYGONALFACE((4,3,24,23));
#1279=IFCINDEXEDPOLYGONALFACE((3,2,21,24));
#1280=IFCINDEXEDPOLYGONALFACE((1,4,23,22));
#1281=IFCINDEXEDPOLYGONALFACE((26,25,6,5));
#1282=IFCINDEXEDPOLYGONALFACE((27,26,5,8));
#1283=IFCINDEXEDPOLYGONALFACE((28,27,8,7));
#1284=IFCINDEXEDPOLYGONALFACE((25,28,7,6));
#1285=IFCINDEXEDPOLYGONALFACE((29,10,9,30));
#1286=IFCINDEXEDPOLYGONALFACE((11,32,31,12));
#1287=IFCINDEXEDPOLYGONALFACE((10,29,32,11));
#1288=IFCINDEXEDPOLYGONALFACE((12,31,30,9));
#1289=IFCINDEXEDPOLYGONALFACE((33,14,13,34));
#1290=IFCINDEXEDPOLYGONALFACE((34,13,16,35));
#1291=IFCINDEXEDPOLYGONALFACE((35,16,15,36));
#1292=IFCINDEXEDPOLYGONALFACE((14,33,36,15));
#1293=IFCINDEXEDPOLYGONALFACE((37,18,17,38));
#1294=IFCINDEXEDPOLYGONALFACE((18,37,40,19));
#1295=IFCINDEXEDPOLYGONALFACE((19,40,39,20));
#1296=IFCINDEXEDPOLYGONALFACE((38,17,20,39));
#1297=IFCCARTESIANPOINTLIST3D(((1.0828671292983927E-012,-249.9999999999973,0.),(3652.9704344299034,-249.99999999999949,0.),(3652.9704344299034,-249.99999999999949,5600.),(1.0828671292983927E-012,-249.9999999999973,5600.),(3252.9704344299012,-249.99999999999838,3200.),(3252.9704344299012,-249.99999999999838,1700.),(2252.9704344299034,-249.99999999999892,1700.),(2252.9704344299034,-249.99999999999892,3200.),(3252.9704344299098,-249.9999999999973,5298.5786437626939),(3252.9704344299098,-249.9999999999973,3798.5786437626939),(2252.9704344299075,-249.99999999999838,3798.5786437626939),(2252.9704344299075,-249.99999999999838,5298.5786437626939),(1215.6539075886451,-250.00000000000057,5298.5786437626866),(1215.6539075886451,-250.00000000000057,3798.5786437626862),(215.65390758864933,-249.99999999999676,3798.5786437626862),(215.65390758864933,-249.99999999999676,5298.5786437626866),(352.97043442990537,-249.99999999999892,300.),(352.97043442990537,-249.99999999999892,2500.0000000000018),(1752.9704344298925,-249.99999999999838,2500.0000000000018),(1752.9704344298925,-249.99999999999838,300.),(3652.9704344299043,250.00000000000057,0.),(1.0828671292983927E-012,250.00000000000273,0.),(0.,250.00000000000327,5600.),(3652.9704344299057,250.00000000000273,5600.),(3252.9704344299043,250.00000000000111,1700.),(3252.9704344299043,250.00000000000111,3200.),(2252.9704344299021,250.00000000000219,3200.),(2252.9704344299021,250.00000000000219,1700.),(3252.9704344299089,250.00000000000111,3798.5786437626939),(3252.9704344299089,250.00000000000111,5298.5786437626939),(2252.9704344299089,249.99999999999892,5298.5786437626939),(2252.9704344299089,249.99999999999892,3798.5786437626939),(1215.6539075886494,250.00000000000111,3798.5786437626862),(1215.6539075886494,250.00000000000111,5298.5786437626866),(215.65390758864714,250.00000000000165,5298.5786437626866),(215.65390758864714,250.00000000000165,3798.5786437626862),(352.97043442990429,249.99999999999892,2500.0000000000018),(352.97043442990429,249.99999999999892,300.),(1752.9704344298925,250.00000000000165,300.),(1752.9704344298925,250.00000000000165,2500.0000000000018)));
#1298=IFCPOLYGONALFACESET(#1297,.T.,(#1275,#1276,#1277,#1278,#1279,#1280,#1281,#1282,#1283,#1284,#1285,#1286,#1287,#1288,#1289,#1290,#1291,#1292,#1293,#1294,#1295,#1296),$);
#1299=IFCINDEXEDCOLOURMAP(#1298,1.,#1274,(1,1,1,1,1,1,1,1,1,1,1,1,1,1,1,1,1,1,1,1,1,1));
#1300=IFCSTYLEDITEM(#1298,(#1091),$);
#1301=IFCSHAPEREPRESENTATION(#15,'Body','Tessellation',(#1298));
#1302=IFCWALL('112HIUctr2yw5OqZgr3kaS',#6,'Basic Wall:Castelnuovo_typeC:1678144',$,$,#1263,#1267,'1678144',.NOTDEFINED.);
#1303=IFCQUANTITYLENGTH('Height',$,$,5600.,$);
#1304=IFCQUANTITYLENGTH('Length',$,$,3652.9704344299066,$);
#1305=IFCQUANTITYLENGTH('Width',$,$,500.00000000000006,$);
#1306=IFCQUANTITYAREA('GrossFootprintArea',$,$,1.8264852172149577,$);
#1307=IFCQUANTITYVOLUME('GrossVolume',$,$,10.228317216403731,$);
#1308=IFCQUANTITYAREA('GrossSideArea',$,$,10.228317216403731,$);
#1309=IFCQUANTITYAREA('NetSideArea',$,$,12.876634432807492,$);
#1310=IFCQUANTITYVOLUME('NetVolume',$,$,6.4383172164037381,$);
#1311=IFCELEMENTQUANTITY('2Q1SgbU$zE1lv1RRl3qDC2',#6,'Qto_WallBaseQuantities',$,'BaseQuantities',(#1303,#1304,#1305,#1306,#1307,#1308,#1309,#1310));
#1312=IFCRELDEFINESBYPROPERTIES('1si5dUQXxk6Xgi5IyOM96Q',#6,$,$,(#1302),#1311);
#1313=IFCPROPERTYSET('3wWpiMnOPL$wt11pASs4on',#6,'Pset_EnvironmentalImpactIndicators',$,(#1143));
#1314=IFCPROPERTYSINGLEVALUE('Reference',$,IFCLABEL('Castelnuovo_typeC'),$);
#1315=IFCPROPERTYSET('1BIeT5ZtJxO_olk6GjwV71',#6,'Pset_ReinforcementBarPitchOfWall',$,(#1314));
#1316=IFCPROPERTYSET('2VJSkxTjf9SwTXwwSSj0yi',#6,'Pset_WallCommon',$,(#84,#85,#140,#1143));
#1317=IFCRELDEFINESBYPROPERTIES('3cf4wSVkM$ihg_X1gpDOjR',#6,$,$,(#1302),#1313);
#1318=IFCRELDEFINESBYPROPERTIES('3wF8kOR2S$G0iLRrLrfkD1',#6,$,$,(#1302),#1315);
#1319=IFCRELDEFINESBYPROPERTIES('1wybpWnccErNwsz9xZSiYi',#6,$,$,(#1302),#1316);
#1320=IFCCARTESIANPOINT((11890.548620030942,-2536.8481672066355,-1500.));
#1321=IFCDIRECTION((0.31571582075227245,-0.94885379301909256,0.));
#1322=IFCAXIS2PLACEMENT3D(#1320,#49,#1321);
#1323=IFCLOCALPLACEMENT(#24,#1322);
#1324=IFCCARTESIANPOINTLIST3D(((-2.7071678232459818E-013,-8.1215034697379459E-013,0.),(7716.8746236492261,-1.6243006939475892E-012,0.)));
#1325=IFCINDEXEDPOLYCURVE(#1324,$,.F.);
#1326=IFCSHAPEREPRESENTATION(#14,'Axis','Curve3D',(#1325));
#1327=IFCPRODUCTDEFINITIONSHAPE($,$,(#1326,#1334));
#1328=IFCCARTESIANPOINTLIST2D(((7716.874623649227,-250.00000000000111),(7711.6736397408804,249.99999999999974),(5.0759396685862157E-013,249.99999999999872),(3.4685587735339144E-013,-250.00000000000128),(7716.874623649227,-250.00000000000111)));
#1329=IFCINDEXEDPOLYCURVE(#1328,$,.F.);
#1330=IFCARBITRARYCLOSEDPROFILEDEF(.AREA.,$,#1329);
#1331=IFCAXIS2PLACEMENT3D(#10,$,$);
#1332=IFCEXTRUDEDAREASOLID(#1330,#1331,#49,5600.);
#1333=IFCSTYLEDITEM(#1332,(#64),$);
#1334=IFCSHAPEREPRESENTATION(#15,'Body','SweptSolid',(#1332));
#1335=IFCWALL('112HIUctr2yw5OqZgr3ksc',#6,'Basic Wall:Castelnuovo_typeA:1679354',$,$,#1323,#1327,'1679354',.NOTDEFINED.);
#1336=IFCQUANTITYLENGTH('Height',$,$,5600.,$);
#1337=IFCQUANTITYLENGTH('Length',$,$,7716.874623649227,$);
#1338=IFCQUANTITYLENGTH('Width',$,$,500.00000000000006,$);
#1339=IFCQUANTITYAREA('GrossFootprintArea',$,$,3.8571370658475299,$);
#1340=IFCQUANTITYVOLUME('GrossVolume',$,$,21.607248946217837,$);
#1341=IFCQUANTITYAREA('GrossSideArea',$,$,21.607248946217837,$);
#1342=IFCQUANTITYAREA('NetSideArea',$,$,43.214497892435666,$);
#1343=IFCQUANTITYVOLUME('NetVolume',$,$,21.599967568746166,$);
#1344=IFCELEMENTQUANTITY('3DEgSv9hEQTneuP5HrD9FI',#6,'Qto_WallBaseQuantities',$,'BaseQuantities',(#1336,#1337,#1338,#1339,#1340,#1341,#1342,#1343));
#1345=IFCRELDEFINESBYPROPERTIES('099v0igi2S0EnbWzIn2X9Z',#6,$,$,(#1335),#1344);
#1346=IFCPROPERTYSET('3glvCGvuG3AMZa1OHdXB81',#6,'Pset_EnvironmentalImpactIndicators',$,(#80));
#1347=IFCPROPERTYSINGLEVALUE('Reference',$,IFCLABEL('Castelnuovo_typeA'),$);
#1348=IFCPROPERTYSET('18z_ZnYCoktUs0sBmDuus8',#6,'Pset_ReinforcementBarPitchOfWall',$,(#1347));
#1349=IFCPROPERTYSET('0KR$Ccqiu9RecOvmrrocvf',#6,'Pset_WallCommon',$,(#80,#84,#85,#86));
#1350=IFCRELDEFINESBYPROPERTIES('294hYNlMQjAZNi7ZXCUj1W',#6,$,$,(#1335),#1346);
#1351=IFCRELDEFINESBYPROPERTIES('1wZNFItP2ek8J$vbedA9wR',#6,$,$,(#1335),#1348);
#1352=IFCRELDEFINESBYPROPERTIES('2vs6TWIlV3kj3L1xEINjtB',#6,$,$,(#1335),#1349);
#1353=IFCCARTESIANPOINT((19750.273584565075,-7693.8507991891329,-1500.));
#1354=IFCAXIS2PLACEMENT3D(#1353,#49,#146);
#1355=IFCLOCALPLACEMENT(#24,#1354);
#1356=IFCPRODUCTDEFINITIONSHAPE($,$,(#1365));
#1357=IFCCARTESIANPOINTLIST2D(((-929.14485474026401,-3281.6607854815393),(-418.71037076310182,-3281.6607854815388),(937.9139165763022,3324.3613453165876),(409.94130892706323,3238.9602256464891),(-929.14485474026401,-3281.6607854815393)));
#1358=IFCINDEXEDPOLYCURVE(#1357,$,.F.);
#1359=IFCARBITRARYCLOSEDPROFILEDEF(.AREA.,'Castelnuovo',#1358);
#1360=IFCCARTESIANPOINT((3405.3712070697907,-666.8951805278341,0.));
#1361=IFCDIRECTION((0.32556815445715881,-0.94551857559931607,0.));
#1362=IFCAXIS2PLACEMENT3D(#1360,#49,#1361);
#1363=IFCEXTRUDEDAREASOLID(#1359,#1362,#49,5599.9999999999827);
#1364=IFCSTYLEDITEM(#1363,(#64),$);
#1365=IFCSHAPEREPRESENTATION(#15,'Body','SweptSolid',(#1363));
#1366=IFCWALL('0M1S9S_Qr3IPBMDqinoabk',#6,'Castelnuovo:Castelnuovo:1680661',$,$,#1355,#1356,'1680661',.NOTDEFINED.);
#1367=IFCCARTESIANPOINTLIST2D(((-600.,-599.99999999999966),(600.,-600.00000000000068),(600.,599.99999999999966),(-600.,599.99999999999966),(-600.,-599.99999999999966)));
#1368=IFCINDEXEDPOLYCURVE(#1367,$,.F.);
#1369=IFCARBITRARYCLOSEDPROFILEDEF(.AREA.,$,#1368);
#1370=IFCCARTESIANPOINT((1994.4774134441918,-577.74811633265915,3800.));
#1371=IFCDIRECTION((0.12870878250531753,-0.99168243369840881,0.));
#1372=IFCAXIS2PLACEMENT3D(#1370,#1371,#49);
#1373=IFCEXTRUDEDAREASOLID(#1369,#1372,#49,590.00000000000989);
#1374=IFCSHAPEREPRESENTATION(#15,'Body','SweptSolid',(#1373));
#1375=IFCPRODUCTDEFINITIONSHAPE($,$,(#1374));
#1376=IFCAXIS2PLACEMENT3D(#10,$,$);
#1377=IFCLOCALPLACEMENT(#1355,#1376);
#1378=IFCOPENINGELEMENT('1pcD6Kjq8Vo9OvYddvV4u5',#6,'Castelnuovo',$,$,#1377,#1375,'1702018',.OPENING.);
#1379=IFCQUANTITYLENGTH('Height',$,$,1200.0000000000011,$);
#1380=IFCQUANTITYLENGTH('Width',$,$,1200.,$);
#1381=IFCQUANTITYAREA('Area',$,$,1440000.0000000014,$);
#1382=IFCELEMENTQUANTITY('2Vu6GT1RNRzoTtpMvcwcTY',#6,'Qto_OpeningElementBaseQuantities',$,'BaseQuantities',(#1379,#1380,#1381));
#1383=IFCRELDEFINESBYPROPERTIES('3B9HB8XUIeOIOFpRqAqS6E',#6,$,$,(#1378),#1382);
#1384=IFCRELVOIDSELEMENT('1SKwDmZPXEPB1u5rXLxJB$',#6,$,$,#1366,#1378);
#1385=IFCCARTESIANPOINTLIST2D(((-600.,-599.99999999999966),(600.,-600.),(600.,600.00000000000023),(-600.,600.00000000000023),(-600.,-599.99999999999966)));
#1386=IFCINDEXEDPOLYCURVE(#1385,$,.F.);
#1387=IFCARBITRARYCLOSEDPROFILEDEF(.AREA.,$,#1386);
#1388=IFCCARTESIANPOINT((4738.1000100857755,-221.65798902158241,4500.));
#1389=IFCDIRECTION((0.12870878250531792,-0.99168243369840869,0.));
#1390=IFCAXIS2PLACEMENT3D(#1388,#1389,#49);
#1391=IFCEXTRUDEDAREASOLID(#1387,#1390,#49,590.00000000001251);
#1392=IFCSHAPEREPRESENTATION(#15,'Body','SweptSolid',(#1391));
#1393=IFCPRODUCTDEFINITIONSHAPE($,$,(#1392));
#1394=IFCAXIS2PLACEMENT3D(#10,$,$);
#1395=IFCLOCALPLACEMENT(#1355,#1394);
#1396=IFCOPENINGELEMENT('1jawSegPrRBnYMgcbxWqfm',#6,'Castelnuovo',$,$,#1395,#1393,'1702223',.OPENING.);
#1397=IFCQUANTITYLENGTH('Height',$,$,1200.0000000000005,$);
#1398=IFCQUANTITYLENGTH('Width',$,$,1200.,$);
#1399=IFCQUANTITYAREA('Area',$,$,1440000.0000000005,$);
#1400=IFCELEMENTQUANTITY('0g4QlarQey6UwX7CjW_VAg',#6,'Qto_OpeningElementBaseQuantities',$,'BaseQuantities',(#1397,#1398,#1399));
#1401=IFCRELDEFINESBYPROPERTIES('2vF5189Bx4z3fdwNUn9YKi',#6,$,$,(#1396),#1400);
#1402=IFCRELVOIDSELEMENT('0SBCE0yD7OfxKmfM6hmkFn',#6,$,$,#1366,#1396);
#1403=IFCCARTESIANPOINTLIST2D(((-800.00000000000171,-900.00000000000296),(800.00000000000034,-900.00000000000205),(800.00000000000034,900.00000000000261),(-799.99999999999875,900.00000000000205),(-1700.0000000000011,-5.3693015507731982E-013)));
#1404=IFCINDEXEDPOLYCURVE(#1403,(IFCLINEINDEX((1,2,3,4)),IFCARCINDEX((4,5,1))),.F.);
#1405=IFCARBITRARYCLOSEDPROFILEDEF(.AREA.,$,#1404);
#1406=IFCCARTESIANPOINT((5375.088165486487,-683.51353317995029,2100.));
#1407=IFCDIRECTION((-0.12870878250531712,0.99168243369840881,0.));
#1408=IFCDIRECTION((0.,0.,-1.));
#1409=IFCAXIS2PLACEMENT3D(#1406,#1407,#1408);
#1410=IFCEXTRUDEDAREASOLID(#1405,#1409,#49,1589.9999999999861);
#1411=IFCSHAPEREPRESENTATION(#15,'Body','SweptSolid',(#1410));
#1412=IFCPRODUCTDEFINITIONSHAPE($,$,(#1411));
#1413=IFCAXIS2PLACEMENT3D(#10,$,$);
#1414=IFCLOCALPLACEMENT(#1355,#1413);
#1415=IFCOPENINGELEMENT('3xhyNsz3HhlfpQ85JoSDqX',#6,'Castelnuovo',$,$,#1414,#1412,'1700736',.OPENING.);
#1416=IFCQUANTITYAREA('Area',$,$,4.1527190917921875,$);
#1417=IFCELEMENTQUANTITY('0tc7Y3xpT$GwUoYTUTYWnq',#6,'Qto_OpeningElementBaseQuantities',$,'BaseQuantities',(#1416));
#1418=IFCRELDEFINESBYPROPERTIES('2kpM4FHbR887xvO_xkxkQQ',#6,$,$,(#1415),#1417);
#1419=IFCRELVOIDSELEMENT('0TsHWXR_fERMzAdN_X2QHJ',#6,$,$,#1366,#1415);
#1420=IFCWALLTYPE('0M1S9S_Qr3IPBMDqinoabe',#6,'Castelnuovo:Castelnuovo',$,$,$,$,'1680659',$,.NOTDEFINED.);
#1421=IFCPROPERTYSINGLEVALUE('Reference',$,IFCIDENTIFIER('Castelnuovo'),$);
#1422=IFCPROPERTYSET('0vkeLnyU_ihOb7TOQGphvI',#6,'Pset_EnvironmentalImpactIndicators',$,(#1421));
#1423=IFCPROPERTYSINGLEVALUE('Reference',$,IFCLABEL('Castelnuovo'),$);
#1424=IFCPROPERTYSET('2lkIG9ZjNUAbP9ebRmkBfH',#6,'Pset_ReinforcementBarPitchOfWall',$,(#1423));
#1425=IFCPROPERTYSINGLEVALUE('IsExternal',$,IFCBOOLEAN(.F.),$);
#1426=IFCPROPERTYSET('3UBx$22tXWZx8j5na8piJR',#6,'Pset_WallCommon',$,(#1421,#1425));
#1427=IFCPROPERTYSINGLEVALUE('Reference',$,IFCIDENTIFIER('StoneWindows'),$);
#1428=IFCPROPERTYSET('2AMKv8bFG9qdcOJUvDUZWq',#6,'Pset_EnvironmentalImpactIndicators',$,(#1427));
#1429=IFCPROPERTYSET('1xGyfSw1R2eRQw_sC1ltah',#6,'Pset_OpeningElementCommon',$,(#1427));
#1430=IFCPROPERTYSET('0kDe_tlN$NPNdTn573CJfd',#6,'Pset_EnvironmentalImpactIndicators',$,(#1427));
#1431=IFCPROPERTYSET('1VhWIt1ct2VgN57xe5nyBu',#6,'Pset_OpeningElementCommon',$,(#1427));
#1432=IFCPROPERTYSINGLEVALUE('Reference',$,IFCIDENTIFIER('simple_arch_door'),$);
#1433=IFCPROPERTYSET('1kTN87IOFuv3$dVqdykPVk',#6,'Pset_EnvironmentalImpactIndicators',$,(#1432));
#1434=IFCPROPERTYSET('13kjJZZ70OEQG1$OBjj2xG',#6,'Pset_OpeningElementCommon',$,(#1432));
#1435=IFCRELDEFINESBYPROPERTIES('1YfT8yob28w4WM7q$0DsqD',#6,$,$,(#1366),#1422);
#1436=IFCRELDEFINESBYPROPERTIES('0kErwqdPTgFh8B7o7gTyY4',#6,$,$,(#1366),#1424);
#1437=IFCRELDEFINESBYPROPERTIES('3B4uhZu6_Ne2Wwq3eRf_Pf',#6,$,$,(#1366),#1426);
#1438=IFCRELDEFINESBYPROPERTIES('219b_hYC5oyZtq8mLl69W8',#6,$,$,(#1378),#1428);
#1439=IFCRELDEFINESBYPROPERTIES('1ECLnt8sDZKXsqGElR_JCd',#6,$,$,(#1378),#1429);
#1440=IFCRELDEFINESBYPROPERTIES('3EBKDyKIR$jzE9fYWd$rsZ',#6,$,$,(#1396),#1430);
#1441=IFCRELDEFINESBYPROPERTIES('0kj52N00Sfl3bti9oV4_40',#6,$,$,(#1396),#1431);
#1442=IFCRELDEFINESBYPROPERTIES('2YVixXYp1iT2VYaiVxD$fQ',#6,$,$,(#1415),#1433);
#1443=IFCRELDEFINESBYPROPERTIES('3CIzcLf6iGKSLr7blXRi8f',#6,$,$,(#1415),#1434);
#1444=IFCQUANTITYVOLUME('NetVolume','',$,15.244647895956199,$);
#1445=IFCELEMENTQUANTITY('27ewytwF2MD0NuBAQMB7AG',#6,'Qto_WallBaseQuantities',$,'BaseQuantities',(#1444));
#1446=IFCRELDEFINESBYPROPERTIES('0ydRQTsBbXXCZqsdguXifu',#6,$,$,(#1366),#1445);
#1447=IFCCARTESIANPOINT((11890.548620030942,-2536.8481672066355,0.));
#1448=IFCDIRECTION((0.31571582075227245,-0.94885379301909256,0.));
#1449=IFCAXIS2PLACEMENT3D(#1447,#49,#1448);
#1450=IFCLOCALPLACEMENT(#28,#1449);
#1451=IFCCARTESIANPOINTLIST3D(((-2.7071678232459818E-013,-8.1215034697379459E-013,0.),(7716.8746236492261,-1.6243006939475892E-012,0.)));
#1452=IFCINDEXEDPOLYCURVE(#1451,$,.F.);
#1453=IFCSHAPEREPRESENTATION(#14,'Axis','Curve3D',(#1452));
#1454=IFCPRODUCTDEFINITIONSHAPE($,$,(#1453,#1461));
#1455=IFCCARTESIANPOINTLIST2D(((7716.874623649227,-250.00000000000111),(7711.6736397408804,249.99999999999974),(5.0759396685862157E-013,249.99999999999872),(3.4685587735339144E-013,-250.00000000000128),(7716.874623649227,-250.00000000000111)));
#1456=IFCINDEXEDPOLYCURVE(#1455,$,.F.);
#1457=IFCARBITRARYCLOSEDPROFILEDEF(.AREA.,$,#1456);
#1458=IFCAXIS2PLACEMENT3D(#10,$,$);
#1459=IFCEXTRUDEDAREASOLID(#1457,#1458,#49,3500.0000000001683);
#1460=IFCSTYLEDITEM(#1459,(#64),$);
#1461=IFCSHAPEREPRESENTATION(#15,'Body','SweptSolid',(#1459));
#1462=IFCWALL('37gWW_uGL459BrbCF$MAq8',#6,'Basic Wall:Castelnuovo_typeA:1682705',$,$,#1450,#1454,'1682705',.NOTDEFINED.);
#1463=IFCQUANTITYLENGTH('Height',$,$,3500.0000000001683,$);
#1464=IFCQUANTITYLENGTH('Length',$,$,7716.874623649227,$);
#1465=IFCQUANTITYLENGTH('Width',$,$,500.00000000000006,$);
#1466=IFCQUANTITYAREA('GrossFootprintArea',$,$,3.8571370658475299,$);
#1467=IFCQUANTITYVOLUME('GrossVolume',$,$,13.504530591386796,$);
#1468=IFCQUANTITYAREA('GrossSideArea',$,$,13.504530591386796,$);
#1469=IFCQUANTITYAREA('NetSideArea',$,$,27.009061182773586,$);
#1470=IFCQUANTITYVOLUME('NetVolume',$,$,13.499979730467,$);
#1471=IFCELEMENTQUANTITY('0wSRELVX6K5_r$By$j3AyQ',#6,'Qto_WallBaseQuantities',$,'BaseQuantities',(#1463,#1464,#1465,#1466,#1467,#1468,#1469,#1470));
#1472=IFCRELDEFINESBYPROPERTIES('0TJnygmA2xITpB7VpyeYh6',#6,$,$,(#1462),#1471);
#1473=IFCPROPERTYSET('1OO7fadQXxqYQjITqXY5YM',#6,'Pset_EnvironmentalImpactIndicators',$,(#80));
#1474=IFCPROPERTYSINGLEVALUE('Reference',$,IFCLABEL('Castelnuovo_typeA'),$);
#1475=IFCPROPERTYSET('2Bg5$nisqBooNE42K4u3Xa',#6,'Pset_ReinforcementBarPitchOfWall',$,(#1474));
#1476=IFCPROPERTYSET('0oaOfNeJGAzfJZ2CKYt2sp',#6,'Pset_WallCommon',$,(#80,#84,#85,#140));
#1477=IFCRELDEFINESBYPROPERTIES('1E71FDLb6nKLAQYDqLxx3s',#6,$,$,(#1462),#1473);
#1478=IFCRELDEFINESBYPROPERTIES('2s27cD3gHMzpQGMFNiOc6T',#6,$,$,(#1462),#1475);
#1479=IFCRELDEFINESBYPROPERTIES('0DfffcOFZVsR1T5rpzV1wJ',#6,$,$,(#1462),#1476);
#1480=IFCCARTESIANPOINT((6253.026350501952,7455.0449953661391,0.));
#1481=IFCDIRECTION((0.88140092832803951,0.47236892736765629,0.));
#1482=IFCAXIS2PLACEMENT3D(#1480,#49,#1481);
#1483=IFCLOCALPLACEMENT(#28,#1482);
#1484=IFCCARTESIANPOINTLIST3D(((0.,0.,0.),(7212.0660127070778,-1.0828671292983927E-012,0.)));
#1485=IFCINDEXEDPOLYCURVE(#1484,$,.F.);
#1486=IFCSHAPEREPRESENTATION(#14,'Axis','Curve3D',(#1485));
#1487=IFCPRODUCTDEFINITIONSHAPE($,$,(#1486,#1509));
#1488=IFCCARTESIANPOINTLIST2D(((7212.066012707076,249.99999999999949),(6.5987215691620808E-013,250.00000000000023),(-6.5987215691620808E-013,-250.00000000000023),(7212.0660127070751,-250.00000000000057),(7212.066012707076,249.99999999999949)));
#1489=IFCINDEXEDPOLYCURVE(#1488,$,.F.);
#1490=IFCARBITRARYCLOSEDPROFILEDEF(.AREA.,$,#1489);
#1491=IFCAXIS2PLACEMENT3D(#10,$,$);
#1492=IFCEXTRUDEDAREASOLID(#1490,#1491,#49,3500.0000000001683);
#1493=IFCSTYLEDITEM(#1492,(#1091),$);
#1494=IFCCOLOURRGBLIST(((0.,0.80784313725490198,0.40392156862745099)));
#1495=IFCINDEXEDPOLYGONALFACEWITHVOIDS((1,2,3,4,5,6,7,8),((9,10,11,12)));
#1496=IFCINDEXEDPOLYGONALFACEWITHVOIDS((13,14,15,16),((17,18,19,20)));
#1497=IFCINDEXEDPOLYGONALFACE((4,3,2,1,13,16));
#1498=IFCINDEXEDPOLYGONALFACE((8,7,6,5,15,14));
#1499=IFCINDEXEDPOLYGONALFACE((1,8,14,13));
#1500=IFCINDEXEDPOLYGONALFACE((5,4,16,15));
#1501=IFCINDEXEDPOLYGONALFACE((10,9,17,20));
#1502=IFCINDEXEDPOLYGONALFACE((11,10,20,19));
#1503=IFCINDEXEDPOLYGONALFACE((12,11,19,18));
#1504=IFCINDEXEDPOLYGONALFACE((9,12,18,17));
#1505=IFCCARTESIANPOINTLIST3D(((2.1657342585967854E-012,-250.00000000000057,5.4143356464919636E-013),(500.00000000000222,-250.00000000000057,0.),(6712.0660127070732,-249.99999999999949,0.),(7212.066012707076,-250.00000000000057,5.4143356464919636E-013),(7212.066012707076,-250.00000000000057,3500.0000000001683),(6712.0660127070732,-249.99999999999949,3500.0000000001683),(500.00000000000222,-250.00000000000057,3500.0000000001683),(2.1657342585967854E-012,-250.00000000000057,3500.0000000001683),(2099.9999999999995,-249.99999999999949,1500.),(2099.9999999999995,-249.99999999999949,3000.),(3299.9999999999991,-250.00000000000057,3000.),(3299.9999999999991,-250.00000000000057,1500.),(5.4143356464919636E-013,249.99999999999838,5.4143356464919636E-013),(1.6243006939475892E-012,250.00000000000057,3500.0000000001683),(7212.0660127070723,249.99999999999838,3500.0000000001683),(7212.0660127070723,249.99999999999838,5.4143356464919636E-013),(2099.9999999999982,250.00000000000057,1500.),(3299.9999999999986,250.00000000000057,1500.),(3299.9999999999986,250.00000000000057,3000.),(2099.9999999999982,250.00000000000057,3000.)));
#1506=IFCPOLYGONALFACESET(#1505,.T.,(#1495,#1496,#1497,#1498,#1499,#1500,#1501,#1502,#1503,#1504),$);
#1507=IFCINDEXEDCOLOURMAP(#1506,1.,#1494,(1,1,1,1,1,1,1,1,1,1));
#1508=IFCSTYLEDITEM(#1506,(#1091),$);
#1509=IFCSHAPEREPRESENTATION(#15,'Body','Tessellation',(#1506));
#1510=IFCWALL('3c8HC29$17vfNgcUAdeh3J',#6,'Basic Wall:Castelnuovo_typeC:1683056',$,$,#1483,#1487,'1683056',.NOTDEFINED.);
#1511=IFCQUANTITYLENGTH('Height',$,$,3500.0000000001683,$);
#1512=IFCQUANTITYLENGTH('Length',$,$,7212.0660127070751,$);
#1513=IFCQUANTITYLENGTH('Width',$,$,500.00000000000006,$);
#1514=IFCQUANTITYAREA('GrossFootprintArea',$,$,3.6060330063535373,$);
#1515=IFCQUANTITYVOLUME('GrossVolume',$,$,12.621115522237988,$);
#1516=IFCQUANTITYAREA('GrossSideArea',$,$,12.621115522237988,$);
#1517=IFCQUANTITYAREA('NetSideArea',$,$,23.442231044475971,$);
#1518=IFCQUANTITYVOLUME('NetVolume',$,$,11.721115522237994,$);
#1519=IFCELEMENTQUANTITY('19vsZW3vDbqTuzZ$G7$d8G',#6,'Qto_WallBaseQuantities',$,'BaseQuantities',(#1511,#1512,#1513,#1514,#1515,#1516,#1517,#1518));
#1520=IFCRELDEFINESBYPROPERTIES('2wJSHUadvXEGEeQ4Al8yUk',#6,$,$,(#1510),#1519);
#1521=IFCPROPERTYSET('15X8aI$72ifBYIGEAC7hDC',#6,'Pset_EnvironmentalImpactIndicators',$,(#1143));
#1522=IFCPROPERTYSINGLEVALUE('Reference',$,IFCLABEL('Castelnuovo_typeC'),$);
#1523=IFCPROPERTYSET('2pMsh9tBnxNKDIWt9JxutK',#6,'Pset_ReinforcementBarPitchOfWall',$,(#1522));
#1524=IFCPROPERTYSET('1WInnJUmKA8GgFvAFVcY1H',#6,'Pset_WallCommon',$,(#84,#85,#140,#1143));
#1525=IFCRELDEFINESBYPROPERTIES('2j6ZzDtauaQ$0taJbRcXmb',#6,$,$,(#1510),#1521);
#1526=IFCRELDEFINESBYPROPERTIES('39CuMHxD$gTbM_5zsPQeHJ',#6,$,$,(#1510),#1523);
#1527=IFCRELDEFINESBYPROPERTIES('1uYhE1rFAs6EROITyHDzdz',#6,$,$,(#1510),#1524);
#1528=IFCCARTESIANPOINT((8553.2030039271267,3692.3549989006269,0.));
#1529=IFCDIRECTION((-0.47236892736765773,0.88140092832803885,0.));
#1530=IFCAXIS2PLACEMENT3D(#1528,#49,#1529);
#1531=IFCLOCALPLACEMENT(#28,#1530);
#1532=IFCCARTESIANPOINTLIST3D(((0.,0.,0.),(4152.9704344299053,-5.4143356464919636E-013,0.)));
#1533=IFCINDEXEDPOLYCURVE(#1532,$,.F.);
#1534=IFCSHAPEREPRESENTATION(#14,'Axis','Curve3D',(#1533));
#1535=IFCPRODUCTDEFINITIONSHAPE($,$,(#1534,#1553));
#1536=IFCCARTESIANPOINTLIST2D(((4152.9704344299043,-250.00000000000082),(4152.9704344299053,249.9999999999992),(1.0321077326125305E-012,249.99999999999901),(-1.0151879337172432E-013,-250.00000000000074),(500.00000000000091,-250.00000000000065),(4152.9704344299043,-250.00000000000082)));
#1537=IFCINDEXEDPOLYCURVE(#1536,$,.F.);
#1538=IFCARBITRARYCLOSEDPROFILEDEF(.AREA.,$,#1537);
#1539=IFCAXIS2PLACEMENT3D(#10,$,$);
#1540=IFCEXTRUDEDAREASOLID(#1538,#1539,#49,3500.0000000001683);
#1541=IFCSTYLEDITEM(#1540,(#1091),$);
#1542=IFCCOLOURRGBLIST(((0.,0.80784313725490198,0.40392156862745099)));
#1543=IFCINDEXEDPOLYGONALFACE((1,2,3,4,5,6));
#1544=IFCINDEXEDPOLYGONALFACE((7,8,9,10));
#1545=IFCINDEXEDPOLYGONALFACE((3,2,1,7,10));
#1546=IFCINDEXEDPOLYGONALFACE((6,5,4,9,8));
#1547=IFCINDEXEDPOLYGONALFACE((4,3,10,9));
#1548=IFCINDEXEDPOLYGONALFACE((1,6,8,7));
#1549=IFCCARTESIANPOINTLIST3D(((0.,-250.00000000000165,5.4143356464919636E-013),(500.00000000000057,-250.00000000000111,0.),(4152.9704344299053,-250.00000000000111,5.4143356464919636E-013),(4152.9704344299053,-250.00000000000111,3500.0000000001683),(500.00000000000057,-250.00000000000111,3500.0000000001683),(0.,-250.00000000000165,3500.0000000001683),(2.1657342585967854E-012,249.9999999999992,5.4143356464919636E-013),(5.4143356464919636E-013,250.00000000000003,3500.0000000001683),(4152.9704344299053,249.99999999999838,3500.0000000001683),(4152.9704344299053,249.99999999999838,5.4143356464919636E-013)));
#1550=IFCPOLYGONALFACESET(#1549,.T.,(#1543,#1544,#1545,#1546,#1547,#1548),$);
#1551=IFCINDEXEDCOLOURMAP(#1550,1.,#1542,(1,1,1,1,1,1));
#1552=IFCSTYLEDITEM(#1550,(#1091),$);
#1553=IFCSHAPEREPRESENTATION(#15,'Body','Tessellation',(#1550));
#1554=IFCWALL('3c8HC29$17vfNgcUAdeh3I',#6,'Basic Wall:Castelnuovo_typeC:1683057',$,$,#1531,#1535,'1683057',.NOTDEFINED.);
#1555=IFCAXIS2PLACEMENT3D(#10,$,$);
#1557=IFCCARTESIANPOINTLIST2D(((-249.99999999999881,-1100.),(250.00000000000077,-1100.),(250.00000000000077,1100.0000000000011),(-249.99999999999881,1100.0000000000011),(-249.99999999999881,-1100.)));
#1558=IFCINDEXEDPOLYCURVE(#1557,$,.F.);
#1559=IFCARBITRARYCLOSEDPROFILEDEF(.AREA.,'DoorV2',#1558);
#1560=IFCCARTESIANPOINT((250.,-2050.,4600.));
#1561=IFCDIRECTION((1.,0.,0.));
#1562=IFCAXIS2PLACEMENT3D(#1560,#146,#1561);
#1563=IFCEXTRUDEDAREASOLID(#1559,#1562,#49,1199.9999999999843);
#1564=IFCSHAPEREPRESENTATION(#15,'Body','SweptSolid',(#1563));
#1565=IFCPRODUCTDEFINITIONSHAPE($,$,(#1564));
#1566=IFCAXIS2PLACEMENT3D(#10,$,$);
#1567=IFCLOCALPLACEMENT(#1531,#1566);
#1568=IFCOPENINGELEMENT('1fd4BeeoCyvx$OXPBDOvSt',#6,'Basic Wall:Castelnuovo_typeC:1683057',$,$,#1567,#1565,'1765621',.OPENING.);
#1569=IFCQUANTITYLENGTH('Depth',$,$,1199.9999999999845,$);
#1570=IFCQUANTITYLENGTH('Height',$,$,2200.0000000000014,$);
#1571=IFCQUANTITYLENGTH('Width',$,$,500.00000000000006,$);
#1572=IFCQUANTITYAREA('Area',$,$,1.0999999999999996,$);
#1573=IFCQUANTITYVOLUME('Volume',$,$,1319.9999999999825,$);
#1574=IFCELEMENTQUANTITY('1hgBjeOSe$_rRf8Sjk3y$1',#6,'Qto_OpeningElementBaseQuantities',$,'BaseQuantities',(#1569,#1570,#1571,#1572,#1573));
#1575=IFCRELDEFINESBYPROPERTIES('2H_2SoOpQ6r3DdaAa0PEcF',#6,$,$,(#1568),#1574);
#1576=IFCRELVOIDSELEMENT('0Tvd6ZE_75aQq9QTsPKb_c',#6,$,$,#1554,#1568);
#1577=IFCQUANTITYLENGTH('Height',$,$,3500.0000000001683,$);
#1578=IFCQUANTITYLENGTH('Length',$,$,4152.9704344299053,$);
#1579=IFCQUANTITYLENGTH('Width',$,$,500.00000000000006,$);
#1580=IFCQUANTITYAREA('GrossFootprintArea',$,$,2.0764852172149513,$);
#1581=IFCQUANTITYVOLUME('GrossVolume',$,$,7.2676982602526836,$);
#1582=IFCQUANTITYAREA('GrossSideArea',$,$,7.2676982602526836,$);
#1583=IFCQUANTITYAREA('NetSideArea',$,$,14.535396520505364,$);
#1584=IFCQUANTITYVOLUME('NetVolume',$,$,7.2676982602526836,$);
#1585=IFCELEMENTQUANTITY('3MLlPL3tIhgAcK8Oeq58py',#6,'Qto_WallBaseQuantities',$,'BaseQuantities',(#1577,#1578,#1579,#1580,#1581,#1582,#1583,#1584));
#1586=IFCRELDEFINESBYPROPERTIES('3tdnFkejhHG6KXNwowjez6',#6,$,$,(#1554),#1585);
#1587=IFCPROPERTYSET('3ncKDdVkA5LPtE_sXdkDmk',#6,'Pset_EnvironmentalImpactIndicators',$,(#1143));
#1588=IFCPROPERTYSINGLEVALUE('Reference',$,IFCLABEL('Castelnuovo_typeC'),$);
#1589=IFCPROPERTYSET('1aklx6MTMrZO9vrcdJthfO',#6,'Pset_ReinforcementBarPitchOfWall',$,(#1588));
#1590=IFCPROPERTYSET('2tz43Q4Lgr2nkZgaCxmb_7',#6,'Pset_WallCommon',$,(#84,#85,#140,#1143));
#1591=IFCPROPERTYSET('3o5WO2UvLC9jowkY5POkbF',#6,'Pset_EnvironmentalImpactIndicators',$,(#403));
#1592=IFCPROPERTYSET('10GOjXlexsQ8xT0_Zfqhn0',#6,'Pset_OpeningElementCommon',$,(#403));
#1593=IFCRELDEFINESBYPROPERTIES('06$ssqpWME9mt_NPkbiG0x',#6,$,$,(#1554),#1587);
#1594=IFCRELDEFINESBYPROPERTIES('03_g74ptcf2tiHhnqsYtJK',#6,$,$,(#1554),#1589);
#1595=IFCRELDEFINESBYPROPERTIES('2h$QqqBEGYkc$HbcxblHTm',#6,$,$,(#1554),#1590);
#1596=IFCRELDEFINESBYPROPERTIES('2iSivxDCpGLI9bIMaxDIuM',#6,$,$,(#1568),#1591);
#1597=IFCRELDEFINESBYPROPERTIES('2PgQzMPLYYN8nfX3iyM_hS',#6,$,$,(#1568),#1592);
#1598=IFCCARTESIANPOINT((8655.4610041672204,4030.7974628245506,0.));
#1599=IFCDIRECTION((0.88140092832803951,0.47236892736765623,0.));
#1600=IFCAXIS2PLACEMENT3D(#1598,#49,#1599);
#1601=IFCLOCALPLACEMENT(#28,#1600);
#1602=IFCCARTESIANPOINTLIST3D(((2.7071678232459818E-013,0.,0.),(6712.0660127070714,-2.1657342585967854E-012,0.)));
#1603=IFCINDEXEDPOLYCURVE(#1602,$,.F.);
#1604=IFCSHAPEREPRESENTATION(#14,'Axis','Curve3D',(#1603));
#1605=IFCPRODUCTDEFINITIONSHAPE($,$,(#1604,#1623));
#1606=IFCCARTESIANPOINTLIST2D(((6712.0660127070732,-250.00000000000057),(6712.0660127070723,250.00000000000003),(6212.0660127070742,250.00000000000003),(6.4295235802092064E-013,250.00000000000023),(1.7765788840051755E-012,-250.00000000000026),(6712.0660127070732,-250.00000000000057)));
#1607=IFCINDEXEDPOLYCURVE(#1606,$,.F.);
#1608=IFCARBITRARYCLOSEDPROFILEDEF(.AREA.,$,#1607);
#1609=IFCAXIS2PLACEMENT3D(#10,$,$);
#1610=IFCEXTRUDEDAREASOLID(#1608,#1609,#49,3500.0000000001683);
#1611=IFCSTYLEDITEM(#1610,(#1091),$);
#1612=IFCCOLOURRGBLIST(((0.,0.80784313725490198,0.40392156862745099)));
#1613=IFCINDEXEDPOLYGONALFACE((1,2,3,4));
#1614=IFCINDEXEDPOLYGONALFACE((5,6,7,8,9,10));
#1615=IFCINDEXEDPOLYGONALFACE((2,1,7,6,5));
#1616=IFCINDEXEDPOLYGONALFACE((4,3,10,9,8));
#1617=IFCINDEXEDPOLYGONALFACE((2,5,10,3));
#1618=IFCINDEXEDPOLYGONALFACE((1,4,8,7));
#1619=IFCCARTESIANPOINTLIST3D(((1.8950174762721871E-012,-250.00000000000111,5.4143356464919636E-013),(6712.066012707076,-249.99999999999949,5.4143356464919636E-013),(6712.0660127070742,-250.00000000000057,3500.0000000001683),(2.1657342585967854E-012,-250.00000000000057,3500.0000000001683),(6712.0660127070723,250.00000000000057,5.4143356464919636E-013),(6212.0660127070742,249.99999999999949,0.),(0.,249.99999999999949,5.4143356464919636E-013),(0.,249.99999999999949,3500.0000000001683),(6212.0660127070742,249.99999999999949,3500.0000000001683),(6712.0660127070723,250.00000000000057,3500.0000000001683)));
#1620=IFCPOLYGONALFACESET(#1619,.T.,(#1613,#1614,#1615,#1616,#1617,#1618),$);
#1621=IFCINDEXEDCOLOURMAP(#1620,1.,#1612,(1,1,1,1,1,1));
#1622=IFCSTYLEDITEM(#1620,(#1091),$);
#1623=IFCSHAPEREPRESENTATION(#15,'Body','Tessellation',(#1620));
#1624=IFCWALL('3c8HC29$17vfNgcUAdeh3H',#6,'Basic Wall:Castelnuovo_typeC:1683058',$,$,#1601,#1605,'1683058',.NOTDEFINED.);
#1625=IFCAXIS2PLACEMENT3D(#10,$,$);
#1627=IFCCARTESIANPOINTLIST2D(((-249.99999999999832,-750.00000000000057),(250.00000000000077,-750.00000000000057),(250.00000000000077,749.99999999999955),(-249.99999999999832,749.99999999999955),(-249.99999999999832,-750.00000000000057)));
#1628=IFCINDEXEDPOLYCURVE(#1627,$,.F.);
#1629=IFCARBITRARYCLOSEDPROFILEDEF(.AREA.,'BrickWindow',#1628);
#1630=IFCCARTESIANPOINT((6462.0660127070742,465.65390758865743,2250.));
#1631=IFCAXIS2PLACEMENT3D(#1630,#146,#506);
#1632=IFCEXTRUDEDAREASOLID(#1629,#1631,#49,999.99999999999773);
#1633=IFCSHAPEREPRESENTATION(#15,'Body','SweptSolid',(#1632));
#1634=IFCPRODUCTDEFINITIONSHAPE($,$,(#1633));
#1635=IFCAXIS2PLACEMENT3D(#10,$,$);
#1636=IFCLOCALPLACEMENT(#1601,#1635);
#1637=IFCOPENINGELEMENT('14v6W9Sf94MBFkzvy_U7pi',#6,'Basic Wall:Castelnuovo_typeC:1683058',$,$,#1636,#1634,'1711823',.OPENING.);
#1638=IFCQUANTITYLENGTH('Depth',$,$,999.99999999999795,$);
#1639=IFCQUANTITYLENGTH('Height',$,$,1500.,$);
#1640=IFCQUANTITYLENGTH('Width',$,$,499.99999999999909,$);
#1641=IFCQUANTITYAREA('Area',$,$,0.74999999999999878,$);
#1642=IFCQUANTITYVOLUME('Volume',$,$,749.99999999999727,$);
#1643=IFCELEMENTQUANTITY('3PUrYZyMFpCFid5O1u1R4D',#6,'Qto_OpeningElementBaseQuantities',$,'BaseQuantities',(#1638,#1639,#1640,#1641,#1642));
#1644=IFCRELDEFINESBYPROPERTIES('2J8StVZMM2Jh838jwyM7tL',#6,$,$,(#1637),#1643);
#1645=IFCRELVOIDSELEMENT('1zbqZRz6GWGdmy5k9s9KiF',#6,$,$,#1624,#1637);
#1646=IFCAXIS2PLACEMENT3D(#10,$,$);
#1648=IFCCARTESIANPOINTLIST2D(((-1100.,-599.99999999999386),(1100.0000000000011,-599.99999999999648),(1100.0000000000011,599.9999999999917),(-1100.,599.99999999999409),(-1100.,-599.99999999999386)));
#1649=IFCINDEXEDPOLYCURVE(#1648,$,.F.);
#1650=IFCARBITRARYCLOSEDPROFILEDEF(.AREA.,'DoorV2',#1649);
#1651=IFCCARTESIANPOINT((1200.,-1274.,4600.));
#1652=IFCAXIS2PLACEMENT3D(#1651,#146,#49);
#1653=IFCEXTRUDEDAREASOLID(#1650,#1652,#49,3048.);
#1654=IFCSHAPEREPRESENTATION(#15,'Body','SweptSolid',(#1653));
#1655=IFCPRODUCTDEFINITIONSHAPE($,$,(#1654));
#1656=IFCAXIS2PLACEMENT3D(#10,$,$);
#1657=IFCLOCALPLACEMENT(#1601,#1656);
#1658=IFCOPENINGELEMENT('2uuRMObnC9$4yncD6P$cU7',#6,'Basic Wall:Castelnuovo_typeC:1683058',$,$,#1657,#1655,'1765621',.OPENING.);
#1659=IFCQUANTITYLENGTH('Depth',$,$,3048.,$);
#1660=IFCQUANTITYLENGTH('Height',$,$,2200.0000000000014,$);
#1661=IFCQUANTITYLENGTH('Width',$,$,1199.9999999999854,$);
#1662=IFCQUANTITYAREA('Area',$,$,2.6399999999999726,$);
#1663=IFCQUANTITYVOLUME('Volume',$,$,8046.7199999999166,$);
#1664=IFCELEMENTQUANTITY('33Z7k4C6IyDrYXxOOoT2sw',#6,'Qto_OpeningElementBaseQuantities',$,'BaseQuantities',(#1659,#1660,#1661,#1662,#1663));
#1665=IFCRELDEFINESBYPROPERTIES('3KDfsAqHpOrN7xnl2yo2ly',#6,$,$,(#1658),#1664);
#1666=IFCRELVOIDSELEMENT('0Yatajt7_7aYRP8EIqWxl6',#6,$,$,#1624,#1658);
#1667=IFCQUANTITYLENGTH('Height',$,$,3500.0000000001683,$);
#1668=IFCQUANTITYLENGTH('Length',$,$,6712.0660127070732,$);
#1669=IFCQUANTITYLENGTH('Width',$,$,500.00000000000006,$);
#1670=IFCQUANTITYAREA('GrossFootprintArea',$,$,3.3560330063535293,$);
#1671=IFCQUANTITYVOLUME('GrossVolume',$,$,11.746115522237941,$);
#1672=IFCQUANTITYAREA('GrossSideArea',$,$,11.746115522237941,$);
#1673=IFCQUANTITYAREA('NetSideArea',$,$,23.492231044475883,$);
#1674=IFCQUANTITYVOLUME('NetVolume',$,$,11.746115522237941,$);
#1675=IFCELEMENTQUANTITY('17dDMcMngoGublRHzi78nK',#6,'Qto_WallBaseQuantities',$,'BaseQuantities',(#1667,#1668,#1669,#1670,#1671,#1672,#1673,#1674));
#1676=IFCRELDEFINESBYPROPERTIES('3SKokgz6tif_RY1hyS1$jH',#6,$,$,(#1624),#1675);
#1677=IFCPROPERTYSET('3QGU5C4OKBRkVoi0LySjlN',#6,'Pset_EnvironmentalImpactIndicators',$,(#1143));
#1678=IFCPROPERTYSINGLEVALUE('Reference',$,IFCLABEL('Castelnuovo_typeC'),$);
#1679=IFCPROPERTYSET('0g_HTbOEP4y7mAT1dCboJN',#6,'Pset_ReinforcementBarPitchOfWall',$,(#1678));
#1680=IFCPROPERTYSET('2Y_XT8Kq5PU2Bx6i_QYNrB',#6,'Pset_WallCommon',$,(#84,#85,#140,#1143));
#1681=IFCPROPERTYSET('3ElNQEGd2pjb2xbytYVWbN',#6,'Pset_EnvironmentalImpactIndicators',$,(#1148));
#1682=IFCPROPERTYSET('0TyAek337nv4eucutSdbVo',#6,'Pset_OpeningElementCommon',$,(#1148));
#1683=IFCPROPERTYSET('274cDp9bc6Tqy9g11vfwy5',#6,'Pset_EnvironmentalImpactIndicators',$,(#403));
#1684=IFCPROPERTYSET('1Mzq6Z1ji4r6kJhJ58LJ$k',#6,'Pset_OpeningElementCommon',$,(#403));
#1685=IFCRELDEFINESBYPROPERTIES('2GxIYcZMNnZ181wexKgiOe',#6,$,$,(#1624),#1677);
#1686=IFCRELDEFINESBYPROPERTIES('1Q2ir7eqcf6IoDHtLCWaVn',#6,$,$,(#1624),#1679);
#1687=IFCRELDEFINESBYPROPERTIES('1TBNRT29UbeZcwQcuTEgY7',#6,$,$,(#1624),#1680);
#1688=IFCRELDEFINESBYPROPERTIES('0LzF$2hCc2uAUNcf_7$e8z',#6,$,$,(#1637),#1681);
#1689=IFCRELDEFINESBYPROPERTIES('3kOoU$tEGJ_panVi4XxPYW',#6,$,$,(#1637),#1682);
#1690=IFCRELDEFINESBYPROPERTIES('0wvMmX6GreXEM_dx02ccW3',#6,$,$,(#1658),#1683);
#1691=IFCRELDEFINESBYPROPERTIES('26nxkVekjN5v_oq2TWpFGg',#6,$,$,(#1658),#1684);
#1692=IFCCARTESIANPOINT((14233.039754842395,7303.6268859079883,0.));
#1693=IFCDIRECTION((-0.4723689273676574,0.88140092832803896,0.));
#1694=IFCAXIS2PLACEMENT3D(#1692,#49,#1693);
#1695=IFCLOCALPLACEMENT(#28,#1694);
#1696=IFCCARTESIANPOINTLIST3D(((0.,1.0828671292983927E-012,0.),(3652.9704344299057,-1.0828671292983927E-012,0.)));
#1697=IFCINDEXEDPOLYCURVE(#1696,$,.F.);
#1698=IFCSHAPEREPRESENTATION(#14,'Axis','Curve3D',(#1697));
#1699=IFCPRODUCTDEFINITIONSHAPE($,$,(#1698,#1725));
#1700=IFCCARTESIANPOINTLIST2D(((3652.9704344299057,250.0000000000019),(0.,250.00000000000074),(0.,-250.00000000000074),(3652.9704344299062,-249.99999999999949),(3652.9704344299057,250.0000000000019)));
#1701=IFCINDEXEDPOLYCURVE(#1700,$,.F.);
#1702=IFCARBITRARYCLOSEDPROFILEDEF(.AREA.,$,#1701);
#1703=IFCAXIS2PLACEMENT3D(#10,$,$);
#1704=IFCEXTRUDEDAREASOLID(#1702,#1703,#49,3500.0000000001683);
#1705=IFCSTYLEDITEM(#1704,(#1091),$);
#1706=IFCCOLOURRGBLIST(((0.,0.80784313725490198,0.40392156862745099)));
#1707=IFCINDEXEDPOLYGONALFACEWITHVOIDS((1,2,3,4),((5,6,7,8),(9,10,11,12)));
#1708=IFCINDEXEDPOLYGONALFACEWITHVOIDS((13,14,15,16),((17,18,19,20),(21,22,23,24)));
#1709=IFCINDEXEDPOLYGONALFACE((2,1,14,13));
#1710=IFCINDEXEDPOLYGONALFACE((4,3,16,15));
#1711=IFCINDEXEDPOLYGONALFACE((2,13,16,3));
#1712=IFCINDEXEDPOLYGONALFACE((14,1,4,15));
#1713=IFCINDEXEDPOLYGONALFACE((18,17,6,5));
#1714=IFCINDEXEDPOLYGONALFACE((19,18,5,8));
#1715=IFCINDEXEDPOLYGONALFACE((20,19,8,7));
#1716=IFCINDEXEDPOLYGONALFACE((17,20,7,6));
#1717=IFCINDEXEDPOLYGONALFACE((21,10,9,22));
#1718=IFCINDEXEDPOLYGONALFACE((22,9,12,23));
#1719=IFCINDEXEDPOLYGONALFACE((23,12,11,24));
#1720=IFCINDEXEDPOLYGONALFACE((10,21,24,11));
#1721=IFCCARTESIANPOINTLIST3D(((1.0828671292983927E-012,-249.9999999999973,5.4143356464919636E-013),(3652.9704344299034,-249.99999999999949,5.4143356464919636E-013),(3652.9704344299034,-249.99999999999949,3500.0000000001683),(1.0828671292983927E-012,-249.9999999999973,3500.0000000001683),(3252.9704344299066,-249.99999999999838,3000.),(3252.9704344299066,-249.99999999999838,1500.),(2252.9704344299075,-249.99999999999838,1500.),(2252.9704344299075,-249.99999999999838,3000.),(1215.6539075886558,-249.99999999999784,3000.),(1215.6539075886558,-249.99999999999784,1500.),(215.65390758865797,-249.99999999999892,1500.),(215.65390758865797,-249.99999999999892,3000.),(3652.9704344299043,250.00000000000057,5.4143356464919636E-013),(1.0828671292983927E-012,250.00000000000273,5.4143356464919636E-013),(0.,250.00000000000327,3500.0000000001683),(3652.9704344299057,250.00000000000273,3500.0000000001683),(3252.9704344299089,250.00000000000111,1500.),(3252.9704344299089,250.00000000000111,3000.),(2252.9704344299089,249.99999999999892,3000.),(2252.9704344299089,249.99999999999892,1500.),(1215.6539075886569,249.99999999999949,1500.),(1215.6539075886569,249.99999999999949,3000.),(215.65390758865797,250.00000000000219,3000.),(215.65390758865797,250.00000000000219,1500.)));
#1722=IFCPOLYGONALFACESET(#1721,.T.,(#1707,#1708,#1709,#1710,#1711,#1712,#1713,#1714,#1715,#1716,#1717,#1718,#1719,#1720),$);
#1723=IFCINDEXEDCOLOURMAP(#1722,1.,#1706,(1,1,1,1,1,1,1,1,1,1,1,1,1,1));
#1724=IFCSTYLEDITEM(#1722,(#1091),$);
#1725=IFCSHAPEREPRESENTATION(#15,'Body','Tessellation',(#1722));
#1726=IFCWALL('3c8HC29$17vfNgcUAdeh3G',#6,'Basic Wall:Castelnuovo_typeC:1683059',$,$,#1695,#1699,'1683059',.NOTDEFINED.);
#1727=IFCQUANTITYLENGTH('Height',$,$,3500.0000000001683,$);
#1728=IFCQUANTITYLENGTH('Length',$,$,3652.9704344299066,$);
#1729=IFCQUANTITYLENGTH('Width',$,$,500.00000000000006,$);
#1730=IFCQUANTITYAREA('GrossFootprintArea',$,$,1.8264852172149577,$);
#1731=IFCQUANTITYVOLUME('GrossVolume',$,$,6.3926982602526401,$);
#1732=IFCQUANTITYAREA('GrossSideArea',$,$,6.3926982602526401,$);
#1733=IFCQUANTITYAREA('NetSideArea',$,$,9.7853965205052837,$);
#1734=IFCQUANTITYVOLUME('NetVolume',$,$,4.8926982602526339,$);
#1735=IFCELEMENTQUANTITY('09Sdpow_H_owMnK9HWVlTd',#6,'Qto_WallBaseQuantities',$,'BaseQuantities',(#1727,#1728,#1729,#1730,#1731,#1732,#1733,#1734));
#1736=IFCRELDEFINESBYPROPERTIES('1AVZ3ONpttxfjJ33Vbr$Oe',#6,$,$,(#1726),#1735);
#1737=IFCPROPERTYSET('3rbwgNNZz9AVXVhR7r4fEi',#6,'Pset_EnvironmentalImpactIndicators',$,(#1143));
#1738=IFCPROPERTYSINGLEVALUE('Reference',$,IFCLABEL('Castelnuovo_typeC'),$);
#1739=IFCPROPERTYSET('0rabl81eGSJmPcpW8y9KXL',#6,'Pset_ReinforcementBarPitchOfWall',$,(#1738));
#1740=IFCPROPERTYSET('21TU8NOrID2z5IOw5IrfPZ',#6,'Pset_WallCommon',$,(#84,#85,#140,#1143));
#1741=IFCRELDEFINESBYPROPERTIES('2WE6TFtfARbUbvND3tM$9q',#6,$,$,(#1726),#1737);
#1742=IFCRELDEFINESBYPROPERTIES('2C13Dvk4QvZXurbtUIoEdp',#6,$,$,(#1726),#1739);
#1743=IFCRELDEFINESBYPROPERTIES('3$zxfnGin5y1csOYuE2$Ys',#6,$,$,(#1726),#1740);
#1744=IFCCARTESIANPOINT((6253.026350501952,7455.0449953661391,-0.));
#1745=IFCDIRECTION((0.88140092832803951,0.47236892736765629,0.));
#1746=IFCAXIS2PLACEMENT3D(#1744,#49,#1745);
#1747=IFCLOCALPLACEMENT(#32,#1746);
#1748=IFCCARTESIANPOINTLIST3D(((0.,0.,1.0828671292983927E-012),(7212.0660127070778,-1.0828671292983927E-012,1.0828671292983927E-012)));
#1749=IFCINDEXEDPOLYCURVE(#1748,$,.F.);
#1750=IFCSHAPEREPRESENTATION(#14,'Axis','Curve3D',(#1749));
#1751=IFCPRODUCTDEFINITIONSHAPE($,$,(#1750,#1810));
#1785=IFCCARTESIANPOINTLIST2D(((7212.066012707076,249.99999999999949),(6.5987215691620808E-013,250.00000000000023),(-6.5987215691620808E-013,-250.00000000000023),(7212.0660127070751,-250.00000000000057),(7212.066012707076,249.99999999999949)));
#1786=IFCINDEXEDPOLYCURVE(#1785,$,.F.);
#1787=IFCARBITRARYCLOSEDPROFILEDEF(.AREA.,$,#1786);
#1788=IFCAXIS2PLACEMENT3D(#10,$,$);
#1789=IFCEXTRUDEDAREASOLID(#1787,#1788,#49,3571.67114903007);
#1790=IFCCOLOURRGB($,0.92549019607843142,0.67843137254901964,0.30980392156862746);
#1791=IFCSURFACESTYLERENDERING(#1790,0.,$,$,$,$,IFCNORMALISEDRATIOMEASURE(0.5),IFCSPECULAREXPONENT(64.),.NOTDEFINED.);
#1792=IFCSURFACESTYLE('Tufelli_masonry_typeD',.BOTH.,(#1791));
#1793=IFCSTYLEDITEM(#1789,(#1792),$);
#1794=IFCCOLOURRGBLIST(((0.92549019607843142,0.67843137254901964,0.30980392156862746)));
#1795=IFCINDEXEDPOLYGONALFACEWITHVOIDS((1,2,3,4,5,6,7,8,9),((10,11,12,13)));
#1796=IFCINDEXEDPOLYGONALFACEWITHVOIDS((14,15,16,17,18),((19,20,21,22)));
#1797=IFCINDEXEDPOLYGONALFACE((4,3,2,1,14,18));
#1798=IFCINDEXEDPOLYGONALFACE((5,4,18,17));
#1799=IFCINDEXEDPOLYGONALFACE((1,9,15,14));
#1800=IFCINDEXEDPOLYGONALFACE((9,8,7,16,15));
#1801=IFCINDEXEDPOLYGONALFACE((7,6,5,17,16));
#1802=IFCINDEXEDPOLYGONALFACE((11,10,19,22));
#1803=IFCINDEXEDPOLYGONALFACE((12,11,22,21));
#1804=IFCINDEXEDPOLYGONALFACE((13,12,21,20));
#1805=IFCINDEXEDPOLYGONALFACE((10,13,20,19));
#1806=IFCCARTESIANPOINTLIST3D(((2.1657342585967854E-012,-250.00000000000057,1.0828671292983927E-012),(500.00000000000222,-250.00000000000057,1.0828671292983927E-012),(6712.0660127070732,-249.99999999999949,1.0828671292983927E-012),(7212.066012707076,-250.00000000000057,1.0828671292983927E-012),(7212.0660127070769,-249.99999999999949,2399.9999999998336),(6712.0660127070732,-249.99999999999949,2562.459848116287),(3606.0330063535357,-250.00000000000057,3571.67114903007),(500.0000000000033,-250.00000000000057,2562.4598481162893),(1.6243006939475892E-012,-249.99999999999949,2399.9999999998336),(900.00000000000057,-249.99999999999949,852.40978849991131),(900.00000000000057,-249.99999999999949,2352.4097884999123),(2100.0000000000018,-250.00000000000057,2352.4097884999123),(2100.0000000000018,-250.00000000000057,852.40978849991131),(5.4143356464919636E-013,249.99999999999838,1.0828671292983927E-012),(1.6243006939475892E-012,250.00000000000057,2399.9999999998336),(3606.0330063535353,249.99999999999949,3571.67114903007),(7212.0660127070723,249.99999999999838,2399.9999999998336),(7212.0660127070723,249.99999999999838,1.0828671292983927E-012),(900.00000000000057,250.00000000000057,852.40978849991131),(2100.,249.99999999999838,852.40978849991131),(2100.,249.99999999999838,2352.4097884999123),(900.00000000000057,250.00000000000057,2352.4097884999123)));
#1807=IFCPOLYGONALFACESET(#1806,.T.,(#1795,#1796,#1797,#1798,#1799,#1800,#1801,#1802,#1803,#1804,#1805),$);
#1808=IFCINDEXEDCOLOURMAP(#1807,1.,#1794,(1,1,1,1,1,1,1,1,1,1,1));
#1809=IFCSTYLEDITEM(#1807,(#1792),$);
#1810=IFCSHAPEREPRESENTATION(#15,'Body','Tessellation',(#1807));
#1811=IFCWALL('3c8HC29$17vfNgcUAdeh01',#6,'Basic Wall:Castelnuovo_typeD:1683106',$,$,#1747,#1751,'1683106',.NOTDEFINED.);
#1812=IFCQUANTITYLENGTH('Height',$,$,3571.67114903007,$);
#1813=IFCQUANTITYLENGTH('Length',$,$,7212.066012707076,$);
#1814=IFCQUANTITYLENGTH('Width',$,$,500.00000000000006,$);
#1815=IFCQUANTITYAREA('GrossFootprintArea',$,$,3.6060330063535373,$);
#1816=IFCQUANTITYVOLUME('GrossVolume',$,$,10.767021633245484,$);
#1817=IFCQUANTITYAREA('GrossSideArea',$,$,10.767021633245484,$);
#1818=IFCQUANTITYAREA('NetSideArea',$,$,19.734043266490971,$);
#1819=IFCQUANTITYVOLUME('NetVolume',$,$,9.8670216332454839,$);
#1820=IFCELEMENTQUANTITY('21LxREsxGzDLqgnEAW0YYo',#6,'Qto_WallBaseQuantities',$,'BaseQuantities',(#1812,#1813,#1814,#1815,#1816,#1817,#1818,#1819));
#1821=IFCRELDEFINESBYPROPERTIES('2GQCL3gmeP37$_OLFdsyzp',#6,$,$,(#1811),#1820);
#1822=IFCMATERIAL('Tufelli_masonry_typeD',$,$);
#1823=IFCWALLTYPE('2XlFkFcVPAPhI6yYNClphk',#6,'Basic Wall:Castelnuovo_typeD',$,$,(#1833),$,'1785632',$,.STANDARD.);
#1824=IFCPROPERTYSINGLEVALUE('Reference',$,IFCIDENTIFIER('Castelnuovo_typeD'),$);
#1825=IFCPROPERTYSET('14RBkdMWkRXVe9wLSpfn6T',#6,'Pset_EnvironmentalImpactIndicators',$,(#1824));
#1826=IFCPROPERTYSINGLEVALUE('Reference',$,IFCLABEL('Castelnuovo_typeD'),$);
#1827=IFCPROPERTYSET('3Go4efHtHrPTVUxFAtZvOl',#6,'Pset_ReinforcementBarPitchOfWall',$,(#1826));
#1828=IFCPROPERTYSET('0pa2xf4paLWf2WZQg2pVGr',#6,'Pset_WallCommon',$,(#84,#85,#86,#1824));
#1829=IFCRELDEFINESBYPROPERTIES('03Bdr1CHfQgSJjGQxa4arS',#6,$,$,(#1811),#1825);
#1830=IFCRELDEFINESBYPROPERTIES('1KFpS9csswIGmvEbrCRKp7',#6,$,$,(#1811),#1827);
#1831=IFCRELDEFINESBYPROPERTIES('1TjK1emuIA8jibI8fOSWZy',#6,$,$,(#1811),#1828);
#1832=IFCPROPERTYSINGLEVALUE('Description',$,IFCTEXT('Generic Wall (Material By Category), 200mm thick'),$);
#1833=IFCPROPERTYSET('3V6i_naQ7aUDxH_6RGP_nN',#6,'Pset_ReinforcementBarPitchOfWall',$,(#1832));
#1834=IFCCARTESIANPOINT((8553.2030039271267,3692.3549989006265,-0.));
#1835=IFCDIRECTION((-0.47236892736765773,0.88140092832803885,0.));
#1836=IFCAXIS2PLACEMENT3D(#1834,#49,#1835);
#1837=IFCLOCALPLACEMENT(#32,#1836);
#1838=IFCCARTESIANPOINTLIST3D(((0.,2.7071678232459818E-013,1.0828671292983927E-012),(4152.9704344299062,-5.4143356464919636E-013,1.0828671292983927E-012)));
#1839=IFCINDEXEDPOLYCURVE(#1838,$,.F.);
#1840=IFCSHAPEREPRESENTATION(#14,'Axis','Curve3D',(#1839));
#1841=IFCPRODUCTDEFINITIONSHAPE($,$,(#1840,#1882));
#1861=IFCCARTESIANPOINTLIST2D(((3.7223557569632251E-013,-250.00000000000099),(500.00000000000136,-250.00000000000094),(4152.9704344299053,-250.00000000000111),(4152.9704344299053,249.99999999999892),(1.0321077326125305E-012,249.99999999999901),(3.7223557569632251E-013,-250.00000000000099)));
#1862=IFCINDEXEDPOLYCURVE(#1861,$,.F.);
#1863=IFCARBITRARYCLOSEDPROFILEDEF(.AREA.,$,#1862);
#1864=IFCAXIS2PLACEMENT3D(#10,$,$);
#1865=IFCEXTRUDEDAREASOLID(#1863,#1864,#49,2562.4598481162893);
#1866=IFCSTYLEDITEM(#1865,(#1792),$);
#1867=IFCCOLOURRGBLIST(((0.92549019607843142,0.67843137254901964,0.30980392156862746)));
#1868=IFCINDEXEDPOLYGONALFACE((1,2,3,4,5,6,7,8,9,10));
#1869=IFCINDEXEDPOLYGONALFACE((11,12,13,14,15,16,17,18));
#1870=IFCINDEXEDPOLYGONALFACE((9,8,7,16,15));
#1871=IFCINDEXEDPOLYGONALFACE((4,3,11,18));
#1872=IFCINDEXEDPOLYGONALFACE((6,5,4,18,17));
#1873=IFCINDEXEDPOLYGONALFACE((13,12,2,1));
#1874=IFCINDEXEDPOLYGONALFACE((14,13,1,10));
#1875=IFCINDEXEDPOLYGONALFACE((15,14,10,9));
#1876=IFCINDEXEDPOLYGONALFACE((7,6,17,16));
#1877=IFCINDEXEDPOLYGONALFACE((3,2,12,11));
#1878=IFCCARTESIANPOINTLIST3D(((3152.9704344299089,-250.00000000000219,2200.0000000000023),(3152.9704344299089,-250.00000000000219,1.0828671292983927E-012),(4152.9704344299062,-250.00000000000111,1.0828671292983927E-012),(4152.9704344299062,-250.00000000000111,2562.4598481162893),(500.00000000000114,-250.00000000000111,2562.4598481162893),(5.4143356464919636E-013,-250.00000000000165,2562.4598481162893),(5.4143356464919636E-013,-250.00000000000165,1.0828671292983927E-012),(500.00000000000114,-250.00000000000111,1.0828671292983927E-012),(1752.97043442992,-250.00000000000057,1.0828671292983927E-012),(1752.97043442992,-250.00000000000057,2200.0000000000023),(4152.9704344299062,249.99999999999838,1.0828671292983927E-012),(3152.9704344299084,250.00000000000057,1.0828671292983927E-012),(3152.9704344299093,250.00000000000003,2200.0000000000023),(1752.9704344299196,250.00000000000028,2200.0000000000023),(1752.9704344299196,250.00000000000028,1.0828671292983927E-012),(2.7071678232459817E-012,249.9999999999992,1.0828671292983927E-012),(1.6243006939475892E-012,249.99999999999974,2399.9999999998336),(4152.9704344299062,249.99999999999838,2399.9999999998336)));
#1879=IFCPOLYGONALFACESET(#1878,.T.,(#1868,#1869,#1870,#1871,#1872,#1873,#1874,#1875,#1876,#1877),$);
#1880=IFCINDEXEDCOLOURMAP(#1879,1.,#1867,(1,1,1,1,1,1,1,1,1,1));
#1881=IFCSTYLEDITEM(#1879,(#1792),$);
#1882=IFCSHAPEREPRESENTATION(#15,'Body','Tessellation',(#1879));
#1883=IFCWALL('3c8HC29$17vfNgcUAdeh00',#6,'Basic Wall:Castelnuovo_typeD:1683107',$,$,#1837,#1841,'1683107',.NOTDEFINED.);
#1884=IFCAXIS2PLACEMENT3D(#10,$,$);
#1886=IFCCARTESIANPOINTLIST2D(((-249.99999999999881,-1100.),(250.00000000000077,-1100.),(250.00000000000077,1100.0000000000011),(-249.99999999999881,1100.0000000000011),(-249.99999999999881,-1100.)));
#1887=IFCINDEXEDPOLYCURVE(#1886,$,.F.);
#1888=IFCARBITRARYCLOSEDPROFILEDEF(.AREA.,'DoorV2',#1887);
#1889=IFCCARTESIANPOINT((250.,-2050.,1100.));
#1890=IFCAXIS2PLACEMENT3D(#1889,#146,#1561);
#1891=IFCEXTRUDEDAREASOLID(#1888,#1890,#49,1199.9999999999843);
#1892=IFCSHAPEREPRESENTATION(#15,'Body','SweptSolid',(#1891));
#1893=IFCPRODUCTDEFINITIONSHAPE($,$,(#1892));
#1894=IFCAXIS2PLACEMENT3D(#10,$,$);
#1895=IFCLOCALPLACEMENT(#1837,#1894);
#1896=IFCOPENINGELEMENT('2O1GjAkVz3fXA5GdjpI2$C',#6,'Basic Wall:Castelnuovo_typeD:1683107',$,$,#1895,#1893,'1765621',.OPENING.);
#1897=IFCQUANTITYLENGTH('Depth',$,$,1199.9999999999845,$);
#1898=IFCQUANTITYLENGTH('Height',$,$,2200.0000000000014,$);
#1899=IFCQUANTITYLENGTH('Width',$,$,500.00000000000006,$);
#1900=IFCQUANTITYAREA('Area',$,$,1.0999999999999996,$);
#1901=IFCQUANTITYVOLUME('Volume',$,$,1319.9999999999825,$);
#1902=IFCELEMENTQUANTITY('0TMiGVkK1t93sngRceli$s',#6,'Qto_OpeningElementBaseQuantities',$,'BaseQuantities',(#1897,#1898,#1899,#1900,#1901));
#1903=IFCRELDEFINESBYPROPERTIES('0rUAtoQzyXB15$_HxZsgHi',#6,$,$,(#1896),#1902);
#1904=IFCRELVOIDSELEMENT('2yrdEkdHHsqFzPll6DjZWN',#6,$,$,#1883,#1896);
#1905=IFCQUANTITYLENGTH('Height',$,$,2562.4598481162893,$);
#1906=IFCQUANTITYLENGTH('Length',$,$,4152.9704344299053,$);
#1907=IFCQUANTITYLENGTH('Width',$,$,500.00000000000006,$);
#1908=IFCQUANTITYAREA('GrossFootprintArea',$,$,2.0764852172149513,$);
#1909=IFCQUANTITYVOLUME('GrossVolume',$,$,3.7809099943203579,$);
#1910=IFCQUANTITYAREA('GrossSideArea',$,$,3.7809099943203579,$);
#1911=IFCQUANTITYAREA('NetSideArea',$,$,7.5618199886407158,$);
#1912=IFCQUANTITYVOLUME('NetVolume',$,$,3.6122372578179505,$);
#1913=IFCELEMENTQUANTITY('1Wao5Q6jD7D70KdJp3DXqC',#6,'Qto_WallBaseQuantities',$,'BaseQuantities',(#1905,#1906,#1907,#1908,#1909,#1910,#1911,#1912));
#1914=IFCRELDEFINESBYPROPERTIES('0gOEzJ0PunuBALz6NRTx5w',#6,$,$,(#1883),#1913);
#1915=IFCPROPERTYSET('2uZlAyF3HWevX0gaQK10U_',#6,'Pset_EnvironmentalImpactIndicators',$,(#1824));
#1916=IFCPROPERTYSINGLEVALUE('Reference',$,IFCLABEL('Castelnuovo_typeD'),$);
#1917=IFCPROPERTYSET('1EOugUa2KDSTp_8ko1O$IX',#6,'Pset_ReinforcementBarPitchOfWall',$,(#1916));
#1918=IFCPROPERTYSET('3t6lTvIWnYCBJx4dNN$Pob',#6,'Pset_WallCommon',$,(#84,#85,#86,#1824));
#1919=IFCPROPERTYSET('3gDDI56nkLGh$2hB6uxRnq',#6,'Pset_EnvironmentalImpactIndicators',$,(#403));
#1920=IFCPROPERTYSET('1H5ff$rSEA1ptKlMs$eVK_',#6,'Pset_OpeningElementCommon',$,(#403));
#1921=IFCRELDEFINESBYPROPERTIES('2gBdWTVOXfRD1p4YN$60dj',#6,$,$,(#1883),#1915);
#1922=IFCRELDEFINESBYPROPERTIES('2aMrrLUgbD3TLrv6niJQRb',#6,$,$,(#1883),#1917);
#1923=IFCRELDEFINESBYPROPERTIES('3z39JgWu0R2CeU2q_RzXUF',#6,$,$,(#1883),#1918);
#1924=IFCRELDEFINESBYPROPERTIES('0d_2OWLvJQrewmg2RlBDIj',#6,$,$,(#1896),#1919);
#1925=IFCRELDEFINESBYPROPERTIES('1PFduXzXC2HovDG3QRwGIq',#6,$,$,(#1896),#1920);
#1926=IFCCARTESIANPOINT((8655.4610041672204,4030.7974628245506,-0.));
#1927=IFCDIRECTION((0.88140092832803951,0.47236892736765623,0.));
#1928=IFCAXIS2PLACEMENT3D(#1926,#49,#1927);
#1929=IFCLOCALPLACEMENT(#32,#1928);
#1930=IFCCARTESIANPOINTLIST3D(((2.7071678232459818E-013,0.,1.0828671292983927E-012),(6712.0660127070723,-1.0828671292983927E-012,1.0828671292983927E-012)));
#1931=IFCINDEXEDPOLYCURVE(#1930,$,.F.);
#1932=IFCSHAPEREPRESENTATION(#14,'Axis','Curve3D',(#1931));
#1933=IFCPRODUCTDEFINITIONSHAPE($,$,(#1932,#1988));
#1966=IFCCARTESIANPOINTLIST2D(((1.7765788840051755E-012,-250.00000000000026),(6712.0660127070732,-249.99999999999949),(6712.0660127070732,249.99999999999892),(6.4295235802092064E-013,250.00000000000023),(1.7765788840051755E-012,-250.00000000000026)));
#1967=IFCINDEXEDPOLYCURVE(#1966,$,.F.);
#1968=IFCARBITRARYCLOSEDPROFILEDEF(.AREA.,$,#1967);
#1969=IFCAXIS2PLACEMENT3D(#10,$,$);
#1970=IFCEXTRUDEDAREASOLID(#1968,#1969,#49,3571.67114903007);
#1971=IFCSTYLEDITEM(#1970,(#1792),$);
#1972=IFCCOLOURRGBLIST(((0.92549019607843142,0.67843137254901964,0.30980392156862746)));
#1973=IFCINDEXEDPOLYGONALFACE((1,2,3,4,5,6,7,8,9));
#1974=IFCINDEXEDPOLYGONALFACE((10,11,12,13,14,15,16,17,18,19,20));
#1975=IFCINDEXEDPOLYGONALFACE((5,17,16,6));
#1976=IFCINDEXEDPOLYGONALFACE((1,11,10,2));
#1977=IFCINDEXEDPOLYGONALFACE((4,3,19,18));
#1978=IFCINDEXEDPOLYGONALFACE((2,10,20,19,3));
#1979=IFCINDEXEDPOLYGONALFACE((17,5,4,18));
#1980=IFCINDEXEDPOLYGONALFACE((8,14,13,9));
#1981=IFCINDEXEDPOLYGONALFACE((14,8,7,15));
#1982=IFCINDEXEDPOLYGONALFACE((15,7,6,16));
#1983=IFCINDEXEDPOLYGONALFACE((11,1,9,13,12));
#1984=IFCCARTESIANPOINTLIST3D(((6712.066012707076,-249.99999999999949,1.0828671292983927E-012),(6712.0660127070742,-250.00000000000057,2399.9999999998336),(3106.0330063535325,-250.00000000000057,3571.67114903007),(2.1657342585967854E-012,-250.00000000000057,2562.4598481162893),(1.8950174762721871E-012,-250.00000000000111,1.0828671292983927E-012),(600.00000000001603,-250.00000000000057,1.0828671292983927E-012),(600.00000000001603,-250.00000000000057,2200.0000000000023),(1800.0000000000014,-250.00000000000111,2200.0000000000023),(1800.0000000000014,-250.00000000000111,1.0828671292983927E-012),(6712.0660127070742,249.99999999999949,2399.9999999998336),(6712.0660127070723,250.00000000000057,1.0828671292983927E-012),(6212.0660127070742,249.99999999999949,1.0828671292983927E-012),(1799.9999999999989,249.99999999999949,1.0828671292983927E-012),(1799.9999999999989,249.99999999999949,2200.0000000000023),(600.00000000001546,249.99999999999949,2200.0000000000023),(600.00000000001546,249.99999999999949,1.0828671292983927E-012),(0.,249.99999999999949,1.0828671292983927E-012),(0.,249.99999999999949,2562.459848116287),(3106.0330063535339,249.99999999999949,3571.67114903007),(6212.0660127070742,249.99999999999949,2562.459848116287)));
#1985=IFCPOLYGONALFACESET(#1984,.T.,(#1973,#1974,#1975,#1976,#1977,#1978,#1979,#1980,#1981,#1982,#1983),$);
#1986=IFCINDEXEDCOLOURMAP(#1985,1.,#1972,(1,1,1,1,1,1,1,1,1,1,1));
#1987=IFCSTYLEDITEM(#1985,(#1792),$);
#1988=IFCSHAPEREPRESENTATION(#15,'Body','Tessellation',(#1985));
#1989=IFCWALL('3c8HC29$17vfNgcUAdeh07',#6,'Basic Wall:Castelnuovo_typeD:1683108',$,$,#1929,#1933,'1683108',.NOTDEFINED.);
#1990=IFCQUANTITYLENGTH('Height',$,$,3571.67114903007,$);
#1991=IFCQUANTITYLENGTH('Length',$,$,6712.0660127070732,$);
#1992=IFCQUANTITYLENGTH('Width',$,$,500.00000000000006,$);
#1993=IFCQUANTITYAREA('GrossFootprintArea',$,$,3.3560330063535293,$);
#1994=IFCQUANTITYVOLUME('GrossVolume',$,$,8.8267141522309807,$);
#1995=IFCQUANTITYAREA('GrossSideArea',$,$,8.8267141522309807,$);
#1996=IFCQUANTITYAREA('NetSideArea',$,$,17.653428304461965,$);
#1997=IFCQUANTITYVOLUME('NetVolume',$,$,8.8267141522309789,$);
#1998=IFCELEMENTQUANTITY('0nM7yvhBpS$w6kJcnik27m',#6,'Qto_WallBaseQuantities',$,'BaseQuantities',(#1990,#1991,#1992,#1993,#1994,#1995,#1996,#1997));
#1999=IFCRELDEFINESBYPROPERTIES('3pcjjk3fLudw_f2cuNemm1',#6,$,$,(#1989),#1998);
#2000=IFCPROPERTYSET('3KuTO1qGyyLKmYxrcACw1d',#6,'Pset_EnvironmentalImpactIndicators',$,(#1824));
#2001=IFCPROPERTYSINGLEVALUE('Reference',$,IFCLABEL('Castelnuovo_typeD'),$);
#2002=IFCPROPERTYSET('0avG3CdHWlJfV6BFi0WIUE',#6,'Pset_ReinforcementBarPitchOfWall',$,(#2001));
#2003=IFCPROPERTYSET('35BKKiUCNXYiGAZZpWW_oe',#6,'Pset_WallCommon',$,(#84,#85,#86,#1824));
#2004=IFCRELDEFINESBYPROPERTIES('0FBAMePPftVbW7eo5Q_MCc',#6,$,$,(#1989),#2000);
#2005=IFCRELDEFINESBYPROPERTIES('0u9VwuJ__gHVES1gTT00qI',#6,$,$,(#1989),#2002);
#2006=IFCRELDEFINESBYPROPERTIES('0omNvMHKt6aI8$1Km0J8KZ',#6,$,$,(#1989),#2003);
#2007=IFCCARTESIANPOINT((14233.039754842395,7303.6268859079883,0.));
#2008=IFCDIRECTION((-0.4723689273676574,0.88140092832803896,0.));
#2009=IFCAXIS2PLACEMENT3D(#2007,#49,#2008);
#2010=IFCLOCALPLACEMENT(#32,#2009);
#2011=IFCCARTESIANPOINTLIST3D(((0.,1.0828671292983927E-012,-1.0828671292983927E-012),(3652.9704344299057,-1.0828671292983927E-012,-1.0828671292983927E-012)));
#2012=IFCINDEXEDPOLYCURVE(#2011,$,.F.);
#2013=IFCSHAPEREPRESENTATION(#14,'Axis','Curve3D',(#2012));
#2014=IFCPRODUCTDEFINITIONSHAPE($,$,(#2013,#2054));
#2033=IFCCARTESIANPOINTLIST2D(((3652.9704344299057,250.0000000000019),(0.,250.00000000000074),(0.,-250.00000000000074),(3652.9704344299062,-249.99999999999949),(3652.9704344299057,250.0000000000019)));
#2034=IFCINDEXEDPOLYCURVE(#2033,$,.F.);
#2035=IFCARBITRARYCLOSEDPROFILEDEF(.AREA.,$,#2034);
#2036=IFCAXIS2PLACEMENT3D(#10,$,$);
#2037=IFCEXTRUDEDAREASOLID(#2035,#2036,#49,2562.4598481162852);
#2038=IFCSTYLEDITEM(#2037,(#1792),$);
#2039=IFCCOLOURRGBLIST(((0.92549019607843142,0.67843137254901964,0.30980392156862746)));
#2040=IFCINDEXEDPOLYGONALFACEWITHVOIDS((1,2,3,4),((5,6,7,8)));
#2041=IFCINDEXEDPOLYGONALFACEWITHVOIDS((9,10,11,12),((13,14,15,16)));
#2042=IFCINDEXEDPOLYGONALFACE((2,1,10,9));
#2043=IFCINDEXEDPOLYGONALFACE((2,9,12,3));
#2044=IFCINDEXEDPOLYGONALFACE((10,1,4,11));
#2045=IFCINDEXEDPOLYGONALFACE((4,3,12,11));
#2046=IFCINDEXEDPOLYGONALFACE((14,13,6,5));
#2047=IFCINDEXEDPOLYGONALFACE((15,14,5,8));
#2048=IFCINDEXEDPOLYGONALFACE((16,15,8,7));
#2049=IFCINDEXEDPOLYGONALFACE((13,16,7,6));
#2050=IFCCARTESIANPOINTLIST3D(((1.0828671292983927E-012,-249.9999999999973,-1.0828671292983927E-012),(3652.9704344299034,-249.99999999999949,-1.0828671292983927E-012),(3652.9704344299034,-249.99999999999949,2399.9999999998313),(1.0828671292983927E-012,-249.9999999999973,2399.9999999998313),(2100.0000000000032,-249.99999999999892,1504.296383365084),(2100.0000000000032,-249.99999999999892,404.29638336508401),(1100.0000000000055,-249.9999999999946,404.29638336508401),(1100.0000000000055,-249.9999999999946,1504.296383365084),(3652.9704344299043,250.00000000000057,-1.0828671292983927E-012),(1.0828671292983927E-012,250.00000000000273,-1.0828671292983927E-012),(1.0828671292983927E-012,250.00000000000273,2562.4598481162852),(3652.9704344299057,250.00000000000273,2562.4598481162852),(2100.0000000000045,250.00000000000381,404.29638336508401),(2100.0000000000045,250.00000000000381,1504.296383365084),(1100.0000000000023,249.99999999999676,1504.296383365084),(1100.0000000000023,249.99999999999676,404.29638336508401)));
#2051=IFCPOLYGONALFACESET(#2050,.T.,(#2040,#2041,#2042,#2043,#2044,#2045,#2046,#2047,#2048,#2049),$);
#2052=IFCINDEXEDCOLOURMAP(#2051,1.,#2039,(1,1,1,1,1,1,1,1,1,1));
#2053=IFCSTYLEDITEM(#2051,(#1792),$);
#2054=IFCSHAPEREPRESENTATION(#15,'Body','Tessellation',(#2051));
#2055=IFCWALL('3c8HC29$17vfNgcUAdeh06',#6,'Basic Wall:Castelnuovo_typeD:1683109',$,$,#2010,#2014,'1683109',.NOTDEFINED.);
#2056=IFCQUANTITYLENGTH('Height',$,$,2562.4598481162852,$);
#2057=IFCQUANTITYLENGTH('Length',$,$,3652.9704344299066,$);
#2058=IFCQUANTITYLENGTH('Width',$,$,500.00000000000006,$);
#2059=IFCQUANTITYAREA('GrossFootprintArea',$,$,1.8264852172149577,$);
#2060=IFCQUANTITYVOLUME('GrossVolume',$,$,4.6802950322912684,$);
#2061=IFCQUANTITYAREA('GrossSideArea',$,$,4.6802950322912684,$);
#2062=IFCQUANTITYAREA('NetSideArea',$,$,8.2605900645825425,$);
#2063=IFCQUANTITYVOLUME('NetVolume',$,$,3.981929776803419,$);
#2064=IFCELEMENTQUANTITY('1vJ4MD48rwJnq3IKm2$Ccm',#6,'Qto_WallBaseQuantities',$,'BaseQuantities',(#2056,#2057,#2058,#2059,#2060,#2061,#2062,#2063));
#2065=IFCRELDEFINESBYPROPERTIES('3qFwc5gM1g8_PxUas8VRrs',#6,$,$,(#2055),#2064);
#2066=IFCPROPERTYSET('08CynUK0ODsBd5Sr4vzGkW',#6,'Pset_EnvironmentalImpactIndicators',$,(#1824));
#2067=IFCPROPERTYSINGLEVALUE('Reference',$,IFCLABEL('Castelnuovo_typeD'),$);
#2068=IFCPROPERTYSET('22vxEFwMEFiT$sSE3ZWG65',#6,'Pset_ReinforcementBarPitchOfWall',$,(#2067));
#2069=IFCPROPERTYSET('2yFw_2NMc6FDZpNGrFzVuB',#6,'Pset_WallCommon',$,(#84,#85,#86,#1824));
#2070=IFCRELDEFINESBYPROPERTIES('1UhJ$BRmz2Ex3Kxr9MEAm7',#6,$,$,(#2055),#2066);
#2071=IFCRELDEFINESBYPROPERTIES('1kVDEmfbqDG2Z4LtRNVxqG',#6,$,$,(#2055),#2068);
#2072=IFCRELDEFINESBYPROPERTIES('28cHAs33A0$n3FF02$5YjO',#6,$,$,(#2055),#2069);
#2073=IFCCARTESIANPOINT((19750.273584565075,-7693.8507991891329,-0.));
#2074=IFCAXIS2PLACEMENT3D(#2073,#49,#146);
#2075=IFCLOCALPLACEMENT(#28,#2074);
#2076=IFCPRODUCTDEFINITIONSHAPE($,$,(#2085));
#2077=IFCCARTESIANPOINTLIST2D(((-929.14485474026401,-3281.6607854815393),(-418.71037076310182,-3281.6607854815388),(937.9139165763022,3324.3613453165876),(409.94130892706323,3238.9602256464891),(-929.14485474026401,-3281.6607854815393)));
#2078=IFCINDEXEDPOLYCURVE(#2077,$,.F.);
#2079=IFCARBITRARYCLOSEDPROFILEDEF(.AREA.,'Castelnuovo',#2078);
#2080=IFCCARTESIANPOINT((3405.3712070697907,-666.8951805278341,0.));
#2081=IFCDIRECTION((0.32556815445715881,-0.94551857559931607,0.));
#2082=IFCAXIS2PLACEMENT3D(#2080,#49,#2081);
#2083=IFCEXTRUDEDAREASOLID(#2079,#2082,#49,3500.0000000001919);
#2084=IFCSTYLEDITEM(#2083,(#64),$);
#2085=IFCSHAPEREPRESENTATION(#15,'Body','SweptSolid',(#2083));
#2086=IFCWALL('2XzZEtRJH75fftbZbcqwY_',#6,'Castelnuovo1:Castelnuovo:1689217',$,$,#2075,#2076,'1689217',.NOTDEFINED.);
#2087=IFCCARTESIANPOINTLIST2D(((-750.00000000000057,-499.99999999999852),(749.99999999999955,-499.9999999999996),(749.99999999999955,500.00000000000131),(-750.00000000000057,500.00000000000131),(-750.00000000000057,-499.99999999999852)));
#2088=IFCINDEXEDPOLYCURVE(#2087,$,.F.);
#2089=IFCARBITRARYCLOSEDPROFILEDEF(.AREA.,$,#2088);
#2090=IFCCARTESIANPOINT((1683.5124160122175,-618.10773636945896,1065.5953809424052));
#2091=IFCDIRECTION((0.12870878250531792,-0.99168243369840869,0.));
#2092=IFCAXIS2PLACEMENT3D(#2090,#2091,#49);
#2093=IFCEXTRUDEDAREASOLID(#2089,#2092,#49,590.00000000001251);
#2094=IFCSHAPEREPRESENTATION(#15,'Body','SweptSolid',(#2093));
#2095=IFCPRODUCTDEFINITIONSHAPE($,$,(#2094));
#2096=IFCAXIS2PLACEMENT3D(#10,$,$);
#2097=IFCLOCALPLACEMENT(#2075,#2096);
#2098=IFCOPENINGELEMENT('23$c4ODFZtBAJM9PKKF0vp',#6,'Castelnuovo',$,$,#2097,#2095,'1702342',.OPENING.);
#2099=IFCQUANTITYLENGTH('Height',$,$,1000.0000000000009,$);
#2100=IFCQUANTITYLENGTH('Width',$,$,1500.,$);
#2101=IFCQUANTITYAREA('Area',$,$,1500000.0000000014,$);
#2102=IFCELEMENTQUANTITY('0wxfKFOyEQcaRqKsee7nuf',#6,'Qto_OpeningElementBaseQuantities',$,'BaseQuantities',(#2099,#2100,#2101));
#2103=IFCRELDEFINESBYPROPERTIES('3nZockQUnI1q_7kXzTicDi',#6,$,$,(#2098),#2102);
#2104=IFCRELVOIDSELEMENT('2fZi9lFxkKjQE0_aBfpGZO',#6,$,$,#2086,#2098);
#2105=IFCCARTESIANPOINTLIST2D(((-750.00000000000057,-499.99999999999864),(749.99999999999955,-499.9999999999996),(749.99999999999955,500.00000000000068),(-750.00000000000057,500.00000000000068),(-750.00000000000057,-499.99999999999864)));
#2106=IFCINDEXEDPOLYCURVE(#2105,$,.F.);
#2107=IFCARBITRARYCLOSEDPROFILEDEF(.AREA.,$,#2106);
#2108=IFCCARTESIANPOINT((1753.0151585650724,-1153.6162505666102,1065.5953809424052));
#2109=IFCDIRECTION((-0.12870878250531753,0.99168243369840881,0.));
#2110=IFCAXIS2PLACEMENT3D(#2108,#2109,#49);
#2111=IFCEXTRUDEDAREASOLID(#2107,#2110,#49,590.00000000000739);
#2112=IFCSHAPEREPRESENTATION(#15,'Body','SweptSolid',(#2111));
#2113=IFCPRODUCTDEFINITIONSHAPE($,$,(#2112));
#2114=IFCAXIS2PLACEMENT3D(#10,$,$);
#2115=IFCLOCALPLACEMENT(#2075,#2114);
#2116=IFCOPENINGELEMENT('2SpeLs7Khgd6bqIO3r1OWM',#6,'Castelnuovo',$,$,#2115,#2113,'1702352',.OPENING.);
#2117=IFCQUANTITYLENGTH('Height',$,$,1000.0000000000009,$);
#2118=IFCQUANTITYLENGTH('Width',$,$,1500.,$);
#2119=IFCQUANTITYAREA('Area',$,$,1500000.0000000014,$);
#2120=IFCELEMENTQUANTITY('0S$BIp7BgCjRkyLZ$QumYV',#6,'Qto_OpeningElementBaseQuantities',$,'BaseQuantities',(#2117,#2118,#2119));
#2121=IFCRELDEFINESBYPROPERTIES('0luHyKwx91sHWPEPn$GVkR',#6,$,$,(#2116),#2120);
#2122=IFCRELVOIDSELEMENT('1u7_3IcB24xewHSm6eQchg',#6,$,$,#2086,#2116);
#2123=IFCCARTESIANPOINTLIST2D(((-750.00000000000057,-499.9999999999996),(749.99999999999955,-500.00000000000131),(749.99999999999955,499.9999999999996),(-750.00000000000057,499.9999999999996),(-750.00000000000057,-499.9999999999996)));
#2124=IFCINDEXEDPOLYCURVE(#2123,$,.F.);
#2125=IFCARBITRARYCLOSEDPROFILEDEF(.AREA.,$,#2124);
#2126=IFCCARTESIANPOINT((1683.5124160122152,-618.10773636945896,1065.5953809424052));
#2127=IFCDIRECTION((0.12870878250531792,-0.99168243369840869,0.));
#2128=IFCAXIS2PLACEMENT3D(#2126,#2127,#49);
#2129=IFCEXTRUDEDAREASOLID(#2125,#2128,#49,590.00000000001251);
#2130=IFCSHAPEREPRESENTATION(#15,'Body','SweptSolid',(#2129));
#2131=IFCPRODUCTDEFINITIONSHAPE($,$,(#2130));
#2132=IFCAXIS2PLACEMENT3D(#10,$,$);
#2133=IFCLOCALPLACEMENT(#2075,#2132);
#2134=IFCOPENINGELEMENT('30IW1TDhZOvs4Fzdl9tJru',#6,'Castelnuovo',$,$,#2133,#2131,'1702389',.OPENING.);
#2135=IFCQUANTITYLENGTH('Height',$,$,1000.0000000000009,$);
#2136=IFCQUANTITYLENGTH('Width',$,$,1500.,$);
#2137=IFCQUANTITYAREA('Area',$,$,1500000.0000000014,$);
#2138=IFCELEMENTQUANTITY('2jbRQ$8vMjflunPh1FcPfG',#6,'Qto_OpeningElementBaseQuantities',$,'BaseQuantities',(#2135,#2136,#2137));
#2139=IFCRELDEFINESBYPROPERTIES('0Gyy9aqk1ZcVM4btzKN99b',#6,$,$,(#2134),#2138);
#2140=IFCRELVOIDSELEMENT('01x_fKU5nPjZ9bda$Xwr19',#6,$,$,#2086,#2134);
#2141=IFCCARTESIANPOINTLIST2D(((-499.99999999999949,-600.00000000003376),(499.99999999999949,-600.00000000003274),(1100.0000000000309,5.3693015507731942E-013),(499.99999999999841,600.00000000003297),(-500.00000000000006,600.00000000003297)));
#2142=IFCINDEXEDPOLYCURVE(#2141,(IFCLINEINDEX((1,2)),IFCARCINDEX((2,3,4)),IFCLINEINDEX((4,5,1))),.F.);
#2143=IFCARBITRARYCLOSEDPROFILEDEF(.AREA.,$,#2142);
#2144=IFCCARTESIANPOINT((5024.7295542918719,-184.4568262186568,741.98859677615667));
#2145=IFCDIRECTION((0.12870878250532231,-0.99168243369840814,0.));
#2146=IFCAXIS2PLACEMENT3D(#2144,#2145,#49);
#2147=IFCEXTRUDEDAREASOLID(#2143,#2146,#49,590.00000000001512);
#2148=IFCSHAPEREPRESENTATION(#15,'Body','SweptSolid',(#2147));
#2149=IFCPRODUCTDEFINITIONSHAPE($,$,(#2148));
#2150=IFCAXIS2PLACEMENT3D(#10,$,$);
#2151=IFCLOCALPLACEMENT(#2075,#2150);
#2152=IFCOPENINGELEMENT('2l6uuZeXQAwFyvJPcxyLs5',#6,'Castelnuovo',$,$,#2151,#2149,'1702440',.OPENING.);
#2153=IFCQUANTITYAREA('Area',$,$,1.7655075587591462,$);
#2154=IFCELEMENTQUANTITY('3F8mfNsnFkqxaLGtgFlHCn',#6,'Qto_OpeningElementBaseQuantities',$,'BaseQuantities',(#2153));
#2155=IFCRELDEFINESBYPROPERTIES('1aaJ$L26n48KRDDiHVS2Fo',#6,$,$,(#2152),#2154);
#2156=IFCRELVOIDSELEMENT('0NnYTagpkkk6SG4NaCoIZk',#6,$,$,#2086,#2152);
#2157=IFCWALLTYPE('2XzZEtRJH75fftbZbcqwX0',#6,'Castelnuovo1:Castelnuovo',$,$,$,$,'1689215',$,.NOTDEFINED.);
#2158=IFCPROPERTYSET('3yOwtJVi_zG9DektUQPG6V',#6,'Pset_EnvironmentalImpactIndicators',$,(#1421));
#2159=IFCPROPERTYSINGLEVALUE('Reference',$,IFCLABEL('Castelnuovo'),$);
#2160=IFCPROPERTYSET('24GP1j3j8jseAexgbpT807',#6,'Pset_ReinforcementBarPitchOfWall',$,(#2159));
#2161=IFCPROPERTYSET('18xarsRn9KiE2oHMF2BT_S',#6,'Pset_WallCommon',$,(#1421,#1425));
#2162=IFCPROPERTYSET('2yJ6iF47dzO8kknNfLBSz7',#6,'Pset_EnvironmentalImpactIndicators',$,(#1427));
#2163=IFCPROPERTYSET('2fBICoL5ioX1HKeDQYsER$',#6,'Pset_OpeningElementCommon',$,(#1427));
#2164=IFCPROPERTYSET('0aO2srwFNDwiTv$Oel7JgY',#6,'Pset_EnvironmentalImpactIndicators',$,(#1427));
#2165=IFCPROPERTYSET('1KxVPtXdCREH7uxZ5Cx_8E',#6,'Pset_OpeningElementCommon',$,(#1427));
#2166=IFCPROPERTYSET('0WqxJjRNv7zRfEo2SCpZAz',#6,'Pset_EnvironmentalImpactIndicators',$,(#1427));
#2167=IFCPROPERTYSET('0XdOk3Zvu10kJNg$yKZPPy',#6,'Pset_OpeningElementCommon',$,(#1427));
#2168=IFCPROPERTYSINGLEVALUE('Reference',$,IFCIDENTIFIER('StoneWindowArch'),$);
#2169=IFCPROPERTYSET('2jAW_6q8CWiB3nj6mlBGkd',#6,'Pset_EnvironmentalImpactIndicators',$,(#2168));
#2170=IFCPROPERTYSET('1PX12hetc0FVol1TvCQT56',#6,'Pset_OpeningElementCommon',$,(#2168));
#2171=IFCRELDEFINESBYPROPERTIES('23MMtoZITwNlWmX$x$vC0p',#6,$,$,(#2086),#2158);
#2172=IFCRELDEFINESBYPROPERTIES('1qGPxODPqnpwVPA4MQbFYD',#6,$,$,(#2086),#2160);
#2173=IFCRELDEFINESBYPROPERTIES('1DzRItqCRqw8eOPbRBOMB3',#6,$,$,(#2086),#2161);
#2174=IFCRELDEFINESBYPROPERTIES('347krxhNv8yjw3ByH1BluW',#6,$,$,(#2098),#2162);
#2175=IFCRELDEFINESBYPROPERTIES('0arp_lV2pxUN3tOihfvY9U',#6,$,$,(#2098),#2163);
#2176=IFCRELDEFINESBYPROPERTIES('0n6Zo72Q6FATi1TPl6L1Tm',#6,$,$,(#2116),#2164);
#2177=IFCRELDEFINESBYPROPERTIES('1TcI2xydYiSSdW4fUveQEC',#6,$,$,(#2116),#2165);
#2178=IFCRELDEFINESBYPROPERTIES('1LQBxPRXLbYIp9MWHQObPd',#6,$,$,(#2134),#2166);
#2179=IFCRELDEFINESBYPROPERTIES('0hYOeHHI6EovEynfgfbpoc',#6,$,$,(#2134),#2167);
#2180=IFCRELDEFINESBYPROPERTIES('3YcFkQSEFH1vQ0pza8gP9e',#6,$,$,(#2152),#2169);
#2181=IFCRELDEFINESBYPROPERTIES('2a1ygt0sRIYb$75kMkokhK',#6,$,$,(#2152),#2170);
#2182=IFCQUANTITYVOLUME('NetVolume','',$,10.092768453924887,$);
#2183=IFCELEMENTQUANTITY('3o6lAancTJpYHHT$KPimov',#6,'Qto_WallBaseQuantities',$,'BaseQuantities',(#2182));
#2184=IFCRELDEFINESBYPROPERTIES('1p8glPd7wdVGtb8qalZsBn',#6,$,$,(#2086),#2183);
#2185=IFCCARTESIANPOINT((19750.273584565075,-7693.8507991891329,-0.));
#2186=IFCAXIS2PLACEMENT3D(#2185,#49,#146);
#2187=IFCLOCALPLACEMENT(#32,#2186);
#2188=IFCPRODUCTDEFINITIONSHAPE($,$,(#2197));
#2189=IFCCARTESIANPOINTLIST2D(((-929.14485474026401,-3281.6607854815393),(-418.71037076310182,-3281.6607854815388),(937.9139165763022,3324.3613453165876),(409.94130892706323,3238.9602256464891),(-929.14485474026401,-3281.6607854815393)));
#2190=IFCINDEXEDPOLYCURVE(#2189,$,.F.);
#2191=IFCARBITRARYCLOSEDPROFILEDEF(.AREA.,'Castelnuovo',#2190);
#2192=IFCCARTESIANPOINT((3405.3712070697907,-666.8951805278341,0.));
#2193=IFCDIRECTION((0.32556815445715881,-0.94551857559931607,0.));
#2194=IFCAXIS2PLACEMENT3D(#2192,#49,#2193);
#2195=IFCEXTRUDEDAREASOLID(#2191,#2194,#49,2399.9999999998549);
#2196=IFCSTYLEDITEM(#2195,(#64),$);
#2197=IFCSHAPEREPRESENTATION(#15,'Body','SweptSolid',(#2195));
#2198=IFCWALL('2XzZEtRJH75fftbZbcqwZb',#6,'Castelnuovo4:Castelnuovo:1689306',$,$,#2187,#2188,'1689306',.NOTDEFINED.);
#2199=IFCCARTESIANPOINTLIST2D(((-749.99999999999955,-599.99999999999966),(750.00000000000057,-600.00000000000068),(750.00000000000057,599.99999999999966),(-749.99999999999955,599.99999999999966),(-749.99999999999955,-599.99999999999966)));
#2200=IFCINDEXEDPOLYCURVE(#2199,$,.F.);
#2201=IFCARBITRARYCLOSEDPROFILEDEF(.AREA.,$,#2200);
#2202=IFCCARTESIANPOINT((1704.023346842605,-615.4456574160323,1250.));
#2203=IFCDIRECTION((0.12870878250531792,-0.99168243369840869,0.));
#2204=IFCAXIS2PLACEMENT3D(#2202,#2203,#49);
#2205=IFCEXTRUDEDAREASOLID(#2201,#2204,#49,590.0000000000075);
#2206=IFCSHAPEREPRESENTATION(#15,'Body','SweptSolid',(#2205));
#2207=IFCPRODUCTDEFINITIONSHAPE($,$,(#2206));
#2208=IFCAXIS2PLACEMENT3D(#10,$,$);
#2209=IFCLOCALPLACEMENT(#2187,#2208);
#2210=IFCOPENINGELEMENT('0dYmTN_p_ZZlQmlH7OXf5Z',#6,'Castelnuovo',$,$,#2209,#2207,'1702400',.OPENING.);
#2211=IFCQUANTITYLENGTH('Height',$,$,1200.0000000000009,$);
#2212=IFCQUANTITYLENGTH('Width',$,$,1500.,$);
#2213=IFCQUANTITYAREA('Area',$,$,1800000.0000000014,$);
#2214=IFCELEMENTQUANTITY('0v3bHptQYUKfoET7KzwwmV',#6,'Qto_OpeningElementBaseQuantities',$,'BaseQuantities',(#2211,#2212,#2213));
#2215=IFCRELDEFINESBYPROPERTIES('3xBeuWdas89ipVKzvzMXbG',#6,$,$,(#2210),#2214);
#2216=IFCRELVOIDSELEMENT('14bkFKSXJTS97P1SzP5y8o',#6,$,$,#2198,#2210);
#2217=IFCCARTESIANPOINTLIST2D(((-749.99999999999955,-599.99999999999966),(750.00000000000057,-600.),(750.00000000000057,600.00000000000023),(-749.99999999999955,600.00000000000023),(-749.99999999999955,-599.99999999999966)));
#2218=IFCINDEXEDPOLYCURVE(#2217,$,.F.);
#2219=IFCARBITRARYCLOSEDPROFILEDEF(.AREA.,$,#2218);
#2220=IFCCARTESIANPOINT((4845.8280355309089,-207.67615116141766,1250.));
#2221=IFCDIRECTION((0.12870878250531792,-0.99168243369840869,0.));
#2222=IFCAXIS2PLACEMENT3D(#2220,#2221,#49);
#2223=IFCEXTRUDEDAREASOLID(#2219,#2222,#49,590.00000000001251);
#2224=IFCSHAPEREPRESENTATION(#15,'Body','SweptSolid',(#2223));
#2225=IFCPRODUCTDEFINITIONSHAPE($,$,(#2224));
#2226=IFCAXIS2PLACEMENT3D(#10,$,$);
#2227=IFCLOCALPLACEMENT(#2187,#2226);
#2228=IFCOPENINGELEMENT('2$NLJu2Cxb7IuASzEOSsBW',#6,'Castelnuovo',$,$,#2227,#2225,'1702403',.OPENING.);
#2229=IFCQUANTITYLENGTH('Height',$,$,1200.0000000000005,$);
#2230=IFCQUANTITYLENGTH('Width',$,$,1500.,$);
#2231=IFCQUANTITYAREA('Area',$,$,1800000.0000000007,$);
#2232=IFCELEMENTQUANTITY('1bfEcCNto4EnM7x3VgKplq',#6,'Qto_OpeningElementBaseQuantities',$,'BaseQuantities',(#2229,#2230,#2231));
#2233=IFCRELDEFINESBYPROPERTIES('2h7e0fsCYzEV9NWSRu$z1Q',#6,$,$,(#2228),#2232);
#2234=IFCRELVOIDSELEMENT('1nOA$DhmxJ2E2Hu0Q9KntY',#6,$,$,#2198,#2228);
#2235=IFCWALLTYPE('2XzZEtRJH75fftbZbcqwZd',#6,'Castelnuovo4:Castelnuovo',$,$,$,$,'1689304',$,.NOTDEFINED.);
#2236=IFCPROPERTYSET('3by9hFH0YhWDXRpv_tAynp',#6,'Pset_EnvironmentalImpactIndicators',$,(#1421));
#2237=IFCPROPERTYSINGLEVALUE('Reference',$,IFCLABEL('Castelnuovo'),$);
#2238=IFCPROPERTYSET('1pBAk7NNc6Jolw8ZNn9Hxn',#6,'Pset_ReinforcementBarPitchOfWall',$,(#2237));
#2239=IFCPROPERTYSET('352dHiNt23Mk2E3QahvvOM',#6,'Pset_WallCommon',$,(#1421,#1425));
#2240=IFCPROPERTYSET('3Rrw6mz171DY6Jhd28N5b8',#6,'Pset_EnvironmentalImpactIndicators',$,(#1427));
#2241=IFCPROPERTYSET('29Fue3IPR_5qvjtIE7A6wD',#6,'Pset_OpeningElementCommon',$,(#1427));
#2242=IFCPROPERTYSET('3ZOJj2$wq_qRQOBo4MwzmY',#6,'Pset_EnvironmentalImpactIndicators',$,(#1427));
#2243=IFCPROPERTYSET('3uiCEr7uwrkBhb6Gd90vha',#6,'Pset_OpeningElementCommon',$,(#1427));
#2244=IFCRELDEFINESBYPROPERTIES('0V_JUyy7sRCJNIg__I5cX5',#6,$,$,(#2198),#2236);
#2245=IFCRELDEFINESBYPROPERTIES('3qeKhVr_P2ew9GJwmKsKG6',#6,$,$,(#2198),#2238);
#2246=IFCRELDEFINESBYPROPERTIES('0i_DVrRP0Yn_eLFciU6HqE',#6,$,$,(#2198),#2239);
#2247=IFCRELDEFINESBYPROPERTIES('1Lpge1gKVbGpggE4CABPs0',#6,$,$,(#2210),#2240);
#2248=IFCRELDEFINESBYPROPERTIES('1qAMNnkzRqO6gVGkvsIYfZ',#6,$,$,(#2210),#2241);
#2249=IFCRELDEFINESBYPROPERTIES('3QI_XdF3cqk6lijUFp9k49',#6,$,$,(#2228),#2242);
#2250=IFCRELDEFINESBYPROPERTIES('3OihEjEt8juOmVF3W8yojo',#6,$,$,(#2228),#2243);
#2251=IFCQUANTITYVOLUME('NetVolume','',$,6.240349582201218,$);
#2252=IFCELEMENTQUANTITY('25G3LRgANOgZw8GP8pAWqC',#6,'Qto_WallBaseQuantities',$,'BaseQuantities',(#2251));
#2253=IFCRELDEFINESBYPROPERTIES('2RbrSbeUUp8b8nsNN7Rdyp',#6,$,$,(#2198),#2252);
#2254=IFCCARTESIANPOINT((8914.6440133858068,2030.6101604381226,-1500.));
#2255=IFCAXIS2PLACEMENT3D(#2254,$,$);
#2256=IFCLOCALPLACEMENT(#24,#2255);
#2257=IFCPRODUCTDEFINITIONSHAPE($,$,(#2269));
#2258=IFCCARTESIANPOINTLIST2D(((-91.007186015032275,-4781.2798324199512),(424.93912782199465,-4781.2798324199484),(89.558199743286877,4822.773370301049),(-423.49014155025247,4739.7862945388488),(-91.007186015032275,-4781.2798324199512)));
#2259=IFCINDEXEDPOLYCURVE(#2258,$,.F.);
#2260=IFCARBITRARYCLOSEDPROFILEDEF(.AREA.,'Castelnuovo_wall',#2259);
#2261=IFCCARTESIANPOINT((4589.1791053322931,1943.5412718532832,0.));
#2262=IFCDIRECTION((-0.32556815445715609,0.94551857559931707,0.));
#2263=IFCAXIS2PLACEMENT3D(#2261,#49,#2262);
#2264=IFCEXTRUDEDAREASOLID(#2260,#2263,#49,5599.9999999999454);
#2265=IFCCOLOURRGB($,1.,1.,0.);
#2266=IFCSURFACESTYLERENDERING(#2265,0.,$,$,$,$,IFCNORMALISEDRATIOMEASURE(0.5),IFCSPECULAREXPONENT(64.),.NOTDEFINED.);
#2267=IFCSURFACESTYLE('Tufelli_masonry_typeB',.BOTH.,(#2266));
#2268=IFCSTYLEDITEM(#2264,(#2267),$);
#2269=IFCSHAPEREPRESENTATION(#15,'Body','SweptSolid',(#2264));
#2270=IFCWALL('2XzZEtRJH75fftbZbcqwO2',#6,'Castelnuovo_wall:Castelnuovo_wall:1689661',$,$,#2256,#2257,'1689661',.NOTDEFINED.);
#2271=IFCWALLTYPE('2XzZEtRJH75fftbZbcqwO4',#6,'Castelnuovo_wall:Castelnuovo_wall',$,$,$,$,'1689659',$,.NOTDEFINED.);
#2272=IFCMATERIAL('Tufelli_masonry_typeB',$,$);
#2273=IFCPROPERTYSINGLEVALUE('Reference',$,IFCIDENTIFIER('Castelnuovo_wall'),$);
#2274=IFCPROPERTYSET('259QB4bkLy4eYjxvsoguUf',#6,'Pset_EnvironmentalImpactIndicators',$,(#2273));
#2275=IFCPROPERTYSINGLEVALUE('Reference',$,IFCLABEL('Castelnuovo_wall'),$);
#2276=IFCPROPERTYSET('0GRTnFvPpuTQqpziR_wNuJ',#6,'Pset_ReinforcementBarPitchOfWall',$,(#2275));
#2277=IFCPROPERTYSET('3sIoGRt8N0Seur_cje9djQ',#6,'Pset_WallCommon',$,(#1425,#2273));
#2278=IFCRELDEFINESBYPROPERTIES('3QXl3JdOomu5T4qZpPW9TH',#6,$,$,(#2270),#2274);
#2279=IFCRELDEFINESBYPROPERTIES('2BQTIhgW47v2VbVCEEECe$',#6,$,$,(#2270),#2276);
#2280=IFCRELDEFINESBYPROPERTIES('0vQbZEFCPYI$D7R0SbiLba',#6,$,$,(#2270),#2277);
#2281=IFCQUANTITYVOLUME('NetVolume','',$,27.629097495556081,$);
#2282=IFCELEMENTQUANTITY('0lcXHKHL2cvja8jZGBf3nM',#6,'Qto_WallBaseQuantities',$,'BaseQuantities',(#2281));
#2283=IFCRELDEFINESBYPROPERTIES('1sNrRu2xugEtvDXUMSwvw$',#6,$,$,(#2270),#2282);
#2284=IFCCARTESIANPOINT((8914.644013385805,2030.6101604381215,-0.));
#2285=IFCAXIS2PLACEMENT3D(#2284,$,$);
#2286=IFCLOCALPLACEMENT(#28,#2285);
#2287=IFCPRODUCTDEFINITIONSHAPE($,$,(#2296));
#2288=IFCCARTESIANPOINTLIST2D(((-91.007186015034705,-4781.2798324199512),(424.93912782199192,-4781.2798324199512),(89.558199743291212,4822.7733703010508),(-423.49014155024815,4739.786294538847),(-91.007186015034705,-4781.2798324199512)));
#2289=IFCINDEXEDPOLYCURVE(#2288,$,.F.);
#2290=IFCARBITRARYCLOSEDPROFILEDEF(.AREA.,'Castelnuovo_wall',#2289);
#2291=IFCCARTESIANPOINT((4589.1791053322959,1943.5412718532821,0.));
#2292=IFCDIRECTION((-0.3255681544571567,0.94551857559931685,0.));
#2293=IFCAXIS2PLACEMENT3D(#2291,#49,#2292);
#2294=IFCEXTRUDEDAREASOLID(#2290,#2293,#49,3500.000000000322);
#2295=IFCSTYLEDITEM(#2294,(#2267),$);
#2296=IFCSHAPEREPRESENTATION(#15,'Body','SweptSolid',(#2294));
#2297=IFCWALL('2XzZEtRJH75fftbZbcqwH8',#6,'Castelnuovo_wall1:Castelnuovo_wall:1690231',$,$,#2286,#2287,'1690231',.NOTDEFINED.);
#2298=IFCCARTESIANPOINTLIST2D(((-699.99999999999454,-1100.0000000000007),(699.99999999999454,-1100.),(699.99999999999454,1100.0000000000011),(-699.99999999999454,1100.0000000000011),(-699.99999999999454,-1100.0000000000007)));
#2299=IFCINDEXEDPOLYCURVE(#2298,$,.F.);
#2300=IFCARBITRARYCLOSEDPROFILEDEF(.AREA.,$,#2299);
#2301=IFCCARTESIANPOINT((2019.0607975687146,658.7142969397197,1227.5230160273079));
#2302=IFCDIRECTION((-0.35836794954530005,0.93358042649720185,0.));
#2303=IFCDIRECTION((-0.93358042649720185,-0.35836794954530005,0.));
#2304=IFCAXIS2PLACEMENT3D(#2301,#2302,#2303);
#2305=IFCEXTRUDEDAREASOLID(#2300,#2304,#49,608.44577567399006);
#2306=IFCSHAPEREPRESENTATION(#15,'Body','SweptSolid',(#2305));
#2307=IFCPRODUCTDEFINITIONSHAPE($,$,(#2306));
#2308=IFCAXIS2PLACEMENT3D(#10,$,$);
#2309=IFCLOCALPLACEMENT(#2286,#2308);
#2310=IFCOPENINGELEMENT('0BEMjRp5Z8kJ4ZP_zM$WI_',#6,'Castelnuovo_wall',$,$,#2309,#2307,'1727402',.OPENING.);
#2311=IFCQUANTITYLENGTH('Height',$,$,2200.0000000000014,$);
#2312=IFCQUANTITYLENGTH('Width',$,$,1399.9999999999852,$);
#2313=IFCQUANTITYAREA('Area',$,$,3079999.9999999693,$);
#2314=IFCELEMENTQUANTITY('1B2zzgylH1BH_IUeSS1ngl',#6,'Qto_OpeningElementBaseQuantities',$,'BaseQuantities',(#2311,#2312,#2313));
#2315=IFCRELDEFINESBYPROPERTIES('2E0GUZdX6ng63o_qjDNPxz',#6,$,$,(#2310),#2314);
#2316=IFCRELVOIDSELEMENT('2jDIBQgeXtlc6A0R8JkrIp',#6,$,$,#2297,#2310);
#2317=IFCWALLTYPE('2XzZEtRJH75fftbZbcqwHA',#6,'Castelnuovo_wall1:Castelnuovo_wall',$,$,$,$,'1690229',$,.NOTDEFINED.);
#2318=IFCPROPERTYSET('0gMp9DFsPrAOAgYRRbosos',#6,'Pset_EnvironmentalImpactIndicators',$,(#2273));
#2319=IFCPROPERTYSINGLEVALUE('Reference',$,IFCLABEL('Castelnuovo_wall'),$);
#2320=IFCPROPERTYSET('2e5cMDGX5TSkjNiexRZOrK',#6,'Pset_ReinforcementBarPitchOfWall',$,(#2319));
#2321=IFCPROPERTYSET('3UGulm_9jI6fPiVap6DN4E',#6,'Pset_WallCommon',$,(#1425,#2273));
#2322=IFCPROPERTYSET('23V8TQwdsoafRoYkcO0PU2',#6,'Pset_EnvironmentalImpactIndicators',$,(#403));
#2323=IFCPROPERTYSET('2cEIrhK4lmIOsU7sOXQS$g',#6,'Pset_OpeningElementCommon',$,(#403));
#2324=IFCRELDEFINESBYPROPERTIES('3vc6eWZz3feQ8TbazLTqm2',#6,$,$,(#2297),#2318);
#2325=IFCRELDEFINESBYPROPERTIES('2aDo9_8JYS7X6M08RmeFoP',#6,$,$,(#2297),#2320);
#2326=IFCRELDEFINESBYPROPERTIES('22BEZo6YX9deY160rYJF6l',#6,$,$,(#2297),#2321);
#2327=IFCRELDEFINESBYPROPERTIES('3tTqTQtwjwi8fxR8EJwvke',#6,$,$,(#2310),#2322);
#2328=IFCRELDEFINESBYPROPERTIES('3wMhA4nbRORLW1mYIbSwyO',#6,$,$,(#2310),#2323);
#2329=IFCQUANTITYVOLUME('NetVolume','',$,15.680039333812536,$);
#2330=IFCELEMENTQUANTITY('0TpIBct_kM2dMeR20rXJ2w',#6,'Qto_WallBaseQuantities',$,'BaseQuantities',(#2329));
#2331=IFCRELDEFINESBYPROPERTIES('1W9te83N7eiogyNggde_mO',#6,$,$,(#2297),#2330);
#2332=IFCCARTESIANPOINT((8914.644013385805,2030.6101604381222,0.));
#2333=IFCAXIS2PLACEMENT3D(#2332,$,$);
#2334=IFCLOCALPLACEMENT(#32,#2333);
#2335=IFCPRODUCTDEFINITIONSHAPE($,$,(#2347));
#2336=IFCCOLOURRGBLIST(((1.,1.,0.)));
#2337=IFCINDEXEDPOLYGONALFACE((1,2,3,4));
#2338=IFCINDEXEDPOLYGONALFACE((1,4,5,6));
#2339=IFCINDEXEDPOLYGONALFACE((4,3,7,5));
#2340=IFCINDEXEDPOLYGONALFACE((3,2,8,7));
#2341=IFCINDEXEDPOLYGONALFACE((2,1,6,8));
#2342=IFCINDEXEDPOLYGONALFACE((6,5,7,8));
#2343=IFCCARTESIANPOINTLIST3D(((9139.5970436170028,3414.1247379472325,0.),(245.49802329007434,4.5474735088646412E-013,0.),(3.637978807091713E-012,458.07878777376504,0.),(8971.6213544221064,3901.9615616921355,0.),(8971.6213544221064,3901.9615616921365,2402.8609983533033),(9139.5970436170028,3414.1247379472306,2570.3999954771907),(3.637978807091713E-012,458.07878777376504,2402.8609983533033),(245.49802329007434,1.3642420526593924E-012,2570.3999954771907)));
#2344=IFCPOLYGONALFACESET(#2343,.T.,(#2337,#2338,#2339,#2340,#2341,#2342),$);
#2345=IFCINDEXEDCOLOURMAP(#2344,1.,#2336,(1,1,1,1,1,1));
#2346=IFCSTYLEDITEM(#2344,(#2267),$);
#2347=IFCSHAPEREPRESENTATION(#15,'Body','Tessellation',(#2344));
#2348=IFCWALL('2XzZEtRJH75fftbZbcqwJ5',#6,'Castelnuovo_wall2:Castelnuovo_wall:1690362',$,$,#2334,#2335,'1690362',.NOTDEFINED.);
#2349=IFCWALLTYPE('2XzZEtRJH75fftbZbcqwJ7',#6,'Castelnuovo_wall2:Castelnuovo_wall',$,$,$,$,'1690360',$,.NOTDEFINED.);
#2350=IFCPROPERTYSET('2PL1N_fTZWlIcm2uLsZywy',#6,'Pset_EnvironmentalImpactIndicators',$,(#2273));
#2351=IFCPROPERTYSINGLEVALUE('Reference',$,IFCLABEL('Castelnuovo_wall'),$);
#2352=IFCPROPERTYSET('3AcuZK8ZAeF$cuQsrnbIpi',#6,'Pset_ReinforcementBarPitchOfWall',$,(#2351));
#2353=IFCPROPERTYSET('3mMXoGm2HX3kD9DxWCFHxF',#6,'Pset_WallCommon',$,(#1425,#2273));
#2354=IFCRELDEFINESBYPROPERTIES('3dHVuMwvJlW_BzGcC0Cu1F',#6,$,$,(#2348),#2350);
#2355=IFCRELDEFINESBYPROPERTIES('2jyHPNreepxBwQ6FDAMOBE',#6,$,$,(#2348),#2352);
#2356=IFCRELDEFINESBYPROPERTIES('35naxpXx8Pok6NwV6aFiKv',#6,$,$,(#2348),#2353);
#2357=IFCQUANTITYVOLUME('NetVolume','',$,12.267858714825776,$);
#2358=IFCELEMENTQUANTITY('0UuueZEHJ9YP6xSuX0MXPP',#6,'Qto_WallBaseQuantities',$,'BaseQuantities',(#2357));
#2359=IFCRELDEFINESBYPROPERTIES('00VnXqJ8QWqJArE1ySBGGS',#6,$,$,(#2348),#2358);
#2360=IFCCARTESIANPOINT((9160.1420366758812,-2616.6401398325165,-0.));
#2361=IFCAXIS2PLACEMENT3D(#2360,#49,#146);
#2362=IFCLOCALPLACEMENT(#32,#2361);
#2363=IFCPRODUCTDEFINITIONSHAPE($,$,(#2416));
#2364=IFCCOLOURRGBLIST(((1.,1.,0.)));
#2365=IFCINDEXEDPOLYGONALFACE((1,2,3,4));
#2366=IFCINDEXEDPOLYGONALFACE((5,6,7,8));
#2367=IFCINDEXEDPOLYGONALFACE((2,1,6,5));
#2368=IFCINDEXEDPOLYGONALFACEWITHVOIDS((3,2,5,8,9,10,11,12),((13,14,15,16)));
#2369=IFCINDEXEDPOLYGONALFACE((4,3,12,17));
#2370=IFCINDEXEDPOLYGONALFACEWITHVOIDS((1,4,17,18,19,20,7,6),((21,22,23,24)));
#2371=IFCINDEXEDPOLYGONALFACE((10,19,18,11));
#2372=IFCINDEXEDPOLYGONALFACE((20,9,8,7));
#2373=IFCINDEXEDPOLYGONALFACE((19,10,9,20));
#2374=IFCINDEXEDPOLYGONALFACE((13,22,21,14));
#2375=IFCINDEXEDPOLYGONALFACE((14,21,24,15));
#2376=IFCINDEXEDPOLYGONALFACE((15,24,23,16));
#2377=IFCINDEXEDPOLYGONALFACE((22,13,16,23));
#2378=IFCINDEXEDPOLYGONALFACE((17,12,11,18));
#2379=IFCCARTESIANPOINTLIST3D(((4825.5364397563762,-464.45127236076587,2215.8072539634722),(4647.2503002706408,-1.8189894035458565E-012,2215.8072539634722),(0.,-2490.5994184871743,2215.8072539634722),(158.13251601315642,-2965.8516160527415,2215.8072539634722),(4647.2503002706408,-1.8189894035458565E-012,9.0949470177292824E-013),(4825.5364397563762,-464.45127236076587,9.0949470177292824E-013),(1928.9122076159815,-2016.8382026977415,9.0949470177292824E-013),(1695.7581724182296,-1581.792264744292,9.0949470177292824E-013),(1695.7581724182321,-1581.792264744292,1870.3804430777236),(666.10506816732573,-2133.613934978297,1870.3804430777236),(666.105068167323,-2133.6139349782989,9.0949470177292824E-013),(0.,-2490.5994184871743,9.0949470177292824E-013),(3926.3167119070035,-386.36971540822378,562.26688816406204),(3926.3167119070058,-386.36971540822378,1670.1705151457936),(2956.7756907461635,-905.97553551264718,1670.1705151457991),(2956.7756907461608,-905.97553551264718,562.26688816406386),(158.13251601315642,-2965.8516160527415,9.0949470177292824E-013),(899.25910336507536,-2568.6598729317466,9.0949470177292824E-013),(899.25910336507741,-2568.6598729317429,1870.3804430777236),(1928.9122076159845,-2016.8382026977397,1870.3804430777236),(4159.4707471047577,-821.4156533616715,1670.1705151457936),(4159.4707471047559,-821.4156533616715,562.26688816406204),(3189.9297259439136,-1341.0214734660949,562.26688816406386),(3189.9297259439154,-1341.0214734660949,1670.1705151457991)));
#2380=IFCPOLYGONALFACESET(#2379,.T.,(#2365,#2366,#2367,#2368,#2369,#2370,#2371,#2372,#2373,#2374,#2375,#2376,#2377,#2378),$);
#2381=IFCINDEXEDCOLOURMAP(#2380,1.,#2364,(1,1,1,1,1,1,1,1,1,1,1,1,1,1));
#2382=IFCSTYLEDITEM(#2380,(#2267),$);
#2383=IFCCOLOURRGBLIST(((1.,0.50196078431372548,0.25098039215686274)));
#2384=IFCINDEXEDPOLYGONALFACE((1,2,3,4,5,6,7,8));
#2385=IFCINDEXEDPOLYGONALFACE((9,10,11,12,13,14,15,16));
#2386=IFCINDEXEDPOLYGONALFACE((2,1,9,16));
#2387=IFCINDEXEDPOLYGONALFACE((3,2,16,15));
#2388=IFCINDEXEDPOLYGONALFACE((4,3,15,14));
#2389=IFCINDEXEDPOLYGONALFACE((5,4,14,13));
#2390=IFCINDEXEDPOLYGONALFACE((6,5,13,12));
#2391=IFCINDEXEDPOLYGONALFACE((7,6,12,11));
#2392=IFCINDEXEDPOLYGONALFACE((8,7,11,10));
#2393=IFCINDEXEDPOLYGONALFACE((1,8,10,9));
#2394=IFCCARTESIANPOINTLIST3D(((1697.0306241766937,-1584.1665533483574,9.0949470177292824E-013),(1520.7504385110853,-1678.6403388218896,-9.0949470177292824E-013),(1520.7504385110885,-1678.6403388218878,1670.3804430777218),(843.6577055913981,-2041.5144381088267,1670.3804430777236),(843.6577055913956,-2041.5144381088303,9.0949470177292824E-013),(667.37751992578728,-2135.9882235823625,-9.0949470177292824E-013),(667.37751992579024,-2135.9882235823588,1870.3804430777236),(1697.0306241766971,-1584.1665533483556,1870.3804430777236),(1929.7797748258863,-2018.457010582626,9.0949470177292824E-013),(1929.7797748258899,-2018.4570105826242,1870.3804430777236),(900.12667057498265,-2570.2786808166275,1870.3804430777236),(900.12667057498129,-2570.2786808166275,-9.0949470177292824E-013),(1076.4068562405885,-2475.8048953430989,9.0949470177292824E-013),(1076.4068562405912,-2475.8048953430953,1670.3804430777236),(1753.4995891602812,-2112.9307960561564,1670.3804430777218),(1753.499589160278,-2112.9307960561582,-9.0949470177292824E-013)));
#2395=IFCPOLYGONALFACESET(#2394,.T.,(#2384,#2385,#2386,#2387,#2388,#2389,#2390,#2391,#2392,#2393),$);
#2396=IFCINDEXEDCOLOURMAP(#2395,1.,#2383,(1,1,1,1,1,1,1,1,1,1));
#2397=IFCCOLOURRGB($,1.,0.50196078431372548,0.25098039215686274);
#2398=IFCSURFACESTYLERENDERING(#2397,0.,$,$,$,$,IFCNORMALISEDRATIOMEASURE(0.5),IFCSPECULAREXPONENT(64.),.NOTDEFINED.);
#2399=IFCSURFACESTYLE('Bricks',.BOTH.,(#2398));
#2400=IFCSTYLEDITEM(#2395,(#2399),$);
#2401=IFCCOLOURRGBLIST(((1.,0.50196078431372548,0.25098039215686274)));
#2402=IFCINDEXEDPOLYGONALFACEWITHVOIDS((1,2,3,4),((5,6,7,8)));
#2403=IFCINDEXEDPOLYGONALFACEWITHVOIDS((9,10,11,12),((13,14,15,16)));
#2404=IFCINDEXEDPOLYGONALFACE((2,1,9,12));
#2405=IFCINDEXEDPOLYGONALFACE((3,2,12,11));
#2406=IFCINDEXEDPOLYGONALFACE((4,3,11,10));
#2407=IFCINDEXEDPOLYGONALFACE((1,4,10,9));
#2408=IFCINDEXEDPOLYGONALFACE((6,5,13,16));
#2409=IFCINDEXEDPOLYGONALFACE((7,6,16,15));
#2410=IFCINDEXEDPOLYGONALFACE((8,7,15,14));
#2411=IFCINDEXEDPOLYGONALFACE((5,8,14,13));
#2412=IFCCARTESIANPOINTLIST3D(((3927.5891636654715,-388.74400401229104,1670.1705151457954),(3927.5891636654696,-388.74400401229286,562.26688816406204),(2958.0481425046287,-908.34982411671444,562.26688816406386),(2958.0481425046301,-908.34982411671444,1670.1705151457991),(3751.3089779998627,-483.21778948582323,762.26688816406204),(3751.3089779998645,-483.21778948582323,1470.1705151457954),(3134.3283281702379,-813.87603864318226,1470.1705151457973),(3134.3283281702361,-813.87603864318407,762.26688816406386),(4160.3383143146621,-823.0344612465542,1670.1705151457954),(3190.7972931538193,-1342.6402813509776,1670.1705151457991),(3190.7972931538184,-1342.6402813509776,562.26688816406386),(4160.3383143146602,-823.0344612465542,562.26688816406204),(3984.0581286490524,-917.50824672008639,762.26688816406204),(3367.0774788194262,-1248.1664958774454,762.26688816406386),(3367.0774788194276,-1248.1664958774454,1470.1705151457973),(3984.0581286490537,-917.50824672008639,1470.1705151457954)));
#2413=IFCPOLYGONALFACESET(#2412,.T.,(#2402,#2403,#2404,#2405,#2406,#2407,#2408,#2409,#2410,#2411),$);
#2414=IFCINDEXEDCOLOURMAP(#2413,1.,#2401,(1,1,1,1,1,1,1,1,1,1));
#2415=IFCSTYLEDITEM(#2413,(#2399),$);
#2416=IFCSHAPEREPRESENTATION(#15,'Body','Tessellation',(#2380,#2395,#2413));
#2417=IFCWALL('2XzZEtRJH75fftbZbcqwNS',#6,'Castelnuovo_wall3:Castelnuovo_wall3:1690595',$,$,#2362,#2363,'1690595',.NOTDEFINED.);
#2418=IFCWALLTYPE('2XzZEtRJH75fftbZbcqwNU',#6,'Castelnuovo_wall3:Castelnuovo_wall3',$,$,$,$,'1690593',$,.NOTDEFINED.);
#2419=IFCPROPERTYSINGLEVALUE('Reference',$,IFCIDENTIFIER('Castelnuovo_wall3'),$);
#2420=IFCPROPERTYSET('2dRqC5VfH_jKeZTYqIAGvB',#6,'Pset_EnvironmentalImpactIndicators',$,(#2419));
#2421=IFCPROPERTYSINGLEVALUE('Reference',$,IFCLABEL('Castelnuovo_wall3'),$);
#2422=IFCPROPERTYSET('1wGI1pPyRWIdS5JBiiGRJT',#6,'Pset_ReinforcementBarPitchOfWall',$,(#2421));
#2423=IFCPROPERTYSET('1FD6tqRJSQlHfuyKVU5gW_',#6,'Pset_WallCommon',$,(#1425,#2419));
#2424=IFCRELDEFINESBYPROPERTIES('1gzH8A_J4tJ8FmirVwBkWC',#6,$,$,(#2417),#2420);
#2425=IFCRELDEFINESBYPROPERTIES('26HoCe8GDAuKKn01dqrQ0u',#6,$,$,(#2417),#2422);
#2426=IFCRELDEFINESBYPROPERTIES('2_pm3c56xBpKXoy5_ge5CG',#6,$,$,(#2417),#2423);
#2427=IFCQUANTITYVOLUME('NetVolume','',$,4.8997135227076196,$);
#2428=IFCELEMENTQUANTITY('2LsMcbC0oFumhBx8lLh2eh',#6,'Qto_WallBaseQuantities',$,'BaseQuantities',(#2427));
#2429=IFCRELDEFINESBYPROPERTIES('2aTBqFx6xg$rt0gb5IkyLy',#6,$,$,(#2417),#2428);
#2430=IFCCARTESIANPOINT((9160.1420366758812,-2616.6401398325165,0.));
#2431=IFCAXIS2PLACEMENT3D(#2430,#49,#146);
#2432=IFCLOCALPLACEMENT(#28,#2431);
#2433=IFCPRODUCTDEFINITIONSHAPE($,$,(#2442));
#2434=IFCCARTESIANPOINTLIST2D(((81.842605427670136,-2621.2378955078962),(579.33726060525419,-2621.2378955078975),(-80.412045607926231,2609.8950285999808),(-580.7678204249944,2632.5807624158128),(81.842605427670136,-2621.2378955078962)));
#2435=IFCINDEXEDPOLYCURVE(#2434,$,.F.);
#2436=IFCARBITRARYCLOSEDPROFILEDEF(.AREA.,'Castelnuovo_wall3',#2435);
#2437=IFCCARTESIANPOINT((2407.7298140100434,-1480.2255767251715,0.));
#2438=IFCDIRECTION((-0.35836794954529816,0.93358042649720263,0.));
#2439=IFCAXIS2PLACEMENT3D(#2437,#49,#2438);
#2440=IFCEXTRUDEDAREASOLID(#2436,#2439,#49,3500.0000000001678);
#2441=IFCSTYLEDITEM(#2440,(#2267),$);
#2442=IFCSHAPEREPRESENTATION(#15,'Body','SweptSolid',(#2440));
#2443=IFCWALL('2XzZEtRJH75fftbZbcqwCR',#6,'Castelnuovo_wall4:Castelnuovo_wall3:1690916',$,$,#2432,#2433,'1690916',.NOTDEFINED.);
#2444=IFCWALLTYPE('2XzZEtRJH75fftbZbcqwCT',#6,'Castelnuovo_wall4:Castelnuovo_wall3',$,$,$,$,'1690914',$,.NOTDEFINED.);
#2445=IFCPROPERTYSET('27mFwoZyrwsQjEFFkdvoY5',#6,'Pset_EnvironmentalImpactIndicators',$,(#2419));
#2446=IFCPROPERTYSINGLEVALUE('Reference',$,IFCLABEL('Castelnuovo_wall3'),$);
#2447=IFCPROPERTYSET('1L0XdohYsIpn1tEUK_gUo6',#6,'Pset_ReinforcementBarPitchOfWall',$,(#2446));
#2448=IFCPROPERTYSET('0yf$PHpUYRk35N45vy1TVQ',#6,'Pset_WallCommon',$,(#1425,#2419));
#2449=IFCRELDEFINESBYPROPERTIES('3piqVbpsDSJYRD$DdEMJOc',#6,$,$,(#2443),#2445);
#2450=IFCRELDEFINESBYPROPERTIES('3ocPuMyug8TNq$4IJTf7HF',#6,$,$,(#2443),#2447);
#2451=IFCRELDEFINESBYPROPERTIES('3fHcODkLfwjvi0$1Zkbvv7',#6,$,$,(#2443),#2448);
#2452=IFCQUANTITYVOLUME('NetVolume','',$,9.1283629007492291,$);
#2453=IFCELEMENTQUANTITY('2Xb_kt0NxZqTBuX17ZvAl4',#6,'Qto_WallBaseQuantities',$,'BaseQuantities',(#2452));
#2454=IFCRELDEFINESBYPROPERTIES('1v0r8oLfPWMVnzMdmabBdm',#6,$,$,(#2443),#2453);
#2455=IFCCARTESIANPOINT((9160.1420366758812,-2616.6401398325165,-1500.));
#2456=IFCAXIS2PLACEMENT3D(#2455,#49,#146);
#2457=IFCLOCALPLACEMENT(#24,#2456);
#2458=IFCPRODUCTDEFINITIONSHAPE($,$,(#2467));
#2459=IFCCARTESIANPOINTLIST2D(((81.842605427670136,-2621.2378955078962),(579.33726060525419,-2621.2378955078975),(-80.412045607926231,2609.8950285999808),(-580.7678204249944,2632.5807624158128),(81.842605427670136,-2621.2378955078962)));
#2460=IFCINDEXEDPOLYCURVE(#2459,$,.F.);
#2461=IFCARBITRARYCLOSEDPROFILEDEF(.AREA.,'Castelnuovo_wall3',#2460);
#2462=IFCCARTESIANPOINT((2407.7298140100434,-1480.2255767251715,0.));
#2463=IFCDIRECTION((-0.35836794954529816,0.93358042649720263,0.));
#2464=IFCAXIS2PLACEMENT3D(#2462,#49,#2463);
#2465=IFCEXTRUDEDAREASOLID(#2461,#2464,#49,5599.9999999999782);
#2466=IFCSTYLEDITEM(#2465,(#2267),$);
#2467=IFCSHAPEREPRESENTATION(#15,'Body','SweptSolid',(#2465));
#2468=IFCWALL('2XzZEtRJH75fftbZbcqwCB',#6,'Castelnuovo_wall5:Castelnuovo_wall3:1690932',$,$,#2457,#2458,'1690932',.NOTDEFINED.);
#2469=IFCWALLTYPE('2XzZEtRJH75fftbZbcqwCD',#6,'Castelnuovo_wall5:Castelnuovo_wall3',$,$,$,$,'1690930',$,.NOTDEFINED.);
#2470=IFCPROPERTYSET('1tAJMAfxNIdhjvrtL93vev',#6,'Pset_EnvironmentalImpactIndicators',$,(#2419));
#2471=IFCPROPERTYSINGLEVALUE('Reference',$,IFCLABEL('Castelnuovo_wall3'),$);
#2472=IFCPROPERTYSET('2lOtlZcfLttYddmP6JyKUb',#6,'Pset_ReinforcementBarPitchOfWall',$,(#2471));
#2473=IFCPROPERTYSET('0h6WGZ5oPQZO0Li4ybhH1I',#6,'Pset_WallCommon',$,(#1425,#2419));
#2474=IFCRELDEFINESBYPROPERTIES('07mL6iuGpkEqtPT$FlyePy',#6,$,$,(#2468),#2470);
#2475=IFCRELDEFINESBYPROPERTIES('1bgMbaIoJ7UBqbVUdmkOH_',#6,$,$,(#2468),#2472);
#2476=IFCRELDEFINESBYPROPERTIES('0NAEM9imIVbEJImA0rYBmi',#6,$,$,(#2468),#2473);
#2477=IFCQUANTITYVOLUME('NetVolume','',$,14.605380641198009,$);
#2478=IFCELEMENTQUANTITY('1QD4fNxh2LP6Dva9tH9LEd',#6,'Qto_WallBaseQuantities',$,'BaseQuantities',(#2477));
#2479=IFCRELDEFINESBYPROPERTIES('0r8x_rz5g_eJGIRqHbi3Ie',#6,$,$,(#2468),#2478);
#2480=IFCCARTESIANPOINTLIST2D(((-250.0000000004849,-842.49999999999795),(250.00000000048496,-842.49999999999795),(250.0000000004849,842.49999999999795),(-250.00000000048496,842.49999999999795),(-250.0000000004849,-842.49999999999795)));
#2481=IFCINDEXEDPOLYCURVE(#2480,$,.F.);
#2482=IFCARBITRARYCLOSEDPROFILEDEF(.AREA.,'Arch1',#2481);
#2483=IFCCARTESIANPOINT((842.49999999999716,250.,2000.));
#2484=IFCAXIS2PLACEMENT3D(#2483,#49,#146);
#2485=IFCEXTRUDEDAREASOLID(#2482,#2484,#49,200.);
#2486=IFCCARTESIANPOINTLIST2D(((-250.00000000048493,-99.999999999998522),(250.00000000048493,-99.999999999998522),(250.00000000048493,99.999999999998522),(-250.00000000048493,99.999999999998522),(-250.00000000048493,-99.999999999998522)));
#2487=IFCINDEXEDPOLYCURVE(#2486,$,.F.);
#2488=IFCARBITRARYCLOSEDPROFILEDEF(.AREA.,'Arch1',#2487);
#2489=IFCCARTESIANPOINT((1385.,250.,0.));
#2490=IFCAXIS2PLACEMENT3D(#2489,#49,#146);
#2491=IFCEXTRUDEDAREASOLID(#2488,#2490,#49,2000.0000000000002);
#2492=IFCCARTESIANPOINTLIST2D(((-250.00000000048493,-100.00000000000021),(250.00000000048493,-100.00000000000021),(250.00000000048493,100.00000000000021),(-250.00000000048493,100.00000000000021),(-250.00000000048493,-100.00000000000021)));
#2493=IFCINDEXEDPOLYCURVE(#2492,$,.F.);
#2494=IFCARBITRARYCLOSEDPROFILEDEF(.AREA.,'Arch1',#2493);
#2495=IFCCARTESIANPOINT((285.,250.,0.));
#2496=IFCAXIS2PLACEMENT3D(#2495,#49,#146);
#2497=IFCEXTRUDEDAREASOLID(#2494,#2496,#49,2000.0000000000002);
#2498=IFCCARTESIANPOINTLIST2D(((-650.00000000001342,-1.3535839116229909E-012),(3.5111368581269596E-012,-650.00000000001444),(650.00000000001342,-8.1215034697379459E-013),(450.00000000000006,3.2486013878951784E-012),(1.6337157087651527E-012,-449.9999999999992),(-450.00000000000006,-8.1215034697379459E-013)));
#2499=IFCINDEXEDPOLYCURVE(#2498,(IFCARCINDEX((1,2,3)),IFCLINEINDEX((3,4)),IFCARCINDEX((4,5,6)),IFCLINEINDEX((6,1))),.F.);
#2500=IFCARBITRARYCLOSEDPROFILEDEF(.AREA.,'Arch1',#2499);
#2501=IFCCARTESIANPOINT((835.,0.,2200.));
#2502=IFCAXIS2PLACEMENT3D(#2501,#146,#1561);
#2503=IFCEXTRUDEDAREASOLID(#2500,#2502,#49,500.00000000096986);
#2504=IFCCOLOURRGB($,0.57647058823529407,0.55686274509803924,0.88235294117647056);
#2505=IFCSURFACESTYLERENDERING(#2504,0.,$,$,$,$,IFCNORMALISEDRATIOMEASURE(0.5),IFCSPECULAREXPONENT(64.),.NOTDEFINED.);
#2506=IFCSURFACESTYLE('Stone',.BOTH.,(#2505));
#2507=IFCSTYLEDITEM(#2485,(#2506),$);
#2508=IFCSTYLEDITEM(#2491,(#2506),$);
#2509=IFCSTYLEDITEM(#2497,(#2506),$);
#2510=IFCSTYLEDITEM(#2503,(#2506),$);
#2511=IFCSHAPEREPRESENTATION(#15,'Body','SweptSolid',(#2485,#2491,#2497,#2503));
#2512=IFCAXIS2PLACEMENT3D(#10,$,$);
#2513=IFCREPRESENTATIONMAP(#2512,#2511);
#2514=IFCDOORLININGPROPERTIES('2jXvyeVVHFE9GajLikYx5r',#6,'Arch1:Arch1:1692921',$,$,$,$,$,$,$,$,$,$,$,$,$,$);
#2515=IFCDOORPANELPROPERTIES('2jXvyeVVHFE9GajLWkYx5r',#6,'Arch1:Arch1:1692921:1',$,$,.NOTDEFINED.,$,.NOTDEFINED.,$);
#2516=IFCDOORTYPE('1ahMUjHQ9DE5Ifdu8H7Xcn',#6,'Arch1:Arch1',$,$,(#2514,#2515),(#2513),'1691921',$,.DOOR.,.NOTDEFINED.,$,$);
#2517=IFCMATERIAL('Stone',$,$);
#2518=IFCCARTESIANTRANSFORMATIONOPERATOR3D($,$,#10,1.,$);
#2519=IFCMAPPEDITEM(#2513,#2518);
#2520=IFCSHAPEREPRESENTATION(#15,'Body','MappedRepresentation',(#2519));
#2521=IFCPRODUCTDEFINITIONSHAPE($,$,(#2520));
#2522=IFCCARTESIANPOINT((21089.674577223963,-16353.038197492921,800.));
#2523=IFCAXIS2PLACEMENT3D(#2522,#49,#146);
#2525=IFCDOOR('2jXvyeVVHFE9GajLekYx5r',#6,'Arch1:Arch1:1692921',$,$,#5882,#2521,'1692921',2850.0000000000014,1684.9999999999959,.DOOR.,$,$);
#2526=IFCPROPERTYSINGLEVALUE('Reference',$,IFCIDENTIFIER('Arch1'),$);
#2527=IFCPROPERTYSET('20mFJv1o05671AF$W0OO4Q',#6,'Pset_DoorCommon',$,(#1425,#2526));
#2528=IFCPROPERTYSET('1HjgsObFuP0sGFgouSwNQD',#6,'Pset_EnvironmentalImpactIndicators',$,(#2526));
#2529=IFCRELDEFINESBYPROPERTIES('2SytMhdy6i90H7VpAwzt1C',#6,$,$,(#2525),#2527);
#2530=IFCRELDEFINESBYPROPERTIES('2KyW9TrjwrtOA6wxZfA4wT',#6,$,$,(#2525),#2528);
#2531=IFCQUANTITYLENGTH('Width','',$,1300.,$);
#2532=IFCQUANTITYLENGTH('Height','',$,2000.0000000000002,$);
#2533=IFCQUANTITYLENGTH('Perimeter','',$,3855.7519189488494,$);
#2534=IFCQUANTITYAREA('Area','',$,5.589028046826761,$);
#2535=IFCELEMENTQUANTITY('1mO2t6mDOYt1stFFgvS41P',#6,'Qto_DoorBaseQuantities',$,'BaseQuantities',(#2531,#2532,#2533,#2534));
#2536=IFCRELDEFINESBYPROPERTIES('0cJCQdBjlv0UZXuwDDLoLV',#6,$,$,(#2525),#2535);
#2537=IFCCARTESIANPOINTLIST2D(((-99.99999999999838,-250.00000000048877),(99.99999999999838,-250.0000000004888),(99.99999999999838,250.0000000004888),(-99.99999999999838,250.00000000048882),(-99.99999999999838,-250.00000000048877)));
#2538=IFCINDEXEDPOLYCURVE(#2537,$,.F.);
#2539=IFCARBITRARYCLOSEDPROFILEDEF(.AREA.,'enclosed_arch',#2538);
#2540=IFCCARTESIANPOINT((100.,250.,0.));
#2541=IFCAXIS2PLACEMENT3D(#2540,$,$);
#2542=IFCEXTRUDEDAREASOLID(#2539,#2541,#49,1599.9999999999948);
#2543=IFCCARTESIANPOINTLIST2D(((-100.00000000000041,-250.0000000004888),(100.00000000000028,-250.00000000048882),(100.00000000000028,250.00000000048877),(-100.00000000000041,250.0000000004888),(-100.00000000000041,-250.0000000004888)));
#2544=IFCINDEXEDPOLYCURVE(#2543,$,.F.);
#2545=IFCARBITRARYCLOSEDPROFILEDEF(.AREA.,'enclosed_arch',#2544);
#2546=IFCCARTESIANPOINT((1700.,250.,0.));
#2547=IFCAXIS2PLACEMENT3D(#2546,$,$);
#2548=IFCEXTRUDEDAREASOLID(#2545,#2547,#49,1599.9999999999991);
#2549=IFCCARTESIANPOINTLIST2D(((-750.00000000000898,-740.88326226144261),(849.99999999999216,-740.88326226144261),(849.99999999999216,-455.88326226145875),(-949.99999999997135,-455.88326226145875),(-949.99999999997169,537.64978678433715),(849.99999999999216,537.64978678433692),(849.99999999999216,659.11673773856398),(-750.00000000001603,659.11673773856398),(-1450.0000000000123,-40.88326226144487)));
#2550=IFCINDEXEDPOLYCURVE(#2549,(IFCLINEINDEX((1,2,3,4,5,6,7,8)),IFCARCINDEX((8,9,1))),.F.);
#2551=IFCARBITRARYCLOSEDPROFILEDEF(.AREA.,'enclosed_arch',#2550);
#2552=IFCCARTESIANPOINT((940.88326226146319,130.,850.));
#2553=IFCDIRECTION((0.,-1.,0.));
#2554=IFCAXIS2PLACEMENT3D(#2552,#2553,#1408);
#2555=IFCEXTRUDEDAREASOLID(#2551,#2554,#49,129.99999999999523);
#2556=IFCCARTESIANPOINTLIST2D(((-900.00000000001376,-1.0828671292983927E-012),(4.8408352072361254E-012,-900.00000000001387),(900.00000000001387,-2.7071678232459818E-013),(700.0000000000033,4.0607517348689726E-012),(2.5193248480242623E-012,-700.00000000000352),(-700.0000000000033,-2.4364510409213838E-012)));
#2557=IFCINDEXEDPOLYCURVE(#2556,(IFCARCINDEX((1,2,3)),IFCLINEINDEX((3,4)),IFCARCINDEX((4,5,6)),IFCLINEINDEX((6,1))),.F.);
#2558=IFCARBITRARYCLOSEDPROFILEDEF(.AREA.,'enclosed_arch',#2557);
#2559=IFCCARTESIANPOINT((900.,500.,1600.));
#2560=IFCAXIS2PLACEMENT3D(#2559,#2553,#506);
#2561=IFCEXTRUDEDAREASOLID(#2558,#2560,#49,500.00000000097759);
#2562=IFCCARTESIANPOINTLIST2D(((-496.76652452289881,-64.999999999998536),(496.76652452289881,-64.999999999998408),(496.76652452289881,64.999999999998593),(-496.76652452289881,64.999999999998479),(-496.76652452289881,-64.999999999998536)));
#2563=IFCINDEXEDPOLYCURVE(#2562,$,.F.);
#2564=IFCARBITRARYCLOSEDPROFILEDEF(.AREA.,'enclosed_arch',#2563);
#2565=IFCCARTESIANPOINT((981.76652452290432,65.,1748.4252841960667));
#2566=IFCAXIS2PLACEMENT3D(#2565,$,$);
#2567=IFCEXTRUDEDAREASOLID(#2564,#2566,#49,51.574715803897369);
#2568=IFCSTYLEDITEM(#2542,(#2506),$);
#2569=IFCSTYLEDITEM(#2548,(#2506),$);
#2570=IFCSTYLEDITEM(#2555,(#1792),$);
#2571=IFCSTYLEDITEM(#2561,(#2506),$);
#2572=IFCCOLOURRGB($,0.15686274509803921,0.86274509803921573,0.078431372549019607);
#2573=IFCSURFACESTYLERENDERING(#2572,0.,$,$,$,$,IFCNORMALISEDRATIOMEASURE(0.5),IFCSPECULAREXPONENT(64.),.NOTDEFINED.);
#2574=IFCSURFACESTYLE('Timber',.BOTH.,(#2573));
#2575=IFCSTYLEDITEM(#2567,(#2574),$);
#2576=IFCSHAPEREPRESENTATION(#15,'Body','SweptSolid',(#2542,#2548,#2555,#2561,#2567));
#2577=IFCAXIS2PLACEMENT3D(#10,$,$);
#2578=IFCREPRESENTATIONMAP(#2577,#2576);
#2579=IFCDOORLININGPROPERTIES('2jXvyeVVHFE9GajLikYx3J',#6,'enclosed_arch:enclosed_arch:1693023',$,$,$,$,$,$,$,$,$,$,$,$,$,$);
#2580=IFCDOORPANELPROPERTIES('2jXvyeVVHFE9GajLWkYx3J',#6,'enclosed_arch:enclosed_arch:1693023:1',$,$,.NOTDEFINED.,$,.NOTDEFINED.,$);
#2581=IFCDOORTYPE('2aQANVhjVp_WB8$dun$z_$',#6,'enclosed_arch:enclosed_arch',$,$,(#2579,#2580),(#2578),'1693059',$,.DOOR.,.NOTDEFINED.,$,$);
#2582=IFCMATERIAL('Timber',$,$);
#2583=IFCMATERIALCONSTITUENT('Stone',$,#2517,0.,'');
#2584=IFCSHAPEREPRESENTATION(#15,'Body','SweptSolid',(#2542,#2548,#2561));
#2585=IFCSHAPEASPECT((#2584),'Stone',$,.U.,#2578);
#2586=IFCMATERIALCONSTITUENT('Tufelli_masonry_typeD',$,#1822,0.95973425955123159,'');
#2587=IFCSHAPEREPRESENTATION(#15,'Body','SweptSolid',(#2555));
#2588=IFCSHAPEASPECT((#2587),'Tufelli_masonry_typeD',$,.U.,#2578);
#2589=IFCMATERIALCONSTITUENT('Timber',$,#2582,0.040265740448768454,'');
#2590=IFCSHAPEREPRESENTATION(#15,'Body','SweptSolid',(#2567));
#2591=IFCSHAPEASPECT((#2590),'Timber',$,.U.,#2578);
#2592=IFCMATERIALCONSTITUENTSET($,$,(#2583,#2586,#2589));
#2593=IFCMAPPEDITEM(#2578,#2518);
#2594=IFCSHAPEREPRESENTATION(#15,'Body','MappedRepresentation',(#2593));
#2595=IFCPRODUCTDEFINITIONSHAPE($,$,(#2594));
#2596=IFCCARTESIANPOINT((21089.674577223963,-14582.347204599415,800.));
#2597=IFCAXIS2PLACEMENT3D(#2596,#49,#146);
#2599=IFCDOOR('2jXvyeVVHFE9GajLekYx3J',#6,'enclosed_arch:enclosed_arch:1693023',$,$,#5902,#2595,'1693023',2500.0000000000014,1800.0000000000066,.DOOR.,$,$);
#2600=IFCMATERIALCONSTITUENT('Stone',$,#2517,0.77546300739163743,'');
#2601=IFCMATERIALCONSTITUENT('Tufelli_masonry_typeD',$,#1822,0.21549584434284719,'');
#2602=IFCMATERIALCONSTITUENT('Timber',$,#2582,0.0090411482655154973,'');
#2603=IFCMATERIALCONSTITUENTSET($,$,(#2600,#2601,#2602));
#2604=IFCPROPERTYSINGLEVALUE('Reference',$,IFCIDENTIFIER('enclosed_arch'),$);
#2605=IFCPROPERTYSET('1X_8cdNbXfqeavLbG1cTsP',#6,'Pset_DoorCommon',$,(#1425,#2604));
#2606=IFCPROPERTYSET('2JbWFq4RLyW8oTGh5Vc6Mr',#6,'Pset_EnvironmentalImpactIndicators',$,(#2604));
#2607=IFCRELDEFINESBYPROPERTIES('09ALaagouk1CTdcsJcm63T',#6,$,$,(#2599),#2605);
#2608=IFCRELDEFINESBYPROPERTIES('1I7b$LASKVcz_LwGjglCJ$',#6,$,$,(#2599),#2606);
#2609=IFCQUANTITYLENGTH('Width','',$,1800.0000000000002,$);
#2610=IFCQUANTITYLENGTH('Height','',$,1400.,$);
#2611=IFCQUANTITYLENGTH('Perimeter','',$,2247.0660980915891,$);
#2612=IFCQUANTITYAREA('Area','',$,6.3836550453759955,$);
#2613=IFCELEMENTQUANTITY('2KXG4tDW3FPUaIqydvME1r',#6,'Qto_DoorBaseQuantities',$,'BaseQuantities',(#2609,#2610,#2611,#2612));
#2614=IFCRELDEFINESBYPROPERTIES('0TseYDPKsadAoEZbB4dhlf',#6,$,$,(#2599),#2613);
#2615=IFCCARTESIANPOINTLIST2D(((-250.0000000004849,-1099.9999999999998),(250.00000000048496,-1099.9999999999998),(250.0000000004849,1099.9999999999998),(-250.00000000048496,1099.9999999999998),(-250.0000000004849,-1099.9999999999998)));
#2616=IFCINDEXEDPOLYCURVE(#2615,$,.F.);
#2617=IFCARBITRARYCLOSEDPROFILEDEF(.AREA.,'Door',#2616);
#2618=IFCCARTESIANPOINT((1100.,250.,1800.));
#2619=IFCAXIS2PLACEMENT3D(#2618,#49,#146);
#2620=IFCEXTRUDEDAREASOLID(#2617,#2619,#49,200.);
#2621=IFCCARTESIANPOINTLIST2D(((-250.00000000048493,-99.99999999999865),(250.00000000048493,-99.99999999999865),(250.00000000048493,99.99999999999865),(-250.00000000048493,99.99999999999865),(-250.00000000048493,-99.99999999999865)));
#2622=IFCINDEXEDPOLYCURVE(#2621,$,.F.);
#2623=IFCARBITRARYCLOSEDPROFILEDEF(.AREA.,'Door',#2622);
#2624=IFCCARTESIANPOINT((1900.,250.,0.));
#2625=IFCAXIS2PLACEMENT3D(#2624,#49,#146);
#2626=IFCEXTRUDEDAREASOLID(#2623,#2625,#49,1800.0000000000002);
#2627=IFCCARTESIANPOINTLIST2D(((-250.00000000048493,-99.999999999999602),(250.00000000048493,-99.999999999999602),(250.00000000048493,99.999999999999602),(-250.00000000048493,99.999999999999602),(-250.00000000048493,-99.999999999999602)));
#2628=IFCINDEXEDPOLYCURVE(#2627,$,.F.);
#2629=IFCARBITRARYCLOSEDPROFILEDEF(.AREA.,'Door',#2628);
#2630=IFCCARTESIANPOINT((300.,250.,0.));
#2631=IFCAXIS2PLACEMENT3D(#2630,#49,#146);
#2632=IFCEXTRUDEDAREASOLID(#2629,#2631,#49,1800.0000000000002);
#2633=IFCCOLOURRGB($,0.27843137254901962,0.13725490196078433,0.12941176470588237);
#2634=IFCSURFACESTYLERENDERING(#2633,0.,$,$,$,$,IFCNORMALISEDRATIOMEASURE(0.5),IFCSPECULAREXPONENT(64.),.NOTDEFINED.);
#2635=IFCSURFACESTYLE('Steel',.BOTH.,(#2634));
#2636=IFCSTYLEDITEM(#2620,(#2635),$);
#2637=IFCSTYLEDITEM(#2626,(#2506),$);
#2638=IFCSTYLEDITEM(#2632,(#2506),$);
#2639=IFCSHAPEREPRESENTATION(#15,'Body','SweptSolid',(#2620,#2626,#2632));
#2640=IFCAXIS2PLACEMENT3D(#10,$,$);
#2641=IFCREPRESENTATIONMAP(#2640,#2639);
#2642=IFCDOORLININGPROPERTIES('2jXvyeVVHFE9GajLikYx_G',#6,'Door:Door:1694236',$,$,$,$,$,$,$,$,$,$,$,$,$,$);
#2643=IFCDOORPANELPROPERTIES('2jXvyeVVHFE9GajLWkYx_G',#6,'Door:Door:1694236:1',$,$,.NOTDEFINED.,$,.NOTDEFINED.,$);
#2644=IFCDOORTYPE('0Yh0FDmQDSqqWK9M3Pze89',#6,'Door:Door',$,$,(#2642,#2643),(#2641),'1694272',$,.DOOR.,.NOTDEFINED.,$,$);
#2645=IFCMATERIAL('Steel',$,'Metal');
#2646=IFCMATERIALCONSTITUENT('Steel',$,#2645,0.,'Metal');
#2647=IFCSHAPEREPRESENTATION(#15,'Body','SweptSolid',(#2620));
#2648=IFCSHAPEASPECT((#2647),'Steel',$,.U.,#2641);
#2649=IFCMATERIALCONSTITUENT('Stone',$,#2517,0.,'');
#2650=IFCSHAPEREPRESENTATION(#15,'Body','SweptSolid',(#2626,#2632));
#2651=IFCSHAPEASPECT((#2650),'Stone',$,.U.,#2641);
#2652=IFCMATERIALCONSTITUENTSET($,$,(#2646,#2649));
#2653=IFCMAPPEDITEM(#2641,#2518);
#2654=IFCSHAPEREPRESENTATION(#15,'Body','MappedRepresentation',(#2653));
#2655=IFCPRODUCTDEFINITIONSHAPE($,$,(#2654));
#2656=IFCCARTESIANPOINT((20589.674577223974,-8582.3472045993913,200.));
#2657=IFCAXIS2PLACEMENT3D(#2656,#49,#2553);
#2659=IFCDOOR('2jXvyeVVHFE9GajLekYx_G',#6,'Door:Door:1694236',$,$,#5840,#2655,'1694236',2000.0000000000018,2199.9999999999991,.DOOR.,$,$);
#2660=IFCMATERIALCONSTITUENT('Steel',$,#2645,0.37931034482758824,'Metal');
#2661=IFCMATERIALCONSTITUENT('Stone',$,#2517,0.6206896551724117,'');
#2662=IFCMATERIALCONSTITUENTSET($,$,(#2660,#2661));
#2663=IFCPROPERTYSINGLEVALUE('Reference',$,IFCIDENTIFIER('Door'),$);
#2664=IFCPROPERTYSET('0GatjCkCPXwK_WtpefeKvz',#6,'Pset_DoorCommon',$,(#1425,#2663));
#2665=IFCPROPERTYSET('3XDqhy2cTPHDQsTzz9ew7X',#6,'Pset_EnvironmentalImpactIndicators',$,(#2663));
#2666=IFCRELDEFINESBYPROPERTIES('1lzcJ0S6SG63gLDUdjdmj$',#6,$,$,(#2659),#2664);
#2667=IFCRELDEFINESBYPROPERTIES('20mTuck1DmQ$701fIscmx1',#6,$,$,(#2659),#2665);
#2668=IFCQUANTITYLENGTH('Width','',$,1800.0000000000002,$);
#2669=IFCQUANTITYLENGTH('Height','',$,1800.0000000000002,$);
#2670=IFCQUANTITYLENGTH('Perimeter','',$,1400.0000000019381,$);
#2671=IFCQUANTITYAREA('Area','',$,4.3600000000061989,$);
#2672=IFCELEMENTQUANTITY('15EHAzVGAegQW8XBb0Imhl',#6,'Qto_DoorBaseQuantities',$,'BaseQuantities',(#2668,#2669,#2670,#2671));
#2673=IFCRELDEFINESBYPROPERTIES('1zh3O1FW7TAGCMBhWk2p8i',#6,$,$,(#2659),#2672);
#2674=IFCCARTESIANPOINTLIST2D(((-250.00000000000003,-499.99999999999977),(250.00000000000003,-499.99999999999977),(250.00000000000003,499.99999999999977),(-250.00000000000003,499.99999999999977),(-250.00000000000003,-499.99999999999977)));
#2675=IFCINDEXEDPOLYCURVE(#2674,$,.F.);
#2676=IFCARBITRARYCLOSEDPROFILEDEF(.AREA.,'StoneWindows',#2675);
#2677=IFCCARTESIANPOINT((500.,250.,1000.));
#2678=IFCAXIS2PLACEMENT3D(#2677,#49,#146);
#2679=IFCEXTRUDEDAREASOLID(#2676,#2678,#49,200.);
#2680=IFCCARTESIANPOINTLIST2D(((-250.00000000000003,-499.99999999999977),(250.00000000000003,-499.99999999999977),(250.00000000000003,499.99999999999977),(-250.00000000000003,499.99999999999977),(-250.00000000000003,-499.99999999999977)));
#2681=IFCINDEXEDPOLYCURVE(#2680,$,.F.);
#2682=IFCARBITRARYCLOSEDPROFILEDEF(.AREA.,'StoneWindows',#2681);
#2683=IFCCARTESIANPOINT((500.,250.,-0.));
#2684=IFCAXIS2PLACEMENT3D(#2683,#49,#146);
#2685=IFCEXTRUDEDAREASOLID(#2682,#2684,#49,165.03507693617399);
#2686=IFCCARTESIANPOINTLIST2D(((-250.00000000000003,-100.),(250.00000000000003,-100.),(250.00000000000003,100.),(-250.00000000000003,100.),(-250.00000000000003,-100.)));
#2687=IFCINDEXEDPOLYCURVE(#2686,$,.F.);
#2688=IFCARBITRARYCLOSEDPROFILEDEF(.AREA.,'StoneWindows',#2687);
#2689=IFCCARTESIANPOINT((100.,250.,165.03507693617371));
#2690=IFCAXIS2PLACEMENT3D(#2689,#49,#146);
#2691=IFCEXTRUDEDAREASOLID(#2688,#2690,#49,834.9649230638264);
#2692=IFCCARTESIANPOINTLIST2D(((-250.00000000000003,-100.),(250.00000000000003,-100.),(250.00000000000003,100.),(-250.00000000000003,100.),(-250.00000000000003,-100.)));
#2693=IFCINDEXEDPOLYCURVE(#2692,$,.F.);
#2694=IFCARBITRARYCLOSEDPROFILEDEF(.AREA.,'StoneWindows',#2693);
#2695=IFCCARTESIANPOINT((900.,250.,165.03507693617371));
#2696=IFCAXIS2PLACEMENT3D(#2695,#49,#146);
#2697=IFCEXTRUDEDAREASOLID(#2694,#2696,#49,834.9649230638264);
#2698=IFCSTYLEDITEM(#2679,(#2506),$);
#2699=IFCSTYLEDITEM(#2685,(#2506),$);
#2700=IFCSTYLEDITEM(#2691,(#2506),$);
#2701=IFCSTYLEDITEM(#2697,(#2506),$);
#2702=IFCSHAPEREPRESENTATION(#15,'Body','SweptSolid',(#2679,#2685,#2691,#2697));
#2703=IFCAXIS2PLACEMENT3D(#10,$,$);
#2704=IFCREPRESENTATIONMAP(#2703,#2702);
#2705=IFCWINDOWLININGPROPERTIES('2jXvyeVVHFE9GajLikYxlE',#6,'Window1:StoneWindows:1695298',$,$,$,$,$,$,$,$,$,$,$,$,$);
#2706=IFCWINDOWTYPE('1UCi3mc9A$Jhou6jIrtFGr',#6,'Window1:StoneWindows',$,$,(#2705),(#2704),'1695326',$,.WINDOW.,.NOTDEFINED.,$,$);
#2707=IFCMAPPEDITEM(#2704,#2518);
#2708=IFCSHAPEREPRESENTATION(#15,'Body','MappedRepresentation',(#2707));
#2709=IFCPRODUCTDEFINITIONSHAPE($,$,(#2708));
#2710=IFCCARTESIANPOINT((21089.67457722397,-12082.347204599391,1014.7035637443724));
#2711=IFCAXIS2PLACEMENT3D(#2710,#49,#146);
#2713=IFCWINDOW('2jXvyeVVHFE9GajLekYxlE',#6,'Window1:StoneWindows:1695298',$,$,#5862,#2709,'1695298',1200.,1000.0000000000001,.WINDOW.,.NOTDEFINED.,$);
#2714=IFCPROPERTYSET('0iGSayUE7qHi023ZLjQ4Xb',#6,'Pset_EnvironmentalImpactIndicators',$,(#1427));
#2715=IFCPROPERTYSET('3_xUtWfuY2np9eWkcfqPzl',#6,'Pset_WindowCommon',$,(#84,#1427));
#2716=IFCRELDEFINESBYPROPERTIES('3LcrwK7CnHfE$gaXWYKS8k',#6,$,$,(#2713),#2714);
#2717=IFCRELDEFINESBYPROPERTIES('2HcL9u0FL0HGpWqChtFxQF',#6,$,$,(#2713),#2715);
#2718=IFCQUANTITYLENGTH('Width','',$,1000.0000000000001,$);
#2719=IFCQUANTITYLENGTH('Height','',$,1200.,$);
#2720=IFCQUANTITYLENGTH('Perimeter','',$,1400.,$);
#2721=IFCQUANTITYAREA('Area','',$,2.9165035076936179,$);
#2722=IFCELEMENTQUANTITY('1j$W6Jv74DQJK3XpaktkfT',#6,'Qto_WindowBaseQuantities',$,'BaseQuantities',(#2718,#2719,#2720,#2721));
#2723=IFCRELDEFINESBYPROPERTIES('20ThAMycs$6vQ4eBvr3IUl',#6,$,$,(#2713),#2722);
#2724=IFCCARTESIANPOINTLIST2D(((-250.00000000000003,-99.999999999984709),(250.00000000000003,-99.999999999984709),(250.00000000000003,99.999999999984709),(-250.00000000000003,99.999999999984709),(-250.00000000000003,-99.999999999984709)));
#2725=IFCINDEXEDPOLYCURVE(#2724,$,.F.);
#2726=IFCARBITRARYCLOSEDPROFILEDEF(.AREA.,'StoneWindowArch',#2725);
#2727=IFCCARTESIANPOINT((1261.7144432479479,250.,0.));
#2728=IFCAXIS2PLACEMENT3D(#2727,#49,#146);
#2729=IFCEXTRUDEDAREASOLID(#2726,#2728,#49,1400.0000000000027);
#2730=IFCCARTESIANPOINTLIST2D(((-250.00000000000003,-100.00000000001428),(250.00000000000003,-100.00000000001428),(250.00000000000003,100.00000000001428),(-250.00000000000003,100.00000000001428),(-250.00000000000003,-100.00000000001428)));
#2731=IFCINDEXEDPOLYCURVE(#2730,$,.F.);
#2732=IFCARBITRARYCLOSEDPROFILEDEF(.AREA.,'StoneWindowArch',#2731);
#2733=IFCCARTESIANPOINT((261.71444324794953,250.,-0.));
#2734=IFCAXIS2PLACEMENT3D(#2733,#49,#146);
#2735=IFCEXTRUDEDAREASOLID(#2732,#2734,#49,1400.0000000000043);
#2736=IFCCARTESIANPOINTLIST2D(((-250.00000000000003,-399.9999999999996),(250.00000000000003,-399.9999999999996),(250.00000000000003,399.9999999999996),(-250.00000000000003,399.9999999999996),(-250.00000000000003,-399.9999999999996)));
#2737=IFCINDEXEDPOLYCURVE(#2736,$,.F.);
#2738=IFCARBITRARYCLOSEDPROFILEDEF(.AREA.,'StoneWindowArch',#2737);
#2739=IFCCARTESIANPOINT((761.71444324796346,250.,0.));
#2740=IFCAXIS2PLACEMENT3D(#2739,#49,#146);
#2741=IFCEXTRUDEDAREASOLID(#2738,#2740,#49,200.);
#2742=IFCCARTESIANPOINTLIST2D(((-304.61168174978809,-719.75385820023916),(50.787632410230728,-719.75385820023916),(293.89508114404231,658.97699601679881),(-40.071031804484967,780.53072038367975),(-304.61168174978809,-719.75385820023916)));
#2743=IFCINDEXEDPOLYCURVE(#2742,$,.F.);
#2744=IFCARBITRARYCLOSEDPROFILEDEF(.AREA.,'StoneWindowArch',#2743);
#2745=IFCCARTESIANPOINT((761.714443247953,0.,1575.));
#2746=IFCDIRECTION((-0.17364817766701243,0.,-0.9848077530121937));
#2747=IFCAXIS2PLACEMENT3D(#2745,#146,#2746);
#2748=IFCEXTRUDEDAREASOLID(#2744,#2747,#49,500.00000000000006);
#2749=IFCSTYLEDITEM(#2729,(#2506),$);
#2750=IFCSTYLEDITEM(#2735,(#2506),$);
#2751=IFCSTYLEDITEM(#2741,(#2506),$);
#2752=IFCSTYLEDITEM(#2748,(#2399),$);
#2753=IFCSHAPEREPRESENTATION(#15,'Body','SweptSolid',(#2729,#2735,#2741,#2748));
#2754=IFCAXIS2PLACEMENT3D(#10,$,$);
#2755=IFCREPRESENTATIONMAP(#2754,#2753);
#2756=IFCWINDOWLININGPROPERTIES('2jXvyeVVHFE9GajLikYuS6',#6,'arch_piattabanda:StoneWindowArch:1696394',$,$,$,$,$,$,$,$,$,$,$,$,$);
#2757=IFCWINDOWTYPE('3wHrfcO8KTBljBQVp5zBDY',#6,'arch_piattabanda:StoneWindowArch',$,$,(#2756),(#2755),'1696418',$,.WINDOW.,.NOTDEFINED.,$,$);
#2758=IFCMATERIAL('Bricks',$,$);
#2759=IFCMATERIALCONSTITUENT('Stone',$,#2517,0.57903877249106694,'');
#2760=IFCSHAPEREPRESENTATION(#15,'Body','SweptSolid',(#2729,#2735,#2741));
#2761=IFCSHAPEASPECT((#2760),'Stone',$,.U.,#2755);
#2762=IFCMATERIALCONSTITUENT('Bricks',$,#2758,0.42096122750893311,'');
#2763=IFCSHAPEREPRESENTATION(#15,'Body','SweptSolid',(#2748));
#2764=IFCSHAPEASPECT((#2763),'Bricks',$,.U.,#2755);
#2765=IFCMATERIALCONSTITUENTSET($,$,(#2759,#2762));
#2766=IFCMAPPEDITEM(#2755,#2518);
#2767=IFCSHAPEREPRESENTATION(#15,'Body','MappedRepresentation',(#2766));
#2768=IFCPRODUCTDEFINITIONSHAPE($,$,(#2767));
#2769=IFCCARTESIANPOINT((16027.960133975996,-16953.038197492911,2112.0635322596736));
#2770=IFCAXIS2PLACEMENT3D(#2769,$,$);
#2772=IFCWINDOW('2jXvyeVVHFE9GajLekYuS6',#6,'arch_piattabanda:StoneWindowArch:1696394',$,$,#5820,#2768,'1696394',1750.0000000000011,1523.4288864959249,.WINDOW.,.NOTDEFINED.,$);
#2773=IFCMATERIALCONSTITUENT('Stone',$,#2517,0.58460536518897299,'');
#2774=IFCMATERIALCONSTITUENT('Bricks',$,#2758,0.41539463481102706,'');
#2775=IFCMATERIALCONSTITUENTSET($,$,(#2773,#2774));
#2776=IFCPROPERTYSET('2rljorxAHBmC_vm$J46VyI',#6,'Pset_EnvironmentalImpactIndicators',$,(#2168));
#2777=IFCPROPERTYSET('0Yb05la5_UmFmPjWfRWAbo',#6,'Pset_WindowCommon',$,(#84,#2168));
#2778=IFCRELDEFINESBYPROPERTIES('0Hz6fBfbhTBJQYsFj8CiUN',#6,$,$,(#2772),#2776);
#2779=IFCRELDEFINESBYPROPERTIES('2_eQIlVUIIRGhSH05A$5aC',#6,$,$,(#2772),#2777);
#2780=IFCQUANTITYLENGTH('Width','',$,800.,$);
#2781=IFCQUANTITYLENGTH('Height','',$,1400.,$);
#2782=IFCQUANTITYLENGTH('Perimeter','',$,3634.2275148159229,$);
#2783=IFCQUANTITYAREA('Area','',$,4.2401569338407663,$);
#2784=IFCELEMENTQUANTITY('0OqKw9AvkybHJUm8kc_6FX',#6,'Qto_WindowBaseQuantities',$,'BaseQuantities',(#2780,#2781,#2782,#2783));
#2785=IFCRELDEFINESBYPROPERTIES('1XhNX42oVV$CYEykWGo3lu',#6,$,$,(#2772),#2784);
#2786=IFCMAPPEDITEM(#2704,#2518);
#2787=IFCSHAPEREPRESENTATION(#15,'Body','MappedRepresentation',(#2786));
#2788=IFCPRODUCTDEFINITIONSHAPE($,$,(#2787));
#2789=IFCCARTESIANPOINT((21089.674577223974,-9282.3472045993949,2700.));
#2790=IFCAXIS2PLACEMENT3D(#2789,#49,#146);
#2792=IFCWINDOW('2jXvyeVVHFE9GajLekYutY',#6,'Window1:StoneWindows:1697902',$,$,#5924,#2788,'1697902',1200.,1000.0000000000001,.WINDOW.,.NOTDEFINED.,$);
#2793=IFCPROPERTYSET('2eU$xjFQoqqCi5q5wX1rhQ',#6,'Pset_EnvironmentalImpactIndicators',$,(#1427));
#2794=IFCPROPERTYSET('1CV0xGIg6RqmSOQwKm3VC_',#6,'Pset_WindowCommon',$,(#84,#1427));
#2795=IFCRELDEFINESBYPROPERTIES('1JmZbq0noROG0RNuzBxWL4',#6,$,$,(#2792),#2793);
#2796=IFCRELDEFINESBYPROPERTIES('1mVabTO_YAVUm59chVe6NZ',#6,$,$,(#2792),#2794);
#2797=IFCQUANTITYLENGTH('Width','',$,1000.0000000000001,$);
#2798=IFCQUANTITYLENGTH('Height','',$,1200.,$);
#2799=IFCQUANTITYLENGTH('Perimeter','',$,1400.,$);
#2800=IFCQUANTITYAREA('Area','',$,2.9165035076936179,$);
#2801=IFCELEMENTQUANTITY('30weQL3HsdJqjKIT0I1VD9',#6,'Qto_WindowBaseQuantities',$,'BaseQuantities',(#2797,#2798,#2799,#2800));
#2802=IFCRELDEFINESBYPROPERTIES('2gYKPq2_ZUK_Nnpwk4IyxC',#6,$,$,(#2792),#2801);
#2803=IFCCARTESIANPOINTLIST2D(((-250.00000000000003,-450.00000000000006),(250.00000000000003,-450.00000000000006),(250.00000000000003,450.00000000000006),(-250.00000000000003,450.00000000000006),(-250.00000000000003,-450.00000000000006)));
#2804=IFCINDEXEDPOLYCURVE(#2803,$,.F.);
#2805=IFCARBITRARYCLOSEDPROFILEDEF(.AREA.,'StoneWindows',#2804);
#2806=IFCCARTESIANPOINT((450.,250.,700.));
#2807=IFCAXIS2PLACEMENT3D(#2806,#49,#146);
#2808=IFCEXTRUDEDAREASOLID(#2805,#2807,#49,200.);
#2809=IFCCARTESIANPOINTLIST2D(((-250.00000000000003,-450.00000000000006),(250.00000000000003,-450.00000000000006),(250.00000000000003,450.00000000000006),(-250.00000000000003,450.00000000000006),(-250.00000000000003,-450.00000000000006)));
#2810=IFCINDEXEDPOLYCURVE(#2809,$,.F.);
#2811=IFCARBITRARYCLOSEDPROFILEDEF(.AREA.,'StoneWindows',#2810);
#2812=IFCCARTESIANPOINT((450.,250.,0.));
#2813=IFCAXIS2PLACEMENT3D(#2812,#49,#146);
#2814=IFCEXTRUDEDAREASOLID(#2811,#2813,#49,165.03507693617399);
#2815=IFCCARTESIANPOINTLIST2D(((-250.00000000000003,-100.),(250.00000000000003,-100.),(250.00000000000003,100.),(-250.00000000000003,100.),(-250.00000000000003,-100.)));
#2816=IFCINDEXEDPOLYCURVE(#2815,$,.F.);
#2817=IFCARBITRARYCLOSEDPROFILEDEF(.AREA.,'StoneWindows',#2816);
#2818=IFCCARTESIANPOINT((100.,250.,165.03507693617399));
#2819=IFCAXIS2PLACEMENT3D(#2818,#49,#146);
#2820=IFCEXTRUDEDAREASOLID(#2817,#2819,#49,534.96492306382606);
#2821=IFCCARTESIANPOINTLIST2D(((-250.00000000000003,-100.),(250.00000000000003,-100.),(250.00000000000003,100.),(-250.00000000000003,100.),(-250.00000000000003,-100.)));
#2822=IFCINDEXEDPOLYCURVE(#2821,$,.F.);
#2823=IFCARBITRARYCLOSEDPROFILEDEF(.AREA.,'StoneWindows',#2822);
#2824=IFCCARTESIANPOINT((800.,250.,165.03507693617399));
#2825=IFCAXIS2PLACEMENT3D(#2824,#49,#146);
#2826=IFCEXTRUDEDAREASOLID(#2823,#2825,#49,534.96492306382606);
#2827=IFCSTYLEDITEM(#2808,(#2506),$);
#2828=IFCSTYLEDITEM(#2814,(#2506),$);
#2829=IFCSTYLEDITEM(#2820,(#2506),$);
#2830=IFCSTYLEDITEM(#2826,(#2506),$);
#2831=IFCSHAPEREPRESENTATION(#15,'Body','SweptSolid',(#2808,#2814,#2820,#2826));
#2832=IFCAXIS2PLACEMENT3D(#10,$,$);
#2833=IFCREPRESENTATIONMAP(#2832,#2831);
#2834=IFCWINDOWLININGPROPERTIES('2jXvyeVVHFE9GajLikYuts',#6,'Window1:StoneWindows:1697914',$,$,$,$,$,$,$,$,$,$,$,$,$);
#2835=IFCWINDOWTYPE('2HWl2FtM_leDyCwsp3uWJ3',#6,'Window1:StoneWindows',$,$,(#2834),(#2833),'1695326',$,.WINDOW.,.NOTDEFINED.,$,$);
#2836=IFCMAPPEDITEM(#2833,#2518);
#2837=IFCSHAPEREPRESENTATION(#15,'Body','MappedRepresentation',(#2836));
#2838=IFCPRODUCTDEFINITIONSHAPE($,$,(#2837));
#2839=IFCCARTESIANPOINT((21089.674577223974,-10382.347204599393,2700.));
#2840=IFCAXIS2PLACEMENT3D(#2839,#49,#146);
#2842=IFCWINDOW('2jXvyeVVHFE9GajLekYuts',#6,'Window1:StoneWindows:1697914',$,$,#5946,#2838,'1697914',900.00000000000011,900.00000000000011,.WINDOW.,.NOTDEFINED.,$);
#2843=IFCPROPERTYSET('1l0Iq0G3dYJnt$0AVnNW__',#6,'Pset_EnvironmentalImpactIndicators',$,(#1427));
#2844=IFCPROPERTYSET('0UQIbSGK0Dgaad5QZW4bb3',#6,'Pset_WindowCommon',$,(#84,#1427));
#2845=IFCRELDEFINESBYPROPERTIES('2Gx$wo3AoGKmci8Rg2r5w$',#6,$,$,(#2842),#2843);
#2846=IFCRELDEFINESBYPROPERTIES('0bpMtZaS9jaf5TpRbVqlo0',#6,$,$,(#2842),#2844);
#2847=IFCQUANTITYLENGTH('Width','',$,900.00000000000011,$);
#2848=IFCQUANTITYLENGTH('Height','',$,900.00000000000011,$);
#2849=IFCQUANTITYLENGTH('Perimeter','',$,1400.,$);
#2850=IFCQUANTITYAREA('Area','',$,2.3600000000000003,$);
#2851=IFCELEMENTQUANTITY('0oGSFKWv6AMJTek2jsnf23',#6,'Qto_WindowBaseQuantities',$,'BaseQuantities',(#2847,#2848,#2849,#2850));
#2852=IFCRELDEFINESBYPROPERTIES('2KtLxnaNQouc8FlB21m70l',#6,$,$,(#2842),#2851);
#2853=IFCCARTESIANPOINTLIST2D(((-250.00000000000003,-499.99999999999977),(250.00000000000003,-499.99999999999977),(250.00000000000003,499.99999999999977),(-250.00000000000003,499.99999999999977),(-250.00000000000003,-499.99999999999977)));
#2854=IFCINDEXEDPOLYCURVE(#2853,$,.F.);
#2855=IFCARBITRARYCLOSEDPROFILEDEF(.AREA.,'StoneWindows',#2854);
#2856=IFCCARTESIANPOINT((500.,250.,1300.));
#2857=IFCAXIS2PLACEMENT3D(#2856,#49,#146);
#2858=IFCEXTRUDEDAREASOLID(#2855,#2857,#49,200.);
#2859=IFCCARTESIANPOINTLIST2D(((-250.00000000000003,-499.99999999999977),(250.00000000000003,-499.99999999999977),(250.00000000000003,499.99999999999977),(-250.00000000000003,499.99999999999977),(-250.00000000000003,-499.99999999999977)));
#2860=IFCINDEXEDPOLYCURVE(#2859,$,.F.);
#2861=IFCARBITRARYCLOSEDPROFILEDEF(.AREA.,'StoneWindows',#2860);
#2862=IFCCARTESIANPOINT((500.,250.,0.));
#2863=IFCAXIS2PLACEMENT3D(#2862,#49,#146);
#2864=IFCEXTRUDEDAREASOLID(#2861,#2863,#49,165.03507693617399);
#2865=IFCCARTESIANPOINTLIST2D(((-250.00000000000003,-100.),(250.00000000000003,-100.),(250.00000000000003,100.),(-250.00000000000003,100.),(-250.00000000000003,-100.)));
#2866=IFCINDEXEDPOLYCURVE(#2865,$,.F.);
#2867=IFCARBITRARYCLOSEDPROFILEDEF(.AREA.,'StoneWindows',#2866);
#2868=IFCCARTESIANPOINT((100.,250.,165.03507693617399));
#2869=IFCAXIS2PLACEMENT3D(#2868,#49,#146);
#2870=IFCEXTRUDEDAREASOLID(#2867,#2869,#49,1134.9649230638261);
#2871=IFCCARTESIANPOINTLIST2D(((-250.00000000000003,-100.),(250.00000000000003,-100.),(250.00000000000003,100.),(-250.00000000000003,100.),(-250.00000000000003,-100.)));
#2872=IFCINDEXEDPOLYCURVE(#2871,$,.F.);
#2873=IFCARBITRARYCLOSEDPROFILEDEF(.AREA.,'StoneWindows',#2872);
#2874=IFCCARTESIANPOINT((900.,250.,165.03507693617399));
#2875=IFCAXIS2PLACEMENT3D(#2874,#49,#146);
#2876=IFCEXTRUDEDAREASOLID(#2873,#2875,#49,1134.9649230638261);
#2877=IFCSTYLEDITEM(#2858,(#2506),$);
#2878=IFCSTYLEDITEM(#2864,(#2506),$);
#2879=IFCSTYLEDITEM(#2870,(#2506),$);
#2880=IFCSTYLEDITEM(#2876,(#2506),$);
#2881=IFCSHAPEREPRESENTATION(#15,'Body','SweptSolid',(#2858,#2864,#2870,#2876));
#2882=IFCAXIS2PLACEMENT3D(#10,$,$);
#2883=IFCREPRESENTATIONMAP(#2882,#2881);
#2884=IFCWINDOWLININGPROPERTIES('3Jmmvoko5D$RwQG6_PqCw5',#6,'Window1:StoneWindows:1698181',$,$,$,$,$,$,$,$,$,$,$,$,$);
#2885=IFCWINDOWTYPE('1Pqc1IjPkTMpuP$sDFNWqZ',#6,'Window1:StoneWindows',$,$,(#2884),(#2883),'1695326',$,.WINDOW.,.NOTDEFINED.,$,$);
#2886=IFCMAPPEDITEM(#2883,#2518);
#2887=IFCSHAPEREPRESENTATION(#15,'Body','MappedRepresentation',(#2886));
#2888=IFCPRODUCTDEFINITIONSHAPE($,$,(#2887));
#2889=IFCCARTESIANPOINT((15989.674577223961,-16453.038197492911,1000.));
#2890=IFCAXIS2PLACEMENT3D(#2889,#49,#506);
#2892=IFCWINDOW('3Jmmvoko5D$RwQG6wPqCw5',#6,'Window1:StoneWindows:1698181',$,$,#5968,#2888,'1698181',1500.,999.99999999999795,.WINDOW.,.NOTDEFINED.,$);
#2893=IFCPROPERTYSET('0DHorKdDmjMtpic2AKP1Ql',#6,'Pset_EnvironmentalImpactIndicators',$,(#1427));
#2894=IFCPROPERTYSET('0yro$tuUq9VPEWPSwD2UCZ',#6,'Pset_WindowCommon',$,(#84,#1427));
#2895=IFCRELDEFINESBYPROPERTIES('0zOKkHWO856ZXYphAoH3k_',#6,$,$,(#2892),#2893);
#2896=IFCRELDEFINESBYPROPERTIES('1DaqiK5lV$qlCxj14M_GFA',#6,$,$,(#2892),#2894);
#2897=IFCQUANTITYLENGTH('Width','',$,1000.0000000000001,$);
#2898=IFCQUANTITYLENGTH('Height','',$,1500.,$);
#2899=IFCQUANTITYLENGTH('Perimeter','',$,1400.,$);
#2900=IFCQUANTITYAREA('Area','',$,3.3365035076936174,$);
#2901=IFCELEMENTQUANTITY('0NvxnvpIQu_J8d9n7XCGO5',#6,'Qto_WindowBaseQuantities',$,'BaseQuantities',(#2897,#2898,#2899,#2900));
#2902=IFCRELDEFINESBYPROPERTIES('1neRE68QRkdZTZT63KSHzw',#6,$,$,(#2892),#2901);
#2903=IFCMAPPEDITEM(#2883,#2518);
#2904=IFCSHAPEREPRESENTATION(#15,'Body','MappedRepresentation',(#2903));
#2905=IFCPRODUCTDEFINITIONSHAPE($,$,(#2904));
#2906=IFCCARTESIANPOINT((18528.920385902205,-16453.038197492919,1000.));
#2907=IFCAXIS2PLACEMENT3D(#2906,#49,#506);
#2909=IFCWINDOW('3Jmmvoko5D$RwQG6wPqCrK',#6,'Window1:StoneWindows:1698388',$,$,#5990,#2905,'1698388',1500.,1000.0000000000023,.WINDOW.,.NOTDEFINED.,$);
#2910=IFCPROPERTYSET('3EIm0d3Ybz2JoNtlWD4vE$',#6,'Pset_EnvironmentalImpactIndicators',$,(#1427));
#2911=IFCPROPERTYSET('2aSNfn_GosSJyMxoN_ScHD',#6,'Pset_WindowCommon',$,(#84,#1427));
#2912=IFCRELDEFINESBYPROPERTIES('0PqVNQ8aSCVs3aHeuyayRm',#6,$,$,(#2909),#2910);
#2913=IFCRELDEFINESBYPROPERTIES('3zWYVkk_wL$fRmsOsA7QRA',#6,$,$,(#2909),#2911);
#2914=IFCQUANTITYLENGTH('Width','',$,1000.0000000000001,$);
#2915=IFCQUANTITYLENGTH('Height','',$,1500.,$);
#2916=IFCQUANTITYLENGTH('Perimeter','',$,1400.,$);
#2917=IFCQUANTITYAREA('Area','',$,3.3365035076936174,$);
#2918=IFCELEMENTQUANTITY('2huQTBJaJXAX0DnBVtLxUX',#6,'Qto_WindowBaseQuantities',$,'BaseQuantities',(#2914,#2915,#2916,#2917));
#2919=IFCRELDEFINESBYPROPERTIES('0HstMSTfYeYEiFSqym4a4H',#6,$,$,(#2909),#2918);
#2920=IFCCARTESIANPOINTLIST2D(((-250.00000000000003,-699.99999999999977),(250.00000000000003,-699.99999999999977),(250.00000000000003,699.99999999999977),(-250.00000000000003,699.99999999999977),(-250.00000000000003,-699.99999999999977)));
#2921=IFCINDEXEDPOLYCURVE(#2920,$,.F.);
#2922=IFCARBITRARYCLOSEDPROFILEDEF(.AREA.,'StoneWindows',#2921);
#2923=IFCCARTESIANPOINT((700.,250.,1300.));
#2924=IFCAXIS2PLACEMENT3D(#2923,#49,#146);
#2925=IFCEXTRUDEDAREASOLID(#2922,#2924,#49,200.);
#2926=IFCCARTESIANPOINTLIST2D(((-250.00000000000003,-699.99999999999977),(250.00000000000003,-699.99999999999977),(250.00000000000003,699.99999999999977),(-250.00000000000003,699.99999999999977),(-250.00000000000003,-699.99999999999977)));
#2927=IFCINDEXEDPOLYCURVE(#2926,$,.F.);
#2928=IFCARBITRARYCLOSEDPROFILEDEF(.AREA.,'StoneWindows',#2927);
#2929=IFCCARTESIANPOINT((700.,250.,0.));
#2930=IFCAXIS2PLACEMENT3D(#2929,#49,#146);
#2931=IFCEXTRUDEDAREASOLID(#2928,#2930,#49,165.03507693617399);
#2932=IFCCARTESIANPOINTLIST2D(((-250.00000000000003,-100.),(250.00000000000003,-100.),(250.00000000000003,100.),(-250.00000000000003,100.),(-250.00000000000003,-100.)));
#2933=IFCINDEXEDPOLYCURVE(#2932,$,.F.);
#2934=IFCARBITRARYCLOSEDPROFILEDEF(.AREA.,'StoneWindows',#2933);
#2935=IFCCARTESIANPOINT((100.,250.,165.03507693617399));
#2936=IFCAXIS2PLACEMENT3D(#2935,#49,#146);
#2937=IFCEXTRUDEDAREASOLID(#2934,#2936,#49,1134.9649230638261);
#2938=IFCCARTESIANPOINTLIST2D(((-250.00000000000003,-100.),(250.00000000000003,-100.),(250.00000000000003,100.),(-250.00000000000003,100.),(-250.00000000000003,-100.)));
#2939=IFCINDEXEDPOLYCURVE(#2938,$,.F.);
#2940=IFCARBITRARYCLOSEDPROFILEDEF(.AREA.,'StoneWindows',#2939);
#2941=IFCCARTESIANPOINT((1300.,250.,165.03507693617399));
#2942=IFCAXIS2PLACEMENT3D(#2941,#49,#146);
#2943=IFCEXTRUDEDAREASOLID(#2940,#2942,#49,1134.9649230638261);
#2944=IFCSTYLEDITEM(#2925,(#2506),$);
#2945=IFCSTYLEDITEM(#2931,(#2506),$);
#2946=IFCSTYLEDITEM(#2937,(#2506),$);
#2947=IFCSTYLEDITEM(#2943,(#2506),$);
#2948=IFCSHAPEREPRESENTATION(#15,'Body','SweptSolid',(#2925,#2931,#2937,#2943));
#2949=IFCAXIS2PLACEMENT3D(#10,$,$);
#2950=IFCREPRESENTATIONMAP(#2949,#2948);
#2951=IFCWINDOWLININGPROPERTIES('3Jmmvoko5D$RwQG6_PqCrZ',#6,'Window1:StoneWindows:1698403',$,$,$,$,$,$,$,$,$,$,$,$,$);
#2952=IFCWINDOWTYPE('1E5vIZc_cMOgZWGtM6ZfG5',#6,'Window1:StoneWindows',$,$,(#2951),(#2950),'1695326',$,.WINDOW.,.NOTDEFINED.,$,$);
#2953=IFCMAPPEDITEM(#2950,#2518);
#2954=IFCSHAPEREPRESENTATION(#15,'Body','MappedRepresentation',(#2953));
#2955=IFCPRODUCTDEFINITIONSHAPE($,$,(#2954));
#2956=IFCCARTESIANPOINT((16889.674577223959,-16453.038197492915,400.));
#2957=IFCAXIS2PLACEMENT3D(#2956,#49,#506);
#2959=IFCWINDOW('3Jmmvoko5D$RwQG6wPqCrZ',#6,'Window1:StoneWindows:1698403',$,$,#6100,#2955,'1698403',1500.,1399.999999999998,.WINDOW.,.NOTDEFINED.,$);
#2960=IFCPROPERTYSET('2rNHDAwg3jxGfBnk7Xxqy$',#6,'Pset_EnvironmentalImpactIndicators',$,(#1427));
#2961=IFCPROPERTYSET('0I0hJ9MzuG_oV5h109vJ9R',#6,'Pset_WindowCommon',$,(#84,#1427));
#2962=IFCRELDEFINESBYPROPERTIES('1DRMrjLTJcuUWsoARMb9Db',#6,$,$,(#2959),#2960);
#2963=IFCRELDEFINESBYPROPERTIES('0evh3WuxOCfTXFjZxdIewL',#6,$,$,(#2959),#2961);
#2964=IFCQUANTITYLENGTH('Width','',$,1400.,$);
#2965=IFCQUANTITYLENGTH('Height','',$,1500.,$);
#2966=IFCQUANTITYLENGTH('Perimeter','',$,1400.,$);
#2967=IFCQUANTITYAREA('Area','',$,3.8825175384680866,$);
#2968=IFCELEMENTQUANTITY('2Dt2$cf3wCy8gnldsUdtav',#6,'Qto_WindowBaseQuantities',$,'BaseQuantities',(#2964,#2965,#2966,#2967));
#2969=IFCRELDEFINESBYPROPERTIES('2G3fE3VOpNBHawQa5VoADT',#6,$,$,(#2959),#2968);
#2970=IFCCARTESIANPOINTLIST2D(((-250.00000000000003,-599.99999999999977),(250.00000000000003,-599.99999999999977),(250.00000000000003,599.99999999999977),(-250.00000000000003,599.99999999999977),(-250.00000000000003,-599.99999999999977)));
#2971=IFCINDEXEDPOLYCURVE(#2970,$,.F.);
#2972=IFCARBITRARYCLOSEDPROFILEDEF(.AREA.,'StoneWindows',#2971);
#2973=IFCCARTESIANPOINT((600.,250.,1400.));
#2974=IFCAXIS2PLACEMENT3D(#2973,#49,#146);
#2975=IFCEXTRUDEDAREASOLID(#2972,#2974,#49,200.);
#2976=IFCCARTESIANPOINTLIST2D(((-250.00000000000003,-599.99999999999977),(250.00000000000003,-599.99999999999977),(250.00000000000003,599.99999999999977),(-250.00000000000003,599.99999999999977),(-250.00000000000003,-599.99999999999977)));
#2977=IFCINDEXEDPOLYCURVE(#2976,$,.F.);
#2978=IFCARBITRARYCLOSEDPROFILEDEF(.AREA.,'StoneWindows',#2977);
#2979=IFCCARTESIANPOINT((600.,250.,0.));
#2980=IFCAXIS2PLACEMENT3D(#2979,#49,#146);
#2981=IFCEXTRUDEDAREASOLID(#2978,#2980,#49,165.03507693617399);
#2982=IFCCARTESIANPOINTLIST2D(((-250.00000000000003,-100.),(250.00000000000003,-100.),(250.00000000000003,100.),(-250.00000000000003,100.),(-250.00000000000003,-100.)));
#2983=IFCINDEXEDPOLYCURVE(#2982,$,.F.);
#2984=IFCARBITRARYCLOSEDPROFILEDEF(.AREA.,'StoneWindows',#2983);
#2985=IFCCARTESIANPOINT((100.,250.,165.03507693617399));
#2986=IFCAXIS2PLACEMENT3D(#2985,#49,#146);
#2987=IFCEXTRUDEDAREASOLID(#2984,#2986,#49,1234.9649230638261);
#2988=IFCCARTESIANPOINTLIST2D(((-250.00000000000003,-100.),(250.00000000000003,-100.),(250.00000000000003,100.),(-250.00000000000003,100.),(-250.00000000000003,-100.)));
#2989=IFCINDEXEDPOLYCURVE(#2988,$,.F.);
#2990=IFCARBITRARYCLOSEDPROFILEDEF(.AREA.,'StoneWindows',#2989);
#2991=IFCCARTESIANPOINT((1100.,250.,165.03507693617399));
#2992=IFCAXIS2PLACEMENT3D(#2991,#49,#146);
#2993=IFCEXTRUDEDAREASOLID(#2990,#2992,#49,1234.9649230638261);
#2994=IFCSTYLEDITEM(#2975,(#2506),$);
#2995=IFCSTYLEDITEM(#2981,(#2506),$);
#2996=IFCSTYLEDITEM(#2987,(#2506),$);
#2997=IFCSTYLEDITEM(#2993,(#2506),$);
#2998=IFCSHAPEREPRESENTATION(#15,'Body','SweptSolid',(#2975,#2981,#2987,#2993));
#2999=IFCAXIS2PLACEMENT3D(#10,$,$);
#3000=IFCREPRESENTATIONMAP(#2999,#2998);
#3001=IFCWINDOWLININGPROPERTIES('08pzrbE8X9reLLOmy2mNlM',#6,'Window1:StoneWindows:1698799',$,$,$,$,$,$,$,$,$,$,$,$,$);
#3002=IFCWINDOWTYPE('2iXOgsk0m537xBBRzCSq52',#6,'Window1:StoneWindows',$,$,(#3001),(#3000),'1695326',$,.WINDOW.,.NOTDEFINED.,$,$);
#3003=IFCMAPPEDITEM(#3000,#2518);
#3004=IFCSHAPEREPRESENTATION(#15,'Body','MappedRepresentation',(#3003));
#3005=IFCPRODUCTDEFINITIONSHAPE($,$,(#3004));
#3006=IFCCARTESIANPOINT((21089.67457722397,-11982.347204599391,291.91557169220329));
#3007=IFCAXIS2PLACEMENT3D(#3006,#49,#146);
#3009=IFCWINDOW('08pzrbE8X9reLLOmu2mNlM',#6,'Window1:StoneWindows:1698799',$,$,#6012,#3005,'1698799',1600.,1200.,.WINDOW.,.NOTDEFINED.,$);
#3010=IFCPROPERTYSET('1pQmjwTG36fQrLSy3j3pJF',#6,'Pset_EnvironmentalImpactIndicators',$,(#1427));
#3011=IFCPROPERTYSET('1BVqpO0RMoVNnTyM$1K1H$',#6,'Pset_WindowCommon',$,(#84,#1427));
#3012=IFCRELDEFINESBYPROPERTIES('2x8x58bqjDeEz6MIzGcr2c',#6,$,$,(#3009),#3010);
#3013=IFCRELDEFINESBYPROPERTIES('0B7Pclilu20_qoftWVPo$P',#6,$,$,(#3009),#3011);
#3014=IFCQUANTITYLENGTH('Width','',$,1200.,$);
#3015=IFCQUANTITYLENGTH('Height','',$,1600.,$);
#3016=IFCQUANTITYLENGTH('Perimeter','',$,1400.,$);
#3017=IFCQUANTITYAREA('Area','',$,3.7495105230808523,$);
#3018=IFCELEMENTQUANTITY('1vlBSYg9kWqNlFHl3yPtRg',#6,'Qto_WindowBaseQuantities',$,'BaseQuantities',(#3014,#3015,#3016,#3017));
#3019=IFCRELDEFINESBYPROPERTIES('3sR5mnHrAl5yM6MO7Fzkxy',#6,$,$,(#3009),#3018);
#3020=IFCCARTESIANPOINTLIST2D(((-250.00000000000003,-599.99999999999977),(250.00000000000003,-599.99999999999977),(250.00000000000003,599.99999999999977),(-250.00000000000003,599.99999999999977),(-250.00000000000003,-599.99999999999977)));
#3021=IFCINDEXEDPOLYCURVE(#3020,$,.F.);
#3022=IFCARBITRARYCLOSEDPROFILEDEF(.AREA.,'BrickWindow',#3021);
#3023=IFCCARTESIANPOINT((600.,250.,1400.));
#3024=IFCAXIS2PLACEMENT3D(#3023,#49,#146);
#3025=IFCEXTRUDEDAREASOLID(#3022,#3024,#49,200.);
#3026=IFCCARTESIANPOINTLIST2D(((-250.00000000000003,-599.99999999999977),(250.00000000000003,-599.99999999999977),(250.00000000000003,599.99999999999977),(-250.00000000000003,599.99999999999977),(-250.00000000000003,-599.99999999999977)));
#3027=IFCINDEXEDPOLYCURVE(#3026,$,.F.);
#3028=IFCARBITRARYCLOSEDPROFILEDEF(.AREA.,'BrickWindow',#3027);
#3029=IFCCARTESIANPOINT((600.,250.,0.));
#3030=IFCAXIS2PLACEMENT3D(#3029,#49,#146);
#3031=IFCEXTRUDEDAREASOLID(#3028,#3030,#49,165.03507693617399);
#3032=IFCCARTESIANPOINTLIST2D(((-250.00000000000003,-100.),(250.00000000000003,-100.),(250.00000000000003,100.),(-250.00000000000003,100.),(-250.00000000000003,-100.)));
#3033=IFCINDEXEDPOLYCURVE(#3032,$,.F.);
#3034=IFCARBITRARYCLOSEDPROFILEDEF(.AREA.,'BrickWindow',#3033);
#3035=IFCCARTESIANPOINT((100.,250.,165.03507693617399));
#3036=IFCAXIS2PLACEMENT3D(#3035,#49,#146);
#3037=IFCEXTRUDEDAREASOLID(#3034,#3036,#49,1234.9649230638261);
#3038=IFCCARTESIANPOINTLIST2D(((-250.00000000000003,-100.),(250.00000000000003,-100.),(250.00000000000003,100.),(-250.00000000000003,100.),(-250.00000000000003,-100.)));
#3039=IFCINDEXEDPOLYCURVE(#3038,$,.F.);
#3040=IFCARBITRARYCLOSEDPROFILEDEF(.AREA.,'BrickWindow',#3039);
#3041=IFCCARTESIANPOINT((1100.,250.,165.03507693617399));
#3042=IFCAXIS2PLACEMENT3D(#3041,#49,#146);
#3043=IFCEXTRUDEDAREASOLID(#3040,#3042,#49,1234.9649230638261);
#3044=IFCSTYLEDITEM(#3025,(#2506),$);
#3045=IFCSTYLEDITEM(#3031,(#2506),$);
#3046=IFCSTYLEDITEM(#3037,(#2506),$);
#3047=IFCSTYLEDITEM(#3043,(#2506),$);
#3048=IFCSHAPEREPRESENTATION(#15,'Body','SweptSolid',(#3025,#3031,#3037,#3043));
#3049=IFCAXIS2PLACEMENT3D(#10,$,$);
#3050=IFCREPRESENTATIONMAP(#3049,#3048);
#3051=IFCWINDOWLININGPROPERTIES('08pzrbE8X9reLLOmy2mNod',#6,'Window1:BrickWindow:1698974',$,$,$,$,$,$,$,$,$,$,$,$,$);
#3052=IFCWINDOWTYPE('1JVNSj$$aUaP9bMRnnS5qu',#6,'Window1:BrickWindow',$,$,(#3051),(#3050),'1778279',$,.WINDOW.,.NOTDEFINED.,$,$);
#3053=IFCMAPPEDITEM(#3050,#2518);
#3054=IFCSHAPEREPRESENTATION(#15,'Body','MappedRepresentation',(#3053));
#3055=IFCPRODUCTDEFINITIONSHAPE($,$,(#3054));
#3056=IFCCARTESIANPOINT((21089.674577223974,-9782.3472045993894,291.91557169220977));
#3057=IFCAXIS2PLACEMENT3D(#3056,#49,#146);
#3059=IFCWINDOW('08pzrbE8X9reLLOmu2mNod',#6,'Window1:BrickWindow:1698974',$,$,#6034,#3055,'1698974',1600.,1200.,.WINDOW.,.NOTDEFINED.,$);
#3060=IFCPROPERTYSET('0fxsVZVIu2lPBUcX7dD6gl',#6,'Pset_EnvironmentalImpactIndicators',$,(#1148));
#3061=IFCPROPERTYSET('3UlxlRLdKaPb_frvr8FZ7Q',#6,'Pset_WindowCommon',$,(#84,#1148));
#3062=IFCRELDEFINESBYPROPERTIES('2WD2JkNZKr47u79__C7mhQ',#6,$,$,(#3059),#3060);
#3063=IFCRELDEFINESBYPROPERTIES('26aZAopLxuioGa4KHpbJQr',#6,$,$,(#3059),#3061);
#3064=IFCQUANTITYLENGTH('Width','',$,1200.,$);
#3065=IFCQUANTITYLENGTH('Height','',$,1600.,$);
#3066=IFCQUANTITYLENGTH('Perimeter','',$,1400.,$);
#3067=IFCQUANTITYAREA('Area','',$,3.7495105230808523,$);
#3068=IFCELEMENTQUANTITY('0mkgeDpRJ85mPjMzwQ6_5K',#6,'Qto_WindowBaseQuantities',$,'BaseQuantities',(#3064,#3065,#3066,#3067));
#3069=IFCRELDEFINESBYPROPERTIES('2Yepd_dlYSYqke_EgwYUWb',#6,$,$,(#3059),#3068);
#3070=IFCMAPPEDITEM(#2704,#2518);
#3071=IFCSHAPEREPRESENTATION(#15,'Body','MappedRepresentation',(#3070));
#3072=IFCPRODUCTDEFINITIONSHAPE($,$,(#3071));
#3073=IFCCARTESIANPOINT((21089.67457722397,-13482.347204599391,512.48044712315163));
#3074=IFCAXIS2PLACEMENT3D(#3073,#49,#146);
#3076=IFCWINDOW('08pzrbE8X9reLLOmu2mNpl',#6,'Window1:StoneWindows:1699030',$,$,#6056,#3072,'1699030',1200.,1000.0000000000001,.WINDOW.,.NOTDEFINED.,$);
#3077=IFCPROPERTYSET('2tewmlNqtWKDmwytPcUZeL',#6,'Pset_EnvironmentalImpactIndicators',$,(#1427));
#3078=IFCPROPERTYSET('2VH86LR4zFg6YgEbYnMJPI',#6,'Pset_WindowCommon',$,(#84,#1427));
#3079=IFCRELDEFINESBYPROPERTIES('1EiXQxnPVHiCcNIXiP3PUR',#6,$,$,(#3076),#3077);
#3080=IFCRELDEFINESBYPROPERTIES('06El758OJ99SD03L4pQodV',#6,$,$,(#3076),#3078);
#3081=IFCQUANTITYLENGTH('Width','',$,1000.0000000000001,$);
#3082=IFCQUANTITYLENGTH('Height','',$,1200.,$);
#3083=IFCQUANTITYLENGTH('Perimeter','',$,1400.,$);
#3084=IFCQUANTITYAREA('Area','',$,2.9165035076936179,$);
#3085=IFCELEMENTQUANTITY('1VXAu_ER6WFrpfZTOQVS57',#6,'Qto_WindowBaseQuantities',$,'BaseQuantities',(#3081,#3082,#3083,#3084));
#3086=IFCRELDEFINESBYPROPERTIES('0rIMUOx2Nx57I9T4f$p8fB',#6,$,$,(#3076),#3085);
#3087=IFCMAPPEDITEM(#2950,#2518);
#3088=IFCSHAPEREPRESENTATION(#15,'Body','MappedRepresentation',(#3087));
#3089=IFCPRODUCTDEFINITIONSHAPE($,$,(#3088));
#3090=IFCCARTESIANPOINT((19334.042839538724,-16453.038197492922,400.));
#3091=IFCAXIS2PLACEMENT3D(#3090,#49,#506);
#3093=IFCWINDOW('08pzrbE8X9reLLOmu2mNsB',#6,'Window1:StoneWindows:1699250',$,$,#6122,#3089,'1699250',1500.,1399.999999999998,.WINDOW.,.NOTDEFINED.,$);
#3094=IFCPROPERTYSET('1k6IEnoOBkZwnkA5DdtE6Y',#6,'Pset_EnvironmentalImpactIndicators',$,(#1427));
#3095=IFCPROPERTYSET('2w53d$CJc_mmCQP91Mhd6L',#6,'Pset_WindowCommon',$,(#84,#1427));
#3096=IFCRELDEFINESBYPROPERTIES('2sKpprZjpICYG3fmaGu3sT',#6,$,$,(#3093),#3094);
#3097=IFCRELDEFINESBYPROPERTIES('2g0DaUQhpIlhGNTo6JDpi6',#6,$,$,(#3093),#3095);
#3098=IFCQUANTITYLENGTH('Width','',$,1400.,$);
#3099=IFCQUANTITYLENGTH('Height','',$,1500.,$);
#3100=IFCQUANTITYLENGTH('Perimeter','',$,1400.,$);
#3101=IFCQUANTITYAREA('Area','',$,3.8825175384680866,$);
#3102=IFCELEMENTQUANTITY('0DxEB$isFtEQnSHFaSHADa',#6,'Qto_WindowBaseQuantities',$,'BaseQuantities',(#3098,#3099,#3100,#3101));
#3103=IFCRELDEFINESBYPROPERTIES('2G6WZlb7qX9LDtogL765yI',#6,$,$,(#3093),#3102);
#3104=IFCCARTESIANPOINTLIST2D(((449.99999999999977,8.1215034697379459E-013),(650.00000000002603,-7.3093531227641509E-012),(6.6304855981120094E-012,650.00000000002444),(-650.00000000002581,1.3535839116229909E-012),(-449.9999999999996,-2.97788460557058E-012),(-3.1991011774684861E-012,449.99999999999841)));
#3105=IFCINDEXEDPOLYCURVE(#3104,(IFCLINEINDEX((1,2)),IFCARCINDEX((2,3,4)),IFCLINEINDEX((4,5)),IFCARCINDEX((5,6,1))),.F.);
#3106=IFCARBITRARYCLOSEDPROFILEDEF(.AREA.,'StoneWindowArch',#3105);
#3107=IFCCARTESIANPOINT((650.,0.,1000.));
#3108=IFCAXIS2PLACEMENT3D(#3107,#2553,#1561);
#3109=IFCEXTRUDEDAREASOLID(#3106,#3108,#1408,500.00000000000006);
#3110=IFCCARTESIANPOINTLIST2D(((-250.00000000000003,-100.00000000001639),(250.00000000000003,-100.00000000001639),(250.00000000000003,100.00000000001639),(-250.00000000000003,100.00000000001639),(-250.00000000000003,-100.00000000001639)));
#3111=IFCINDEXEDPOLYCURVE(#3110,$,.F.);
#3112=IFCARBITRARYCLOSEDPROFILEDEF(.AREA.,'StoneWindowArch',#3111);
#3113=IFCCARTESIANPOINT((1200.,250.,0.));
#3114=IFCAXIS2PLACEMENT3D(#3113,#49,#146);
#3115=IFCEXTRUDEDAREASOLID(#3112,#3114,#49,1000.0000000000026);
#3116=IFCCARTESIANPOINTLIST2D(((-250.00000000000003,-100.0000000000168),(250.00000000000003,-100.0000000000168),(250.00000000000003,100.0000000000168),(-250.00000000000003,100.0000000000168),(-250.00000000000003,-100.0000000000168)));
#3117=IFCINDEXEDPOLYCURVE(#3116,$,.F.);
#3118=IFCARBITRARYCLOSEDPROFILEDEF(.AREA.,'StoneWindowArch',#3117);
#3119=IFCCARTESIANPOINT((100.,250.,0.));
#3120=IFCAXIS2PLACEMENT3D(#3119,#49,#146);
#3121=IFCEXTRUDEDAREASOLID(#3118,#3120,#49,999.99999999999966);
#3122=IFCCARTESIANPOINTLIST2D(((-250.00000000000003,-449.9999999999996),(250.00000000000003,-449.9999999999996),(250.00000000000003,449.9999999999996),(-250.00000000000003,449.9999999999996),(-250.00000000000003,-449.9999999999996)));
#3123=IFCINDEXEDPOLYCURVE(#3122,$,.F.);
#3124=IFCARBITRARYCLOSEDPROFILEDEF(.AREA.,'StoneWindowArch',#3123);
#3125=IFCCARTESIANPOINT((650.,250.,0.));
#3126=IFCAXIS2PLACEMENT3D(#3125,#49,#146);
#3127=IFCEXTRUDEDAREASOLID(#3124,#3126,#49,200.00000000000014);
#3128=IFCCARTESIANPOINTLIST2D(((-400.00000000000114,-449.99999999999949),(400.00000000000301,-449.99999999999949),(400.00000000000301,449.99999999999949),(-400.0000000000046,449.99999999999949),(-850.00000000000057,-3.245956055585553E-012)));
#3129=IFCINDEXEDPOLYCURVE(#3128,(IFCLINEINDEX((1,2,3,4)),IFCARCINDEX((4,5,1))),.F.);
#3130=IFCARBITRARYCLOSEDPROFILEDEF(.AREA.,'StoneWindowArch',#3129);
#3131=IFCCARTESIANPOINT((650.,320.,600.));
#3132=IFCAXIS2PLACEMENT3D(#3131,#146,#1408);
#3133=IFCEXTRUDEDAREASOLID(#3130,#3132,#49,180.00000000001171);
#3134=IFCSTYLEDITEM(#3109,(#2506),$);
#3135=IFCSTYLEDITEM(#3115,(#2506),$);
#3136=IFCSTYLEDITEM(#3121,(#2506),$);
#3137=IFCSTYLEDITEM(#3127,(#2506),$);
#3138=IFCSTYLEDITEM(#3133,(#1792),$);
#3139=IFCSHAPEREPRESENTATION(#15,'Body','SweptSolid',(#3109,#3115,#3121,#3127,#3133));
#3140=IFCAXIS2PLACEMENT3D(#10,$,$);
#3141=IFCREPRESENTATIONMAP(#3140,#3139);
#3142=IFCWINDOWLININGPROPERTIES('08pzrbE8X9reLLOmy2mNts',#6,'archi_window_closed:StoneWindowArch:1699279',$,$,$,$,$,$,$,$,$,$,$,$,$);
#3143=IFCWINDOWTYPE('1L2wExHnOaSSY8$KSbdm8w',#6,'archi_window_closed:StoneWindowArch',$,$,(#3142),(#3141),'1699303',$,.WINDOW.,.NOTDEFINED.,$,$);
#3144=IFCMATERIALCONSTITUENT('Stone',$,#2517,1.,'');
#3145=IFCSHAPEREPRESENTATION(#15,'Body','SweptSolid',(#3109,#3115,#3121,#3127));
#3146=IFCSHAPEASPECT((#3145),'Stone',$,.U.,#3141);
#3147=IFCMATERIALCONSTITUENT('Tufelli_masonry_typeD',$,#1822,0.,'');
#3148=IFCSHAPEREPRESENTATION(#15,'Body','SweptSolid',(#3133));
#3149=IFCSHAPEASPECT((#3148),'Tufelli_masonry_typeD',$,.U.,#3141);
#3150=IFCMATERIALCONSTITUENTSET($,$,(#3144,#3147));
#3151=IFCMAPPEDITEM(#3141,#2518);
#3152=IFCSHAPEREPRESENTATION(#15,'Body','MappedRepresentation',(#3151));
#3153=IFCPRODUCTDEFINITIONSHAPE($,$,(#3152));
#3154=IFCCARTESIANPOINT((20589.674577223966,-12853.038197492891,455.90000000000032));
#3155=IFCAXIS2PLACEMENT3D(#3154,#49,#2553);
#3157=IFCWINDOW('08pzrbE8X9reLLOmu2mNts',#6,'archi_window_closed:StoneWindowArch:1699279',$,$,#6142,#3153,'1699279',1650.0000000000309,1300.0000000000682,.WINDOW.,.NOTDEFINED.,$);
#3158=IFCMATERIALCONSTITUENT('Stone',$,#2517,0.71237122003384179,'');
#3159=IFCMATERIALCONSTITUENT('Tufelli_masonry_typeD',$,#1822,0.28762877996615827,'');
#3160=IFCMATERIALCONSTITUENTSET($,$,(#3158,#3159));
#3161=IFCPROPERTYSET('00yv7Vc0I5VjPhRXh9DWcP',#6,'Pset_EnvironmentalImpactIndicators',$,(#2168));
#3162=IFCPROPERTYSET('1HZcgo$tpCwPCgG1kA0QEi',#6,'Pset_WindowCommon',$,(#84,#2168));
#3163=IFCRELDEFINESBYPROPERTIES('0QKQnRQUIHkpv1pdlwezYT',#6,$,$,(#3157),#3161);
#3164=IFCRELDEFINESBYPROPERTIES('0G$2nqLBDPqYLVx7_UzmoV',#6,$,$,(#3157),#3162);
#3165=IFCQUANTITYLENGTH('Width','',$,900.00000000000011,$);
#3166=IFCQUANTITYLENGTH('Height','',$,1000.0000000000001,$);
#3167=IFCQUANTITYLENGTH('Perimeter','',$,3913.7166941154137,$);
#3168=IFCQUANTITYAREA('Area','',$,5.0298422215113971,$);
#3169=IFCELEMENTQUANTITY('14mSG6clm6XrqLdLvMmW3x',#6,'Qto_WindowBaseQuantities',$,'BaseQuantities',(#3165,#3166,#3167,#3168));
#3170=IFCRELDEFINESBYPROPERTIES('3he_y4KWUi7_Bj_AaMMkZ4',#6,$,$,(#3157),#3169);
#3171=IFCMAPPEDITEM(#3141,#2518);
#3172=IFCSHAPEREPRESENTATION(#15,'Body','MappedRepresentation',(#3171));
#3173=IFCPRODUCTDEFINITIONSHAPE($,$,(#3172));
#3174=IFCCARTESIANPOINT((20589.674577223974,-8882.3472045993585,455.90000000000032));
#3175=IFCAXIS2PLACEMENT3D(#3174,#49,#2553);
#3177=IFCWINDOW('08pzrbE8X9reLLOmu2mM9m',#6,'archi_window_closed:StoneWindowArch:1700425',$,$,#6162,#3173,'1700425',1650.0000000000309,1300.0000000000662,.WINDOW.,.NOTDEFINED.,$);
#3178=IFCMATERIALCONSTITUENT('Stone',$,#2517,0.71237122003384179,'');
#3179=IFCMATERIALCONSTITUENT('Tufelli_masonry_typeD',$,#1822,0.28762877996615827,'');
#3180=IFCMATERIALCONSTITUENTSET($,$,(#3178,#3179));
#3181=IFCPROPERTYSET('2TjRNfYTvNvXBGs779yk7E',#6,'Pset_EnvironmentalImpactIndicators',$,(#2168));
#3182=IFCPROPERTYSET('273zHzvaPbfXi5jarVi_Iq',#6,'Pset_WindowCommon',$,(#84,#2168));
#3183=IFCRELDEFINESBYPROPERTIES('35YXw6kkIdS45A6LtPCjP8',#6,$,$,(#3177),#3181);
#3184=IFCRELDEFINESBYPROPERTIES('2YQBa_0Bj6wjNjNVaOcB1l',#6,$,$,(#3177),#3182);
#3185=IFCQUANTITYLENGTH('Width','',$,900.00000000000011,$);
#3186=IFCQUANTITYLENGTH('Height','',$,1000.0000000000001,$);
#3187=IFCQUANTITYLENGTH('Perimeter','',$,3913.7166941154137,$);
#3188=IFCQUANTITYAREA('Area','',$,5.0298422215113971,$);
#3189=IFCELEMENTQUANTITY('1JgWDDC$w8RvWNknCiBYFr',#6,'Qto_WindowBaseQuantities',$,'BaseQuantities',(#3185,#3186,#3187,#3188));
#3190=IFCRELDEFINESBYPROPERTIES('0QLFlupIbUbn0zxEH$dYDY',#6,$,$,(#3177),#3189);
#3191=IFCMAPPEDITEM(#2950,#2518);
#3192=IFCSHAPEREPRESENTATION(#15,'Body','MappedRepresentation',(#3191));
#3193=IFCPRODUCTDEFINITIONSHAPE($,$,(#3192));
#3194=IFCCARTESIANPOINT((20589.67457722397,-10482.347204599389,400.));
#3195=IFCAXIS2PLACEMENT3D(#3194,#49,#2553);
#3197=IFCWINDOW('08pzrbE8X9reLLOmu2mMCl',#6,'Window1:StoneWindows:1700630',$,$,#6184,#3193,'1700630',1500.,1400.,.WINDOW.,.NOTDEFINED.,$);
#3198=IFCPROPERTYSET('2zwHFB8mau$06ekpGr7ral',#6,'Pset_EnvironmentalImpactIndicators',$,(#1427));
#3199=IFCPROPERTYSET('0hR2fn2g2uBbq2ZPaoigRd',#6,'Pset_WindowCommon',$,(#84,#1427));
#3200=IFCRELDEFINESBYPROPERTIES('0WqEYYywb4yzs_fPvLg$UK',#6,$,$,(#3197),#3198);
#3201=IFCRELDEFINESBYPROPERTIES('3XJNQ6jFNvhT5Qh6JCwk2o',#6,$,$,(#3197),#3199);
#3202=IFCQUANTITYLENGTH('Width','',$,1400.,$);
#3203=IFCQUANTITYLENGTH('Height','',$,1500.,$);
#3204=IFCQUANTITYLENGTH('Perimeter','',$,1400.,$);
#3205=IFCQUANTITYAREA('Area','',$,3.8825175384680866,$);
#3206=IFCELEMENTQUANTITY('0wnvUm8pi3ut467BFA$asn',#6,'Qto_WindowBaseQuantities',$,'BaseQuantities',(#3202,#3203,#3204,#3205));
#3207=IFCRELDEFINESBYPROPERTIES('28zh__6I0Ywbu$EK0Ktd7M',#6,$,$,(#3197),#3206);
#3208=IFCCARTESIANPOINTLIST2D(((-250.00000000048394,-99.99999999999838),(250.00000000048394,-99.99999999999838),(250.00000000048394,99.99999999999838),(-250.00000000048394,99.99999999999838),(-250.00000000048394,-99.99999999999838)));
#3209=IFCINDEXEDPOLYCURVE(#3208,$,.F.);
#3210=IFCARBITRARYCLOSEDPROFILEDEF(.AREA.,'simple_arch_door',#3209);
#3211=IFCCARTESIANPOINT((800.,0.,0.));
#3212=IFCAXIS2PLACEMENT3D(#3211,#49,#146);
#3213=IFCEXTRUDEDAREASOLID(#3210,#3212,#49,1599.9999999999948);
#3214=IFCCARTESIANPOINTLIST2D(((-250.00000000048394,-100.00000000000041),(250.00000000048394,-100.00000000000041),(250.00000000048394,100.00000000000028),(-250.00000000048394,100.00000000000028),(-250.00000000048394,-100.00000000000041)));
#3215=IFCINDEXEDPOLYCURVE(#3214,$,.F.);
#3216=IFCARBITRARYCLOSEDPROFILEDEF(.AREA.,'simple_arch_door',#3215);
#3217=IFCCARTESIANPOINT((-800.,0.,0.));
#3218=IFCAXIS2PLACEMENT3D(#3217,#49,#146);
#3219=IFCEXTRUDEDAREASOLID(#3216,#3218,#49,1599.9999999999991);
#3220=IFCCARTESIANPOINTLIST2D(((-900.00000000001376,-1.0828671292983927E-012),(4.8492951066806224E-012,-900.00000000001387),(900.00000000001387,-2.7071678232459818E-013),(700.0000000000033,4.0607517348689726E-012),(2.527784747468763E-012,-700.00000000000352),(-700.0000000000033,-2.4364510409213838E-012)));
#3221=IFCINDEXEDPOLYCURVE(#3220,(IFCARCINDEX((1,2,3)),IFCLINEINDEX((3,4)),IFCARCINDEX((4,5,6)),IFCLINEINDEX((6,1))),.F.);
#3222=IFCARBITRARYCLOSEDPROFILEDEF(.AREA.,'simple_arch_door',#3221);
#3223=IFCCARTESIANPOINT((-0.,-250.,1600.));
#3224=IFCAXIS2PLACEMENT3D(#3223,#146,#1561);
#3225=IFCEXTRUDEDAREASOLID(#3222,#3224,#49,500.00000000096787);
#3226=IFCSTYLEDITEM(#3213,(#2506),$);
#3227=IFCSTYLEDITEM(#3219,(#2506),$);
#3228=IFCSTYLEDITEM(#3225,(#2506),$);
#3229=IFCSHAPEREPRESENTATION(#15,'Body','SweptSolid',(#3213,#3219,#3225));
#3230=IFCAXIS2PLACEMENT3D(#10,$,$);
#3231=IFCREPRESENTATIONMAP(#3230,#3229);
#3232=IFCDOORLININGPROPERTIES('08pzrbE8X9reLLOmy2mMEv',#6,'simple_arch_door:simple_arch_door:1700736',$,$,$,$,$,$,$,$,$,$,$,$,$,$);
#3233=IFCDOORPANELPROPERTIES('08pzrbE8X9reLLOmm2mMEv',#6,'simple_arch_door:simple_arch_door:1700736:1',$,$,.NOTDEFINED.,$,.NOTDEFINED.,$);
#3234=IFCDOORTYPE('3wC$IJHpt9aqZQ_vKvdcJx',#6,'simple_arch_door:simple_arch_door',$,$,(#3232,#3233),(#3231),'1700772',$,.DOOR.,.NOTDEFINED.,$,$);
#3235=IFCMAPPEDITEM(#3231,#2518);
#3236=IFCSHAPEREPRESENTATION(#15,'Body','MappedRepresentation',(#3235));
#3237=IFCPRODUCTDEFINITIONSHAPE($,$,(#3236));
#3238=IFCCARTESIANPOINT((20166.032860646457,-2353.5140049790898,-200.));
#3239=IFCDIRECTION((0.12870878250531753,-0.99168243369840881,0.));
#3240=IFCAXIS2PLACEMENT3D(#3238,#49,#3239);
#3241=IFCLOCALPLACEMENT(#24,#3240);
#3242=IFCDOOR('08pzrbE8X9reLLOmu2mMEv',#6,'simple_arch_door:simple_arch_door:1700736',$,$,#3241,#3237,'1700736',1170.3740868164359,2150.0000000000023,.DOOR.,$,$);
#3243=IFCPROPERTYSET('31TF68xI_$PqssrIeEZkX6',#6,'Pset_DoorCommon',$,(#1425,#1432));
#3244=IFCPROPERTYSET('0wa$75aIqFljZsrolEFaGC',#6,'Pset_EnvironmentalImpactIndicators',$,(#1432));
#3245=IFCRELDEFINESBYPROPERTIES('334LS_eLnSfSyO51f9I3G1',#6,$,$,(#3242),#3243);
#3246=IFCRELDEFINESBYPROPERTIES('1rYFpBtVusbHdd8Zzmn6N9',#6,$,$,(#3242),#3244);
#3247=IFCQUANTITYLENGTH('Width','',$,1800.0000000000002,$);
#3248=IFCQUANTITYLENGTH('Height','',$,1100.,$);
#3249=IFCQUANTITYLENGTH('Perimeter','',$,5426.5482457437556,$);
#3250=IFCQUANTITYAREA('Area','',$,4.2992743981955135,$);
#3251=IFCELEMENTQUANTITY('2AE$miFMO5z$FBZavE8RfW',#6,'Qto_DoorBaseQuantities',$,'BaseQuantities',(#3247,#3248,#3249,#3250));
#3252=IFCRELDEFINESBYPROPERTIES('0jwWgCa$xXo$80cXr2Whgh',#6,$,$,(#3242),#3251);
#3253=IFCCARTESIANPOINTLIST2D(((-249.99999999999622,-599.99999999999977),(249.99999999999622,-599.99999999999977),(249.99999999999622,599.99999999999977),(-249.99999999999622,599.99999999999977),(-249.99999999999622,-599.99999999999977)));
#3254=IFCINDEXEDPOLYCURVE(#3253,$,.F.);
#3255=IFCARBITRARYCLOSEDPROFILEDEF(.AREA.,'StoneWindows',#3254);
#3256=IFCCARTESIANPOINT((-0.,0.,1800.));
#3257=IFCAXIS2PLACEMENT3D(#3256,#49,#146);
#3258=IFCEXTRUDEDAREASOLID(#3255,#3257,#49,200.);
#3259=IFCCARTESIANPOINTLIST2D(((-249.99999999999622,-599.99999999999977),(249.99999999999622,-599.99999999999977),(249.99999999999622,599.99999999999977),(-249.99999999999622,599.99999999999977),(-249.99999999999622,-599.99999999999977)));
#3260=IFCINDEXEDPOLYCURVE(#3259,$,.F.);
#3261=IFCARBITRARYCLOSEDPROFILEDEF(.AREA.,'StoneWindows',#3260);
#3262=IFCCARTESIANPOINT((-0.,0.,800.));
#3263=IFCAXIS2PLACEMENT3D(#3262,#49,#146);
#3264=IFCEXTRUDEDAREASOLID(#3261,#3263,#49,165.03507693617399);
#3265=IFCCARTESIANPOINTLIST2D(((-249.99999999999622,-100.),(249.99999999999622,-100.),(249.99999999999622,100.),(-249.99999999999622,100.),(-249.99999999999622,-100.)));
#3266=IFCINDEXEDPOLYCURVE(#3265,$,.F.);
#3267=IFCARBITRARYCLOSEDPROFILEDEF(.AREA.,'StoneWindows',#3266);
#3268=IFCCARTESIANPOINT((-500.,0.,965.03507693617291));
#3269=IFCAXIS2PLACEMENT3D(#3268,#49,#146);
#3270=IFCEXTRUDEDAREASOLID(#3267,#3269,#49,834.96492306382606);
#3271=IFCCARTESIANPOINTLIST2D(((-249.99999999999622,-100.),(249.99999999999622,-100.),(249.99999999999622,100.),(-249.99999999999622,100.),(-249.99999999999622,-100.)));
#3272=IFCINDEXEDPOLYCURVE(#3271,$,.F.);
#3273=IFCARBITRARYCLOSEDPROFILEDEF(.AREA.,'StoneWindows',#3272);
#3274=IFCCARTESIANPOINT((500.,0.,965.03507693617291));
#3275=IFCAXIS2PLACEMENT3D(#3274,#49,#146);
#3276=IFCEXTRUDEDAREASOLID(#3273,#3275,#49,834.96492306382606);
#3277=IFCSTYLEDITEM(#3258,(#2506),$);
#3278=IFCSTYLEDITEM(#3264,(#2506),$);
#3279=IFCSTYLEDITEM(#3270,(#2506),$);
#3280=IFCSTYLEDITEM(#3276,(#2506),$);
#3281=IFCSHAPEREPRESENTATION(#15,'Body','SweptSolid',(#3258,#3264,#3270,#3276));
#3282=IFCAXIS2PLACEMENT3D(#10,$,$);
#3283=IFCREPRESENTATIONMAP(#3282,#3281);
#3284=IFCWINDOWLININGPROPERTIES('2cVTFzTer1sumg7ajXGJKn',#6,'Window1:StoneWindows:1702018',$,$,$,$,$,$,$,$,$,$,$,$,$);
#3285=IFCWINDOWTYPE('17qLG9T9Tt0ugKiF2jKm3l',#6,'Window1:StoneWindows',$,$,(#3284),(#3283),'1695326',$,.WINDOW.,.NOTDEFINED.,$,$);
#3286=IFCMAPPEDITEM(#3283,#2518);
#3287=IFCSHAPEREPRESENTATION(#15,'Body','MappedRepresentation',(#3286));
#3288=IFCPRODUCTDEFINITIONSHAPE($,$,(#3287));
#3289=IFCCARTESIANPOINT((20595.775957996306,-5664.622014468514,900.));
#3290=IFCDIRECTION((0.12870878250531753,-0.99168243369840881,0.));
#3291=IFCAXIS2PLACEMENT3D(#3289,#49,#3290);
#3292=IFCLOCALPLACEMENT(#24,#3291);
#3293=IFCWINDOW('2cVTFzTer1sumg7afXGJKn',#6,'Window1:StoneWindows:1702018',$,$,#3292,#3288,'1702018',721.15266599151278,1199.9999999999995,.WINDOW.,.NOTDEFINED.,$);
#3294=IFCPROPERTYSET('2KKKxuCTcwHScsGKEXW0NU',#6,'Pset_EnvironmentalImpactIndicators',$,(#1427));
#3295=IFCPROPERTYSET('0H7TY$x6ZMBAGwAKF4oqFu',#6,'Pset_WindowCommon',$,(#1425,#1427));
#3296=IFCRELDEFINESBYPROPERTIES('1LeTQco2RGWbt1OmIzknUn',#6,$,$,(#3293),#3294);
#3297=IFCRELDEFINESBYPROPERTIES('1IlzJCpskVuvkVh2byIJrO',#6,$,$,(#3293),#3295);
#3298=IFCQUANTITYLENGTH('Width','',$,1200.,$);
#3299=IFCQUANTITYLENGTH('Height','',$,1200.,$);
#3300=IFCQUANTITYLENGTH('Perimeter','',$,1399.999999999985,$);
#3301=IFCQUANTITYAREA('Area','',$,3.1895105230808158,$);
#3302=IFCELEMENTQUANTITY('3mCe8lAAXL4BgKDa_6lymU',#6,'Qto_WindowBaseQuantities',$,'BaseQuantities',(#3298,#3299,#3300,#3301));
#3303=IFCRELDEFINESBYPROPERTIES('1pIvUjyK9DSqviHkynvMu$',#6,$,$,(#3293),#3302);
#3304=IFCMAPPEDITEM(#3283,#2518);
#3305=IFCSHAPEREPRESENTATION(#15,'Body','MappedRepresentation',(#3304));
#3306=IFCPRODUCTDEFINITIONSHAPE($,$,(#3305));
#3307=IFCCARTESIANPOINT((20239.685830685234,-2920.9994178269299,1600.));
#3308=IFCDIRECTION((0.12870878250531792,-0.99168243369840869,0.));
#3309=IFCAXIS2PLACEMENT3D(#3307,#49,#3308);
#3310=IFCLOCALPLACEMENT(#24,#3309);
#3311=IFCWINDOW('1b6LOlXV9B9POL9jHQJdDQ',#6,'Window1:StoneWindows:1702223',$,$,#3310,#3306,'1702223',721.15266599151278,1199.9999999999995,.WINDOW.,.NOTDEFINED.,$);
#3312=IFCPROPERTYSET('0cTjsOIjelQ3hHrBSX0DMh',#6,'Pset_EnvironmentalImpactIndicators',$,(#1427));
#3313=IFCPROPERTYSET('1h5cnIbdc5VeBlfLAeFM77',#6,'Pset_WindowCommon',$,(#1425,#1427));
#3314=IFCRELDEFINESBYPROPERTIES('2ZYcit4jubqdL5ILxqoNsL',#6,$,$,(#3311),#3312);
#3315=IFCRELDEFINESBYPROPERTIES('2GQcVLYXNen08ntrbhF4sW',#6,$,$,(#3311),#3313);
#3316=IFCQUANTITYLENGTH('Width','',$,1200.,$);
#3317=IFCQUANTITYLENGTH('Height','',$,1200.,$);
#3318=IFCQUANTITYLENGTH('Perimeter','',$,1399.999999999985,$);
#3319=IFCQUANTITYAREA('Area','',$,3.1895105230808158,$);
#3320=IFCELEMENTQUANTITY('3qPfMVyNTfdeaZJ5$LcZlE',#6,'Qto_WindowBaseQuantities',$,'BaseQuantities',(#3316,#3317,#3318,#3319));
#3321=IFCRELDEFINESBYPROPERTIES('3vFC401EHGNSUT1GNS0RK3',#6,$,$,(#3311),#3320);
#3322=IFCCARTESIANPOINTLIST2D(((-249.99999999999622,-499.99999999999977),(249.99999999999622,-499.99999999999977),(249.99999999999622,499.99999999999977),(-249.99999999999622,499.99999999999977),(-249.99999999999622,-499.99999999999977)));
#3323=IFCINDEXEDPOLYCURVE(#3322,$,.F.);
#3324=IFCARBITRARYCLOSEDPROFILEDEF(.AREA.,'StoneWindows',#3323);
#3325=IFCCARTESIANPOINT((-0.,0.,2100.));
#3326=IFCAXIS2PLACEMENT3D(#3325,#49,#146);
#3327=IFCEXTRUDEDAREASOLID(#3324,#3326,#49,200.);
#3328=IFCCARTESIANPOINTLIST2D(((-249.99999999999622,-499.99999999999977),(249.99999999999622,-499.99999999999977),(249.99999999999622,499.99999999999977),(-249.99999999999622,499.99999999999977),(-249.99999999999622,-499.99999999999977)));
#3329=IFCINDEXEDPOLYCURVE(#3328,$,.F.);
#3330=IFCARBITRARYCLOSEDPROFILEDEF(.AREA.,'StoneWindows',#3329);
#3331=IFCCARTESIANPOINT((-0.,0.,800.));
#3332=IFCAXIS2PLACEMENT3D(#3331,#49,#146);
#3333=IFCEXTRUDEDAREASOLID(#3330,#3332,#49,165.03507693617399);
#3334=IFCCARTESIANPOINTLIST2D(((-249.99999999999622,-100.),(249.99999999999622,-100.),(249.99999999999622,100.),(-249.99999999999622,100.),(-249.99999999999622,-100.)));
#3335=IFCINDEXEDPOLYCURVE(#3334,$,.F.);
#3336=IFCARBITRARYCLOSEDPROFILEDEF(.AREA.,'StoneWindows',#3335);
#3337=IFCCARTESIANPOINT((-400.,0.,965.03507693617269));
#3338=IFCAXIS2PLACEMENT3D(#3337,#49,#146);
#3339=IFCEXTRUDEDAREASOLID(#3336,#3338,#49,1134.9649230638261);
#3340=IFCCARTESIANPOINTLIST2D(((-249.99999999999622,-100.),(249.99999999999622,-100.),(249.99999999999622,100.),(-249.99999999999622,100.),(-249.99999999999622,-100.)));
#3341=IFCINDEXEDPOLYCURVE(#3340,$,.F.);
#3342=IFCARBITRARYCLOSEDPROFILEDEF(.AREA.,'StoneWindows',#3341);
#3343=IFCCARTESIANPOINT((400.,0.,965.03507693617269));
#3344=IFCAXIS2PLACEMENT3D(#3343,#49,#146);
#3345=IFCEXTRUDEDAREASOLID(#3342,#3344,#49,1134.9649230638261);
#3346=IFCSTYLEDITEM(#3327,(#2506),$);
#3347=IFCSTYLEDITEM(#3333,(#2506),$);
#3348=IFCSTYLEDITEM(#3339,(#2506),$);
#3349=IFCSTYLEDITEM(#3345,(#2506),$);
#3350=IFCSHAPEREPRESENTATION(#15,'Body','SweptSolid',(#3327,#3333,#3339,#3345));
#3351=IFCAXIS2PLACEMENT3D(#10,$,$);
#3352=IFCREPRESENTATIONMAP(#3351,#3350);
#3353=IFCWINDOWLININGPROPERTIES('1b6LOlXV9B9POL9jLQJdFJ',#6,'Window1:StoneWindows:1702342',$,$,$,$,$,$,$,$,$,$,$,$,$);
#3354=IFCWINDOWTYPE('0arvCOa5G6_iJaRMLq125U',#6,'Window1:StoneWindows',$,$,(#3353),(#3352),'1695326',$,.WINDOW.,.NOTDEFINED.,$,$);
#3355=IFCMAPPEDITEM(#3352,#2518);
#3356=IFCSHAPEREPRESENTATION(#15,'Body','MappedRepresentation',(#3355));
#3357=IFCPRODUCTDEFINITIONSHAPE($,$,(#3356));
#3358=IFCCARTESIANPOINT((20636.135578033103,-5975.5870119004876,-484.4046190576172));
#3359=IFCDIRECTION((0.12870878250531792,-0.99168243369840869,0.));
#3360=IFCAXIS2PLACEMENT3D(#3358,#49,#3359);
#3361=IFCLOCALPLACEMENT(#28,#3360);
#3362=IFCWINDOW('1b6LOlXV9B9POL9jHQJdFJ',#6,'Window1:StoneWindows:1702342',$,$,#3361,#3357,'1702342',721.15266599151278,999.99999999999955,.WINDOW.,.NOTDEFINED.,$);
#3363=IFCPROPERTYSET('1jOlEOwmr774W742c$V9mZ',#6,'Pset_EnvironmentalImpactIndicators',$,(#1427));
#3364=IFCPROPERTYSET('0GN2Hwa1$L4EAk$qnz3TlA',#6,'Pset_WindowCommon',$,(#1425,#1427));
#3365=IFCRELDEFINESBYPROPERTIES('0a91NrYZ5Rgq3S$ZCtYGrh',#6,$,$,(#3362),#3363);
#3366=IFCRELDEFINESBYPROPERTIES('2Truv2ztvluINb70QoFGjc',#6,$,$,(#3362),#3364);
#3367=IFCQUANTITYLENGTH('Width','',$,1000.0000000000001,$);
#3368=IFCQUANTITYLENGTH('Height','',$,1500.,$);
#3369=IFCQUANTITYLENGTH('Perimeter','',$,1399.999999999985,$);
#3370=IFCQUANTITYAREA('Area','',$,3.3365035076935796,$);
#3371=IFCELEMENTQUANTITY('0xVaKJcHS_APL0C4wmnRY7',#6,'Qto_WindowBaseQuantities',$,'BaseQuantities',(#3367,#3368,#3369,#3370));
#3372=IFCRELDEFINESBYPROPERTIES('1ZhFHrRGULRAW25meV3Yny',#6,$,$,(#3362),#3371);
#3373=IFCMAPPEDITEM(#3352,#2518);
#3374=IFCSHAPEREPRESENTATION(#15,'Body','MappedRepresentation',(#3373));
#3375=IFCPRODUCTDEFINITIONSHAPE($,$,(#3374));
#3376=IFCCARTESIANPOINT((20636.135578033107,-5975.5870119004876,-3984.4046190577851));
#3377=IFCDIRECTION((-0.12870878250531753,0.99168243369840881,0.));
#3378=IFCAXIS2PLACEMENT3D(#3376,#49,#3377);
#3379=IFCLOCALPLACEMENT(#32,#3378);
#3380=IFCWINDOW('1b6LOlXV9B9POL9jHQJdF5',#6,'Window1:StoneWindows:1702352',$,$,#3379,#3375,'1702352',721.15266599151278,999.99999999999955,.WINDOW.,.NOTDEFINED.,$);
#3381=IFCPROPERTYSET('029JELUR1ntJHRuE1Magkc',#6,'Pset_EnvironmentalImpactIndicators',$,(#1427));
#3382=IFCPROPERTYSET('1l2AjqemVD6tc3jdcfy45n',#6,'Pset_WindowCommon',$,(#1425,#1427));
#3383=IFCRELDEFINESBYPROPERTIES('3Kec5xvAnkguuB_BGzsbDo',#6,$,$,(#3380),#3381);
#3384=IFCRELDEFINESBYPROPERTIES('0R7tOU97hnt8bkKvXK19hv',#6,$,$,(#3380),#3382);
#3385=IFCQUANTITYLENGTH('Width','',$,1000.0000000000001,$);
#3386=IFCQUANTITYLENGTH('Height','',$,1500.,$);
#3387=IFCQUANTITYLENGTH('Perimeter','',$,1399.999999999985,$);
#3388=IFCQUANTITYAREA('Area','',$,3.3365035076935796,$);
#3389=IFCELEMENTQUANTITY('1_r8m6qdoM42e$6Edv48qU',#6,'Qto_WindowBaseQuantities',$,'BaseQuantities',(#3385,#3386,#3387,#3388));
#3390=IFCRELDEFINESBYPROPERTIES('3QdqjRPcE22pLPhLy9Akns',#6,$,$,(#3380),#3389);
#3391=IFCMAPPEDITEM(#3352,#2518);
#3392=IFCSHAPEREPRESENTATION(#15,'Body','MappedRepresentation',(#3391));
#3393=IFCPRODUCTDEFINITIONSHAPE($,$,(#3392));
#3394=IFCCARTESIANPOINT((20636.135578033103,-5975.5870119004885,-484.4046190576172));
#3395=IFCDIRECTION((0.12870878250531792,-0.99168243369840869,0.));
#3396=IFCAXIS2PLACEMENT3D(#3394,#49,#3395);
#3397=IFCLOCALPLACEMENT(#28,#3396);
#3398=IFCWINDOW('1b6LOlXV9B9POL9jHQJdFW',#6,'Window1:StoneWindows:1702389',$,$,#3397,#3393,'1702389',721.15266599151278,999.99999999999955,.WINDOW.,.NOTDEFINED.,$);
#3399=IFCPROPERTYSET('0h92EoVbRJL14XBusfl5EK',#6,'Pset_EnvironmentalImpactIndicators',$,(#1427));
#3400=IFCPROPERTYSET('21fixowy8B1kA782mVI1jU',#6,'Pset_WindowCommon',$,(#1425,#1427));
#3401=IFCRELDEFINESBYPROPERTIES('0FGg9ERHxhuNv9knnPdBUs',#6,$,$,(#3398),#3399);
#3402=IFCRELDEFINESBYPROPERTIES('3BBdsmskKk9y4Gn297WfQJ',#6,$,$,(#3398),#3400);
#3403=IFCQUANTITYLENGTH('Width','',$,1000.0000000000001,$);
#3404=IFCQUANTITYLENGTH('Height','',$,1500.,$);
#3405=IFCQUANTITYLENGTH('Perimeter','',$,1399.999999999985,$);
#3406=IFCQUANTITYAREA('Area','',$,3.3365035076935796,$);
#3407=IFCELEMENTQUANTITY('328mtZrCIzehtm8hkxo0S7',#6,'Qto_WindowBaseQuantities',$,'BaseQuantities',(#3403,#3404,#3405,#3406));
#3408=IFCRELDEFINESBYPROPERTIES('3YWHzNSUVXod_oTsAhpRCL',#6,$,$,(#3398),#3407);
#3409=IFCCARTESIANPOINTLIST2D(((-249.99999999999622,-599.99999999999977),(249.99999999999622,-599.99999999999977),(249.99999999999622,599.99999999999977),(-249.99999999999622,599.99999999999977),(-249.99999999999622,-599.99999999999977)));
#3410=IFCINDEXEDPOLYCURVE(#3409,$,.F.);
#3411=IFCARBITRARYCLOSEDPROFILEDEF(.AREA.,'StoneWindows',#3410);
#3412=IFCCARTESIANPOINT((-0.,0.,2100.));
#3413=IFCAXIS2PLACEMENT3D(#3412,#49,#146);
#3414=IFCEXTRUDEDAREASOLID(#3411,#3413,#49,200.);
#3415=IFCCARTESIANPOINTLIST2D(((-249.99999999999622,-599.99999999999977),(249.99999999999622,-599.99999999999977),(249.99999999999622,599.99999999999977),(-249.99999999999622,599.99999999999977),(-249.99999999999622,-599.99999999999977)));
#3416=IFCINDEXEDPOLYCURVE(#3415,$,.F.);
#3417=IFCARBITRARYCLOSEDPROFILEDEF(.AREA.,'StoneWindows',#3416);
#3418=IFCCARTESIANPOINT((-0.,0.,800.));
#3419=IFCAXIS2PLACEMENT3D(#3418,#49,#146);
#3420=IFCEXTRUDEDAREASOLID(#3417,#3419,#49,165.03507693617399);
#3421=IFCCARTESIANPOINTLIST2D(((-249.99999999999622,-100.),(249.99999999999622,-100.),(249.99999999999622,100.),(-249.99999999999622,100.),(-249.99999999999622,-100.)));
#3422=IFCINDEXEDPOLYCURVE(#3421,$,.F.);
#3423=IFCARBITRARYCLOSEDPROFILEDEF(.AREA.,'StoneWindows',#3422);
#3424=IFCCARTESIANPOINT((-500.,0.,965.03507693617291));
#3425=IFCAXIS2PLACEMENT3D(#3424,#49,#146);
#3426=IFCEXTRUDEDAREASOLID(#3423,#3425,#49,1134.9649230638261);
#3427=IFCCARTESIANPOINTLIST2D(((-249.99999999999622,-100.),(249.99999999999622,-100.),(249.99999999999622,100.),(-249.99999999999622,100.),(-249.99999999999622,-100.)));
#3428=IFCINDEXEDPOLYCURVE(#3427,$,.F.);
#3429=IFCARBITRARYCLOSEDPROFILEDEF(.AREA.,'StoneWindows',#3428);
#3430=IFCCARTESIANPOINT((500.,0.,965.03507693617291));
#3431=IFCAXIS2PLACEMENT3D(#3430,#49,#146);
#3432=IFCEXTRUDEDAREASOLID(#3429,#3431,#49,1134.9649230638261);
#3433=IFCSTYLEDITEM(#3414,(#2506),$);
#3434=IFCSTYLEDITEM(#3420,(#2506),$);
#3435=IFCSTYLEDITEM(#3426,(#2506),$);
#3436=IFCSTYLEDITEM(#3432,(#2506),$);
#3437=IFCSHAPEREPRESENTATION(#15,'Body','SweptSolid',(#3414,#3420,#3426,#3432));
#3438=IFCAXIS2PLACEMENT3D(#10,$,$);
#3439=IFCREPRESENTATIONMAP(#3438,#3437);
#3440=IFCWINDOWLININGPROPERTIES('1b6LOlXV9B9POL9jLQJd0L',#6,'Window1:StoneWindows:1702400',$,$,$,$,$,$,$,$,$,$,$,$,$);
#3441=IFCWINDOWTYPE('1WGunhpEGR4Ce_hVGUB0Fm',#6,'Window1:StoneWindows',$,$,(#3440),(#3439),'1695326',$,.WINDOW.,.NOTDEFINED.,$,$);
#3442=IFCMAPPEDITEM(#3439,#2518);
#3443=IFCSHAPEREPRESENTATION(#15,'Body','MappedRepresentation',(#3442));
#3444=IFCPRODUCTDEFINITIONSHAPE($,$,(#3443));
#3445=IFCCARTESIANPOINT((20633.473499079682,-5955.0760810700995,-300.));
#3446=IFCDIRECTION((0.12870878250531792,-0.99168243369840869,0.));
#3447=IFCAXIS2PLACEMENT3D(#3445,#49,#3446);
#3448=IFCLOCALPLACEMENT(#32,#3447);
#3449=IFCWINDOW('1b6LOlXV9B9POL9jHQJd0L',#6,'Window1:StoneWindows:1702400',$,$,#3448,#3444,'1702400',721.15266599151278,1199.9999999999995,.WINDOW.,.NOTDEFINED.,$);
#3450=IFCPROPERTYSET('1ZDew8mqA6mtNMSsz1$up_',#6,'Pset_EnvironmentalImpactIndicators',$,(#1427));
#3451=IFCPROPERTYSET('17AH5CV66d3i3Q4ThLaQZJ',#6,'Pset_WindowCommon',$,(#1425,#1427));
#3452=IFCRELDEFINESBYPROPERTIES('0rHZgVQNimdr2wAVIr2Vjo',#6,$,$,(#3449),#3450);
#3453=IFCRELDEFINESBYPROPERTIES('0XLsed$mGGVIPwDAb4YnoU',#6,$,$,(#3449),#3451);
#3454=IFCQUANTITYLENGTH('Width','',$,1200.,$);
#3455=IFCQUANTITYLENGTH('Height','',$,1500.,$);
#3456=IFCQUANTITYLENGTH('Perimeter','',$,1399.999999999985,$);
#3457=IFCQUANTITYAREA('Area','',$,3.6095105230808113,$);
#3458=IFCELEMENTQUANTITY('2H3cF4z5lPJ$NiFY$3WGNk',#6,'Qto_WindowBaseQuantities',$,'BaseQuantities',(#3454,#3455,#3456,#3457));
#3459=IFCRELDEFINESBYPROPERTIES('3SE7QhM8McKVed5D7ArmYV',#6,$,$,(#3449),#3458);
#3460=IFCMAPPEDITEM(#3439,#2518);
#3461=IFCSHAPEREPRESENTATION(#15,'Body','MappedRepresentation',(#3460));
#3462=IFCPRODUCTDEFINITIONSHAPE($,$,(#3461));
#3463=IFCCARTESIANPOINT((20225.703992825067,-2813.271392381796,-300.));
#3464=IFCDIRECTION((0.12870878250531792,-0.99168243369840869,0.));
#3465=IFCAXIS2PLACEMENT3D(#3463,#49,#3464);
#3466=IFCLOCALPLACEMENT(#32,#3465);
#3467=IFCWINDOW('1b6LOlXV9B9POL9jHQJd0M',#6,'Window1:StoneWindows:1702403',$,$,#3466,#3462,'1702403',721.15266599151278,1199.9999999999995,.WINDOW.,.NOTDEFINED.,$);
#3468=IFCPROPERTYSET('2nXwe3suXNMIghSinN2npl',#6,'Pset_EnvironmentalImpactIndicators',$,(#1427));
#3469=IFCPROPERTYSET('0j8lrORwUZ9wT8Fh5Yl$dk',#6,'Pset_WindowCommon',$,(#1425,#1427));
#3470=IFCRELDEFINESBYPROPERTIES('3RxZyzj9zRPOae2MCF9Rl1',#6,$,$,(#3467),#3468);
#3471=IFCRELDEFINESBYPROPERTIES('0thF45tm3ceOC6LPUcc4aR',#6,$,$,(#3467),#3469);
#3472=IFCQUANTITYLENGTH('Width','',$,1200.,$);
#3473=IFCQUANTITYLENGTH('Height','',$,1500.,$);
#3474=IFCQUANTITYLENGTH('Perimeter','',$,1399.999999999985,$);
#3475=IFCQUANTITYAREA('Area','',$,3.6095105230808113,$);
#3476=IFCELEMENTQUANTITY('0h0rOP3TeHHam9t6NR0so0',#6,'Qto_WindowBaseQuantities',$,'BaseQuantities',(#3472,#3473,#3474,#3475));
#3477=IFCRELDEFINESBYPROPERTIES('1DzlFG8stcghtkh7fSPMPu',#6,$,$,(#3467),#3476);
#3478=IFCCARTESIANPOINTLIST2D(((399.99999999999983,1.3535839116229909E-012),(600.00000000002603,-7.3093531227641509E-012),(6.5749874396312617E-012,600.00000000002467),(-600.00000000002603,1.0828671292983927E-012),(-399.99999999999983,-2.7071678232459817E-012),(-3.2745153209513195E-012,399.99999999999841)));
#3479=IFCINDEXEDPOLYCURVE(#3478,(IFCLINEINDEX((1,2)),IFCARCINDEX((2,3,4)),IFCLINEINDEX((4,5)),IFCARCINDEX((5,6,1))),.F.);
#3480=IFCARBITRARYCLOSEDPROFILEDEF(.AREA.,'StoneWindowArch',#3479);
#3481=IFCCARTESIANPOINT((-0.,-250.,1800.));
#3482=IFCAXIS2PLACEMENT3D(#3481,#2553,#1561);
#3483=IFCEXTRUDEDAREASOLID(#3480,#3482,#1408,500.00000000000006);
#3484=IFCCARTESIANPOINTLIST2D(((-250.00000000000003,-100.00000000001666),(250.00000000000003,-100.00000000001666),(250.00000000000003,100.00000000001666),(-250.00000000000003,100.00000000001666),(-250.00000000000003,-100.00000000001666)));
#3485=IFCINDEXEDPOLYCURVE(#3484,$,.F.);
#3486=IFCARBITRARYCLOSEDPROFILEDEF(.AREA.,'StoneWindowArch',#3485);
#3487=IFCCARTESIANPOINT((500.,0.,800.));
#3488=IFCAXIS2PLACEMENT3D(#3487,#49,#146);
#3489=IFCEXTRUDEDAREASOLID(#3486,#3488,#49,1000.0000000000024);
#3490=IFCCARTESIANPOINTLIST2D(((-250.00000000000003,-100.00000000001673),(250.00000000000003,-100.00000000001673),(250.00000000000003,100.00000000001673),(-250.00000000000003,100.00000000001673),(-250.00000000000003,-100.00000000001673)));
#3491=IFCINDEXEDPOLYCURVE(#3490,$,.F.);
#3492=IFCARBITRARYCLOSEDPROFILEDEF(.AREA.,'StoneWindowArch',#3491);
#3493=IFCCARTESIANPOINT((-500.,0.,800.));
#3494=IFCAXIS2PLACEMENT3D(#3493,#49,#146);
#3495=IFCEXTRUDEDAREASOLID(#3492,#3494,#49,999.99999999999966);
#3496=IFCCARTESIANPOINTLIST2D(((-250.00000000000003,-399.99999999999977),(250.00000000000003,-399.99999999999977),(250.00000000000003,399.99999999999977),(-250.00000000000003,399.99999999999977),(-250.00000000000003,-399.99999999999977)));
#3497=IFCINDEXEDPOLYCURVE(#3496,$,.F.);
#3498=IFCARBITRARYCLOSEDPROFILEDEF(.AREA.,'StoneWindowArch',#3497);
#3499=IFCCARTESIANPOINT((-0.,0.,800.));
#3500=IFCAXIS2PLACEMENT3D(#3499,#49,#146);
#3501=IFCEXTRUDEDAREASOLID(#3498,#3500,#49,200.00000000000014);
#3502=IFCSTYLEDITEM(#3483,(#2506),$);
#3503=IFCSTYLEDITEM(#3489,(#2506),$);
#3504=IFCSTYLEDITEM(#3495,(#2506),$);
#3505=IFCSTYLEDITEM(#3501,(#2506),$);
#3506=IFCSHAPEREPRESENTATION(#15,'Body','SweptSolid',(#3483,#3489,#3495,#3501));
#3507=IFCAXIS2PLACEMENT3D(#10,$,$);
#3508=IFCREPRESENTATIONMAP(#3507,#3506);
#3509=IFCWINDOWLININGPROPERTIES('1b6LOlXV9B9POL9jLQJd0z',#6,'archi_window:StoneWindowArch:1702440',$,$,$,$,$,$,$,$,$,$,$,$,$);
#3510=IFCWINDOWTYPE('1aQt_FbTsa1DRKsz00adqD',#6,'archi_window:StoneWindowArch',$,$,(#3509),(#3508),'1702464',$,.WINDOW.,.NOTDEFINED.,$,$);
#3511=IFCMAPPEDITEM(#3508,#2518);
#3512=IFCSHAPEREPRESENTATION(#15,'Body','MappedRepresentation',(#3511));
#3513=IFCPRODUCTDEFINITIONSHAPE($,$,(#3512));
#3514=IFCCARTESIANPOINT((20202.484667882301,-2634.369873620833,-558.01140322386516));
#3515=IFCDIRECTION((0.12870878250531792,-0.99168243369840869,0.));
#3516=IFCAXIS2PLACEMENT3D(#3514,#49,#3515);
#3517=IFCLOCALPLACEMENT(#28,#3516);
#3518=IFCWINDOW('1b6LOlXV9B9POL9jHQJd0z',#6,'archi_window:StoneWindowArch:1702440',$,$,#3517,#3513,'1702440',721.15266599151664,1200.0000000000662,.WINDOW.,.NOTDEFINED.,$);
#3519=IFCPROPERTYSET('1QHyyJsD0J9cHXWEqXNOCI',#6,'Pset_EnvironmentalImpactIndicators',$,(#2168));
#3520=IFCPROPERTYSET('3Ma$1djw57hN2v6CYH4DBp',#6,'Pset_WindowCommon',$,(#1425,#2168));
#3521=IFCRELDEFINESBYPROPERTIES('2d1JFJ9E1GQu8kenF1WOXF',#6,$,$,(#3518),#3519);
#3522=IFCRELDEFINESBYPROPERTIES('1BOAQ1Q8q7aI0FMrexAn9Q',#6,$,$,(#3518),#3520);
#3523=IFCQUANTITYLENGTH('Width','',$,800.,$);
#3524=IFCQUANTITYLENGTH('Height','',$,1000.0000000000001,$);
#3525=IFCQUANTITYLENGTH('Perimeter','',$,2599.9999999999991,$);
#3526=IFCQUANTITYAREA('Area','',$,3.4595807969875154,$);
#3527=IFCELEMENTQUANTITY('3Q3NsZZ8T0R$C6zFcQOdwJ',#6,'Qto_WindowBaseQuantities',$,'BaseQuantities',(#3523,#3524,#3525,#3526));
#3528=IFCRELDEFINESBYPROPERTIES('0fAXqy3cpz30Ro59dgZWuG',#6,$,$,(#3518),#3527);
#3529=IFCCARTESIANPOINTLIST2D(((-250.00000000000003,-599.99999999999977),(250.00000000000003,-599.99999999999977),(250.00000000000003,599.99999999999977),(-250.00000000000003,599.99999999999977),(-250.00000000000003,-599.99999999999977)));
#3530=IFCINDEXEDPOLYCURVE(#3529,$,.F.);
#3531=IFCARBITRARYCLOSEDPROFILEDEF(.AREA.,'BrickWindow',#3530);
#3532=IFCCARTESIANPOINT((600.,250.,1300.));
#3533=IFCAXIS2PLACEMENT3D(#3532,#49,#146);
#3534=IFCEXTRUDEDAREASOLID(#3531,#3533,#49,200.);
#3535=IFCCARTESIANPOINTLIST2D(((-250.00000000000003,-599.99999999999977),(250.00000000000003,-599.99999999999977),(250.00000000000003,599.99999999999977),(-250.00000000000003,599.99999999999977),(-250.00000000000003,-599.99999999999977)));
#3536=IFCINDEXEDPOLYCURVE(#3535,$,.F.);
#3537=IFCARBITRARYCLOSEDPROFILEDEF(.AREA.,'BrickWindow',#3536);
#3538=IFCCARTESIANPOINT((600.,250.,0.));
#3539=IFCAXIS2PLACEMENT3D(#3538,#49,#146);
#3540=IFCEXTRUDEDAREASOLID(#3537,#3539,#49,165.03507693617399);
#3541=IFCCARTESIANPOINTLIST2D(((-250.00000000000003,-100.),(250.00000000000003,-100.),(250.00000000000003,100.),(-250.00000000000003,100.),(-250.00000000000003,-100.)));
#3542=IFCINDEXEDPOLYCURVE(#3541,$,.F.);
#3543=IFCARBITRARYCLOSEDPROFILEDEF(.AREA.,'BrickWindow',#3542);
#3544=IFCCARTESIANPOINT((100.,250.,165.03507693617399));
#3545=IFCAXIS2PLACEMENT3D(#3544,#49,#146);
#3546=IFCEXTRUDEDAREASOLID(#3543,#3545,#49,1134.9649230638261);
#3547=IFCCARTESIANPOINTLIST2D(((-250.00000000000003,-100.),(250.00000000000003,-100.),(250.00000000000003,100.),(-250.00000000000003,100.),(-250.00000000000003,-100.)));
#3548=IFCINDEXEDPOLYCURVE(#3547,$,.F.);
#3549=IFCARBITRARYCLOSEDPROFILEDEF(.AREA.,'BrickWindow',#3548);
#3550=IFCCARTESIANPOINT((1100.,250.,165.03507693617399));
#3551=IFCAXIS2PLACEMENT3D(#3550,#49,#146);
#3552=IFCEXTRUDEDAREASOLID(#3549,#3551,#49,1134.9649230638261);
#3553=IFCSTYLEDITEM(#3534,(#2399),$);
#3554=IFCSTYLEDITEM(#3540,(#2399),$);
#3555=IFCSTYLEDITEM(#3546,(#2399),$);
#3556=IFCSTYLEDITEM(#3552,(#2399),$);
#3557=IFCSHAPEREPRESENTATION(#15,'Body','SweptSolid',(#3534,#3540,#3546,#3552));
#3558=IFCAXIS2PLACEMENT3D(#10,$,$);
#3559=IFCREPRESENTATIONMAP(#3558,#3557);
#3560=IFCWINDOWLININGPROPERTIES('0cmxDOe$H0xREbbs1sIyWL',#6,'BrickWindow:BrickWindow:1706885',$,$,$,$,$,$,$,$,$,$,$,$,$);
#3561=IFCWINDOWTYPE('1zEK6RqgdqqbYdFzIjeRZ1',#6,'BrickWindow:BrickWindow',$,$,(#3560),(#3559),'1784395',$,.WINDOW.,.NOTDEFINED.,$,$);
#3562=IFCMAPPEDITEM(#3559,#2518);
#3563=IFCSHAPEREPRESENTATION(#15,'Body','MappedRepresentation',(#3562));
#3564=IFCPRODUCTDEFINITIONSHAPE($,$,(#3563));
#3565=IFCCARTESIANPOINT((7164.3794178391017,7659.8267979150196,852.40978849991018));
#3566=IFCDIRECTION((0.88140092832803951,0.47236892736765629,0.));
#3567=IFCAXIS2PLACEMENT3D(#3565,#49,#3566);
#3569=IFCWINDOW('0cmxDOe$H0xREbbs5sIyWL',#6,'BrickWindow:BrickWindow:1706885',$,$,#6448,#3564,'1706885',1500.0000000000011,1200.0000000000002,.WINDOW.,.NOTDEFINED.,$);
#3570=IFCPROPERTYSET('2ZAjT5S2s0zfiQ6r9tQ4oX',#6,'Pset_EnvironmentalImpactIndicators',$,(#1148));
#3571=IFCPROPERTYSET('2PzoKVAuhSMzj2_am5cYoX',#6,'Pset_WindowCommon',$,(#84,#1148));
#3572=IFCRELDEFINESBYPROPERTIES('2_zVVJhTDoSLRpnG$FEQBx',#6,$,$,(#3569),#3570);
#3573=IFCRELDEFINESBYPROPERTIES('3MMwcsZYhVxVbkPFsi4xEi',#6,$,$,(#3569),#3571);
#3574=IFCQUANTITYLENGTH('Width','',$,1200.,$);
#3575=IFCQUANTITYLENGTH('Height','',$,1500.,$);
#3576=IFCQUANTITYLENGTH('Perimeter','',$,1400.,$);
#3577=IFCQUANTITYAREA('Area','',$,3.6095105230808526,$);
#3578=IFCELEMENTQUANTITY('0TQFYtBp1jyqc0sEXzl36s',#6,'Qto_WindowBaseQuantities',$,'BaseQuantities',(#3574,#3575,#3576,#3577));
#3579=IFCRELDEFINESBYPROPERTIES('0Pjcq7Shdi7kbHrK3iK7GN',#6,$,$,(#3569),#3578);
#3580=IFCCARTESIANPOINTLIST2D(((-250.00000000000003,-599.99999999999977),(250.00000000000003,-599.99999999999977),(250.00000000000003,599.99999999999977),(-250.00000000000003,599.99999999999977),(-250.00000000000003,-599.99999999999977)));
#3581=IFCINDEXEDPOLYCURVE(#3580,$,.F.);
#3582=IFCARBITRARYCLOSEDPROFILEDEF(.AREA.,'BrickWindow',#3581);
#3583=IFCCARTESIANPOINT((600.,250.,1300.));
#3584=IFCAXIS2PLACEMENT3D(#3583,#49,#146);
#3585=IFCEXTRUDEDAREASOLID(#3582,#3584,#49,200.);
#3586=IFCCARTESIANPOINTLIST2D(((-250.00000000000003,-599.99999999999977),(250.00000000000003,-599.99999999999977),(250.00000000000003,599.99999999999977),(-250.00000000000003,599.99999999999977),(-250.00000000000003,-599.99999999999977)));
#3587=IFCINDEXEDPOLYCURVE(#3586,$,.F.);
#3588=IFCARBITRARYCLOSEDPROFILEDEF(.AREA.,'BrickWindow',#3587);
#3589=IFCCARTESIANPOINT((600.,250.,0.));
#3590=IFCAXIS2PLACEMENT3D(#3589,#49,#146);
#3591=IFCEXTRUDEDAREASOLID(#3588,#3590,#49,165.03507693617399);
#3592=IFCCARTESIANPOINTLIST2D(((-250.00000000000003,-100.),(250.00000000000003,-100.),(250.00000000000003,100.),(-250.00000000000003,100.),(-250.00000000000003,-100.)));
#3593=IFCINDEXEDPOLYCURVE(#3592,$,.F.);
#3594=IFCARBITRARYCLOSEDPROFILEDEF(.AREA.,'BrickWindow',#3593);
#3595=IFCCARTESIANPOINT((100.,250.,165.03507693617399));
#3596=IFCAXIS2PLACEMENT3D(#3595,#49,#146);
#3597=IFCEXTRUDEDAREASOLID(#3594,#3596,#49,1134.9649230638261);
#3598=IFCCARTESIANPOINTLIST2D(((-250.00000000000003,-100.),(250.00000000000003,-100.),(250.00000000000003,100.),(-250.00000000000003,100.),(-250.00000000000003,-100.)));
#3599=IFCINDEXEDPOLYCURVE(#3598,$,.F.);
#3600=IFCARBITRARYCLOSEDPROFILEDEF(.AREA.,'BrickWindow',#3599);
#3601=IFCCARTESIANPOINT((1100.,250.,165.03507693617399));
#3602=IFCAXIS2PLACEMENT3D(#3601,#49,#146);
#3603=IFCEXTRUDEDAREASOLID(#3600,#3602,#49,1134.9649230638261);
#3604=IFCSTYLEDITEM(#3585,(#2399),$);
#3605=IFCSTYLEDITEM(#3591,(#2399),$);
#3606=IFCSTYLEDITEM(#3597,(#2399),$);
#3607=IFCSTYLEDITEM(#3603,(#2399),$);
#3608=IFCSHAPEREPRESENTATION(#15,'Body','SweptSolid',(#3585,#3591,#3597,#3603));
#3609=IFCAXIS2PLACEMENT3D(#10,$,$);
#3610=IFCREPRESENTATIONMAP(#3609,#3608);
#3611=IFCWINDOWLININGPROPERTIES('0cmxDOe$H0xREbbs1sIyXc',#6,'BrickWindow:BrickWindow:1706998',$,$,$,$,$,$,$,$,$,$,$,$,$);
#3612=IFCWINDOWTYPE('19lT6OfoXhFbdAjo4Brj5V',#6,'BrickWindow:BrickWindow',$,$,(#3611),(#3610),'1784395',$,.WINDOW.,.NOTDEFINED.,$,$);
#3613=IFCMAPPEDITEM(#3610,#2518);
#3614=IFCSHAPEREPRESENTATION(#15,'Body','MappedRepresentation',(#3613));
#3615=IFCPRODUCTDEFINITIONSHAPE($,$,(#3614));
#3616=IFCCARTESIANPOINT((8310.2006246655546,8273.9064034929725,2536.9768528884129));
#3617=IFCDIRECTION((0.88140092832803951,0.47236892736765629,0.));
#3618=IFCAXIS2PLACEMENT3D(#3616,#49,#3617);
#3620=IFCWINDOW('0cmxDOe$H0xREbbs5sIyXc',#6,'BrickWindow:BrickWindow:1706998',$,$,#6272,#3615,'1706998',1500.,1199.9999999999993,.WINDOW.,.NOTDEFINED.,$);
#3621=IFCPROPERTYSET('2IiGi48z9BYkwjH7hkMB4j',#6,'Pset_EnvironmentalImpactIndicators',$,(#1148));
#3622=IFCPROPERTYSET('3oFVwAl8RKCU7DS0vMSvua',#6,'Pset_WindowCommon',$,(#84,#1148));
#3623=IFCRELDEFINESBYPROPERTIES('2l$Yx4acCIYHu2AnZKszoD',#6,$,$,(#3620),#3621);
#3624=IFCRELDEFINESBYPROPERTIES('3alhUoTpzJN4Q3wfNHDa8h',#6,$,$,(#3620),#3622);
#3625=IFCQUANTITYLENGTH('Width','',$,1200.,$);
#3626=IFCQUANTITYLENGTH('Height','',$,1500.,$);
#3627=IFCQUANTITYLENGTH('Perimeter','',$,1400.,$);
#3628=IFCQUANTITYAREA('Area','',$,3.6095105230808526,$);
#3629=IFCELEMENTQUANTITY('0x2KBicug2YNG3RvNha6aL',#6,'Qto_WindowBaseQuantities',$,'BaseQuantities',(#3625,#3626,#3627,#3628));
#3630=IFCRELDEFINESBYPROPERTIES('3FpX0V4USmTsJKndQQ8pDl',#6,$,$,(#3620),#3629);
#3631=IFCMAPPEDITEM(#3610,#2518);
#3632=IFCSHAPEREPRESENTATION(#15,'Body','MappedRepresentation',(#3631));
#3633=IFCPRODUCTDEFINITIONSHAPE($,$,(#3632));
#3634=IFCCARTESIANPOINT((8222.0605318327489,8226.6695107562064,1500.));
#3635=IFCDIRECTION((0.88140092832803951,0.47236892736765629,0.));
#3636=IFCAXIS2PLACEMENT3D(#3634,#49,#3635);
#3638=IFCWINDOW('0cmxDOe$H0xREbbs5sIyzC',#6,'BrickWindow:BrickWindow:1707228',$,$,#6382,#3633,'1707228',1500.,1200.0000000000002,.WINDOW.,.NOTDEFINED.,$);
#3639=IFCPROPERTYSET('1mmNB_LX3JXqaFXQY6CEx9',#6,'Pset_EnvironmentalImpactIndicators',$,(#1148));
#3640=IFCPROPERTYSET('1WQMCavOBF5Sf0eIZBx5gr',#6,'Pset_WindowCommon',$,(#84,#1148));
#3641=IFCRELDEFINESBYPROPERTIES('1oyivoi__k6NMXmhaVFZ4M',#6,$,$,(#3638),#3639);
#3642=IFCRELDEFINESBYPROPERTIES('0_1$6goGKi78_Dtshy3dyg',#6,$,$,(#3638),#3640);
#3643=IFCQUANTITYLENGTH('Width','',$,1200.,$);
#3644=IFCQUANTITYLENGTH('Height','',$,1500.,$);
#3645=IFCQUANTITYLENGTH('Perimeter','',$,1400.,$);
#3646=IFCQUANTITYAREA('Area','',$,3.6095105230808526,$);
#3647=IFCELEMENTQUANTITY('1QLP9eEovUmX2yXI4_aeU_',#6,'Qto_WindowBaseQuantities',$,'BaseQuantities',(#3643,#3644,#3645,#3646));
#3648=IFCRELDEFINESBYPROPERTIES('3GVMcnZjjoalfPBsNpi3dj',#6,$,$,(#3638),#3647);
#3649=IFCCARTESIANPOINT((17569.020458692212,-1089.019125806801,-1500.));
#3650=IFCAXIS2PLACEMENT3D(#3649,#49,#146);
#3651=IFCLOCALPLACEMENT(#24,#3650);
#3652=IFCPRODUCTDEFINITIONSHAPE($,$,(#3661));
#3653=IFCCARTESIANPOINTLIST2D(((-376.44040296821561,-3338.1164653539049),(143.30121172174134,-3338.1164653539054),(377.58998887541293,3371.0362985628822),(-144.45079762893869,3305.196632144929),(-376.44040296821561,-3338.1164653539049)));
#3654=IFCINDEXEDPOLYCURVE(#3653,$,.F.);
#3655=IFCARBITRARYCLOSEDPROFILEDEF(.AREA.,'Castelnuovo3',#3654);
#3656=IFCCARTESIANPOINT((3282.4496554319981,-1330.0571593890359,0.));
#3657=IFCDIRECTION((-0.3583679495452996,0.93358042649720197,0.));
#3658=IFCAXIS2PLACEMENT3D(#3656,#49,#3657);
#3659=IFCEXTRUDEDAREASOLID(#3655,#3658,#49,5599.9999999999454);
#3660=IFCSTYLEDITEM(#3659,(#2267),$);
#3661=IFCSHAPEREPRESENTATION(#15,'Body','SweptSolid',(#3659));
#3662=IFCWALL('0CvVHHujLB8fkhpCAWbiT3',#6,'Castelnuovo3:Castelnuovo3:1707835',$,$,#3651,#3652,'1707835',.NOTDEFINED.);
#3663=IFCCARTESIANPOINTLIST2D(((-500.00000000000006,-500.00000000000011),(500.00000000000006,-500.00000000000011),(500.00000000000006,499.99999999999955),(-500.00000000000006,499.99999999999955),(-500.00000000000006,-500.00000000000011)));
#3664=IFCINDEXEDPOLYCURVE(#3663,$,.F.);
#3665=IFCARBITRARYCLOSEDPROFILEDEF(.AREA.,$,#3664);
#3666=IFCCARTESIANPOINT((3099.0064648906591,-1096.5702180837732,4750.));
#3667=IFCDIRECTION((0.3255681544571547,-0.94551857559931751,0.));
#3668=IFCAXIS2PLACEMENT3D(#3666,#3667,#49);
#3669=IFCEXTRUDEDAREASOLID(#3665,#3668,#49,612.9215025266634);
#3670=IFCSHAPEREPRESENTATION(#15,'Body','SweptSolid',(#3669));
#3671=IFCPRODUCTDEFINITIONSHAPE($,$,(#3670));
#3672=IFCAXIS2PLACEMENT3D(#10,$,$);
#3673=IFCLOCALPLACEMENT(#3651,#3672);
#3674=IFCOPENINGELEMENT('3pnMpboeEowUMrlghr$aeN',#6,'Castelnuovo3',$,$,#3673,#3671,'1709231',.OPENING.);
#3675=IFCQUANTITYLENGTH('Height',$,$,999.99999999999989,$);
#3676=IFCQUANTITYLENGTH('Width',$,$,1000.0000000000001,$);
#3677=IFCQUANTITYAREA('Area',$,$,1000000.,$);
#3678=IFCELEMENTQUANTITY('3SlCkPj10USiFgFdPfrTnD',#6,'Qto_OpeningElementBaseQuantities',$,'BaseQuantities',(#3675,#3676,#3677));
#3679=IFCRELDEFINESBYPROPERTIES('3qDaXSXpnTuDE8yhvX$YfO',#6,$,$,(#3674),#3678);
#3680=IFCRELVOIDSELEMENT('2_m9TPtu5uzHEQFdPjqO5y',#6,$,$,#3662,#3674);
#3681=IFCCARTESIANPOINTLIST2D(((-500.00000000000006,-549.99999999999989),(500.00000000000006,-550.00000000000034),(500.00000000000006,550.0000000000008),(-500.00000000000006,550.0000000000008),(-500.00000000000006,-549.99999999999989)));
#3682=IFCINDEXEDPOLYCURVE(#3681,$,.F.);
#3683=IFCARBITRARYCLOSEDPROFILEDEF(.AREA.,$,#3682);
#3684=IFCCARTESIANPOINT((5163.3100295083377,-385.77349857362202,4400.));
#3685=IFCDIRECTION((0.32556815445715476,-0.94551857559931751,0.));
#3686=IFCAXIS2PLACEMENT3D(#3684,#3685,#49);
#3687=IFCEXTRUDEDAREASOLID(#3683,#3686,#49,612.9215025266609);
#3688=IFCSHAPEREPRESENTATION(#15,'Body','SweptSolid',(#3687));
#3689=IFCPRODUCTDEFINITIONSHAPE($,$,(#3688));
#3690=IFCAXIS2PLACEMENT3D(#10,$,$);
#3691=IFCLOCALPLACEMENT(#3651,#3690);
#3692=IFCOPENINGELEMENT('0knkgRrp4uxF7TO0ozeIfg',#6,'Castelnuovo3',$,$,#3691,#3689,'1709200',.OPENING.);
#3693=IFCQUANTITYLENGTH('Height',$,$,1100.0000000000005,$);
#3694=IFCQUANTITYLENGTH('Width',$,$,1000.0000000000001,$);
#3695=IFCQUANTITYAREA('Area',$,$,1100000.0000000005,$);
#3696=IFCELEMENTQUANTITY('20FYfv6da18W7tmqaLxoCP',#6,'Qto_OpeningElementBaseQuantities',$,'BaseQuantities',(#3693,#3694,#3695));
#3697=IFCRELDEFINESBYPROPERTIES('0FVx0qNANqYoNFBliy2163',#6,$,$,(#3692),#3696);
#3698=IFCRELVOIDSELEMENT('00HKhAmiMpXg3rBI34iwn8',#6,$,$,#3662,#3692);
#3699=IFCCARTESIANPOINTLIST2D(((-800.00000000000193,-1000.0000000000019),(800.00000000000034,-1000.000000000003),(800.00000000000034,1000.0000000000025),(-799.99999999999875,1000.0000000000034),(-1800.0000000000011,5.1193549282876905E-013)));
#3700=IFCINDEXEDPOLYCURVE(#3699,(IFCLINEINDEX((1,2,3,4)),IFCARCINDEX((4,5,1))),.F.);
#3701=IFCARBITRARYCLOSEDPROFILEDEF(.AREA.,$,#3700);
#3702=IFCCARTESIANPOINT((5124.9162992054125,-398.99352009411666,1300.));
#3703=IFCDIRECTION((0.32556815445715509,-0.9455185755993174,0.));
#3704=IFCAXIS2PLACEMENT3D(#3702,#3703,#1408);
#3705=IFCEXTRUDEDAREASOLID(#3701,#3704,#49,612.92150252667034);
#3706=IFCSHAPEREPRESENTATION(#15,'Body','SweptSolid',(#3705));
#3707=IFCPRODUCTDEFINITIONSHAPE($,$,(#3706));
#3708=IFCAXIS2PLACEMENT3D(#10,$,$);
#3709=IFCLOCALPLACEMENT(#3651,#3708);
#3710=IFCOPENINGELEMENT('3ZmXWkmRdoCuwF6DQAWlWV',#6,'Castelnuovo3',$,$,#3709,#3707,'1709129',.OPENING.);
#3711=IFCQUANTITYAREA('Area',$,$,4.7708038956607162,$);
#3712=IFCELEMENTQUANTITY('2RJbYXO_h8TYntLo7JTI1s',#6,'Qto_OpeningElementBaseQuantities',$,'BaseQuantities',(#3711));
#3713=IFCRELDEFINESBYPROPERTIES('24qPleUb4X3lUDARPxuq3e',#6,$,$,(#3710),#3712);
#3714=IFCRELVOIDSELEMENT('0ICs2sx9XcUDEWs1nmG4F0',#6,$,$,#3662,#3710);
#3715=IFCCARTESIANPOINTLIST2D(((-800.00000000000171,-1450.000000000002),(799.99999999999977,-1450.0000000000025),(799.99999999999977,1450.0000000000041),(-799.99999999999818,1450.0000000000039),(-2250.0000000000014,1.5358064784863077E-012)));
#3716=IFCINDEXEDPOLYCURVE(#3715,(IFCLINEINDEX((1,2,3,4)),IFCARCINDEX((4,5,1))),.F.);
#3717=IFCARBITRARYCLOSEDPROFILEDEF(.AREA.,$,#3716);
#3718=IFCCARTESIANPOINT((1905.5987064311323,-2100.7964577927119,2300.));
#3719=IFCDIRECTION((-0.32556815445715415,0.94551857559931773,0.));
#3720=IFCAXIS2PLACEMENT3D(#3718,#3719,#1408);
#3721=IFCEXTRUDEDAREASOLID(#3717,#3720,#49,612.92150252667454);
#3722=IFCSHAPEREPRESENTATION(#15,'Body','SweptSolid',(#3721));
#3723=IFCPRODUCTDEFINITIONSHAPE($,$,(#3722));
#3724=IFCAXIS2PLACEMENT3D(#10,$,$);
#3725=IFCLOCALPLACEMENT(#3651,#3724);
#3726=IFCOPENINGELEMENT('2WUQKxgIiNjAHL4ZveyUus',#6,'Castelnuovo3',$,$,#3725,#3723,'1707972',.OPENING.);
#3727=IFCQUANTITYAREA('Area',$,$,7.9432291428117932,$);
#3728=IFCELEMENTQUANTITY('39E3AxHfS$kZQGw0z8fKdv',#6,'Qto_OpeningElementBaseQuantities',$,'BaseQuantities',(#3727));
#3729=IFCRELDEFINESBYPROPERTIES('3qTZoek5pTvlC2tD1ReoYB',#6,$,$,(#3726),#3728);
#3730=IFCRELVOIDSELEMENT('1jBytvwJcDWuMHuuKHWaJQ',#6,$,$,#3662,#3726);
#3731=IFCWALLTYPE('0CvVHHujLB8fkhpCAWbiT1',#6,'Castelnuovo3:Castelnuovo3',$,$,$,$,'1707833',$,.NOTDEFINED.);
#3732=IFCPROPERTYSINGLEVALUE('Reference',$,IFCIDENTIFIER('Castelnuovo3'),$);
#3733=IFCPROPERTYSET('3CS3Xs85kTffA0p12DbAIj',#6,'Pset_EnvironmentalImpactIndicators',$,(#3732));
#3734=IFCPROPERTYSINGLEVALUE('Reference',$,IFCLABEL('Castelnuovo3'),$);
#3735=IFCPROPERTYSET('03tiMrDSZvpRJuX5i8G0bB',#6,'Pset_ReinforcementBarPitchOfWall',$,(#3734));
#3736=IFCPROPERTYSET('2bLhr4YeCLTehlgoKjaL3I',#6,'Pset_WallCommon',$,(#1425,#3732));
#3737=IFCPROPERTYSET('2LYWrJgJJUJJxhZYYzx$_k',#6,'Pset_EnvironmentalImpactIndicators',$,(#1427));
#3738=IFCPROPERTYSET('1lHUIkb0tgh64S5uyIjc13',#6,'Pset_OpeningElementCommon',$,(#1427));
#3739=IFCPROPERTYSET('0S1PukoToQ215p0kPJzjTv',#6,'Pset_EnvironmentalImpactIndicators',$,(#1427));
#3740=IFCPROPERTYSET('2oayK$n9t6hv_FeDAlCfTc',#6,'Pset_OpeningElementCommon',$,(#1427));
#3741=IFCPROPERTYSET('0hEvBdbTh9d5sr$xJWDXs7',#6,'Pset_EnvironmentalImpactIndicators',$,(#1432));
#3742=IFCPROPERTYSET('1QlPgp3lL28PRVu_ts7swk',#6,'Pset_OpeningElementCommon',$,(#1432));
#3743=IFCPROPERTYSINGLEVALUE('Reference',$,IFCIDENTIFIER('enclosed_archv2'),$);
#3744=IFCPROPERTYSET('3XkTe_npKV$8lCTlKW$blF',#6,'Pset_EnvironmentalImpactIndicators',$,(#3743));
#3745=IFCPROPERTYSET('2EKy66WDkdMPAfTWoc7Eag',#6,'Pset_OpeningElementCommon',$,(#3743));
#3746=IFCRELDEFINESBYPROPERTIES('37WfG2uDG7Rm1g0rnZz2EM',#6,$,$,(#3662),#3733);
#3747=IFCRELDEFINESBYPROPERTIES('1mX5oElK$aULblTzV9vWt$',#6,$,$,(#3662),#3735);
#3748=IFCRELDEFINESBYPROPERTIES('1scAd08encyrXmlVMFkraQ',#6,$,$,(#3662),#3736);
#3749=IFCRELDEFINESBYPROPERTIES('1v0MnkV6n1$Qh1jw5gIQUN',#6,$,$,(#3674),#3737);
#3750=IFCRELDEFINESBYPROPERTIES('2LbV80AacNobVZAVmofs9T',#6,$,$,(#3674),#3738);
#3751=IFCRELDEFINESBYPROPERTIES('30Mw3nQCWmwMmjk86INHEf',#6,$,$,(#3692),#3739);
#3752=IFCRELDEFINESBYPROPERTIES('3sm9KU1AWjNJmo6Dy1B8hH',#6,$,$,(#3692),#3740);
#3753=IFCRELDEFINESBYPROPERTIES('0O$IZUGUHQGsbXaRnnCZec',#6,$,$,(#3710),#3741);
#3754=IFCRELDEFINESBYPROPERTIES('1wpRiwfmSMfq0TbGvaNGbu',#6,$,$,(#3710),#3742);
#3755=IFCRELDEFINESBYPROPERTIES('2UU_ybevH$lFjjPXDl6UF5',#6,$,$,(#3726),#3744);
#3756=IFCRELDEFINESBYPROPERTIES('3l$q9fE1eGr0xp6rps6Pyo',#6,$,$,(#3726),#3745);
#3757=IFCQUANTITYVOLUME('NetVolume','',$,11.736902907834697,$);
#3758=IFCELEMENTQUANTITY('0GrK8anQ$lvg8JlFzze84X',#6,'Qto_WallBaseQuantities',$,'BaseQuantities',(#3757));
#3759=IFCRELDEFINESBYPROPERTIES('0$eF81hnPxfXmc7W9JCIMh',#6,$,$,(#3662),#3758);
#3760=IFCCARTESIANPOINT((17569.020458692212,-1089.019125806801,0.));
#3761=IFCAXIS2PLACEMENT3D(#3760,#49,#146);
#3762=IFCLOCALPLACEMENT(#28,#3761);
#3763=IFCPRODUCTDEFINITIONSHAPE($,$,(#3772));
#3764=IFCCARTESIANPOINTLIST2D(((-376.44040296821561,-3338.1164653539049),(143.30121172174134,-3338.1164653539054),(377.58998887541293,3371.0362985628822),(-144.45079762893869,3305.196632144929),(-376.44040296821561,-3338.1164653539049)));
#3765=IFCINDEXEDPOLYCURVE(#3764,$,.F.);
#3766=IFCARBITRARYCLOSEDPROFILEDEF(.AREA.,'Castelnuovo3',#3765);
#3767=IFCCARTESIANPOINT((3282.4496554319981,-1330.0571593890359,0.));
#3768=IFCDIRECTION((-0.3583679495452996,0.93358042649720197,0.));
#3769=IFCAXIS2PLACEMENT3D(#3767,#49,#3768);
#3770=IFCEXTRUDEDAREASOLID(#3766,#3769,#49,3500.0000000001655);
#3771=IFCSTYLEDITEM(#3770,(#2267),$);
#3772=IFCSHAPEREPRESENTATION(#15,'Body','SweptSolid',(#3770));
#3773=IFCWALL('1HfLPk$M547Aaac6ue3X37',#6,'Castelnuovo2:Castelnuovo3:1707893',$,$,#3762,#3763,'1707893',.NOTDEFINED.);
#3774=IFCCARTESIANPOINTLIST2D(((-900.00000000000011,-550.0000000000008),(900.00000000000011,-550.0000000000008),(900.00000000000011,549.99999999999989),(-900.00000000000011,549.99999999999989),(-900.00000000000011,-550.0000000000008)));
#3775=IFCINDEXEDPOLYCURVE(#3774,$,.F.);
#3776=IFCARBITRARYCLOSEDPROFILEDEF(.AREA.,$,#3775);
#3777=IFCCARTESIANPOINT((5382.5503467560065,-310.28300339886493,1300.));
#3778=IFCDIRECTION((0.3255681544571547,-0.94551857559931751,0.));
#3779=IFCAXIS2PLACEMENT3D(#3777,#3778,#49);
#3780=IFCEXTRUDEDAREASOLID(#3776,#3779,#49,612.9215025266634);
#3781=IFCSHAPEREPRESENTATION(#15,'Body','SweptSolid',(#3780));
#3782=IFCPRODUCTDEFINITIONSHAPE($,$,(#3781));
#3783=IFCAXIS2PLACEMENT3D(#10,$,$);
#3784=IFCLOCALPLACEMENT(#3762,#3783);
#3785=IFCOPENINGELEMENT('1_9PU3scx69thDExaDQMPx',#6,'Castelnuovo3',$,$,#3784,#3782,'1709432',.OPENING.);
#3786=IFCQUANTITYLENGTH('Height',$,$,1100.,$);
#3787=IFCQUANTITYLENGTH('Width',$,$,1800.0000000000002,$);
#3788=IFCQUANTITYAREA('Area',$,$,1980000.0000000002,$);
#3789=IFCELEMENTQUANTITY('1kmnDjxPptXooPA$d3B1B2',#6,'Qto_OpeningElementBaseQuantities',$,'BaseQuantities',(#3786,#3787,#3788));
#3790=IFCRELDEFINESBYPROPERTIES('2TC6Xaeqr8vMoNqYEH9oLi',#6,$,$,(#3785),#3789);
#3791=IFCRELVOIDSELEMENT('22kJ5DYAeps0gFkNjgsYBF',#6,$,$,#3773,#3785);
#3792=IFCCARTESIANPOINTLIST2D(((-900.00000000000011,-549.9999999999992),(900.00000000000011,-550.00000000000068),(900.00000000000011,550.00000000000068),(-900.00000000000011,550.00000000000068),(-900.00000000000011,-549.9999999999992)));
#3793=IFCINDEXEDPOLYCURVE(#3792,$,.F.);
#3794=IFCARBITRARYCLOSEDPROFILEDEF(.AREA.,$,#3793);
#3795=IFCCARTESIANPOINT((1301.857848933086,-1715.3781117432668,1300.));
#3796=IFCDIRECTION((0.3255681544571547,-0.94551857559931751,0.));
#3797=IFCAXIS2PLACEMENT3D(#3795,#3796,#49);
#3798=IFCEXTRUDEDAREASOLID(#3794,#3797,#49,612.9215025266634);
#3799=IFCSHAPEREPRESENTATION(#15,'Body','SweptSolid',(#3798));
#3800=IFCPRODUCTDEFINITIONSHAPE($,$,(#3799));
#3801=IFCAXIS2PLACEMENT3D(#10,$,$);
#3802=IFCLOCALPLACEMENT(#3762,#3801);
#3803=IFCOPENINGELEMENT('0x1LSHfG7MFgzQDEl70NJ0',#6,'Castelnuovo3',$,$,#3802,#3800,'1709442',.OPENING.);
#3804=IFCQUANTITYLENGTH('Height',$,$,1100.0000000000009,$);
#3805=IFCQUANTITYLENGTH('Width',$,$,1800.0000000000002,$);
#3806=IFCQUANTITYAREA('Area',$,$,1980000.0000000019,$);
#3807=IFCELEMENTQUANTITY('3QmnvY2oxJpQN8a5UEJxOj',#6,'Qto_OpeningElementBaseQuantities',$,'BaseQuantities',(#3804,#3805,#3806));
#3808=IFCRELDEFINESBYPROPERTIES('30NdlGxU56$1P$KJJopLvC',#6,$,$,(#3803),#3807);
#3809=IFCRELVOIDSELEMENT('3JMZoN6ivsDqQx___Go4KT',#6,$,$,#3773,#3803);
#3810=IFCCARTESIANPOINTLIST2D(((-549.99999999999955,-450.00000000000051),(550.00000000000057,-449.99999999999994),(550.00000000000057,449.99999999999994),(-549.99999999999955,449.99999999999994),(-549.99999999999955,-450.00000000000051)));
#3811=IFCINDEXEDPOLYCURVE(#3810,$,.F.);
#3812=IFCARBITRARYCLOSEDPROFILEDEF(.AREA.,$,#3811);
#3813=IFCCARTESIANPOINT((3937.1740190596884,-807.9659846199188,2350.));
#3814=IFCDIRECTION((0.3255681544571547,-0.94551857559931751,0.));
#3815=IFCAXIS2PLACEMENT3D(#3813,#3814,#49);
#3816=IFCEXTRUDEDAREASOLID(#3812,#3815,#49,612.9215025266634);
#3817=IFCSHAPEREPRESENTATION(#15,'Body','SweptSolid',(#3816));
#3818=IFCPRODUCTDEFINITIONSHAPE($,$,(#3817));
#3819=IFCAXIS2PLACEMENT3D(#10,$,$);
#3820=IFCLOCALPLACEMENT(#3762,#3819);
#3821=IFCOPENINGELEMENT('3iFV4ylkRGAAo0KRNslLzk',#6,'Castelnuovo3',$,$,#3820,#3818,'1709877',.OPENING.);
#3822=IFCQUANTITYLENGTH('Height',$,$,899.99999999999989,$);
#3823=IFCQUANTITYLENGTH('Width',$,$,1100.,$);
#3824=IFCQUANTITYAREA('Area',$,$,989999.99999999988,$);
#3825=IFCELEMENTQUANTITY('0QkYJj1oL3xbvY4dT0RGmc',#6,'Qto_OpeningElementBaseQuantities',$,'BaseQuantities',(#3822,#3823,#3824));
#3826=IFCRELDEFINESBYPROPERTIES('0klY95wLxfqD9_sbVZPNx2',#6,$,$,(#3821),#3825);
#3827=IFCRELVOIDSELEMENT('3Pk_8Q_gZSUGZNEfVaTKke',#6,$,$,#3773,#3821);
#3828=IFCCARTESIANPOINTLIST2D(((-300.00000000000057,-500.00000000003308),(300.,-500.0000000000328),(800.00000000003149,2.5596774641438468E-013),(299.99999999999892,500.00000000003291),(-300.,500.00000000003291)));
#3829=IFCINDEXEDPOLYCURVE(#3828,(IFCLINEINDEX((1,2)),IFCARCINDEX((2,3,4)),IFCLINEINDEX((4,5,1))),.F.);
#3830=IFCARBITRARYCLOSEDPROFILEDEF(.AREA.,$,#3829);
#3831=IFCCARTESIANPOINT((2432.1007396585164,-1326.2042747421692,600.));
#3832=IFCDIRECTION((0.32556815445715381,-0.94551857559931785,0.));
#3833=IFCAXIS2PLACEMENT3D(#3831,#3832,#49);
#3834=IFCEXTRUDEDAREASOLID(#3830,#3833,#49,612.92150252667022);
#3835=IFCSHAPEREPRESENTATION(#15,'Body','SweptSolid',(#3834));
#3836=IFCPRODUCTDEFINITIONSHAPE($,$,(#3835));
#3837=IFCAXIS2PLACEMENT3D(#10,$,$);
#3838=IFCLOCALPLACEMENT(#3762,#3837);
#3839=IFCOPENINGELEMENT('1IwVUuoD73zDNsiASIbrHo',#6,'Castelnuovo3',$,$,#3838,#3836,'1712441',.OPENING.);
#3840=IFCQUANTITYAREA('Area',$,$,0.99270029005679772,$);
#3841=IFCELEMENTQUANTITY('1upb8c$KgROFRsgfL0SRI5',#6,'Qto_OpeningElementBaseQuantities',$,'BaseQuantities',(#3840));
#3842=IFCRELDEFINESBYPROPERTIES('1oEPzooYUb8ksVP26Susca',#6,$,$,(#3839),#3841);
#3843=IFCRELVOIDSELEMENT('24kXkd4fGsAa$mXi8HKlc9',#6,$,$,#3773,#3839);
#3844=IFCWALLTYPE('1HfLPk$M547Aaac6ue3X31',#6,'Castelnuovo2:Castelnuovo3',$,$,$,$,'1707891',$,.NOTDEFINED.);
#3845=IFCPROPERTYSET('0_qFI7tUmlSgnTnEWBnuIr',#6,'Pset_EnvironmentalImpactIndicators',$,(#3732));
#3846=IFCPROPERTYSINGLEVALUE('Reference',$,IFCLABEL('Castelnuovo3'),$);
#3847=IFCPROPERTYSET('2XVSxAWmBdlY5ELI8SZsuo',#6,'Pset_ReinforcementBarPitchOfWall',$,(#3846));
#3848=IFCPROPERTYSET('0ul2WeZ7UmNy3zmXHNhRoZ',#6,'Pset_WallCommon',$,(#1425,#3732));
#3849=IFCPROPERTYSET('3pWQggKTDQYL81sCc33KIu',#6,'Pset_EnvironmentalImpactIndicators',$,(#1427));
#3850=IFCPROPERTYSET('0tdh2WiDYUvLVHS2JVrHNo',#6,'Pset_OpeningElementCommon',$,(#1427));
#3851=IFCPROPERTYSET('1crEMW7TllUAuePmEpcdlR',#6,'Pset_EnvironmentalImpactIndicators',$,(#1427));
#3852=IFCPROPERTYSET('2ye0j$pBHEsKFy2E_XbYpg',#6,'Pset_OpeningElementCommon',$,(#1427));
#3853=IFCPROPERTYSET('0TAtlDHX0A3N5a_yLvFpG_',#6,'Pset_EnvironmentalImpactIndicators',$,(#1427));
#3854=IFCPROPERTYSET('2nr1k4ENfvONIjye6NTnsZ',#6,'Pset_OpeningElementCommon',$,(#1427));
#3855=IFCPROPERTYSET('0EDpGup2KJHlrHxBZJZW6A',#6,'Pset_EnvironmentalImpactIndicators',$,(#2168));
#3856=IFCPROPERTYSET('2rg3E7FA_pwIblXz2KwWMF',#6,'Pset_OpeningElementCommon',$,(#2168));
#3857=IFCRELDEFINESBYPROPERTIES('3xNwLNAK1qdfXb90A$tp7E',#6,$,$,(#3773),#3845);
#3858=IFCRELDEFINESBYPROPERTIES('1XlLzBZWhnoURwTiz1B8Ko',#6,$,$,(#3773),#3847);
#3859=IFCRELDEFINESBYPROPERTIES('1Ykwjr$siep46lepHGypJg',#6,$,$,(#3773),#3848);
#3860=IFCRELDEFINESBYPROPERTIES('2boqkFzqYXUTeE5mcUFJbU',#6,$,$,(#3785),#3849);
#3861=IFCRELDEFINESBYPROPERTIES('3Bbj6oavq7ghLSBRTdFC_K',#6,$,$,(#3785),#3850);
#3862=IFCRELDEFINESBYPROPERTIES('0kjAspBzE4Glfs_C$UVv8j',#6,$,$,(#3803),#3851);
#3863=IFCRELDEFINESBYPROPERTIES('3NGi$mNi1H$9IF3VFKhCEN',#6,$,$,(#3803),#3852);
#3864=IFCRELDEFINESBYPROPERTIES('1vXRCdkFs61glXWdYeNGt5',#6,$,$,(#3821),#3853);
#3865=IFCRELDEFINESBYPROPERTIES('1$QQApuycBCR6tR0JZ0Lz5',#6,$,$,(#3821),#3854);
#3866=IFCRELDEFINESBYPROPERTIES('3ijuBRHSfI2heIydWVbYFp',#6,$,$,(#3839),#3855);
#3867=IFCRELDEFINESBYPROPERTIES('2NqHoM9Tns$LQ5iHgWCj3p',#6,$,$,(#3839),#3856);
#3868=IFCQUANTITYVOLUME('NetVolume','',$,9.0579213905260243,$);
#3869=IFCELEMENTQUANTITY('2GZ0d0VhLG4jT_gXaBEG7c',#6,'Qto_WallBaseQuantities',$,'BaseQuantities',(#3868));
#3870=IFCRELDEFINESBYPROPERTIES('0CVArhVJpkNhxvDQMJw3rW',#6,$,$,(#3773),#3869);
#3871=IFCCARTESIANPOINT((17569.020458692212,-1089.019125806801,0.));
#3872=IFCAXIS2PLACEMENT3D(#3871,#49,#146);
#3873=IFCLOCALPLACEMENT(#32,#3872);
#3874=IFCPRODUCTDEFINITIONSHAPE($,$,(#3883));
#3875=IFCCARTESIANPOINTLIST2D(((-376.44040296821561,-3338.1164653539049),(143.30121172174134,-3338.1164653539054),(377.58998887541293,3371.0362985628822),(-144.45079762893869,3305.196632144929),(-376.44040296821561,-3338.1164653539049)));
#3876=IFCINDEXEDPOLYCURVE(#3875,$,.F.);
#3877=IFCARBITRARYCLOSEDPROFILEDEF(.AREA.,'Castelnuovo3',#3876);
#3878=IFCCARTESIANPOINT((3282.4496554319981,-1330.0571593890359,0.));
#3879=IFCDIRECTION((-0.3583679495452996,0.93358042649720197,0.));
#3880=IFCAXIS2PLACEMENT3D(#3878,#49,#3879);
#3881=IFCEXTRUDEDAREASOLID(#3877,#3880,#49,2215.8072539634672);
#3882=IFCSTYLEDITEM(#3881,(#2267),$);
#3883=IFCSHAPEREPRESENTATION(#15,'Body','SweptSolid',(#3881));
#3884=IFCWALL('1HfLPk$M547Aaac6ue3X0L',#6,'Castelnuovo5:Castelnuovo3:1707943',$,$,#3873,#3874,'1707943',.NOTDEFINED.);
#3885=IFCCARTESIANPOINTLIST2D(((-750.00000000000057,-599.99999999999898),(749.99999999999955,-600.00000000000034),(749.99999999999955,600.00000000000091),(-750.00000000000057,600.00000000000091),(-750.00000000000057,-599.99999999999898)));
#3886=IFCINDEXEDPOLYCURVE(#3885,$,.F.);
#3887=IFCARBITRARYCLOSEDPROFILEDEF(.AREA.,$,#3886);
#3888=IFCCARTESIANPOINT((2111.0530861470224,-2030.0528415852352,1250.));
#3889=IFCDIRECTION((-0.32556815445715476,0.94551857559931751,0.));
#3890=IFCAXIS2PLACEMENT3D(#3888,#3889,#49);
#3891=IFCEXTRUDEDAREASOLID(#3887,#3890,#49,612.92150252666954);
#3892=IFCSHAPEREPRESENTATION(#15,'Body','SweptSolid',(#3891));
#3893=IFCPRODUCTDEFINITIONSHAPE($,$,(#3892));
#3894=IFCAXIS2PLACEMENT3D(#10,$,$);
#3895=IFCLOCALPLACEMENT(#3873,#3894);
#3896=IFCOPENINGELEMENT('165EKiDUhRHP47VOpu1vC8',#6,'Castelnuovo3',$,$,#3895,#3893,'1716506',.OPENING.);
#3897=IFCQUANTITYLENGTH('Height',$,$,1200.0000000000011,$);
#3898=IFCQUANTITYLENGTH('Width',$,$,1500.,$);
#3899=IFCQUANTITYAREA('Area',$,$,1800000.0000000016,$);
#3900=IFCELEMENTQUANTITY('17Y$2b_28sDyi6VcJHPe0f',#6,'Qto_OpeningElementBaseQuantities',$,'BaseQuantities',(#3897,#3898,#3899));
#3901=IFCRELDEFINESBYPROPERTIES('1d_BQlf3z$AVN4C7ZQ9JFP',#6,$,$,(#3896),#3900);
#3902=IFCRELVOIDSELEMENT('0hejvp3_8ZJGOuvGal9M8O',#6,$,$,#3884,#3896);
#3903=IFCCARTESIANPOINTLIST2D(((-750.00000000000057,-600.00000000000023),(749.99999999999955,-600.00000000000023),(749.99999999999955,600.00000000000023),(-750.00000000000057,600.00000000000023),(-750.00000000000057,-600.00000000000023)));
#3904=IFCINDEXEDPOLYCURVE(#3903,$,.F.);
#3905=IFCARBITRARYCLOSEDPROFILEDEF(.AREA.,$,#3904);
#3906=IFCCARTESIANPOINT((4709.5069856141472,-542.03041758129837,1250.));
#3907=IFCDIRECTION((0.3255681544571547,-0.94551857559931751,0.));
#3908=IFCAXIS2PLACEMENT3D(#3906,#3907,#49);
#3909=IFCEXTRUDEDAREASOLID(#3905,#3908,#49,612.9215025266609);
#3910=IFCSHAPEREPRESENTATION(#15,'Body','SweptSolid',(#3909));
#3911=IFCPRODUCTDEFINITIONSHAPE($,$,(#3910));
#3912=IFCAXIS2PLACEMENT3D(#10,$,$);
#3913=IFCLOCALPLACEMENT(#3873,#3912);
#3914=IFCOPENINGELEMENT('2NtSCYpvUlCHbIBcLww9gN',#6,'Castelnuovo3',$,$,#3913,#3911,'1716515',.OPENING.);
#3915=IFCQUANTITYLENGTH('Height',$,$,1200.0000000000005,$);
#3916=IFCQUANTITYLENGTH('Width',$,$,1500.,$);
#3917=IFCQUANTITYAREA('Area',$,$,1800000.0000000007,$);
#3918=IFCELEMENTQUANTITY('1qtikWMDedLSmdeGWwRzui',#6,'Qto_OpeningElementBaseQuantities',$,'BaseQuantities',(#3915,#3916,#3917));
#3919=IFCRELDEFINESBYPROPERTIES('3n3Iok7EuO7t0ROjCLtZ_r',#6,$,$,(#3914),#3918);
#3920=IFCRELVOIDSELEMENT('06QZRj_4fe2R0_cxhUzZBc',#6,$,$,#3884,#3914);
#3921=IFCWALLTYPE('1HfLPk$M547Aaac6ue3X0N',#6,'Castelnuovo5:Castelnuovo3',$,$,$,$,'1707941',$,.NOTDEFINED.);
#3922=IFCPROPERTYSET('3XIANmHbEKu$7f1RLRG8Gr',#6,'Pset_EnvironmentalImpactIndicators',$,(#3732));
#3923=IFCPROPERTYSINGLEVALUE('Reference',$,IFCLABEL('Castelnuovo3'),$);
#3924=IFCPROPERTYSET('2B3Ja7HLE4BEWUSQbGSjOe',#6,'Pset_ReinforcementBarPitchOfWall',$,(#3923));
#3925=IFCPROPERTYSET('3Ssp3D$aZ55T8V0mXEnitn',#6,'Pset_WallCommon',$,(#1425,#3732));
#3926=IFCPROPERTYSET('3tfeiZf_m8TfCAYE74ravj',#6,'Pset_EnvironmentalImpactIndicators',$,(#1427));
#3927=IFCPROPERTYSET('21hK_MMDn9uh7EJSfLNrVf',#6,'Pset_OpeningElementCommon',$,(#1427));
#3928=IFCPROPERTYSET('0Y_KjDdPNNBW2E2pLS0xNB',#6,'Pset_EnvironmentalImpactIndicators',$,(#1427));
#3929=IFCPROPERTYSET('3d5gIuFeQMEKCCMiZGbn_E',#6,'Pset_OpeningElementCommon',$,(#1427));
#3930=IFCRELDEFINESBYPROPERTIES('0oiQrtigNAQ7JnzjoCh0lN',#6,$,$,(#3884),#3922);
#3931=IFCRELDEFINESBYPROPERTIES('0zmzRmMJGteqcbpSNtyGTY',#6,$,$,(#3884),#3924);
#3932=IFCRELDEFINESBYPROPERTIES('3XrtwZqO4ljhjbLI7g3Y7G',#6,$,$,(#3884),#3925);
#3933=IFCRELDEFINESBYPROPERTIES('0_PaWI4sBH_qA9HohrRjyt',#6,$,$,(#3896),#3926);
#3934=IFCRELDEFINESBYPROPERTIES('2verVoRs4IX19HkyBnsjkz',#6,$,$,(#3896),#3927);
#3935=IFCRELDEFINESBYPROPERTIES('1ysrWEBKAbNDcNgnfJ12Ni',#6,$,$,(#3914),#3928);
#3936=IFCRELDEFINESBYPROPERTIES('3xLFyxqBYr$OmEjD4u3Xqw',#6,$,$,(#3914),#3929);
#3937=IFCQUANTITYVOLUME('NetVolume','',$,5.818735220649752,$);
#3938=IFCELEMENTQUANTITY('2Bygq9DIR5dZg4Cm746ATb',#6,'Qto_WallBaseQuantities',$,'BaseQuantities',(#3937));
#3939=IFCRELDEFINESBYPROPERTIES('0BG3fdeyIuzlTYAIFHYFSI',#6,$,$,(#3884),#3938);
#3940=IFCCARTESIANPOINTLIST2D(((-366.76652452289858,-69.85625053530319),(366.76652452289977,-69.856250535305705),(366.76652452289909,69.856250535305264),(-366.76652452289812,69.856250535309712),(-366.76652452289858,-69.85625053530319)));
#3941=IFCINDEXEDPOLYCURVE(#3940,$,.F.);
#3942=IFCARBITRARYCLOSEDPROFILEDEF(.AREA.,'enclosed_archv2',#3941);
#3943=IFCCARTESIANPOINT((19515.177057891138,987.30146311370834,1748.425284196064));
#3944=IFCDIRECTION((-0.32556815445715831,0.94551857559931629,0.));
#3945=IFCAXIS2PLACEMENT3D(#3943,#49,#3944);
#3946=IFCEXTRUDEDAREASOLID(#3942,#3945,#49,51.574715803898705);
#3947=IFCCARTESIANPOINTLIST2D(((-1449.9999999999961,-5.1436188641673651E-012),(1.3568656165915247E-011,-1450.000000000007),(1449.9999999999743,6.2264859934657584E-012),(1050.0000000000232,-2.7071678232459818E-013),(1.2928736799879287E-011,-1050.0000000000196),(-1050.0000000000027,-5.4143356464919636E-013)));
#3948=IFCINDEXEDPOLYCURVE(#3947,(IFCARCINDEX((1,2,3)),IFCLINEINDEX((3,4)),IFCARCINDEX((4,5,6)),IFCLINEINDEX((6,1))),.F.);
#3949=IFCARBITRARYCLOSEDPROFILEDEF(.AREA.,'enclosed_archv2',#3948);
#3950=IFCCARTESIANPOINT((19159.045888802539,640.70701172494489,1600.));
#3951=IFCDIRECTION((0.94551857559931651,0.32556815445715775,0.));
#3952=IFCDIRECTION((0.32556815445715775,-0.94551857559931651,0.));
#3953=IFCAXIS2PLACEMENT3D(#3950,#3951,#3952);
#3954=IFCEXTRUDEDAREASOLID(#3949,#3953,#49,519.42500214220865);
#3955=IFCCARTESIANPOINTLIST2D(((-1050.0000000000155,-1.3535839116229909E-012),(6.5923522731468351E-012,-1050.000000000015),(1050.0000000000157,-2.7071678232459818E-013),(650.00000000000784,3.7900349525443742E-012),(2.4316935909366509E-012,-650.00000000000762),(-650.00000000000705,-2.4364510409213838E-012)));
#3956=IFCINDEXEDPOLYCURVE(#3955,(IFCARCINDEX((1,2,3)),IFCLINEINDEX((3,4)),IFCARCINDEX((4,5,6)),IFCLINEINDEX((6,1))),.F.);
#3957=IFCARBITRARYCLOSEDPROFILEDEF(.AREA.,'enclosed_archv2',#3956);
#3958=IFCCARTESIANPOINT((19159.045888802535,640.70701172495228,1600.));
#3959=IFCDIRECTION((0.94551857559931651,0.32556815445715775,0.));
#3960=IFCDIRECTION((0.32556815445715775,-0.94551857559931651,0.));
#3961=IFCAXIS2PLACEMENT3D(#3958,#3959,#3960);
#3962=IFCEXTRUDEDAREASOLID(#3957,#3961,#49,519.42500214220865);
#3963=IFCCARTESIANPOINTLIST2D(((-199.9999999999998,-259.71250107110529),(199.99999999999804,-259.71250107110529),(199.99999999999915,259.71250107110325),(-199.99999999999901,259.71250107110336),(-199.9999999999998,-259.71250107110529)));
#3964=IFCINDEXEDPOLYCURVE(#3963,$,.F.);
#3965=IFCARBITRARYCLOSEDPROFILEDEF(.AREA.,'enclosed_archv2',#3964);
#3966=IFCCARTESIANPOINT((19127.875951592036,1528.9519206475431,-0.));
#3967=IFCDIRECTION((-0.32556815445715864,0.94551857559931618,0.));
#3968=IFCAXIS2PLACEMENT3D(#3966,#49,#3967);
#3969=IFCEXTRUDEDAREASOLID(#3965,#3968,#49,1599.9999999999991);
#3970=IFCCARTESIANPOINTLIST2D(((-199.99999999999531,-259.71250107110427),(199.99999999999304,-259.71250107110433),(199.99999999999446,259.71250107110228),(-199.99999999999307,259.71250107110438),(-199.99999999999531,-259.71250107110427)));
#3971=IFCINDEXEDPOLYCURVE(#3970,$,.F.);
#3972=IFCARBITRARYCLOSEDPROFILEDEF(.AREA.,'enclosed_archv2',#3971);
#3973=IFCCARTESIANPOINT((19811.569075952062,-456.63708811101071,-0.));
#3974=IFCDIRECTION((-0.32556815445716109,0.94551857559931529,0.));
#3975=IFCAXIS2PLACEMENT3D(#3973,#49,#3974);
#3976=IFCEXTRUDEDAREASOLID(#3972,#3975,#49,1599.9999999999905);
#3977=IFCCARTESIANPOINTLIST2D(((-642.1878094062472,-247.49999999999406),(957.81219059375826,-247.49999999999403),(957.81219059375826,247.49999999998977),(-1273.4365717812691,247.49999999999451),(-1043.2800681198696,-108.99291295187676)));
#3978=IFCINDEXEDPOLYCURVE(#3977,(IFCLINEINDEX((1,2,3,4)),IFCARCINDEX((4,5,1))),.F.);
#3979=IFCARBITRARYCLOSEDPROFILEDEF(.AREA.,'enclosed_archv2',#3978);
#3980=IFCCARTESIANPOINT((19649.112294122013,383.75808324440561,957.81219059375826));
#3981=IFCDIRECTION((0.94551857559931707,0.32556815445715614,0.));
#3982=IFCAXIS2PLACEMENT3D(#3980,#3981,#1408);
#3983=IFCEXTRUDEDAREASOLID(#3979,#3982,#49,139.71250107060843);
#3984=IFCCARTESIANPOINTLIST2D(((-874.07745573123532,-35.733475477116755),(725.92254426876343,-35.733475477115988),(878.32582198983482,-17.614192812179621),(1022.2323671937071,35.733475477116784),(-874.07745573123532,35.733475477115455)));
#3985=IFCINDEXEDPOLYCURVE(#3984,(IFCLINEINDEX((1,2)),IFCARCINDEX((2,3,4)),IFCLINEINDEX((4,5,1))),.F.);
#3986=IFCARBITRARYCLOSEDPROFILEDEF(.AREA.,'enclosed_archv2',#3985);
#3987=IFCCARTESIANPOINT((19318.085493219274,1345.129719228368,874.07745573123532));
#3988=IFCDIRECTION((0.94551857559931551,0.32556815445716053,-0.));
#3989=IFCAXIS2PLACEMENT3D(#3987,#3988,#49);
#3990=IFCEXTRUDEDAREASOLID(#3986,#3989,#49,139.71250107060843);
#3991=IFCCARTESIANPOINTLIST2D(((-199.99999999999832,-259.71250107110126),(199.99999999999974,-259.71250107110126),(199.99999999999974,259.71250107110535),(-199.99999999999835,259.71250107110535),(-199.99999999999832,-259.71250107110126)));
#3992=IFCINDEXEDPOLYCURVE(#3991,$,.F.);
#3993=IFCARBITRARYCLOSEDPROFILEDEF(.AREA.,'enclosed_archv2',#3992);
#3994=IFCCARTESIANPOINT((18997.648689809175,1907.1593508872679,0.));
#3995=IFCDIRECTION((-0.32556815445715842,0.94551857559931618,0.));
#3996=IFCAXIS2PLACEMENT3D(#3994,#49,#3995);
#3997=IFCEXTRUDEDAREASOLID(#3993,#3996,#49,1599.9999999999991);
#3998=IFCCARTESIANPOINTLIST2D(((-199.99999999999383,-259.71250107110018),(199.9999999999944,-259.71250107110023),(199.99999999999454,259.71250107110222),(-199.99999999999159,259.71250107110842),(-199.99999999999383,-259.71250107110018)));
#3999=IFCINDEXEDPOLYCURVE(#3998,$,.F.);
#4000=IFCARBITRARYCLOSEDPROFILEDEF(.AREA.,'enclosed_archv2',#3999);
#4001=IFCCARTESIANPOINT((19681.341814169205,-78.429657871295845,0.));
#4002=IFCDIRECTION((-0.32556815445716109,0.94551857559931529,0.));
#4003=IFCAXIS2PLACEMENT3D(#4001,#49,#4002);
#4004=IFCEXTRUDEDAREASOLID(#4000,#4003,#49,1599.9999999999905);
#4005=IFCSTYLEDITEM(#3946,(#2574),$);
#4006=IFCSTYLEDITEM(#3954,(#2506),$);
#4007=IFCSTYLEDITEM(#3962,(#2506),$);
#4008=IFCSTYLEDITEM(#3969,(#2506),$);
#4009=IFCSTYLEDITEM(#3976,(#2506),$);
#4010=IFCSTYLEDITEM(#3983,(#1792),$);
#4011=IFCSTYLEDITEM(#3990,(#1792),$);
#4012=IFCSTYLEDITEM(#3997,(#2506),$);
#4013=IFCSTYLEDITEM(#4004,(#2506),$);
#4014=IFCSHAPEREPRESENTATION(#15,'Body','SweptSolid',(#3946,#3954,#3962,#3969,#3976,#3983,#3990,#3997,#4004));
#4015=IFCAXIS2PLACEMENT3D(#10,$,$);
#4016=IFCREPRESENTATIONMAP(#4015,#4014);
#4017=IFCDOORLININGPROPERTIES('1HfLPk$M547Aaac6ye3X1s',#6,'enclosed_archv2:enclosed_archv2:1707972',$,$,$,$,$,$,$,$,$,$,$,$,$,$);
#4018=IFCDOORPANELPROPERTIES('1HfLPk$M547Aaac6me3X1s',#6,'enclosed_archv2:enclosed_archv2:1707972:1',$,$,.NOTDEFINED.,$,.NOTDEFINED.,$);
#4019=IFCDOORTYPE('1HfLPk$M547Aaaa6ue3X1s',#6,'enclosed_archv2:enclosed_archv2',$,$,(#4017,#4018),(#4016),'1708011',$,.DOOR.,.NOTDEFINED.,$,$);
#4020=IFCMATERIALCONSTITUENT('Timber',$,#2582,0.,'');
#4021=IFCSHAPEREPRESENTATION(#15,'Body','SweptSolid',(#3946));
#4022=IFCSHAPEASPECT((#4021),'Timber',$,.U.,#4016);
#4023=IFCMATERIALCONSTITUENT('Stone',$,#2517,0.,'');
#4024=IFCSHAPEREPRESENTATION(#15,'Body','SweptSolid',(#3954,#3962,#3969,#3976,#3997,#4004));
#4025=IFCSHAPEASPECT((#4024),'Stone',$,.U.,#4016);
#4026=IFCMATERIALCONSTITUENT('Tufelli_masonry_typeD',$,#1822,1.,'');
#4027=IFCSHAPEREPRESENTATION(#15,'Body','SweptSolid',(#3983,#3990));
#4028=IFCSHAPEASPECT((#4027),'Tufelli_masonry_typeD',$,.U.,#4016);
#4029=IFCMATERIALCONSTITUENTSET($,$,(#4020,#4023,#4026));
#4030=IFCMAPPEDITEM(#4016,#2518);
#4031=IFCSHAPEREPRESENTATION(#15,'Body','MappedRepresentation',(#4030));
#4032=IFCPRODUCTDEFINITIONSHAPE($,$,(#4031));
#4033=IFCAXIS2PLACEMENT3D(#10,$,$);
#4034=IFCLOCALPLACEMENT(#24,#4033);
#4035=IFCDOOR('1HfLPk$M547Aaac6ue3X1s',#6,'enclosed_archv2:enclosed_archv2:1707972',$,$,#4034,#4032,'1707972',1180.0865878870577,2900.0000000000214,.DOOR.,$,$);
#4036=IFCMATERIALCONSTITUENT('Timber',$,#2582,0.0017456630290319203,'');
#4037=IFCSHAPEREPRESENTATION(#15,'Body','SweptSolid',(#3946));
#4038=IFCSHAPEASPECT((#4037),'Timber',$,.U.,#4032);
#4039=IFCMATERIALCONSTITUENT('Stone',$,#2517,0.89187953622997751,'');
#4040=IFCSHAPEREPRESENTATION(#15,'Body','SweptSolid',(#3954,#3962,#3969,#3976,#3997,#4004));
#4041=IFCSHAPEASPECT((#4040),'Stone',$,.U.,#4032);
#4042=IFCMATERIALCONSTITUENT('Tufelli_masonry_typeD',$,#1822,0.053187400370495241,'');
#4043=IFCSHAPEREPRESENTATION(#15,'Body','SweptSolid',(#3983));
#4044=IFCSHAPEASPECT((#4043),'Tufelli_masonry_typeD',$,.U.,#4032);
#4045=IFCSHAPEREPRESENTATION(#15,'Body','SweptSolid',(#3990));
#4046=IFCSHAPEASPECT((#4045),'Tufelli_masonry_typeD',$,.U.,#4032);
#4047=IFCMATERIALCONSTITUENTSET($,$,(#4036,#4039,#4042));
#4048=IFCPROPERTYSET('1wNnJcABgvTicdUWYQ4NH5',#6,'Pset_DoorCommon',$,(#1425,#3743));
#4049=IFCPROPERTYSET('16Cuf9naXvaMHujp11Cd83',#6,'Pset_EnvironmentalImpactIndicators',$,(#3743));
#4050=IFCRELDEFINESBYPROPERTIES('0PwqGcYlj13jvjeHJF0upS',#6,$,$,(#4035),#4048);
#4051=IFCRELDEFINESBYPROPERTIES('2Zaqq5RKM4Z0EcHkjLKIpp',#6,$,$,(#4035),#4049);
#4052=IFCQUANTITYLENGTH('Width','',$,2100.,$);
#4053=IFCQUANTITYLENGTH('Height','',$,1400.,$);
#4054=IFCQUANTITYLENGTH('Perimeter','',$,1838.850004284393,$);
#4055=IFCQUANTITYAREA('Area','',$,15.130748061903697,$);
#4056=IFCELEMENTQUANTITY('0jmjwCN4uHkSUekHDKl4ju',#6,'Qto_DoorBaseQuantities',$,'BaseQuantities',(#4052,#4053,#4054,#4055));
#4057=IFCRELDEFINESBYPROPERTIES('1tPa5V77BW06ZajPBS6z0b',#6,$,$,(#4035),#4056);
#4058=IFCCARTESIANPOINTLIST2D(((-99.999999999998394,-259.71250107110382),(99.999999999998366,-259.71250107110376),(99.999999999998394,259.71250107110376),(-99.999999999998366,259.71250107110376),(-99.999999999998394,-259.71250107110382)));
#4059=IFCINDEXEDPOLYCURVE(#4058,$,.F.);
#4060=IFCARBITRARYCLOSEDPROFILEDEF(.AREA.,'simple_arch_door',#4059);
#4061=IFCCARTESIANPOINT((900.,-0.,0.));
#4062=IFCAXIS2PLACEMENT3D(#4061,#49,#506);
#4063=IFCEXTRUDEDAREASOLID(#4060,#4062,#49,1599.9999999999968);
#4064=IFCCARTESIANPOINTLIST2D(((-100.0000000000003,-259.71250107110382),(100.00000000000053,-259.71250107110376),(100.00000000000057,259.71250107110376),(-100.00000000000026,259.71250107110376),(-100.0000000000003,-259.71250107110382)));
#4065=IFCINDEXEDPOLYCURVE(#4064,$,.F.);
#4066=IFCARBITRARYCLOSEDPROFILEDEF(.AREA.,'simple_arch_door',#4065);
#4067=IFCCARTESIANPOINT((-900.,-0.,0.));
#4068=IFCAXIS2PLACEMENT3D(#4067,#49,#506);
#4069=IFCEXTRUDEDAREASOLID(#4066,#4068,#49,1599.9999999999991);
#4070=IFCCARTESIANPOINTLIST2D(((-1000.0000000000131,-1.3535839116229909E-012),(5.4112532039449797E-012,-1000.0000000000133),(1000.0000000000132,-2.7071678232459818E-013),(800.00000000000102,4.6021852995181692E-012),(2.9121071607930896E-012,-800.00000000000136),(-800.00000000000102,-2.97788460557058E-012)));
#4071=IFCINDEXEDPOLYCURVE(#4070,(IFCARCINDEX((1,2,3)),IFCLINEINDEX((3,4)),IFCARCINDEX((4,5,6)),IFCLINEINDEX((6,1))),.F.);
#4072=IFCARBITRARYCLOSEDPROFILEDEF(.AREA.,'simple_arch_door',#4071);
#4073=IFCCARTESIANPOINT((-0.,-259.71250107159256,1600.));
#4074=IFCAXIS2PLACEMENT3D(#4073,#146,#1561);
#4075=IFCEXTRUDEDAREASOLID(#4072,#4074,#49,519.42500214220752);
#4076=IFCSTYLEDITEM(#4063,(#2506),$);
#4077=IFCSTYLEDITEM(#4069,(#2506),$);
#4078=IFCSTYLEDITEM(#4075,(#2506),$);
#4079=IFCSHAPEREPRESENTATION(#15,'Body','SweptSolid',(#4063,#4069,#4075));
#4080=IFCAXIS2PLACEMENT3D(#10,$,$);
#4081=IFCREPRESENTATIONMAP(#4080,#4079);
#4082=IFCDOORLININGPROPERTIES('1HfLPk$M547Aaac6ye3Wlx',#6,'simple_arch_door:simple_arch_door:1709129',$,$,$,$,$,$,$,$,$,$,$,$,$,$);
#4083=IFCDOORPANELPROPERTIES('1HfLPk$M547Aaac6me3Wlx',#6,'simple_arch_door:simple_arch_door:1709129:1',$,$,.NOTDEFINED.,$,.NOTDEFINED.,$);
#4084=IFCDOORTYPE('3WUNrwbsc4YSidq40J$WeD',#6,'simple_arch_door:simple_arch_door',$,$,(#4082,#4083),(#4081),'1700772',$,.DOOR.,.NOTDEFINED.,$,$);
#4085=IFCMAPPEDITEM(#4081,#2518);
#4086=IFCSHAPEREPRESENTATION(#15,'Body','MappedRepresentation',(#4085));
#4087=IFCPRODUCTDEFINITIONSHAPE($,$,(#4086));
#4088=IFCCARTESIANPOINT((18233.222012390164,4127.2156226346751,-1000.));
#4089=IFCDIRECTION((-0.32556815445715476,0.94551857559931751,0.));
#4090=IFCAXIS2PLACEMENT3D(#4088,#49,#4089);
#4091=IFCLOCALPLACEMENT(#24,#4090);
#4092=IFCDOOR('1HfLPk$M547Aaac6ue3Wlx',#6,'simple_arch_door:simple_arch_door:1709129',$,$,#4091,#4087,'1709129',1180.0865878870563,2350.0000000000027,.DOOR.,$,$);
#4093=IFCPROPERTYSET('1sVeR_NhqLEZatf791axyO',#6,'Pset_DoorCommon',$,(#1425,#1432));
#4094=IFCPROPERTYSET('1mvBJIAkG3TopVhJEcElN2',#6,'Pset_EnvironmentalImpactIndicators',$,(#1432));
#4095=IFCRELDEFINESBYPROPERTIES('19YEzkXyBBvn4zKEs29RZ_',#6,$,$,(#4092),#4093);
#4096=IFCRELDEFINESBYPROPERTIES('0eXaS5DqW8XJUCgi4WxSAO',#6,$,$,(#4092),#4094);
#4097=IFCQUANTITYLENGTH('Width','',$,2000.0000000000002,$);
#4098=IFCQUANTITYLENGTH('Height','',$,1400.,$);
#4099=IFCQUANTITYLENGTH('Perimeter','',$,6054.8667764617094,$);
#4100=IFCQUANTITYAREA('Area','',$,4.6479454025664717,$);
#4101=IFCELEMENTQUANTITY('1DRSgvytzSTu1UWYJluva9',#6,'Qto_DoorBaseQuantities',$,'BaseQuantities',(#4097,#4098,#4099,#4100));
#4102=IFCRELDEFINESBYPROPERTIES('3$KYaHrRdtrTQEzH3bIR9d',#6,$,$,(#4092),#4101);
#4103=IFCCARTESIANPOINTLIST2D(((-259.71250107061718,-550.),(259.71250107061718,-550.),(259.71250107061718,550.),(-259.71250107061718,550.),(-259.71250107061718,-550.)));
#4104=IFCINDEXEDPOLYCURVE(#4103,$,.F.);
#4105=IFCARBITRARYCLOSEDPROFILEDEF(.AREA.,'StoneWindows',#4104);
#4106=IFCCARTESIANPOINT((-0.,0.,1600.));
#4107=IFCAXIS2PLACEMENT3D(#4106,#49,#146);
#4108=IFCEXTRUDEDAREASOLID(#4105,#4107,#49,200.);
#4109=IFCCARTESIANPOINTLIST2D(((-259.71250107061718,-550.),(259.71250107061718,-550.),(259.71250107061718,550.),(-259.71250107061718,550.),(-259.71250107061718,-550.)));
#4110=IFCINDEXEDPOLYCURVE(#4109,$,.F.);
#4111=IFCARBITRARYCLOSEDPROFILEDEF(.AREA.,'StoneWindows',#4110);
#4112=IFCCARTESIANPOINT((-0.,0.,800.));
#4113=IFCAXIS2PLACEMENT3D(#4112,#49,#146);
#4114=IFCEXTRUDEDAREASOLID(#4111,#4113,#49,165.03507693617399);
#4115=IFCCARTESIANPOINTLIST2D(((-259.71250107061718,-100.),(259.71250107061718,-100.),(259.71250107061718,100.),(-259.71250107061718,100.),(-259.71250107061718,-100.)));
#4116=IFCINDEXEDPOLYCURVE(#4115,$,.F.);
#4117=IFCARBITRARYCLOSEDPROFILEDEF(.AREA.,'StoneWindows',#4116);
#4118=IFCCARTESIANPOINT((-450.,0.,965.03507693617291));
#4119=IFCAXIS2PLACEMENT3D(#4118,#49,#146);
#4120=IFCEXTRUDEDAREASOLID(#4117,#4119,#49,634.96492306382606);
#4121=IFCCARTESIANPOINTLIST2D(((-259.71250107061718,-100.),(259.71250107061718,-100.),(259.71250107061718,100.),(-259.71250107061718,100.),(-259.71250107061718,-100.)));
#4122=IFCINDEXEDPOLYCURVE(#4121,$,.F.);
#4123=IFCARBITRARYCLOSEDPROFILEDEF(.AREA.,'StoneWindows',#4122);
#4124=IFCCARTESIANPOINT((450.,0.,965.03507693617291));
#4125=IFCAXIS2PLACEMENT3D(#4124,#49,#146);
#4126=IFCEXTRUDEDAREASOLID(#4123,#4125,#49,634.96492306382606);
#4127=IFCSTYLEDITEM(#4108,(#2506),$);
#4128=IFCSTYLEDITEM(#4114,(#2506),$);
#4129=IFCSTYLEDITEM(#4120,(#2506),$);
#4130=IFCSTYLEDITEM(#4126,(#2506),$);
#4131=IFCSHAPEREPRESENTATION(#15,'Body','SweptSolid',(#4108,#4114,#4120,#4126));
#4132=IFCAXIS2PLACEMENT3D(#10,$,$);
#4133=IFCREPRESENTATIONMAP(#4132,#4131);
#4134=IFCWINDOWLININGPROPERTIES('0RG6S63Pr48vit9siLUt1n',#6,'Window1:StoneWindows:1709200',$,$,$,$,$,$,$,$,$,$,$,$,$);
#4135=IFCWINDOWTYPE('0wnS7rrEag91i$_PSExRWa',#6,'Window1:StoneWindows',$,$,(#4134),(#4133),'1695326',$,.WINDOW.,.NOTDEFINED.,$,$);
#4136=IFCMAPPEDITEM(#4133,#2518);
#4137=IFCSHAPEREPRESENTATION(#15,'Body','MappedRepresentation',(#4136));
#4138=IFCPRODUCTDEFINITIONSHAPE($,$,(#4137));
#4139=IFCCARTESIANPOINT((18220.001990869674,4165.6093529375839,1600.));
#4140=IFCDIRECTION((0.32556815445715476,-0.94551857559931751,0.));
#4141=IFCAXIS2PLACEMENT3D(#4139,#49,#4140);
#4142=IFCLOCALPLACEMENT(#24,#4141);
#4143=IFCWINDOW('0RG6S63Pr48vit9seLUt1n',#6,'Window1:StoneWindows:1709200',$,$,#4142,#4138,'1709200',730.86516706213365,1100.,.WINDOW.,.NOTDEFINED.,$);
#4144=IFCPROPERTYSET('0NjLOTeeU8jyGnrwPl6Tso',#6,'Pset_EnvironmentalImpactIndicators',$,(#1427));
#4145=IFCPROPERTYSET('1oYg4IO5v3ssw3NlC8bhYk',#6,'Pset_WindowCommon',$,(#1425,#1427));
#4146=IFCRELDEFINESBYPROPERTIES('3o525YWopIt8r_l_wPfHKk',#6,$,$,(#4143),#4144);
#4147=IFCRELDEFINESBYPROPERTIES('3_1vb4pYVTrgUIEjxhWR$2',#6,$,$,(#4143),#4145);
#4148=IFCQUANTITYLENGTH('Width','',$,1100.,$);
#4149=IFCQUANTITYLENGTH('Height','',$,1000.0000000000001,$);
#4150=IFCQUANTITYLENGTH('Perimeter','',$,1438.8500042824687,$);
#4151=IFCQUANTITYAREA('Area','',$,2.8552712180858029,$);
#4152=IFCELEMENTQUANTITY('3PtTHqjgOxluwwtsuGGeaW',#6,'Qto_WindowBaseQuantities',$,'BaseQuantities',(#4148,#4149,#4150,#4151));
#4153=IFCRELDEFINESBYPROPERTIES('269f1pWEI0H5LMmhkQIUaL',#6,$,$,(#4143),#4152);
#4154=IFCCARTESIANPOINTLIST2D(((-259.71250107061718,-499.99999999999977),(259.71250107061718,-499.99999999999977),(259.71250107061718,499.99999999999977),(-259.71250107061718,499.99999999999977),(-259.71250107061718,-499.99999999999977)));
#4155=IFCINDEXEDPOLYCURVE(#4154,$,.F.);
#4156=IFCARBITRARYCLOSEDPROFILEDEF(.AREA.,'StoneWindows',#4155);
#4157=IFCCARTESIANPOINT((-0.,0.,1600.));
#4158=IFCAXIS2PLACEMENT3D(#4157,#49,#146);
#4159=IFCEXTRUDEDAREASOLID(#4156,#4158,#49,200.);
#4160=IFCCARTESIANPOINTLIST2D(((-259.71250107061718,-499.99999999999977),(259.71250107061718,-499.99999999999977),(259.71250107061718,499.99999999999977),(-259.71250107061718,499.99999999999977),(-259.71250107061718,-499.99999999999977)));
#4161=IFCINDEXEDPOLYCURVE(#4160,$,.F.);
#4162=IFCARBITRARYCLOSEDPROFILEDEF(.AREA.,'StoneWindows',#4161);
#4163=IFCCARTESIANPOINT((-0.,0.,800.));
#4164=IFCAXIS2PLACEMENT3D(#4163,#49,#146);
#4165=IFCEXTRUDEDAREASOLID(#4162,#4164,#49,165.03507693617399);
#4166=IFCCARTESIANPOINTLIST2D(((-259.71250107061718,-100.),(259.71250107061718,-100.),(259.71250107061718,100.),(-259.71250107061718,100.),(-259.71250107061718,-100.)));
#4167=IFCINDEXEDPOLYCURVE(#4166,$,.F.);
#4168=IFCARBITRARYCLOSEDPROFILEDEF(.AREA.,'StoneWindows',#4167);
#4169=IFCCARTESIANPOINT((-400.,0.,965.03507693617269));
#4170=IFCAXIS2PLACEMENT3D(#4169,#49,#146);
#4171=IFCEXTRUDEDAREASOLID(#4168,#4170,#49,634.96492306382629);
#4172=IFCCARTESIANPOINTLIST2D(((-259.71250107061718,-100.),(259.71250107061718,-100.),(259.71250107061718,100.),(-259.71250107061718,100.),(-259.71250107061718,-100.)));
#4173=IFCINDEXEDPOLYCURVE(#4172,$,.F.);
#4174=IFCARBITRARYCLOSEDPROFILEDEF(.AREA.,'StoneWindows',#4173);
#4175=IFCCARTESIANPOINT((400.,0.,965.03507693617269));
#4176=IFCAXIS2PLACEMENT3D(#4175,#49,#146);
#4177=IFCEXTRUDEDAREASOLID(#4174,#4176,#49,634.96492306382629);
#4178=IFCSTYLEDITEM(#4159,(#2506),$);
#4179=IFCSTYLEDITEM(#4165,(#2506),$);
#4180=IFCSTYLEDITEM(#4171,(#2506),$);
#4181=IFCSTYLEDITEM(#4177,(#2506),$);
#4182=IFCSHAPEREPRESENTATION(#15,'Body','SweptSolid',(#4159,#4165,#4171,#4177));
#4183=IFCAXIS2PLACEMENT3D(#10,$,$);
#4184=IFCREPRESENTATIONMAP(#4183,#4182);
#4185=IFCWINDOWLININGPROPERTIES('0RG6S63Pr48vit9siLUt1E',#6,'Window1:StoneWindows:1709231',$,$,$,$,$,$,$,$,$,$,$,$,$);
#4186=IFCWINDOWTYPE('3MzyabAMfLltNW2dFEydRV',#6,'Window1:StoneWindows',$,$,(#4185),(#4184),'1695326',$,.WINDOW.,.NOTDEFINED.,$,$);
#4187=IFCMAPPEDITEM(#4184,#2518);
#4188=IFCSHAPEREPRESENTATION(#15,'Body','MappedRepresentation',(#4187));
#4189=IFCPRODUCTDEFINITIONSHAPE($,$,(#4188));
#4190=IFCCARTESIANPOINT((18930.798710379822,2101.3057883199044,1950.));
#4191=IFCDIRECTION((0.3255681544571547,-0.94551857559931751,0.));
#4192=IFCAXIS2PLACEMENT3D(#4190,#49,#4191);
#4193=IFCLOCALPLACEMENT(#24,#4192);
#4194=IFCWINDOW('0RG6S63Pr48vit9seLUt1E',#6,'Window1:StoneWindows:1709231',$,$,#4193,#4189,'1709231',730.86516706213365,999.99999999999955,.WINDOW.,.NOTDEFINED.,$);
#4195=IFCPROPERTYSET('0xaSYZwBQk8RThb4dDmla9',#6,'Pset_EnvironmentalImpactIndicators',$,(#1427));
#4196=IFCPROPERTYSET('1hyouKy05xbmKEVed951bU',#6,'Pset_WindowCommon',$,(#1425,#1427));
#4197=IFCRELDEFINESBYPROPERTIES('08FZ5c1iI2C5bqdq8VSwbu',#6,$,$,(#4194),#4195);
#4198=IFCRELDEFINESBYPROPERTIES('3SrLRJFGvPocr27xZzJgNF',#6,$,$,(#4194),#4196);
#4199=IFCQUANTITYLENGTH('Width','',$,1000.0000000000001,$);
#4200=IFCQUANTITYLENGTH('Height','',$,1000.0000000000001,$);
#4201=IFCQUANTITYLENGTH('Perimeter','',$,1438.8500042824687,$);
#4202=IFCQUANTITYAREA('Area','',$,2.7148827099639377,$);
#4203=IFCELEMENTQUANTITY('2Gga$vfRDQtnXt_noUOjZR',#6,'Qto_WindowBaseQuantities',$,'BaseQuantities',(#4199,#4200,#4201,#4202));
#4204=IFCRELDEFINESBYPROPERTIES('3888JKzO5_d680tOSYwHID',#6,$,$,(#4194),#4203);
#4205=IFCCARTESIANPOINTLIST2D(((-259.7125010706161,-550.),(259.7125010706161,-550.),(259.7125010706161,550.),(-259.7125010706161,550.),(-259.7125010706161,-550.)));
#4206=IFCINDEXEDPOLYCURVE(#4205,$,.F.);
#4207=IFCARBITRARYCLOSEDPROFILEDEF(.AREA.,'StoneWindows',#4206);
#4208=IFCCARTESIANPOINT((-0.,0.,2400.));
#4209=IFCAXIS2PLACEMENT3D(#4208,#49,#146);
#4210=IFCEXTRUDEDAREASOLID(#4207,#4209,#49,200.);
#4211=IFCCARTESIANPOINTLIST2D(((-259.7125010706161,-550.),(259.7125010706161,-550.),(259.7125010706161,550.),(-259.7125010706161,550.),(-259.7125010706161,-550.)));
#4212=IFCINDEXEDPOLYCURVE(#4211,$,.F.);
#4213=IFCARBITRARYCLOSEDPROFILEDEF(.AREA.,'StoneWindows',#4212);
#4214=IFCCARTESIANPOINT((-0.,0.,800.));
#4215=IFCAXIS2PLACEMENT3D(#4214,#49,#146);
#4216=IFCEXTRUDEDAREASOLID(#4213,#4215,#49,165.03507693617399);
#4217=IFCCARTESIANPOINTLIST2D(((-259.7125010706161,-100.),(259.7125010706161,-100.),(259.7125010706161,100.),(-259.7125010706161,100.),(-259.7125010706161,-100.)));
#4218=IFCINDEXEDPOLYCURVE(#4217,$,.F.);
#4219=IFCARBITRARYCLOSEDPROFILEDEF(.AREA.,'StoneWindows',#4218);
#4220=IFCCARTESIANPOINT((-450.,0.,965.03507693617291));
#4221=IFCAXIS2PLACEMENT3D(#4220,#49,#146);
#4222=IFCEXTRUDEDAREASOLID(#4219,#4221,#49,1434.9649230638261);
#4223=IFCCARTESIANPOINTLIST2D(((-259.7125010706161,-100.),(259.7125010706161,-100.),(259.7125010706161,100.),(-259.7125010706161,100.),(-259.7125010706161,-100.)));
#4224=IFCINDEXEDPOLYCURVE(#4223,$,.F.);
#4225=IFCARBITRARYCLOSEDPROFILEDEF(.AREA.,'StoneWindows',#4224);
#4226=IFCCARTESIANPOINT((450.,0.,965.03507693617291));
#4227=IFCAXIS2PLACEMENT3D(#4226,#49,#146);
#4228=IFCEXTRUDEDAREASOLID(#4225,#4227,#49,1434.9649230638261);
#4229=IFCSTYLEDITEM(#4210,(#2506),$);
#4230=IFCSTYLEDITEM(#4216,(#2506),$);
#4231=IFCSTYLEDITEM(#4222,(#2506),$);
#4232=IFCSTYLEDITEM(#4228,(#2506),$);
#4233=IFCSHAPEREPRESENTATION(#15,'Body','SweptSolid',(#4210,#4216,#4222,#4228));
#4234=IFCAXIS2PLACEMENT3D(#10,$,$);
#4235=IFCREPRESENTATIONMAP(#4234,#4233);
#4236=IFCWINDOWLININGPROPERTIES('0RG6S63Pr48vit9siLUt6P',#6,'Window1:StoneWindows:1709432',$,$,$,$,$,$,$,$,$,$,$,$,$);
#4237=IFCWINDOWTYPE('39WnRxPRDNPcpEWrdp9Y0U',#6,'Window1:StoneWindows',$,$,(#4236),(#4235),'1695326',$,.WINDOW.,.NOTDEFINED.,$,$);
#4238=IFCMAPPEDITEM(#4235,#2518);
#4239=IFCSHAPEREPRESENTATION(#15,'Body','MappedRepresentation',(#4238));
#4240=IFCPRODUCTDEFINITIONSHAPE($,$,(#4239));
#4241=IFCCARTESIANPOINT((18144.511495694915,4384.8496701852528,-400.));
#4242=IFCDIRECTION((0.3255681544571547,-0.94551857559931751,0.));
#4243=IFCAXIS2PLACEMENT3D(#4241,#49,#4242);
#4244=IFCLOCALPLACEMENT(#28,#4243);
#4245=IFCWINDOW('0RG6S63Pr48vit9seLUt6P',#6,'Window1:StoneWindows:1709432',$,$,#4244,#4240,'1709432',730.86516706213263,1100.,.WINDOW.,.NOTDEFINED.,$);
#4246=IFCPROPERTYSET('0d2p2U5HfslcMhpJN45j0t',#6,'Pset_EnvironmentalImpactIndicators',$,(#1427));
#4247=IFCPROPERTYSET('16NL7bCfjhn3q94nHbh2RI',#6,'Pset_WindowCommon',$,(#1425,#1427));
#4248=IFCRELDEFINESBYPROPERTIES('3qwzosHHQOtB3lzp4PGNKy',#6,$,$,(#4245),#4246);
#4249=IFCRELDEFINESBYPROPERTIES('1gQsKGpk_02m4NioeHPolU',#6,$,$,(#4245),#4247);
#4250=IFCQUANTITYLENGTH('Width','',$,1100.,$);
#4251=IFCQUANTITYLENGTH('Height','',$,1800.0000000000002,$);
#4252=IFCQUANTITYLENGTH('Perimeter','',$,1438.8500042824644,$);
#4253=IFCQUANTITYAREA('Area','',$,4.0063512215117658,$);
#4254=IFCELEMENTQUANTITY('164Mrw9D$5N1rVIFWgvXvc',#6,'Qto_WindowBaseQuantities',$,'BaseQuantities',(#4250,#4251,#4252,#4253));
#4255=IFCRELDEFINESBYPROPERTIES('3SpkVQN4U$oSt9qMSFUDHs',#6,$,$,(#4245),#4254);
#4256=IFCMAPPEDITEM(#4235,#2518);
#4257=IFCSHAPEREPRESENTATION(#15,'Body','MappedRepresentation',(#4256));
#4258=IFCPRODUCTDEFINITIONSHAPE($,$,(#4257));
#4259=IFCCARTESIANPOINT((19549.606604039316,304.15717236233121,-400.));
#4260=IFCDIRECTION((0.3255681544571547,-0.94551857559931751,0.));
#4261=IFCAXIS2PLACEMENT3D(#4259,#49,#4260);
#4262=IFCLOCALPLACEMENT(#28,#4261);
#4263=IFCWINDOW('0RG6S63Pr48vit9seLUt5Z',#6,'Window1:StoneWindows:1709442',$,$,#4262,#4258,'1709442',730.86516706213263,1100.,.WINDOW.,.NOTDEFINED.,$);
#4264=IFCPROPERTYSET('2KyE6cH41tSXhryba8A_MR',#6,'Pset_EnvironmentalImpactIndicators',$,(#1427));
#4265=IFCPROPERTYSET('0gDGIBbRnkZEjBb0qFpYZD',#6,'Pset_WindowCommon',$,(#1425,#1427));
#4266=IFCRELDEFINESBYPROPERTIES('1MPRGsnpOv6$DCo5mk1$kC',#6,$,$,(#4263),#4264);
#4267=IFCRELDEFINESBYPROPERTIES('1g58AmQnzUid9UGXNIjwLJ',#6,$,$,(#4263),#4265);
#4268=IFCQUANTITYLENGTH('Width','',$,1100.,$);
#4269=IFCQUANTITYLENGTH('Height','',$,1800.0000000000002,$);
#4270=IFCQUANTITYLENGTH('Perimeter','',$,1438.8500042824644,$);
#4271=IFCQUANTITYAREA('Area','',$,4.0063512215117658,$);
#4272=IFCELEMENTQUANTITY('0eSVPlXN_bix1KgnTuKytN',#6,'Qto_WindowBaseQuantities',$,'BaseQuantities',(#4268,#4269,#4270,#4271));
#4273=IFCRELDEFINESBYPROPERTIES('0gccsAWiKMaaY15Z_4dOPq',#6,$,$,(#4263),#4272);
#4274=IFCCARTESIANPOINTLIST2D(((-259.7125010706161,-450.00000000000006),(259.7125010706161,-450.00000000000006),(259.7125010706161,450.00000000000006),(-259.7125010706161,450.00000000000006),(-259.7125010706161,-450.00000000000006)));
#4275=IFCINDEXEDPOLYCURVE(#4274,$,.F.);
#4276=IFCARBITRARYCLOSEDPROFILEDEF(.AREA.,'StoneWindows',#4275);
#4277=IFCCARTESIANPOINT((-0.,0.,1700.));
#4278=IFCAXIS2PLACEMENT3D(#4277,#49,#146);
#4279=IFCEXTRUDEDAREASOLID(#4276,#4278,#49,200.);
#4280=IFCCARTESIANPOINTLIST2D(((-259.7125010706161,-450.00000000000006),(259.7125010706161,-450.00000000000006),(259.7125010706161,450.00000000000006),(-259.7125010706161,450.00000000000006),(-259.7125010706161,-450.00000000000006)));
#4281=IFCINDEXEDPOLYCURVE(#4280,$,.F.);
#4282=IFCARBITRARYCLOSEDPROFILEDEF(.AREA.,'StoneWindows',#4281);
#4283=IFCCARTESIANPOINT((-0.,0.,800.));
#4284=IFCAXIS2PLACEMENT3D(#4283,#49,#146);
#4285=IFCEXTRUDEDAREASOLID(#4282,#4284,#49,165.03507693617399);
#4286=IFCCARTESIANPOINTLIST2D(((-259.7125010706161,-100.),(259.7125010706161,-100.),(259.7125010706161,100.),(-259.7125010706161,100.),(-259.7125010706161,-100.)));
#4287=IFCINDEXEDPOLYCURVE(#4286,$,.F.);
#4288=IFCARBITRARYCLOSEDPROFILEDEF(.AREA.,'StoneWindows',#4287);
#4289=IFCCARTESIANPOINT((-350.,0.,965.03507693617291));
#4290=IFCAXIS2PLACEMENT3D(#4289,#49,#146);
#4291=IFCEXTRUDEDAREASOLID(#4288,#4290,#49,734.96492306382606);
#4292=IFCCARTESIANPOINTLIST2D(((-259.7125010706161,-100.),(259.7125010706161,-100.),(259.7125010706161,100.),(-259.7125010706161,100.),(-259.7125010706161,-100.)));
#4293=IFCINDEXEDPOLYCURVE(#4292,$,.F.);
#4294=IFCARBITRARYCLOSEDPROFILEDEF(.AREA.,'StoneWindows',#4293);
#4295=IFCCARTESIANPOINT((350.,0.,965.03507693617291));
#4296=IFCAXIS2PLACEMENT3D(#4295,#49,#146);
#4297=IFCEXTRUDEDAREASOLID(#4294,#4296,#49,734.96492306382606);
#4298=IFCSTYLEDITEM(#4279,(#2506),$);
#4299=IFCSTYLEDITEM(#4285,(#2506),$);
#4300=IFCSTYLEDITEM(#4291,(#2506),$);
#4301=IFCSTYLEDITEM(#4297,(#2506),$);
#4302=IFCSHAPEREPRESENTATION(#15,'Body','SweptSolid',(#4279,#4285,#4291,#4297));
#4303=IFCAXIS2PLACEMENT3D(#10,$,$);
#4304=IFCREPRESENTATIONMAP(#4303,#4302);
#4305=IFCWINDOWLININGPROPERTIES('1_Iq6xIsv1xeO7O4rZAM7L',#6,'Window1:StoneWindows:1709877',$,$,$,$,$,$,$,$,$,$,$,$,$);
#4306=IFCWINDOWTYPE('2QxRlu8xA$0aMqhPPvJeke',#6,'Window1:StoneWindows',$,$,(#4305),(#4304),'1695326',$,.WINDOW.,.NOTDEFINED.,$,$);
#4307=IFCMAPPEDITEM(#4304,#2518);
#4308=IFCSHAPEREPRESENTATION(#15,'Body','MappedRepresentation',(#4307));
#4309=IFCPRODUCTDEFINITIONSHAPE($,$,(#4308));
#4310=IFCCARTESIANPOINT((18642.194476915971,2939.4733424889341,1000.));
#4311=IFCDIRECTION((0.3255681544571547,-0.94551857559931751,0.));
#4312=IFCAXIS2PLACEMENT3D(#4310,#49,#4311);
#4313=IFCLOCALPLACEMENT(#28,#4312);
#4314=IFCWINDOW('1_Iq6xIsv1xeO7O4nZAM7L',#6,'Window1:StoneWindows:1709877',$,$,#4313,#4309,'1709877',730.86516706213263,900.00000000000011,.WINDOW.,.NOTDEFINED.,$);
#4315=IFCPROPERTYSET('31yd2LKO_turY3nLp2Hmnc',#6,'Pset_EnvironmentalImpactIndicators',$,(#1427));
#4316=IFCPROPERTYSET('1dW0ERlEi0UeZMwJsXc1Yz',#6,'Pset_WindowCommon',$,(#1425,#1427));
#4317=IFCRELDEFINESBYPROPERTIES('1RcP_b1iB28ysS9UCjfbkZ',#6,$,$,(#4314),#4315);
#4318=IFCRELDEFINESBYPROPERTIES('1dS$4kAHg9_gAj8k6qPsBV',#6,$,$,(#4314),#4316);
#4319=IFCQUANTITYLENGTH('Width','',$,900.00000000000011,$);
#4320=IFCQUANTITYLENGTH('Height','',$,1100.,$);
#4321=IFCQUANTITYLENGTH('Perimeter','',$,1438.8500042824644,$);
#4322=IFCQUANTITYAREA('Area','',$,2.7183792022703117,$);
#4323=IFCELEMENTQUANTITY('3KWJeMVSHHCUsuLdKz$ZiQ',#6,'Qto_WindowBaseQuantities',$,'BaseQuantities',(#4319,#4320,#4321,#4322));
#4324=IFCRELDEFINESBYPROPERTIES('0erL8EfkECSnsjJB$TFuTw',#6,$,$,(#4314),#4323);
#4325=IFCCARTESIANPOINTLIST2D(((-250.00000000000003,-499.99999999999977),(250.00000000000003,-499.99999999999977),(250.00000000000003,499.99999999999977),(-250.00000000000003,499.99999999999977),(-250.00000000000003,-499.99999999999977)));
#4326=IFCINDEXEDPOLYCURVE(#4325,$,.F.);
#4327=IFCARBITRARYCLOSEDPROFILEDEF(.AREA.,'BrickWindow',#4326);
#4328=IFCCARTESIANPOINT((500.,250.,1300.));
#4329=IFCAXIS2PLACEMENT3D(#4328,#49,#146);
#4330=IFCEXTRUDEDAREASOLID(#4327,#4329,#49,200.);
#4331=IFCCARTESIANPOINTLIST2D(((-250.00000000000003,-499.99999999999977),(250.00000000000003,-499.99999999999977),(250.00000000000003,499.99999999999977),(-250.00000000000003,499.99999999999977),(-250.00000000000003,-499.99999999999977)));
#4332=IFCINDEXEDPOLYCURVE(#4331,$,.F.);
#4333=IFCARBITRARYCLOSEDPROFILEDEF(.AREA.,'BrickWindow',#4332);
#4334=IFCCARTESIANPOINT((500.,250.,0.));
#4335=IFCAXIS2PLACEMENT3D(#4334,#49,#146);
#4336=IFCEXTRUDEDAREASOLID(#4333,#4335,#49,165.03507693617399);
#4337=IFCCARTESIANPOINTLIST2D(((-250.00000000000003,-100.),(250.00000000000003,-100.),(250.00000000000003,100.),(-250.00000000000003,100.),(-250.00000000000003,-100.)));
#4338=IFCINDEXEDPOLYCURVE(#4337,$,.F.);
#4339=IFCARBITRARYCLOSEDPROFILEDEF(.AREA.,'BrickWindow',#4338);
#4340=IFCCARTESIANPOINT((100.,250.,165.03507693617399));
#4341=IFCAXIS2PLACEMENT3D(#4340,#49,#146);
#4342=IFCEXTRUDEDAREASOLID(#4339,#4341,#49,1134.9649230638261);
#4343=IFCCARTESIANPOINTLIST2D(((-250.00000000000003,-100.),(250.00000000000003,-100.),(250.00000000000003,100.),(-250.00000000000003,100.),(-250.00000000000003,-100.)));
#4344=IFCINDEXEDPOLYCURVE(#4343,$,.F.);
#4345=IFCARBITRARYCLOSEDPROFILEDEF(.AREA.,'BrickWindow',#4344);
#4346=IFCCARTESIANPOINT((900.,250.,165.03507693617399));
#4347=IFCAXIS2PLACEMENT3D(#4346,#49,#146);
#4348=IFCEXTRUDEDAREASOLID(#4345,#4347,#49,1134.9649230638261);
#4349=IFCSTYLEDITEM(#4330,(#2399),$);
#4350=IFCSTYLEDITEM(#4336,(#2399),$);
#4351=IFCSTYLEDITEM(#4342,(#2399),$);
#4352=IFCSTYLEDITEM(#4348,(#2399),$);
#4353=IFCSHAPEREPRESENTATION(#15,'Body','SweptSolid',(#4330,#4336,#4342,#4348));
#4354=IFCAXIS2PLACEMENT3D(#10,$,$);
#4355=IFCREPRESENTATIONMAP(#4354,#4353);
#4356=IFCWINDOWLININGPROPERTIES('2cod_9cnH6lgOHU_hV8bpd',#6,'BrickWindow:BrickWindow:1711014',$,$,$,$,$,$,$,$,$,$,$,$,$);
#4357=IFCWINDOWTYPE('3pAD12nIg72WLsuZ1EDbsg',#6,'BrickWindow:BrickWindow',$,$,(#4356),(#4355),'1784395',$,.WINDOW.,.NOTDEFINED.,$,$);
#4358=IFCMAPPEDITEM(#4355,#2518);
#4359=IFCSHAPEREPRESENTATION(#15,'Body','MappedRepresentation',(#4358));
#4360=IFCPRODUCTDEFINITIONSHAPE($,$,(#4359));
#4361=IFCCARTESIANPOINT((12476.08736789003,10052.705814796254,200.));
#4362=IFCDIRECTION((0.4723689273676574,-0.88140092832803896,0.));
#4363=IFCAXIS2PLACEMENT3D(#4361,#49,#4362);
#4365=IFCWINDOW('2cod_9cnH6lgOHU_lV8bpd',#6,'BrickWindow:BrickWindow:1711014',$,$,#6360,#4360,'1711014',1500.,1000.000000000001,.WINDOW.,.NOTDEFINED.,$);
#4366=IFCPROPERTYSET('0c4GQ_NDUn8RAbTsst$yi0',#6,'Pset_EnvironmentalImpactIndicators',$,(#1148));
#4367=IFCPROPERTYSET('0UCPRSzamc3SZQYzxZ9m4f',#6,'Pset_WindowCommon',$,(#84,#1148));
#4368=IFCRELDEFINESBYPROPERTIES('3i5l2Thx13xrdYenzPyMkc',#6,$,$,(#4365),#4366);
#4369=IFCRELDEFINESBYPROPERTIES('3JLFBzEX9nkA8nCQ7CxuW1',#6,$,$,(#4365),#4367);
#4370=IFCQUANTITYLENGTH('Width','',$,1000.0000000000001,$);
#4371=IFCQUANTITYLENGTH('Height','',$,1500.,$);
#4372=IFCQUANTITYLENGTH('Perimeter','',$,1400.,$);
#4373=IFCQUANTITYAREA('Area','',$,3.3365035076936174,$);
#4374=IFCELEMENTQUANTITY('3mLneyZ25IG5eI8wwzL7LB',#6,'Qto_WindowBaseQuantities',$,'BaseQuantities',(#4370,#4371,#4372,#4373));
#4375=IFCRELDEFINESBYPROPERTIES('0d7i4lH3hNWZneOE$aZfO4',#6,$,$,(#4365),#4374);
#4376=IFCMAPPEDITEM(#4355,#2518);
#4377=IFCSHAPEREPRESENTATION(#15,'Body','MappedRepresentation',(#4376));
#4378=IFCPRODUCTDEFINITIONSHAPE($,$,(#4377));
#4379=IFCCARTESIANPOINT((12476.087367890028,10052.705814796262,2298.5786437626939));
#4380=IFCDIRECTION((0.4723689273676574,-0.88140092832803896,0.));
#4381=IFCAXIS2PLACEMENT3D(#4379,#49,#4380);
#4383=IFCWINDOW('2cod_9cnH6lgOHU_lV8box',#6,'BrickWindow:BrickWindow:1711098',$,$,#6338,#4378,'1711098',1500.,999.99999999999898,.WINDOW.,.NOTDEFINED.,$);
#4384=IFCPROPERTYSET('3hBvIRZTaYgWT$oCGd$IHj',#6,'Pset_EnvironmentalImpactIndicators',$,(#1148));
#4385=IFCPROPERTYSET('0TuU_5_1j5mW4JTQq75L1E',#6,'Pset_WindowCommon',$,(#84,#1148));
#4386=IFCRELDEFINESBYPROPERTIES('0BgLWwjsHyrgCsBNy6Jpl4',#6,$,$,(#4383),#4384);
#4387=IFCRELDEFINESBYPROPERTIES('3Fb7cun3FpzsO3xwtcy0v0',#6,$,$,(#4383),#4385);
#4388=IFCQUANTITYLENGTH('Width','',$,1000.0000000000001,$);
#4389=IFCQUANTITYLENGTH('Height','',$,1500.,$);
#4390=IFCQUANTITYLENGTH('Perimeter','',$,1400.,$);
#4391=IFCQUANTITYAREA('Area','',$,3.3365035076936174,$);
#4392=IFCELEMENTQUANTITY('02wwSprEP6iNB2gXmzihKL',#6,'Qto_WindowBaseQuantities',$,'BaseQuantities',(#4388,#4389,#4390,#4391));
#4393=IFCRELDEFINESBYPROPERTIES('0RUq77bIgN2iQX8dATWw3B',#6,$,$,(#4383),#4392);
#4394=IFCMAPPEDITEM(#4355,#2518);
#4395=IFCSHAPEREPRESENTATION(#15,'Body','MappedRepresentation',(#4394));
#4396=IFCPRODUCTDEFINITIONSHAPE($,$,(#4395));
#4397=IFCCARTESIANPOINT((12476.087367890028,10052.70581479626,1500.));
#4398=IFCDIRECTION((0.4723689273676574,-0.88140092832803896,0.));
#4399=IFCAXIS2PLACEMENT3D(#4397,#49,#4398);
#4401=IFCWINDOW('2cod_9cnH6lgOHU_lV8bjr',#6,'BrickWindow:BrickWindow:1711156',$,$,#6426,#4396,'1711156',1500.,1000.0000000000001,.WINDOW.,.NOTDEFINED.,$);
#4402=IFCPROPERTYSET('3RwIMdsf4mK3zVHtvEaFPo',#6,'Pset_EnvironmentalImpactIndicators',$,(#1148));
#4403=IFCPROPERTYSET('1cZyZLEpO92SfzKMS3ay4j',#6,'Pset_WindowCommon',$,(#84,#1148));
#4404=IFCRELDEFINESBYPROPERTIES('3YfYyJfqvp0Qg1xEm_iDga',#6,$,$,(#4401),#4402);
#4405=IFCRELDEFINESBYPROPERTIES('3JAgCa0hmSyAnuqZSe8nFV',#6,$,$,(#4401),#4403);
#4406=IFCQUANTITYLENGTH('Width','',$,1000.0000000000001,$);
#4407=IFCQUANTITYLENGTH('Height','',$,1500.,$);
#4408=IFCQUANTITYLENGTH('Perimeter','',$,1400.,$);
#4409=IFCQUANTITYAREA('Area','',$,3.3365035076936174,$);
#4410=IFCELEMENTQUANTITY('0RIX4LQkNJ1rRMZumoYHSj',#6,'Qto_WindowBaseQuantities',$,'BaseQuantities',(#4406,#4407,#4408,#4409));
#4411=IFCRELDEFINESBYPROPERTIES('02I0lzRTtkVyuycx7qId5e',#6,$,$,(#4401),#4410);
#4412=IFCMAPPEDITEM(#4355,#2518);
#4413=IFCSHAPEREPRESENTATION(#15,'Body','MappedRepresentation',(#4412));
#4414=IFCPRODUCTDEFINITIONSHAPE($,$,(#4413));
#4415=IFCCARTESIANPOINT((13438.45239038243,8257.0131367403246,1500.));
#4416=IFCDIRECTION((0.4723689273676574,-0.88140092832803896,0.));
#4417=IFCAXIS2PLACEMENT3D(#4415,#49,#4416);
#4419=IFCWINDOW('2cod_9cnH6lgOHU_lV8bcE',#6,'BrickWindow:BrickWindow:1711823',$,$,#6404,#4414,'1711823',1500.,1000.0000000000019,.WINDOW.,.NOTDEFINED.,$);
#4420=IFCPROPERTYSET('1A0uHNE0mXGaY5rr7xF_mQ',#6,'Pset_EnvironmentalImpactIndicators',$,(#1148));
#4421=IFCPROPERTYSET('0zRj31Io$fSn$yMVDPqq4A',#6,'Pset_WindowCommon',$,(#84,#1148));
#4422=IFCRELDEFINESBYPROPERTIES('1a2leDdtZGIGW4V7ewp7iu',#6,$,$,(#4419),#4420);
#4423=IFCRELDEFINESBYPROPERTIES('2Wh46MITULikSOOOPctpb5',#6,$,$,(#4419),#4421);
#4424=IFCQUANTITYLENGTH('Width','',$,1000.0000000000001,$);
#4425=IFCQUANTITYLENGTH('Height','',$,1500.,$);
#4426=IFCQUANTITYLENGTH('Perimeter','',$,1400.,$);
#4427=IFCQUANTITYAREA('Area','',$,3.3365035076936174,$);
#4428=IFCELEMENTQUANTITY('16F0UO3bZaEWwr_5pFeYnK',#6,'Qto_WindowBaseQuantities',$,'BaseQuantities',(#4424,#4425,#4426,#4427));
#4429=IFCRELDEFINESBYPROPERTIES('3Thg$qrCHUst1hZRLkAr01',#6,$,$,(#4419),#4428);
#4430=IFCMAPPEDITEM(#4355,#2518);
#4431=IFCSHAPEREPRESENTATION(#15,'Body','MappedRepresentation',(#4430));
#4432=IFCPRODUCTDEFINITIONSHAPE($,$,(#4431));
#4433=IFCCARTESIANPOINT((13438.452390382436,8257.0131367403173,2298.5786437626862));
#4434=IFCDIRECTION((0.4723689273676574,-0.88140092832803896,0.));
#4435=IFCAXIS2PLACEMENT3D(#4433,#49,#4434);
#4437=IFCWINDOW('3PDcirDNvFvA6IW_GuYSLi',#6,'BrickWindow:BrickWindow:1712374',$,$,#6294,#4432,'1712374',1500.,1000.0000000000019,.WINDOW.,.NOTDEFINED.,$);
#4438=IFCPROPERTYSET('2WMpUjPSXXc54U83viFjca',#6,'Pset_EnvironmentalImpactIndicators',$,(#1148));
#4439=IFCPROPERTYSET('36_kUWFdxRajDwjEwZgV_$',#6,'Pset_WindowCommon',$,(#84,#1148));
#4440=IFCRELDEFINESBYPROPERTIES('1bzk4RKLATTZuSd5ZsytWU',#6,$,$,(#4437),#4438);
#4441=IFCRELDEFINESBYPROPERTIES('0PnMNAiX0sjRlzW1HPmDUG',#6,$,$,(#4437),#4439);
#4442=IFCQUANTITYLENGTH('Width','',$,1000.0000000000001,$);
#4443=IFCQUANTITYLENGTH('Height','',$,1500.,$);
#4444=IFCQUANTITYLENGTH('Perimeter','',$,1400.,$);
#4445=IFCQUANTITYAREA('Area','',$,3.3365035076936174,$);
#4446=IFCELEMENTQUANTITY('0y3tH0oolFqfms88gxZ_bY',#6,'Qto_WindowBaseQuantities',$,'BaseQuantities',(#4442,#4443,#4444,#4445));
#4447=IFCRELDEFINESBYPROPERTIES('1PYQ6KZDpXJfJ65buiL7vG',#6,$,$,(#4437),#4446);
#4448=IFCCARTESIANPOINTLIST2D(((299.99999999999989,8.1215034697379459E-013),(500.00000000002609,-5.9557692111411601E-012),(5.4785571660124274E-012,500.00000000002495),(-500.00000000002615,1.0828671292983927E-012),(-299.99999999999989,-2.4364510409213838E-012),(-2.7232385671440339E-012,299.99999999999869)));
#4449=IFCINDEXEDPOLYCURVE(#4448,(IFCLINEINDEX((1,2)),IFCARCINDEX((2,3,4)),IFCLINEINDEX((4,5)),IFCARCINDEX((5,6,1))),.F.);
#4450=IFCARBITRARYCLOSEDPROFILEDEF(.AREA.,'StoneWindowArch',#4449);
#4451=IFCCARTESIANPOINT((-0.,-259.71250107061502,1400.));
#4452=IFCAXIS2PLACEMENT3D(#4451,#2553,#1561);
#4453=IFCEXTRUDEDAREASOLID(#4450,#4452,#1408,519.42500214123004);
#4454=IFCCARTESIANPOINTLIST2D(((-200.00000000000165,-299.99999999999977),(200.00000000000273,-299.99999999999977),(200.00000000000273,299.99999999999977),(-200.00000000000406,299.99999999999977),(-500.00000000000136,-2.1371175031611703E-012)));
#4455=IFCINDEXEDPOLYCURVE(#4454,(IFCLINEINDEX((1,2,3,4)),IFCARCINDEX((4,5,1))),.F.);
#4456=IFCARBITRARYCLOSEDPROFILEDEF(.AREA.,'StoneWindowArch',#4455);
#4457=IFCCARTESIANPOINT((-0.,70.,1200.));
#4458=IFCAXIS2PLACEMENT3D(#4457,#146,#1408);
#4459=IFCEXTRUDEDAREASOLID(#4456,#4458,#49,189.71250107162322);
#4460=IFCCARTESIANPOINTLIST2D(((-259.71250107061502,-100.00000000001653),(259.71250107061502,-100.00000000001653),(259.71250107061502,100.00000000001666),(-259.71250107061502,100.00000000001666),(-259.71250107061502,-100.00000000001653)));
#4461=IFCINDEXEDPOLYCURVE(#4460,$,.F.);
#4462=IFCARBITRARYCLOSEDPROFILEDEF(.AREA.,'StoneWindowArch',#4461);
#4463=IFCCARTESIANPOINT((400.,0.,800.));
#4464=IFCAXIS2PLACEMENT3D(#4463,#49,#146);
#4465=IFCEXTRUDEDAREASOLID(#4462,#4464,#49,600.00000000000205);
#4466=IFCCARTESIANPOINTLIST2D(((-259.71250107061502,-100.00000000001673),(259.71250107061502,-100.00000000001673),(259.71250107061502,100.00000000001666),(-259.71250107061502,100.00000000001666),(-259.71250107061502,-100.00000000001673)));
#4467=IFCINDEXEDPOLYCURVE(#4466,$,.F.);
#4468=IFCARBITRARYCLOSEDPROFILEDEF(.AREA.,'StoneWindowArch',#4467);
#4469=IFCCARTESIANPOINT((-400.,0.,800.));
#4470=IFCAXIS2PLACEMENT3D(#4469,#49,#146);
#4471=IFCEXTRUDEDAREASOLID(#4468,#4470,#49,599.99999999999989);
#4472=IFCCARTESIANPOINTLIST2D(((-259.71250107061502,-299.99999999999977),(259.71250107061502,-299.99999999999977),(259.71250107061502,299.99999999999977),(-259.71250107061502,299.99999999999977),(-259.71250107061502,-299.99999999999977)));
#4473=IFCINDEXEDPOLYCURVE(#4472,$,.F.);
#4474=IFCARBITRARYCLOSEDPROFILEDEF(.AREA.,'StoneWindowArch',#4473);
#4475=IFCCARTESIANPOINT((-0.,0.,800.));
#4476=IFCAXIS2PLACEMENT3D(#4475,#49,#146);
#4477=IFCEXTRUDEDAREASOLID(#4474,#4476,#49,200.00000000000014);
#4478=IFCSTYLEDITEM(#4453,(#2506),$);
#4479=IFCSTYLEDITEM(#4459,(#1792),$);
#4480=IFCSTYLEDITEM(#4465,(#2506),$);
#4481=IFCSTYLEDITEM(#4471,(#2506),$);
#4482=IFCSTYLEDITEM(#4477,(#2506),$);
#4483=IFCSHAPEREPRESENTATION(#15,'Body','SweptSolid',(#4453,#4459,#4465,#4471,#4477));
#4484=IFCAXIS2PLACEMENT3D(#10,$,$);
#4485=IFCREPRESENTATIONMAP(#4484,#4483);
#4486=IFCWINDOWLININGPROPERTIES('3PDcirDNvFvA6IW_KuYSIZ',#6,'archi_window_closed:StoneWindowArch:1712441',$,$,$,$,$,$,$,$,$,$,$,$,$);
#4487=IFCWINDOWTYPE('2Nc5M1BoPG$UZayqVDo0d3',#6,'archi_window_closed:StoneWindowArch',$,$,(#4486),(#4485),'1699303',$,.WINDOW.,.NOTDEFINED.,$,$);
#4488=IFCMATERIALCONSTITUENT('Stone',$,#2517,1.,'');
#4489=IFCSHAPEREPRESENTATION(#15,'Body','SweptSolid',(#4453,#4465,#4471,#4477));
#4490=IFCSHAPEASPECT((#4489),'Stone',$,.U.,#4485);
#4491=IFCMATERIALCONSTITUENT('Tufelli_masonry_typeD',$,#1822,0.,'');
#4492=IFCSHAPEREPRESENTATION(#15,'Body','SweptSolid',(#4459));
#4493=IFCSHAPEASPECT((#4492),'Tufelli_masonry_typeD',$,.U.,#4485);
#4494=IFCMATERIALCONSTITUENTSET($,$,(#4488,#4491));
#4495=IFCMAPPEDITEM(#4485,#2518);
#4496=IFCSHAPEREPRESENTATION(#15,'Body','MappedRepresentation',(#4495));
#4497=IFCPRODUCTDEFINITIONSHAPE($,$,(#4496));
#4498=IFCCARTESIANPOINT((19160.432767038219,1434.4000630877622,3600.));
#4499=IFCDIRECTION((0.3255681544571547,-0.94551857559931751,0.));
#4500=IFCAXIS2PLACEMENT3D(#4498,#49,#4499);
#4501=IFCLOCALPLACEMENT(#24,#4500);
#4502=IFCWINDOW('3PDcirDNvFvA6IW_GuYSIZ',#6,'archi_window_closed:StoneWindowArch:1712441',$,$,#4501,#4497,'1712441',730.8651670621316,1000.0000000000662,.WINDOW.,.NOTDEFINED.,$);
#4503=IFCMATERIALCONSTITUENT('Stone',$,#2517,0.81443280301324461,'');
#4504=IFCMATERIALCONSTITUENT('Tufelli_masonry_typeD',$,#1822,0.18556719698675544,'');
#4505=IFCMATERIALCONSTITUENTSET($,$,(#4503,#4504));
#4506=IFCPROPERTYSET('1o9KEX4bWJpTy10H$6ymGK',#6,'Pset_EnvironmentalImpactIndicators',$,(#2168));
#4507=IFCPROPERTYSET('3fuveVE0JLTNwi9qIxxW9q',#6,'Pset_WindowCommon',$,(#1425,#2168));
#4508=IFCRELDEFINESBYPROPERTIES('1fOAJGm2f$HP3rIRLjphkL',#6,$,$,(#4502),#4506);
#4509=IFCRELDEFINESBYPROPERTIES('1d3tW37VyrblLrzBkcqomU',#6,$,$,(#4502),#4507);
#4510=IFCQUANTITYLENGTH('Width','',$,600.,$);
#4511=IFCQUANTITYLENGTH('Height','',$,600.,$);
#4512=IFCQUANTITYLENGTH('Perimeter','',$,2238.8500042824589,$);
#4513=IFCQUANTITYAREA('Area','',$,3.2181317890566019,$);
#4514=IFCELEMENTQUANTITY('2E6Tu4QpCHIzHZOm4UOTl8',#6,'Qto_WindowBaseQuantities',$,'BaseQuantities',(#4510,#4511,#4512,#4513));
#4515=IFCRELDEFINESBYPROPERTIES('1PDipNgO0c0dWqbbMgT8bC',#6,$,$,(#4502),#4514);
#4516=IFCCARTESIANPOINTLIST2D(((-259.71250107061502,-599.99999999999977),(259.71250107061502,-599.99999999999977),(259.71250107061502,599.99999999999977),(-259.71250107061502,599.99999999999977),(-259.71250107061502,-599.99999999999977)));
#4517=IFCINDEXEDPOLYCURVE(#4516,$,.F.);
#4518=IFCARBITRARYCLOSEDPROFILEDEF(.AREA.,'StoneWindows',#4517);
#4519=IFCCARTESIANPOINT((-0.,0.,2100.));
#4520=IFCAXIS2PLACEMENT3D(#4519,#49,#146);
#4521=IFCEXTRUDEDAREASOLID(#4518,#4520,#49,200.);
#4522=IFCCARTESIANPOINTLIST2D(((-259.71250107061502,-599.99999999999977),(259.71250107061502,-599.99999999999977),(259.71250107061502,599.99999999999977),(-259.71250107061502,599.99999999999977),(-259.71250107061502,-599.99999999999977)));
#4523=IFCINDEXEDPOLYCURVE(#4522,$,.F.);
#4524=IFCARBITRARYCLOSEDPROFILEDEF(.AREA.,'StoneWindows',#4523);
#4525=IFCCARTESIANPOINT((-0.,0.,800.));
#4526=IFCAXIS2PLACEMENT3D(#4525,#49,#146);
#4527=IFCEXTRUDEDAREASOLID(#4524,#4526,#49,165.03507693617399);
#4528=IFCCARTESIANPOINTLIST2D(((-259.71250107061502,-100.),(259.71250107061502,-100.),(259.71250107061502,100.),(-259.71250107061502,100.),(-259.71250107061502,-100.)));
#4529=IFCINDEXEDPOLYCURVE(#4528,$,.F.);
#4530=IFCARBITRARYCLOSEDPROFILEDEF(.AREA.,'StoneWindows',#4529);
#4531=IFCCARTESIANPOINT((-500.,0.,965.03507693617291));
#4532=IFCAXIS2PLACEMENT3D(#4531,#49,#146);
#4533=IFCEXTRUDEDAREASOLID(#4530,#4532,#49,1134.9649230638261);
#4534=IFCCARTESIANPOINTLIST2D(((-259.71250107061502,-100.),(259.71250107061502,-100.),(259.71250107061502,100.),(-259.71250107061502,100.),(-259.71250107061502,-100.)));
#4535=IFCINDEXEDPOLYCURVE(#4534,$,.F.);
#4536=IFCARBITRARYCLOSEDPROFILEDEF(.AREA.,'StoneWindows',#4535);
#4537=IFCCARTESIANPOINT((500.,0.,965.03507693617291));
#4538=IFCAXIS2PLACEMENT3D(#4537,#49,#146);
#4539=IFCEXTRUDEDAREASOLID(#4536,#4538,#49,1134.9649230638261);
#4540=IFCSTYLEDITEM(#4521,(#2506),$);
#4541=IFCSTYLEDITEM(#4527,(#2506),$);
#4542=IFCSTYLEDITEM(#4533,(#2506),$);
#4543=IFCSTYLEDITEM(#4539,(#2506),$);
#4544=IFCSHAPEREPRESENTATION(#15,'Body','SweptSolid',(#4521,#4527,#4533,#4539));
#4545=IFCAXIS2PLACEMENT3D(#10,$,$);
#4546=IFCREPRESENTATIONMAP(#4545,#4544);
#4547=IFCWINDOWLININGPROPERTIES('2QEzj1Im5478gG84HIeYV0',#6,'Window1:StoneWindows:1716506',$,$,$,$,$,$,$,$,$,$,$,$,$);
#4548=IFCWINDOWTYPE('1moqpuGjfIVz5nretFXCh_',#6,'Window1:StoneWindows',$,$,(#4547),(#4546),'1695326',$,.WINDOW.,.NOTDEFINED.,$,$);
#4549=IFCMAPPEDITEM(#4546,#2518);
#4550=IFCSHAPEREPRESENTATION(#15,'Body','MappedRepresentation',(#4549));
#4551=IFCPRODUCTDEFINITIONSHAPE($,$,(#4550));
#4552=IFCCARTESIANPOINT((19333.865266673602,930.7155111041742,-300.));
#4553=IFCDIRECTION((-0.32556815445715476,0.94551857559931751,0.));
#4554=IFCAXIS2PLACEMENT3D(#4552,#49,#4553);
#4555=IFCLOCALPLACEMENT(#32,#4554);
#4556=IFCWINDOW('2QEzj1Im5478gG84LIeYV0',#6,'Window1:StoneWindows:1716506',$,$,#4555,#4551,'1716506',730.86516706213149,1199.9999999999995,.WINDOW.,.NOTDEFINED.,$);
#4557=IFCPROPERTYSET('0nOMQ2eOZTVizv$Pdk0tNL',#6,'Pset_EnvironmentalImpactIndicators',$,(#1427));
#4558=IFCPROPERTYSET('1XU653n8Y3XfUKYGRPdFJr',#6,'Pset_WindowCommon',$,(#1425,#1427));
#4559=IFCRELDEFINESBYPROPERTIES('2B3I9EMUGmP4UM1k_Cycb9',#6,$,$,(#4556),#4557);
#4560=IFCRELDEFINESBYPROPERTIES('2zfVALW9dRw1_MOYVpD7ND',#6,$,$,(#4556),#4558);
#4561=IFCQUANTITYLENGTH('Width','',$,1200.,$);
#4562=IFCQUANTITYLENGTH('Height','',$,1500.,$);
#4563=IFCQUANTITYLENGTH('Perimeter','',$,1438.8500042824601,$);
#4564=IFCQUANTITYAREA('Area','',$,3.7150847283488768,$);
#4565=IFCELEMENTQUANTITY('18hBwrFUscL_I_gGdbju1i',#6,'Qto_WindowBaseQuantities',$,'BaseQuantities',(#4561,#4562,#4563,#4564));
#4566=IFCRELDEFINESBYPROPERTIES('2Dl7A8pIerLLnBa_PTzX9h',#6,$,$,(#4556),#4565);
#4567=IFCMAPPEDITEM(#4546,#2518);
#4568=IFCSHAPEREPRESENTATION(#15,'Body','MappedRepresentation',(#4567));
#4569=IFCPRODUCTDEFINITIONSHAPE($,$,(#4568));
#4570=IFCCARTESIANPOINT((18376.258909877346,3711.806309043392,-300.));
#4571=IFCDIRECTION((0.3255681544571547,-0.94551857559931751,0.));
#4572=IFCAXIS2PLACEMENT3D(#4570,#49,#4571);
#4573=IFCLOCALPLACEMENT(#32,#4572);
#4574=IFCWINDOW('2QEzj1Im5478gG84LIeYVv',#6,'Window1:StoneWindows:1716515',$,$,#4573,#4569,'1716515',730.86516706213149,1199.9999999999995,.WINDOW.,.NOTDEFINED.,$);
#4575=IFCPROPERTYSET('037IQYi5iOKDj1ksJdbqRG',#6,'Pset_EnvironmentalImpactIndicators',$,(#1427));
#4576=IFCPROPERTYSET('1$kScZeVvQrx93SVk32xer',#6,'Pset_WindowCommon',$,(#1425,#1427));
#4577=IFCRELDEFINESBYPROPERTIES('3pymd$UUVZuHzG8FDwInXz',#6,$,$,(#4574),#4575);
#4578=IFCRELDEFINESBYPROPERTIES('3IeHEFZRvnmLagIerRaHRY',#6,$,$,(#4574),#4576);
#4579=IFCQUANTITYLENGTH('Width','',$,1200.,$);
#4580=IFCQUANTITYLENGTH('Height','',$,1500.,$);
#4581=IFCQUANTITYLENGTH('Perimeter','',$,1438.8500042824601,$);
#4582=IFCQUANTITYAREA('Area','',$,3.7150847283488768,$);
#4583=IFCELEMENTQUANTITY('1Z_$3wl129JeRqJ095DLJS',#6,'Qto_WindowBaseQuantities',$,'BaseQuantities',(#4579,#4580,#4581,#4582));
#4584=IFCRELDEFINESBYPROPERTIES('3GotDcWnihGvGjjb7X3r3F',#6,$,$,(#4574),#4583);
#4585=IFCCARTESIANPOINT((17569.020458692212,-1089.0191258068053,2215.8072539634704));
#4586=IFCAXIS2PLACEMENT3D(#4585,#49,#146);
#4587=IFCLOCALPLACEMENT(#32,#4586);
#4588=IFCPRODUCTDEFINITIONSHAPE($,$,(#4600));
#4589=IFCCOLOURRGBLIST(((1.,1.,0.)));
#4590=IFCINDEXEDPOLYGONALFACE((1,2,3,4));
#4591=IFCINDEXEDPOLYGONALFACE((1,4,5,6));
#4592=IFCINDEXEDPOLYGONALFACE((4,3,7,5));
#4593=IFCINDEXEDPOLYGONALFACE((3,2,8,7));
#4594=IFCINDEXEDPOLYGONALFACE((2,1,6,8));
#4595=IFCINDEXEDPOLYGONALFACE((6,5,7,8));
#4596=IFCCARTESIANPOINTLIST3D(((6533.7540241921597,-485.22059831059596,0.),(248.54931009349002,-2649.3901365531274,0.),(4.3200998334214091E-012,-2185.6179026924074,0.),(6347.4952874423552,0.,0.),(6347.4952874423579,-3.637978807091713E-012,354.59274151371937),(6533.7540241921597,-485.22059831059596,354.59274151371937),(3.1832314562052488E-012,-2185.6179026924074,2534.5286195457429),(248.54931009349036,-2649.3901365531274,2513.1360151331464)));
#4597=IFCPOLYGONALFACESET(#4596,.T.,(#4590,#4591,#4592,#4593,#4594,#4595),$);
#4598=IFCINDEXEDCOLOURMAP(#4597,1.,#4589,(1,1,1,1,1,1));
#4599=IFCSTYLEDITEM(#4597,(#2267),$);
#4600=IFCSHAPEREPRESENTATION(#15,'Body','Tessellation',(#4597));
#4601=IFCWALL('2QEzj1Im5478gG84LIeYU2',#6,'Castelnuovo6:Castelnuovo3:1716568',$,$,#4587,#4588,'1716568',.NOTDEFINED.);
#4602=IFCWALLTYPE('2QEzj1Im5478gG84LIeYUC',#6,'Castelnuovo6:Castelnuovo3',$,$,$,$,'1716566',$,.NOTDEFINED.);
#4603=IFCPROPERTYSET('2utLOmVwrDXCTheYeu9b_L',#6,'Pset_EnvironmentalImpactIndicators',$,(#3732));
#4604=IFCPROPERTYSINGLEVALUE('Reference',$,IFCLABEL('Castelnuovo3'),$);
#4605=IFCPROPERTYSET('1fWVXUne40NS0YAVqgEPnR',#6,'Pset_ReinforcementBarPitchOfWall',$,(#4604));
#4606=IFCPROPERTYSET('3Xx6mEiu6NV8MXrkb2mF5z',#6,'Pset_WallCommon',$,(#1425,#3732));
#4607=IFCRELDEFINESBYPROPERTIES('3bD_2CIJf5u558g_fvxhLc',#6,$,$,(#4601),#4603);
#4608=IFCRELDEFINESBYPROPERTIES('2TPBipUBmuZ8iYytP5HUZ9',#6,$,$,(#4601),#4605);
#4609=IFCRELDEFINESBYPROPERTIES('0NTsE_7rajibxwAyUckyNy',#6,$,$,(#4601),#4606);
#4610=IFCQUANTITYVOLUME('NetVolume','',$,4.993977205308302,$);
#4611=IFCELEMENTQUANTITY('2hTeu1q6HgKISIa7f0sruQ',#6,'Qto_WallBaseQuantities',$,'BaseQuantities',(#4610));
#4612=IFCRELDEFINESBYPROPERTIES('3Sto5ZiQTs_xZ6T$4ZzT8s',#6,$,$,(#4601),#4611);
#4613=IFCCARTESIANPOINT((9160.1420366758812,-2616.6401398325197,2215.8072539634704));
#4614=IFCAXIS2PLACEMENT3D(#4613,#49,#146);
#4615=IFCLOCALPLACEMENT(#32,#4614);
#4616=IFCPRODUCTDEFINITIONSHAPE($,$,(#4628));
#4617=IFCCOLOURRGBLIST(((1.,1.,0.)));
#4618=IFCINDEXEDPOLYGONALFACE((1,2,3,4));
#4619=IFCINDEXEDPOLYGONALFACE((1,4,5,6));
#4620=IFCINDEXEDPOLYGONALFACE((4,3,7,5));
#4621=IFCINDEXEDPOLYGONALFACE((3,2,8,7));
#4622=IFCINDEXEDPOLYGONALFACE((2,1,6,8));
#4623=IFCINDEXEDPOLYGONALFACE((6,5,7,8));
#4624=IFCCARTESIANPOINTLIST3D(((4825.536439756379,-464.45127236076769,0.),(158.13251601315824,-2965.8516160527415,0.),(3.1832314562052488E-012,-2490.5994184871743,0.),(4647.2503002706444,-1.8189894035458565E-012,0.),(4647.2503002706444,-1.8189894035458565E-012,354.59274151371937),(4825.5364397563808,-464.45127236076769,354.59274151371937),(3.637978807091713E-012,-2490.5994184871743,2054.2908621688202),(158.13251601315778,-2965.8516160527415,2061.661903909082)));
#4625=IFCPOLYGONALFACESET(#4624,.T.,(#4618,#4619,#4620,#4621,#4622,#4623),$);
#4626=IFCINDEXEDCOLOURMAP(#4625,1.,#4617,(1,1,1,1,1,1));
#4627=IFCSTYLEDITEM(#4625,(#2267),$);
#4628=IFCSHAPEREPRESENTATION(#15,'Body','Tessellation',(#4625));
#4629=IFCWALL('2QEzj1Im5478gG84LIeYTv',#6,'Castelnuovo_wall6:Castelnuovo_wall3:1716643',$,$,#4615,#4616,'1716643',.NOTDEFINED.);
#4630=IFCWALLTYPE('2QEzj1Im5478gG84LIeYTx',#6,'Castelnuovo_wall6:Castelnuovo_wall3',$,$,$,$,'1716641',$,.NOTDEFINED.);
#4631=IFCPROPERTYSET('0eNQMIwglhB$2_3Vo_YCIm',#6,'Pset_EnvironmentalImpactIndicators',$,(#2419));
#4632=IFCPROPERTYSINGLEVALUE('Reference',$,IFCLABEL('Castelnuovo_wall3'),$);
#4633=IFCPROPERTYSET('2P6wK3uinzdF4QGOobMJN2',#6,'Pset_ReinforcementBarPitchOfWall',$,(#4632));
#4634=IFCPROPERTYSET('1tcrvIkGr2s1AmAnUcMrN4',#6,'Pset_WallCommon',$,(#1425,#2419));
#4635=IFCRELDEFINESBYPROPERTIES('1emNEiHEHLuCoiT1fOs6r7',#6,$,$,(#4629),#4631);
#4636=IFCRELDEFINESBYPROPERTIES('31ELfFfMQbV1Heq44_Fmp2',#6,$,$,(#4629),#4633);
#4637=IFCRELDEFINESBYPROPERTIES('1fFaURyLBO7ZvsLjwIh4C4',#6,$,$,(#4629),#4634);
#4638=IFCQUANTITYVOLUME('NetVolume','',$,3.1461186793932256,$);
#4639=IFCELEMENTQUANTITY('2Kptb0xxK$e9iT6OGydDEt',#6,'Qto_WallBaseQuantities',$,'BaseQuantities',(#4638));
#4640=IFCRELDEFINESBYPROPERTIES('3Amf1iCTKgbhP1ufLPV$5f',#6,$,$,(#4629),#4639);
#4641=IFCCARTESIANPOINT((19750.273584565075,-7693.8507991891347,-0.));
#4642=IFCAXIS2PLACEMENT3D(#4641,#49,#146);
#4643=IFCLOCALPLACEMENT(#36,#4642);
#4644=IFCPRODUCTDEFINITIONSHAPE($,$,(#4656));
#4645=IFCCOLOURRGBLIST(((1.,0.65098039215686276,0.82352941176470584)));
#4646=IFCINDEXEDPOLYGONALFACE((1,2,3,4));
#4647=IFCINDEXEDPOLYGONALFACE((1,4,5,6));
#4648=IFCINDEXEDPOLYGONALFACE((4,3,7,5));
#4649=IFCINDEXEDPOLYGONALFACE((2,1,6,8));
#4650=IFCINDEXEDPOLYGONALFACE((3,2,8,7));
#4651=IFCINDEXEDPOLYGONALFACE((6,5,7,8));
#4652=IFCCARTESIANPOINTLIST3D(((3.637978807091713E-012,-856.77570643203944,0.),(6601.3321014290359,0.,0.),(6853.9715139303908,-471.40402302039365,0.),(166.18121291973966,-1339.4009926588988,0.),(166.18121291973966,-1339.4009926588988,500.00000000001091),(1.8189894035458565E-012,-856.77570643203944,681.98511713311018),(6853.9715139303917,-471.40402302039365,500.00000000000546),(6601.3321014290359,0.,681.98511713310654)));
#4653=IFCPOLYGONALFACESET(#4652,.T.,(#4646,#4647,#4648,#4649,#4650,#4651),$);
#4654=IFCINDEXEDCOLOURMAP(#4653,1.,#4645,(1,1,1,1,1,1));
#4655=IFCSTYLEDITEM(#4653,(#64),$);
#4656=IFCSHAPEREPRESENTATION(#15,'Body','Tessellation',(#4653));
#4657=IFCWALL('2SDwapJ$z32OyuRGCv33co',#6,'Castelnuovo7:Castelnuovo:1718527',$,$,#4643,#4644,'1718527',.NOTDEFINED.);
#4658=IFCWALLTYPE('2SDwapJ$z32OyuRGCv33cm',#6,'Castelnuovo7:Castelnuovo',$,$,$,$,'1718525',$,.NOTDEFINED.);
#4659=IFCPROPERTYSET('3gqmEocKGMu8TaRIuZIye7',#6,'Pset_EnvironmentalImpactIndicators',$,(#1421));
#4660=IFCPROPERTYSINGLEVALUE('Reference',$,IFCLABEL('Castelnuovo'),$);
#4661=IFCPROPERTYSET('0n3MoCejnJhp4muZMtdYvI',#6,'Pset_ReinforcementBarPitchOfWall',$,(#4660));
#4662=IFCPROPERTYSET('06X_LEzPf$$KEwNYrEQceh',#6,'Pset_WallCommon',$,(#1421,#1425));
#4663=IFCRELDEFINESBYPROPERTIES('16mH_Mn7Ktzb7ZtvJgsD_G',#6,$,$,(#4657),#4659);
#4664=IFCRELDEFINESBYPROPERTIES('0mFnpD6KGit$KFied02OGj',#6,$,$,(#4657),#4661);
#4665=IFCRELDEFINESBYPROPERTIES('1puf5cUHY0xApf9b0eeV6H',#6,$,$,(#4657),#4662);
#4666=IFCQUANTITYVOLUME('NetVolume','',$,1.9792500683691585,$);
#4667=IFCELEMENTQUANTITY('0yhe1GalESX3LdcBVsQj6P',#6,'Qto_WallBaseQuantities',$,'BaseQuantities',(#4666));
#4668=IFCRELDEFINESBYPROPERTIES('0s4C2rFP5FXg_289j2dOrw',#6,$,$,(#4657),#4667);
#4669=IFCCARTESIANPOINT((12005.293471320596,-2680.8467535626282,0.));
#4670=IFCAXIS2PLACEMENT3D(#4669,$,$);
#4671=IFCLOCALPLACEMENT(#32,#4670);
#4672=IFCPRODUCTDEFINITIONSHAPE($,$,(#4689));
#4673=IFCCOLOURRGBLIST(((1.,0.65098039215686276,0.82352941176470584)));
#4674=IFCINDEXEDPOLYGONALFACE((1,2,3,4,5,6));
#4675=IFCINDEXEDPOLYGONALFACE((1,6,7,8));
#4676=IFCINDEXEDPOLYGONALFACE((6,5,9,7));
#4677=IFCINDEXEDPOLYGONALFACE((5,4,10,11,12,9));
#4678=IFCINDEXEDPOLYGONALFACE((4,3,13,10));
#4679=IFCINDEXEDPOLYGONALFACE((3,2,14,13));
#4680=IFCINDEXEDPOLYGONALFACE((2,1,8,15,16,14));
#4681=IFCINDEXEDPOLYGONALFACE((12,17,18,15,8,7,9));
#4682=IFCINDEXEDPOLYGONALFACE((17,12,11));
#4683=IFCINDEXEDPOLYGONALFACE((16,15,18));
#4684=IFCINDEXEDPOLYGONALFACE((10,13,14,16,18,17,11));
#4685=IFCCARTESIANPOINTLIST3D(((7643.3067719236005,1913.2230234020967,0.),(7732.036716448305,1655.5325533378661,0.),(7761.7305965955329,1426.7455291956867,0.),(200.79317925585929,9.0949470177292824E-013,0.),(116.30687744954957,253.91552357452292,0.),(1.8189894035458565E-012,470.93443361635263,0.),(1.8189894035458565E-012,470.93443361635354,4188.0061630551309),(7643.3067719236005,1913.2230234020972,4640.4970582346659),(116.30687744954957,253.91552357452201,4267.3792567581395),(200.79317925585929,1.8189894035458565E-012,5885.3441415246079),(126.47462749794067,223.35732038756032,5896.8314340875486),(126.47462749794067,223.35732038756305,4277.8326824310507),(7761.7305965955329,1426.7455291956865,3089.4399988069081),(7732.036716448305,1655.5325533378661,3084.627384411785),(7725.5632789062311,1674.3327810635087,4722.5397201986552),(7725.5632789062311,1674.3327810635087,3085.672110513985),(3874.9976967852363,884.32307531100309,4513.8172552467704),(3909.8758356591388,954.31425690855144,4496.6474619862247)));
#4686=IFCPOLYGONALFACESET(#4685,.T.,(#4674,#4675,#4676,#4677,#4678,#4679,#4680,#4681,#4682,#4683,#4684),$);
#4687=IFCINDEXEDCOLOURMAP(#4686,1.,#4673,(1,1,1,1,1,1,1,1,1,1,1));
#4688=IFCSTYLEDITEM(#4686,(#64),$);
#4689=IFCSHAPEREPRESENTATION(#15,'Body','Tessellation',(#4686));
#4690=IFCWALL('3_wR1BNVfAMeWWIaQS4y2L',#6,'Castelnuovo_inside:Castelnuovo_inside:1719200',$,$,#4671,#4672,'1719200',.NOTDEFINED.);
#4691=IFCWALLTYPE('3_wR1BNVfAMeWWIaQS4y2h',#6,'Castelnuovo_inside:Castelnuovo_inside',$,$,$,$,'1719198',$,.NOTDEFINED.);
#4692=IFCPROPERTYSINGLEVALUE('Reference',$,IFCIDENTIFIER('Castelnuovo_inside'),$);
#4693=IFCPROPERTYSET('2VDlTJnQ5_dFLFxxDTAKUt',#6,'Pset_EnvironmentalImpactIndicators',$,(#4692));
#4694=IFCPROPERTYSINGLEVALUE('Reference',$,IFCLABEL('Castelnuovo_inside'),$);
#4695=IFCPROPERTYSET('0rhuJNVpigCVseoATrFy7a',#6,'Pset_ReinforcementBarPitchOfWall',$,(#4694));
#4696=IFCPROPERTYSET('2uf0i78J2WsJ7Kp8pFDHRo',#6,'Pset_WallCommon',$,(#1425,#4692));
#4697=IFCRELDEFINESBYPROPERTIES('34pUVt8_jgLD1xjcrED4BF',#6,$,$,(#4690),#4693);
#4698=IFCRELDEFINESBYPROPERTIES('02Xb9NHyUBWy4EJcMxEK60',#6,$,$,(#4690),#4695);
#4699=IFCRELDEFINESBYPROPERTIES('0J5I5IDbJedmawanKvOySg',#6,$,$,(#4690),#4696);
#4700=IFCQUANTITYVOLUME('NetVolume','',$,17.203969761179916,$);
#4701=IFCELEMENTQUANTITY('0umDmX2Pgrl5hK995KQdXZ',#6,'Qto_WallBaseQuantities',$,'BaseQuantities',(#4700));
#4702=IFCRELDEFINESBYPROPERTIES('1ZdWtJIOPQHX8xLoQ_PyFK',#6,$,$,(#4690),#4701);
#4703=IFCCARTESIANPOINT((12014.867360658374,-2722.0896866136368,-1500.));
#4704=IFCAXIS2PLACEMENT3D(#4703,$,$);
#4705=IFCLOCALPLACEMENT(#24,#4704);
#4706=IFCPRODUCTDEFINITIONSHAPE($,$,(#4715));
#4707=IFCCARTESIANPOINTLIST2D(((-3847.4967103100057,-250.74939465458741),(3930.6994035687921,-250.74939465458863),(3856.6507118313025,-15.927572181064537),(3820.7123970578868,249.250605345411),(-3873.6607050217776,249.2506053454112),(-3886.9050971262013,18.925150799421456),(-3847.4967103100057,-250.74939465458741)));
#4708=IFCINDEXEDPOLYCURVE(#4707,$,.F.);
#4709=IFCARBITRARYCLOSEDPROFILEDEF(.AREA.,'Castelnuovo_inside',#4708);
#4710=IFCCARTESIANPOINT((3909.0290236121423,953.39184385441672,0.));
#4711=IFCDIRECTION((-0.98265801736285396,-0.18542713100435179,0.));
#4712=IFCAXIS2PLACEMENT3D(#4710,#49,#4711);
#4713=IFCEXTRUDEDAREASOLID(#4709,#4712,#49,5599.9999999999891);
#4714=IFCSTYLEDITEM(#4713,(#64),$);
#4715=IFCSHAPEREPRESENTATION(#15,'Body','SweptSolid',(#4713));
#4716=IFCWALL('3_wR1BNVfAMeWWIaQS4ySL',#6,'Castelnuovo_inside1:Castelnuovo_inside:1719328',$,$,#4705,#4706,'1719328',.NOTDEFINED.);
#4717=IFCWALLTYPE('3_wR1BNVfAMeWWIaQS4ySh',#6,'Castelnuovo_inside1:Castelnuovo_inside',$,$,$,$,'1719326',$,.NOTDEFINED.);
#4718=IFCPROPERTYSET('1QXljh1IUmdIlhfRDiIsD8',#6,'Pset_EnvironmentalImpactIndicators',$,(#4692));
#4719=IFCPROPERTYSINGLEVALUE('Reference',$,IFCLABEL('Castelnuovo_inside'),$);
#4720=IFCPROPERTYSET('2erwk6J4IQwLgIsitW1I9U',#6,'Pset_ReinforcementBarPitchOfWall',$,(#4719));
#4721=IFCPROPERTYSET('31g7ALSszGca7K5dfQmHET',#6,'Pset_WallCommon',$,(#1425,#4692));
#4722=IFCRELDEFINESBYPROPERTIES('0MTNcyNyCF2eREa6A29TkU',#6,$,$,(#4716),#4718);
#4723=IFCRELDEFINESBYPROPERTIES('0baxR_azN$NiW_XoJvnuOX',#6,$,$,(#4716),#4720);
#4724=IFCRELDEFINESBYPROPERTIES('1t9jJJWOqc7O2FXcvv43O4',#6,$,$,(#4716),#4721);
#4725=IFCQUANTITYVOLUME('NetVolume','',$,21.665660916073154,$);
#4726=IFCELEMENTQUANTITY('1LVm8XBPzOzmzccfMwC0cF',#6,'Qto_WallBaseQuantities',$,'BaseQuantities',(#4725));
#4727=IFCRELDEFINESBYPROPERTIES('0Vnsn8W4ZoHx4ibs737G9$',#6,$,$,(#4716),#4726);
#4728=IFCCARTESIANPOINT((12014.867360658374,-2722.0896866136363,0.));
#4729=IFCAXIS2PLACEMENT3D(#4728,$,$);
#4730=IFCLOCALPLACEMENT(#28,#4729);
#4731=IFCPRODUCTDEFINITIONSHAPE($,$,(#4740));
#4732=IFCCARTESIANPOINTLIST2D(((-3847.4967103100048,-250.74939465458348),(3930.6994035687931,-250.74939465458382),(3856.6507118313029,-15.927572181083892),(3820.7123970578878,249.25060534541586),(-3873.6607050217722,249.25060534541552),(-3886.9050971262018,18.925150799419697),(-3847.4967103100048,-250.74939465458348)));
#4733=IFCINDEXEDPOLYCURVE(#4732,$,.F.);
#4734=IFCARBITRARYCLOSEDPROFILEDEF(.AREA.,'Castelnuovo_inside',#4733);
#4735=IFCCARTESIANPOINT((3909.0290236121423,953.39184385442115,-0.));
#4736=IFCDIRECTION((-0.98265801736285396,-0.18542713100435165,0.));
#4737=IFCAXIS2PLACEMENT3D(#4735,#49,#4736);
#4738=IFCEXTRUDEDAREASOLID(#4734,#4737,#49,3500.0000000001683);
#4739=IFCSTYLEDITEM(#4738,(#64),$);
#4740=IFCSHAPEREPRESENTATION(#15,'Body','SweptSolid',(#4738));
#4741=IFCWALL('3_wR1BNVfAMeWWIaQS4yS9',#6,'Castelnuovo_inside2:Castelnuovo_inside:1719356',$,$,#4730,#4731,'1719356',.NOTDEFINED.);
#4742=IFCWALLTYPE('3_wR1BNVfAMeWWIaQS4ySF',#6,'Castelnuovo_inside2:Castelnuovo_inside',$,$,$,$,'1719354',$,.NOTDEFINED.);
#4743=IFCPROPERTYSET('2KfIR9Q0tVsb3M5UQcIz6m',#6,'Pset_EnvironmentalImpactIndicators',$,(#4692));
#4744=IFCPROPERTYSINGLEVALUE('Reference',$,IFCLABEL('Castelnuovo_inside'),$);
#4745=IFCPROPERTYSET('0PGbD0ym$cCZiOcew2KEUW',#6,'Pset_ReinforcementBarPitchOfWall',$,(#4744));
#4746=IFCPROPERTYSET('2KmeURJH5d2_btaW_K3_Zv',#6,'Pset_WallCommon',$,(#1425,#4692));
#4747=IFCRELDEFINESBYPROPERTIES('0XXSgRDeHfPulULz8jMzWV',#6,$,$,(#4741),#4743);
#4748=IFCRELDEFINESBYPROPERTIES('2jHSp9g7qZ5lAE$lkggBTi',#6,$,$,(#4741),#4745);
#4749=IFCRELDEFINESBYPROPERTIES('2UQ1ZBoJDBhcXN5wzcIPnC',#6,$,$,(#4741),#4746);
#4750=IFCQUANTITYVOLUME('NetVolume','',$,13.541038072546392,$);
#4751=IFCELEMENTQUANTITY('3jaokWR0P758S7iugTdn$N',#6,'Qto_WallBaseQuantities',$,'BaseQuantities',(#4750));
#4752=IFCRELDEFINESBYPROPERTIES('06wCzPU1o300SETj8lOy6s',#6,$,$,(#4741),#4751);
#4753=IFCCARTESIANPOINTLIST2D(((-250.00000000000003,-499.99999999999977),(250.00000000000003,-499.99999999999977),(250.00000000000003,499.99999999999977),(-250.00000000000003,499.99999999999977),(-250.00000000000003,-499.99999999999977)));
#4754=IFCINDEXEDPOLYCURVE(#4753,$,.F.);
#4755=IFCARBITRARYCLOSEDPROFILEDEF(.AREA.,'StoneWindows',#4754);
#4756=IFCCARTESIANPOINT((500.,250.,900.));
#4757=IFCAXIS2PLACEMENT3D(#4756,#49,#146);
#4758=IFCEXTRUDEDAREASOLID(#4755,#4757,#49,200.);
#4759=IFCCARTESIANPOINTLIST2D(((-250.00000000000003,-499.99999999999977),(250.00000000000003,-499.99999999999977),(250.00000000000003,499.99999999999977),(-250.00000000000003,499.99999999999977),(-250.00000000000003,-499.99999999999977)));
#4760=IFCINDEXEDPOLYCURVE(#4759,$,.F.);
#4761=IFCARBITRARYCLOSEDPROFILEDEF(.AREA.,'StoneWindows',#4760);
#4762=IFCCARTESIANPOINT((500.,250.,-0.));
#4763=IFCAXIS2PLACEMENT3D(#4762,#49,#146);
#4764=IFCEXTRUDEDAREASOLID(#4761,#4763,#49,165.03507693617399);
#4765=IFCCARTESIANPOINTLIST2D(((-250.00000000000003,-100.),(250.00000000000003,-100.),(250.00000000000003,100.),(-250.00000000000003,100.),(-250.00000000000003,-100.)));
#4766=IFCINDEXEDPOLYCURVE(#4765,$,.F.);
#4767=IFCARBITRARYCLOSEDPROFILEDEF(.AREA.,'StoneWindows',#4766);
#4768=IFCCARTESIANPOINT((100.,250.,165.03507693617371));
#4769=IFCAXIS2PLACEMENT3D(#4768,#49,#146);
#4770=IFCEXTRUDEDAREASOLID(#4767,#4769,#49,734.9649230638264);
#4771=IFCCARTESIANPOINTLIST2D(((-250.00000000000003,-100.),(250.00000000000003,-100.),(250.00000000000003,100.),(-250.00000000000003,100.),(-250.00000000000003,-100.)));
#4772=IFCINDEXEDPOLYCURVE(#4771,$,.F.);
#4773=IFCARBITRARYCLOSEDPROFILEDEF(.AREA.,'StoneWindows',#4772);
#4774=IFCCARTESIANPOINT((900.,250.,165.03507693617371));
#4775=IFCAXIS2PLACEMENT3D(#4774,#49,#146);
#4776=IFCEXTRUDEDAREASOLID(#4773,#4775,#49,734.9649230638264);
#4777=IFCSTYLEDITEM(#4758,(#2506),$);
#4778=IFCSTYLEDITEM(#4764,(#2506),$);
#4779=IFCSTYLEDITEM(#4770,(#2506),$);
#4780=IFCSTYLEDITEM(#4776,(#2506),$);
#4781=IFCSHAPEREPRESENTATION(#15,'Body','SweptSolid',(#4758,#4764,#4770,#4776));
#4782=IFCAXIS2PLACEMENT3D(#10,$,$);
#4783=IFCREPRESENTATIONMAP(#4782,#4781);
#4784=IFCWINDOWLININGPROPERTIES('1ViGEvFsn0QResAVETv4Um',#6,'Window1:StoneWindows:1720808',$,$,$,$,$,$,$,$,$,$,$,$,$);
#4785=IFCWINDOWTYPE('3aSyTEj$LvFK5IU4dbXfjO',#6,'Window1:StoneWindows',$,$,(#4784),(#4783),'1695326',$,.WINDOW.,.NOTDEFINED.,$,$);
#4786=IFCMAPPEDITEM(#4783,#2518);
#4787=IFCSHAPEREPRESENTATION(#15,'Body','MappedRepresentation',(#4786));
#4788=IFCPRODUCTDEFINITIONSHAPE($,$,(#4787));
#4789=IFCCARTESIANPOINT((13020.714775288305,9036.4766035549601,404.29638336508509));
#4790=IFCDIRECTION((0.4723689273676574,-0.88140092832803896,0.));
#4791=IFCAXIS2PLACEMENT3D(#4789,#49,#4790);
#4793=IFCWINDOW('1ViGEvFsn0QResAVATv4Um',#6,'Window1:StoneWindows:1720808',$,$,#6514,#4788,'1720808',1100.,999.99999999999989,.WINDOW.,.NOTDEFINED.,$);
#4794=IFCPROPERTYSET('3XKjvngpvVBCPBTb6XMbc8',#6,'Pset_EnvironmentalImpactIndicators',$,(#1427));
#4795=IFCPROPERTYSET('2X4AeG$8tZ_np45OWUUboZ',#6,'Pset_WindowCommon',$,(#84,#1427));
#4796=IFCRELDEFINESBYPROPERTIES('3AkdGQU0T9b9Xy9qixUuNj',#6,$,$,(#4793),#4794);
#4797=IFCRELDEFINESBYPROPERTIES('1zws2Vl5mD86QKHqY4DVod',#6,$,$,(#4793),#4795);
#4798=IFCQUANTITYLENGTH('Width','',$,1000.0000000000001,$);
#4799=IFCQUANTITYLENGTH('Height','',$,1100.,$);
#4800=IFCQUANTITYLENGTH('Perimeter','',$,1400.,$);
#4801=IFCQUANTITYAREA('Area','',$,2.7765035076936186,$);
#4802=IFCELEMENTQUANTITY('1Y8kN1yWG1VvMW0sl1Q32j',#6,'Qto_WindowBaseQuantities',$,'BaseQuantities',(#4798,#4799,#4800,#4801));
#4803=IFCRELDEFINESBYPROPERTIES('3X5HdUGs2Z313rXHM6L9$F',#6,$,$,(#4793),#4802);
#4804=IFCCARTESIANPOINTLIST2D(((-250.00000000048493,-700.00000000000659),(250.00000000048493,-700.00000000000659),(250.00000000048493,700.00000000000659),(-250.00000000048493,700.00000000000659),(-250.00000000048493,-700.00000000000659)));
#4805=IFCINDEXEDPOLYCURVE(#4804,$,.F.);
#4806=IFCARBITRARYCLOSEDPROFILEDEF(.AREA.,'DoorV2',#4805);
#4807=IFCCARTESIANPOINT((700.,250.,2000.));
#4808=IFCAXIS2PLACEMENT3D(#4807,#49,#146);
#4809=IFCEXTRUDEDAREASOLID(#4806,#4808,#49,200.);
#4810=IFCCARTESIANPOINTLIST2D(((-250.00000000048493,-99.999999999998252),(250.00000000048493,-99.999999999998252),(250.00000000048493,99.999999999998309),(-250.00000000048493,99.999999999998309),(-250.00000000048493,-99.999999999998252)));
#4811=IFCINDEXEDPOLYCURVE(#4810,$,.F.);
#4812=IFCARBITRARYCLOSEDPROFILEDEF(.AREA.,'DoorV2',#4811);
#4813=IFCCARTESIANPOINT((1300.,250.,0.));
#4814=IFCAXIS2PLACEMENT3D(#4813,#49,#146);
#4815=IFCEXTRUDEDAREASOLID(#4812,#4814,#49,1999.9999999999959);
#4816=IFCCARTESIANPOINTLIST2D(((-250.00000000048493,-100.00000000000156),(250.00000000048493,-100.00000000000156),(250.00000000048493,100.00000000000149),(-250.00000000048493,100.00000000000149),(-250.00000000048493,-100.00000000000156)));
#4817=IFCINDEXEDPOLYCURVE(#4816,$,.F.);
#4818=IFCARBITRARYCLOSEDPROFILEDEF(.AREA.,'DoorV2',#4817);
#4819=IFCCARTESIANPOINT((100.,250.,0.));
#4820=IFCAXIS2PLACEMENT3D(#4819,#49,#146);
#4821=IFCEXTRUDEDAREASOLID(#4818,#4820,#49,2000.0000000000002);
#4822=IFCSTYLEDITEM(#4809,(#2399),$);
#4823=IFCSTYLEDITEM(#4815,(#2399),$);
#4824=IFCSTYLEDITEM(#4821,(#2399),$);
#4825=IFCSHAPEREPRESENTATION(#15,'Body','SweptSolid',(#4809,#4815,#4821));
#4826=IFCAXIS2PLACEMENT3D(#10,$,$);
#4827=IFCREPRESENTATIONMAP(#4826,#4825);
#4828=IFCDOORLININGPROPERTIES('0F0gJxCaz6DgMK0q5JiOZq',#6,'DoorV2:DoorV2:1721146',$,$,$,$,$,$,$,$,$,$,$,$,$,$);
#4829=IFCDOORPANELPROPERTIES('0F0gJxCaz6DgMK0q9JiOZq',#6,'DoorV2:DoorV2:1721146:1',$,$,.NOTDEFINED.,$,.NOTDEFINED.,$);
#4830=IFCDOORTYPE('0xEPvhYZdS1LCYL4rZleSg',#6,'DoorV2:DoorV2',$,$,(#4828,#4829),(#4827),'1721182',$,.DOOR.,.NOTDEFINED.,$,$);
#4831=IFCMAPPEDITEM(#4827,#2518);
#4832=IFCSHAPEREPRESENTATION(#15,'Body','MappedRepresentation',(#4831));
#4833=IFCPRODUCTDEFINITIONSHAPE($,$,(#4832));
#4834=IFCCARTESIANPOINT((14089.674577223966,-10553.038197492906,0.));
#4835=IFCAXIS2PLACEMENT3D(#4834,#49,#2553);
#4837=IFCDOOR('0F0gJxCaz6DgMK0q1JiOZq',#6,'DoorV2:DoorV2:1721146',$,$,#6206,#4833,'1721146',2200.0000000000023,1399.999999999987,.DOOR.,$,$);
#4838=IFCPROPERTYSET('3CSuEkFmu2sEpSIGGvNXyB',#6,'Pset_DoorCommon',$,(#403,#1425));
#4839=IFCPROPERTYSET('159is8tjQvYhLytjtYzAiQ',#6,'Pset_EnvironmentalImpactIndicators',$,(#403));
#4840=IFCRELDEFINESBYPROPERTIES('0yUQSAvz5sol2TLrNhTb1q',#6,$,$,(#4837),#4838);
#4841=IFCRELDEFINESBYPROPERTIES('1V1VN1ocRwzB0uygaf0hn1',#6,$,$,(#4837),#4839);
#4842=IFCQUANTITYLENGTH('Width','',$,1400.,$);
#4843=IFCQUANTITYLENGTH('Height','',$,2000.0000000000002,$);
#4844=IFCQUANTITYLENGTH('Perimeter','',$,1400.0000000019461,$);
#4845=IFCQUANTITYAREA('Area','',$,4.0800000000058239,$);
#4846=IFCELEMENTQUANTITY('3FdL84KowncYMpZq92s3Bg',#6,'Qto_DoorBaseQuantities',$,'BaseQuantities',(#4842,#4843,#4844,#4845));
#4847=IFCRELDEFINESBYPROPERTIES('3ZnPsJjrj8FKV$5kP0BOY0',#6,$,$,(#4837),#4846);
#4848=IFCCARTESIANPOINTLIST2D(((-250.00000000000003,-599.99999999999977),(250.00000000000003,-599.99999999999977),(250.00000000000003,599.99999999999977),(-250.00000000000003,599.99999999999977),(-250.00000000000003,-599.99999999999977)));
#4849=IFCINDEXEDPOLYCURVE(#4848,$,.F.);
#4850=IFCARBITRARYCLOSEDPROFILEDEF(.AREA.,'StoneWindows',#4849);
#4851=IFCCARTESIANPOINT((600.,250.,1100.));
#4852=IFCAXIS2PLACEMENT3D(#4851,#49,#146);
#4853=IFCEXTRUDEDAREASOLID(#4850,#4852,#49,200.);
#4854=IFCCARTESIANPOINTLIST2D(((-250.00000000000003,-599.99999999999977),(250.00000000000003,-599.99999999999977),(250.00000000000003,599.99999999999977),(-250.00000000000003,599.99999999999977),(-250.00000000000003,-599.99999999999977)));
#4855=IFCINDEXEDPOLYCURVE(#4854,$,.F.);
#4856=IFCARBITRARYCLOSEDPROFILEDEF(.AREA.,'StoneWindows',#4855);
#4857=IFCCARTESIANPOINT((600.,250.,0.));
#4858=IFCAXIS2PLACEMENT3D(#4857,#49,#146);
#4859=IFCEXTRUDEDAREASOLID(#4856,#4858,#49,165.03507693617399);
#4860=IFCCARTESIANPOINTLIST2D(((-250.00000000000003,-100.),(250.00000000000003,-100.),(250.00000000000003,100.),(-250.00000000000003,100.),(-250.00000000000003,-100.)));
#4861=IFCINDEXEDPOLYCURVE(#4860,$,.F.);
#4862=IFCARBITRARYCLOSEDPROFILEDEF(.AREA.,'StoneWindows',#4861);
#4863=IFCCARTESIANPOINT((100.,250.,165.03507693617399));
#4864=IFCAXIS2PLACEMENT3D(#4863,#49,#146);
#4865=IFCEXTRUDEDAREASOLID(#4862,#4864,#49,934.96492306382606);
#4866=IFCCARTESIANPOINTLIST2D(((-250.00000000000003,-100.),(250.00000000000003,-100.),(250.00000000000003,100.),(-250.00000000000003,100.),(-250.00000000000003,-100.)));
#4867=IFCINDEXEDPOLYCURVE(#4866,$,.F.);
#4868=IFCARBITRARYCLOSEDPROFILEDEF(.AREA.,'StoneWindows',#4867);
#4869=IFCCARTESIANPOINT((1100.,250.,165.03507693617399));
#4870=IFCAXIS2PLACEMENT3D(#4869,#49,#146);
#4871=IFCEXTRUDEDAREASOLID(#4868,#4870,#49,934.96492306382606);
#4872=IFCSTYLEDITEM(#4853,(#2506),$);
#4873=IFCSTYLEDITEM(#4859,(#2506),$);
#4874=IFCSTYLEDITEM(#4865,(#2506),$);
#4875=IFCSTYLEDITEM(#4871,(#2506),$);
#4876=IFCSHAPEREPRESENTATION(#15,'Body','SweptSolid',(#4853,#4859,#4865,#4871));
#4877=IFCAXIS2PLACEMENT3D(#10,$,$);
#4878=IFCREPRESENTATIONMAP(#4877,#4876);
#4879=IFCWINDOWLININGPROPERTIES('0F0gJxCaz6DgMK0q5JiOFl',#6,'Window1:StoneWindows:1722401',$,$,$,$,$,$,$,$,$,$,$,$,$);
#4880=IFCWINDOWTYPE('3je7tBMSz1vUoZqa6_zpM8',#6,'Window1:StoneWindows',$,$,(#4879),(#4878),'1695326',$,.WINDOW.,.NOTDEFINED.,$,$);
#4881=IFCMAPPEDITEM(#4878,#2518);
#4882=IFCSHAPEREPRESENTATION(#15,'Body','MappedRepresentation',(#4881));
#4883=IFCPRODUCTDEFINITIONSHAPE($,$,(#4882));
#4884=IFCCARTESIANPOINT((14589.674577223965,-11882.347204599371,500.));
#4885=IFCAXIS2PLACEMENT3D(#4884,#49,#146);
#4887=IFCWINDOW('0F0gJxCaz6DgMK0q1JiOFl',#6,'Window1:StoneWindows:1722401',$,$,#6228,#4883,'1722401',1299.9999999999991,1200.,.WINDOW.,.NOTDEFINED.,$);
#4888=IFCPROPERTYSET('1OAmxl$IOYr6BBFnfOqoG0',#6,'Pset_EnvironmentalImpactIndicators',$,(#1427));
#4889=IFCPROPERTYSET('2RDvtIbqdROkQdc_Wj$aBG',#6,'Pset_WindowCommon',$,(#84,#1427));
#4890=IFCRELDEFINESBYPROPERTIES('0tBNR__C13HO4OwntzRfFz',#6,$,$,(#4887),#4888);
#4891=IFCRELDEFINESBYPROPERTIES('1CUddC$CELZkz$Ncn7cF7p',#6,$,$,(#4887),#4889);
#4892=IFCQUANTITYLENGTH('Width','',$,1200.,$);
#4893=IFCQUANTITYLENGTH('Height','',$,1300.,$);
#4894=IFCQUANTITYLENGTH('Perimeter','',$,1400.,$);
#4895=IFCQUANTITYAREA('Area','',$,3.3295105230808524,$);
#4896=IFCELEMENTQUANTITY('0X3rNObvn5U7g_Qd0WzMuS',#6,'Qto_WindowBaseQuantities',$,'BaseQuantities',(#4892,#4893,#4894,#4895));
#4897=IFCRELDEFINESBYPROPERTIES('16yvGP_hOxXhWjzmmxhUSt',#6,$,$,(#4887),#4896);
#4898=IFCCARTESIANPOINT((11890.548620030942,-2536.8481672066355,-0.));
#4899=IFCDIRECTION((0.31571582075227245,-0.94885379301909256,0.));
#4900=IFCAXIS2PLACEMENT3D(#4898,#49,#4899);
#4901=IFCLOCALPLACEMENT(#32,#4900);
#4902=IFCCARTESIANPOINTLIST3D(((-2.7071678232459818E-013,-8.1215034697379459E-013,1.0828671292983927E-012),(7716.8746236492261,-1.6243006939475892E-012,1.0828671292983927E-012)));
#4903=IFCINDEXEDPOLYCURVE(#4902,$,.F.);
#4904=IFCSHAPEREPRESENTATION(#14,'Axis','Curve3D',(#4903));
#4905=IFCPRODUCTDEFINITIONSHAPE($,$,(#4904,#4931));
#4906=IFCCARTESIANPOINTLIST2D(((3.4685587735339144E-013,-250.00000000000128),(7716.874623649227,-250.00000000000111),(7711.6736397408786,250.00000000000028),(5.0759396685862157E-013,249.99999999999872),(3.4685587735339144E-013,-250.00000000000128)));
#4907=IFCINDEXEDPOLYCURVE(#4906,$,.F.);
#4908=IFCARBITRARYCLOSEDPROFILEDEF(.AREA.,$,#4907);
#4909=IFCAXIS2PLACEMENT3D(#10,$,$);
#4910=IFCEXTRUDEDAREASOLID(#4908,#4909,#49,5081.1371277921808);
#4911=IFCSTYLEDITEM(#4910,(#64),$);
#4912=IFCCOLOURRGBLIST(((1.,0.65098039215686276,0.82352941176470584)));
#4913=IFCINDEXEDPOLYGONALFACEWITHVOIDS((1,2,3,4,5,6,7,8),((9,10,11,12)));
#4914=IFCINDEXEDPOLYGONALFACEWITHVOIDS((13,14,15,16,17,18,19,20),((21,22,23,24)));
#4915=IFCINDEXEDPOLYGONALFACE((15,14,2,1));
#4916=IFCINDEXEDPOLYGONALFACE((8,7,17,16));
#4917=IFCINDEXEDPOLYGONALFACE((1,8,16,15));
#4918=IFCINDEXEDPOLYGONALFACE((6,18,17,7));
#4919=IFCINDEXEDPOLYGONALFACE((3,2,14,13));
#4920=IFCINDEXEDPOLYGONALFACE((4,3,13,20));
#4921=IFCINDEXEDPOLYGONALFACE((5,4,20,19));
#4922=IFCINDEXEDPOLYGONALFACE((22,21,9,12));
#4923=IFCINDEXEDPOLYGONALFACE((23,22,12,11));
#4924=IFCINDEXEDPOLYGONALFACE((24,23,11,10));
#4925=IFCINDEXEDPOLYGONALFACE((21,24,10,9));
#4926=IFCINDEXEDPOLYGONALFACE((19,18,6,5));
#4927=IFCCARTESIANPOINTLIST3D(((0.,-250.00000000000287,1.0828671292983927E-012),(4700.0000000000055,-250.00000000000244,1.0828671292983927E-012),(4700.0000000000055,-250.00000000000244,2200.0000000000023),(6099.9999999999918,-249.99999999999892,2200.0000000000023),(6099.9999999999918,-249.99999999999892,1.0828671292983927E-012),(7716.8746236492261,-250.00000000000111,1.0828671292983927E-012),(7716.8746236492261,-250.00000000000111,5081.1371277921808),(0.,-250.00000000000287,5081.1371277921808),(2100.0000000000023,-250.00000000000273,570.38044307772441),(900.00000000000273,-250.00000000000205,570.38044307772441),(900.00000000000273,-250.00000000000205,2070.3804430777236),(2100.0000000000023,-250.00000000000273,2070.3804430777236),(4700.0000000000018,249.99999999999974,2200.0000000000023),(4700.0000000000018,249.99999999999974,1.0828671292983927E-012),(0.,249.99999999999852,1.0828671292983927E-012),(0.,249.99999999999852,5081.1371277921808),(7711.6736397408786,249.99999999999892,5081.1371277921808),(7711.6736397408786,249.99999999999838,1.0828671292983927E-012),(6099.9999999999909,249.99999999999784,1.0828671292983927E-012),(6099.9999999999882,249.99999999999892,2200.0000000000023),(2100.0000000000023,249.99999999999866,570.38044307772441),(2100.0000000000023,249.99999999999866,2070.3804430777236),(900.0000000000033,249.99999999999935,2070.3804430777236),(900.0000000000033,249.99999999999935,570.38044307772441)));
#4928=IFCPOLYGONALFACESET(#4927,.T.,(#4913,#4914,#4915,#4916,#4917,#4918,#4919,#4920,#4921,#4922,#4923,#4924,#4925,#4926),$);
#4929=IFCINDEXEDCOLOURMAP(#4928,1.,#4912,(1,1,1,1,1,1,1,1,1,1,1,1,1,1));
#4930=IFCSTYLEDITEM(#4928,(#64),$);
#4931=IFCSHAPEREPRESENTATION(#15,'Body','Tessellation',(#4928));
#4932=IFCWALL('0F0gJxCaz6DgMK0q1JiO7L',#6,'Basic Wall:Castelnuovo_typeA:1722907',$,$,#4901,#4905,'1722907',.NOTDEFINED.);
#4933=IFCQUANTITYLENGTH('Height',$,$,5081.1371277921808,$);
#4934=IFCQUANTITYLENGTH('Length',$,$,7716.874623649227,$);
#4935=IFCQUANTITYLENGTH('Width',$,$,500.00000000000006,$);
#4936=IFCQUANTITYAREA('GrossFootprintArea',$,$,3.8571370658475317,$);
#4937=IFCQUANTITYVOLUME('GrossVolume',$,$,18.065249080370712,$);
#4938=IFCQUANTITYAREA('GrossSideArea',$,$,18.065249080370712,$);
#4939=IFCQUANTITYAREA('NetSideArea',$,$,34.330498160741399,$);
#4940=IFCQUANTITYVOLUME('NetVolume',$,$,17.158642352261282,$);
#4941=IFCELEMENTQUANTITY('2oGq7DiMlju9HauXVPHDcl',#6,'Qto_WallBaseQuantities',$,'BaseQuantities',(#4933,#4934,#4935,#4936,#4937,#4938,#4939,#4940));
#4942=IFCRELDEFINESBYPROPERTIES('1ely5thZD5nm65bNolQdcI',#6,$,$,(#4932),#4941);
#4943=IFCPROPERTYSET('2Y08YA0nwTtw8GB981pEM9',#6,'Pset_EnvironmentalImpactIndicators',$,(#80));
#4944=IFCPROPERTYSINGLEVALUE('Reference',$,IFCLABEL('Castelnuovo_typeA'),$);
#4945=IFCPROPERTYSET('1Tdaooux$RD1GImfHbU9Zg',#6,'Pset_ReinforcementBarPitchOfWall',$,(#4944));
#4946=IFCPROPERTYSET('2Mg$OV72QhCRGzQrGeghOo',#6,'Pset_WallCommon',$,(#80,#84,#85,#140));
#4947=IFCRELDEFINESBYPROPERTIES('1uo120Ha20h5DlZoLWIi_2',#6,$,$,(#4932),#4943);
#4948=IFCRELDEFINESBYPROPERTIES('0A707ctjWJqAqSA3K6Qiaj',#6,$,$,(#4932),#4945);
#4949=IFCRELDEFINESBYPROPERTIES('2jw9_BW4zFHicDzvJeU$5Z',#6,$,$,(#4932),#4946);
#4950=IFCMAPPEDITEM(#4827,#2518);
#4951=IFCSHAPEREPRESENTATION(#15,'Body','MappedRepresentation',(#4950));
#4952=IFCPRODUCTDEFINITIONSHAPE($,$,(#4951));
#4953=IFCCARTESIANPOINT((13137.199529311854,-7075.3899495844416,0.));
#4954=IFCDIRECTION((0.31571582075227245,-0.94885379301909256,0.));
#4955=IFCAXIS2PLACEMENT3D(#4953,#49,#4954);
#4957=IFCDOOR('0F0gJxCaz6DgMK0q1JiO6j',#6,'DoorV2:DoorV2:1722979',$,$,#6536,#4952,'1722979',2200.0000000000023,1399.9999999999873,.DOOR.,$,$);
#4958=IFCPROPERTYSET('0O9ZNST7PV0UPZ$eBPnbqo',#6,'Pset_DoorCommon',$,(#403,#1425));
#4959=IFCPROPERTYSET('29vq8xXKJ5Zy$1o_fT8jPH',#6,'Pset_EnvironmentalImpactIndicators',$,(#403));
#4960=IFCRELDEFINESBYPROPERTIES('070IasSsAyaXddEvWkKwGz',#6,$,$,(#4957),#4958);
#4961=IFCRELDEFINESBYPROPERTIES('1hBNH6kFSVEQe4wMe7feIW',#6,$,$,(#4957),#4959);
#4962=IFCQUANTITYLENGTH('Width','',$,1400.,$);
#4963=IFCQUANTITYLENGTH('Height','',$,2000.0000000000002,$);
#4964=IFCQUANTITYLENGTH('Perimeter','',$,1400.0000000019461,$);
#4965=IFCQUANTITYAREA('Area','',$,4.0800000000058239,$);
#4966=IFCELEMENTQUANTITY('38QlF0sifCiQWTbHvnXe8V',#6,'Qto_DoorBaseQuantities',$,'BaseQuantities',(#4962,#4963,#4964,#4965));
#4967=IFCRELDEFINESBYPROPERTIES('2D4AlI9FY_mw29quBdPK7J',#6,$,$,(#4957),#4966);
#4968=IFCCARTESIANPOINTLIST2D(((-250.00000000000003,-599.99999999999977),(250.00000000000003,-599.99999999999977),(250.00000000000003,599.99999999999977),(-250.00000000000003,599.99999999999977),(-250.00000000000003,-599.99999999999977)));
#4969=IFCINDEXEDPOLYCURVE(#4968,$,.F.);
#4970=IFCARBITRARYCLOSEDPROFILEDEF(.AREA.,'BrickWindow',#4969);
#4971=IFCCARTESIANPOINT((600.,250.,1300.));
#4972=IFCAXIS2PLACEMENT3D(#4971,#49,#146);
#4973=IFCEXTRUDEDAREASOLID(#4970,#4972,#49,200.);
#4974=IFCCARTESIANPOINTLIST2D(((-250.00000000000003,-599.99999999999977),(250.00000000000003,-599.99999999999977),(250.00000000000003,599.99999999999977),(-250.00000000000003,599.99999999999977),(-250.00000000000003,-599.99999999999977)));
#4975=IFCINDEXEDPOLYCURVE(#4974,$,.F.);
#4976=IFCARBITRARYCLOSEDPROFILEDEF(.AREA.,'BrickWindow',#4975);
#4977=IFCCARTESIANPOINT((600.,250.,0.));
#4978=IFCAXIS2PLACEMENT3D(#4977,#49,#146);
#4979=IFCEXTRUDEDAREASOLID(#4976,#4978,#49,165.03507693617399);
#4980=IFCCARTESIANPOINTLIST2D(((-250.00000000000003,-100.),(250.00000000000003,-100.),(250.00000000000003,100.),(-250.00000000000003,100.),(-250.00000000000003,-100.)));
#4981=IFCINDEXEDPOLYCURVE(#4980,$,.F.);
#4982=IFCARBITRARYCLOSEDPROFILEDEF(.AREA.,'BrickWindow',#4981);
#4983=IFCCARTESIANPOINT((100.,250.,165.03507693617399));
#4984=IFCAXIS2PLACEMENT3D(#4983,#49,#146);
#4985=IFCEXTRUDEDAREASOLID(#4982,#4984,#49,1134.9649230638261);
#4986=IFCCARTESIANPOINTLIST2D(((-250.00000000000003,-100.),(250.00000000000003,-100.),(250.00000000000003,100.),(-250.00000000000003,100.),(-250.00000000000003,-100.)));
#4987=IFCINDEXEDPOLYCURVE(#4986,$,.F.);
#4988=IFCARBITRARYCLOSEDPROFILEDEF(.AREA.,'BrickWindow',#4987);
#4989=IFCCARTESIANPOINT((1100.,250.,165.03507693617399));
#4990=IFCAXIS2PLACEMENT3D(#4989,#49,#146);
#4991=IFCEXTRUDEDAREASOLID(#4988,#4990,#49,1134.9649230638261);
#4992=IFCSTYLEDITEM(#4973,(#2506),$);
#4993=IFCSTYLEDITEM(#4979,(#2506),$);
#4994=IFCSTYLEDITEM(#4985,(#2506),$);
#4995=IFCSTYLEDITEM(#4991,(#2506),$);
#4996=IFCSHAPEREPRESENTATION(#15,'Body','SweptSolid',(#4973,#4979,#4985,#4991));
#4997=IFCAXIS2PLACEMENT3D(#10,$,$);
#4998=IFCREPRESENTATIONMAP(#4997,#4996);
#4999=IFCWINDOWLININGPROPERTIES('0F0gJxCaz6DgMK0q5JiO31',#6,'Window1:BrickWindow:1723151',$,$,$,$,$,$,$,$,$,$,$,$,$);
#5000=IFCWINDOWTYPE('0W$cu1J1HVr7g_pcFyPRyd',#6,'Window1:BrickWindow',$,$,(#4999),(#4998),'1778279',$,.WINDOW.,.NOTDEFINED.,$,$);
#5001=IFCMAPPEDITEM(#4998,#2518);
#5002=IFCSHAPEREPRESENTATION(#15,'Body','MappedRepresentation',(#5001));
#5003=IFCPRODUCTDEFINITIONSHAPE($,$,(#5002));
#5004=IFCCARTESIANPOINT((12790.765291865488,-4450.5121773586652,570.38044307772225));
#5005=IFCDIRECTION((-0.31571582075227245,0.94885379301909256,0.));
#5006=IFCAXIS2PLACEMENT3D(#5004,#49,#5005);
#5008=IFCWINDOW('0F0gJxCaz6DgMK0q1JiO31',#6,'Window1:BrickWindow:1723151',$,$,#6558,#5003,'1723151',1500.,1199.9999999999993,.WINDOW.,.NOTDEFINED.,$);
#5009=IFCPROPERTYSET('0I5p6jBavWS2RRDT6O_BOw',#6,'Pset_EnvironmentalImpactIndicators',$,(#1148));
#5010=IFCPROPERTYSET('3g5EP4LjY7Po2Y7ZGaK8nd',#6,'Pset_WindowCommon',$,(#84,#1148));
#5011=IFCRELDEFINESBYPROPERTIES('2cVsTqly9WzD14t7XCmLv8',#6,$,$,(#5008),#5009);
#5012=IFCRELDEFINESBYPROPERTIES('2jCA7hd63jnd8BXhdp61CH',#6,$,$,(#5008),#5010);
#5013=IFCQUANTITYLENGTH('Width','',$,1200.,$);
#5014=IFCQUANTITYLENGTH('Height','',$,1500.,$);
#5015=IFCQUANTITYLENGTH('Perimeter','',$,1400.,$);
#5016=IFCQUANTITYAREA('Area','',$,3.6095105230808526,$);
#5017=IFCELEMENTQUANTITY('2iqw4KbbBuVci8zhvLHmt0',#6,'Qto_WindowBaseQuantities',$,'BaseQuantities',(#5013,#5014,#5015,#5016));
#5018=IFCRELDEFINESBYPROPERTIES('0P94NFB9F6POXWsx5gfjji',#6,$,$,(#5008),#5017);
#5019=IFCCARTESIANPOINTLIST2D(((-250.00000000048493,-700.00000000000659),(250.00000000048493,-700.00000000000659),(250.00000000048493,700.00000000000659),(-250.00000000048493,700.00000000000659),(-250.00000000048493,-700.00000000000659)));
#5020=IFCINDEXEDPOLYCURVE(#5019,$,.F.);
#5021=IFCARBITRARYCLOSEDPROFILEDEF(.AREA.,'DoorV2',#5020);
#5022=IFCCARTESIANPOINT((700.,250.,2000.));
#5023=IFCAXIS2PLACEMENT3D(#5022,#49,#146);
#5024=IFCEXTRUDEDAREASOLID(#5021,#5023,#49,200.);
#5025=IFCCARTESIANPOINTLIST2D(((-250.00000000048493,-99.999999999998252),(250.00000000048493,-99.999999999998252),(250.00000000048493,99.999999999998309),(-250.00000000048493,99.999999999998309),(-250.00000000048493,-99.999999999998252)));
#5026=IFCINDEXEDPOLYCURVE(#5025,$,.F.);
#5027=IFCARBITRARYCLOSEDPROFILEDEF(.AREA.,'DoorV2',#5026);
#5028=IFCCARTESIANPOINT((1300.,250.,0.));
#5029=IFCAXIS2PLACEMENT3D(#5028,#49,#146);
#5030=IFCEXTRUDEDAREASOLID(#5027,#5029,#49,1999.9999999999959);
#5031=IFCCARTESIANPOINTLIST2D(((-250.00000000048493,-100.00000000000156),(250.00000000048493,-100.00000000000156),(250.00000000048493,100.00000000000149),(-250.00000000048493,100.00000000000149),(-250.00000000048493,-100.00000000000156)));
#5032=IFCINDEXEDPOLYCURVE(#5031,$,.F.);
#5033=IFCARBITRARYCLOSEDPROFILEDEF(.AREA.,'DoorV2',#5032);
#5034=IFCCARTESIANPOINT((100.,250.,0.));
#5035=IFCAXIS2PLACEMENT3D(#5034,#49,#146);
#5036=IFCEXTRUDEDAREASOLID(#5033,#5035,#49,2000.0000000000002);
#5037=IFCSTYLEDITEM(#5024,(#2399),$);
#5038=IFCSTYLEDITEM(#5030,(#2399),$);
#5039=IFCSTYLEDITEM(#5036,(#2399),$);
#5040=IFCSHAPEREPRESENTATION(#15,'Body','SweptSolid',(#5024,#5030,#5036));
#5041=IFCAXIS2PLACEMENT3D(#10,$,$);
#5042=IFCREPRESENTATIONMAP(#5041,#5040);
#5043=IFCDOORLININGPROPERTIES('0F0gJxCaz6DgMK0q5JiOR2',#6,'DoorV2:DoorV2:1723660',$,$,$,$,$,$,$,$,$,$,$,$,$,$);
#5044=IFCDOORPANELPROPERTIES('0F0gJxCaz6DgMK0q9JiOR2',#6,'DoorV2:DoorV2:1723660:1',$,$,.NOTDEFINED.,$,.NOTDEFINED.,$);
#5045=IFCDOORTYPE('17$bMY4lx9OUOM1U5roG7h',#6,'DoorV2:DoorV2',$,$,(#5043,#5044),(#5042),'1721182',$,.DOOR.,.NOTDEFINED.,$,$);
#5046=IFCMAPPEDITEM(#5042,#2518);
#5047=IFCSHAPEREPRESENTATION(#15,'Body','MappedRepresentation',(#5046));
#5048=IFCPRODUCTDEFINITIONSHAPE($,$,(#5047));
#5049=IFCCARTESIANPOINT((6843.4875097115246,6353.2938349560927,0.));
#5050=IFCDIRECTION((0.47236892736765773,-0.88140092832803885,0.));
#5051=IFCAXIS2PLACEMENT3D(#5049,#49,#5050);
#5053=IFCDOOR('0F0gJxCaz6DgMK0q1JiOR2',#6,'DoorV2:DoorV2:1723660',$,$,#6470,#5048,'1723660',2200.0000000000023,1399.9999999999891,.DOOR.,$,$);
#5054=IFCPROPERTYSET('1nPiClX16ww6oF004BZDPC',#6,'Pset_DoorCommon',$,(#403,#1425));
#5055=IFCPROPERTYSET('3KFLhjOHde7knmN62Ns3JZ',#6,'Pset_EnvironmentalImpactIndicators',$,(#403));
#5056=IFCRELDEFINESBYPROPERTIES('1YNCyA6VxoqudiaGeme8kB',#6,$,$,(#5053),#5054);
#5057=IFCRELDEFINESBYPROPERTIES('3sKOo2IY2CO0N5He6E7iBF',#6,$,$,(#5053),#5055);
#5058=IFCQUANTITYLENGTH('Width','',$,1400.,$);
#5059=IFCQUANTITYLENGTH('Height','',$,2000.0000000000002,$);
#5060=IFCQUANTITYLENGTH('Perimeter','',$,1400.0000000019461,$);
#5061=IFCQUANTITYAREA('Area','',$,4.0800000000058239,$);
#5062=IFCELEMENTQUANTITY('23wFZcdDNH0pj$YNX_knyo',#6,'Qto_DoorBaseQuantities',$,'BaseQuantities',(#5058,#5059,#5060,#5061));
#5063=IFCRELDEFINESBYPROPERTIES('0gtw8FkaSETOInLYLp$Tss',#6,$,$,(#5053),#5062);
#5064=IFCCARTESIANPOINTLIST2D(((-250.00000000048493,-700.00000000000659),(250.00000000048493,-700.00000000000659),(250.00000000048493,700.00000000000659),(-250.00000000048493,700.00000000000659),(-250.00000000048493,-700.00000000000659)));
#5065=IFCINDEXEDPOLYCURVE(#5064,$,.F.);
#5066=IFCARBITRARYCLOSEDPROFILEDEF(.AREA.,'DoorV2',#5065);
#5067=IFCCARTESIANPOINT((700.,250.,2000.));
#5068=IFCAXIS2PLACEMENT3D(#5067,#49,#146);
#5069=IFCEXTRUDEDAREASOLID(#5066,#5068,#49,200.);
#5070=IFCCARTESIANPOINTLIST2D(((-250.00000000048493,-99.999999999998252),(250.00000000048493,-99.999999999998252),(250.00000000048493,99.999999999998309),(-250.00000000048493,99.999999999998309),(-250.00000000048493,-99.999999999998252)));
#5071=IFCINDEXEDPOLYCURVE(#5070,$,.F.);
#5072=IFCARBITRARYCLOSEDPROFILEDEF(.AREA.,'DoorV2',#5071);
#5073=IFCCARTESIANPOINT((1300.,250.,0.));
#5074=IFCAXIS2PLACEMENT3D(#5073,#49,#146);
#5075=IFCEXTRUDEDAREASOLID(#5072,#5074,#49,1999.9999999999959);
#5076=IFCCARTESIANPOINTLIST2D(((-250.00000000048493,-100.00000000000156),(250.00000000048493,-100.00000000000156),(250.00000000048493,100.00000000000149),(-250.00000000048493,100.00000000000149),(-250.00000000048493,-100.00000000000156)));
#5077=IFCINDEXEDPOLYCURVE(#5076,$,.F.);
#5078=IFCARBITRARYCLOSEDPROFILEDEF(.AREA.,'DoorV2',#5077);
#5079=IFCCARTESIANPOINT((100.,250.,0.));
#5080=IFCAXIS2PLACEMENT3D(#5079,#49,#146);
#5081=IFCEXTRUDEDAREASOLID(#5078,#5080,#49,2000.0000000000002);
#5082=IFCSTYLEDITEM(#5069,(#2399),$);
#5083=IFCSTYLEDITEM(#5075,(#2399),$);
#5084=IFCSTYLEDITEM(#5081,(#2399),$);
#5085=IFCSHAPEREPRESENTATION(#15,'Body','SweptSolid',(#5069,#5075,#5081));
#5086=IFCAXIS2PLACEMENT3D(#10,$,$);
#5087=IFCREPRESENTATIONMAP(#5086,#5085);
#5088=IFCDOORLININGPROPERTIES('0F0gJxCaz6DgMK0q5JiON_',#6,'DoorV2:DoorV2:1723952',$,$,$,$,$,$,$,$,$,$,$,$,$,$);
#5089=IFCDOORPANELPROPERTIES('0F0gJxCaz6DgMK0q9JiON_',#6,'DoorV2:DoorV2:1723952:1',$,$,.NOTDEFINED.,$,.NOTDEFINED.,$);
#5090=IFCDOORTYPE('0x5QxSEXM5nn9$oEVTYKwQ',#6,'DoorV2:DoorV2',$,$,(#5088,#5089),(#5087),'1721182',$,.DOOR.,.NOTDEFINED.,$,$);
#5091=IFCMAPPEDITEM(#5087,#2518);
#5092=IFCSHAPEREPRESENTATION(#15,'Body','MappedRepresentation',(#5091));
#5093=IFCPRODUCTDEFINITIONSHAPE($,$,(#5092));
#5094=IFCCARTESIANPOINT((14286.657721420255,7732.8275863287708,-1200.));
#5095=IFCDIRECTION((-0.4723689273676574,0.88140092832803896,0.));
#5096=IFCAXIS2PLACEMENT3D(#5094,#49,#5095);
#5098=IFCDOOR('0F0gJxCaz6DgMK0q1JiON_',#6,'DoorV2:DoorV2:1723952',$,$,#6316,#5093,'1723952',2200.0000000000018,1399.9999999999879,.DOOR.,$,$);
#5099=IFCPROPERTYSET('1CHskibxj49CM8ZFWspD4Z',#6,'Pset_DoorCommon',$,(#403,#1425));
#5100=IFCPROPERTYSET('3AxBZv9Px53kxIhLW59BW1',#6,'Pset_EnvironmentalImpactIndicators',$,(#403));
#5101=IFCRELDEFINESBYPROPERTIES('27MvfvpyzCOot$Yltebt2I',#6,$,$,(#5098),#5099);
#5102=IFCRELDEFINESBYPROPERTIES('1xS4FbMdXd8FCYyi2IoscE',#6,$,$,(#5098),#5100);
#5103=IFCQUANTITYLENGTH('Width','',$,1400.,$);
#5104=IFCQUANTITYLENGTH('Height','',$,2000.0000000000002,$);
#5105=IFCQUANTITYLENGTH('Perimeter','',$,1400.0000000019461,$);
#5106=IFCQUANTITYAREA('Area','',$,4.0800000000058239,$);
#5107=IFCELEMENTQUANTITY('39bB3oNhcbRMiyDiIBtMgV',#6,'Qto_DoorBaseQuantities',$,'BaseQuantities',(#5103,#5104,#5105,#5106));
#5108=IFCRELDEFINESBYPROPERTIES('0CcF2dlUYnZ5ytdjcc0dv6',#6,$,$,(#5098),#5107);
#5109=IFCCARTESIANPOINT((8332.8527718451151,2488.6889482118872,0.));
#5110=IFCAXIS2PLACEMENT3D(#5109,#49,#146);
#5111=IFCLOCALPLACEMENT(#32,#5110);
#5112=IFCPRODUCTDEFINITIONSHAPE($,$,(#5124));
#5113=IFCCOLOURRGBLIST(((0.92549019607843142,0.67843137254901964,0.30980392156862746)));
#5114=IFCINDEXEDPOLYGONALFACE((1,2,3,4));
#5115=IFCINDEXEDPOLYGONALFACE((1,4,5,6));
#5116=IFCINDEXEDPOLYGONALFACE((4,3,7,5));
#5117=IFCINDEXEDPOLYGONALFACE((3,2,8,7));
#5118=IFCINDEXEDPOLYGONALFACE((2,1,6,8));
#5119=IFCINDEXEDPOLYGONALFACE((6,5,7,8));
#5120=IFCCARTESIANPOINTLIST3D(((1318.7278540445782,-435.04593795345136,0.),(178.28613948573775,-1046.2425139014595,0.),(1.3642420526593924E-012,-581.79124154069723,0.),(1085.5738188468272,0.,0.),(1085.5738188468258,0.,2197.0407575460422),(1318.7278540445773,-435.04593795345136,2217.1082927981433),(1.3642420526593924E-012,-581.79124154069723,1799.9999999998317),(178.28613948573775,-1046.2425139014595,1799.9999999998317)));
#5121=IFCPOLYGONALFACESET(#5120,.T.,(#5114,#5115,#5116,#5117,#5118,#5119),$);
#5122=IFCINDEXEDCOLOURMAP(#5121,1.,#5113,(1,1,1,1,1,1));
#5123=IFCSTYLEDITEM(#5121,(#1792),$);
#5124=IFCSHAPEREPRESENTATION(#15,'Body','Tessellation',(#5121));
#5125=IFCWALL('0QfxonMDT2A8cO_M93$yye',#6,'Castelnuovo9:Castelnuovo9:1726864',$,$,#5111,#5112,'1726864',.NOTDEFINED.);
#5126=IFCWALLTYPE('0QfxonMDT2A8cO_M93$yys',#6,'Castelnuovo9:Castelnuovo9',$,$,$,$,'1726862',$,.NOTDEFINED.);
#5127=IFCPROPERTYSINGLEVALUE('Reference',$,IFCIDENTIFIER('Castelnuovo9'),$);
#5128=IFCPROPERTYSET('01k29973YxBIXK6tINeHPD',#6,'Pset_EnvironmentalImpactIndicators',$,(#5127));
#5129=IFCPROPERTYSINGLEVALUE('Reference',$,IFCLABEL('Castelnuovo9'),$);
#5130=IFCPROPERTYSET('2Ufv6AVd7jPoZskHpV0mO5',#6,'Pset_ReinforcementBarPitchOfWall',$,(#5129));
#5131=IFCPROPERTYSET('20k8bW8hMUpYqwlZ8lhw_9',#6,'Pset_WallCommon',$,(#1425,#5127));
#5132=IFCRELDEFINESBYPROPERTIES('0inTcl3bEELNbgFwINgxwK',#6,$,$,(#5125),#5128);
#5133=IFCRELDEFINESBYPROPERTIES('24NQuw6QUqC8haFPfGOusW',#6,$,$,(#5125),#5130);
#5134=IFCRELDEFINESBYPROPERTIES('02deSPdrnjd3gVY5K_WA2X',#6,$,$,(#5125),#5131);
#5135=IFCQUANTITYVOLUME('NetVolume','',$,1.2487993515384441,$);
#5136=IFCELEMENTQUANTITY('0iY$zgPlPSP1f_W8_p6wY9',#6,'Qto_WallBaseQuantities',$,'BaseQuantities',(#5135));
#5137=IFCRELDEFINESBYPROPERTIES('180dYzATEgJ9s0xi8K8H0Q',#6,$,$,(#5125),#5136);
#5138=IFCCARTESIANPOINT((10977.055556829237,3572.3094706099023,0.));
#5139=IFCAXIS2PLACEMENT3D(#5138,#49,#146);
#5140=IFCLOCALPLACEMENT(#32,#5139);
#5141=IFCPRODUCTDEFINITIONSHAPE($,$,(#5172));
#5142=IFCCOLOURRGBLIST(((0.92549019607843142,0.67843137254901964,0.30980392156862746)));
#5143=IFCINDEXEDPOLYGONALFACE((1,2,3,4));
#5144=IFCINDEXEDPOLYGONALFACE((1,4,5,6));
#5145=IFCINDEXEDPOLYGONALFACEWITHVOIDS((4,3,7,5),((8,9,10,11)));
#5146=IFCINDEXEDPOLYGONALFACE((3,2,12,7));
#5147=IFCINDEXEDPOLYGONALFACEWITHVOIDS((2,1,6,12),((13,14,15,16)));
#5148=IFCINDEXEDPOLYGONALFACE((6,5,7,12));
#5149=IFCINDEXEDPOLYGONALFACE((9,8,14,13));
#5150=IFCINDEXEDPOLYGONALFACE((8,11,15,14));
#5151=IFCINDEXEDPOLYGONALFACE((11,10,16,15));
#5152=IFCINDEXEDPOLYGONALFACE((10,9,13,16));
#5153=IFCCARTESIANPOINTLIST3D(((1652.2141137495332,-435.04593795344954,0.),(178.28613948573729,-1224.9677020941945,0.),(4.5474735088646412E-013,-760.51642973342678,0.),(1419.0600785517813,0.,0.),(1419.0600785517813,0.,2319.010940398427),(1652.2141137495332,-435.04593795344954,2339.0784756505263),(4.5474735088646412E-013,-760.51642973342678,1799.9999999998317),(1121.3454270703919,-159.55412124272516,1582.1481293567495),(328.08459157515654,-584.68615587361637,1582.1481293567495),(328.08459157515654,-584.68615587361637,665.03507693617667),(1121.3454270703937,-159.55412124272334,665.03507693618212),(178.28613948573729,-1224.9677020941945,1799.9999999998317),(561.23862677290845,-1019.7320938270641,1582.1481293567513),(1354.4994622681438,-594.60005919617288,1582.1481293567495),(1354.4994622681456,-594.60005919617288,665.03507693618212),(561.23862677290936,-1019.7320938270641,665.03507693617667)));
#5154=IFCPOLYGONALFACESET(#5153,.T.,(#5143,#5144,#5145,#5146,#5147,#5148,#5149,#5150,#5151,#5152),$);
#5155=IFCINDEXEDCOLOURMAP(#5154,1.,#5142,(1,1,1,1,1,1,1,1,1,1));
#5156=IFCSTYLEDITEM(#5154,(#1792),$);
#5157=IFCCOLOURRGBLIST(((0.57647058823529407,0.55686274509803924,0.88235294117647056)));
#5158=IFCINDEXEDPOLYGONALFACEWITHVOIDS((1,2,3,4),((5,6,7,8)));
#5159=IFCINDEXEDPOLYGONALFACEWITHVOIDS((9,10,11,12),((13,14,15,16)));
#5160=IFCINDEXEDPOLYGONALFACE((2,1,9,12));
#5161=IFCINDEXEDPOLYGONALFACE((3,2,12,11));
#5162=IFCINDEXEDPOLYGONALFACE((4,3,11,10));
#5163=IFCINDEXEDPOLYGONALFACE((1,4,10,9));
#5164=IFCINDEXEDPOLYGONALFACE((6,5,13,16));
#5165=IFCINDEXEDPOLYGONALFACE((7,6,16,15));
#5166=IFCINDEXEDPOLYGONALFACE((8,7,15,14));
#5167=IFCINDEXEDPOLYGONALFACE((5,8,14,13));
#5168=IFCCARTESIANPOINTLIST3D(((1354.4994622681447,-594.6000591961747,665.03507693618212),(1354.4994622681447,-594.6000591961747,1582.1481293567495),(561.23862677291118,-1019.7320938270659,1582.1481293567495),(561.23862677291027,-1019.7320938270659,665.03507693617848),(1178.219276602536,-689.07384466970689,865.0350769361803),(737.51881243851903,-925.25830835353372,865.0350769361803),(737.51881243851903,-925.25830835353372,1382.1481293567495),(1178.219276602536,-689.07384466970689,1382.1481293567495),(1121.3454270703928,-159.55412124272516,665.03507693618212),(328.0845915751579,-584.68615587361637,665.03507693617848),(328.08459157515836,-584.68615587361637,1582.1481293567495),(1121.345427070391,-159.55412124272516,1582.1481293567495),(945.06524140478405,-254.02790671625735,865.0350769361803),(945.06524140478405,-254.02790671625735,1382.1481293567495),(504.36477724076622,-490.21237040008418,1382.1481293567495),(504.36477724076667,-490.21237040008418,865.0350769361803)));
#5169=IFCPOLYGONALFACESET(#5168,.T.,(#5158,#5159,#5160,#5161,#5162,#5163,#5164,#5165,#5166,#5167),$);
#5170=IFCINDEXEDCOLOURMAP(#5169,1.,#5157,(1,1,1,1,1,1,1,1,1,1));
#5171=IFCSTYLEDITEM(#5169,(#2506),$);
#5172=IFCSHAPEREPRESENTATION(#15,'Body','Tessellation',(#5154,#5169));
#5173=IFCWALL('0QfxonMDT2A8cO_M93$yp8',#6,'Castelnuovo10:Castelnuovo10:1727088',$,$,#5140,#5141,'1727088',.NOTDEFINED.);
#5174=IFCWALLTYPE('0QfxonMDT2A8cO_M93$ypM',#6,'Castelnuovo10:Castelnuovo10',$,$,$,$,'1727086',$,.NOTDEFINED.);
#5175=IFCPROPERTYSINGLEVALUE('Reference',$,IFCIDENTIFIER('Castelnuovo10'),$);
#5176=IFCPROPERTYSET('1Cn5dizxRGmZ46S7cDbRU9',#6,'Pset_EnvironmentalImpactIndicators',$,(#5175));
#5177=IFCPROPERTYSINGLEVALUE('Reference',$,IFCLABEL('Castelnuovo10'),$);
#5178=IFCPROPERTYSET('268oHR3CIV7xe7R7YCjenI',#6,'Pset_ReinforcementBarPitchOfWall',$,(#5177));
#5179=IFCPROPERTYSET('2FbCW_7muw2Vulm8W3h_MW',#6,'Pset_WallCommon',$,(#1425,#5175));
#5180=IFCRELDEFINESBYPROPERTIES('1cK09Kq_sUTmWbebDC7J7g',#6,$,$,(#5173),#5176);
#5181=IFCRELDEFINESBYPROPERTIES('2l6LqFClVwOVcfej8rLhwJ',#6,$,$,(#5173),#5178);
#5182=IFCRELDEFINESBYPROPERTIES('3RkdxSvrXoenb0Eug0RY8Z',#6,$,$,(#5173),#5179);
#5183=IFCQUANTITYVOLUME('NetVolume','',$,1.5447452720540089,$);
#5184=IFCELEMENTQUANTITY('2lsTzNNNdt8Lp8hBnmdcyw',#6,'Qto_WallBaseQuantities',$,'BaseQuantities',(#5183));
#5185=IFCRELDEFINESBYPROPERTIES('1QHPUMIWQltirxaO_mWnno',#6,$,$,(#5173),#5184);
#5186=IFCCARTESIANPOINTLIST2D(((-257.81600664200471,-700.00000000000659),(257.81600664200454,-700.00000000000659),(257.81600664200471,700.00000000000659),(-257.81600664200454,700.00000000000659),(-257.81600664200471,-700.00000000000659)));
#5187=IFCINDEXEDPOLYCURVE(#5186,$,.F.);
#5188=IFCARBITRARYCLOSEDPROFILEDEF(.AREA.,'DoorV2',#5187);
#5189=IFCCARTESIANPOINT((-0.,0.,2000.));
#5190=IFCAXIS2PLACEMENT3D(#5189,#49,#146);
#5191=IFCEXTRUDEDAREASOLID(#5188,#5190,#49,200.);
#5192=IFCCARTESIANPOINTLIST2D(((-257.81600664200465,-99.999999999998252),(257.8160066420046,-99.999999999998252),(257.81600664200465,99.999999999998309),(-257.8160066420046,99.99999999999838),(-257.81600664200465,-99.999999999998252)));
#5193=IFCINDEXEDPOLYCURVE(#5192,$,.F.);
#5194=IFCARBITRARYCLOSEDPROFILEDEF(.AREA.,'DoorV2',#5193);
#5195=IFCCARTESIANPOINT((600.,0.,0.));
#5196=IFCAXIS2PLACEMENT3D(#5195,#49,#146);
#5197=IFCEXTRUDEDAREASOLID(#5194,#5196,#49,1999.9999999999959);
#5198=IFCCARTESIANPOINTLIST2D(((-257.81600664200465,-100.00000000000153),(257.81600664200465,-100.00000000000153),(257.81600664200465,100.00000000000153),(-257.81600664200465,100.00000000000146),(-257.81600664200465,-100.00000000000153)));
#5199=IFCINDEXEDPOLYCURVE(#5198,$,.F.);
#5200=IFCARBITRARYCLOSEDPROFILEDEF(.AREA.,'DoorV2',#5199);
#5201=IFCCARTESIANPOINT((-600.,0.,0.));
#5202=IFCAXIS2PLACEMENT3D(#5201,#49,#146);
#5203=IFCEXTRUDEDAREASOLID(#5200,#5202,#49,2000.0000000000002);
#5204=IFCSTYLEDITEM(#5191,(#2399),$);
#5205=IFCSTYLEDITEM(#5197,(#2399),$);
#5206=IFCSTYLEDITEM(#5203,(#2399),$);
#5207=IFCSHAPEREPRESENTATION(#15,'Body','SweptSolid',(#5191,#5197,#5203));
#5208=IFCAXIS2PLACEMENT3D(#10,$,$);
#5209=IFCREPRESENTATIONMAP(#5208,#5207);
#5210=IFCDOORLININGPROPERTIES('0$ZVtLQ75EtvwV7Ahme$6k',#6,'DoorV2:DoorV2:1727402',$,$,$,$,$,$,$,$,$,$,$,$,$,$);
#5211=IFCDOORPANELPROPERTIES('0$ZVtLQ75EtvwV7Adme$6k',#6,'DoorV2:DoorV2:1727402:1',$,$,.NOTDEFINED.,$,.NOTDEFINED.,$);
#5212=IFCDOORTYPE('24vL8CMjD9PRlBEmRc8VAA',#6,'DoorV2:DoorV2',$,$,(#5210,#5211),(#5209),'1721182',$,.DOOR.,.NOTDEFINED.,$,$);
#5213=IFCMAPPEDITEM(#5209,#2518);
#5214=IFCSHAPEREPRESENTATION(#15,'Body','MappedRepresentation',(#5213));
#5215=IFCPRODUCTDEFINITIONSHAPE($,$,(#5214));
#5216=IFCCARTESIANPOINT((10833.920377801653,2949.2717930111003,127.52301602715396));
#5217=IFCDIRECTION((0.93358042649720185,0.35836794954530005,0.));
#5218=IFCAXIS2PLACEMENT3D(#5216,#49,#5217);
#5219=IFCLOCALPLACEMENT(#28,#5218);
#5220=IFCDOOR('0$ZVtLQ75EtvwV7Alme$6k',#6,'DoorV2:DoorV2:1727402',$,$,#5219,#5215,'1727402',1178.1900934579601,2399.9999999999991,.DOOR.,$,$);
#5221=IFCPROPERTYSET('1aEHTIDA82XB2TLv1Qjdfj',#6,'Pset_DoorCommon',$,(#403,#1425));
#5222=IFCPROPERTYSET('1bVSTF1wBM8daZXvSnBTSk',#6,'Pset_EnvironmentalImpactIndicators',$,(#403));
#5223=IFCRELDEFINESBYPROPERTIES('3TnV1MzXcRjJE1vx9vfvm1',#6,$,$,(#5220),#5221);
#5224=IFCRELDEFINESBYPROPERTIES('0fnIXZMePPbs28ZqGXGNbR',#6,$,$,(#5220),#5222);
#5225=IFCQUANTITYLENGTH('Width','',$,1400.,$);
#5226=IFCQUANTITYLENGTH('Height','',$,2000.0000000000002,$);
#5227=IFCQUANTITYLENGTH('Perimeter','',$,1431.2640265680245,$);
#5228=IFCQUANTITYAREA('Area','',$,4.1737920797040617,$);
#5229=IFCELEMENTQUANTITY('3u_p50L04aJzaDoc_qM4LT',#6,'Qto_DoorBaseQuantities',$,'BaseQuantities',(#5225,#5226,#5227,#5228));
#5230=IFCRELDEFINESBYPROPERTIES('3Rgm2L_Sh4HHyoiWnvEItA',#6,$,$,(#5220),#5229);
#5231=IFCCARTESIANPOINT((11932.863101417228,10184.915954045464,-1500.));
#5232=IFCAXIS2PLACEMENT3D(#5231,#49,#146);
#5233=IFCLOCALPLACEMENT(#24,#5232);
#5234=IFCPRODUCTDEFINITIONSHAPE($,$,(#5247));
#5235=IFCCOLOURRGBLIST(((0.,0.80784313725490198,0.40392156862745099)));
#5236=IFCINDEXEDPOLYGONALFACE((1,2,3));
#5237=IFCINDEXEDPOLYGONALFACE((2,4,5,6,7,3));
#5238=IFCINDEXEDPOLYGONALFACE((4,2,1,8));
#5239=IFCINDEXEDPOLYGONALFACE((5,4,8,9));
#5240=IFCINDEXEDPOLYGONALFACE((5,9,6));
#5241=IFCINDEXEDPOLYGONALFACE((8,7,6,9));
#5242=IFCINDEXEDPOLYGONALFACE((7,8,1,3));
#5243=IFCCARTESIANPOINTLIST3D(((661.05069624602947,-118.09223184191796,4600.00000000003),(881.40092832803384,0.,1.3642420526593924E-012),(661.05069624602584,-118.09223184191433,1.5916157281026244E-012),(1353.7698556957002,-881.40092832803384,9.0949470177292824E-013),(472.36892736766458,-1353.7698556956966,9.0949470177292824E-013),(236.18446368383411,-913.06939153168423,9.0949470177292824E-013),(897.23515992985995,-558.7926960059358,1.1823431123048067E-011),(897.23515992985995,-558.7926960059358,4600.00000000003),(456.53469576584212,-794.97715968976445,4600.0000000000273)));
#5244=IFCPOLYGONALFACESET(#5243,.T.,(#5236,#5237,#5238,#5239,#5240,#5241,#5242),$);
#5245=IFCINDEXEDCOLOURMAP(#5244,1.,#5235,(1,1,1,1,1,1,1));
#5246=IFCSTYLEDITEM(#5244,(#1091),$);
#5247=IFCSHAPEREPRESENTATION(#15,'Body','Tessellation',(#5244));
#5248=IFCWALL('1FujFrxrb7ouwnZEeyzKU0',#6,'first_column:first_column:1733994',$,$,#5233,#5234,'1733994',.NOTDEFINED.);
#5249=IFCWALLTYPE('0tc9Es49HDa8p$oXIyETcL',#6,'first_column:first_column',$,$,(#5262),$,'1729972',$,.NOTDEFINED.);
#5250=IFCPROPERTYSINGLEVALUE('Reference',$,IFCIDENTIFIER('first_column'),$);
#5251=IFCPROPERTYSET('2MaGGnvGnDj6G6tS$4gB80',#6,'Pset_EnvironmentalImpactIndicators',$,(#5250));
#5252=IFCPROPERTYSINGLEVALUE('Reference',$,IFCLABEL('first_column'),$);
#5253=IFCPROPERTYSET('2Z9iIznoJeo_5bswrwI3lO',#6,'Pset_ReinforcementBarPitchOfWall',$,(#5252));
#5254=IFCPROPERTYSINGLEVALUE('LoadBearing',$,IFCBOOLEAN(.T.),$);
#5255=IFCPROPERTYSET('3tT2F3oJIp6F1tikB7hRhx',#6,'Pset_WallCommon',$,(#1425,#5250,#5254));
#5256=IFCRELDEFINESBYPROPERTIES('3VNQRsZfEnDkrB7Da1Xssu',#6,$,$,(#5248),#5251);
#5257=IFCRELDEFINESBYPROPERTIES('3ywq4wvPf1lRsUpiRaSuQm',#6,$,$,(#5248),#5253);
#5258=IFCRELDEFINESBYPROPERTIES('3PWgjVa8u5SuTppz2JhcwN',#6,$,$,(#5248),#5255);
#5259=IFCQUANTITYVOLUME('NetVolume','',$,1.2458333333333409,$);
#5260=IFCELEMENTQUANTITY('1uIaMlSPbQXYuLLrM8dIRQ',#6,'Qto_WallBaseQuantities',$,'BaseQuantities',(#5259));
#5261=IFCRELDEFINESBYPROPERTIES('1nxjDqSj3CMtZYcID_JNPc',#6,$,$,(#5248),#5260);
#5262=IFCPROPERTYSET('2VWRJra6lPDmbXA_FJKZGQ',#6,'Pset_WallCommon',$,(#5254));
#5263=IFCCARTESIANPOINT((13894.597290918489,6524.4839578200454,-1500.));
#5264=IFCAXIS2PLACEMENT3D(#5263,$,$);
#5265=IFCLOCALPLACEMENT(#24,#5264);
#5266=IFCPRODUCTDEFINITIONSHAPE($,$,(#5279));
#5267=IFCCOLOURRGBLIST(((0.,0.80784313725490198,0.40392156862745099)));
#5268=IFCINDEXEDPOLYGONALFACE((1,2,3));
#5269=IFCINDEXEDPOLYGONALFACE((3,2,4,5,6,7));
#5270=IFCINDEXEDPOLYGONALFACE((7,8,1,3));
#5271=IFCINDEXEDPOLYGONALFACE((6,9,8,7));
#5272=IFCINDEXEDPOLYGONALFACE((6,5,9));
#5273=IFCINDEXEDPOLYGONALFACE((8,9,5,4));
#5274=IFCINDEXEDPOLYGONALFACE((4,2,1,8));
#5275=IFCCARTESIANPOINTLIST3D(((354.27669552574844,220.35023208201255,4600.00000000003),(354.27669552574298,220.35023208201255,1.5916157281026244E-012),(472.36892736765731,1.8189894035458565E-012,1.3642420526593924E-012),(794.97715968976445,456.53469576584121,1.1823431123048067E-011),(440.70046416402329,1117.5853920118716,9.0949470177292824E-013),(881.4009283280393,1353.7698556956966,9.0949470177292824E-013),(1353.7698556956984,472.36892736765549,9.0949470177292824E-013),(794.97715968976809,456.5346957658403,4600.00000000003),(558.7926960059358,897.23515992985995,4600.0000000000273)));
#5276=IFCPOLYGONALFACESET(#5275,.T.,(#5268,#5269,#5270,#5271,#5272,#5273,#5274),$);
#5277=IFCINDEXEDCOLOURMAP(#5276,1.,#5267,(1,1,1,1,1,1,1));
#5278=IFCSTYLEDITEM(#5276,(#1091),$);
#5279=IFCSHAPEREPRESENTATION(#15,'Body','Tessellation',(#5276));
#5280=IFCWALL('2HmFfYHsL2OPZKrO6tYf$1',#6,'first_column:first_column:1734630',$,$,#5265,#5266,'1734630',.NOTDEFINED.);
#5281=IFCPROPERTYSET('2CKIUMe2rYwhoxq_di6BGO',#6,'Pset_EnvironmentalImpactIndicators',$,(#5250));
#5282=IFCPROPERTYSINGLEVALUE('Reference',$,IFCLABEL('first_column'),$);
#5283=IFCPROPERTYSET('2P2U9hp9_L7RsnanJZG3cX',#6,'Pset_ReinforcementBarPitchOfWall',$,(#5282));
#5284=IFCPROPERTYSET('0JfVfjzgPEGuxmjhaPBCYX',#6,'Pset_WallCommon',$,(#1425,#5250,#5254));
#5285=IFCRELDEFINESBYPROPERTIES('02WKW7WkK2FrU$9$$2O4Cv',#6,$,$,(#5280),#5281);
#5286=IFCRELDEFINESBYPROPERTIES('1rUgBxP_3N6h_J2HNampyC',#6,$,$,(#5280),#5283);
#5287=IFCRELDEFINESBYPROPERTIES('0Ab1D4pDhprdN6GOX_6L_x',#6,$,$,(#5280),#5284);
#5288=IFCQUANTITYVOLUME('NetVolume','',$,1.2458333333333449,$);
#5289=IFCELEMENTQUANTITY('1FdWqo7xii1JL7paeT6mEd',#6,'Qto_WallBaseQuantities',$,'BaseQuantities',(#5288));
#5290=IFCRELDEFINESBYPROPERTIES('3aelF0yowLk0TFXq2sLEXo',#6,$,$,(#5280),#5289);
#5291=IFCCARTESIANPOINT((16597.710344162333,5575.3721975168419,-1500.));
#5292=IFCAXIS2PLACEMENT3D(#5291,$,$);
#5293=IFCLOCALPLACEMENT(#24,#5292);
#5294=IFCPRODUCTDEFINITIONSHAPE($,$,(#5305));
#5295=IFCCOLOURRGBLIST(((1.,1.,0.)));
#5296=IFCINDEXEDPOLYGONALFACE((1,2,3));
#5297=IFCINDEXEDPOLYGONALFACE((2,1,4,5));
#5298=IFCINDEXEDPOLYGONALFACE((3,2,5,6));
#5299=IFCINDEXEDPOLYGONALFACE((1,3,6,4));
#5300=IFCINDEXEDPOLYGONALFACE((4,6,5));
#5301=IFCCARTESIANPOINTLIST3D(((1291.9483760425028,358.36794954529887,1.1368683772161603E-012),(933.58042649720664,1291.9483760424955,0.),(1291.9483760425028,358.36794954529887,10499.999999999984),(358.36794954529978,9.0949470177292824E-013,1.1368683772161603E-012),(7.2759576141834259E-012,933.58042649719664,0.),(358.36794954529978,9.0949470177292824E-013,10499.999999999984)));
#5302=IFCPOLYGONALFACESET(#5301,.T.,(#5296,#5297,#5298,#5299,#5300),$);
#5303=IFCINDEXEDCOLOURMAP(#5302,1.,#5295,(1,1,1,1,1));
#5304=IFCSTYLEDITEM(#5302,(#2267),$);
#5305=IFCSHAPEREPRESENTATION(#15,'Body','Tessellation',(#5302));
#5306=IFCWALL('07H4IE3N17quz_RDvElapV',#6,'big_column:big_column:1738268',$,$,#5293,#5294,'1738268',.NOTDEFINED.);
#5307=IFCWALLTYPE('07H4IE3N17quz_RDvElap8',#6,'big_column:big_column',$,$,(#5319),$,'1738251',$,.NOTDEFINED.);
#5308=IFCPROPERTYSINGLEVALUE('Reference',$,IFCIDENTIFIER('big_column'),$);
#5309=IFCPROPERTYSET('34_rJItiUrFPlYYzqan_jJ',#6,'Pset_EnvironmentalImpactIndicators',$,(#5308));
#5310=IFCPROPERTYSINGLEVALUE('Reference',$,IFCLABEL('big_column'),$);
#5311=IFCPROPERTYSET('1HFwBgFpe4xaX5MTH$uHrX',#6,'Pset_ReinforcementBarPitchOfWall',$,(#5310));
#5312=IFCPROPERTYSET('3XwFUbOMhdG9A7tmfeg4pM',#6,'Pset_WallCommon',$,(#1425,#5254,#5308));
#5313=IFCRELDEFINESBYPROPERTIES('3iayHthltkvTyRxfxo3_IW',#6,$,$,(#5306),#5309);
#5314=IFCRELDEFINESBYPROPERTIES('3pSlfp7rpTmS3XO24M3JZg',#6,$,$,(#5306),#5311);
#5315=IFCRELDEFINESBYPROPERTIES('2Geiv0vqyI6UIFAsh$zEqR',#6,$,$,(#5306),#5312);
#5316=IFCQUANTITYVOLUME('NetVolume','',$,5.2499999999999556,$);
#5317=IFCELEMENTQUANTITY('2I_RydDD12JomAfzX38AUp',#6,'Qto_WallBaseQuantities',$,'BaseQuantities',(#5316));
#5318=IFCRELDEFINESBYPROPERTIES('3C6gGIZ5gcwVrzF$3MzsaK',#6,$,$,(#5306),#5317);
#5319=IFCPROPERTYSET('0jsBoFzkbRSlHKfLAykyQ0',#6,'Pset_WallCommon',$,(#5254));
#5320=IFCAXIS2PLACEMENT3D(#10,$,$);
#5322=IFCCARTESIANPOINTLIST2D(((-2681.6986091923918,-3333.4222916237973),(-1581.1208807055989,-3333.4222916237977),(-1581.1208807056034,-1739.0159152040524),(-1466.2185057651564,-1487.0059545180229),(-1317.6291654648824,-1224.8953715276957),(-1138.4859275036342,-958.21087628800626),(-932.56610114995703,-692.57562168549691),(-704.21159111381951,-433.59063693389874),(-458.23734668994041,-186.71672755649288),(-199.82983656036222,42.840667957018987),(65.562310042889465,250.24123697410067),(332.34318993880589,431.11185271326843),(464.49442830538692,510.38249828691738),(1203.6364494117042,876.6752951059658),(2018.8791192943568,1002.694061840552),(3180.9937422879216,521.33042396454789),(3662.3573801639632,-640.78419902901101),(3662.3573801639609,-3333.4222916237732),(4375.5895701450654,-3333.422291623775),(4375.58957014508,2266.5777083761523),(2118.3013908076423,2266.5777083761518),(2118.3013908076423,2085.1893354597933),(1818.3013908076416,2085.1893354597946),(1818.3013908076416,1865.1893354597946),(1518.3013908076389,1865.1893354597955),(1518.3013908076391,1645.1893354597946),(1218.3013908076362,1645.1893354597967),(1218.3013908076362,1425.1893354597964),(918.30139080763536,1425.1893354597976),(918.30139080763547,1205.1893354597976),(618.30139080763252,1205.1893354597987),(618.30139080763252,985.18933545979826),(318.30139080762956,985.18933545979939),(318.30139080762967,765.18933545979962),(18.301390807628962,765.18933545980053),(18.301390807629016,545.18933545980076),(-281.69860919237391,545.18933545980178),(-281.69860919237385,325.18933545980195),(-581.69860919237681,325.18933545980298),(-581.69860919237669,105.18933545980262),(-881.69860919237749,105.18933545980362),(-881.69860919237749,-114.81066454019673),(-1181.6986091923804,-114.81066454019572),(-1181.6986091923802,-334.81066454019549),(-1481.6986091923834,-334.81066454019447),(-1481.6986091923832,-554.81066454019424),(-1781.6986091923839,-554.81066454019322),(-1781.6986091923839,-774.81066454019356),(-2081.6986091923868,-774.81066454019265),(-2081.6986091923868,-994.81066454019276),(-2381.6986091923895,-994.81066454019162),(-2381.6986091923895,-1214.8106645401917),(-2681.69860919239,-1214.8106645401908)));
#5323=IFCINDEXEDPOLYCURVE(#5322,(IFCLINEINDEX((1,2,3,4,5,6,7,8,9,10,11,12,13)),IFCARCINDEX((13,14,15)),IFCARCINDEX((15,16,17)),IFCLINEINDEX((17,18,19,20,21,22,23,24,25,26,27,28,29,30,31,32,33,34,35,36,37,38,39,40,41,42,43,44,45,46,47,48,49,50,51,52,53,1))),.F.);
#5324=IFCARBITRARYCLOSEDPROFILEDEF(.AREA.,'StairsCastelnuovo',#5323);
#5325=IFCCARTESIANPOINT((12999.608790458553,4056.7600105165798,1833.4222916237711));
#5326=IFCDIRECTION((-0.3583679495453001,0.93358042649720185,0.));
#5327=IFCDIRECTION((-0.93358042649720185,-0.3583679495453001,-0.));
#5328=IFCAXIS2PLACEMENT3D(#5325,#5326,#5327);
#5329=IFCEXTRUDEDAREASOLID(#5324,#5328,#49,1151.8105581162097);
#5330=IFCCOLOURRGB($,0.41568627450980394,0.10196078431372549,0.84313725490196079);
#5331=IFCSURFACESTYLERENDERING(#5330,0.,$,$,$,$,IFCNORMALISEDRATIOMEASURE(0.5),IFCSPECULAREXPONENT(64.),.NOTDEFINED.);
#5332=IFCSURFACESTYLE('StoneStairs',.BOTH.,(#5331));
#5333=IFCSTYLEDITEM(#5329,(#5332),$);
#5334=IFCSHAPEREPRESENTATION(#15,'Body','SweptSolid',(#5329));
#5336=IFCPRODUCTDEFINITIONSHAPE($,$,(#5334));
#5337=IFCAXIS2PLACEMENT3D(#10,$,$);
#5338=IFCLOCALPLACEMENT(#24,#6560);
#5339=IFCSTAIR('0DMSD0RDPERO_jE_YMCqxm',#6,'StairsCastelnuovo:StairsCastelnuovo:1746094',$,$,#5338,#5336,'1746094',.NOTDEFINED.);
#5340=IFCSTAIRTYPE('0DMSD0RDPERO_jE_YMCqxo',#6,'StairsCastelnuovo:StairsCastelnuovo',$,$,(#5350),$,'1746092',$,.NOTDEFINED.);
#5341=IFCMATERIAL('StoneStairs',$,$);
#5342=IFCPROPERTYSINGLEVALUE('Reference',$,IFCIDENTIFIER('StairsCastelnuovo'),$);
#5343=IFCPROPERTYSET('2w2hSIP0Nd8oIQL1ee9FeL',#6,'Pset_EnvironmentalImpactIndicators',$,(#5342));
#5344=IFCPROPERTYSET('3GVCxXz04moo_mr44y1pBJ',#6,'Pset_StairCommon',$,(#1425,#5342));
#5345=IFCRELDEFINESBYPROPERTIES('2NdzQxkpEBoz9LjooN0auN',#6,$,$,(#5339),#5343);
#5346=IFCRELDEFINESBYPROPERTIES('0WGtB8ERnCewzm3$hfyGs7',#6,$,$,(#5339),#5344);
#5347=IFCPROPERTYSINGLEVALUE('NumberOfRiser',$,IFCCOUNTMEASURE(0.),$);
#5348=IFCPROPERTYSINGLEVALUE('NumberOfTreads',$,IFCCOUNTMEASURE(0.),$);
#5349=IFCPROPERTYSINGLEVALUE('NosingLength',$,IFCLENGTHMEASURE(0.),$);
#5350=IFCPROPERTYSET('3Q8bsYb1DSpbNfThn4pYrl',#6,'Pset_StairCommon',$,(#5347,#5348,#5349));
#5351=IFCAXIS2PLACEMENT3D(#10,$,$);
#5353=IFCCARTESIANPOINTLIST2D(((-870.21395544182678,-438.40260723815828),(-870.21395544182485,-1070.2420361024201),(-77.57957282451477,-1070.2420361024201),(-77.579572824516163,-640.9570852621016),(-36.849935505838836,-445.14660357066333),(78.582432718347846,-281.81866210781226),(451.86687713106289,-10.939039809581502),(879.78604455816367,161.11395308929048),(879.78604455816264,852.99487387893623),(629.78604455816537,852.99487387893646),(629.78604455816503,637.76196035942075),(379.78604455816446,637.76196035942041),(379.7860445581652,422.52904683990477),(129.78604455816682,422.52904683990477),(129.78604455816753,207.296133320389),(-120.21395544183186,207.296133320389),(-120.21395544183115,-7.9367801991267255),(-370.21395544183309,-7.9367801991267255),(-370.21395544182985,-223.16969371864249),(-620.21395544182928,-223.16969371864249),(-620.21395544182849,-438.40260723815828)));
#5354=IFCINDEXEDPOLYCURVE(#5353,(IFCLINEINDEX((1,2,3,4)),IFCARCINDEX((4,5,6)),IFCARCINDEX((6,7,8)),IFCLINEINDEX((8,9,10,11,12,13,14,15,16,17,18,19,20,21,1))),.F.);
#5355=IFCARBITRARYCLOSEDPROFILEDEF(.AREA.,'Stairs_castelnuovo2',#5354);
#5356=IFCCARTESIANPOINT((15258.289225097062,6956.724531437646,-429.75796389761115));
#5357=IFCDIRECTION((-0.98162718344766275,0.1908089953765513,0.));
#5358=IFCDIRECTION((-0.1908089953765513,-0.98162718344766275,-0.));
#5359=IFCAXIS2PLACEMENT3D(#5356,#5357,#5358);
#5360=IFCEXTRUDEDAREASOLID(#5355,#5359,#1408,1097.2050973669313);
#5361=IFCSTYLEDITEM(#5360,(#5332),$);
#5362=IFCSHAPEREPRESENTATION(#15,'Body','SweptSolid',(#5360));
#5364=IFCPRODUCTDEFINITIONSHAPE($,$,(#5362));
#5365=IFCAXIS2PLACEMENT3D(#10,$,$);
#5366=IFCLOCALPLACEMENT(#24,#6561);
#5367=IFCSTAIR('1AbGxiHpn5sOnYo$kgOgNY',#6,'Stairs_castelnuovo2:Stairs_castelnuovo2:1750292',$,$,#5366,#5364,'1750292',.NOTDEFINED.);
#5368=IFCSTAIRTYPE('1AbGxiHpn5sOnYo$kgOgNa',#6,'Stairs_castelnuovo2:Stairs_castelnuovo2',$,$,(#5376),$,'1750290',$,.NOTDEFINED.);
#5369=IFCPROPERTYSINGLEVALUE('Reference',$,IFCIDENTIFIER('Stairs_castelnuovo2'),$);
#5370=IFCPROPERTYSET('36XhzxpB$jKxH2pFri56a1',#6,'Pset_EnvironmentalImpactIndicators',$,(#5369));
#5371=IFCPROPERTYSET('3KgjF$tPyCa7WrJhT3EUXC',#6,'Pset_StairCommon',$,(#1425,#5369));
#5372=IFCRELDEFINESBYPROPERTIES('1Ympv6Sz03mVseZdWw43i8',#6,$,$,(#5367),#5370);
#5373=IFCRELDEFINESBYPROPERTIES('3NmyPgZTLX37pOzrW3MDBi',#6,$,$,(#5367),#5371);
#5374=IFCPROPERTYSINGLEVALUE('NumberOfRiser',$,IFCCOUNTMEASURE(0.),$);
#5375=IFCPROPERTYSINGLEVALUE('NumberOfTreads',$,IFCCOUNTMEASURE(0.),$);
#5376=IFCPROPERTYSET('1LbMY0tEocu5RGN$Ou_BYB',#6,'Pset_StairCommon',$,(#5349,#5374,#5375));
#5377=IFCAXIS2PLACEMENT3D(#10,$,$);
#5379=IFCCARTESIANPOINTLIST2D(((-721.26280853550998,-465.24134695757141),(430.54774958070561,-465.24134695757152),(430.54774958070556,465.24134695756982),(-139.83269062589986,465.24134695757027),(-721.26280853550998,-465.24134695757141)));
#5380=IFCINDEXEDPOLYCURVE(#5379,$,.F.);
#5381=IFCARBITRARYCLOSEDPROFILEDEF(.AREA.,'Stairs3',#5380);
#5382=IFCCARTESIANPOINT((15783.235822683539,5586.4733816251828,-1500.));
#5383=IFCDIRECTION((0.35836794954530043,-0.93358042649720174,0.));
#5384=IFCAXIS2PLACEMENT3D(#5382,#49,#5383);
#5385=IFCEXTRUDEDAREASOLID(#5381,#5384,#49,1923.2369099813441);
#5386=IFCSTYLEDITEM(#5385,(#5332),$);
#5387=IFCSHAPEREPRESENTATION(#15,'Body','SweptSolid',(#5385));
#5389=IFCPRODUCTDEFINITIONSHAPE($,$,(#5387));
#5390=IFCAXIS2PLACEMENT3D(#10,$,$);
#5391=IFCLOCALPLACEMENT(#24,#6562);
#5392=IFCSTAIR('1dGupIgZL6WgUMjgZKGAdD',#6,'Stairs3:Stairs3:1753011',$,$,#5391,#5389,'1753011',.NOTDEFINED.);
#5393=IFCSTAIRTYPE('1dGupIgZL6WgUMjgZKGAdF',#6,'Stairs3:Stairs3',$,$,(#5401),$,'1753009',$,.NOTDEFINED.);
#5394=IFCPROPERTYSINGLEVALUE('Reference',$,IFCIDENTIFIER('Stairs3'),$);
#5395=IFCPROPERTYSET('2QRRIiEtxmhRbEa88h3k8g',#6,'Pset_EnvironmentalImpactIndicators',$,(#5394));
#5396=IFCPROPERTYSET('3L9A3YCZw4Da5IjjC7VY6G',#6,'Pset_StairCommon',$,(#1425,#5394));
#5397=IFCRELDEFINESBYPROPERTIES('18ICjaN$T9RJfCKkEDfDEz',#6,$,$,(#5392),#5395);
#5398=IFCRELDEFINESBYPROPERTIES('295X48GJnPx3Xtz5siTZ41',#6,$,$,(#5392),#5396);
#5399=IFCPROPERTYSINGLEVALUE('NumberOfRiser',$,IFCCOUNTMEASURE(0.),$);
#5400=IFCPROPERTYSINGLEVALUE('NumberOfTreads',$,IFCCOUNTMEASURE(0.),$);
#5401=IFCPROPERTYSET('0m_becLIHNZrSjxJlg13Hi',#6,'Pset_StairCommon',$,(#5349,#5399,#5400));
#5402=IFCCARTESIANPOINTLIST2D(((-250.00000000048493,-750.00000000000659),(250.00000000048493,-750.00000000000659),(250.00000000048493,750.00000000000659),(-250.00000000048493,750.00000000000659),(-250.00000000048493,-750.00000000000659)));
#5403=IFCINDEXEDPOLYCURVE(#5402,$,.F.);
#5404=IFCARBITRARYCLOSEDPROFILEDEF(.AREA.,'DoorV2',#5403);
#5405=IFCCARTESIANPOINT((750.,250.,2000.));
#5406=IFCAXIS2PLACEMENT3D(#5405,#49,#146);
#5407=IFCEXTRUDEDAREASOLID(#5404,#5406,#49,200.);
#5408=IFCCARTESIANPOINTLIST2D(((-250.00000000048493,-99.99999999999838),(250.00000000048493,-99.99999999999838),(250.00000000048493,99.999999999998252),(-250.00000000048493,99.999999999998252),(-250.00000000048493,-99.99999999999838)));
#5409=IFCINDEXEDPOLYCURVE(#5408,$,.F.);
#5410=IFCARBITRARYCLOSEDPROFILEDEF(.AREA.,'DoorV2',#5409);
#5411=IFCCARTESIANPOINT((1400.,250.,0.));
#5412=IFCAXIS2PLACEMENT3D(#5411,#49,#146);
#5413=IFCEXTRUDEDAREASOLID(#5410,#5412,#49,1999.9999999999959);
#5414=IFCCARTESIANPOINTLIST2D(((-250.00000000048493,-100.00000000000122),(250.00000000048493,-100.00000000000122),(250.00000000048493,100.00000000000122),(-250.00000000048493,100.00000000000122),(-250.00000000048493,-100.00000000000122)));
#5415=IFCINDEXEDPOLYCURVE(#5414,$,.F.);
#5416=IFCARBITRARYCLOSEDPROFILEDEF(.AREA.,'DoorV2',#5415);
#5417=IFCCARTESIANPOINT((100.,250.,0.));
#5418=IFCAXIS2PLACEMENT3D(#5417,#49,#146);
#5419=IFCEXTRUDEDAREASOLID(#5416,#5418,#49,2000.0000000000002);
#5420=IFCSTYLEDITEM(#5407,(#2399),$);
#5421=IFCSTYLEDITEM(#5413,(#2399),$);
#5422=IFCSTYLEDITEM(#5419,(#2399),$);
#5423=IFCSHAPEREPRESENTATION(#15,'Body','SweptSolid',(#5407,#5413,#5419));
#5424=IFCAXIS2PLACEMENT3D(#10,$,$);
#5425=IFCREPRESENTATIONMAP(#5424,#5423);
#5426=IFCDOORLININGPROPERTIES('0aLNXoc1TDjApGVJPVMWi8',#6,'DoorV2:DoorV2:1753723',$,$,$,$,$,$,$,$,$,$,$,$,$,$);
#5427=IFCDOORPANELPROPERTIES('0aLNXoc1TDjApGVJLVMWi8',#6,'DoorV2:DoorV2:1753723:1',$,$,.NOTDEFINED.,$,.NOTDEFINED.,$);
#5428=IFCDOORTYPE('0G73GykS2GNlZgY9HPAPB4',#6,'DoorV2:DoorV2',$,$,(#5426,#5427),(#5425),'1721182',$,.DOOR.,.NOTDEFINED.,$,$);
#5429=IFCMAPPEDITEM(#5425,#2518);
#5430=IFCSHAPEREPRESENTATION(#15,'Body','MappedRepresentation',(#5429));
#5431=IFCPRODUCTDEFINITIONSHAPE($,$,(#5430));
#5432=IFCCARTESIANPOINT((18739.674577223959,-12582.347204599384,0.));
#5433=IFCAXIS2PLACEMENT3D(#5432,$,$);
#5435=IFCDOOR('0aLNXoc1TDjApGVJTVMWi8',#6,'DoorV2:DoorV2:1753723',$,$,#6078,#5431,'1753723',2200.0000000000018,1499.9999999999905,.DOOR.,$,$);
#5436=IFCPROPERTYSET('2VOExdF$$dvd74XysQOf4X',#6,'Pset_DoorCommon',$,(#403,#1425));
#5437=IFCPROPERTYSET('1SiQo4gPHjQjgNl8CSBHDm',#6,'Pset_EnvironmentalImpactIndicators',$,(#403));
#5438=IFCRELDEFINESBYPROPERTIES('1frD$C5zkSiuO$v68Fgi3L',#6,$,$,(#5435),#5436);
#5439=IFCRELDEFINESBYPROPERTIES('1v0nYi8QyExsVorRryc8S9',#6,$,$,(#5435),#5437);
#5440=IFCQUANTITYLENGTH('Width','',$,1500.,$);
#5441=IFCQUANTITYLENGTH('Height','',$,2000.0000000000002,$);
#5442=IFCQUANTITYLENGTH('Perimeter','',$,1400.0000000019447,$);
#5443=IFCQUANTITYAREA('Area','',$,4.1500000000059192,$);
#5444=IFCELEMENTQUANTITY('157XQIdKCNELc69WCaiDd6',#6,'Qto_DoorBaseQuantities',$,'BaseQuantities',(#5440,#5441,#5442,#5443));
#5445=IFCRELDEFINESBYPROPERTIES('0OPBiGPmaMtp610loarlji',#6,$,$,(#5435),#5444);
#5446=IFCAXIS2PLACEMENT3D(#10,$,$);
#5447=IFCLOCALPLACEMENT(#24,#5446);
#5448=IFCELEMENTASSEMBLY('2Sp0MWkir5FwmZLgiNIsog',#6,'Floors Assembly:Stairs_first_floors_417:1756112',$,$,#5447,$,'1756112',.NOTDEFINED.,.NOTDEFINED.);
#5449=IFCELEMENTASSEMBLYTYPE('2Sp0MWkir5FwmZLgiNIsoh',#6,'Floors Assembly:Stairs_first_floors_417',$,$,$,$,'1756113',$,.NOTDEFINED.);
#5450=IFCPROPERTYSINGLEVALUE('Reference',$,IFCIDENTIFIER('Stairs_first_floors_417'),$);
#5451=IFCPROPERTYSET('3_avjb7SLTZzoIqxADRi4y',#6,'Pset_ElementAssemblyCommon',$,(#5450));
#5452=IFCPROPERTYSET('043fHusujUtjFhYtyfCC8D',#6,'Pset_EnvironmentalImpactIndicators',$,(#5450));
#5453=IFCRELDEFINESBYPROPERTIES('0zdgM4h68a_XdLjbM8N7Kk',#6,$,$,(#5448),#5451);
#5454=IFCRELDEFINESBYPROPERTIES('3B2vCTgv5eM4C604xV3phq',#6,$,$,(#5448),#5452);
#5455=IFCMAPPEDITEM(#5425,#2518);
#5456=IFCSHAPEREPRESENTATION(#15,'Body','MappedRepresentation',(#5455));
#5457=IFCPRODUCTDEFINITIONSHAPE($,$,(#5456));
#5458=IFCCARTESIANPOINT((18739.674577223959,-12582.347204599384,0.));
#5459=IFCAXIS2PLACEMENT3D(#5458,$,$);
#5461=IFCDOOR('2LX1lxEB13yROcdsYV7Vts',#6,'DoorV2:DoorV2:1757903',$,$,#6250,#5457,'1757903',2200.0000000000023,1499.9999999999905,.DOOR.,$,$);
#5462=IFCPROPERTYSET('0tQhYCQeGWq1ZGI71i2ZbS',#6,'Pset_DoorCommon',$,(#403,#1425));
#5463=IFCPROPERTYSET('2W$QExBOqiyfFEPVPZK15g',#6,'Pset_EnvironmentalImpactIndicators',$,(#403));
#5464=IFCRELDEFINESBYPROPERTIES('17F1$icFNpxVatHVEB3ceM',#6,$,$,(#5461),#5462);
#5465=IFCRELDEFINESBYPROPERTIES('3f0aMAJf1zdVgxPa2IHdFE',#6,$,$,(#5461),#5463);
#5466=IFCQUANTITYLENGTH('Width','',$,1500.,$);
#5467=IFCQUANTITYLENGTH('Height','',$,2000.0000000000002,$);
#5468=IFCQUANTITYLENGTH('Perimeter','',$,1400.0000000019447,$);
#5469=IFCQUANTITYAREA('Area','',$,4.1500000000059192,$);
#5470=IFCELEMENTQUANTITY('2ziwxH$rqvoFxTUN38BgZA',#6,'Qto_DoorBaseQuantities',$,'BaseQuantities',(#5466,#5467,#5468,#5469));
#5471=IFCRELDEFINESBYPROPERTIES('3_9LJmPhyXKHbOYOpOff2o',#6,$,$,(#5461),#5470);
#5472=IFCCARTESIANPOINT((12710.954390284471,-1747.4120259475567,-1500.));
#5473=IFCAXIS2PLACEMENT3D(#5472,#49,#146);
#5474=IFCLOCALPLACEMENT(#24,#5473);
#5475=IFCPRODUCTDEFINITIONSHAPE($,$,(#5484));
#5476=IFCCARTESIANPOINTLIST2D(((242.94208724548648,-2731.2948602770434),(751.15406521323064,-2731.2948602770448),(-251.08771830970562,2776.0553599618879),(-743.00843414901158,2686.5343605921998),(242.94208724548648,-2731.2948602770434)));
#5477=IFCINDEXEDPOLYCURVE(#5476,$,.F.);
#5478=IFCARBITRARYCLOSEDPROFILEDEF(.AREA.,'Castelnuovo13',#5477);
#5479=IFCCARTESIANPOINT((2638.8807379950522,-1228.2795536139747,0.));
#5480=IFCDIRECTION((0.18542713100435418,-0.98265801736285352,0.));
#5481=IFCAXIS2PLACEMENT3D(#5479,#49,#5480);
#5482=IFCEXTRUDEDAREASOLID(#5478,#5481,#49,5500.0000000000146);
#5483=IFCSTYLEDITEM(#5482,(#2267),$);
#5484=IFCSHAPEREPRESENTATION(#15,'Body','SweptSolid',(#5482));
#5485=IFCWALL('2tiNzAytfCwQOKJzMPcwjv',#6,'Castelnuovo8:Castelnuovo13:1761266',$,$,#5474,#5475,'1761266',.NOTDEFINED.);
#5486=IFCCARTESIANPOINTLIST2D(((-599.99999999999432,-1100.0000000000009),(599.99999999999454,-1100.0000000000009),(599.99999999999454,1100.0000000000009),(-599.99999999999432,1100.0000000000009),(-599.99999999999432,-1100.0000000000009)));
#5487=IFCINDEXEDPOLYCURVE(#5486,$,.F.);
#5488=IFCARBITRARYCLOSEDPROFILEDEF(.AREA.,$,#5487);
#5489=IFCCARTESIANPOINT((4156.3987253619744,-934.96812402649095,1600.));
#5490=IFCDIRECTION((-0.35836794954529877,0.93358042649720241,0.));
#5491=IFCDIRECTION((-0.93358042649720241,-0.35836794954529877,0.));
#5492=IFCAXIS2PLACEMENT3D(#5489,#5490,#5491);
#5493=IFCEXTRUDEDAREASOLID(#5488,#5492,#49,590.00000000001944);
#5494=IFCSHAPEREPRESENTATION(#15,'Body','SweptSolid',(#5493));
#5495=IFCPRODUCTDEFINITIONSHAPE($,$,(#5494));
#5496=IFCAXIS2PLACEMENT3D(#10,$,$);
#5497=IFCLOCALPLACEMENT(#5474,#5496);
#5498=IFCOPENINGELEMENT('16ElmpZRxZ$KEhZy71CblE',#6,'Castelnuovo13',$,$,#5497,#5495,'1768706',.OPENING.);
#5499=IFCQUANTITYLENGTH('Height',$,$,2200.0000000000018,$);
#5500=IFCQUANTITYLENGTH('Width',$,$,1199.9999999999866,$);
#5501=IFCQUANTITYAREA('Area',$,$,2639999.9999999725,$);
#5502=IFCELEMENTQUANTITY('14lhofTpyRzUdwhUq3$cWC',#6,'Qto_OpeningElementBaseQuantities',$,'BaseQuantities',(#5499,#5500,#5501));
#5503=IFCRELDEFINESBYPROPERTIES('1vKWyBsQazS6356N3d2saE',#6,$,$,(#5498),#5502);
#5504=IFCRELVOIDSELEMENT('0ur88WVXjwt$7NWLzpNzJa',#6,$,$,#5485,#5498);
#5505=IFCCARTESIANPOINTLIST2D(((-599.99999999999443,-1100.0000000000009),(599.99999999999443,-1100.0000000000009),(599.99999999999443,1100.0000000000009),(-599.99999999999443,1100.0000000000009),(-599.99999999999443,-1100.0000000000009)));
#5506=IFCINDEXEDPOLYCURVE(#5505,$,.F.);
#5507=IFCARBITRARYCLOSEDPROFILEDEF(.AREA.,$,#5506);
#5508=IFCCARTESIANPOINT((1076.1641765367963,-1538.9410902300056,1600.));
#5509=IFCDIRECTION((0.35836794954529877,-0.93358042649720241,0.));
#5510=IFCDIRECTION((0.93358042649720241,0.35836794954529877,0.));
#5511=IFCAXIS2PLACEMENT3D(#5508,#5509,#5510);
#5512=IFCEXTRUDEDAREASOLID(#5507,#5511,#49,590.00000000001501);
#5513=IFCSHAPEREPRESENTATION(#15,'Body','SweptSolid',(#5512));
#5514=IFCPRODUCTDEFINITIONSHAPE($,$,(#5513));
#5515=IFCAXIS2PLACEMENT3D(#10,$,$);
#5516=IFCLOCALPLACEMENT(#5474,#5515);
#5517=IFCOPENINGELEMENT('1qZcM3JOkdCCQU_F47H5Z8',#6,'Castelnuovo13',$,$,#5516,#5514,'1768783',.OPENING.);
#5518=IFCQUANTITYLENGTH('Height',$,$,2200.0000000000018,$);
#5519=IFCQUANTITYLENGTH('Width',$,$,1199.9999999999866,$);
#5520=IFCQUANTITYAREA('Area',$,$,2639999.9999999725,$);
#5521=IFCELEMENTQUANTITY('2FJwq6MH7wKuluG6WZvXgb',#6,'Qto_OpeningElementBaseQuantities',$,'BaseQuantities',(#5518,#5519,#5520));
#5522=IFCRELDEFINESBYPROPERTIES('2gvrdyLdn$ZDjZ30qOAthj',#6,$,$,(#5517),#5521);
#5523=IFCRELVOIDSELEMENT('0ferudJGtWB0I43XgkgARt',#6,$,$,#5485,#5517);
#5524=IFCWALLTYPE('2tiNzAytfCwQOKJzMPcwjx',#6,'Castelnuovo8:Castelnuovo13',$,$,$,$,'1761264',$,.NOTDEFINED.);
#5525=IFCPROPERTYSINGLEVALUE('Reference',$,IFCIDENTIFIER('Castelnuovo13'),$);
#5526=IFCPROPERTYSET('1RqsRTiYsLurTIEsIMzhLg',#6,'Pset_EnvironmentalImpactIndicators',$,(#5525));
#5527=IFCPROPERTYSINGLEVALUE('Reference',$,IFCLABEL('Castelnuovo13'),$);
#5528=IFCPROPERTYSET('1Rhh_Ioe0t2y2YzK8BzgwN',#6,'Pset_ReinforcementBarPitchOfWall',$,(#5527));
#5529=IFCPROPERTYSET('2g59EhH9xaBi5ER3ZgPEIE',#6,'Pset_WallCommon',$,(#1425,#5525));
#5530=IFCPROPERTYSET('3L9mwSqzNRMAH_v$LVfE$Q',#6,'Pset_EnvironmentalImpactIndicators',$,(#403));
#5531=IFCPROPERTYSET('2d6XL1lvS7dg1GHK6d5fXH',#6,'Pset_OpeningElementCommon',$,(#403));
#5532=IFCPROPERTYSET('079Em68p8HOF1iWTA_55u1',#6,'Pset_EnvironmentalImpactIndicators',$,(#403));
#5533=IFCPROPERTYSET('0K_eOhbDlVq3sl2Q2nId1W',#6,'Pset_OpeningElementCommon',$,(#403));
#5534=IFCRELDEFINESBYPROPERTIES('2cIIz6q9KljptR09joZ96z',#6,$,$,(#5485),#5526);
#5535=IFCRELDEFINESBYPROPERTIES('1Dcwjfx7D2gG7ao$jAIMxn',#6,$,$,(#5485),#5528);
#5536=IFCRELDEFINESBYPROPERTIES('05iDwBgko04RnD__hyiTZ6',#6,$,$,(#5485),#5529);
#5537=IFCRELDEFINESBYPROPERTIES('2eEDgW7ZwGXiEq7ZAW6mhh',#6,$,$,(#5498),#5530);
#5538=IFCRELDEFINESBYPROPERTIES('1mdMJpa6wdBmVj9jKUKTQn',#6,$,$,(#5498),#5531);
#5539=IFCRELDEFINESBYPROPERTIES('1_TjfdhEjfoezdp_eron_4',#6,$,$,(#5517),#5532);
#5540=IFCRELDEFINESBYPROPERTIES('32CPhXQzpQzeBDU8Atk6Py',#6,$,$,(#5517),#5533);
#5541=IFCQUANTITYVOLUME('NetVolume','',$,12.6288443968999,$);
#5542=IFCELEMENTQUANTITY('28lyOngRKlKoOBmKg8rg7k',#6,'Qto_WallBaseQuantities',$,'BaseQuantities',(#5541));
#5543=IFCRELDEFINESBYPROPERTIES('2Yn5Qm9ptANt9FDJydLvME',#6,$,$,(#5485),#5542);
#5544=IFCCARTESIANPOINTLIST2D(((-250.00000000048493,-600.00000000000637),(250.00000000048493,-600.00000000000637),(250.00000000048493,600.00000000000637),(-250.00000000048493,600.00000000000637),(-250.00000000048493,-600.00000000000637)));
#5545=IFCINDEXEDPOLYCURVE(#5544,$,.F.);
#5546=IFCARBITRARYCLOSEDPROFILEDEF(.AREA.,'DoorV2',#5545);
#5547=IFCCARTESIANPOINT((600.,250.,2000.));
#5548=IFCAXIS2PLACEMENT3D(#5547,#49,#146);
#5549=IFCEXTRUDEDAREASOLID(#5546,#5548,#49,200.);
#5550=IFCCARTESIANPOINTLIST2D(((-250.00000000048493,-99.999999999998252),(250.00000000048493,-99.999999999998252),(250.00000000048493,99.999999999998252),(-250.00000000048493,99.999999999998252),(-250.00000000048493,-99.999999999998252)));
#5551=IFCINDEXEDPOLYCURVE(#5550,$,.F.);
#5552=IFCARBITRARYCLOSEDPROFILEDEF(.AREA.,'DoorV2',#5551);
#5553=IFCCARTESIANPOINT((1100.,250.,0.));
#5554=IFCAXIS2PLACEMENT3D(#5553,#49,#146);
#5555=IFCEXTRUDEDAREASOLID(#5552,#5554,#49,1999.9999999999959);
#5556=IFCCARTESIANPOINTLIST2D(((-250.00000000048493,-100.00000000000129),(250.00000000048493,-100.00000000000129),(250.00000000048493,100.00000000000129),(-250.00000000048493,100.00000000000129),(-250.00000000048493,-100.00000000000129)));
#5557=IFCINDEXEDPOLYCURVE(#5556,$,.F.);
#5558=IFCARBITRARYCLOSEDPROFILEDEF(.AREA.,'DoorV2',#5557);
#5559=IFCCARTESIANPOINT((100.,250.,0.));
#5560=IFCAXIS2PLACEMENT3D(#5559,#49,#146);
#5561=IFCEXTRUDEDAREASOLID(#5558,#5560,#49,2000.0000000000002);
#5562=IFCSTYLEDITEM(#5549,(#2399),$);
#5563=IFCSTYLEDITEM(#5555,(#2399),$);
#5564=IFCSTYLEDITEM(#5561,(#2399),$);
#5565=IFCSHAPEREPRESENTATION(#15,'Body','SweptSolid',(#5549,#5555,#5561));
#5566=IFCAXIS2PLACEMENT3D(#10,$,$);
#5567=IFCREPRESENTATIONMAP(#5566,#5565);
#5568=IFCDOORLININGPROPERTIES('1L7Qk_WJzBIfm4Xrx$3Aef',#6,'DoorV2:DoorV2:1765621',$,$,$,$,$,$,$,$,$,$,$,$,$,$);
#5569=IFCDOORPANELPROPERTIES('1L7Qk_WJzBIfm4Xrt$3Aef',#6,'DoorV2:DoorV2:1765621:1',$,$,.NOTDEFINED.,$,.NOTDEFINED.,$);
#5570=IFCDOORTYPE('3QHP7N55hhuwKS6yJkxngP',#6,'DoorV2:DoorV2',$,$,(#5568,#5569),(#5567),'1721182',$,.DOOR.,.NOTDEFINED.,$,$);
#5571=IFCMAPPEDITEM(#5567,#2518);
#5572=IFCSHAPEREPRESENTATION(#15,'Body','MappedRepresentation',(#5571));
#5573=IFCPRODUCTDEFINITIONSHAPE($,$,(#5572));
#5574=IFCCARTESIANPOINT((10123.890443315779,5101.4117641683424,0.));
#5575=IFCDIRECTION((-0.88140092832803951,-0.47236892736765623,0.));
#5576=IFCAXIS2PLACEMENT3D(#5574,#49,#5575);
#5578=IFCDOOR('1L7Qk_WJzBIfm4Xr$$3Aef',#6,'DoorV2:DoorV2:1765621',$,$,#6492,#5573,'1765621',2200.0000000000023,1199.9999999999895,.DOOR.,$,$);
#5579=IFCPROPERTYSET('2xdrmkBUwWBD4OiQeWQUrJ',#6,'Pset_DoorCommon',$,(#403,#1425));
#5580=IFCPROPERTYSET('1FWBsjWh6asCD1zOoHJSnJ',#6,'Pset_EnvironmentalImpactIndicators',$,(#403));
#5581=IFCRELDEFINESBYPROPERTIES('0CcIxLAxoHvBvhh7yaoxRd',#6,$,$,(#5578),#5579);
#5582=IFCRELDEFINESBYPROPERTIES('1Qu6nC46zITY4$V_$R1DCd',#6,$,$,(#5578),#5580);
#5583=IFCQUANTITYLENGTH('Width','',$,1200.,$);
#5584=IFCQUANTITYLENGTH('Height','',$,2000.0000000000002,$);
#5585=IFCQUANTITYLENGTH('Perimeter','',$,1400.000000001945,$);
#5586=IFCQUANTITYAREA('Area','',$,3.9400000000056292,$);
#5587=IFCELEMENTQUANTITY('3RJtJw4waF_Lj_MzJpKRJP',#6,'Qto_DoorBaseQuantities',$,'BaseQuantities',(#5583,#5584,#5585,#5586));
#5588=IFCRELDEFINESBYPROPERTIES('3avtUQnlNxKjMpvWnkcvLc',#6,$,$,(#5578),#5587);
#5589=IFCAXIS2PLACEMENT3D(#10,$,$);
#5590=IFCAXIS2PLACEMENT3D(#10,$,$);
#5591=IFCAXIS2PLACEMENT3D(#10,$,$);
#5592=IFCCARTESIANPOINTLIST2D(((-250.00000000048439,-600.00000000000637),(250.00000000048439,-600.00000000000637),(250.00000000048439,600.00000000000637),(-250.00000000048439,600.00000000000637),(-250.00000000048439,-600.00000000000637)));
#5593=IFCINDEXEDPOLYCURVE(#5592,$,.F.);
#5594=IFCARBITRARYCLOSEDPROFILEDEF(.AREA.,'DoorV2',#5593);
#5595=IFCCARTESIANPOINT((-0.,0.,2000.));
#5596=IFCAXIS2PLACEMENT3D(#5595,#49,#146);
#5597=IFCEXTRUDEDAREASOLID(#5594,#5596,#49,200.);
#5598=IFCCARTESIANPOINTLIST2D(((-250.00000000048439,-99.999999999998252),(250.00000000048439,-99.999999999998252),(250.00000000048439,99.999999999998252),(-250.00000000048439,99.999999999998252),(-250.00000000048439,-99.999999999998252)));
#5599=IFCINDEXEDPOLYCURVE(#5598,$,.F.);
#5600=IFCARBITRARYCLOSEDPROFILEDEF(.AREA.,'DoorV2',#5599);
#5601=IFCCARTESIANPOINT((500.,0.,0.));
#5602=IFCAXIS2PLACEMENT3D(#5601,#49,#146);
#5603=IFCEXTRUDEDAREASOLID(#5600,#5602,#49,1999.9999999999959);
#5604=IFCCARTESIANPOINTLIST2D(((-250.00000000048439,-100.00000000000129),(250.00000000048439,-100.00000000000129),(250.00000000048439,100.00000000000129),(-250.00000000048439,100.00000000000129),(-250.00000000048439,-100.00000000000129)));
#5605=IFCINDEXEDPOLYCURVE(#5604,$,.F.);
#5606=IFCARBITRARYCLOSEDPROFILEDEF(.AREA.,'DoorV2',#5605);
#5607=IFCCARTESIANPOINT((-500.,0.,0.));
#5608=IFCAXIS2PLACEMENT3D(#5607,#49,#146);
#5609=IFCEXTRUDEDAREASOLID(#5606,#5608,#49,2000.0000000000002);
#5610=IFCSTYLEDITEM(#5597,(#2399),$);
#5611=IFCSTYLEDITEM(#5603,(#2399),$);
#5612=IFCSTYLEDITEM(#5609,(#2399),$);
#5613=IFCSHAPEREPRESENTATION(#15,'Body','SweptSolid',(#5597,#5603,#5609));
#5614=IFCAXIS2PLACEMENT3D(#10,$,$);
#5615=IFCREPRESENTATIONMAP(#5614,#5613);
#5616=IFCDOORLININGPROPERTIES('0tST5p$2H8xxCcbRaOQUWP',#6,'DoorV2:DoorV2:1768706',$,$,$,$,$,$,$,$,$,$,$,$,$,$);
#5617=IFCDOORPANELPROPERTIES('0tST5p$2H8xxCcbReOQUWP',#6,'DoorV2:DoorV2:1768706:1',$,$,.NOTDEFINED.,$,.NOTDEFINED.,$);
#5618=IFCDOORTYPE('3Xhlk0uTsGNeaS9_c3iSI$',#6,'DoorV2:DoorV2',$,$,(#5616,#5617),(#5615),'1721182',$,.DOOR.,.NOTDEFINED.,$,$);
#5619=IFCMAPPEDITEM(#5615,#2518);
#5620=IFCSHAPEREPRESENTATION(#15,'Body','MappedRepresentation',(#5619));
#5621=IFCPRODUCTDEFINITIONSHAPE($,$,(#5620));
#5622=IFCCARTESIANPOINT((13393.855799156705,2312.2273530372022,-1000.));
#5623=IFCDIRECTION((-0.35836794954529877,0.93358042649720241,0.));
#5624=IFCAXIS2PLACEMENT3D(#5622,#49,#5623);
#5625=IFCLOCALPLACEMENT(#24,#5624);
#5626=IFCDOOR('0tST5p$2H8xxCcbRWOQUWP',#6,'DoorV2:DoorV2:1768706',$,$,#5625,#5621,'1768706',1170.3740868164393,2399.9999999999991,.DOOR.,$,$);
#5627=IFCPROPERTYSET('0uJPp2KsNVmugqaQ1P69Xq',#6,'Pset_DoorCommon',$,(#403,#1425));
#5628=IFCPROPERTYSET('3DguMIPkbwp5omhr73PO2H',#6,'Pset_EnvironmentalImpactIndicators',$,(#403));
#5629=IFCRELDEFINESBYPROPERTIES('1X_SkN9EGsj2ocGB3cCyAY',#6,$,$,(#5626),#5627);
#5630=IFCRELDEFINESBYPROPERTIES('1k8OfCNtiP6aEt7uNOjXlS',#6,$,$,(#5626),#5628);
#5631=IFCQUANTITYLENGTH('Width','',$,1200.,$);
#5632=IFCQUANTITYLENGTH('Height','',$,2000.0000000000002,$);
#5633=IFCQUANTITYLENGTH('Perimeter','',$,1400.0000000019427,$);
#5634=IFCQUANTITYAREA('Area','',$,3.9400000000056234,$);
#5635=IFCELEMENTQUANTITY('3mOeTiVawhcarGo5mA6LPD',#6,'Qto_DoorBaseQuantities',$,'BaseQuantities',(#5631,#5632,#5633,#5634));
#5636=IFCRELDEFINESBYPROPERTIES('0P$xdpxEVsI$KJhIJHT2xG',#6,$,$,(#5626),#5635);
#5637=IFCMAPPEDITEM(#5615,#2518);
#5638=IFCSHAPEREPRESENTATION(#15,'Body','MappedRepresentation',(#5637));
#5639=IFCPRODUCTDEFINITIONSHAPE($,$,(#5638));
#5640=IFCCARTESIANPOINT((14501.962195668732,-574.48850303354595,-1000.));
#5641=IFCDIRECTION((0.35836794954529877,-0.93358042649720241,0.));
#5642=IFCAXIS2PLACEMENT3D(#5640,#49,#5641);
#5643=IFCLOCALPLACEMENT(#24,#5642);
#5644=IFCDOOR('0tST5p$2H8xxCcbRWOQUXK',#6,'DoorV2:DoorV2:1768783',$,$,#5643,#5639,'1768783',1170.3740868164393,2399.9999999999991,.DOOR.,$,$);
#5645=IFCPROPERTYSET('1qpTN8RV$GiuuhjIjLeQaz',#6,'Pset_DoorCommon',$,(#403,#1425));
#5646=IFCPROPERTYSET('1wa7iQD_I2dn4ZZZBB_VmH',#6,'Pset_EnvironmentalImpactIndicators',$,(#403));
#5647=IFCRELDEFINESBYPROPERTIES('1whqO0y9g_a7H6keK9uvKc',#6,$,$,(#5644),#5645);
#5648=IFCRELDEFINESBYPROPERTIES('0rG1GqsnKIdXK_97OnKrgE',#6,$,$,(#5644),#5646);
#5649=IFCQUANTITYLENGTH('Width','',$,1200.,$);
#5650=IFCQUANTITYLENGTH('Height','',$,2000.0000000000002,$);
#5651=IFCQUANTITYLENGTH('Perimeter','',$,1400.0000000019427,$);
#5652=IFCQUANTITYAREA('Area','',$,3.9400000000056234,$);
#5653=IFCELEMENTQUANTITY('3iF4zEN9HT_878IyyVfLiq',#6,'Qto_DoorBaseQuantities',$,'BaseQuantities',(#5649,#5650,#5651,#5652));
#5654=IFCRELDEFINESBYPROPERTIES('3jRCIgMlH66AISbdGCk1xt',#6,$,$,(#5644),#5653);
#5655=IFCCARTESIANPOINT((11653.335171776169,-9937.9628792970598,381.13712779234601));
#5656=IFCAXIS2PLACEMENT3D(#5655,#49,#146);
#5657=IFCLOCALPLACEMENT(#40,#5656);
#5658=IFCPRODUCTDEFINITIONSHAPE($,$,(#5670));
#5659=IFCCOLOURRGBLIST(((1.,0.65098039215686276,0.82352941176470584)));
#5660=IFCINDEXEDPOLYGONALFACE((1,2,3,4));
#5661=IFCINDEXEDPOLYGONALFACE((1,4,5,6));
#5662=IFCINDEXEDPOLYGONALFACE((4,3,7,5));
#5663=IFCINDEXEDPOLYGONALFACE((3,2,8,7));
#5664=IFCINDEXEDPOLYGONALFACE((2,1,6,8));
#5665=IFCINDEXEDPOLYGONALFACE((6,5,7,8));
#5666=IFCCARTESIANPOINTLIST3D(((7480.0436672784908,-474.42689650954708,0.),(162.79288368500784,-2909.1242690540039,0.),(0.,-2436.3394054477976,0.),(7322.185756902355,0.,0.),(7322.185756902355,0.,994.73913826570788),(7480.0436672784908,-474.42689650954708,816.10308640205221),(0.,-2436.3394054477976,458.37608522425762),(162.79288368500784,-2909.1242690540039,280.10152888099401)));
#5667=IFCPOLYGONALFACESET(#5666,.T.,(#5660,#5661,#5662,#5663,#5664,#5665),$);
#5668=IFCINDEXEDCOLOURMAP(#5667,1.,#5659,(1,1,1,1,1,1));
#5669=IFCSTYLEDITEM(#5667,(#64),$);
#5670=IFCSHAPEREPRESENTATION(#15,'Body','Tessellation',(#5667));
#5671=IFCWALL('1aMTge6B9DK9$RHbrOwo4u',#6,'Wall_ontop:Wall_ontop:1770791',$,$,#5657,#5658,'1770791',.NOTDEFINED.);
#5672=IFCWALLTYPE('1aMTge6B9DK9$RHbrOwo4w',#6,'Wall_ontop:Wall_ontop',$,$,$,$,'1770789',$,.NOTDEFINED.);
#5673=IFCPROPERTYSINGLEVALUE('Reference',$,IFCIDENTIFIER('Wall_ontop'),$);
#5674=IFCPROPERTYSET('2Pmjmx2rcuJh57DsRuFJlk',#6,'Pset_EnvironmentalImpactIndicators',$,(#5673));
#5675=IFCPROPERTYSINGLEVALUE('Reference',$,IFCLABEL('Wall_ontop'),$);
#5676=IFCPROPERTYSET('1K8ahDrz1WepxTDnJHmHFN',#6,'Pset_ReinforcementBarPitchOfWall',$,(#5675));
#5677=IFCPROPERTYSET('2_ERmM2By_ymda$mEN8$NU',#6,'Pset_WallCommon',$,(#1425,#5673));
#5678=IFCRELDEFINESBYPROPERTIES('3r9ey$ODWkBzyeTnNpskEq',#6,$,$,(#5671),#5674);
#5679=IFCRELDEFINESBYPROPERTIES('067ccAhLAmR2A4Bnx38f35',#6,$,$,(#5671),#5676);
#5680=IFCRELDEFINESBYPROPERTIES('0MCJIdQIpixREXTPvxottS',#6,$,$,(#5671),#5677);
#5681=IFCQUANTITYVOLUME('NetVolume','',$,2.4583076833398469,$);
#5682=IFCELEMENTQUANTITY('0RKpbi$IR2_G09gK88bHUs',#6,'Qto_WallBaseQuantities',$,'BaseQuantities',(#5681));
#5683=IFCRELDEFINESBYPROPERTIES('1702junm5uYKWi$mwCTsrQ',#6,$,$,(#5671),#5682);
#5684=IFCPROPERTYSINGLEVALUE('Reference',$,IFCIDENTIFIER('8mm Head'),$);
#5685=IFCPROPERTYSINGLEVALUE('AboveGround',$,IFCLOGICAL(.U.),$);
#5686=IFCPROPERTYSET('16L50AfyZF4hYq5TGET4H4',#6,'Pset_BuildingStoreyCommon',$,(#5684,#5685));
#5687=IFCRELDEFINESBYPROPERTIES('2VdfSfkgzGoZi_3SgzE8$0',#6,$,$,(#25),#5686);
#5688=IFCRELCONTAINEDINSPATIALSTRUCTURE('2JF4e6axWHqu3u0C5FZlmi',#6,$,$,(#67,#126,#253,#285,#317,#1109,#1173,#1217,#1302,#1335,#1366,#2270,#2468,#2525,#2599,#2659,#2713,#2772,#2792,#2842,#3242,#3293,#3311,#3620,#3662,#4035,#4092,#4143,#4194,#4365,#4383,#4437,#4502,#4716,#5098,#5248,#5280,#5306,#5339,#5367,#5392,#5448,#5485,#5626,#5644),#25);
#5689=IFCPROPERTYSET('1n34enW33Z_3Qq2Pm1kjQZ',#6,'Pset_BuildingStoreyCommon',$,(#5684,#5685));
#5690=IFCRELDEFINESBYPROPERTIES('36oM8gyLQ5_Z6XoGK5uP1E',#6,$,$,(#29),#5689);
#5691=IFCRELCONTAINEDINSPATIALSTRUCTURE('1ZGO8hrFCHqw0v0066FpFv',#6,$,$,(#361,#444,#499,#568,#640,#1462,#1510,#1554,#1624,#1726,#2086,#2297,#2443,#2892,#2909,#3009,#3059,#3076,#3362,#3398,#3518,#3638,#3773,#4245,#4263,#4314,#4401,#4419,#4741,#5220,#5435),#29);
#5692=IFCPROPERTYSET('3AXCvJM8Wn31yHmAEhTBzx',#6,'Pset_BuildingStoreyCommon',$,(#5684,#5685));
#5693=IFCRELDEFINESBYPROPERTIES('0k89WegfoBYkW7PQdAxkth',#6,$,$,(#33),#5692);
#5694=IFCRELCONTAINEDINSPATIALSTRUCTURE('112HIUctr2yw5OqZkr3k75',#6,$,$,(#703,#801,#921,#993,#1058,#1811,#1883,#1989,#2055,#2198,#2348,#2417,#2959,#3093,#3157,#3177,#3197,#3380,#3449,#3467,#3569,#3884,#4556,#4574,#4601,#4629,#4690,#4793,#4837,#4932,#4957,#5008,#5053,#5125,#5173,#5461,#5578),#33);
#5695=IFCPROPERTYSET('3lDFJnOpvhNUlV4yq_EUjM',#6,'Pset_BuildingStoreyCommon',$,(#5684,#5685));
#5696=IFCRELDEFINESBYPROPERTIES('1___4rqDoFkjoWe82IO25C',#6,$,$,(#37),#5695);
#5697=IFCRELCONTAINEDINSPATIALSTRUCTURE('2Pn2gPaDD7hh0SQroREd3H',#6,$,$,(#4657,#4887),#37);
#5698=IFCPROPERTYSET('28iU_kdufeeDW1fi3JlBRj',#6,'Pset_BuildingStoreyCommon',$,(#5684,#5685));
#5699=IFCRELDEFINESBYPROPERTIES('1OCtuL5yvdDINisNH3iQLn',#6,$,$,(#41),#5698);
#5700=IFCRELCONTAINEDINSPATIALSTRUCTURE('2ngzEiy0LAuAASKIvClK$R',#6,$,$,(#5671),#41);
#5701=IFCRELAGGREGATES('33YPkQ58PgGMs$32dWijNN',#6,$,$,#18,(#44));
#5702=IFCRELAGGREGATES('1Xblqr5ldFAQ2M8wEjFx7X',#6,$,$,#44,(#22));
#5703=IFCRELAGGREGATES('1yhDISh1T5aQqAoygxGIhP',#6,$,$,#22,(#25,#29,#33,#37,#41));
#5704=IFCPROPERTYSINGLEVALUE('NumberOfStoreys',$,IFCINTEGER(5),$);
#5705=IFCPROPERTYSINGLEVALUE('IsLandmarked',$,IFCLOGICAL(.U.),$);
#5706=IFCPROPERTYSET('2Z7MKWb_vc3bUrb6IY2WtU',#6,'Pset_BuildingCommon',$,(#45,#5704,#5705));
#5707=IFCRELDEFINESBYPROPERTIES('3mRssza92rjaN_EiFLamxK',#6,$,$,(#22),#5706);
#5708=IFCRELASSOCIATESMATERIAL('0EAzrSWZk_DGBHqRN8GTMv',#6,$,$,(#2581),#2592);
#5709=IFCRELASSOCIATESMATERIAL('2X$rCGG6qgFnnG9wzC_kEi',#6,$,$,(#2599),#2603);
#5710=IFCRELASSOCIATESMATERIAL('1LILtRq4$1N5zZJFDpJzmD',#6,$,$,(#2644),#2652);
#5711=IFCRELASSOCIATESMATERIAL('1yS3CWJfGxp8U$H3cKV_9d',#6,$,$,(#2659),#2662);
#5712=IFCRELASSOCIATESMATERIAL('3mOt9WmrpAB7MKTcR1rs0x',#6,$,$,(#2757),#2765);
#5713=IFCRELASSOCIATESMATERIAL('2mlA2f2rL06EnYNuyVk$eo',#6,$,$,(#2772),#2775);
#5714=IFCRELASSOCIATESMATERIAL('1owS5JORj0$qVgjLO$p1n4',#6,$,$,(#3143),#3150);
#5715=IFCRELASSOCIATESMATERIAL('2C$qzoLK$ocFlum4JRJR2_',#6,$,$,(#3157),#3160);
#5716=IFCRELASSOCIATESMATERIAL('0iKOiQYhPWzirslU035W38',#6,$,$,(#3177),#3180);
#5717=IFCRELASSOCIATESMATERIAL('0d7cvChLPk7XRvTXXjSjBa',#6,$,$,(#4019),#4029);
#5718=IFCRELASSOCIATESMATERIAL('1sNkG1AdWRfDTvP6wyadwp',#6,$,$,(#4035),#4047);
#5719=IFCRELASSOCIATESMATERIAL('1VjXMoafn3pea4Kg7o6CWM',#6,$,$,(#4487),#4494);
#5720=IFCRELASSOCIATESMATERIAL('0F5RvLQ2ImULkSTN4x2eyF',#6,$,$,(#4502),#4505);
#5721=IFCRELASSOCIATESMATERIAL('1V9XAXlnKLPpYHWN35T0vY',#6,$,$,(#67,#126,#253,#285,#317,#361,#444,#499,#568,#640,#703,#801,#921,#993,#1058,#1335,#1420,#1462,#2157,#2235,#4658,#4691,#4717,#4742,#4932,#5672),#78);
#5722=IFCRELASSOCIATESMATERIAL('0ij7OeRyx2eDOuTDTup3LJ',#6,$,$,(#1109,#1173,#1217,#1302,#1510,#1554,#1624,#1726,#5249),#1141);
#5723=IFCRELASSOCIATESMATERIAL('3NuOdn0vIh8XDTc2nm8VnD',#6,$,$,(#1811,#1883,#1989,#2055,#5126,#5174),#1822);
#5724=IFCRELASSOCIATESMATERIAL('0rbvtq1k1XNbL9TSecVLG2',#6,$,$,(#2271,#2317,#2349,#2418,#2444,#2469,#3731,#3844,#3921,#4602,#4630,#5307,#5524),#2272);
#5725=IFCRELASSOCIATESMATERIAL('0aXcgl5phVilfJOGcNBYby',#6,$,$,(#2516,#2525,#2706,#2713,#2792,#2835,#2842,#2885,#2892,#2909,#2952,#2959,#3002,#3009,#3052,#3059,#3076,#3093,#3197,#3234,#3242,#3285,#3293,#3311,#3354,#3362,#3380,#3398,#3441,#3449,#3467,#3510,#3518,#4084,#4092,#4135,#4143,#4186,#4194,#4237,#4245,#4263,#4306,#4314,#4548,#4556,#4574,#4785,#4793,#4880,#4887,#5000,#5008),#2517);
#5726=IFCRELASSOCIATESMATERIAL('2YtcQ2UPkUY7gFAING29NC',#6,$,$,(#3561,#3569,#3612,#3620,#3638,#4357,#4365,#4383,#4401,#4419,#4437,#4830,#4837,#4957,#5045,#5053,#5090,#5098,#5212,#5220,#5428,#5435,#5461,#5570,#5578,#5618,#5626,#5644),#2758);
#5727=IFCRELASSOCIATESMATERIAL('0jFj5eHyGbwRi_TKJPT9Kw',#6,$,$,(#5339,#5367,#5392),#5341);
#5728=IFCRELDEFINESBYTYPE('0eziQnR0o_YPwnU1goEOK7',#6,$,$,(#67,#126,#253,#285,#317,#361,#444,#499,#568,#640,#703,#801,#921,#993,#1058,#1335,#1462,#4932),#79);
#5729=IFCRELDEFINESBYTYPE('1VZQS8gz0cJTWiz9dtlLT0',#6,$,$,(#1109,#1173,#1217,#1302,#1510,#1554,#1624,#1726),#1142);
#5730=IFCRELDEFINESBYTYPE('0u8oL41NON3UxIWyHr5Zp_',#6,$,$,(#1366),#1420);
#5731=IFCRELDEFINESBYTYPE('3hMDhmGEtittcZT6G68Czh',#6,$,$,(#1811,#1883,#1989,#2055),#1823);
#5732=IFCRELDEFINESBYTYPE('2nVWhedcucStb1z5W2vmR_',#6,$,$,(#2086),#2157);
#5733=IFCRELDEFINESBYTYPE('1ybw9Ol4it0L7ksp60QjI3',#6,$,$,(#2198),#2235);
#5734=IFCRELDEFINESBYTYPE('3APmRtWKpTVamwGg$wUNhS',#6,$,$,(#2270),#2271);
#5735=IFCRELDEFINESBYTYPE('3xq4M46QrP5q1ZZ6LzbmPg',#6,$,$,(#2297),#2317);
#5736=IFCRELDEFINESBYTYPE('0NMzs4hHYDdGq5WOmu7jCa',#6,$,$,(#2348),#2349);
#5737=IFCRELDEFINESBYTYPE('23JI7CDvIgITL2Jk48hslX',#6,$,$,(#2417),#2418);
#5738=IFCRELDEFINESBYTYPE('3QGppyLDy17AROlAJZ1Pgg',#6,$,$,(#2443),#2444);
#5739=IFCRELDEFINESBYTYPE('0NoCD1E1nkDSyCPZDZVyn9',#6,$,$,(#2468),#2469);
#5740=IFCRELDEFINESBYTYPE('3yU2QKfXPVyPFXvzv$W86r',#6,$,$,(#2525),#2516);
#5741=IFCRELDEFINESBYTYPE('24T4gPpOcL5HvezQomu1xG',#6,$,$,(#2599),#2581);
#5742=IFCRELDEFINESBYTYPE('0lHOx4oOIj3zToYV2BvMKH',#6,$,$,(#2659),#2644);
#5743=IFCRELDEFINESBYTYPE('1YVfQqYDBwriuIUDzuWFNX',#6,$,$,(#2713,#2792,#3076),#2706);
#5744=IFCRELDEFINESBYTYPE('05T0AFk9rovB0rpyVPJ3Fe',#6,$,$,(#2772),#2757);
#5745=IFCRELDEFINESBYTYPE('1cy38PFmW_mAEbQZVpse1p',#6,$,$,(#2842),#2835);
#5746=IFCRELDEFINESBYTYPE('3aPap6q9_KqO3Ww2vf1E1k',#6,$,$,(#2892,#2909),#2885);
#5747=IFCRELDEFINESBYTYPE('1jp4kGMfnF9HNOqOoG2WPb',#6,$,$,(#2959,#3093,#3197),#2952);
#5748=IFCRELDEFINESBYTYPE('0rxaCsOxiWAcbqqlAfhH0i',#6,$,$,(#3009),#3002);
#5749=IFCRELDEFINESBYTYPE('3TZdAJ7hvU999k0oiinppz',#6,$,$,(#3059),#3052);
#5750=IFCRELDEFINESBYTYPE('0HM73cJyHvWYYxzWs4tf6U',#6,$,$,(#3157,#3177),#3143);
#5751=IFCRELDEFINESBYTYPE('275l$pkEcbbQMcFcnIntal',#6,$,$,(#3242),#3234);
#5752=IFCRELDEFINESBYTYPE('0FS685glYZ8s7ffHnWuPgK',#6,$,$,(#3293,#3311),#3285);
#5753=IFCRELDEFINESBYTYPE('2uIeJ_hYK$AbaGU$CeyHGD',#6,$,$,(#3362,#3380,#3398),#3354);
#5754=IFCRELDEFINESBYTYPE('3LKiABgm7N5lUYbDiO$$pd',#6,$,$,(#3449,#3467),#3441);
#5755=IFCRELDEFINESBYTYPE('1pnyi1ObjMLUN8iHGmCpmu',#6,$,$,(#3518),#3510);
#5756=IFCRELDEFINESBYTYPE('2ViSPcmpXYMz3KHYQ3LCgw',#6,$,$,(#3569),#3561);
#5757=IFCRELDEFINESBYTYPE('3BwoYCGb8FT21q3uIGDus6',#6,$,$,(#3620,#3638),#3612);
#5758=IFCRELDEFINESBYTYPE('3aprFb21AcncZyfYZF5I8b',#6,$,$,(#3662),#3731);
#5759=IFCRELDEFINESBYTYPE('3OiSd4uaF_YV7X4aKlq5_3',#6,$,$,(#3773),#3844);
#5760=IFCRELDEFINESBYTYPE('1o495jXU230xquLzmFDttV',#6,$,$,(#3884),#3921);
#5761=IFCRELDEFINESBYTYPE('1IHRXYNttxSRi_m8Zo0B5H',#6,$,$,(#4035),#4019);
#5762=IFCRELDEFINESBYTYPE('1cSWLaayhryqQrIURwqY54',#6,$,$,(#4092),#4084);
#5763=IFCRELDEFINESBYTYPE('1zVoqa8gN_9c9EyrTvWf$X',#6,$,$,(#4143),#4135);
#5764=IFCRELDEFINESBYTYPE('3IODVdZ5W6NlW9Jh3Y8$Jp',#6,$,$,(#4194),#4186);
#5765=IFCRELDEFINESBYTYPE('1ij9mF7Mjd9Z1pwgPTNjZ3',#6,$,$,(#4245,#4263),#4237);
#5766=IFCRELDEFINESBYTYPE('0lXkXbRvirZ9chDrSjrda4',#6,$,$,(#4314),#4306);
#5767=IFCRELDEFINESBYTYPE('06MvMWpeR$uYmFVS6ru9mk',#6,$,$,(#4365,#4383,#4401,#4419,#4437),#4357);
#5768=IFCRELDEFINESBYTYPE('3D1mdXjsX0P3fEs5pqWktC',#6,$,$,(#4502),#4487);
#5769=IFCRELDEFINESBYTYPE('2XcgWt0PdeWTnUf68LqMt5',#6,$,$,(#4556,#4574),#4548);
#5770=IFCRELDEFINESBYTYPE('3_cR9KzebVY87dPvRIajPG',#6,$,$,(#4601),#4602);
#5771=IFCRELDEFINESBYTYPE('1Hhp4c1sF8QSRYhZzrtB5u',#6,$,$,(#4629),#4630);
#5772=IFCRELDEFINESBYTYPE('3ui7oc72Fqg8eTt2I2Cy6z',#6,$,$,(#4657),#4658);
#5773=IFCRELDEFINESBYTYPE('1OeX7Sq0zJSZK3Ua5kj8a8',#6,$,$,(#4690),#4691);
#5774=IFCRELDEFINESBYTYPE('3ZEdOoCa64rUKbuNEvWAEY',#6,$,$,(#4716),#4717);
#5775=IFCRELDEFINESBYTYPE('3fRtKfR3Q_kW5D5RIM8kjZ',#6,$,$,(#4741),#4742);
#5776=IFCRELDEFINESBYTYPE('25ScEVdeGia5NoG3Pw_DnL',#6,$,$,(#4793),#4785);
#5777=IFCRELDEFINESBYTYPE('3t0NN2Z9zVuXlSJlA2m6w5',#6,$,$,(#4837,#4957),#4830);
#5778=IFCRELDEFINESBYTYPE('1GccAFAoMOBHJ1NYFCCVY8',#6,$,$,(#4887),#4880);
#5779=IFCRELDEFINESBYTYPE('3HEfUC3PseTDa2STV3O1rS',#6,$,$,(#5008),#5000);
#5780=IFCRELDEFINESBYTYPE('3wfVuAcKr_D$PRn7$LopMS',#6,$,$,(#5053),#5045);
#5781=IFCRELDEFINESBYTYPE('1DrMZnrrw9pwb6Jf5owbSv',#6,$,$,(#5098),#5090);
#5782=IFCRELDEFINESBYTYPE('3wFdMtlmLRC9n4V2YASnGx',#6,$,$,(#5125),#5126);
#5783=IFCRELDEFINESBYTYPE('10f4YVsBOC7_fwudvEJ4CA',#6,$,$,(#5173),#5174);
#5784=IFCRELDEFINESBYTYPE('0cPGvsAHnDhuZnw2p2N8Fx',#6,$,$,(#5220),#5212);
#5785=IFCRELDEFINESBYTYPE('1LXA8H3956SZfShxDPFOMb',#6,$,$,(#5248,#5280),#5249);
#5786=IFCRELDEFINESBYTYPE('2iB1_e1rcgLBZsOb9MuNu2',#6,$,$,(#5306),#5307);
#5787=IFCRELDEFINESBYTYPE('3_C0I9212jrHi$Xmu60Kcb',#6,$,$,(#5339),#5340);
#5788=IFCRELDEFINESBYTYPE('2ghWFRz6onWUjIHhD1BuDT',#6,$,$,(#5367),#5368);
#5789=IFCRELDEFINESBYTYPE('2z2Eg9M7TGZUOpibESfla4',#6,$,$,(#5392),#5393);
#5790=IFCRELDEFINESBYTYPE('3rtyWldbXhaF3Vm5aYkqBg',#6,$,$,(#5435,#5461),#5428);
#5791=IFCRELDEFINESBYTYPE('23j8klZlMyEa8K3UejupTB',#6,$,$,(#5448),#5449);
#5792=IFCRELDEFINESBYTYPE('3GrhEoBTdoUkMeMqCp43py',#6,$,$,(#5485),#5524);
#5793=IFCRELDEFINESBYTYPE('04IqWV8lAHQwj5oOpMfrDu',#6,$,$,(#5578),#5570);
#5794=IFCRELDEFINESBYTYPE('05iR4p0kMStriE2XYvvZYD',#6,$,$,(#5626,#5644),#5618);
#5795=IFCRELDEFINESBYTYPE('2XoFxuRkjyEF5AB7kDwTb6',#6,$,$,(#5671),#5672);
#5796=IFCPRESENTATIONLAYERASSIGNMENT('A-WALL',$,(#55,#66,#98,#125,#151,#252,#276,#284,#308,#316,#341,#360,#416,#443,#467,#498,#548,#567,#616,#639,#664,#702,#753,#800,#824,#920,#944,#992,#1016,#1057,#1082,#1108,#1164,#1172,#1197,#1216,#1266,#1301,#1326,#1334,#1365,#1453,#1461,#1486,#1509,#1534,#1553,#1604,#1623,#1698,#1725,#1750,#1810,#1840,#1882,#1932,#1988,#2013,#2054,#2085,#2197,#2269,#2296,#2347,#2416,#2442,#2467,#3661,#3772,#3883,#4600,#4628,#4656,#4689,#4715,#4740,#4904,#4931,#5124,#5172,#5484,#5670),$);
#5797=IFCPRESENTATIONLAYERASSIGNMENT('A-DOOR',$,(#376,#509,#577,#714,#1411,#1564,#1654,#1892,#2306,#2511,#2520,#2576,#2584,#2587,#2590,#2594,#2639,#2647,#2650,#2654,#3229,#3236,#3706,#3722,#4014,#4021,#4024,#4027,#4031,#4037,#4040,#4043,#4045,#4079,#4086,#4825,#4832,#4951,#5040,#5047,#5085,#5092,#5207,#5214,#5423,#5430,#5456,#5494,#5513,#5565,#5572,#5613,#5620,#5638),$);
#5798=IFCPRESENTATIONLAYERASSIGNMENT('A-GLAZ',$,(#1118,#1226,#1374,#1392,#1633,#2094,#2112,#2130,#2148,#2206,#2224,#2702,#2708,#2753,#2760,#2763,#2767,#2787,#2831,#2837,#2881,#2887,#2904,#2948,#2954,#2998,#3004,#3048,#3054,#3071,#3088,#3139,#3145,#3148,#3152,#3172,#3192,#3281,#3287,#3305,#3350,#3356,#3374,#3392,#3437,#3443,#3461,#3506,#3512,#3557,#3563,#3608,#3614,#3632,#3670,#3688,#3781,#3799,#3817,#3835,#3892,#3910,#4131,#4137,#4182,#4188,#4233,#4239,#4257,#4302,#4308,#4353,#4359,#4377,#4395,#4413,#4431,#4483,#4489,#4492,#4496,#4544,#4550,#4568,#4781,#4787,#4876,#4882,#4996,#5002),$);
#5799=IFCPRESENTATIONLAYERASSIGNMENT('S-COLS',$,(#5247,#5279,#5305),$);
#5800=IFCPRESENTATIONLAYERASSIGNMENT('S-STRS',$,(#5334,#5362,#5387),$);
#5801=IFCCARTESIANPOINTLIST2D(((0.,161.71444324793538),(1399.9999999999984,161.71444324793544),(1399.9999999999984,61.714443247964333),(1750.0000000000011,5.4143356464919485E-013),(1750.0000000000011,1523.4288864959256),(1399.9999999999984,1461.714443247932),(1399.9999999999984,1361.7144432479331),(0.,1361.7144432479331),(0.,161.71444324793538)));
#5802=IFCINDEXEDPOLYCURVE(#5801,$,.F.);
#5803=IFCARBITRARYCLOSEDPROFILEDEF(.AREA.,$,#5802);
#5804=IFCAXIS2PLACEMENT3D(#10,#146,#49);
#5805=IFCEXTRUDEDAREASOLID(#5803,#5804,#49,500.00000000000006);
#5806=IFCSHAPEREPRESENTATION(#15,'Body','SweptSolid',(#5805));
#5807=IFCPRODUCTDEFINITIONSHAPE($,$,(#5806));
#5808=IFCCARTESIANPOINT((1938.285556752038,-250.,2112.0635322596736));
#5809=IFCAXIS2PLACEMENT3D(#5808,$,$);
#5810=IFCLOCALPLACEMENT(#95,#5809);
#5811=IFCOPENINGELEMENT('0jDSqZFgU1Ie2yrni4qe41',#6,'arch_piattabanda:StoneWindowArch:1696394:1',$,$,#5810,#5807,'1696394',.OPENING.);
#5812=IFCRELVOIDSELEMENT('2jXvyeVVHFE9GajKukYuS6',#6,$,$,#126,#5811);
#5813=IFCQUANTITYLENGTH('Depth',$,$,500.00000000000006,$);
#5814=IFCQUANTITYAREA('Area',$,$,2.1916000551367802,$);
#5815=IFCQUANTITYVOLUME('Volume',$,$,1095.8000275683903,$);
#5816=IFCELEMENTQUANTITY('1cpP5cM899RTKaeLk1dSde',#6,'Qto_OpeningElementBaseQuantities',$,'BaseQuantities',(#5813,#5814,#5815));
#5817=IFCRELDEFINESBYPROPERTIES('2WniAjy2fLRd$CL2JjtSO8',#6,$,$,(#5811),#5816);
#5818=IFCRELFILLSELEMENT('2vq2rUjo1izYi5LdtUXECl',#6,$,$,#5811,#2772);
#5819=IFCAXIS2PLACEMENT3D(#10,$,$);
#5820=IFCLOCALPLACEMENT(#5810,#5819);
#5821=IFCCARTESIANPOINTLIST2D(((1800.0000000000002,2199.9999999999991),(1800.0000000000002,1999.9999999999861),(0.,1999.9999999999861),(0.,200.00000000000111),(1800.0000000000002,200.00000000000111),(1800.0000000000002,0.),(2000.0000000000018,0.),(2000.0000000000018,2199.9999999999991),(1800.0000000000002,2199.9999999999991)));
#5822=IFCINDEXEDPOLYCURVE(#5821,$,.F.);
#5823=IFCARBITRARYCLOSEDPROFILEDEF(.AREA.,$,#5822);
#5824=IFCAXIS2PLACEMENT3D(#10,#2553,#49);
#5825=IFCEXTRUDEDAREASOLID(#5823,#5824,#49,500.00000000000006);
#5826=IFCSHAPEREPRESENTATION(#15,'Body','SweptSolid',(#5825));
#5827=IFCPRODUCTDEFINITIONSHAPE($,$,(#5826));
#5828=IFCCARTESIANPOINT((7870.6909928935347,250.,200.));
#5829=IFCAXIS2PLACEMENT3D(#5828,$,$);
#5830=IFCLOCALPLACEMENT(#148,#5829);
#5831=IFCOPENINGELEMENT('0zdX$3Mcrypz6UUlsOtVvy',#6,'Door:Door:1694236:1',$,$,#5830,#5827,'1694236',.OPENING.);
#5832=IFCRELVOIDSELEMENT('2jXvyeVVHFE9GajKukYx_G',#6,$,$,#253,#5831);
#5833=IFCQUANTITYLENGTH('Depth',$,$,500.00000000000006,$);
#5834=IFCQUANTITYAREA('Area',$,$,3.6799999999999757,$);
#5835=IFCQUANTITYVOLUME('Volume',$,$,1839.9999999999882,$);
#5836=IFCELEMENTQUANTITY('0PWDqlX8KrTOTkPomxsgZ1',#6,'Qto_OpeningElementBaseQuantities',$,'BaseQuantities',(#5833,#5834,#5835));
#5837=IFCRELDEFINESBYPROPERTIES('3lx8LpnzD8iu03$AOeGox9',#6,$,$,(#5831),#5836);
#5838=IFCRELFILLSELEMENT('3jWproYAk86VF_FP_lMqU2',#6,$,$,#5831,#2659);
#5839=IFCAXIS2PLACEMENT3D(#10,#49,#506);
#5840=IFCLOCALPLACEMENT(#5830,#5839);
#5841=IFCCARTESIANPOINTLIST2D(((0.,-3.3790422291401856E-027),(1200.,0.),(1200.,1000.0000000000001),(0.,1000.0000000000001),(0.,-3.3790422291401856E-027)));
#5842=IFCINDEXEDPOLYCURVE(#5841,$,.F.);
#5843=IFCARBITRARYCLOSEDPROFILEDEF(.AREA.,$,#5842);
#5844=IFCAXIS2PLACEMENT3D(#10,#146,#49);
#5845=IFCEXTRUDEDAREASOLID(#5843,#5844,#49,500.00000000000006);
#5846=IFCSHAPEREPRESENTATION(#15,'Body','SweptSolid',(#5845));
#5847=IFCPRODUCTDEFINITIONSHAPE($,$,(#5846));
#5848=IFCCARTESIANPOINT((4370.6909928935347,-250.,1014.7035637443724));
#5849=IFCAXIS2PLACEMENT3D(#5848,$,$);
#5850=IFCLOCALPLACEMENT(#148,#5849);
#5851=IFCOPENINGELEMENT('0nzzjTj4n4qkUzowVtIDUh',#6,'Window1:StoneWindows:1695298:1',$,$,#5850,#5847,'1695298',.OPENING.);
#5852=IFCRELVOIDSELEMENT('2jXvyeVVHFE9GajKukYxlE',#6,$,$,#253,#5851);
#5853=IFCQUANTITYLENGTH('Depth',$,$,500.00000000000006,$);
#5854=IFCQUANTITYLENGTH('Height',$,$,1000.0000000000001,$);
#5855=IFCQUANTITYLENGTH('Width',$,$,1200.,$);
#5856=IFCQUANTITYAREA('Area',$,$,1.2000000000000002,$);
#5857=IFCQUANTITYVOLUME('Volume',$,$,600.00000000000011,$);
#5858=IFCELEMENTQUANTITY('0pP6zNXgf13cEZc1yaHpAG',#6,'Qto_OpeningElementBaseQuantities',$,'BaseQuantities',(#5853,#5854,#5855,#5856,#5857));
#5859=IFCRELDEFINESBYPROPERTIES('3kaTfFzM2P8fdRh$j5Mm6V',#6,$,$,(#5851),#5858);
#5860=IFCRELFILLSELEMENT('2CQcMcTSIYXD2yMSoyIB9T',#6,$,$,#5851,#2713);
#5861=IFCAXIS2PLACEMENT3D(#10,$,$);
#5862=IFCLOCALPLACEMENT(#5850,#5861);
#5863=IFCCARTESIANPOINTLIST2D(((2199.9999999999964,184.99999999999841),(2850.0000000000014,834.9999999999967),(2200.,1485.0000000000014),(2200.,1684.999999999997),(2000.0000000000002,1684.999999999997),(2000.0000000000002,1484.9999999999861),(0.,1484.9999999999861),(0.,184.99999999999801),(2000.0000000000002,184.99999999999801),(2000.0000000000002,1.0828671292983911E-012),(2200.0000000000023,1.0828671292983911E-012)));
#5864=IFCINDEXEDPOLYCURVE(#5863,(IFCARCINDEX((1,2,3)),IFCLINEINDEX((3,4,5,6,7,8,9,10,11,1))),.F.);
#5865=IFCARBITRARYCLOSEDPROFILEDEF(.AREA.,$,#5864);
#5866=IFCAXIS2PLACEMENT3D(#10,#146,#49);
#5867=IFCEXTRUDEDAREASOLID(#5865,#5866,#49,500.00000000000006);
#5868=IFCSHAPEREPRESENTATION(#15,'Body','SweptSolid',(#5867));
#5869=IFCPRODUCTDEFINITIONSHAPE($,$,(#5868));
#5870=IFCCARTESIANPOINT((100.,-250.,800.));
#5871=IFCAXIS2PLACEMENT3D(#5870,$,$);
#5872=IFCLOCALPLACEMENT(#148,#5871);
#5873=IFCOPENINGELEMENT('31cRr43SNFPVFrI3GFJdVX',#6,'Arch1:Arch1:1692921:1',$,$,#5872,#5869,'1692921',.OPENING.);
#5874=IFCRELVOIDSELEMENT('2jXvyeVVHFE9GajKukYx5r',#6,$,$,#253,#5873);
#5875=IFCQUANTITYLENGTH('Depth',$,$,500.00000000000006,$);
#5876=IFCQUANTITYAREA('Area',$,$,3.6006703430530989,$);
#5877=IFCQUANTITYVOLUME('Volume',$,$,1800.3351715265496,$);
#5878=IFCELEMENTQUANTITY('1oTwME_sBH_OnfGknwLgd5',#6,'Qto_OpeningElementBaseQuantities',$,'BaseQuantities',(#5875,#5876,#5877));
#5879=IFCRELDEFINESBYPROPERTIES('35zGeW_b26j1xlQOcrA4iG',#6,$,$,(#5873),#5878);
#5880=IFCRELFILLSELEMENT('2YiX$iNTtZKCc3XvZd9Uq1',#6,$,$,#5873,#2525);
#5881=IFCAXIS2PLACEMENT3D(#10,$,$);
#5882=IFCLOCALPLACEMENT(#5872,#5881);
#5883=IFCCARTESIANPOINTLIST2D(((1600.000000000002,1800.0000000000059),(0.,1800.0000000000064),(0.,1.3535839116229878E-012),(1599.9999999999991,-6.0891598999064432E-027),(2500.0000000000014,900.0000000000025)));
#5884=IFCINDEXEDPOLYCURVE(#5883,(IFCLINEINDEX((1,2,3,4)),IFCARCINDEX((4,5,1))),.F.);
#5885=IFCARBITRARYCLOSEDPROFILEDEF(.AREA.,$,#5884);
#5886=IFCAXIS2PLACEMENT3D(#10,#146,#49);
#5887=IFCEXTRUDEDAREASOLID(#5885,#5886,#49,500.00000000000006);
#5888=IFCSHAPEREPRESENTATION(#15,'Body','SweptSolid',(#5887));
#5889=IFCPRODUCTDEFINITIONSHAPE($,$,(#5888));
#5890=IFCCARTESIANPOINT((1870.6909928935299,-250.,800.));
#5891=IFCAXIS2PLACEMENT3D(#5890,$,$);
#5892=IFCLOCALPLACEMENT(#148,#5891);
#5893=IFCOPENINGELEMENT('04EQzLu_nJlyKJM2HjZ2LD',#6,'enclosed_arch:enclosed_arch:1693023:1',$,$,#5892,#5889,'1693023',.OPENING.);
#5894=IFCRELVOIDSELEMENT('2jXvyeVVHFE9GajKukYx3J',#6,$,$,#253,#5893);
#5895=IFCQUANTITYLENGTH('Depth',$,$,500.00000000000006,$);
#5896=IFCQUANTITYAREA('Area',$,$,4.1527190917921839,$);
#5897=IFCQUANTITYVOLUME('Volume',$,$,2076.3595458960922,$);
#5898=IFCELEMENTQUANTITY('1iipwAb1O6uqDDyZi5$_bo',#6,'Qto_OpeningElementBaseQuantities',$,'BaseQuantities',(#5895,#5896,#5897));
#5899=IFCRELDEFINESBYPROPERTIES('3ogvbuwoM7ohLf8pk4KrEI',#6,$,$,(#5893),#5898);
#5900=IFCRELFILLSELEMENT('0imkfrft9Wdee555_byZEo',#6,$,$,#5893,#2599);
#5901=IFCAXIS2PLACEMENT3D(#10,$,$);
#5902=IFCLOCALPLACEMENT(#5892,#5901);
#5903=IFCCARTESIANPOINTLIST2D(((0.,-3.3790422291401856E-027),(1200.,0.),(1200.,1000.0000000000001),(0.,1000.0000000000001),(0.,-3.3790422291401856E-027)));
#5904=IFCINDEXEDPOLYCURVE(#5903,$,.F.);
#5905=IFCARBITRARYCLOSEDPROFILEDEF(.AREA.,$,#5904);
#5906=IFCAXIS2PLACEMENT3D(#10,#146,#49);
#5907=IFCEXTRUDEDAREASOLID(#5905,#5906,#49,500.00000000000006);
#5908=IFCSHAPEREPRESENTATION(#15,'Body','SweptSolid',(#5907));
#5909=IFCPRODUCTDEFINITIONSHAPE($,$,(#5908));
#5910=IFCCARTESIANPOINT((7170.6909928935311,-250.,2700.));
#5911=IFCAXIS2PLACEMENT3D(#5910,$,$);
#5912=IFCLOCALPLACEMENT(#148,#5911);
#5913=IFCOPENINGELEMENT('24s1RUl3z2Zk2gbMdLUlW7',#6,'Window1:StoneWindows:1697902:1',$,$,#5912,#5909,'1697902',.OPENING.);
#5914=IFCRELVOIDSELEMENT('2jXvyeVVHFE9GajKukYutY',#6,$,$,#253,#5913);
#5915=IFCQUANTITYLENGTH('Depth',$,$,500.00000000000006,$);
#5916=IFCQUANTITYLENGTH('Height',$,$,1000.0000000000001,$);
#5917=IFCQUANTITYLENGTH('Width',$,$,1200.,$);
#5918=IFCQUANTITYAREA('Area',$,$,1.2000000000000002,$);
#5919=IFCQUANTITYVOLUME('Volume',$,$,600.00000000000011,$);
#5920=IFCELEMENTQUANTITY('0SZatOgIdUhD3gMfU8q7x4',#6,'Qto_OpeningElementBaseQuantities',$,'BaseQuantities',(#5915,#5916,#5917,#5918,#5919));
#5921=IFCRELDEFINESBYPROPERTIES('2cbeA9GrTy6oHN9DQur8b7',#6,$,$,(#5913),#5920);
#5922=IFCRELFILLSELEMENT('1uytIGNs$q$P0ZDbcKQA$g',#6,$,$,#5913,#2792);
#5923=IFCAXIS2PLACEMENT3D(#10,$,$);
#5924=IFCLOCALPLACEMENT(#5912,#5923);
#5925=IFCCARTESIANPOINTLIST2D(((0.,-3.0411380062261673E-027),(900.00000000000011,0.),(900.00000000000011,900.00000000000011),(0.,900.00000000000011),(0.,-3.0411380062261673E-027)));
#5926=IFCINDEXEDPOLYCURVE(#5925,$,.F.);
#5927=IFCARBITRARYCLOSEDPROFILEDEF(.AREA.,$,#5926);
#5928=IFCAXIS2PLACEMENT3D(#10,#146,#49);
#5929=IFCEXTRUDEDAREASOLID(#5927,#5928,#49,500.00000000000006);
#5930=IFCSHAPEREPRESENTATION(#15,'Body','SweptSolid',(#5929));
#5931=IFCPRODUCTDEFINITIONSHAPE($,$,(#5930));
#5932=IFCCARTESIANPOINT((6070.6909928935338,-250.,2700.));
#5933=IFCAXIS2PLACEMENT3D(#5932,$,$);
#5934=IFCLOCALPLACEMENT(#148,#5933);
#5935=IFCOPENINGELEMENT('0NqrYpWFaUkmyTYNVjfudb',#6,'Window1:StoneWindows:1697914:1',$,$,#5934,#5931,'1697914',.OPENING.);
#5936=IFCRELVOIDSELEMENT('2jXvyeVVHFE9GajKukYuts',#6,$,$,#253,#5935);
#5937=IFCQUANTITYLENGTH('Depth',$,$,500.00000000000006,$);
#5938=IFCQUANTITYLENGTH('Height',$,$,900.00000000000011,$);
#5939=IFCQUANTITYLENGTH('Width',$,$,900.00000000000011,$);
#5940=IFCQUANTITYAREA('Area',$,$,0.81000000000000005,$);
#5941=IFCQUANTITYVOLUME('Volume',$,$,405.00000000000006,$);
#5942=IFCELEMENTQUANTITY('10RVKHkc6hpbdIuLMBBTap',#6,'Qto_OpeningElementBaseQuantities',$,'BaseQuantities',(#5937,#5938,#5939,#5940,#5941));
#5943=IFCRELDEFINESBYPROPERTIES('39YBspsCV9bUqS5xbXKOz0',#6,$,$,(#5935),#5942);
#5944=IFCRELFILLSELEMENT('2PUYuj7KftNOj70OlUD4Jm',#6,$,$,#5935,#2842);
#5945=IFCAXIS2PLACEMENT3D(#10,$,$);
#5946=IFCLOCALPLACEMENT(#5934,#5945);
#5947=IFCCARTESIANPOINTLIST2D(((0.,-4.4869944631949524E-029),(1500.,-3.8737718865582906E-027),(1500.,1000.0000000000001),(0.,1000.0000000000001),(0.,-4.4869944631949524E-029)));
#5948=IFCINDEXEDPOLYCURVE(#5947,$,.F.);
#5949=IFCARBITRARYCLOSEDPROFILEDEF(.AREA.,$,#5948);
#5950=IFCAXIS2PLACEMENT3D(#10,#2553,#49);
#5951=IFCEXTRUDEDAREASOLID(#5949,#5950,#49,500.00000000000006);
#5952=IFCSHAPEREPRESENTATION(#15,'Body','SweptSolid',(#5951));
#5953=IFCPRODUCTDEFINITIONSHAPE($,$,(#5952));
#5954=IFCCARTESIANPOINT((1900.,250.,1000.));
#5955=IFCAXIS2PLACEMENT3D(#5954,$,$);
#5956=IFCLOCALPLACEMENT(#413,#5955);
#5957=IFCOPENINGELEMENT('1AN4t0EhzUjT5SeJRu8njU',#6,'Window1:StoneWindows:1698181:1',$,$,#5956,#5953,'1698181',.OPENING.);
#5958=IFCRELVOIDSELEMENT('3Jmmvoko5D$RwQG7gPqCw5',#6,$,$,#444,#5957);
#5959=IFCQUANTITYLENGTH('Depth',$,$,500.00000000000006,$);
#5960=IFCQUANTITYLENGTH('Height',$,$,1500.,$);
#5961=IFCQUANTITYLENGTH('Width',$,$,1000.0000000000001,$);
#5962=IFCQUANTITYAREA('Area',$,$,1.5000000000000002,$);
#5963=IFCQUANTITYVOLUME('Volume',$,$,750.00000000000023,$);
#5964=IFCELEMENTQUANTITY('25zInOrm8Tlcs5mnfswuNC',#6,'Qto_OpeningElementBaseQuantities',$,'BaseQuantities',(#5959,#5960,#5961,#5962,#5963));
#5965=IFCRELDEFINESBYPROPERTIES('0CnFcSk6dv_rPjNetTD1ui',#6,$,$,(#5957),#5964);
#5966=IFCRELFILLSELEMENT('0xTlP4_mMCJ9dwJHCmoaVZ',#6,$,$,#5957,#2892);
#5967=IFCAXIS2PLACEMENT3D(#10,#49,#506);
#5968=IFCLOCALPLACEMENT(#5956,#5967);
#5969=IFCCARTESIANPOINTLIST2D(((0.,-4.4869944631949524E-029),(1500.,-3.8737718865582906E-027),(1500.,1000.0000000000001),(0.,1000.0000000000001),(0.,-4.4869944631949524E-029)));
#5970=IFCINDEXEDPOLYCURVE(#5969,$,.F.);
#5971=IFCARBITRARYCLOSEDPROFILEDEF(.AREA.,$,#5970);
#5972=IFCAXIS2PLACEMENT3D(#10,#2553,#49);
#5973=IFCEXTRUDEDAREASOLID(#5971,#5972,#49,500.00000000000006);
#5974=IFCSHAPEREPRESENTATION(#15,'Body','SweptSolid',(#5973));
#5975=IFCPRODUCTDEFINITIONSHAPE($,$,(#5974));
#5976=IFCCARTESIANPOINT((4439.2458086782472,250.,1000.));
#5977=IFCAXIS2PLACEMENT3D(#5976,$,$);
#5978=IFCLOCALPLACEMENT(#413,#5977);
#5979=IFCOPENINGELEMENT('2y8V2H6cAasklRdCZo8fif',#6,'Window1:StoneWindows:1698388:1',$,$,#5978,#5975,'1698388',.OPENING.);
#5980=IFCRELVOIDSELEMENT('3Jmmvoko5D$RwQG7gPqCrK',#6,$,$,#444,#5979);
#5981=IFCQUANTITYLENGTH('Depth',$,$,500.00000000000006,$);
#5982=IFCQUANTITYLENGTH('Height',$,$,1500.,$);
#5983=IFCQUANTITYLENGTH('Width',$,$,1000.0000000000001,$);
#5984=IFCQUANTITYAREA('Area',$,$,1.5000000000000002,$);
#5985=IFCQUANTITYVOLUME('Volume',$,$,750.00000000000023,$);
#5986=IFCELEMENTQUANTITY('2dUJsI5emLj5gY0P5VriOV',#6,'Qto_OpeningElementBaseQuantities',$,'BaseQuantities',(#5981,#5982,#5983,#5984,#5985));
#5987=IFCRELDEFINESBYPROPERTIES('3$VBg33GqOW3co$rvDTM0U',#6,$,$,(#5979),#5986);
#5988=IFCRELFILLSELEMENT('0Dym$vjvAItsKJYGgRs3Ec',#6,$,$,#5979,#2909);
#5989=IFCAXIS2PLACEMENT3D(#10,#49,#506);
#5990=IFCLOCALPLACEMENT(#5978,#5989);
#5991=IFCCARTESIANPOINTLIST2D(((0.,-4.0548506749682223E-027),(1600.,0.),(1600.,1200.),(0.,1200.),(0.,-4.0548506749682223E-027)));
#5992=IFCINDEXEDPOLYCURVE(#5991,$,.F.);
#5993=IFCARBITRARYCLOSEDPROFILEDEF(.AREA.,$,#5992);
#5994=IFCAXIS2PLACEMENT3D(#10,#146,#49);
#5995=IFCEXTRUDEDAREASOLID(#5993,#5994,#49,500.00000000000006);
#5996=IFCSHAPEREPRESENTATION(#15,'Body','SweptSolid',(#5995));
#5997=IFCPRODUCTDEFINITIONSHAPE($,$,(#5996));
#5998=IFCCARTESIANPOINT((4470.6909928935356,-250.,291.91557169220329));
#5999=IFCAXIS2PLACEMENT3D(#5998,$,$);
#6000=IFCLOCALPLACEMENT(#464,#5999);
#6001=IFCOPENINGELEMENT('15k1Pyv14ygVMgARTiO3x1',#6,'Window1:StoneWindows:1698799:1',$,$,#6000,#5997,'1698799',.OPENING.);
#6002=IFCRELVOIDSELEMENT('08pzrbE8X9reLLOne2mNlM',#6,$,$,#499,#6001);
#6003=IFCQUANTITYLENGTH('Depth',$,$,500.00000000000006,$);
#6004=IFCQUANTITYLENGTH('Height',$,$,1200.,$);
#6005=IFCQUANTITYLENGTH('Width',$,$,1600.,$);
#6006=IFCQUANTITYAREA('Area',$,$,1.9200000000000002,$);
#6007=IFCQUANTITYVOLUME('Volume',$,$,960.00000000000023,$);
#6008=IFCELEMENTQUANTITY('2Z$UqMOttl3Vj0eoSQt2jw',#6,'Qto_OpeningElementBaseQuantities',$,'BaseQuantities',(#6003,#6004,#6005,#6006,#6007));
#6009=IFCRELDEFINESBYPROPERTIES('078nxiLrXs6sO08QoDojF1',#6,$,$,(#6001),#6008);
#6010=IFCRELFILLSELEMENT('0fGZRSXkwWzYtTFVHU2pTZ',#6,$,$,#6001,#3009);
#6011=IFCAXIS2PLACEMENT3D(#10,$,$);
#6012=IFCLOCALPLACEMENT(#6000,#6011);
#6013=IFCCARTESIANPOINTLIST2D(((0.,-4.0548506749682223E-027),(1600.,0.),(1600.,1200.),(0.,1200.),(0.,-4.0548506749682223E-027)));
#6014=IFCINDEXEDPOLYCURVE(#6013,$,.F.);
#6015=IFCARBITRARYCLOSEDPROFILEDEF(.AREA.,$,#6014);
#6016=IFCAXIS2PLACEMENT3D(#10,#146,#49);
#6017=IFCEXTRUDEDAREASOLID(#6015,#6016,#49,500.00000000000006);
#6018=IFCSHAPEREPRESENTATION(#15,'Body','SweptSolid',(#6017));
#6019=IFCPRODUCTDEFINITIONSHAPE($,$,(#6018));
#6020=IFCCARTESIANPOINT((6670.6909928935356,-250.,291.91557169220977));
#6021=IFCAXIS2PLACEMENT3D(#6020,$,$);
#6022=IFCLOCALPLACEMENT(#464,#6021);
#6023=IFCOPENINGELEMENT('0OnwwmiG5FeowXd630qRh8',#6,'Window1:BrickWindow:1698974:1',$,$,#6022,#6019,'1698974',.OPENING.);
#6024=IFCRELVOIDSELEMENT('08pzrbE8X9reLLOne2mNod',#6,$,$,#499,#6023);
#6025=IFCQUANTITYLENGTH('Depth',$,$,500.00000000000006,$);
#6026=IFCQUANTITYLENGTH('Height',$,$,1200.,$);
#6027=IFCQUANTITYLENGTH('Width',$,$,1600.,$);
#6028=IFCQUANTITYAREA('Area',$,$,1.9200000000000002,$);
#6029=IFCQUANTITYVOLUME('Volume',$,$,960.00000000000023,$);
#6030=IFCELEMENTQUANTITY('12iWzj$9YUEDaa9_$6TLQd',#6,'Qto_OpeningElementBaseQuantities',$,'BaseQuantities',(#6025,#6026,#6027,#6028,#6029));
#6031=IFCRELDEFINESBYPROPERTIES('2AbNPUmJU9By1se3RVYRL$',#6,$,$,(#6023),#6030);
#6032=IFCRELFILLSELEMENT('1M$4k_IVx2Am9d6TPBsw4B',#6,$,$,#6023,#3059);
#6033=IFCAXIS2PLACEMENT3D(#10,$,$);
#6034=IFCLOCALPLACEMENT(#6022,#6033);
#6035=IFCCARTESIANPOINTLIST2D(((0.,-3.3790422291401856E-027),(1200.,0.),(1200.,1000.0000000000001),(0.,1000.0000000000001),(0.,-3.3790422291401856E-027)));
#6036=IFCINDEXEDPOLYCURVE(#6035,$,.F.);
#6037=IFCARBITRARYCLOSEDPROFILEDEF(.AREA.,$,#6036);
#6038=IFCAXIS2PLACEMENT3D(#10,#146,#49);
#6039=IFCEXTRUDEDAREASOLID(#6037,#6038,#49,500.00000000000006);
#6040=IFCSHAPEREPRESENTATION(#15,'Body','SweptSolid',(#6039));
#6041=IFCPRODUCTDEFINITIONSHAPE($,$,(#6040));
#6042=IFCCARTESIANPOINT((2970.6909928935347,-250.,512.48044712315163));
#6043=IFCAXIS2PLACEMENT3D(#6042,$,$);
#6044=IFCLOCALPLACEMENT(#464,#6043);
#6045=IFCOPENINGELEMENT('244sCFriGs29oRGRwn0GcG',#6,'Window1:StoneWindows:1699030:1',$,$,#6044,#6041,'1699030',.OPENING.);
#6046=IFCRELVOIDSELEMENT('08pzrbE8X9reLLOne2mNpl',#6,$,$,#499,#6045);
#6047=IFCQUANTITYLENGTH('Depth',$,$,500.00000000000006,$);
#6048=IFCQUANTITYLENGTH('Height',$,$,1000.0000000000001,$);
#6049=IFCQUANTITYLENGTH('Width',$,$,1200.,$);
#6050=IFCQUANTITYAREA('Area',$,$,1.2000000000000002,$);
#6051=IFCQUANTITYVOLUME('Volume',$,$,600.00000000000011,$);
#6052=IFCELEMENTQUANTITY('26rwURhy8rc3d$zYJd6AR6',#6,'Qto_OpeningElementBaseQuantities',$,'BaseQuantities',(#6047,#6048,#6049,#6050,#6051));
#6053=IFCRELDEFINESBYPROPERTIES('0urxDnkIb1E4zGFzHpLMv4',#6,$,$,(#6045),#6052);
#6054=IFCRELFILLSELEMENT('1ljEwcjQ8$hA_CN7zxF0bG',#6,$,$,#6045,#3076);
#6055=IFCAXIS2PLACEMENT3D(#10,$,$);
#6056=IFCLOCALPLACEMENT(#6044,#6055);
#6057=IFCCARTESIANPOINTLIST2D(((0.,1499.9999999999905),(5.4143356464919636E-013,0.),(2200.0000000000018,0.),(2200.0000000000018,1499.9999999999905),(0.,1499.9999999999905)));
#6058=IFCINDEXEDPOLYCURVE(#6057,$,.F.);
#6059=IFCARBITRARYCLOSEDPROFILEDEF(.AREA.,$,#6058);
#6060=IFCAXIS2PLACEMENT3D(#10,#146,#49);
#6061=IFCEXTRUDEDAREASOLID(#6059,#6060,#49,500.00000000000006);
#6062=IFCSHAPEREPRESENTATION(#15,'Body','SweptSolid',(#6061));
#6063=IFCPRODUCTDEFINITIONSHAPE($,$,(#6062));
#6064=IFCCARTESIANPOINT((4150.,-250.,-0.));
#6065=IFCAXIS2PLACEMENT3D(#6064,$,$);
#6066=IFCLOCALPLACEMENT(#613,#6065);
#6067=IFCOPENINGELEMENT('1JoK7FTi6_UuaGHbS3kVbP',#6,'DoorV2:DoorV2:1753723:1',$,$,#6066,#6063,'1753723',.OPENING.);
#6068=IFCRELVOIDSELEMENT('0aLNXoc1TDjApGVIDVMWi8',#6,$,$,#640,#6067);
#6069=IFCQUANTITYLENGTH('Depth',$,$,500.00000000000006,$);
#6070=IFCQUANTITYLENGTH('Height',$,$,2200.0000000000014,$);
#6071=IFCQUANTITYLENGTH('Width',$,$,1499.9999999999854,$);
#6072=IFCQUANTITYAREA('Area',$,$,3.299999999999979,$);
#6073=IFCQUANTITYVOLUME('Volume',$,$,1649.9999999999898,$);
#6074=IFCELEMENTQUANTITY('0muT8XAPm$fkk7OzUVG8YM',#6,'Qto_OpeningElementBaseQuantities',$,'BaseQuantities',(#6069,#6070,#6071,#6072,#6073));
#6075=IFCRELDEFINESBYPROPERTIES('02KjIf1Lihf5oDAmGADa8c',#6,$,$,(#6067),#6074);
#6076=IFCRELFILLSELEMENT('1MHIJRC2UeLAHkOzOZ2HGe',#6,$,$,#6067,#5435);
#6077=IFCAXIS2PLACEMENT3D(#10,$,$);
#6078=IFCLOCALPLACEMENT(#6066,#6077);
#6079=IFCCARTESIANPOINTLIST2D(((0.,0.),(1500.,0.),(1500.,1400.),(0.,1400.),(0.,0.)));
#6080=IFCINDEXEDPOLYCURVE(#6079,$,.F.);
#6081=IFCARBITRARYCLOSEDPROFILEDEF(.AREA.,$,#6080);
#6082=IFCAXIS2PLACEMENT3D(#10,#2553,#49);
#6083=IFCEXTRUDEDAREASOLID(#6081,#6082,#49,500.00000000000006);
#6084=IFCSHAPEREPRESENTATION(#15,'Body','SweptSolid',(#6083));
#6085=IFCPRODUCTDEFINITIONSHAPE($,$,(#6084));
#6086=IFCCARTESIANPOINT((2800.,250.,400.));
#6087=IFCAXIS2PLACEMENT3D(#6086,$,$);
#6088=IFCLOCALPLACEMENT(#750,#6087);
#6089=IFCOPENINGELEMENT('1uu2niPE7N6Xbn4tfTms5q',#6,'Window1:StoneWindows:1698403:1',$,$,#6088,#6085,'1698403',.OPENING.);
#6090=IFCRELVOIDSELEMENT('3Jmmvoko5D$RwQG7gPqCrZ',#6,$,$,#801,#6089);
#6091=IFCQUANTITYLENGTH('Depth',$,$,500.00000000000006,$);
#6092=IFCQUANTITYLENGTH('Height',$,$,1500.,$);
#6093=IFCQUANTITYLENGTH('Width',$,$,1400.,$);
#6094=IFCQUANTITYAREA('Area',$,$,2.1000000000000001,$);
#6095=IFCQUANTITYVOLUME('Volume',$,$,1050.0000000000002,$);
#6096=IFCELEMENTQUANTITY('34zJHsXYEwkUiTUv0fLXz9',#6,'Qto_OpeningElementBaseQuantities',$,'BaseQuantities',(#6091,#6092,#6093,#6094,#6095));
#6097=IFCRELDEFINESBYPROPERTIES('0crqwZkDPP_mElifILrW6U',#6,$,$,(#6089),#6096);
#6098=IFCRELFILLSELEMENT('1m8qWF3ozYiLmhyXsQTHR4',#6,$,$,#6089,#2959);
#6099=IFCAXIS2PLACEMENT3D(#10,#49,#506);
#6100=IFCLOCALPLACEMENT(#6088,#6099);
#6101=IFCCARTESIANPOINTLIST2D(((0.,0.),(1500.,0.),(1500.,1400.),(0.,1400.),(0.,0.)));
#6102=IFCINDEXEDPOLYCURVE(#6101,$,.F.);
#6103=IFCARBITRARYCLOSEDPROFILEDEF(.AREA.,$,#6102);
#6104=IFCAXIS2PLACEMENT3D(#10,#2553,#49);
#6105=IFCEXTRUDEDAREASOLID(#6103,#6104,#49,500.00000000000006);
#6106=IFCSHAPEREPRESENTATION(#15,'Body','SweptSolid',(#6105));
#6107=IFCPRODUCTDEFINITIONSHAPE($,$,(#6106));
#6108=IFCCARTESIANPOINT((5244.368262314767,250.,400.));
#6109=IFCAXIS2PLACEMENT3D(#6108,$,$);
#6110=IFCLOCALPLACEMENT(#750,#6109);
#6111=IFCOPENINGELEMENT('2voeuWqgRp_KGmxGv0AGFQ',#6,'Window1:StoneWindows:1699250:1',$,$,#6110,#6107,'1699250',.OPENING.);
#6112=IFCRELVOIDSELEMENT('08pzrbE8X9reLLOne2mNsB',#6,$,$,#801,#6111);
#6113=IFCQUANTITYLENGTH('Depth',$,$,500.00000000000006,$);
#6114=IFCQUANTITYLENGTH('Height',$,$,1500.,$);
#6115=IFCQUANTITYLENGTH('Width',$,$,1400.,$);
#6116=IFCQUANTITYAREA('Area',$,$,2.1000000000000001,$);
#6117=IFCQUANTITYVOLUME('Volume',$,$,1050.0000000000002,$);
#6118=IFCELEMENTQUANTITY('2SZjPQtl$ktLRx_n$usaJW',#6,'Qto_OpeningElementBaseQuantities',$,'BaseQuantities',(#6113,#6114,#6115,#6116,#6117));
#6119=IFCRELDEFINESBYPROPERTIES('0lTRDrrB2uDQeRLrIslg5U',#6,$,$,(#6111),#6118);
#6120=IFCRELFILLSELEMENT('2tRuT6GfwKrzSvV4JAAP_a',#6,$,$,#6111,#3093);
#6121=IFCAXIS2PLACEMENT3D(#10,#49,#506);
#6122=IFCLOCALPLACEMENT(#6110,#6121);
#6123=IFCCARTESIANPOINTLIST2D(((0.,1.0828671292983905E-012),(999.99999999999898,-4.373535944427138E-027),(1650.0000000000309,650.00000000003342),(999.99999999999818,1300.0000000000673),(1.3535839116229909E-013,1300.0000000000673)));
#6124=IFCINDEXEDPOLYCURVE(#6123,(IFCLINEINDEX((1,2)),IFCARCINDEX((2,3,4)),IFCLINEINDEX((4,5,1))),.F.);
#6125=IFCARBITRARYCLOSEDPROFILEDEF(.AREA.,$,#6124);
#6126=IFCAXIS2PLACEMENT3D(#10,#2553,#49);
#6127=IFCEXTRUDEDAREASOLID(#6125,#6126,#49,500.00000000000006);
#6128=IFCSHAPEREPRESENTATION(#15,'Body','SweptSolid',(#6127));
#6129=IFCPRODUCTDEFINITIONSHAPE($,$,(#6128));
#6130=IFCCARTESIANPOINT((3600.,250.,455.90000000016801));
#6131=IFCAXIS2PLACEMENT3D(#6130,$,$);
#6132=IFCLOCALPLACEMENT(#821,#6131);
#6133=IFCOPENINGELEMENT('3lAMZnBWoMA_MzrfjyxmP0',#6,'archi_window_closed:StoneWindowArch:1699279:1',$,$,#6132,#6129,'1699279',.OPENING.);
#6134=IFCRELVOIDSELEMENT('08pzrbE8X9reLLOne2mNts',#6,$,$,#921,#6133);
#6135=IFCQUANTITYLENGTH('Depth',$,$,500.00000000000006,$);
#6136=IFCQUANTITYAREA('Area',$,$,1.9636703198321148,$);
#6137=IFCQUANTITYVOLUME('Volume',$,$,981.83515991605748,$);
#6138=IFCELEMENTQUANTITY('1B0$JjTKNZoI_639H7CbWf',#6,'Qto_OpeningElementBaseQuantities',$,'BaseQuantities',(#6135,#6136,#6137));
#6139=IFCRELDEFINESBYPROPERTIES('347tpCwQPqkhGAwFQ_KEim',#6,$,$,(#6133),#6138);
#6140=IFCRELFILLSELEMENT('0FZVY61m$SFQBo230ObY6J',#6,$,$,#6133,#3157);
#6141=IFCAXIS2PLACEMENT3D(#10,#49,#506);
#6142=IFCLOCALPLACEMENT(#6132,#6141);
#6143=IFCCARTESIANPOINTLIST2D(((0.,-2.1771584954859052E-027),(999.99999999999898,-4.373535944427138E-027),(1650.0000000000309,650.00000000003342),(999.99999999999818,1300.0000000000662),(1.3535839116229909E-013,1300.0000000000662)));
#6144=IFCINDEXEDPOLYCURVE(#6143,(IFCLINEINDEX((1,2)),IFCARCINDEX((2,3,4)),IFCLINEINDEX((4,5,1))),.F.);
#6145=IFCARBITRARYCLOSEDPROFILEDEF(.AREA.,$,#6144);
#6146=IFCAXIS2PLACEMENT3D(#10,#2553,#49);
#6147=IFCEXTRUDEDAREASOLID(#6145,#6146,#49,500.00000000000006);
#6148=IFCSHAPEREPRESENTATION(#15,'Body','SweptSolid',(#6147));
#6149=IFCPRODUCTDEFINITIONSHAPE($,$,(#6148));
#6150=IFCCARTESIANPOINT((7570.6909928935675,250.,455.90000000016801));
#6151=IFCAXIS2PLACEMENT3D(#6150,$,$);
#6152=IFCLOCALPLACEMENT(#821,#6151);
#6153=IFCOPENINGELEMENT('3pWOkIjikI4GcNaNXJWUMz',#6,'archi_window_closed:StoneWindowArch:1700425:1',$,$,#6152,#6149,'1700425',.OPENING.);
#6154=IFCRELVOIDSELEMENT('08pzrbE8X9reLLOne2mM9m',#6,$,$,#921,#6153);
#6155=IFCQUANTITYLENGTH('Depth',$,$,500.00000000000006,$);
#6156=IFCQUANTITYAREA('Area',$,$,1.9636703198321148,$);
#6157=IFCQUANTITYVOLUME('Volume',$,$,981.83515991605748,$);
#6158=IFCELEMENTQUANTITY('3RuaSeFgXnFzR$tVJl3bTQ',#6,'Qto_OpeningElementBaseQuantities',$,'BaseQuantities',(#6155,#6156,#6157));
#6159=IFCRELDEFINESBYPROPERTIES('1DGw2UgT4Oi0whI$vtsda7',#6,$,$,(#6153),#6158);
#6160=IFCRELFILLSELEMENT('0EVZfztdqgrc4APj6lY2_E',#6,$,$,#6153,#3177);
#6161=IFCAXIS2PLACEMENT3D(#10,#49,#506);
#6162=IFCLOCALPLACEMENT(#6152,#6161);
#6163=IFCCARTESIANPOINTLIST2D(((0.,-4.7306591207962604E-027),(1500.,0.),(1500.,1400.),(0.,1400.),(0.,-4.7306591207962604E-027)));
#6164=IFCINDEXEDPOLYCURVE(#6163,$,.F.);
#6165=IFCARBITRARYCLOSEDPROFILEDEF(.AREA.,$,#6164);
#6166=IFCAXIS2PLACEMENT3D(#10,#2553,#49);
#6167=IFCEXTRUDEDAREASOLID(#6165,#6166,#49,500.00000000000006);
#6168=IFCSHAPEREPRESENTATION(#15,'Body','SweptSolid',(#6167));
#6169=IFCPRODUCTDEFINITIONSHAPE($,$,(#6168));
#6170=IFCCARTESIANPOINT((5970.6909928935374,250.,400.));
#6171=IFCAXIS2PLACEMENT3D(#6170,$,$);
#6172=IFCLOCALPLACEMENT(#821,#6171);
#6173=IFCOPENINGELEMENT('1Q3rDo2ivK3dmS0sbMoP6V',#6,'Window1:StoneWindows:1700630:1',$,$,#6172,#6169,'1700630',.OPENING.);
#6174=IFCRELVOIDSELEMENT('08pzrbE8X9reLLOne2mMCl',#6,$,$,#921,#6173);
#6175=IFCQUANTITYLENGTH('Depth',$,$,500.00000000000006,$);
#6176=IFCQUANTITYLENGTH('Height',$,$,1400.,$);
#6177=IFCQUANTITYLENGTH('Width',$,$,1500.,$);
#6178=IFCQUANTITYAREA('Area',$,$,2.1000000000000001,$);
#6179=IFCQUANTITYVOLUME('Volume',$,$,1050.0000000000002,$);
#6180=IFCELEMENTQUANTITY('18B8dmIH6sFCma63XPseiA',#6,'Qto_OpeningElementBaseQuantities',$,'BaseQuantities',(#6175,#6176,#6177,#6178,#6179));
#6181=IFCRELDEFINESBYPROPERTIES('0fbowLe$ezaYn_uhNZ72GA',#6,$,$,(#6173),#6180);
#6182=IFCRELFILLSELEMENT('2RisFI3nNAfBElXyAle4mz',#6,$,$,#6173,#3197);
#6183=IFCAXIS2PLACEMENT3D(#10,#49,#506);
#6184=IFCLOCALPLACEMENT(#6172,#6183);
#6185=IFCCARTESIANPOINTLIST2D(((0.,1399.999999999987),(5.4143356464919636E-013,0.),(2200.0000000000018,0.),(2200.0000000000018,1399.999999999987),(0.,1399.999999999987)));
#6186=IFCINDEXEDPOLYCURVE(#6185,$,.F.);
#6187=IFCARBITRARYCLOSEDPROFILEDEF(.AREA.,$,#6186);
#6188=IFCAXIS2PLACEMENT3D(#10,#2553,#49);
#6189=IFCEXTRUDEDAREASOLID(#6187,#6188,#49,500.00000000000006);
#6190=IFCSHAPEREPRESENTATION(#15,'Body','SweptSolid',(#6189));
#6191=IFCPRODUCTDEFINITIONSHAPE($,$,(#6190));
#6192=IFCCARTESIANPOINT((5900.,250.,0.));
#6193=IFCAXIS2PLACEMENT3D(#6192,$,$);
#6194=IFCLOCALPLACEMENT(#941,#6193);
#6195=IFCOPENINGELEMENT('0JDe_2vZvzYXYouQkGjplI',#6,'DoorV2:DoorV2:1721146:1',$,$,#6194,#6191,'1721146',.OPENING.);
#6196=IFCRELVOIDSELEMENT('0F0gJxCaz6DgMK0rHJiOZq',#6,$,$,#993,#6195);
#6197=IFCQUANTITYLENGTH('Depth',$,$,500.00000000000006,$);
#6198=IFCQUANTITYLENGTH('Height',$,$,2200.0000000000014,$);
#6199=IFCQUANTITYLENGTH('Width',$,$,1399.9999999999882,$);
#6200=IFCQUANTITYAREA('Area',$,$,3.0799999999999743,$);
#6201=IFCQUANTITYVOLUME('Volume',$,$,1539.9999999999873,$);
#6202=IFCELEMENTQUANTITY('0OECQDH3_7U5HwSAlmiYqC',#6,'Qto_OpeningElementBaseQuantities',$,'BaseQuantities',(#6197,#6198,#6199,#6200,#6201));
#6203=IFCRELDEFINESBYPROPERTIES('2f58xzdtoWmU2AqCZlAb_x',#6,$,$,(#6195),#6202);
#6204=IFCRELFILLSELEMENT('1sdEKpirLUOAzC6DilXkSZ',#6,$,$,#6195,#4837);
#6205=IFCAXIS2PLACEMENT3D(#10,#49,#506);
#6206=IFCLOCALPLACEMENT(#6194,#6205);
#6207=IFCCARTESIANPOINTLIST2D(((0.,-2.8593473172782392E-027),(1299.9999999999991,0.),(1300.,1200.),(0.,1200.),(0.,-2.8593473172782392E-027)));
#6208=IFCINDEXEDPOLYCURVE(#6207,$,.F.);
#6209=IFCARBITRARYCLOSEDPROFILEDEF(.AREA.,$,#6208);
#6210=IFCAXIS2PLACEMENT3D(#10,#146,#49);
#6211=IFCEXTRUDEDAREASOLID(#6209,#6210,#49,500.00000000000006);
#6212=IFCSHAPEREPRESENTATION(#15,'Body','SweptSolid',(#6211));
#6213=IFCPRODUCTDEFINITIONSHAPE($,$,(#6212));
#6214=IFCCARTESIANPOINT((4570.6909928935365,-250.,2900.));
#6215=IFCAXIS2PLACEMENT3D(#6214,$,$);
#6216=IFCLOCALPLACEMENT(#941,#6215);
#6217=IFCOPENINGELEMENT('2OHWkw1ZVJvi2FZi56$fVI',#6,'Window1:StoneWindows:1722401:1',$,$,#6216,#6213,'1722401',.OPENING.);
#6218=IFCRELVOIDSELEMENT('0F0gJxCaz6DgMK0rHJiOFl',#6,$,$,#993,#6217);
#6219=IFCQUANTITYLENGTH('Depth',$,$,500.00000000000006,$);
#6220=IFCQUANTITYLENGTH('Height',$,$,1200.,$);
#6221=IFCQUANTITYLENGTH('Width',$,$,1300.,$);
#6222=IFCQUANTITYAREA('Area',$,$,1.5599999999999996,$);
#6223=IFCQUANTITYVOLUME('Volume',$,$,779.99999999999989,$);
#6224=IFCELEMENTQUANTITY('3qqjmDT4dS0Ww_jZ0xlU7_',#6,'Qto_OpeningElementBaseQuantities',$,'BaseQuantities',(#6219,#6220,#6221,#6222,#6223));
#6225=IFCRELDEFINESBYPROPERTIES('0P2nlXpk8YcOI02Tj1ILw9',#6,$,$,(#6217),#6224);
#6226=IFCRELFILLSELEMENT('0mN4TypqgDn$T_lGUdAhPb',#6,$,$,#6217,#4887);
#6227=IFCAXIS2PLACEMENT3D(#10,$,$);
#6228=IFCLOCALPLACEMENT(#6216,#6227);
#6229=IFCCARTESIANPOINTLIST2D(((0.,1499.9999999999905),(5.4143356464919636E-013,0.),(2200.0000000000018,0.),(2200.0000000000018,1499.9999999999905),(0.,1499.9999999999905)));
#6230=IFCINDEXEDPOLYCURVE(#6229,$,.F.);
#6231=IFCARBITRARYCLOSEDPROFILEDEF(.AREA.,$,#6230);
#6232=IFCAXIS2PLACEMENT3D(#10,#146,#49);
#6233=IFCEXTRUDEDAREASOLID(#6231,#6232,#49,500.00000000000006);
#6234=IFCSHAPEREPRESENTATION(#15,'Body','SweptSolid',(#6233));
#6235=IFCPRODUCTDEFINITIONSHAPE($,$,(#6234));
#6236=IFCCARTESIANPOINT((4150.,-250.,0.));
#6237=IFCAXIS2PLACEMENT3D(#6236,$,$);
#6238=IFCLOCALPLACEMENT(#1013,#6237);
#6239=IFCOPENINGELEMENT('2mJmvY670kiuWmuSylfvHk',#6,'DoorV2:DoorV2:1757903:1',$,$,#6238,#6235,'1757903',.OPENING.);
#6240=IFCRELVOIDSELEMENT('2LX1lxEB13yROcdtoV7Vts',#6,$,$,#1058,#6239);
#6241=IFCQUANTITYLENGTH('Depth',$,$,500.00000000000006,$);
#6242=IFCQUANTITYLENGTH('Height',$,$,2200.0000000000014,$);
#6243=IFCQUANTITYLENGTH('Width',$,$,1499.9999999999854,$);
#6244=IFCQUANTITYAREA('Area',$,$,3.299999999999979,$);
#6245=IFCQUANTITYVOLUME('Volume',$,$,1649.9999999999898,$);
#6246=IFCELEMENTQUANTITY('0seIdvCN0vr6qjOXqSb$Tj',#6,'Qto_OpeningElementBaseQuantities',$,'BaseQuantities',(#6241,#6242,#6243,#6244,#6245));
#6247=IFCRELDEFINESBYPROPERTIES('3gay8RbXpHTZs_z$Ye7Cfo',#6,$,$,(#6239),#6246);
#6248=IFCRELFILLSELEMENT('2WOeJNFMqE_5MXo4vFSA$i',#6,$,$,#6239,#5461);
#6249=IFCAXIS2PLACEMENT3D(#10,$,$);
#6250=IFCLOCALPLACEMENT(#6238,#6249);
#6251=IFCCARTESIANPOINTLIST2D(((0.,0.),(1500.,0.),(1500.,1200.),(0.,1200.),(0.,0.)));
#6252=IFCINDEXEDPOLYCURVE(#6251,$,.F.);
#6253=IFCARBITRARYCLOSEDPROFILEDEF(.AREA.,$,#6252);
#6254=IFCAXIS2PLACEMENT3D(#10,#146,#49);
#6255=IFCEXTRUDEDAREASOLID(#6253,#6254,#49,500.00000000000006);
#6256=IFCSHAPEREPRESENTATION(#15,'Body','SweptSolid',(#6255));
#6257=IFCPRODUCTDEFINITIONSHAPE($,$,(#6256));
#6258=IFCCARTESIANPOINT((2200.,-250.,4036.9768528884133));
#6259=IFCAXIS2PLACEMENT3D(#6258,$,$);
#6260=IFCLOCALPLACEMENT(#1079,#6259);
#6261=IFCOPENINGELEMENT('0Jb4wXng7bivo148GBfMJN',#6,'BrickWindow:BrickWindow:1706998:1',$,$,#6260,#6257,'1706998',.OPENING.);
#6262=IFCRELVOIDSELEMENT('0cmxDOe$H0xREbbtLsIyXc',#6,$,$,#1109,#6261);
#6263=IFCQUANTITYLENGTH('Depth',$,$,500.00000000000006,$);
#6264=IFCQUANTITYLENGTH('Height',$,$,1200.,$);
#6265=IFCQUANTITYLENGTH('Width',$,$,1500.,$);
#6266=IFCQUANTITYAREA('Area',$,$,1.8,$);
#6267=IFCQUANTITYVOLUME('Volume',$,$,900.00000000000011,$);
#6268=IFCELEMENTQUANTITY('0WpdM3t4d9nGVCSSqGqZ0L',#6,'Qto_OpeningElementBaseQuantities',$,'BaseQuantities',(#6263,#6264,#6265,#6266,#6267));
#6269=IFCRELDEFINESBYPROPERTIES('2xlpnr_a0UplnArGbKHtpe',#6,$,$,(#6261),#6268);
#6270=IFCRELFILLSELEMENT('1QtHzLI32lomb3M9GN5pEW',#6,$,$,#6261,#3620);
#6271=IFCAXIS2PLACEMENT3D(#10,$,$);
#6272=IFCLOCALPLACEMENT(#6260,#6271);
#6273=IFCCARTESIANPOINTLIST2D(((0.,0.),(1500.,1.0828671292983927E-012),(1500.,1000.0000000000001),(0.,1000.0000000000001),(0.,0.)));
#6274=IFCINDEXEDPOLYCURVE(#6273,$,.F.);
#6275=IFCARBITRARYCLOSEDPROFILEDEF(.AREA.,$,#6274);
#6276=IFCAXIS2PLACEMENT3D(#10,#2553,#49);
#6277=IFCEXTRUDEDAREASOLID(#6275,#6276,#49,500.00000000000006);
#6278=IFCSHAPEREPRESENTATION(#15,'Body','SweptSolid',(#6277));
#6279=IFCPRODUCTDEFINITIONSHAPE($,$,(#6278));
#6280=IFCCARTESIANPOINT((1215.6539075886494,250.,3798.5786437626862));
#6281=IFCAXIS2PLACEMENT3D(#6280,$,$);
#6282=IFCLOCALPLACEMENT(#1263,#6281);
#6283=IFCOPENINGELEMENT('1T$v0wxHcpxfErWEsyM09T',#6,'BrickWindow:BrickWindow:1712374:1',$,$,#6282,#6279,'1712374',.OPENING.);
#6284=IFCRELVOIDSELEMENT('3PDcirDNvFvA6IW$0uYSLi',#6,$,$,#1302,#6283);
#6285=IFCQUANTITYLENGTH('Depth',$,$,500.00000000000006,$);
#6286=IFCQUANTITYLENGTH('Height',$,$,999.99999999999898,$);
#6287=IFCQUANTITYLENGTH('Width',$,$,1500.,$);
#6288=IFCQUANTITYAREA('Area',$,$,1.4999999999999991,$);
#6289=IFCQUANTITYVOLUME('Volume',$,$,749.99999999999966,$);
#6290=IFCELEMENTQUANTITY('3z1AqkLwA41oqgkqMA8DK8',#6,'Qto_OpeningElementBaseQuantities',$,'BaseQuantities',(#6285,#6286,#6287,#6288,#6289));
#6291=IFCRELDEFINESBYPROPERTIES('3g3vUD5FUyCsdcJ3H1FrNF',#6,$,$,(#6283),#6290);
#6292=IFCRELFILLSELEMENT('2xsBta51jHU9mvp$Q1Vrwi',#6,$,$,#6283,#4437);
#6293=IFCAXIS2PLACEMENT3D(#10,#49,#506);
#6294=IFCLOCALPLACEMENT(#6282,#6293);
#6295=IFCCARTESIANPOINTLIST2D(((0.,1399.9999999999882),(0.,0.),(2200.0000000000018,0.),(2200.0000000000018,1399.9999999999882),(0.,1399.9999999999882)));
#6296=IFCINDEXEDPOLYCURVE(#6295,$,.F.);
#6297=IFCARBITRARYCLOSEDPROFILEDEF(.AREA.,$,#6296);
#6298=IFCAXIS2PLACEMENT3D(#10,#146,#49);
#6299=IFCEXTRUDEDAREASOLID(#6297,#6298,#49,500.00000000000006);
#6300=IFCSHAPEREPRESENTATION(#15,'Body','SweptSolid',(#6299));
#6301=IFCPRODUCTDEFINITIONSHAPE($,$,(#6300));
#6302=IFCCARTESIANPOINT((352.97043442990321,-250.,300.));
#6303=IFCAXIS2PLACEMENT3D(#6302,$,$);
#6304=IFCLOCALPLACEMENT(#1263,#6303);
#6305=IFCOPENINGELEMENT('3CSFCKpYhxYJDlSJhi262z',#6,'DoorV2:DoorV2:1723952:1',$,$,#6304,#6301,'1723952',.OPENING.);
#6306=IFCRELVOIDSELEMENT('0F0gJxCaz6DgMK0rHJiON_',#6,$,$,#1302,#6305);
#6307=IFCQUANTITYLENGTH('Depth',$,$,500.00000000000006,$);
#6308=IFCQUANTITYLENGTH('Height',$,$,2200.0000000000018,$);
#6309=IFCQUANTITYLENGTH('Width',$,$,1399.999999999987,$);
#6310=IFCQUANTITYAREA('Area',$,$,3.0799999999999756,$);
#6311=IFCQUANTITYVOLUME('Volume',$,$,1539.9999999999879,$);
#6312=IFCELEMENTQUANTITY('2F2UHJHLkNzaHNlSExQelP',#6,'Qto_OpeningElementBaseQuantities',$,'BaseQuantities',(#6307,#6308,#6309,#6310,#6311));
#6313=IFCRELDEFINESBYPROPERTIES('2loUsDhhrdQFOoWvivrylC',#6,$,$,(#6305),#6312);
#6314=IFCRELFILLSELEMENT('0sENgNOqi4KvhZj4s2pKPV',#6,$,$,#6305,#5098);
#6315=IFCAXIS2PLACEMENT3D(#10,$,$);
#6316=IFCLOCALPLACEMENT(#6304,#6315);
#6317=IFCCARTESIANPOINTLIST2D(((0.,0.),(1500.,0.),(1500.,1000.0000000000001),(0.,1000.0000000000001),(0.,0.)));
#6318=IFCINDEXEDPOLYCURVE(#6317,$,.F.);
#6319=IFCARBITRARYCLOSEDPROFILEDEF(.AREA.,$,#6318);
#6320=IFCAXIS2PLACEMENT3D(#10,#2553,#49);
#6321=IFCEXTRUDEDAREASOLID(#6319,#6320,#49,500.00000000000006);
#6322=IFCSHAPEREPRESENTATION(#15,'Body','SweptSolid',(#6321));
#6323=IFCPRODUCTDEFINITIONSHAPE($,$,(#6322));
#6324=IFCCARTESIANPOINT((3252.9704344299098,250.,3798.5786437626939));
#6325=IFCAXIS2PLACEMENT3D(#6324,$,$);
#6326=IFCLOCALPLACEMENT(#1263,#6325);
#6327=IFCOPENINGELEMENT('2_ZMCFvzmWpcqCnADuOZDR',#6,'BrickWindow:BrickWindow:1711098:1',$,$,#6326,#6323,'1711098',.OPENING.);
#6328=IFCRELVOIDSELEMENT('2cod_9cnH6lgOHU$$V8box',#6,$,$,#1302,#6327);
#6329=IFCQUANTITYLENGTH('Depth',$,$,500.00000000000006,$);
#6330=IFCQUANTITYLENGTH('Height',$,$,1000.0000000000001,$);
#6331=IFCQUANTITYLENGTH('Width',$,$,1500.,$);
#6332=IFCQUANTITYAREA('Area',$,$,1.5000000000000002,$);
#6333=IFCQUANTITYVOLUME('Volume',$,$,750.00000000000023,$);
#6334=IFCELEMENTQUANTITY('0i3VkHOArQlyZn6oGwn9eP',#6,'Qto_OpeningElementBaseQuantities',$,'BaseQuantities',(#6329,#6330,#6331,#6332,#6333));
#6335=IFCRELDEFINESBYPROPERTIES('1WIjnveJsEn5WrTiFW0Zln',#6,$,$,(#6327),#6334);
#6336=IFCRELFILLSELEMENT('0J1M_3XICJQmEQThL$4Hw8',#6,$,$,#6327,#4383);
#6337=IFCAXIS2PLACEMENT3D(#10,#49,#506);
#6338=IFCLOCALPLACEMENT(#6326,#6337);
#6339=IFCCARTESIANPOINTLIST2D(((0.,0.),(1500.,0.),(1500.,1000.0000000000001),(0.,1000.0000000000001),(0.,0.)));
#6340=IFCINDEXEDPOLYCURVE(#6339,$,.F.);
#6341=IFCARBITRARYCLOSEDPROFILEDEF(.AREA.,$,#6340);
#6342=IFCAXIS2PLACEMENT3D(#10,#2553,#49);
#6343=IFCEXTRUDEDAREASOLID(#6341,#6342,#49,500.00000000000006);
#6344=IFCSHAPEREPRESENTATION(#15,'Body','SweptSolid',(#6343));
#6345=IFCPRODUCTDEFINITIONSHAPE($,$,(#6344));
#6346=IFCCARTESIANPOINT((3252.9704344299034,250.,1700.));
#6347=IFCAXIS2PLACEMENT3D(#6346,$,$);
#6348=IFCLOCALPLACEMENT(#1263,#6347);
#6349=IFCOPENINGELEMENT('1qvr6ucbtVfiWJEfEPyR9Z',#6,'BrickWindow:BrickWindow:1711014:1',$,$,#6348,#6345,'1711014',.OPENING.);
#6350=IFCRELVOIDSELEMENT('2cod_9cnH6lgOHU$$V8bpd',#6,$,$,#1302,#6349);
#6351=IFCQUANTITYLENGTH('Depth',$,$,500.00000000000006,$);
#6352=IFCQUANTITYLENGTH('Height',$,$,1000.0000000000001,$);
#6353=IFCQUANTITYLENGTH('Width',$,$,1500.,$);
#6354=IFCQUANTITYAREA('Area',$,$,1.5000000000000002,$);
#6355=IFCQUANTITYVOLUME('Volume',$,$,750.00000000000023,$);
#6356=IFCELEMENTQUANTITY('2jrsclb1PVa7aguSDddK2Q',#6,'Qto_OpeningElementBaseQuantities',$,'BaseQuantities',(#6351,#6352,#6353,#6354,#6355));
#6357=IFCRELDEFINESBYPROPERTIES('3$FNW6mL2AyOdyXLZfQ2iT',#6,$,$,(#6349),#6356);
#6358=IFCRELFILLSELEMENT('0B2NQQKqOFkai7X7Bdx70h',#6,$,$,#6349,#4365);
#6359=IFCAXIS2PLACEMENT3D(#10,#49,#506);
#6360=IFCLOCALPLACEMENT(#6348,#6359);
#6361=IFCCARTESIANPOINTLIST2D(((0.,0.),(1500.,0.),(1500.,1200.),(0.,1200.),(0.,0.)));
#6362=IFCINDEXEDPOLYCURVE(#6361,$,.F.);
#6363=IFCARBITRARYCLOSEDPROFILEDEF(.AREA.,$,#6362);
#6364=IFCAXIS2PLACEMENT3D(#10,#146,#49);
#6365=IFCEXTRUDEDAREASOLID(#6363,#6364,#49,500.00000000000006);
#6366=IFCSHAPEREPRESENTATION(#15,'Body','SweptSolid',(#6365));
#6367=IFCPRODUCTDEFINITIONSHAPE($,$,(#6366));
#6368=IFCCARTESIANPOINT((2100.,-250.,1500.));
#6369=IFCAXIS2PLACEMENT3D(#6368,$,$);
#6370=IFCLOCALPLACEMENT(#1483,#6369);
#6371=IFCOPENINGELEMENT('1ZE7yqbtMBqaoq3N4mY72Z',#6,'BrickWindow:BrickWindow:1707228:1',$,$,#6370,#6367,'1707228',.OPENING.);
#6372=IFCRELVOIDSELEMENT('0cmxDOe$H0xREbbtLsIyzC',#6,$,$,#1510,#6371);
#6373=IFCQUANTITYLENGTH('Depth',$,$,500.00000000000006,$);
#6374=IFCQUANTITYLENGTH('Height',$,$,1200.,$);
#6375=IFCQUANTITYLENGTH('Width',$,$,1500.,$);
#6376=IFCQUANTITYAREA('Area',$,$,1.8,$);
#6377=IFCQUANTITYVOLUME('Volume',$,$,900.00000000000011,$);
#6378=IFCELEMENTQUANTITY('19oT0su4Vst4b3ynLAYnUo',#6,'Qto_OpeningElementBaseQuantities',$,'BaseQuantities',(#6373,#6374,#6375,#6376,#6377));
#6379=IFCRELDEFINESBYPROPERTIES('1VxvlmQGisA9nslJiJeBSP',#6,$,$,(#6371),#6378);
#6380=IFCRELFILLSELEMENT('2S82sTZGuMGHOKbajOo45o',#6,$,$,#6371,#3638);
#6381=IFCAXIS2PLACEMENT3D(#10,$,$);
#6382=IFCLOCALPLACEMENT(#6370,#6381);
#6383=IFCCARTESIANPOINTLIST2D(((0.,0.),(1500.,1.0828671292983927E-012),(1500.,1000.0000000000001),(0.,1000.0000000000001),(0.,0.)));
#6384=IFCINDEXEDPOLYCURVE(#6383,$,.F.);
#6385=IFCARBITRARYCLOSEDPROFILEDEF(.AREA.,$,#6384);
#6386=IFCAXIS2PLACEMENT3D(#10,#2553,#49);
#6387=IFCEXTRUDEDAREASOLID(#6385,#6386,#49,500.00000000000006);
#6388=IFCSHAPEREPRESENTATION(#15,'Body','SweptSolid',(#6387));
#6389=IFCPRODUCTDEFINITIONSHAPE($,$,(#6388));
#6390=IFCCARTESIANPOINT((1215.6539075886581,250.,1500.));
#6391=IFCAXIS2PLACEMENT3D(#6390,$,$);
#6392=IFCLOCALPLACEMENT(#1695,#6391);
#6393=IFCOPENINGELEMENT('2aUX3NSaDt8dX_t0qAJu5y',#6,'BrickWindow:BrickWindow:1711823:1',$,$,#6392,#6389,'1711823',.OPENING.);
#6394=IFCRELVOIDSELEMENT('2cod_9cnH6lgOHU$$V8bcE',#6,$,$,#1726,#6393);
#6395=IFCQUANTITYLENGTH('Depth',$,$,500.00000000000006,$);
#6396=IFCQUANTITYLENGTH('Height',$,$,999.99999999999898,$);
#6397=IFCQUANTITYLENGTH('Width',$,$,1500.,$);
#6398=IFCQUANTITYAREA('Area',$,$,1.4999999999999991,$);
#6399=IFCQUANTITYVOLUME('Volume',$,$,749.99999999999966,$);
#6400=IFCELEMENTQUANTITY('29uZHR$ogtVBCZu6uSIGJo',#6,'Qto_OpeningElementBaseQuantities',$,'BaseQuantities',(#6395,#6396,#6397,#6398,#6399));
#6401=IFCRELDEFINESBYPROPERTIES('2VmTANoJp3fCDOONVup5gF',#6,$,$,(#6393),#6400);
#6402=IFCRELFILLSELEMENT('1AbZmXMn7BkupVPin5vnS2',#6,$,$,#6393,#4419);
#6403=IFCAXIS2PLACEMENT3D(#10,#49,#506);
#6404=IFCLOCALPLACEMENT(#6392,#6403);
#6405=IFCCARTESIANPOINTLIST2D(((0.,0.),(1500.,1.0828671292983927E-012),(1500.,1000.0000000000001),(0.,1000.0000000000001),(0.,0.)));
#6406=IFCINDEXEDPOLYCURVE(#6405,$,.F.);
#6407=IFCARBITRARYCLOSEDPROFILEDEF(.AREA.,$,#6406);
#6408=IFCAXIS2PLACEMENT3D(#10,#2553,#49);
#6409=IFCEXTRUDEDAREASOLID(#6407,#6408,#49,500.00000000000006);
#6410=IFCSHAPEREPRESENTATION(#15,'Body','SweptSolid',(#6409));
#6411=IFCPRODUCTDEFINITIONSHAPE($,$,(#6410));
#6412=IFCCARTESIANPOINT((3252.9704344299089,250.,1500.));
#6413=IFCAXIS2PLACEMENT3D(#6412,$,$);
#6414=IFCLOCALPLACEMENT(#1695,#6413);
#6415=IFCOPENINGELEMENT('2ycmlyeotds0Db8Y7bMZyR',#6,'BrickWindow:BrickWindow:1711156:1',$,$,#6414,#6411,'1711156',.OPENING.);
#6416=IFCRELVOIDSELEMENT('2cod_9cnH6lgOHU$$V8bjr',#6,$,$,#1726,#6415);
#6417=IFCQUANTITYLENGTH('Depth',$,$,500.00000000000006,$);
#6418=IFCQUANTITYLENGTH('Height',$,$,999.99999999999898,$);
#6419=IFCQUANTITYLENGTH('Width',$,$,1500.,$);
#6420=IFCQUANTITYAREA('Area',$,$,1.4999999999999991,$);
#6421=IFCQUANTITYVOLUME('Volume',$,$,749.99999999999966,$);
#6422=IFCELEMENTQUANTITY('125iXQ8nbJQh3_J5iGRmGJ',#6,'Qto_OpeningElementBaseQuantities',$,'BaseQuantities',(#6417,#6418,#6419,#6420,#6421));
#6423=IFCRELDEFINESBYPROPERTIES('1YDyuiezLtIW4WxROjiL3H',#6,$,$,(#6415),#6422);
#6424=IFCRELFILLSELEMENT('3gsNJaf0i4YnfnxAXl82aw',#6,$,$,#6415,#4401);
#6425=IFCAXIS2PLACEMENT3D(#10,#49,#506);
#6426=IFCLOCALPLACEMENT(#6414,#6425);
#6427=IFCCARTESIANPOINTLIST2D(((0.,0.),(1500.0000000000011,0.),(1500.,1200.),(0.,1200.),(0.,0.)));
#6428=IFCINDEXEDPOLYCURVE(#6427,$,.F.);
#6429=IFCARBITRARYCLOSEDPROFILEDEF(.AREA.,$,#6428);
#6430=IFCAXIS2PLACEMENT3D(#10,#146,#49);
#6431=IFCEXTRUDEDAREASOLID(#6429,#6430,#49,500.00000000000006);
#6432=IFCSHAPEREPRESENTATION(#15,'Body','SweptSolid',(#6431));
#6433=IFCPRODUCTDEFINITIONSHAPE($,$,(#6432));
#6434=IFCCARTESIANPOINT((900.,-250.,852.40978850007809));
#6435=IFCAXIS2PLACEMENT3D(#6434,$,$);
#6436=IFCLOCALPLACEMENT(#1747,#6435);
#6437=IFCOPENINGELEMENT('0aWUNe9bVhmo9tcJ4Hxvpo',#6,'BrickWindow:BrickWindow:1706885:1',$,$,#6436,#6433,'1706885',.OPENING.);
#6438=IFCRELVOIDSELEMENT('0cmxDOe$H0xREbbtLsIyWL',#6,$,$,#1811,#6437);
#6439=IFCQUANTITYLENGTH('Depth',$,$,500.00000000000006,$);
#6440=IFCQUANTITYLENGTH('Height',$,$,1200.,$);
#6441=IFCQUANTITYLENGTH('Width',$,$,1500.,$);
#6442=IFCQUANTITYAREA('Area',$,$,1.8000000000000007,$);
#6443=IFCQUANTITYVOLUME('Volume',$,$,900.00000000000045,$);
#6444=IFCELEMENTQUANTITY('0kVV2PbJ1nPVHYqkkUuqff',#6,'Qto_OpeningElementBaseQuantities',$,'BaseQuantities',(#6439,#6440,#6441,#6442,#6443));
#6445=IFCRELDEFINESBYPROPERTIES('3LIxexRIgoGplIkECQuCrO',#6,$,$,(#6437),#6444);
#6446=IFCRELFILLSELEMENT('0OnK1Kr7SFPomIf8AE8IvV',#6,$,$,#6437,#3569);
#6447=IFCAXIS2PLACEMENT3D(#10,$,$);
#6448=IFCLOCALPLACEMENT(#6436,#6447);
#6449=IFCCARTESIANPOINTLIST2D(((0.,1399.9999999999886),(5.4143356464919636E-013,0.),(2200.0000000000018,0.),(2200.0000000000018,1399.9999999999886),(0.,1399.9999999999886)));
#6450=IFCINDEXEDPOLYCURVE(#6449,$,.F.);
#6451=IFCARBITRARYCLOSEDPROFILEDEF(.AREA.,$,#6450);
#6452=IFCAXIS2PLACEMENT3D(#10,#2553,#49);
#6453=IFCEXTRUDEDAREASOLID(#6451,#6452,#49,499.99999999999983);
#6454=IFCSHAPEREPRESENTATION(#15,'Body','SweptSolid',(#6453));
#6455=IFCPRODUCTDEFINITIONSHAPE($,$,(#6454));
#6456=IFCCARTESIANPOINT((3152.9704344299084,250.,0.));
#6457=IFCAXIS2PLACEMENT3D(#6456,$,$);
#6458=IFCLOCALPLACEMENT(#1837,#6457);
#6459=IFCOPENINGELEMENT('18sJPTd8MtHmdMwiTJZZz2',#6,'DoorV2:DoorV2:1723660:1',$,$,#6458,#6455,'1723660',.OPENING.);
#6460=IFCRELVOIDSELEMENT('0F0gJxCaz6DgMK0rHJiOR2',#6,$,$,#1883,#6459);
#6461=IFCQUANTITYLENGTH('Depth',$,$,500.00000000000006,$);
#6462=IFCQUANTITYLENGTH('Height',$,$,2200.0000000000014,$);
#6463=IFCQUANTITYLENGTH('Width',$,$,1399.9999999999866,$);
#6464=IFCQUANTITYAREA('Area',$,$,3.0799999999999756,$);
#6465=IFCQUANTITYVOLUME('Volume',$,$,1539.9999999999879,$);
#6466=IFCELEMENTQUANTITY('2gj6EkvB5B8xNsR56OxJwl',#6,'Qto_OpeningElementBaseQuantities',$,'BaseQuantities',(#6461,#6462,#6463,#6464,#6465));
#6467=IFCRELDEFINESBYPROPERTIES('3JbX3oeh3Q5xfoY6W4uPd4',#6,$,$,(#6459),#6466);
#6468=IFCRELFILLSELEMENT('35$ixlhNiWfZXmPcdzVhpE',#6,$,$,#6459,#5053);
#6469=IFCAXIS2PLACEMENT3D(#10,#49,#506);
#6470=IFCLOCALPLACEMENT(#6458,#6469);
#6471=IFCCARTESIANPOINTLIST2D(((0.,1199.9999999999877),(5.4143356464919636E-013,2.4364510409213838E-012),(2200.0000000000018,2.4364510409213838E-012),(2200.0000000000018,1199.9999999999877),(0.,1199.9999999999877)));
#6472=IFCINDEXEDPOLYCURVE(#6471,$,.F.);
#6473=IFCARBITRARYCLOSEDPROFILEDEF(.AREA.,$,#6472);
#6474=IFCAXIS2PLACEMENT3D(#10,#2553,#49);
#6475=IFCEXTRUDEDAREASOLID(#6473,#6474,#49,500.00000000000006);
#6476=IFCSHAPEREPRESENTATION(#15,'Body','SweptSolid',(#6475));
#6477=IFCPRODUCTDEFINITIONSHAPE($,$,(#6476));
#6478=IFCCARTESIANPOINT((1800.,250.,0.));
#6479=IFCAXIS2PLACEMENT3D(#6478,$,$);
#6480=IFCLOCALPLACEMENT(#1929,#6479);
#6481=IFCOPENINGELEMENT('0p7rJZA6R22EhyvSWQj3dk',#6,'DoorV2:DoorV2:1765621:1',$,$,#6480,#6477,'1765621',.OPENING.);
#6482=IFCRELVOIDSELEMENT('1L7Qk_WJzBIfm4Xql$3Aef',#6,$,$,#1989,#6481);
#6483=IFCQUANTITYLENGTH('Depth',$,$,500.00000000000006,$);
#6484=IFCQUANTITYLENGTH('Height',$,$,2200.0000000000014,$);
#6485=IFCQUANTITYLENGTH('Width',$,$,1199.9999999999898,$);
#6486=IFCQUANTITYAREA('Area',$,$,2.6399999999999721,$);
#6487=IFCQUANTITYVOLUME('Volume',$,$,1319.9999999999861,$);
#6488=IFCELEMENTQUANTITY('2NX8agsoiG$aA6nd3mWF$Z',#6,'Qto_OpeningElementBaseQuantities',$,'BaseQuantities',(#6483,#6484,#6485,#6486,#6487));
#6489=IFCRELDEFINESBYPROPERTIES('2jyHHLg0KNjHXB3luq53cr',#6,$,$,(#6481),#6488);
#6490=IFCRELFILLSELEMENT('1e8bozEJrKj4I0SboPZsW7',#6,$,$,#6481,#5578);
#6491=IFCAXIS2PLACEMENT3D(#10,#49,#506);
#6492=IFCLOCALPLACEMENT(#6480,#6491);
#6493=IFCCARTESIANPOINTLIST2D(((0.,0.),(1100.,0.),(1100.,1000.0000000000001),(0.,1000.0000000000001),(0.,0.)));
#6494=IFCINDEXEDPOLYCURVE(#6493,$,.F.);
#6495=IFCARBITRARYCLOSEDPROFILEDEF(.AREA.,$,#6494);
#6496=IFCAXIS2PLACEMENT3D(#10,#2553,#49);
#6497=IFCEXTRUDEDAREASOLID(#6495,#6496,#49,500.00000000000006);
#6498=IFCSHAPEREPRESENTATION(#15,'Body','SweptSolid',(#6497));
#6499=IFCPRODUCTDEFINITIONSHAPE($,$,(#6498));
#6500=IFCCARTESIANPOINT((2100.,250.,404.29638336525295));
#6501=IFCAXIS2PLACEMENT3D(#6500,$,$);
#6502=IFCLOCALPLACEMENT(#2010,#6501);
#6503=IFCOPENINGELEMENT('24uSIDQ25zm7yqL4oB0qU$',#6,'Window1:StoneWindows:1720808:1',$,$,#6502,#6499,'1720808',.OPENING.);
#6504=IFCRELVOIDSELEMENT('1ViGEvFsn0QResAUQTv4Um',#6,$,$,#2055,#6503);
#6505=IFCQUANTITYLENGTH('Depth',$,$,500.00000000000006,$);
#6506=IFCQUANTITYLENGTH('Height',$,$,1000.0000000000001,$);
#6507=IFCQUANTITYLENGTH('Width',$,$,1100.,$);
#6508=IFCQUANTITYAREA('Area',$,$,1.1000000000000001,$);
#6509=IFCQUANTITYVOLUME('Volume',$,$,550.00000000000011,$);
#6510=IFCELEMENTQUANTITY('2e6MubG1_bGPbxEJb53pRn',#6,'Qto_OpeningElementBaseQuantities',$,'BaseQuantities',(#6505,#6506,#6507,#6508,#6509));
#6511=IFCRELDEFINESBYPROPERTIES('1JiKzL3dZRe_Qjm7ounWlJ',#6,$,$,(#6503),#6510);
#6512=IFCRELFILLSELEMENT('29Bl$crv2nV016KhsURbQi',#6,$,$,#6503,#4793);
#6513=IFCAXIS2PLACEMENT3D(#10,#49,#506);
#6514=IFCLOCALPLACEMENT(#6502,#6513);
#6515=IFCCARTESIANPOINTLIST2D(((0.,1399.9999999999877),(5.4143356464919636E-013,1.6243006939475892E-012),(2200.0000000000018,1.6243006939475892E-012),(2200.0000000000018,1399.9999999999877),(0.,1399.9999999999877)));
#6516=IFCINDEXEDPOLYCURVE(#6515,$,.F.);
#6517=IFCARBITRARYCLOSEDPROFILEDEF(.AREA.,$,#6516);
#6518=IFCAXIS2PLACEMENT3D(#10,#146,#49);
#6519=IFCEXTRUDEDAREASOLID(#6517,#6518,#49,500.00000000000006);
#6520=IFCSHAPEREPRESENTATION(#15,'Body','SweptSolid',(#6519));
#6521=IFCPRODUCTDEFINITIONSHAPE($,$,(#6520));
#6522=IFCCARTESIANPOINT((4700.,-250.,0.));
#6523=IFCAXIS2PLACEMENT3D(#6522,$,$);
#6524=IFCLOCALPLACEMENT(#4901,#6523);
#6525=IFCOPENINGELEMENT('2_hdAa31VQD$HSEM2NfkaS',#6,'DoorV2:DoorV2:1722979:1',$,$,#6524,#6521,'1722979',.OPENING.);
#6526=IFCRELVOIDSELEMENT('0F0gJxCaz6DgMK0rHJiO6j',#6,$,$,#4932,#6525);
#6527=IFCQUANTITYLENGTH('Depth',$,$,500.00000000000006,$);
#6528=IFCQUANTITYLENGTH('Height',$,$,2200.0000000000014,$);
#6529=IFCQUANTITYLENGTH('Width',$,$,1399.9999999999893,$);
#6530=IFCQUANTITYAREA('Area',$,$,3.079999999999973,$);
#6531=IFCQUANTITYVOLUME('Volume',$,$,1539.9999999999866,$);
#6532=IFCELEMENTQUANTITY('3pP76c4e$_s6S1F1M3qgFB',#6,'Qto_OpeningElementBaseQuantities',$,'BaseQuantities',(#6527,#6528,#6529,#6530,#6531));
#6533=IFCRELDEFINESBYPROPERTIES('2QBB82OU_T$kmBVif14_Hv',#6,$,$,(#6525),#6532);
#6534=IFCRELFILLSELEMENT('3jAd4tyeQGAmNnsAuT9$cg',#6,$,$,#6525,#4957);
#6535=IFCAXIS2PLACEMENT3D(#10,$,$);
#6536=IFCLOCALPLACEMENT(#6524,#6535);
#6537=IFCCARTESIANPOINTLIST2D(((0.,0.),(1500.,5.4143356464919636E-013),(1500.,1200.),(0.,1200.),(0.,0.)));
#6538=IFCINDEXEDPOLYCURVE(#6537,$,.F.);
#6539=IFCARBITRARYCLOSEDPROFILEDEF(.AREA.,$,#6538);
#6540=IFCAXIS2PLACEMENT3D(#10,#2553,#49);
#6541=IFCEXTRUDEDAREASOLID(#6539,#6540,#49,500.00000000000006);
#6542=IFCSHAPEREPRESENTATION(#15,'Body','SweptSolid',(#6541));
#6543=IFCPRODUCTDEFINITIONSHAPE($,$,(#6542));
#6544=IFCCARTESIANPOINT((2100.,250.,570.38044307789016));
#6545=IFCAXIS2PLACEMENT3D(#6544,$,$);
#6546=IFCLOCALPLACEMENT(#4901,#6545);
#6547=IFCOPENINGELEMENT('14K73_1X_fdLuafarIx_$C',#6,'Window1:BrickWindow:1723151:1',$,$,#6546,#6543,'1723151',.OPENING.);
#6548=IFCRELVOIDSELEMENT('0F0gJxCaz6DgMK0rHJiO31',#6,$,$,#4932,#6547);
#6549=IFCQUANTITYLENGTH('Depth',$,$,500.00000000000006,$);
#6550=IFCQUANTITYLENGTH('Height',$,$,1199.9999999999995,$);
#6551=IFCQUANTITYLENGTH('Width',$,$,1500.,$);
#6552=IFCQUANTITYAREA('Area',$,$,1.7999999999999998,$);
#6553=IFCQUANTITYVOLUME('Volume',$,$,900.,$);
#6554=IFCELEMENTQUANTITY('1tep10ybo3UrGHSwVv2lBu',#6,'Qto_OpeningElementBaseQuantities',$,'BaseQuantities',(#6549,#6550,#6551,#6552,#6553));
#6555=IFCRELDEFINESBYPROPERTIES('3Gb5t1AbvID5JImmjMlWsT',#6,$,$,(#6547),#6554);
#6556=IFCRELFILLSELEMENT('0FrllufIgOf3rys_lI6Svj',#6,$,$,#6547,#5008);
#6557=IFCAXIS2PLACEMENT3D(#10,#49,#506);
#6558=IFCLOCALPLACEMENT(#6546,#6557);
#6559=IFCUNITASSIGNMENT((#7,#8,#9,#375));
#6560=IFCAXIS2PLACEMENT3D(#10,$,$);
#6561=IFCAXIS2PLACEMENT3D(#10,$,$);
#6562=IFCAXIS2PLACEMENT3D(#10,$,$);
ENDSEC;

END-ISO-10303-21;