ISO-10303-21;
HEADER;
FILE_DESCRIPTION(('ViewDefinition [ReferenceView_V1.2]','RevitIdentifiers [ContentGUID: 401d5330-9d8a-43e1-bf0e-de9218fac677, VersionGUID: 063c664e-2d91-4f70-9ecc-e2331702c615, NumberOfSaves: 196]','CoordinateReference [CoordinateBase: Shared Coordinates]','ExchangeRequirement [Architecture]'),'2;1');
FILE_NAME('final_example.ifc','2026-09-04T16:32:48+00:00',(''),(''),'ODA SDAI 25.12','Autodesk - Revit 27.0.20.10 (ENU) - 27.0.20.10','');
FILE_SCHEMA(('IFC4'));
ENDSEC;

DATA;
#1=IFCORGANIZATION($,'Autodesk Revit 2027 (ENU)',$,$,$);
#2=IFCAPPLICATION(#1,'2027','Autodesk Revit 2027 (ENU)','Revit');
#3=IFCPERSON($,'','mlauraleonardiT9JLN',$,$,$,$,$);
#4=IFCORGANIZATION($,'Organization Name','Organization Description',$,$);
#5=IFCPERSONANDORGANIZATION(#3,#4,$);
#6=IFCOWNERHISTORY(#5,#2,$,.NOCHANGE.,$,$,$,1778484477);
#7=IFCSIUNIT(*,.LENGTHUNIT.,.MILLI.,.METRE.);
#8=IFCSIUNIT(*,.AREAUNIT.,$,.SQUARE_METRE.);
#9=IFCSIUNIT(*,.VOLUMEUNIT.,$,.CUBIC_METRE.);
#10=IFCCARTESIANPOINT((0.,0.,0.));
#11=IFCAXIS2PLACEMENT3D(#10,$,$);
#12=IFCDIRECTION((0.,1.));
#13=IFCGEOMETRICREPRESENTATIONCONTEXT($,'Model',3,0.01,#11,#12);
#14=IFCGEOMETRICREPRESENTATIONSUBCONTEXT('Axis','Model',*,*,*,*,#13,$,.GRAPH_VIEW.,$);
#15=IFCGEOMETRICREPRESENTATIONSUBCONTEXT('Body','Model',*,*,*,*,#13,$,.MODEL_VIEW.,$);
#16=IFCGEOMETRICREPRESENTATIONSUBCONTEXT('Box','Model',*,*,*,*,#13,$,.MODEL_VIEW.,$);
#17=IFCGEOMETRICREPRESENTATIONSUBCONTEXT('FootPrint','Model',*,*,*,*,#13,$,.MODEL_VIEW.,$);
#18=IFCPROJECT('107LCmdOf3uRyEtfBd1Jc7',#6,'Project Number',$,$,'Project Name','Project Status',(#13),#8201);
#19=IFCPOSTALADDRESS($,$,$,$,('Enter address here\X\0D\X\0AAddress Line 2'),$,'','Boston','','MA');
#20=IFCAXIS2PLACEMENT3D(#10,$,$);
#21=IFCLOCALPLACEMENT(#43,#20);
#22=IFCBUILDING('107LCmdOf3uRyEtfBd1Jc6',#6,'Building Name',$,$,#21,$,'Building Name',.ELEMENT.,$,$,#19);
#23=IFCAXIS2PLACEMENT3D(#10,$,$);
#24=IFCLOCALPLACEMENT(#21,#23);
#25=IFCBUILDINGSTOREY('2JF4e6axWHqu3u0C1FZlmi',#6,'L1',$,$,#24,$,'L1',.ELEMENT.,0.);
#26=IFCCARTESIANPOINT((0.,0.,4100.));
#27=IFCAXIS2PLACEMENT3D(#26,$,$);
#28=IFCLOCALPLACEMENT(#21,#27);
#29=IFCBUILDINGSTOREY('1ZGO8hrFCHqw0v0026FpFv',#6,'L2',$,$,#28,$,'L2',.ELEMENT.,4100.);
#30=IFCCARTESIANPOINT((0.,0.,7600.));
#31=IFCAXIS2PLACEMENT3D(#30,$,$);
#32=IFCLOCALPLACEMENT(#21,#31);
#33=IFCBUILDINGSTOREY('112HIUctr2yw5OqZgr3k75',#6,'L3',$,$,#32,$,'L3',.ELEMENT.,7600.0000000001683);
#34=IFCCARTESIANPOINT((0.,0.,10000.));
#35=IFCAXIS2PLACEMENT3D(#34,$,$);
#36=IFCLOCALPLACEMENT(#21,#35);
#37=IFCBUILDINGSTOREY('2Pn2gPaDD7hh0SQrsREd3H',#6,'L4',$,$,#36,$,'L4',.ELEMENT.,10000.);
#38=IFCCARTESIANPOINT((0.,0.,12300.));
#39=IFCAXIS2PLACEMENT3D(#38,$,$);
#40=IFCLOCALPLACEMENT(#21,#39);
#41=IFCBUILDINGSTOREY('2ngzEiy0LAuAASKIzClK$R',#6,'L5',$,$,#40,$,'L5',.ELEMENT.,12300.000000000002);
#42=IFCAXIS2PLACEMENT3D(#10,$,$);
#43=IFCLOCALPLACEMENT($,#42);
#44=IFCSITE('107LCmdOf3uRyEtfBd1Jc5',#6,'Default',$,$,#43,$,$,.ELEMENT.,(42,21,31,401672),(-71,-3,-24,-345703),0.,$,$);
#45=IFCPROPERTYSINGLEVALUE('Reference',$,IFCIDENTIFIER('Project Information'),$);
#46=IFCPROPERTYSET('0IvnnS_YeHmG2jv$y67X0l',#6,'Pset_SiteCommon',$,(#45));
#47=IFCRELDEFINESBYPROPERTIES('1XUdfESHrbvdws5kTtn8AT',#6,$,$,(#44),#46);
#48=IFCCARTESIANPOINT((14008.282538609679,-10230.393575990563,-1500.));
#49=IFCDIRECTION((0.,0.,1.));
#50=IFCDIRECTION((0.94551857559931674,0.32556815445715664,0.));
#51=IFCAXIS2PLACEMENT3D(#48,#49,#50);
#52=IFCLOCALPLACEMENT(#24,#51);
#53=IFCCARTESIANPOINTLIST3D(((-5.4143356464919636E-013,-1.0828671292983927E-012,0.),(7575.5085749515347,2.1657342585967854E-012,0.)));
#54=IFCINDEXEDPOLYCURVE(#53,$,.F.);
#55=IFCSHAPEREPRESENTATION(#14,'Axis','Curve3D',(#54));
#56=IFCPRODUCTDEFINITIONSHAPE($,$,(#55,#66));
#57=IFCCARTESIANPOINTLIST2D(((7403.3447683067052,-249.99999999999838),(7575.5085749515374,250.00000000000219),(672.19085614677192,250.00000000000139),(172.16380664483381,250.00000000000242),(6.9371175470678287E-013,-249.99999999999898),(7403.3447683067052,-249.99999999999838)));
#58=IFCINDEXEDPOLYCURVE(#57,$,.F.);
#59=IFCARBITRARYCLOSEDPROFILEDEF(.AREA.,$,#58);
#60=IFCAXIS2PLACEMENT3D(#10,$,$);
#61=IFCEXTRUDEDAREASOLID(#59,#60,#49,5600.);
#62=IFCCOLOURRGB($,1.,0.65098039215686276,0.82352941176470584);
#63=IFCSURFACESTYLERENDERING(#62,0.,$,$,$,$,IFCNORMALISEDRATIOMEASURE(0.5),IFCSPECULAREXPONENT(64.),.NOTDEFINED.);
#64=IFCSURFACESTYLE('Tufelli_masonry_typeA',.BOTH.,(#63));
#65=IFCSTYLEDITEM(#61,(#64),$);
#66=IFCSHAPEREPRESENTATION(#15,'Body','SweptSolid',(#61));
#67=IFCWALL('0GisCWViz2PeUrBi4wgVRW',#6,'Basic Wall:Castelnuovo_typeA:1674798',$,$,#52,#56,'1674798',.NOTDEFINED.);
#68=IFCQUANTITYLENGTH('Height',$,$,5600.,$);
#69=IFCQUANTITYLENGTH('Length',$,$,7575.5085749515374,$);
#70=IFCQUANTITYLENGTH('Width',$,$,500.00000000000006,$);
#71=IFCQUANTITYAREA('GrossFootprintArea',$,$,3.7016723841533556,$);
#72=IFCQUANTITYVOLUME('GrossVolume',$,$,20.729365351258775,$);
#73=IFCQUANTITYAREA('GrossSideArea',$,$,20.729365351258775,$);
#74=IFCQUANTITYAREA('NetSideArea',$,$,41.458730702517556,$);
#75=IFCQUANTITYVOLUME('NetVolume',$,$,20.729365351258792,$);
#76=IFCELEMENTQUANTITY('1fLXMeryYvhuq_T8wgcG0B',#6,'Qto_WallBaseQuantities',$,'BaseQuantities',(#68,#69,#70,#71,#72,#73,#74,#75));
#77=IFCRELDEFINESBYPROPERTIES('3wjn_qDmrYianJQXcVNB7D',#6,$,$,(#67),#76);
#78=IFCMATERIAL('Tufelli_masonry_typeA',$,$);
#79=IFCWALLTYPE('07a_aHESvFN8L9kMI1aXUe',#6,'Basic Wall:Castelnuovo_typeA',$,$,(#92),$,'1772251',$,.STANDARD.);
#80=IFCPROPERTYSINGLEVALUE('Reference',$,IFCIDENTIFIER('Castelnuovo_typeA'),$);
#81=IFCPROPERTYSET('11Oc9SN$HrSzmuCKcgBRj2',#6,'Pset_EnvironmentalImpactIndicators',$,(#80));
#82=IFCPROPERTYSINGLEVALUE('Reference',$,IFCLABEL('Castelnuovo_typeA'),$);
#83=IFCPROPERTYSET('0Eil2cEwft_YZTGkkb21IT',#6,'Pset_ReinforcementBarPitchOfWall',$,(#82));
#84=IFCPROPERTYSINGLEVALUE('IsExternal',$,IFCBOOLEAN(.T.),$);
#85=IFCPROPERTYSINGLEVALUE('LoadBearing',$,IFCBOOLEAN(.F.),$);
#86=IFCPROPERTYSINGLEVALUE('ExtendToStructure',$,IFCBOOLEAN(.T.),$);
#87=IFCPROPERTYSET('3Ya6UyKsJ_L5U9RySPPiFb',#6,'Pset_WallCommon',$,(#80,#84,#85,#86));
#88=IFCRELDEFINESBYPROPERTIES('0byueXiT$kwB1Z$vJVMP$1',#6,$,$,(#67),#81);
#89=IFCRELDEFINESBYPROPERTIES('1DwH2Eo_Y$Hb1E62Dl3lE5',#6,$,$,(#67),#83);
#90=IFCRELDEFINESBYPROPERTIES('2vieFEZmwD5cUF8Hpg6Bo9',#6,$,$,(#67),#87);
#91=IFCPROPERTYSINGLEVALUE('Description',$,IFCTEXT('Generic Wall (Material By Category), 200mm thick'),$);
#92=IFCPROPERTYSET('3T8H4hAKpzRp_BGgc7rI$E',#6,'Pset_ReinforcementBarPitchOfWall',$,(#91));
#93=IFCCARTESIANPOINT((14089.674577223957,-16703.038197492904,0.));
#94=IFCAXIS2PLACEMENT3D(#93,$,$);
#95=IFCLOCALPLACEMENT(#24,#94);
#96=IFCCARTESIANPOINTLIST3D(((-2.9999071066416131E-013,0.,0.),(7000.0000000000027,0.,0.)));
#97=IFCINDEXEDPOLYCURVE(#96,$,.F.);
#98=IFCSHAPEREPRESENTATION(#14,'Axis','Curve3D',(#97));
#99=IFCPRODUCTDEFINITIONSHAPE($,$,(#98,#125));
#100=IFCCARTESIANPOINTLIST2D(((7000.0000000000036,-250.00000000000165),(7000.0000000000018,249.99999999999949),(6500.0000000000027,250.00000000000009),(499.99999999999818,249.99999999999886),(-7.7347652092742176E-013,249.99999999999949),(7.7347652092742842E-013,-250.00000000000165),(7000.0000000000036,-250.00000000000165)));
#101=IFCINDEXEDPOLYCURVE(#100,$,.F.);
#102=IFCARBITRARYCLOSEDPROFILEDEF(.AREA.,$,#101);
#103=IFCAXIS2PLACEMENT3D(#10,$,$);
#104=IFCEXTRUDEDAREASOLID(#102,#103,#49,4100.);
#105=IFCSTYLEDITEM(#104,(#64),$);
#106=IFCCOLOURRGBLIST(((1.,0.65098039215686276,0.82352941176470584)));
#107=IFCINDEXEDPOLYGONALFACEWITHVOIDS((1,2,3,4),((5,6,7,8,9,10,11,12)));
#108=IFCINDEXEDPOLYGONALFACEWITHVOIDS((13,14,15,16,17,18,19,20),((21,22,23,24,25,26,27,28)));
#109=IFCINDEXEDPOLYGONALFACE((2,1,13,20,19,18));
#110=IFCINDEXEDPOLYGONALFACE((4,3,17,16,15,14));
#111=IFCINDEXEDPOLYGONALFACE((3,2,18,17));
#112=IFCINDEXEDPOLYGONALFACE((1,4,14,13));
#113=IFCINDEXEDPOLYGONALFACE((6,5,21,28));
#114=IFCINDEXEDPOLYGONALFACE((7,6,28,27));
#115=IFCINDEXEDPOLYGONALFACE((8,7,27,26));
#116=IFCINDEXEDPOLYGONALFACE((9,8,26,25));
#117=IFCINDEXEDPOLYGONALFACE((10,9,25,24));
#118=IFCINDEXEDPOLYGONALFACE((11,10,24,23));
#119=IFCINDEXEDPOLYGONALFACE((12,11,23,22));
#120=IFCINDEXEDPOLYGONALFACE((5,12,22,21));
#121=IFCCARTESIANPOINTLIST3D(((4.7348581026327085E-013,-250.00000000000381,0.),(7000.0000000000027,-250.00000000000165,0.),(7000.0000000000027,-250.00000000000165,4100.0000000000009),(4.7348581026327085E-013,-250.00000000000381,4100.0000000000009),(2099.9999999999736,-250.00000000000165,2112.0635322596736),(2099.9999999999736,-250.00000000000165,3512.0635322596722),(2000.0000000000027,-250.00000000000165,3512.0635322596722),(1938.285556752036,-250.00000000000165,3862.063532259675),(3461.7144432479631,-250.00000000000165,3862.063532259675),(3399.9999999999704,-250.00000000000165,3512.0635322596722),(3299.9999999999714,-250.00000000000165,3512.0635322596722),(3299.9999999999714,-250.00000000000165,2112.0635322596736),(-1.0734672315915857E-012,249.99999999999949,0.),(-1.0734672315915857E-012,249.99999999999949,4100.0000000000009),(499.99999999999784,249.99999999999949,4100.),(6500.0000000000027,249.99999999999949,4100.),(7000.0000000000018,249.99999999999949,4100.0000000000009),(7000.0000000000018,249.99999999999949,0.),(6500.0000000000027,249.99999999999949,0.),(499.99999999999784,249.99999999999949,0.),(2099.9999999999741,249.99999999999949,2112.0635322596736),(3299.9999999999741,249.9999999999973,2112.0635322596736),(3299.9999999999741,249.9999999999973,3512.0635322596722),(3399.9999999999709,249.9999999999973,3512.0635322596722),(3461.7144432479658,249.9999999999973,3862.063532259675),(1938.2855567520387,249.99999999999949,3862.063532259675),(2000.0000000000034,249.99999999999949,3512.0635322596722),(2099.9999999999741,249.99999999999949,3512.0635322596722)));
#122=IFCPOLYGONALFACESET(#121,.T.,(#107,#108,#109,#110,#111,#112,#113,#114,#115,#116,#117,#118,#119,#120),$);
#123=IFCINDEXEDCOLOURMAP(#122,1.,#106,(1,1,1,1,1,1,1,1,1,1,1,1,1,1));
#124=IFCSTYLEDITEM(#122,(#64),$);
#125=IFCSHAPEREPRESENTATION(#15,'Body','Tessellation',(#122));
#126=IFCWALL('0GisCWViz2PeUrBi4wgVUt',#6,'Basic Wall:Castelnuovo_typeA:1675129',$,$,#95,#99,'1675129',.NOTDEFINED.);
#127=IFCQUANTITYLENGTH('Height',$,$,4100.,$);
#128=IFCQUANTITYLENGTH('Length',$,$,7000.0000000000045,$);
#129=IFCQUANTITYLENGTH('Width',$,$,500.00000000000006,$);
#130=IFCQUANTITYAREA('GrossFootprintArea',$,$,3.4999999999999938,$);
#131=IFCQUANTITYVOLUME('GrossVolume',$,$,14.350000000000009,$);
#132=IFCQUANTITYAREA('GrossSideArea',$,$,14.350000000000009,$);
#133=IFCQUANTITYAREA('NetSideArea',$,$,26.508399944863232,$);
#134=IFCQUANTITYVOLUME('NetVolume',$,$,13.254199972431644,$);
#135=IFCELEMENTQUANTITY('1fmgFiExSkBO4DbXNqKkV4',#6,'Qto_WallBaseQuantities',$,'BaseQuantities',(#127,#128,#129,#130,#131,#132,#133,#134));
#136=IFCRELDEFINESBYPROPERTIES('3iQ4mjIx5LC5fL$9SswAVQ',#6,$,$,(#126),#135);
#137=IFCPROPERTYSET('0lRDp_sUO35hweBR8a9lTg',#6,'Pset_EnvironmentalImpactIndicators',$,(#80));
#138=IFCPROPERTYSINGLEVALUE('Reference',$,IFCLABEL('Castelnuovo_typeA'),$);
#139=IFCPROPERTYSET('3rV4c1mIUYyPox2x_bQaz6',#6,'Pset_ReinforcementBarPitchOfWall',$,(#138));
#140=IFCPROPERTYSINGLEVALUE('ExtendToStructure',$,IFCBOOLEAN(.F.),$);
#141=IFCPROPERTYSET('3keeA7o9oYwYcIk6RFdnbV',#6,'Pset_WallCommon',$,(#80,#84,#85,#140));
#142=IFCRELDEFINESBYPROPERTIES('2B5AN0OiqeTujXkuJABPga',#6,$,$,(#126),#137);
#143=IFCRELDEFINESBYPROPERTIES('2ASouFBum2UdSsbzIuSvg3',#6,$,$,(#126),#139);
#144=IFCRELDEFINESBYPROPERTIES('28f4$EBRSMudsIMJECR6Y0',#6,$,$,(#126),#141);
#145=IFCCARTESIANPOINT((20839.674577223959,-16453.038197492926,0.));
#146=IFCDIRECTION((0.,1.,0.));
#147=IFCAXIS2PLACEMENT3D(#145,#49,#146);
#148=IFCLOCALPLACEMENT(#24,#147);
#149=IFCCARTESIANPOINTLIST3D(((0.,7.6022910962397071E-014,0.),(8396.5582706301957,-1.8151538840275732E-012,0.)));
#150=IFCINDEXEDPOLYCURVE(#149,$,.F.);
#151=IFCSHAPEREPRESENTATION(#14,'Axis','Curve3D',(#150));
#152=IFCPRODUCTDEFINITIONSHAPE($,$,(#151,#252));
#153=IFCCARTESIANPOINTLIST2D(((8396.5582706301957,-250.00000000000136),(8224.3944639853635,249.99999999999727),(4370.6909928935338,249.99999999999883),(3870.6909928935333,249.99999999999793),(1.7061799752729753E-012,249.99999999999949),(4.595542833238101E-013,-249.99999999999949),(8396.5582706301957,-250.00000000000136)));
#154=IFCINDEXEDPOLYCURVE(#153,$,.F.);
#155=IFCARBITRARYCLOSEDPROFILEDEF(.AREA.,$,#154);
#156=IFCAXIS2PLACEMENT3D(#10,$,$);
#157=IFCEXTRUDEDAREASOLID(#155,#156,#49,4100.);
#158=IFCSTYLEDITEM(#157,(#64),$);
#159=IFCCOLOURRGBLIST(((1.,0.65098039215686276,0.82352941176470584)));
#160=IFCINDEXEDPOLYGONALFACEWITHVOIDS((1,2,3,4),((54,55,56,57,58,59,60,61,62,63,64,65,66,37,38,39,40,41,42,43,44,45,46,47,48,49,50,51,52,53),(73,74,67,68,69,70,71,72),(82,79,80,81),(84,85,86,83),(76,77,78,75),(36,5,6,7,8,9,10,11,12,13,14,15,16,17,18,19,20,21,22,23,24,25,26,27,28,29,30,31,32,33,34,35)));
#161=IFCINDEXEDPOLYGONALFACEWITHVOIDS((87,88,89,90,91,92,93,94),((173,174,175,176),(168,165,166,167),(156,127,128,129,130,131,132,133,134,135,136,137,138,139,140,141,142,143,144,145,146,147,148,149,150,151,152,153,154,155),(100,101,102,103,104,105,106,107,108,109,110,111,112,113,114,115,116,117,118,119,120,121,122,123,124,125,126,95,96,97,98,99),(162,163,164,157,158,159,160,161),(171,172,169,170)));
#162=IFCINDEXEDPOLYGONALFACE((2,1,90,89,88,87));
#163=IFCINDEXEDPOLYGONALFACE((96,95,6,5));
#164=IFCINDEXEDPOLYGONALFACE((104,103,30,29));
#165=IFCINDEXEDPOLYGONALFACE((18,17,116,115));
#166=IFCINDEXEDPOLYGONALFACE((141,140,54,53));
#167=IFCINDEXEDPOLYGONALFACE((164,163,69,68));
#168=IFCINDEXEDPOLYGONALFACE((76,165,168,77));
#169=IFCINDEXEDPOLYGONALFACE((81,80,169,172));
#170=IFCINDEXEDPOLYGONALFACE((85,84,173,176));
#171=IFCINDEXEDPOLYGONALFACE((4,3,94,93,92,91));
#172=IFCINDEXEDPOLYGONALFACE((98,97,36,35));
#173=IFCINDEXEDPOLYGONALFACE((100,99,34,33));
#174=IFCINDEXEDPOLYGONALFACE((102,101,32,31));
#175=IFCINDEXEDPOLYGONALFACE((39,38,156,155));
#176=IFCINDEXEDPOLYGONALFACE((158,157,67,74));
#177=IFCINDEXEDPOLYGONALFACE((160,159,73,72));
#178=IFCINDEXEDPOLYGONALFACE((162,161,71,70));
#179=IFCINDEXEDPOLYGONALFACE((78,167,166,75));
#180=IFCINDEXEDPOLYGONALFACE((79,82,171,170));
#181=IFCINDEXEDPOLYGONALFACE((83,86,175,174));
#182=IFCINDEXEDPOLYGONALFACE((90,1,4,91));
#183=IFCINDEXEDPOLYGONALFACE((101,100,33,32));
#184=IFCINDEXEDPOLYGONALFACE((103,102,31,30));
#185=IFCINDEXEDPOLYGONALFACE((38,37,127,156));
#186=IFCINDEXEDPOLYGONALFACE((161,160,72,71));
#187=IFCINDEXEDPOLYGONALFACE((163,162,70,69));
#188=IFCINDEXEDPOLYGONALFACE((77,168,167,78));
#189=IFCINDEXEDPOLYGONALFACE((82,81,172,171));
#190=IFCINDEXEDPOLYGONALFACE((86,85,176,175));
#191=IFCINDEXEDPOLYGONALFACE((2,87,94,3));
#192=IFCINDEXEDPOLYGONALFACE((97,96,5,36));
#193=IFCINDEXEDPOLYGONALFACE((99,98,35,34));
#194=IFCINDEXEDPOLYGONALFACE((40,39,155,154));
#195=IFCINDEXEDPOLYGONALFACE((159,158,74,73));
#196=IFCINDEXEDPOLYGONALFACE((157,164,68,67));
#197=IFCINDEXEDPOLYGONALFACE((75,166,165,76));
#198=IFCINDEXEDPOLYGONALFACE((80,79,170,169));
#199=IFCINDEXEDPOLYGONALFACE((84,83,174,173));
#200=IFCINDEXEDPOLYGONALFACE((106,27,26,107));
#201=IFCINDEXEDPOLYGONALFACE((107,26,25,108));
#202=IFCINDEXEDPOLYGONALFACE((105,104,29,28));
#203=IFCINDEXEDPOLYGONALFACE((105,28,27,106));
#204=IFCINDEXEDPOLYGONALFACE((109,108,25,24));
#205=IFCINDEXEDPOLYGONALFACE((113,112,21,20));
#206=IFCINDEXEDPOLYGONALFACE((114,113,20,19));
#207=IFCINDEXEDPOLYGONALFACE((111,110,23,22));
#208=IFCINDEXEDPOLYGONALFACE((112,111,22,21));
#209=IFCINDEXEDPOLYGONALFACE((109,24,23,110));
#210=IFCINDEXEDPOLYGONALFACE((115,114,19,18));
#211=IFCINDEXEDPOLYGONALFACE((118,15,14,119));
#212=IFCINDEXEDPOLYGONALFACE((119,14,13,120));
#213=IFCINDEXEDPOLYGONALFACE((117,116,17,16));
#214=IFCINDEXEDPOLYGONALFACE((117,16,15,118));
#215=IFCINDEXEDPOLYGONALFACE((121,120,13,12));
#216=IFCINDEXEDPOLYGONALFACE((125,124,9,8));
#217=IFCINDEXEDPOLYGONALFACE((126,125,8,7));
#218=IFCINDEXEDPOLYGONALFACE((123,122,11,10));
#219=IFCINDEXEDPOLYGONALFACE((124,123,10,9));
#220=IFCINDEXEDPOLYGONALFACE((121,12,11,122));
#221=IFCINDEXEDPOLYGONALFACE((95,126,7,6));
#222=IFCINDEXEDPOLYGONALFACE((41,40,154,153));
#223=IFCINDEXEDPOLYGONALFACE((41,153,152,42));
#224=IFCINDEXEDPOLYGONALFACE((43,42,152,151));
#225=IFCINDEXEDPOLYGONALFACE((46,45,149,148));
#226=IFCINDEXEDPOLYGONALFACE((149,45,44,150));
#227=IFCINDEXEDPOLYGONALFACE((44,43,151,150));
#228=IFCINDEXEDPOLYGONALFACE((51,50,144,143));
#229=IFCINDEXEDPOLYGONALFACE((52,51,143,142));
#230=IFCINDEXEDPOLYGONALFACE((48,47,147,146));
#231=IFCINDEXEDPOLYGONALFACE((49,48,146,145));
#232=IFCINDEXEDPOLYGONALFACE((49,145,144,50));
#233=IFCINDEXEDPOLYGONALFACE((46,148,147,47));
#234=IFCINDEXEDPOLYGONALFACE((52,142,141,53));
#235=IFCINDEXEDPOLYGONALFACE((57,137,136,58));
#236=IFCINDEXEDPOLYGONALFACE((58,136,135,59));
#237=IFCINDEXEDPOLYGONALFACE((55,54,140,139));
#238=IFCINDEXEDPOLYGONALFACE((56,55,139,138));
#239=IFCINDEXEDPOLYGONALFACE((56,138,137,57));
#240=IFCINDEXEDPOLYGONALFACE((60,59,135,134));
#241=IFCINDEXEDPOLYGONALFACE((65,64,130,129));
#242=IFCINDEXEDPOLYGONALFACE((66,65,129,128));
#243=IFCINDEXEDPOLYGONALFACE((62,61,133,132));
#244=IFCINDEXEDPOLYGONALFACE((131,63,62,132));
#245=IFCINDEXEDPOLYGONALFACE((64,63,131,130));
#246=IFCINDEXEDPOLYGONALFACE((61,60,134,133));
#247=IFCINDEXEDPOLYGONALFACE((37,66,128,127));
#248=IFCCARTESIANPOINTLIST3D(((0.,-249.9999999999994,0.),(8396.5582706301957,-250.00000000000131,0.),(8396.5582706301957,-250.00000000000131,4100.),(0.,-249.9999999999994,4100.),(100.00000000000541,-249.9999999999992,3000.0000000000023),(285.00000000000233,-249.99999999999886,3000.0000000000009),(291.05413507638735,-249.99999999999886,3088.5083219125613),(309.10376322393245,-249.99999999999883,3175.3679012520665),(338.81265402145874,-249.99999999999878,3258.9607084000581),(379.62738704478664,-249.99999999999869,3337.7295675230334),(430.78766104213105,-249.99999999999861,3410.207163811936),(491.34045690787946,-249.99999999999849,3475.0433767807822),(560.15779062534068,-249.99999999999835,3531.030430456789),(635.95772547475462,-249.99999999999821,3577.1253919615456),(717.32825208886266,-250.00000000000242,3612.4695993772352),(802.75359151579289,-250.00000000000225,3636.4046569935117),(890.64243131297007,-250.00000000000207,3648.484699973852),(979.35756868704232,-250.00000000000193,3648.4846999738515),(1067.2464084842172,-250.00000000000176,3636.4046569935113),(1152.6717479111476,-250.00000000000162,3612.4695993772343),(1234.0422745252556,-250.00000000000148,3577.1253919615447),(1309.8422093746697,-250.00000000000134,3531.0304304567871),(1378.6595430921307,-250.00000000000119,3475.0433767807804),(1439.2123389578792,-250.00000000000111,3410.2071638119337),(1490.3726129552235,-250.00000000000099,3337.7295675230312),(1531.1873459785515,-250.00000000000094,3258.9607084000559),(1560.8962367760755,-250.00000000000085,3175.3679012520638),(1578.9458649236205,-250.00000000000082,3088.5083219125586),(1585.0000000000057,-250.00000000000082,3000.),(1785.0000000000014,-250.00000000000045,3000.),(1785.0000000000014,-250.00000000000045,2800.),(1584.9999999999905,-250.00000000000082,2800.),(1584.9999999999905,-250.00000000000082,800.),(285.00000000000233,-249.99999999999886,800.),(285.00000000000233,-249.99999999999886,2800.),(100.00000000000541,-249.9999999999992,2800.),(3670.6909928935356,-250.00000000000131,2400.0000000000023),(3670.6909928935356,-250.00000000000131,800.),(1870.6909928935313,-250.00000000000028,800.),(1870.6909928935293,-250.00000000000028,2399.9999999999991),(1876.7764709257804,-250.00000000000028,2504.4836227127066),(1894.9506093716891,-250.00000000000026,2607.5542836681957),(1924.9676341862132,-250.0000000000002,2707.8181289931022),(1966.4216166024598,-250.00000000000011,2803.9192621804164),(2018.7519626218871,-250.00000000000003,2894.5580802637255),(2081.2509940864497,-249.99999999999991,2978.5088487178864),(2153.0735188116714,-249.99999999999977,3054.6362774157446),(2233.2482603610242,-249.9999999999996,3121.9108734795404),(2320.6909928935311,-249.99999999999949,3179.4228634059959),(2414.2192034582908,-249.99999999999932,3226.394496192248),(2512.5680834535506,-249.99999999999909,3262.1905610839412),(2614.4076329932936,-249.99999999999892,3286.3269777109886),(2718.3606468741032,-249.99999999999872,3298.4773424441428),(2823.0213389129599,-249.99999999999852,3298.4773424441428),(2926.9743527937712,-249.99999999999835,3286.3269777109886),(3028.8139023335148,-249.99999999999815,3262.1905610839412),(3127.162782328774,-250.00000000000233,3226.394496192248),(3220.6909928935343,-250.00000000000216,3179.4228634059964),(3308.1337254260407,-250.00000000000199,3121.9108734795404),(3388.3084669753939,-250.00000000000185,3054.6362774157446),(3460.1309917006156,-250.00000000000171,2978.5088487178864),(3522.630023165178,-250.00000000000156,2894.558080263726),(3574.960369184605,-250.00000000000151,2803.9192621804164),(3616.4143516008521,-250.00000000000139,2707.8181289931022),(3646.4313764153758,-250.00000000000136,2607.5542836681957),(3664.6055148612845,-250.00000000000134,2504.4836227127066),(5670.6909928935356,-250.00000000000199,2000.0000000000002),(5670.6909928935356,-250.00000000000199,2200.0000000000018),(7870.6909928935338,-250.00000000000225,2200.0000000000018),(7870.6909928935338,-250.00000000000225,2000.0000000000002),(7670.6909928935329,-249.99999999999829,2000.0000000000002),(7670.6909928935329,-249.99999999999829,200.),(5870.6909928935493,-250.00000000000162,200.),(5870.6909928935493,-250.00000000000162,2000.0000000000002),(4370.6909928935347,-250.00000000000003,1014.7035637443724),(4370.6909928935347,-250.00000000000003,2214.7035637443723),(5370.6909928935347,-249.99999999999818,2214.7035637443723),(5370.6909928935374,-249.99999999999818,1014.7035637443724),(7170.6909928935311,-249.9999999999992,2700.),(7170.6909928935311,-249.9999999999992,3900.0000000000005),(8170.6909928935311,-250.00000000000171,3900.0000000000005),(8170.6909928935311,-250.00000000000171,2700.),(6070.6909928935338,-250.00000000000122,2700.),(6070.6909928935338,-250.00000000000122,3600.0000000000005),(6970.6909928935338,-249.99999999999957,3600.0000000000005),(6970.6909928935338,-249.99999999999957,2700.),(8224.3944639853617,249.99999999999736,-2.0169972056493028E-021),(4370.6909928935329,249.99999999999892,4.0339944112986055E-021),(3870.6909928935315,249.99999999999801,-4.0339944112986055E-021),(0.,249.99999999999955,0.),(0.,249.99999999999955,4100.),(3870.6909928935315,249.99999999999801,4100.),(4370.6909928935329,249.99999999999892,4100.),(8224.3944639853617,249.99999999999736,4100.),(285.00000000000233,250.00000000000009,3000.0000000000023),(100.00000000000325,249.99999999999974,3000.0000000000023),(100.00000000000325,249.99999999999974,2800.),(285.00000000000017,250.00000000000009,2800.),(285.00000000000017,250.00000000000009,800.),(1584.9999999999884,249.99999999999812,800.),(1584.9999999999884,249.99999999999812,2800.),(1784.9999999999991,249.99999999999849,2800.),(1784.9999999999991,249.99999999999849,3000.),(1585.0000000000034,249.99999999999812,2999.9999999999973),(1578.9458649236185,249.99999999999812,3088.5083219125586),(1560.8962367760735,249.9999999999981,3175.3679012520638),(1531.1873459785493,249.99999999999801,3258.9607084000559),(1490.3726129552213,249.99999999999795,3337.7295675230312),(1439.2123389578769,249.99999999999784,3410.2071638119337),(1378.6595430921286,249.99999999999775,3475.0433767807804),(1309.8422093746674,249.99999999999761,3531.0304304567871),(1234.0422745252533,249.99999999999747,3577.1253919615447),(1152.6717479111453,249.99999999999736,3612.4695993772343),(1067.2464084842152,249.99999999999719,3636.4046569935113),(979.35756868704016,249.99999999999702,3648.4846999738515),(890.64243131296791,249.99999999999687,3648.484699973852),(802.75359151579073,249.9999999999967,3636.4046569935117),(717.32825208886049,249.99999999999653,3612.4695993772352),(635.95772547475246,250.00000000000074,3577.1253919615456),(560.15779062533841,250.0000000000006,3531.030430456789),(491.3404569078773,250.00000000000045,3475.0433767807822),(430.78766104212889,250.00000000000034,3410.207163811936),(379.62738704478448,250.00000000000026,3337.7295675230334),(338.81265402145658,250.0000000000002,3258.9607084000581),(309.10376322393029,250.00000000000011,3175.3679012520665),(291.05413507638519,250.00000000000009,3088.5083219125613),(3670.6909928935338,249.99999999999764,2399.9999999999991),(3664.6055148612827,249.99999999999761,2504.4836227127066),(3646.431376415374,249.99999999999758,2607.5542836681957),(3616.4143516008498,249.99999999999756,2707.8181289931022),(3574.9603691846032,249.99999999999744,2803.9192621804164),(3522.6300231651758,249.99999999999739,2894.558080263726),(3460.1309917006133,249.99999999999724,2978.5088487178864),(3388.3084669753916,249.9999999999971,3054.6362774157446),(3308.1337254260384,249.99999999999696,3121.9108734795404),(3220.690992893532,249.99999999999679,3179.4228634059964),(3127.1627823287722,249.99999999999665,3226.394496192248),(3028.8139023335125,250.0000000000008,3262.1905610839412),(2926.974352793769,250.0000000000006,3286.3269777109886),(2823.0213389129576,250.00000000000043,3298.4773424441428),(2718.3606468741009,250.00000000000023,3298.4773424441428),(2614.4076329932918,250.00000000000003,3286.3269777109886),(2512.5680834535483,249.99999999999986,3262.1905610839412),(2414.2192034582886,249.99999999999963,3226.394496192248),(2320.6909928935288,249.99999999999949,3179.4228634059959),(2233.2482603610219,249.99999999999935,3121.9108734795404),(2153.0735188116691,249.99999999999918,3054.6362774157446),(2081.2509940864475,249.99999999999903,2978.5088487178864),(2018.751962621885,249.99999999999892,2894.5580802637255),(1966.4216166024576,249.99999999999883,2803.9192621804164),(1924.9676341862109,249.99999999999878,2707.8181289931022),(1894.9506093716871,249.99999999999869,2607.5542836681957),(1876.7764709257783,249.99999999999866,2504.4836227127066),(1870.6909928935293,249.99999999999866,2399.9999999999991),(1870.6909928935293,249.99999999999866,800.),(3670.6909928935338,249.99999999999764,800.),(5670.6909928935338,249.99999999999696,2000.0000000000002),(5870.6909928935465,249.99999999999736,2000.0000000000002),(5870.6909928935465,249.99999999999736,200.),(7670.690992893532,250.00000000000065,200.),(7670.690992893532,250.00000000000065,2000.0000000000002),(7870.6909928935329,249.9999999999967,2000.0000000000002),(7870.6909928935329,249.9999999999967,2200.0000000000018),(5670.6909928935338,249.99999999999696,2200.0000000000018),(4370.6909928935347,249.99999999999892,2214.7035637443723),(4370.6909928935347,249.99999999999892,1014.7035637443724),(5370.6909928935347,250.00000000000077,1014.7035637443724),(5370.6909928935347,250.00000000000077,2214.7035637443723),(7170.6909928935293,249.99999999999974,3900.0000000000005),(7170.6909928935293,249.99999999999974,2700.),(8170.6909928935293,249.99999999999724,2700.),(8170.6909928935293,249.99999999999724,3900.0000000000005),(6070.690992893532,249.99999999999773,3600.0000000000005),(6070.690992893532,249.99999999999773,2700.),(6970.6909928935329,249.99999999999937,2700.),(6970.6909928935329,249.99999999999937,3600.0000000000005)));
#249=IFCPOLYGONALFACESET(#248,.T.,(#160,#161,#162,#163,#164,#165,#166,#167,#168,#169,#170,#171,#172,#173,#174,#175,#176,#177,#178,#179,#180,#181,#182,#183,#184,#185,#186,#187,#188,#189,#190,#191,#192,#193,#194,#195,#196,#197,#198,#199,#200,#201,#202,#203,#204,#205,#206,#207,#208,#209,#210,#211,#212,#213,#214,#215,#216,#217,#218,#219,#220,#221,#222,#223,#224,#225,#226,#227,#228,#229,#230,#231,#232,#233,#234,#235,#236,#237,#238,#239,#240,#241,#242,#243,#244,#245,#246,#247),$);
#250=IFCINDEXEDCOLOURMAP(#249,1.,#159,(1,1,1,1,1,1,1,1,1,1,1,1,1,1,1,1,1,1,1,1,1,1,1,1,1,1,1,1,1,1,1,1,1,1,1,1,1,1,1,1,1,1,1,1,1,1,1,1,1,1,1,1,1,1,1,1,1,1,1,1,1,1,1,1,1,1,1,1,1,1,1,1,1,1,1,1,1,1,1,1,1,1,1,1,1,1,1,1));
#251=IFCSTYLEDITEM(#249,(#64),$);
#252=IFCSHAPEREPRESENTATION(#15,'Body','Tessellation',(#249));
#253=IFCWALL('0GisCWViz2PeUrBi4wgUZp',#6,'Basic Wall:Castelnuovo_typeA:1675325',$,$,#148,#152,'1675325',.NOTDEFINED.);
#254=IFCQUANTITYLENGTH('Height',$,$,4100.,$);
#255=IFCQUANTITYLENGTH('Length',$,$,8396.5582706301957,$);
#256=IFCQUANTITYLENGTH('Width',$,$,500.00000000000006,$);
#257=IFCQUANTITYAREA('GrossFootprintArea',$,$,4.1552381836538785,$);
#258=IFCQUANTITYVOLUME('GrossVolume',$,$,17.212944454791902,$);
#259=IFCQUANTITYAREA('GrossSideArea',$,$,17.212944454791902,$);
#260=IFCQUANTITYAREA('NetSideArea',$,$,19.782471112714994,$);
#261=IFCQUANTITYVOLUME('NetVolume',$,$,9.7148983827139404,$);
#262=IFCELEMENTQUANTITY('3ZFLy21uStQckT1HZ625Kj',#6,'Qto_WallBaseQuantities',$,'BaseQuantities',(#254,#255,#256,#257,#258,#259,#260,#261));
#263=IFCRELDEFINESBYPROPERTIES('3IuqWQnk7n$jJ2f11qhpoT',#6,$,$,(#253),#262);
#264=IFCPROPERTYSET('1dkQzfO7pGsMyIkGuHS_VQ',#6,'Pset_EnvironmentalImpactIndicators',$,(#80));
#265=IFCPROPERTYSINGLEVALUE('Reference',$,IFCLABEL('Castelnuovo_typeA'),$);
#266=IFCPROPERTYSET('0cRsSepOXjQ1IuEUYfD5uW',#6,'Pset_ReinforcementBarPitchOfWall',$,(#265));
#267=IFCPROPERTYSET('3qYftd0I_UQk0GEee1MOnd',#6,'Pset_WallCommon',$,(#80,#84,#85,#86));
#268=IFCRELDEFINESBYPROPERTIES('0x0M1pJXJL1trVDQ0lJOnA',#6,$,$,(#253),#264);
#269=IFCRELDEFINESBYPROPERTIES('3lRUVD2bOtgxRJcwn8FIwP',#6,$,$,(#253),#266);
#270=IFCRELDEFINESBYPROPERTIES('3TxBDJAlKk6Z$ZJkkmyf3n',#6,$,$,(#253),#267);
#271=IFCCARTESIANPOINT((14339.674577223957,-16453.038197492908,0.));
#272=IFCAXIS2PLACEMENT3D(#271,#49,#146);
#273=IFCLOCALPLACEMENT(#24,#272);
#274=IFCCARTESIANPOINTLIST3D(((0.,5.9142984491142686E-013,0.),(6158.4287842473477,-7.309142939093166E-013,0.)));
#275=IFCINDEXEDPOLYCURVE(#274,$,.F.);
#276=IFCSHAPEREPRESENTATION(#14,'Axis','Curve3D',(#275));
#277=IFCPRODUCTDEFINITIONSHAPE($,$,(#276,#284));
#278=IFCCARTESIANPOINTLIST2D(((6158.4287842473477,-250.0000000000008),(5986.2649776025155,249.9999999999979),(1.7798270943181546E-012,249.99999999999949),(3.8590716427863102E-013,-249.99999999999949),(3870.6909928935343,-249.99999999999997),(4370.6909928935374,-249.99999999999923),(6158.4287842473477,-250.0000000000008)));
#279=IFCINDEXEDPOLYCURVE(#278,$,.F.);
#280=IFCARBITRARYCLOSEDPROFILEDEF(.AREA.,$,#279);
#281=IFCAXIS2PLACEMENT3D(#10,$,$);
#282=IFCEXTRUDEDAREASOLID(#280,#281,#49,4100.);
#283=IFCSTYLEDITEM(#282,(#64),$);
#284=IFCSHAPEREPRESENTATION(#15,'Body','SweptSolid',(#282));
#285=IFCWALL('0GisCWViz2PeUrBi4wgUdW',#6,'Basic Wall:Castelnuovo_typeA:1675566',$,$,#273,#277,'1675566',.NOTDEFINED.);
#286=IFCQUANTITYLENGTH('Height',$,$,4100.,$);
#287=IFCQUANTITYLENGTH('Length',$,$,6158.4287842473477,$);
#288=IFCQUANTITYLENGTH('Width',$,$,500.00000000000006,$);
#289=IFCQUANTITYAREA('GrossFootprintArea',$,$,3.0361734404624561,$);
#290=IFCQUANTITYVOLUME('GrossVolume',$,$,12.624779007707064,$);
#291=IFCQUANTITYAREA('GrossSideArea',$,$,12.624779007707064,$);
#292=IFCQUANTITYAREA('NetSideArea',$,$,25.249558015414124,$);
#293=IFCQUANTITYVOLUME('NetVolume',$,$,12.448311105896078,$);
#294=IFCELEMENTQUANTITY('1axvEtBwIxMHjf5WMI20uu',#6,'Qto_WallBaseQuantities',$,'BaseQuantities',(#286,#287,#288,#289,#290,#291,#292,#293));
#295=IFCRELDEFINESBYPROPERTIES('1LrE4KELtqq5SnAF6y9mV5',#6,$,$,(#285),#294);
#296=IFCPROPERTYSET('1tgtNrZyDSKIsP6DJtA8f$',#6,'Pset_EnvironmentalImpactIndicators',$,(#80));
#297=IFCPROPERTYSINGLEVALUE('Reference',$,IFCLABEL('Castelnuovo_typeA'),$);
#298=IFCPROPERTYSET('2ew2F$Ncp1BkN$VBHHub$Q',#6,'Pset_ReinforcementBarPitchOfWall',$,(#297));
#299=IFCPROPERTYSET('0QWZJEvzsA78KHGu3olK6J',#6,'Pset_WallCommon',$,(#80,#84,#85,#140));
#300=IFCRELDEFINESBYPROPERTIES('2fD61ZXZ1ywFFdzd4ojYT9',#6,$,$,(#285),#296);
#301=IFCRELDEFINESBYPROPERTIES('11ruDsfHnVNeV68GN17P8Y',#6,$,$,(#285),#298);
#302=IFCRELDEFINESBYPROPERTIES('3pvz8TSBKX937Fl0geqyhN',#6,$,$,(#285),#299);
#303=IFCCARTESIANPOINT((14589.674577223963,-12332.347204599371,0.));
#304=IFCAXIS2PLACEMENT3D(#303,$,$);
#305=IFCLOCALPLACEMENT(#24,#304);
#306=IFCCARTESIANPOINTLIST3D(((-3.0555939360497073E-013,0.,0.),(6000.0000000000073,0.,0.)));
#307=IFCINDEXEDPOLYCURVE(#306,$,.F.);
#308=IFCSHAPEREPRESENTATION(#14,'Axis','Curve3D',(#307));
#309=IFCPRODUCTDEFINITIONSHAPE($,$,(#308,#316));
#310=IFCCARTESIANPOINTLIST2D(((6000.0000000000055,249.99999999999881),(-7.8406925744663155E-013,249.99999999999949),(7.8406925744663155E-013,-249.99999999999949),(6000.0000000000082,-250.00000000000014),(6000.0000000000055,249.99999999999881)));
#311=IFCINDEXEDPOLYCURVE(#310,$,.F.);
#312=IFCARBITRARYCLOSEDPROFILEDEF(.AREA.,$,#311);
#313=IFCAXIS2PLACEMENT3D(#10,$,$);
#314=IFCEXTRUDEDAREASOLID(#312,#313,#49,4100.);
#315=IFCSTYLEDITEM(#314,(#64),$);
#316=IFCSHAPEREPRESENTATION(#15,'Body','SweptSolid',(#314));
#317=IFCWALL('0GisCWViz2PeUrBi4wgUa5',#6,'Basic Wall:Castelnuovo_typeA:1675723',$,$,#305,#309,'1675723',.NOTDEFINED.);
#318=IFCQUANTITYLENGTH('Height',$,$,4100.,$);
#319=IFCQUANTITYLENGTH('Length',$,$,6000.0000000000091,$);
#320=IFCQUANTITYLENGTH('Width',$,$,500.00000000000006,$);
#321=IFCQUANTITYAREA('GrossFootprintArea',$,$,2.9999999999999969,$);
#322=IFCQUANTITYVOLUME('GrossVolume',$,$,12.300000000000015,$);
#323=IFCQUANTITYAREA('GrossSideArea',$,$,12.300000000000015,$);
#324=IFCQUANTITYAREA('NetSideArea',$,$,24.600000000000023,$);
#325=IFCQUANTITYVOLUME('NetVolume',$,$,12.300000000000042,$);
#326=IFCELEMENTQUANTITY('2raPYCIa55anrj$Wf7eFjW',#6,'Qto_WallBaseQuantities',$,'BaseQuantities',(#318,#319,#320,#321,#322,#323,#324,#325));
#327=IFCRELDEFINESBYPROPERTIES('32MhUoGuQ2KWA2iRIEg$KU',#6,$,$,(#317),#326);
#328=IFCPROPERTYSET('3MCZdwe6WvE$tiyuCmgZTh',#6,'Pset_EnvironmentalImpactIndicators',$,(#80));
#329=IFCPROPERTYSINGLEVALUE('Reference',$,IFCLABEL('Castelnuovo_typeA'),$);
#330=IFCPROPERTYSET('30tYg8tPPDdxCb098lP69R',#6,'Pset_ReinforcementBarPitchOfWall',$,(#329));
#331=IFCPROPERTYSET('2W_xr0XKI3GSeHe8ptf0eX',#6,'Pset_WallCommon',$,(#80,#84,#85,#140));
#332=IFCRELDEFINESBYPROPERTIES('3cc8qPBxIwYL6e7WKI17QE',#6,$,$,(#317),#328);
#333=IFCRELDEFINESBYPROPERTIES('1tV1EtjnuQ5wB$m07nOeu0',#6,$,$,(#317),#330);
#334=IFCRELDEFINESBYPROPERTIES('2yxD5I_IZ7cdNGxhZv6XmY',#6,$,$,(#317),#331);
#335=IFCCARTESIANPOINT((14008.282538609679,-10230.393575990563,0.));
#336=IFCDIRECTION((0.94551857559931674,0.32556815445715664,0.));
#337=IFCAXIS2PLACEMENT3D(#335,#49,#336);
#338=IFCLOCALPLACEMENT(#28,#337);
#339=IFCCARTESIANPOINTLIST3D(((-5.4143356464919636E-013,-1.0828671292983927E-012,0.),(7575.5085749515347,1.0828671292983927E-012,0.)));
#340=IFCINDEXEDPOLYCURVE(#339,$,.F.);
#341=IFCSHAPEREPRESENTATION(#14,'Axis','Curve3D',(#340));
#342=IFCPRODUCTDEFINITIONSHAPE($,$,(#341,#360));
#343=IFCCARTESIANPOINTLIST2D(((7403.3447683067052,-249.99999999999838),(7575.5085749515374,250.00000000000219),(672.19085614677192,250.00000000000139),(172.16380664483381,250.00000000000242),(6.9371175470678287E-013,-249.99999999999898),(528.81034059333479,-249.99999999999906),(3701.6723841533521,-249.99999999999827),(3807.4344522720176,-249.99999999999812),(6874.53442771337,-249.99999999999838),(7403.3447683067052,-249.99999999999838)));
#344=IFCINDEXEDPOLYCURVE(#343,$,.F.);
#345=IFCARBITRARYCLOSEDPROFILEDEF(.AREA.,$,#344);
#346=IFCAXIS2PLACEMENT3D(#10,$,$);
#347=IFCEXTRUDEDAREASOLID(#345,#346,#49,3500.0000000001683);
#348=IFCSTYLEDITEM(#347,(#64),$);
#349=IFCCOLOURRGBLIST(((1.,0.65098039215686276,0.82352941176470584)));
#350=IFCINDEXEDPOLYGONALFACE((1,2,3,4,5,6,7,8,9,10,11,12));
#351=IFCINDEXEDPOLYGONALFACE((13,14,15,16,17,18));
#352=IFCINDEXEDPOLYGONALFACE((6,5,4,3,2,1,13,18,17));
#353=IFCINDEXEDPOLYGONALFACE((12,11,10,9,8,7,16,15,14));
#354=IFCINDEXEDPOLYGONALFACE((1,12,14,13));
#355=IFCINDEXEDPOLYGONALFACE((7,6,17,16));
#356=IFCCARTESIANPOINTLIST3D(((-5.4143356464919636E-013,-249.99999999999949,5.4143356464919636E-013),(528.81034059333467,-249.99999999999949,0.),(3701.6723841533503,-249.99999999999838,0.),(3807.4344522720166,-249.99999999999838,0.),(6874.53442771337,-249.99999999999838,0.),(7403.3447683067052,-249.99999999999838,5.4143356464919636E-013),(7403.3447683067052,-249.99999999999838,3500.0000000001683),(6874.53442771337,-249.99999999999838,3500.0000000001683),(3807.4344522720166,-249.99999999999838,3500.0000000001683),(3701.6723841533503,-249.99999999999838,3500.0000000001683),(528.81034059333467,-249.99999999999949,3500.0000000001683),(-5.4143356464919636E-013,-249.99999999999949,3500.0000000001683),(172.16380664483265,250.00000000000273,5.4143356464919636E-013),(172.16380664483265,250.00000000000273,3500.0000000001683),(672.19085614677419,250.00000000000273,3500.0000000001683),(7575.5085749515383,250.00000000000165,3500.0000000001683),(7575.5085749515383,250.00000000000165,5.4143356464919636E-013),(672.19085614677147,250.00000000000057,0.)));
#357=IFCPOLYGONALFACESET(#356,.T.,(#350,#351,#352,#353,#354,#355),$);
#358=IFCINDEXEDCOLOURMAP(#357,1.,#349,(1,1,1,1,1,1));
#359=IFCSTYLEDITEM(#357,(#64),$);
#360=IFCSHAPEREPRESENTATION(#15,'Body','Tessellation',(#357));
#361=IFCWALL('112HIUctr2yw5OqZgr3kPn',#6,'Basic Wall:Castelnuovo_typeA:1676333',$,$,#338,#342,'1676333',.NOTDEFINED.);
#362=IFCAXIS2PLACEMENT3D(#10,$,$);
#364=IFCCARTESIANPOINTLIST2D(((-249.99999999999949,-1100.0000000000011),(249.99999999999949,-1100.0000000000011),(249.99999999999949,1100.0000000000011),(-249.99999999999949,1100.0000000000011),(-249.99999999999949,-1100.0000000000011)));
#365=IFCINDEXEDPOLYCURVE(#364,$,.F.);
#366=IFCARBITRARYCLOSEDPROFILEDEF(.AREA.,'DoorV2',#365);
#367=IFCCARTESIANPOINT((-247.50090189252558,-1736.6831832001551,4600.));
#368=IFCDIRECTION((0.32556815445715664,0.94551857559931674,0.));
#369=IFCDIRECTION((-0.94551857559931674,0.32556815445715664,0.));
#370=IFCAXIS2PLACEMENT3D(#367,#368,#369);
#371=IFCEXTRUDEDAREASOLID(#366,#370,#49,1399.9999999999866);
#372=IFCSIUNIT(*,.PLANEANGLEUNIT.,$,.RADIAN.);
#373=IFCDIMENSIONALEXPONENTS(0,0,0,0,0,0,0);
#374=IFCMEASUREWITHUNIT(IFCPLANEANGLEMEASURE(0.017453292519943278),#372);
#375=IFCCONVERSIONBASEDUNIT(#373,.PLANEANGLEUNIT.,'DEGREE',#374);
#376=IFCSHAPEREPRESENTATION(#15,'Body','SweptSolid',(#371));
#377=IFCPRODUCTDEFINITIONSHAPE($,$,(#376));
#378=IFCAXIS2PLACEMENT3D(#10,$,$);
#379=IFCLOCALPLACEMENT(#338,#378);
#380=IFCOPENINGELEMENT('0OQW$LUq$WuhcFGilYXcWN',#6,'Basic Wall:Castelnuovo_typeA:1676333',$,$,#379,#377,'1721146',.OPENING.);
#381=IFCQUANTITYLENGTH('Depth',$,$,1399.9999999999866,$);
#382=IFCQUANTITYLENGTH('Height',$,$,2200.0000000000014,$);
#383=IFCQUANTITYLENGTH('Width',$,$,499.99999999999898,$);
#384=IFCQUANTITYAREA('Area',$,$,1.0999999999999985,$);
#385=IFCQUANTITYVOLUME('Volume',$,$,1539.9999999999832,$);
#386=IFCELEMENTQUANTITY('2nxjMgIWjBUPH3e1_Q1ZPP',#6,'Qto_OpeningElementBaseQuantities',$,'BaseQuantities',(#381,#382,#383,#384,#385));
#387=IFCRELDEFINESBYPROPERTIES('1xZwnbphXaJpk$CDoYJP0L',#6,$,$,(#380),#386);
#388=IFCRELVOIDSELEMENT('2Pdi2vAUfeVxzD85C1YVPh',#6,$,$,#361,#380);
#389=IFCQUANTITYLENGTH('Height',$,$,3500.0000000001683,$);
#390=IFCQUANTITYLENGTH('Length',$,$,7575.5085749515374,$);
#391=IFCQUANTITYLENGTH('Width',$,$,500.00000000000006,$);
#392=IFCQUANTITYAREA('GrossFootprintArea',$,$,3.7016723841533543,$);
#393=IFCQUANTITYVOLUME('GrossVolume',$,$,12.955853344537358,$);
#394=IFCQUANTITYAREA('GrossSideArea',$,$,12.955853344537358,$);
#395=IFCQUANTITYAREA('NetSideArea',$,$,25.91170668907472,$);
#396=IFCQUANTITYVOLUME('NetVolume',$,$,12.955853344537367,$);
#397=IFCELEMENTQUANTITY('0w1HUO_0u93d45l1PP7CVH',#6,'Qto_WallBaseQuantities',$,'BaseQuantities',(#389,#390,#391,#392,#393,#394,#395,#396));
#398=IFCRELDEFINESBYPROPERTIES('1TiB4vqzkRKwp7qasGxvU_',#6,$,$,(#361),#397);
#399=IFCPROPERTYSET('0cuSS8RXfk7M$jJYyE7H3_',#6,'Pset_EnvironmentalImpactIndicators',$,(#80));
#400=IFCPROPERTYSINGLEVALUE('Reference',$,IFCLABEL('Castelnuovo_typeA'),$);
#401=IFCPROPERTYSET('2Lyp7$xYowsxnqL5ck3epo',#6,'Pset_ReinforcementBarPitchOfWall',$,(#400));
#402=IFCPROPERTYSET('3RhBpkittMkp_cq3M5EStk',#6,'Pset_WallCommon',$,(#80,#84,#85,#140));
#403=IFCPROPERTYSINGLEVALUE('Reference',$,IFCIDENTIFIER('DoorV2'),$);
#404=IFCPROPERTYSET('2_JBo5O0$7OLzPLrST5iUo',#6,'Pset_EnvironmentalImpactIndicators',$,(#403));
#405=IFCPROPERTYSET('0ZD8Y8VpxcxMgafABvPf6q',#6,'Pset_OpeningElementCommon',$,(#403));
#406=IFCRELDEFINESBYPROPERTIES('3gvav5WUgtA5nUxPeoix$J',#6,$,$,(#361),#399);
#407=IFCRELDEFINESBYPROPERTIES('3G8R5sbXbi7VzAr_56FYxr',#6,$,$,(#361),#401);
#408=IFCRELDEFINESBYPROPERTIES('2ZyEuerPEwGW$6a4nf4YT8',#6,$,$,(#361),#402);
#409=IFCRELDEFINESBYPROPERTIES('3ca9j4SHm9g47_V6WQ1J7m',#6,$,$,(#380),#404);
#410=IFCRELDEFINESBYPROPERTIES('2vFwhQlDlDduTDJEQ2Seqn',#6,$,$,(#380),#405);
#411=IFCCARTESIANPOINT((14089.674577223957,-16703.038197492904,0.));
#412=IFCAXIS2PLACEMENT3D(#411,$,$);
#413=IFCLOCALPLACEMENT(#28,#412);
#414=IFCCARTESIANPOINTLIST3D(((-2.9999071066416131E-013,0.,0.),(7000.0000000000027,0.,0.)));
#415=IFCINDEXEDPOLYCURVE(#414,$,.F.);
#416=IFCSHAPEREPRESENTATION(#14,'Axis','Curve3D',(#415));
#417=IFCPRODUCTDEFINITIONSHAPE($,$,(#416,#443));
#418=IFCCARTESIANPOINTLIST2D(((7000.0000000000036,-250.00000000000165),(7000.0000000000018,249.99999999999949),(6500.0000000000027,250.00000000000009),(499.99999999999818,249.99999999999886),(-7.7347652092742176E-013,249.99999999999949),(7.7347652092742842E-013,-250.00000000000165),(7000.0000000000036,-250.00000000000165)));
#419=IFCINDEXEDPOLYCURVE(#418,$,.F.);
#420=IFCARBITRARYCLOSEDPROFILEDEF(.AREA.,$,#419);
#421=IFCAXIS2PLACEMENT3D(#10,$,$);
#422=IFCEXTRUDEDAREASOLID(#420,#421,#49,3500.0000000001683);
#423=IFCSTYLEDITEM(#422,(#64),$);
#424=IFCCOLOURRGBLIST(((1.,0.65098039215686276,0.82352941176470584)));
#425=IFCINDEXEDPOLYGONALFACEWITHVOIDS((1,2,3,4),((5,6,7,8),(9,10,11,12)));
#426=IFCINDEXEDPOLYGONALFACEWITHVOIDS((13,14,15,16,17,18,19,20),((21,22,23,24),(25,26,27,28)));
#427=IFCINDEXEDPOLYGONALFACE((2,1,13,20,19,18));
#428=IFCINDEXEDPOLYGONALFACE((4,3,17,16,15,14));
#429=IFCINDEXEDPOLYGONALFACE((3,2,18,17));
#430=IFCINDEXEDPOLYGONALFACE((1,4,14,13));
#431=IFCINDEXEDPOLYGONALFACE((22,21,5,8));
#432=IFCINDEXEDPOLYGONALFACE((23,22,8,7));
#433=IFCINDEXEDPOLYGONALFACE((24,23,7,6));
#434=IFCINDEXEDPOLYGONALFACE((21,24,6,5));
#435=IFCINDEXEDPOLYGONALFACE((26,25,9,12));
#436=IFCINDEXEDPOLYGONALFACE((27,26,12,11));
#437=IFCINDEXEDPOLYGONALFACE((28,27,11,10));
#438=IFCINDEXEDPOLYGONALFACE((25,28,10,9));
#439=IFCCARTESIANPOINTLIST3D(((4.7348581026327085E-013,-250.00000000000381,5.4143356464919636E-013),(7000.0000000000027,-250.00000000000165,5.4143356464919636E-013),(7000.0000000000027,-250.00000000000165,3500.0000000001683),(4.7348581026327085E-013,-250.00000000000381,3500.0000000001683),(1900.0000000000018,-250.00000000000165,1000.0000000000001),(900.00000000000159,-250.00000000000165,1000.0000000000001),(900.00000000000159,-250.00000000000165,2500.0000000000014),(1900.0000000000018,-250.00000000000165,2500.0000000000014),(4439.2458086782462,-250.00000000000165,1000.0000000000001),(3439.2458086782458,-250.00000000000165,1000.0000000000001),(3439.2458086782458,-250.00000000000165,2500.0000000000014),(4439.2458086782462,-250.00000000000165,2500.0000000000014),(-1.0734672315915857E-012,249.99999999999949,5.4143356464919636E-013),(-1.0734672315915857E-012,249.99999999999949,3500.0000000001683),(499.99999999999784,249.99999999999949,3500.0000000001683),(6500.0000000000027,249.99999999999949,3500.0000000001683),(7000.0000000000018,249.99999999999949,3500.0000000001683),(7000.0000000000018,249.99999999999949,5.4143356464919636E-013),(6500.0000000000027,249.99999999999949,0.),(499.99999999999784,249.99999999999949,0.),(1900.0000000000023,249.99999999999949,1000.0000000000001),(1900.0000000000023,249.99999999999949,2500.0000000000014),(900.00000000000227,250.00000000000165,2500.0000000000014),(900.00000000000227,250.00000000000165,1000.0000000000001),(4439.2458086782444,249.99999999999949,1000.0000000000001),(4439.2458086782444,249.99999999999949,2500.0000000000014),(3439.2458086782462,249.9999999999973,2500.0000000000014),(3439.2458086782462,249.9999999999973,1000.0000000000001)));
#440=IFCPOLYGONALFACESET(#439,.T.,(#425,#426,#427,#428,#429,#430,#431,#432,#433,#434,#435,#436,#437,#438),$);
#441=IFCINDEXEDCOLOURMAP(#440,1.,#424,(1,1,1,1,1,1,1,1,1,1,1,1,1,1));
#442=IFCSTYLEDITEM(#440,(#64),$);
#443=IFCSHAPEREPRESENTATION(#15,'Body','Tessellation',(#440));
#444=IFCWALL('112HIUctr2yw5OqZgr3kPo',#6,'Basic Wall:Castelnuovo_typeA:1676334',$,$,#413,#417,'1676334',.NOTDEFINED.);
#445=IFCQUANTITYLENGTH('Height',$,$,3500.0000000001683,$);
#446=IFCQUANTITYLENGTH('Length',$,$,7000.0000000000045,$);
#447=IFCQUANTITYLENGTH('Width',$,$,500.00000000000006,$);
#448=IFCQUANTITYAREA('GrossFootprintArea',$,$,3.4999999999999938,$);
#449=IFCQUANTITYVOLUME('GrossVolume',$,$,12.250000000000595,$);
#450=IFCQUANTITYAREA('GrossSideArea',$,$,12.250000000000595,$);
#451=IFCQUANTITYAREA('NetSideArea',$,$,21.50000000000119,$);
#452=IFCQUANTITYVOLUME('NetVolume',$,$,10.750000000000615,$);
#453=IFCELEMENTQUANTITY('2i6sIi_tVveHKzmWiD3BVV',#6,'Qto_WallBaseQuantities',$,'BaseQuantities',(#445,#446,#447,#448,#449,#450,#451,#452));
#454=IFCRELDEFINESBYPROPERTIES('0i5mu_2PLQMV3YqtUY90_m',#6,$,$,(#444),#453);
#455=IFCPROPERTYSET('049cSCyD$IezK2LY0rHmzi',#6,'Pset_EnvironmentalImpactIndicators',$,(#80));
#456=IFCPROPERTYSINGLEVALUE('Reference',$,IFCLABEL('Castelnuovo_typeA'),$);
#457=IFCPROPERTYSET('1PVqGG6Up8ZElLWadofBry',#6,'Pset_ReinforcementBarPitchOfWall',$,(#456));
#458=IFCPROPERTYSET('2qLpV5dESHU0K1P_aK8rp9',#6,'Pset_WallCommon',$,(#80,#84,#85,#140));
#459=IFCRELDEFINESBYPROPERTIES('2JLraoP27ZUThL3Y7Lv7rO',#6,$,$,(#444),#455);
#460=IFCRELDEFINESBYPROPERTIES('3Gft7l_VhV_RCj2YI4cmHS',#6,$,$,(#444),#457);
#461=IFCRELDEFINESBYPROPERTIES('3ueM$vNezHww4ihckqxYRF',#6,$,$,(#444),#458);
#462=IFCCARTESIANPOINT((20839.674577223959,-16453.038197492926,0.));
#463=IFCAXIS2PLACEMENT3D(#462,#49,#146);
#464=IFCLOCALPLACEMENT(#28,#463);
#465=IFCCARTESIANPOINTLIST3D(((0.,7.6022910962397071E-014,0.),(8396.5582706301957,-1.8151538840275732E-012,0.)));
#466=IFCINDEXEDPOLYCURVE(#465,$,.F.);
#467=IFCSHAPEREPRESENTATION(#14,'Axis','Curve3D',(#466));
#468=IFCPRODUCTDEFINITIONSHAPE($,$,(#467,#498));
#469=IFCCARTESIANPOINTLIST2D(((8396.5582706301957,-250.00000000000136),(8224.3944639853635,249.99999999999727),(4370.6909928935338,249.99999999999883),(3870.6909928935333,249.99999999999793),(1.7061799752729753E-012,249.99999999999949),(4.595542833238101E-013,-249.99999999999949),(8396.5582706301957,-250.00000000000136)));
#470=IFCINDEXEDPOLYCURVE(#469,$,.F.);
#471=IFCARBITRARYCLOSEDPROFILEDEF(.AREA.,$,#470);
#472=IFCAXIS2PLACEMENT3D(#10,$,$);
#473=IFCEXTRUDEDAREASOLID(#471,#472,#49,3500.0000000001683);
#474=IFCSTYLEDITEM(#473,(#64),$);
#475=IFCCOLOURRGBLIST(((1.,0.65098039215686276,0.82352941176470584)));
#476=IFCINDEXEDPOLYGONALFACEWITHVOIDS((1,2,3,4),((5,6,7,8),(9,10,11,12),(13,14,15,16)));
#477=IFCINDEXEDPOLYGONALFACEWITHVOIDS((17,18,19,20,21,22,23,24),((25,26,27,28),(29,30,31,32),(33,34,35,36)));
#478=IFCINDEXEDPOLYGONALFACE((2,1,17,24,23,22));
#479=IFCINDEXEDPOLYGONALFACE((4,3,21,20,19,18));
#480=IFCINDEXEDPOLYGONALFACE((1,4,18,17));
#481=IFCINDEXEDPOLYGONALFACE((3,2,22,21));
#482=IFCINDEXEDPOLYGONALFACE((6,5,25,28));
#483=IFCINDEXEDPOLYGONALFACE((7,6,28,27));
#484=IFCINDEXEDPOLYGONALFACE((8,7,27,26));
#485=IFCINDEXEDPOLYGONALFACE((5,8,26,25));
#486=IFCINDEXEDPOLYGONALFACE((10,9,29,32));
#487=IFCINDEXEDPOLYGONALFACE((11,10,32,31));
#488=IFCINDEXEDPOLYGONALFACE((12,11,31,30));
#489=IFCINDEXEDPOLYGONALFACE((9,12,30,29));
#490=IFCINDEXEDPOLYGONALFACE((14,13,33,36));
#491=IFCINDEXEDPOLYGONALFACE((15,14,36,35));
#492=IFCINDEXEDPOLYGONALFACE((16,15,35,34));
#493=IFCINDEXEDPOLYGONALFACE((13,16,34,33));
#494=IFCCARTESIANPOINTLIST3D(((0.,-249.9999999999994,5.4143356464919636E-013),(8396.5582706301957,-250.00000000000131,5.4143356464919636E-013),(8396.5582706301957,-250.00000000000131,3500.0000000001683),(0.,-249.9999999999994,3500.0000000001683),(4470.6909928935356,-249.99999999999986,291.91557169220329),(4470.6909928935356,-249.99999999999986,1891.9155716922035),(5670.6909928935356,-250.00000000000199,1891.9155716922035),(5670.6909928935356,-250.00000000000199,291.91557169220329),(6670.6909928935356,-250.00000000000011,291.91557169220977),(6670.6909928935356,-250.00000000000011,1891.9155716922098),(7870.6909928935365,-250.00000000000225,1891.9155716922098),(7870.6909928935365,-250.00000000000225,291.91557169220977),(2970.6909928935347,-249.99999999999827,512.48044712315163),(2970.6909928935347,-249.99999999999827,1712.4804471231516),(3970.6909928935347,-250.00000000000077,1712.4804471231516),(3970.6909928935347,-250.00000000000077,512.48044712315163),(2.1657342585967854E-012,249.99999999999955,5.4143356464919636E-013),(2.1657342585967854E-012,249.99999999999955,3500.0000000001683),(3870.6909928935315,249.99999999999801,3500.0000000001683),(4370.6909928935329,249.99999999999892,3500.0000000001683),(8224.3944639853617,249.99999999999736,3500.0000000001683),(8224.3944639853617,249.99999999999736,5.4143356464919636E-013),(4370.6909928935329,249.99999999999892,0.),(3870.6909928935315,249.99999999999801,0.),(4470.6909928935338,249.99999999999909,291.91557169220329),(5670.6909928935338,249.99999999999696,291.91557169220329),(5670.6909928935338,249.99999999999696,1891.9155716922035),(4470.6909928935338,249.99999999999909,1891.9155716922035),(6670.6909928935338,249.99999999999883,291.91557169220977),(7870.6909928935347,249.9999999999967,291.91557169220977),(7870.6909928935347,249.9999999999967,1891.9155716922098),(6670.6909928935338,249.99999999999883,1891.9155716922098),(2970.6909928935324,250.00000000000068,512.48044712315163),(3970.6909928935324,249.99999999999818,512.48044712315163),(3970.6909928935324,249.99999999999818,1712.4804471231516),(2970.6909928935324,250.00000000000068,1712.4804471231516)));
#495=IFCPOLYGONALFACESET(#494,.T.,(#476,#477,#478,#479,#480,#481,#482,#483,#484,#485,#486,#487,#488,#489,#490,#491,#492,#493),$);
#496=IFCINDEXEDCOLOURMAP(#495,1.,#475,(1,1,1,1,1,1,1,1,1,1,1,1,1,1,1,1,1,1));
#497=IFCSTYLEDITEM(#495,(#64),$);
#498=IFCSHAPEREPRESENTATION(#15,'Body','Tessellation',(#495));
#499=IFCWALL('112HIUctr2yw5OqZgr3kPp',#6,'Basic Wall:Castelnuovo_typeA:1676335',$,$,#464,#468,'1676335',.NOTDEFINED.);
#500=IFCAXIS2PLACEMENT3D(#10,$,$);
#502=IFCCARTESIANPOINTLIST2D(((-250.00000000000165,-1100.0000000000007),(249.99999999999949,-1100.0000000000007),(249.99999999999949,1100.0000000000011),(-250.00000000000165,1100.0000000000011),(-250.00000000000165,-1100.0000000000007)));
#503=IFCINDEXEDPOLYCURVE(#502,$,.F.);
#504=IFCARBITRARYCLOSEDPROFILEDEF(.AREA.,'DoorV2',#503);
#505=IFCCARTESIANPOINT((4120.6909928935329,600.,1100.));
#506=IFCDIRECTION((-1.,0.,0.));
#507=IFCAXIS2PLACEMENT3D(#505,#146,#506);
#508=IFCEXTRUDEDAREASOLID(#504,#507,#49,1499.9999999999882);
#509=IFCSHAPEREPRESENTATION(#15,'Body','SweptSolid',(#508));
#510=IFCPRODUCTDEFINITIONSHAPE($,$,(#509));
#511=IFCAXIS2PLACEMENT3D(#10,$,$);
#512=IFCLOCALPLACEMENT(#464,#511);
#513=IFCOPENINGELEMENT('0ol1bBPXuXHzE958xq3JSU',#6,'Basic Wall:Castelnuovo_typeA:1676335',$,$,#512,#510,'1753723',.OPENING.);
#514=IFCQUANTITYLENGTH('Depth',$,$,1499.9999999999882,$);
#515=IFCQUANTITYLENGTH('Height',$,$,2200.0000000000014,$);
#516=IFCQUANTITYLENGTH('Width',$,$,500.00000000000114,$);
#517=IFCQUANTITYAREA('Area',$,$,1.1000000000000032,$);
#518=IFCQUANTITYVOLUME('Volume',$,$,1649.9999999999918,$);
#519=IFCELEMENTQUANTITY('37qR$NxUFxF_JTiaurX6hz',#6,'Qto_OpeningElementBaseQuantities',$,'BaseQuantities',(#514,#515,#516,#517,#518));
#520=IFCRELDEFINESBYPROPERTIES('0t7_4K7tngpGD8vUSJx_MM',#6,$,$,(#513),#519);
#521=IFCRELVOIDSELEMENT('31oFtthznNEg7uRhWn7Qr8',#6,$,$,#499,#513);
#522=IFCQUANTITYLENGTH('Height',$,$,3500.0000000001683,$);
#523=IFCQUANTITYLENGTH('Length',$,$,8396.5582706301957,$);
#524=IFCQUANTITYLENGTH('Width',$,$,500.00000000000006,$);
#525=IFCQUANTITYAREA('GrossFootprintArea',$,$,4.1552381836538785,$);
#526=IFCQUANTITYVOLUME('GrossVolume',$,$,14.693976973603547,$);
#527=IFCQUANTITYAREA('GrossSideArea',$,$,14.693976973603547,$);
#528=IFCQUANTITYAREA('NetSideArea',$,$,24.347953947207099,$);
#529=IFCQUANTITYVOLUME('NetVolume',$,$,12.023333642789281,$);
#530=IFCELEMENTQUANTITY('1vvnkb3THPA6tvthrqzy5k',#6,'Qto_WallBaseQuantities',$,'BaseQuantities',(#522,#523,#524,#525,#526,#527,#528,#529));
#531=IFCRELDEFINESBYPROPERTIES('3zd70hKT0expNPNjvlgXA2',#6,$,$,(#499),#530);
#532=IFCPROPERTYSET('2fldV6J5O$i31sLe$a2gLP',#6,'Pset_EnvironmentalImpactIndicators',$,(#80));
#533=IFCPROPERTYSINGLEVALUE('Reference',$,IFCLABEL('Castelnuovo_typeA'),$);
#534=IFCPROPERTYSET('0vfMoht3iS1zbVoZVtxT1f',#6,'Pset_ReinforcementBarPitchOfWall',$,(#533));
#535=IFCPROPERTYSET('0ymfz9Lo3Wsn07d9cXMCjI',#6,'Pset_WallCommon',$,(#80,#84,#85,#140));
#536=IFCPROPERTYSET('2x8GCQPNFBsr_pRS5iIb70',#6,'Pset_EnvironmentalImpactIndicators',$,(#403));
#537=IFCPROPERTYSET('1bmtvqAAsp$KZfD6RHPFmi',#6,'Pset_OpeningElementCommon',$,(#403));
#538=IFCRELDEFINESBYPROPERTIES('0g8UK5ZF07FTLGcLXz1tax',#6,$,$,(#499),#532);
#539=IFCRELDEFINESBYPROPERTIES('1ap25gzNtBO$YvU4XziAdW',#6,$,$,(#499),#534);
#540=IFCRELDEFINESBYPROPERTIES('1dBkpVrJgTuPdsNTpvEv$D',#6,$,$,(#499),#535);
#541=IFCRELDEFINESBYPROPERTIES('0753JMfj3hZ37_MDfn2iX2',#6,$,$,(#513),#536);
#542=IFCRELDEFINESBYPROPERTIES('2S3KFr6NtZX1iy2kxm9z_P',#6,$,$,(#513),#537);
#543=IFCCARTESIANPOINT((14339.674577223957,-16453.038197492908,0.));
#544=IFCAXIS2PLACEMENT3D(#543,#49,#146);
#545=IFCLOCALPLACEMENT(#28,#544);
#546=IFCCARTESIANPOINTLIST3D(((0.,5.9142984491142686E-013,0.),(6158.4287842473477,-7.309142939093166E-013,0.)));
#547=IFCINDEXEDPOLYCURVE(#546,$,.F.);
#548=IFCSHAPEREPRESENTATION(#14,'Axis','Curve3D',(#547));
#549=IFCPRODUCTDEFINITIONSHAPE($,$,(#548,#567));
#550=IFCCARTESIANPOINTLIST2D(((6158.4287842473477,-250.0000000000008),(5986.2649776025155,249.9999999999979),(1.7798270943181546E-012,249.99999999999949),(3.8590716427863102E-013,-249.99999999999949),(3870.6909928935343,-249.99999999999997),(4370.6909928935374,-249.99999999999923),(6158.4287842473477,-250.0000000000008)));
#551=IFCINDEXEDPOLYCURVE(#550,$,.F.);
#552=IFCARBITRARYCLOSEDPROFILEDEF(.AREA.,$,#551);
#553=IFCAXIS2PLACEMENT3D(#10,$,$);
#554=IFCEXTRUDEDAREASOLID(#552,#553,#49,3500.0000000001683);
#555=IFCSTYLEDITEM(#554,(#64),$);
#556=IFCCOLOURRGBLIST(((1.,0.65098039215686276,0.82352941176470584)));
#557=IFCINDEXEDPOLYGONALFACE((1,2,3,4,5,6,7,8,9,10));
#558=IFCINDEXEDPOLYGONALFACE((11,12,13,14,15,16));
#559=IFCINDEXEDPOLYGONALFACE((4,3,2,1,11,16));
#560=IFCINDEXEDPOLYGONALFACE((10,9,8,7,6,5,15,14,13,12));
#561=IFCINDEXEDPOLYGONALFACE((5,4,16,15));
#562=IFCINDEXEDPOLYGONALFACE((1,10,12,11));
#563=IFCCARTESIANPOINTLIST3D(((2.1657342585967854E-012,-249.99999999999889,5.4143356464919636E-013),(3870.6909928935338,-249.9999999999994,0.),(4370.6909928935365,-249.99999999999864,0.),(6158.4287842473477,-250.00000000000023,5.4143356464919636E-013),(6158.4287842473477,-250.00000000000023,3500.0000000001683),(5900.0000000000018,-250.0000000000006,3500.0000000001683),(4500.0000000000146,-250.0000000000006,3500.0000000001683),(4370.6909928935347,-249.99999999999864,3500.0000000001683),(3870.6909928935338,-249.9999999999994,3500.0000000001683),(2.1657342585967854E-012,-249.99999999999889,3500.0000000001683),(2.1657342585967854E-012,250.00000000000006,5.4143356464919636E-013),(2.1657342585967854E-012,250.00000000000006,3500.0000000001683),(4500.0000000000146,249.99999999999835,3500.0000000001683),(5900.0000000000018,249.99999999999835,3500.0000000001683),(5986.2649776025155,249.99999999999849,3500.0000000001683),(5986.2649776025155,249.99999999999849,5.4143356464919636E-013)));
#564=IFCPOLYGONALFACESET(#563,.T.,(#557,#558,#559,#560,#561,#562),$);
#565=IFCINDEXEDCOLOURMAP(#564,1.,#556,(1,1,1,1,1,1));
#566=IFCSTYLEDITEM(#564,(#64),$);
#567=IFCSHAPEREPRESENTATION(#15,'Body','Tessellation',(#564));
#568=IFCWALL('112HIUctr2yw5OqZgr3kPi',#6,'Basic Wall:Castelnuovo_typeA:1676336',$,$,#545,#549,'1676336',.NOTDEFINED.);
#569=IFCAXIS2PLACEMENT3D(#10,$,$);
#571=IFCCARTESIANPOINTLIST2D(((-1100.,-699.9999999999925),(1100.0000000000011,-699.9999999999925),(1100.0000000000011,699.99999999999466),(-1100.,699.99999999999466),(-1100.,-699.9999999999925)));
#572=IFCINDEXEDPOLYCURVE(#571,$,.F.);
#573=IFCARBITRARYCLOSEDPROFILEDEF(.AREA.,'DoorV2',#572);
#574=IFCCARTESIANPOINT((5200.,-1274.,4600.));
#575=IFCAXIS2PLACEMENT3D(#574,#146,#49);
#576=IFCEXTRUDEDAREASOLID(#573,#575,#49,3048.);
#577=IFCSHAPEREPRESENTATION(#15,'Body','SweptSolid',(#576));
#578=IFCPRODUCTDEFINITIONSHAPE($,$,(#577));
#579=IFCAXIS2PLACEMENT3D(#10,$,$);
#580=IFCLOCALPLACEMENT(#545,#579);
#581=IFCOPENINGELEMENT('3XqI_hInOxrgaVuvnGTGPl',#6,'Basic Wall:Castelnuovo_typeA:1676336',$,$,#580,#578,'1721146',.OPENING.);
#582=IFCQUANTITYLENGTH('Depth',$,$,3048.,$);
#583=IFCQUANTITYLENGTH('Height',$,$,2200.0000000000014,$);
#584=IFCQUANTITYLENGTH('Width',$,$,1399.999999999987,$);
#585=IFCQUANTITYAREA('Area',$,$,3.0799999999999743,$);
#586=IFCQUANTITYVOLUME('Volume',$,$,9387.8399999999219,$);
#587=IFCELEMENTQUANTITY('1SD8VnBiZTg5LJ464ilfDJ',#6,'Qto_OpeningElementBaseQuantities',$,'BaseQuantities',(#582,#583,#584,#585,#586));
#588=IFCRELDEFINESBYPROPERTIES('2SeGDRacLUphZr$oaWrSty',#6,$,$,(#581),#587);
#589=IFCRELVOIDSELEMENT('2K6ihX535Q7ZOzG7bl1ftc',#6,$,$,#568,#581);
#590=IFCQUANTITYLENGTH('Height',$,$,3500.0000000001683,$);
#591=IFCQUANTITYLENGTH('Length',$,$,6158.4287842473477,$);
#592=IFCQUANTITYLENGTH('Width',$,$,500.00000000000006,$);
#593=IFCQUANTITYAREA('GrossFootprintArea',$,$,3.0361734404624561,$);
#594=IFCQUANTITYVOLUME('GrossVolume',$,$,10.777250372433377,$);
#595=IFCQUANTITYAREA('GrossSideArea',$,$,10.777250372433377,$);
#596=IFCQUANTITYAREA('NetSideArea',$,$,21.554500744866747,$);
#597=IFCQUANTITYVOLUME('NetVolume',$,$,10.626607041619113,$);
#598=IFCELEMENTQUANTITY('3zyJSoHU2zC$1rrGZ9e2cW',#6,'Qto_WallBaseQuantities',$,'BaseQuantities',(#590,#591,#592,#593,#594,#595,#596,#597));
#599=IFCRELDEFINESBYPROPERTIES('3lcpyF0naGr0YP7dEbooWn',#6,$,$,(#568),#598);
#600=IFCPROPERTYSET('2FizWRv3SxlJLdnelMuJBi',#6,'Pset_EnvironmentalImpactIndicators',$,(#80));
#601=IFCPROPERTYSINGLEVALUE('Reference',$,IFCLABEL('Castelnuovo_typeA'),$);
#602=IFCPROPERTYSET('0Tg$sM4rLFgwvaxadmsxmp',#6,'Pset_ReinforcementBarPitchOfWall',$,(#601));
#603=IFCPROPERTYSET('0ASoObDfysReMrfBn15zn0',#6,'Pset_WallCommon',$,(#80,#84,#85,#140));
#604=IFCPROPERTYSET('13I97NB$MrRCH81_aZ8k0x',#6,'Pset_EnvironmentalImpactIndicators',$,(#403));
#605=IFCPROPERTYSET('3kyx0deWguqJLQmNFj1H7c',#6,'Pset_OpeningElementCommon',$,(#403));
#606=IFCRELDEFINESBYPROPERTIES('0oEjTbfKXBR38VBEpNTgwn',#6,$,$,(#568),#600);
#607=IFCRELDEFINESBYPROPERTIES('1CRpQOnNs9FKaqwX4tPnrn',#6,$,$,(#568),#602);
#608=IFCRELDEFINESBYPROPERTIES('3a7T5AhWQkhnJpBxkQPhVb',#6,$,$,(#568),#603);
#609=IFCRELDEFINESBYPROPERTIES('3sIWB8ak21piy8B_VnOp_n',#6,$,$,(#581),#604);
#610=IFCRELDEFINESBYPROPERTIES('2D1VggH2Pq4YeY7Ok_aplm',#6,$,$,(#581),#605);
#611=IFCCARTESIANPOINT((14589.674577223963,-12332.347204599371,0.));
#612=IFCAXIS2PLACEMENT3D(#611,$,$);
#613=IFCLOCALPLACEMENT(#28,#612);
#614=IFCCARTESIANPOINTLIST3D(((-3.0555939360497073E-013,0.,0.),(6000.0000000000073,0.,0.)));
#615=IFCINDEXEDPOLYCURVE(#614,$,.F.);
#616=IFCSHAPEREPRESENTATION(#14,'Axis','Curve3D',(#615));
#617=IFCPRODUCTDEFINITIONSHAPE($,$,(#616,#639));
#618=IFCCARTESIANPOINTLIST2D(((7.8406925744663841E-013,-250.00000000000165),(6000.0000000000082,-250.00000000000233),(6000.0000000000055,249.99999999999881),(3100.0000000000027,249.99999999999835),(3000.0000000000041,249.99999999999807),(-7.8406925744663155E-013,249.99999999999949),(7.8406925744663841E-013,-250.00000000000165)));
#619=IFCINDEXEDPOLYCURVE(#618,$,.F.);
#620=IFCARBITRARYCLOSEDPROFILEDEF(.AREA.,$,#619);
#621=IFCAXIS2PLACEMENT3D(#10,$,$);
#622=IFCEXTRUDEDAREASOLID(#620,#621,#49,3500.0000000001683);
#623=IFCSTYLEDITEM(#622,(#64),$);
#624=IFCCOLOURRGBLIST(((1.,0.65098039215686276,0.82352941176470584)));
#625=IFCINDEXEDPOLYGONALFACE((1,2,3,4,5,6,7,8));
#626=IFCINDEXEDPOLYGONALFACE((9,10,11,12,13,14,15,16,17,18,19,20));
#627=IFCINDEXEDPOLYGONALFACE((3,20,19,18,17,4));
#628=IFCINDEXEDPOLYGONALFACE((2,1,12,11,10,9));
#629=IFCINDEXEDPOLYGONALFACE((1,8,13,12));
#630=IFCINDEXEDPOLYGONALFACE((3,2,9,20));
#631=IFCINDEXEDPOLYGONALFACE((16,5,4,17));
#632=IFCINDEXEDPOLYGONALFACE((5,16,15,6));
#633=IFCINDEXEDPOLYGONALFACE((6,15,14,7));
#634=IFCINDEXEDPOLYGONALFACE((13,8,7,14));
#635=IFCCARTESIANPOINTLIST3D(((6000.0000000000073,-250.00000000000165,3500.0000000001683),(4.7850986384166673E-013,-250.00000000000165,3500.0000000001683),(4.7850986384166673E-013,-250.00000000000165,5.4143356464919636E-013),(4149.9999999999973,-250.00000000000165,5.4143356464919636E-013),(4149.9999999999973,-250.00000000000165,2200.0000000000014),(5649.9999999999873,-250.00000000000165,2200.0000000000014),(5649.9999999999873,-250.00000000000165,5.4143356464919636E-013),(6000.0000000000073,-250.00000000000165,5.4143356464919636E-013),(-1.0896286510516005E-012,249.99999999999949,3500.0000000001683),(3000.0000000000036,249.9999999999973,3500.0000000001683),(3100.0000000000023,249.99999999999949,3500.0000000001683),(6000.0000000000055,249.99999999999949,3500.0000000001683),(6000.0000000000055,249.99999999999949,5.4143356464919636E-013),(5649.9999999999854,249.99999999999949,5.4143356464919636E-013),(5649.99999999999,249.99999999999949,2200.0000000000014),(4149.9999999999955,249.99999999999949,2200.0000000000014),(4149.9999999999955,249.99999999999949,5.4143356464919636E-013),(3100.0000000000023,249.99999999999949,0.),(3000.0000000000036,249.9999999999973,0.),(1.0761056075451849E-012,249.99999999999949,5.4143356464919636E-013)));
#636=IFCPOLYGONALFACESET(#635,.T.,(#625,#626,#627,#628,#629,#630,#631,#632,#633,#634),$);
#637=IFCINDEXEDCOLOURMAP(#636,1.,#624,(1,1,1,1,1,1,1,1,1,1));
#638=IFCSTYLEDITEM(#636,(#64),$);
#639=IFCSHAPEREPRESENTATION(#15,'Body','Tessellation',(#636));
#640=IFCWALL('112HIUctr2yw5OqZgr3kPj',#6,'Basic Wall:Castelnuovo_typeA:1676337',$,$,#613,#617,'1676337',.NOTDEFINED.);
#641=IFCQUANTITYLENGTH('Height',$,$,3500.0000000001683,$);
#642=IFCQUANTITYLENGTH('Length',$,$,6000.0000000000091,$);
#643=IFCQUANTITYLENGTH('Width',$,$,500.00000000000006,$);
#644=IFCQUANTITYAREA('GrossFootprintArea',$,$,2.9999999999999969,$);
#645=IFCQUANTITYVOLUME('GrossVolume',$,$,8.8500000000005272,$);
#646=IFCQUANTITYAREA('GrossSideArea',$,$,8.8500000000005272,$);
#647=IFCQUANTITYAREA('NetSideArea',$,$,17.700000000001054,$);
#648=IFCQUANTITYVOLUME('NetVolume',$,$,8.8500000000005556,$);
#649=IFCELEMENTQUANTITY('1rSmRvj1sR6QHnK1RmiNXr',#6,'Qto_WallBaseQuantities',$,'BaseQuantities',(#641,#642,#643,#644,#645,#646,#647,#648));
#650=IFCRELDEFINESBYPROPERTIES('0gk$uwZTqsPOLT_DYDtRkc',#6,$,$,(#640),#649);
#651=IFCPROPERTYSET('1iOKwYb4DlZxoy$dKADwfA',#6,'Pset_EnvironmentalImpactIndicators',$,(#80));
#652=IFCPROPERTYSINGLEVALUE('Reference',$,IFCLABEL('Castelnuovo_typeA'),$);
#653=IFCPROPERTYSET('0xEHUT8Znu24OYd_9vhrJ3',#6,'Pset_ReinforcementBarPitchOfWall',$,(#652));
#654=IFCPROPERTYSET('2YIpWtWUN8iDJtbzNl7JSH',#6,'Pset_WallCommon',$,(#80,#84,#85,#140));
#655=IFCRELDEFINESBYPROPERTIES('3SShllBQZFfbAvpAhOwF1m',#6,$,$,(#640),#651);
#656=IFCRELDEFINESBYPROPERTIES('2B6fmU9smI7_zX6hF8QNMc',#6,$,$,(#640),#653);
#657=IFCRELDEFINESBYPROPERTIES('1EiaSfLfSXP_8tIOPXXiLr',#6,$,$,(#640),#654);
#658=IFCCARTESIANPOINT((14008.282538609674,-10230.393575990563,0.));
#659=IFCDIRECTION((0.94551857559931674,0.32556815445715664,0.));
#660=IFCAXIS2PLACEMENT3D(#658,#49,#659);
#661=IFCLOCALPLACEMENT(#32,#660);
#662=IFCCARTESIANPOINTLIST3D(((-5.4143356464919636E-013,1.0828671292983927E-012,0.),(7575.5085749515392,1.0828671292983927E-012,0.)));
#663=IFCINDEXEDPOLYCURVE(#662,$,.F.);
#664=IFCSHAPEREPRESENTATION(#14,'Axis','Curve3D',(#663));
#665=IFCPRODUCTDEFINITIONSHAPE($,$,(#664,#702));
#685=IFCCARTESIANPOINTLIST2D(((7403.3447683067097,-249.99999999999974),(7575.508574951541,250.00000000000082),(672.19085614677806,249.99999999999932),(172.16380664483583,250.00000000000171),(4.7883030873663306E-012,-250.00000000000034),(528.81034059333899,-250.00000000000048),(6874.5344277133736,-249.99999999999974),(7403.3447683067097,-249.99999999999974)));
#686=IFCINDEXEDPOLYCURVE(#685,$,.F.);
#687=IFCARBITRARYCLOSEDPROFILEDEF(.AREA.,$,#686);
#688=IFCAXIS2PLACEMENT3D(#10,$,$);
#689=IFCEXTRUDEDAREASOLID(#687,#688,#49,5564.2859498666321);
#690=IFCSTYLEDITEM(#689,(#64),$);
#691=IFCCOLOURRGBLIST(((1.,0.65098039215686276,0.82352941176470584)));
#692=IFCINDEXEDPOLYGONALFACE((1,2,3,4,5,6,7,8));
#693=IFCINDEXEDPOLYGONALFACE((9,10,11,12,13));
#694=IFCINDEXEDPOLYGONALFACE((4,3,2,1,9,13,12));
#695=IFCINDEXEDPOLYGONALFACE((6,5,4,12,11));
#696=IFCINDEXEDPOLYGONALFACE((1,8,7,10,9));
#697=IFCINDEXEDPOLYGONALFACE((7,6,11,10));
#698=IFCCARTESIANPOINTLIST3D(((3.7900349525443742E-012,-249.99999999999949,0.),(528.81034059333899,-249.99999999999949,0.),(6874.5344277133745,-249.99999999999838,0.),(7403.3447683067097,-249.99999999999838,0.),(7403.3447683067097,-249.99999999999838,2399.9999999998322),(7403.3447683067097,-249.99999999999838,2924.7727368500214),(1.6243006939475892E-012,-249.99999999999949,5564.2859498666321),(-5.4143356464919636E-013,-249.99999999999949,4674.4378736301987),(172.16380664483427,250.00000000000057,0.),(172.16380664483808,250.00000000000489,5539.5132130164375),(7575.5085749515374,250.00000000000165,2899.999999999829),(7575.5085749515429,250.00000000000165,0.),(672.19085614677795,250.00000000000057,0.)));
#699=IFCPOLYGONALFACESET(#698,.T.,(#692,#693,#694,#695,#696,#697),$);
#700=IFCINDEXEDCOLOURMAP(#699,1.,#691,(1,1,1,1,1,1));
#701=IFCSTYLEDITEM(#699,(#64),$);
#702=IFCSHAPEREPRESENTATION(#15,'Body','Tessellation',(#699));
#703=IFCWALL('112HIUctr2yw5OqZgr3kPe',#6,'Basic Wall:Castelnuovo_typeA:1676340',$,$,#661,#665,'1676340',.NOTDEFINED.);
#704=IFCAXIS2PLACEMENT3D(#10,$,$);
#706=IFCCARTESIANPOINTLIST2D(((-249.99999999999949,-1100.0000000000011),(249.99999999999949,-1100.0000000000011),(249.99999999999949,1100.0000000000011),(-249.99999999999949,1100.0000000000011),(-249.99999999999949,-1100.0000000000011)));
#707=IFCINDEXEDPOLYCURVE(#706,$,.F.);
#708=IFCARBITRARYCLOSEDPROFILEDEF(.AREA.,'DoorV2',#707);
#709=IFCCARTESIANPOINT((-247.50090189252126,-1736.6831832001551,1100.));
#710=IFCDIRECTION((0.32556815445715664,0.94551857559931674,0.));
#711=IFCDIRECTION((-0.94551857559931674,0.32556815445715664,0.));
#712=IFCAXIS2PLACEMENT3D(#709,#710,#711);
#713=IFCEXTRUDEDAREASOLID(#708,#712,#49,1399.9999999999866);
#714=IFCSHAPEREPRESENTATION(#15,'Body','SweptSolid',(#713));
#715=IFCPRODUCTDEFINITIONSHAPE($,$,(#714));
#716=IFCAXIS2PLACEMENT3D(#10,$,$);
#717=IFCLOCALPLACEMENT(#661,#716);
#718=IFCOPENINGELEMENT('27ydn4ZgWIIGkFEiaMHmdU',#6,'Basic Wall:Castelnuovo_typeA:1676340',$,$,#717,#715,'1721146',.OPENING.);
#719=IFCQUANTITYLENGTH('Depth',$,$,1399.9999999999866,$);
#720=IFCQUANTITYLENGTH('Height',$,$,2200.0000000000014,$);
#721=IFCQUANTITYLENGTH('Width',$,$,499.99999999999898,$);
#722=IFCQUANTITYAREA('Area',$,$,1.0999999999999985,$);
#723=IFCQUANTITYVOLUME('Volume',$,$,1539.9999999999832,$);
#724=IFCELEMENTQUANTITY('2P8XFOp8CckcJ8pEPfhHi_',#6,'Qto_OpeningElementBaseQuantities',$,'BaseQuantities',(#719,#720,#721,#722,#723));
#725=IFCRELDEFINESBYPROPERTIES('1oWyXwjyGJzclscnJ0ErJR',#6,$,$,(#718),#724);
#726=IFCRELVOIDSELEMENT('1g3uq5SVfLwT9v61w5YSMb',#6,$,$,#703,#718);
#727=IFCQUANTITYLENGTH('Height',$,$,5564.2859498666321,$);
#728=IFCQUANTITYLENGTH('Length',$,$,7575.5085749515401,$);
#729=IFCQUANTITYLENGTH('Width',$,$,500.00000000000006,$);
#730=IFCQUANTITYAREA('GrossFootprintArea',$,$,3.7016723841533561,$);
#731=IFCQUANTITYVOLUME('GrossVolume',$,$,15.711857054038084,$);
#732=IFCQUANTITYAREA('GrossSideArea',$,$,15.711857054038084,$);
#733=IFCQUANTITYAREA('NetSideArea',$,$,31.423714108076169,$);
#734=IFCQUANTITYVOLUME('NetVolume',$,$,15.666006776098975,$);
#735=IFCELEMENTQUANTITY('0r_fnkJ55ihFm2CeNGjO6K',#6,'Qto_WallBaseQuantities',$,'BaseQuantities',(#727,#728,#729,#730,#731,#732,#733,#734));
#736=IFCRELDEFINESBYPROPERTIES('08pnRJCznC9eQhn6irhqi6',#6,$,$,(#703),#735);
#737=IFCPROPERTYSET('0dDl8a1QeBiDKxs6RrSww1',#6,'Pset_EnvironmentalImpactIndicators',$,(#80));
#738=IFCPROPERTYSINGLEVALUE('Reference',$,IFCLABEL('Castelnuovo_typeA'),$);
#739=IFCPROPERTYSET('0UBLSIlW6gGYdTHmMbDDwt',#6,'Pset_ReinforcementBarPitchOfWall',$,(#738));
#740=IFCPROPERTYSET('3ixhS7P1aUFo8pF7yOoHAz',#6,'Pset_WallCommon',$,(#80,#84,#85,#86));
#741=IFCPROPERTYSET('2G_bzVoI_EK8ceF$OixgBw',#6,'Pset_EnvironmentalImpactIndicators',$,(#403));
#742=IFCPROPERTYSET('3zau4x8cSDU0n0L$XYJTfh',#6,'Pset_OpeningElementCommon',$,(#403));
#743=IFCRELDEFINESBYPROPERTIES('1jL$PERj_E8QbzvRlb51uC',#6,$,$,(#703),#737);
#744=IFCRELDEFINESBYPROPERTIES('3JN2u_nEKOGRCqQ74Tfley',#6,$,$,(#703),#739);
#745=IFCRELDEFINESBYPROPERTIES('2qdzwARn_BJ8n8H32gJJOP',#6,$,$,(#703),#740);
#746=IFCRELDEFINESBYPROPERTIES('0b2xpuOX09q0fnsajdPvbK',#6,$,$,(#718),#741);
#747=IFCRELDEFINESBYPROPERTIES('2j2wCM2KKDjiej14hrdmjZ',#6,$,$,(#718),#742);
#748=IFCCARTESIANPOINT((14089.674577223957,-16703.038197492904,0.));
#749=IFCAXIS2PLACEMENT3D(#748,$,$);
#750=IFCLOCALPLACEMENT(#32,#749);
#751=IFCCARTESIANPOINTLIST3D(((-2.9999071066416131E-013,0.,-1.0828671292983927E-012),(7000.00000000002,0.,-1.0828671292983927E-012)));
#752=IFCINDEXEDPOLYCURVE(#751,$,.F.);
#753=IFCSHAPEREPRESENTATION(#14,'Axis','Curve3D',(#752));
#754=IFCPRODUCTDEFINITIONSHAPE($,$,(#753,#800));
#775=IFCCARTESIANPOINTLIST2D(((7000.0000000000036,-250.00000000000165),(7000.0000000000018,249.99999999999949),(6500.0000000000027,250.00000000000009),(499.99999999999818,249.99999999999886),(-7.7347652092742176E-013,249.99999999999949),(7.7347652092742842E-013,-250.00000000000165),(7000.0000000000036,-250.00000000000165)));
#776=IFCINDEXEDPOLYCURVE(#775,$,.F.);
#777=IFCARBITRARYCLOSEDPROFILEDEF(.AREA.,$,#776);
#778=IFCAXIS2PLACEMENT3D(#10,$,$);
#779=IFCEXTRUDEDAREASOLID(#777,#778,#49,4674.4378736302024);
#780=IFCSTYLEDITEM(#779,(#64),$);
#781=IFCCOLOURRGBLIST(((1.,0.65098039215686276,0.82352941176470584)));
#782=IFCINDEXEDPOLYGONALFACEWITHVOIDS((1,2,3,4),((5,6,7,8),(9,10,11,12)));
#783=IFCINDEXEDPOLYGONALFACEWITHVOIDS((13,14,15,16,17,18,19,20),((21,22,23,24),(25,26,27,28)));
#784=IFCINDEXEDPOLYGONALFACE((2,1,13,20,19,18));
#785=IFCINDEXEDPOLYGONALFACE((3,2,18,17));
#786=IFCINDEXEDPOLYGONALFACE((1,4,14,13));
#787=IFCINDEXEDPOLYGONALFACE((4,3,17,16,15,14));
#788=IFCINDEXEDPOLYGONALFACE((22,21,5,8));
#789=IFCINDEXEDPOLYGONALFACE((23,22,8,7));
#790=IFCINDEXEDPOLYGONALFACE((24,23,7,6));
#791=IFCINDEXEDPOLYGONALFACE((21,24,6,5));
#792=IFCINDEXEDPOLYGONALFACE((26,25,9,12));
#793=IFCINDEXEDPOLYGONALFACE((27,26,12,11));
#794=IFCINDEXEDPOLYGONALFACE((28,27,11,10));
#795=IFCINDEXEDPOLYGONALFACE((25,28,10,9));
#796=IFCCARTESIANPOINTLIST3D(((4.7348581026327085E-013,-250.00000000000381,-1.0828671292983927E-012),(7000.0000000000027,-250.00000000000165,-1.0828671292983927E-012),(7000.0000000000027,-250.00000000000165,2399.9999999998377),(4.7348581026327085E-013,-250.00000000000381,4674.4378736302024),(2800.0000000000027,-249.99999999999949,399.99999999999892),(1400.0000000000007,-250.00000000000165,399.99999999999892),(1400.0000000000007,-250.00000000000165,1899.999999999998),(2800.0000000000027,-249.99999999999949,1899.999999999998),(5244.3682623147624,-249.99999999999949,399.99999999999892),(3844.3682623147652,-249.99999999999949,399.99999999999892),(3844.3682623147652,-249.99999999999949,1899.999999999998),(5244.3682623147624,-249.99999999999949,1899.999999999998),(-1.0734672315915857E-012,249.99999999999949,-1.0828671292983927E-012),(-1.0734672315915857E-012,249.99999999999949,4674.4378736302024),(499.99999999999784,249.99999999999949,4511.9780255137484),(6500.0000000000027,249.99999999999949,2562.4598481162916),(7000.0000000000146,249.99999999999949,2399.9999999998336),(7000.0000000000018,249.99999999999949,-1.0828671292983927E-012),(6500.0000000000027,249.99999999999949,-1.0828671292983927E-012),(499.99999999999784,249.99999999999949,-1.0828671292983927E-012),(2800.0000000000014,249.99999999999949,399.99999999999892),(2800.0000000000014,249.99999999999949,1899.999999999998),(1400.0000000000011,249.99999999999949,1899.999999999998),(1400.0000000000011,249.99999999999949,399.99999999999892),(5244.3682623147661,250.00000000000165,399.99999999999892),(5244.3682623147661,250.00000000000165,1899.999999999998),(3844.3682623147656,249.99999999999949,1899.999999999998),(3844.3682623147656,249.99999999999949,399.99999999999892)));
#797=IFCPOLYGONALFACESET(#796,.T.,(#782,#783,#784,#785,#786,#787,#788,#789,#790,#791,#792,#793,#794,#795),$);
#798=IFCINDEXEDCOLOURMAP(#797,1.,#781,(1,1,1,1,1,1,1,1,1,1,1,1,1,1));
#799=IFCSTYLEDITEM(#797,(#64),$);
#800=IFCSHAPEREPRESENTATION(#15,'Body','Tessellation',(#797));
#801=IFCWALL('112HIUctr2yw5OqZgr3kPf',#6,'Basic Wall:Castelnuovo_typeA:1676341',$,$,#750,#754,'1676341',.NOTDEFINED.);
#802=IFCQUANTITYLENGTH('Height',$,$,4674.4378736302024,$);
#803=IFCQUANTITYLENGTH('Length',$,$,7000.00000000002,$);
#804=IFCQUANTITYLENGTH('Width',$,$,500.00000000000006,$);
#805=IFCQUANTITYAREA('GrossFootprintArea',$,$,3.5000000000000027,$);
#806=IFCQUANTITYVOLUME('GrossVolume',$,$,12.380266278852588,$);
#807=IFCQUANTITYAREA('GrossSideArea',$,$,12.380266278852588,$);
#808=IFCQUANTITYAREA('NetSideArea',$,$,20.560532557705169,$);
#809=IFCQUANTITYVOLUME('NetVolume',$,$,10.280266278852599,$);
#810=IFCELEMENTQUANTITY('2ovI_IhM8NDecUN5ATOLV9',#6,'Qto_WallBaseQuantities',$,'BaseQuantities',(#802,#803,#804,#805,#806,#807,#808,#809));
#811=IFCRELDEFINESBYPROPERTIES('3Qgs4cWncGL$_S6yUjHSwj',#6,$,$,(#801),#810);
#812=IFCPROPERTYSET('1bCz1d3$pgoRZu4LqawQYQ',#6,'Pset_EnvironmentalImpactIndicators',$,(#80));
#813=IFCPROPERTYSINGLEVALUE('Reference',$,IFCLABEL('Castelnuovo_typeA'),$);
#814=IFCPROPERTYSET('1CWypeiSJw4u4SeVXcsKwS',#6,'Pset_ReinforcementBarPitchOfWall',$,(#813));
#815=IFCPROPERTYSET('2a$TFAb1rHlJCq9VtAirdT',#6,'Pset_WallCommon',$,(#80,#84,#85,#86));
#816=IFCRELDEFINESBYPROPERTIES('1ofk5zm4hb7OFOyhUZlCCN',#6,$,$,(#801),#812);
#817=IFCRELDEFINESBYPROPERTIES('0qaljqZZA6M_acN326ODAL',#6,$,$,(#801),#814);
#818=IFCRELDEFINESBYPROPERTIES('1jnXWwERHWJh$hjjPb77oH',#6,$,$,(#801),#815);
#819=IFCCARTESIANPOINT((20839.674577223959,-16453.038197492926,0.));
#820=IFCAXIS2PLACEMENT3D(#819,#49,#146);
#821=IFCLOCALPLACEMENT(#32,#820);
#822=IFCCARTESIANPOINTLIST3D(((0.,7.6022910962397071E-014,0.),(8396.5582706301957,-1.815153884027575E-012,0.)));
#823=IFCINDEXEDPOLYCURVE(#822,$,.F.);
#824=IFCSHAPEREPRESENTATION(#14,'Axis','Curve3D',(#823));
#825=IFCPRODUCTDEFINITIONSHAPE($,$,(#824,#920));
#847=IFCCARTESIANPOINTLIST2D(((8396.5582706301957,-250.00000000000136),(8224.3944639853635,249.99999999999727),(4370.6909928935338,249.99999999999883),(3870.6909928935333,249.99999999999793),(1.7061799752729753E-012,249.99999999999949),(4.595542833238101E-013,-249.99999999999949),(8396.5582706301957,-250.00000000000136)));
#848=IFCINDEXEDPOLYCURVE(#847,$,.F.);
#849=IFCARBITRARYCLOSEDPROFILEDEF(.AREA.,$,#848);
#850=IFCAXIS2PLACEMENT3D(#10,$,$);
#851=IFCEXTRUDEDAREASOLID(#849,#850,#49,2562.4598481162925);
#852=IFCSTYLEDITEM(#851,(#64),$);
#853=IFCCOLOURRGBLIST(((1.,0.65098039215686276,0.82352941176470584)));
#854=IFCINDEXEDPOLYGONALFACEWITHVOIDS((1,2,3,4),((7,8,9,10,11,12,13,14,15,16,17,18,19,20,21,22,23,24,25,26,27,28,29,30,5,6),(58,59,60,57),(32,33,34,35,36,37,38,39,40,41,42,43,44,45,46,47,48,49,50,51,52,53,54,55,56,31)));
#855=IFCINDEXEDPOLYGONALFACEWITHVOIDS((66,67,68,61,62,63,64,65),((96,97,98,99,100,101,102,103,104,105,106,107,108,109,110,111,112,113,114,115,116,117,118,119,120,95),(121,122,123,124),(69,70,71,72,73,74,75,76,77,78,79,80,81,82,83,84,85,86,87,88,89,90,91,92,93,94)));
#856=IFCINDEXEDPOLYGONALFACE((2,1,61,68,67,66));
#857=IFCINDEXEDPOLYGONALFACE((19,18,82,81));
#858=IFCINDEXEDPOLYGONALFACE((45,44,108,107));
#859=IFCINDEXEDPOLYGONALFACE((123,122,60,59));
#860=IFCINDEXEDPOLYGONALFACE((3,2,66,65));
#861=IFCINDEXEDPOLYGONALFACE((61,1,4,62));
#862=IFCINDEXEDPOLYGONALFACE((70,69,5,30));
#863=IFCINDEXEDPOLYGONALFACE((96,95,31,56));
#864=IFCINDEXEDPOLYGONALFACE((122,121,57,60));
#865=IFCINDEXEDPOLYGONALFACE((62,4,3,65,64,63));
#866=IFCINDEXEDPOLYGONALFACE((72,28,27,73));
#867=IFCINDEXEDPOLYGONALFACE((98,54,53,99));
#868=IFCINDEXEDPOLYGONALFACE((73,27,26,74));
#869=IFCINDEXEDPOLYGONALFACE((99,53,52,100));
#870=IFCINDEXEDPOLYGONALFACE((71,70,30,29));
#871=IFCINDEXEDPOLYGONALFACE((97,96,56,55));
#872=IFCINDEXEDPOLYGONALFACE((71,29,28,72));
#873=IFCINDEXEDPOLYGONALFACE((97,55,54,98));
#874=IFCINDEXEDPOLYGONALFACE((75,74,26,25));
#875=IFCINDEXEDPOLYGONALFACE((101,100,52,51));
#876=IFCINDEXEDPOLYGONALFACE((79,78,22,21));
#877=IFCINDEXEDPOLYGONALFACE((105,104,48,47));
#878=IFCINDEXEDPOLYGONALFACE((80,79,21,20));
#879=IFCINDEXEDPOLYGONALFACE((106,105,47,46));
#880=IFCINDEXEDPOLYGONALFACE((77,76,24,23));
#881=IFCINDEXEDPOLYGONALFACE((103,102,50,49));
#882=IFCINDEXEDPOLYGONALFACE((78,77,23,22));
#883=IFCINDEXEDPOLYGONALFACE((104,103,49,48));
#884=IFCINDEXEDPOLYGONALFACE((75,25,24,76));
#885=IFCINDEXEDPOLYGONALFACE((101,51,50,102));
#886=IFCINDEXEDPOLYGONALFACE((81,80,20,19));
#887=IFCINDEXEDPOLYGONALFACE((107,106,46,45));
#888=IFCINDEXEDPOLYGONALFACE((84,16,15,85));
#889=IFCINDEXEDPOLYGONALFACE((110,42,41,111));
#890=IFCINDEXEDPOLYGONALFACE((85,15,14,86));
#891=IFCINDEXEDPOLYGONALFACE((111,41,40,112));
#892=IFCINDEXEDPOLYGONALFACE((83,82,18,17));
#893=IFCINDEXEDPOLYGONALFACE((109,108,44,43));
#894=IFCINDEXEDPOLYGONALFACE((83,17,16,84));
#895=IFCINDEXEDPOLYGONALFACE((109,43,42,110));
#896=IFCINDEXEDPOLYGONALFACE((87,86,14,13));
#897=IFCINDEXEDPOLYGONALFACE((113,112,40,39));
#898=IFCINDEXEDPOLYGONALFACE((91,90,10,9));
#899=IFCINDEXEDPOLYGONALFACE((117,116,36,35));
#900=IFCINDEXEDPOLYGONALFACE((92,91,9,8));
#901=IFCINDEXEDPOLYGONALFACE((118,117,35,34));
#902=IFCINDEXEDPOLYGONALFACE((89,88,12,11));
#903=IFCINDEXEDPOLYGONALFACE((115,114,38,37));
#904=IFCINDEXEDPOLYGONALFACE((90,89,11,10));
#905=IFCINDEXEDPOLYGONALFACE((116,115,37,36));
#906=IFCINDEXEDPOLYGONALFACE((87,13,12,88));
#907=IFCINDEXEDPOLYGONALFACE((113,39,38,114));
#908=IFCINDEXEDPOLYGONALFACE((93,92,8,7));
#909=IFCINDEXEDPOLYGONALFACE((119,118,34,33));
#910=IFCINDEXEDPOLYGONALFACE((94,93,7,6));
#911=IFCINDEXEDPOLYGONALFACE((120,119,33,32));
#912=IFCINDEXEDPOLYGONALFACE((124,123,59,58));
#913=IFCINDEXEDPOLYGONALFACE((69,94,6,5));
#914=IFCINDEXEDPOLYGONALFACE((95,120,32,31));
#915=IFCINDEXEDPOLYGONALFACE((121,124,58,57));
#916=IFCCARTESIANPOINTLIST3D(((0.,-249.9999999999994,0.),(8396.5582706301957,-250.00000000000131,0.),(8396.5582706301957,-250.00000000000131,2399.9999999998322),(0.,-249.9999999999994,2399.999999999839),(3600.000000000035,-250.00000000000145,455.90000000000032),(2299.9999999999686,-249.99999999999952,455.90000000000032),(2299.9999999999686,-249.99999999999952,1455.8999999999983),(2306.054135076356,-249.99999999999949,1544.408321912563),(2324.1037632239008,-249.99999999999949,1631.2679012520728),(2353.8126540214271,-249.9999999999994,1714.8607084000682),(2394.6273870447576,-249.99999999999935,1793.6295675230469),(2445.787661042104,-249.99999999999923,1866.1071638119529),(2506.3404569078543,-249.99999999999915,1930.9433767808032),(2575.1577906253201,-249.99999999999901,1986.9304304568122),(2650.9577254747383,-249.99999999999886,2033.0253919615709),(2732.3282520888506,-249.99999999999869,2068.3695993772626),(2817.7535915157832,-249.99999999999855,2092.3046569935404),(2905.6424313129646,-249.99999999999838,2104.3846999738821),(2994.3575686870413,-249.99999999999821,2104.3846999738821),(3082.2464084842204,-250.00000000000239,2092.3046569935404),(3167.6717479111553,-250.00000000000225,2068.3695993772626),(3249.0422745252672,-250.00000000000207,2033.0253919615718),(3324.8422093746858,-250.00000000000193,1986.9304304568134),(3393.6595430921493,-250.00000000000182,1930.9433767808032),(3454.2123389579019,-250.00000000000171,1866.107163811954),(3505.3726129552483,-250.00000000000162,1793.6295675230481),(3546.1873459785766,-250.00000000000153,1714.8607084000694),(3575.8962367761046,-250.00000000000151,1631.2679012520739),(3593.9458649236499,-250.00000000000148,1544.4083219125641),(3600.000000000035,-250.00000000000145,1455.9000000000003),(7570.6909928935665,-249.99999999999849,455.90000000000032),(6270.6909928935011,-250.00000000000085,455.90000000000032),(6270.6909928935011,-250.00000000000085,1455.8999999999983),(6276.7451279698862,-250.00000000000085,1544.408321912563),(6294.7947561174333,-250.00000000000082,1631.2679012520728),(6324.50364691496,-250.00000000000077,1714.8607084000682),(6365.3183799382878,-250.00000000000068,1793.6295675230469),(6416.4786539356364,-250.0000000000006,1866.1071638119529),(6477.0314498013868,-250.00000000000048,1930.9433767808032),(6545.8487835188507,-250.00000000000034,1986.9304304568122),(6621.6487183682711,-250.00000000000023,2033.0253919615709),(6703.0192449823808,-250.00000000000009,2068.3695993772626),(6788.4445844093143,-249.99999999999991,2092.3046569935404),(6876.3334242064948,-249.99999999999974,2104.3846999738821),(6965.0485615805719,-249.99999999999957,2104.3846999738821),(7052.9374013777524,-249.99999999999943,2092.3046569935404),(7138.3627408046841,-249.99999999999926,2068.3695993772626),(7219.7332674187965,-249.99999999999915,2033.0253919615718),(7295.5332022682151,-249.99999999999898,1986.9304304568134),(7364.3505359856808,-249.99999999999886,1930.9433767808032),(7424.9033318514312,-249.99999999999872,1866.107163811954),(7476.0636058487789,-249.99999999999866,1793.6295675230481),(7516.8783388721076,-249.99999999999855,1714.8607084000694),(7546.5872296696343,-249.99999999999852,1631.2679012520739),(7564.6368578171814,-249.99999999999849,1544.4083219125641),(7570.6909928935665,-249.99999999999849,1455.9000000000003),(5970.6909928935374,-250.00000000000139,399.99999999999892),(4570.6909928935365,-249.99999999999963,399.99999999999892),(4570.6909928935365,-249.99999999999963,1899.9999999999991),(5970.6909928935374,-250.00000000000139,1899.9999999999991),(0.,249.99999999999955,0.),(0.,249.99999999999955,2562.4598481162925),(3870.6909928935315,249.99999999999801,2562.4598481162907),(4370.6909928935329,249.99999999999892,2562.4598481162907),(8224.3944639853617,249.99999999999736,2562.4598481162861),(8224.3944639853617,249.99999999999736,0.),(4370.6909928935329,249.99999999999892,0.),(3870.6909928935315,249.99999999999801,0.),(3600.0000000000327,249.9999999999975,455.90000000000032),(3600.000000000035,249.9999999999975,1455.8999999999994),(3593.9458649236476,249.99999999999747,1544.4083219125641),(3575.8962367761028,249.99999999999744,1631.2679012520739),(3546.1873459785743,249.99999999999741,1714.8607084000694),(3505.372612955246,249.99999999999736,1793.6295675230481),(3454.2123389578996,249.99999999999724,1866.107163811954),(3393.659543092147,249.99999999999713,1930.9433767808032),(3324.8422093746835,249.99999999999702,1986.9304304568134),(3249.0422745252654,249.99999999999687,2033.0253919615718),(3167.671747911153,249.9999999999967,2068.3695993772626),(3082.2464084842181,249.99999999999656,2092.3046569935404),(2994.357568687039,250.00000000000074,2104.3846999738821),(2905.6424313129623,250.00000000000057,2104.3846999738821),(2817.753591515781,250.0000000000004,2092.3046569935404),(2732.3282520888483,250.00000000000026,2068.3695993772626),(2650.9577254747364,250.00000000000009,2033.0253919615709),(2575.1577906253178,249.99999999999994,1986.9304304568122),(2506.3404569078525,249.9999999999998,1930.9433767808032),(2445.7876610421017,249.99999999999972,1866.1071638119529),(2394.6273870447553,249.9999999999996,1793.6295675230469),(2353.8126540214253,249.99999999999955,1714.8607084000682),(2324.103763223899,249.99999999999949,1631.2679012520728),(2306.0541350763538,249.99999999999949,1544.408321912563),(2299.9999999999668,249.99999999999943,1455.8999999999983),(2299.9999999999668,249.99999999999943,455.90000000000032),(7570.6909928935656,250.00000000000045,455.90000000000032),(7570.6909928935656,250.00000000000045,1455.8999999999994),(7564.6368578171805,250.00000000000045,1544.4083219125641),(7546.5872296696334,250.00000000000043,1631.2679012520739),(7516.8783388721067,250.0000000000004,1714.8607084000694),(7476.063605848778,250.00000000000028,1793.6295675230481),(7424.9033318514303,250.00000000000023,1866.107163811954),(7364.3505359856799,250.00000000000009,1930.9433767808032),(7295.5332022682142,249.99999999999997,1986.9304304568134),(7219.7332674187955,249.9999999999998,2033.0253919615718),(7138.3627408046832,249.99999999999969,2068.3695993772626),(7052.9374013777506,249.99999999999952,2092.3046569935404),(6965.048561580571,249.99999999999937,2104.3846999738821),(6876.3334242064939,249.9999999999992,2104.3846999738821),(6788.4445844093134,249.99999999999903,2092.3046569935404),(6703.0192449823799,249.99999999999886,2068.3695993772626),(6621.6487183682684,249.99999999999872,2033.0253919615709),(6545.848783518848,249.99999999999861,1986.9304304568122),(6477.031449801385,249.99999999999847,1930.9433767808032),(6416.4786539356346,249.99999999999835,1866.1071638119529),(6365.3183799382859,249.99999999999827,1793.6295675230469),(6324.5036469149582,249.99999999999818,1714.8607084000682),(6294.7947561174315,249.99999999999812,1631.2679012520728),(6276.7451279698844,249.9999999999981,1544.408321912563),(6270.6909928934992,249.9999999999981,1455.8999999999983),(6270.6909928934992,249.9999999999981,455.90000000000032),(5970.6909928935347,249.99999999999756,399.99999999999892),(5970.6909928935347,249.99999999999756,1899.9999999999991),(4570.6909928935347,249.99999999999932,1899.9999999999991),(4570.6909928935347,249.99999999999932,399.99999999999892)));
#917=IFCPOLYGONALFACESET(#916,.T.,(#854,#855,#856,#857,#858,#859,#860,#861,#862,#863,#864,#865,#866,#867,#868,#869,#870,#871,#872,#873,#874,#875,#876,#877,#878,#879,#880,#881,#882,#883,#884,#885,#886,#887,#888,#889,#890,#891,#892,#893,#894,#895,#896,#897,#898,#899,#900,#901,#902,#903,#904,#905,#906,#907,#908,#909,#910,#911,#912,#913,#914,#915),$);
#918=IFCINDEXEDCOLOURMAP(#917,1.,#853,(1,1,1,1,1,1,1,1,1,1,1,1,1,1,1,1,1,1,1,1,1,1,1,1,1,1,1,1,1,1,1,1,1,1,1,1,1,1,1,1,1,1,1,1,1,1,1,1,1,1,1,1,1,1,1,1,1,1,1,1,1,1));
#919=IFCSTYLEDITEM(#917,(#64),$);
#920=IFCSHAPEREPRESENTATION(#15,'Body','Tessellation',(#917));
#921=IFCWALL('112HIUctr2yw5OqZgr3kPg',#6,'Basic Wall:Castelnuovo_typeA:1676342',$,$,#821,#825,'1676342',.NOTDEFINED.);
#922=IFCQUANTITYLENGTH('Height',$,$,2562.4598481162925,$);
#923=IFCQUANTITYLENGTH('Length',$,$,8396.5582706301957,$);
#924=IFCQUANTITYLENGTH('Width',$,$,500.00000000000006,$);
#925=IFCQUANTITYAREA('GrossFootprintArea',$,$,4.1552381836538785,$);
#926=IFCQUANTITYVOLUME('GrossVolume',$,$,10.537340294516193,$);
#927=IFCQUANTITYAREA('GrossSideArea',$,$,10.537340294516193,$);
#928=IFCQUANTITYAREA('NetSideArea',$,$,15.047496023893906,$);
#929=IFCQUANTITYVOLUME('NetVolume',$,$,7.2952665265488079,$);
#930=IFCELEMENTQUANTITY('2IBPvx_wWWCVILH218wd0x',#6,'Qto_WallBaseQuantities',$,'BaseQuantities',(#922,#923,#924,#925,#926,#927,#928,#929));
#931=IFCRELDEFINESBYPROPERTIES('31$xo2QSnMMwpuBYYRv40O',#6,$,$,(#921),#930);
#932=IFCPROPERTYSET('0Mdluu1RV6Y35x6e_xIGgZ',#6,'Pset_EnvironmentalImpactIndicators',$,(#80));
#933=IFCPROPERTYSINGLEVALUE('Reference',$,IFCLABEL('Castelnuovo_typeA'),$);
#934=IFCPROPERTYSET('1aqUdJf_ozYDgnbNcqa8gs',#6,'Pset_ReinforcementBarPitchOfWall',$,(#933));
#935=IFCPROPERTYSET('1L9gLh7lfDjJ_xri0a4JNq',#6,'Pset_WallCommon',$,(#80,#84,#85,#86));
#936=IFCRELDEFINESBYPROPERTIES('2BahE99$7g72qHNTkFto5w',#6,$,$,(#921),#932);
#937=IFCRELDEFINESBYPROPERTIES('1HUoCZZaQCqKPoYCDMj4CM',#6,$,$,(#921),#934);
#938=IFCRELDEFINESBYPROPERTIES('1odNgyUn3TUiHkxSHAgBUp',#6,$,$,(#921),#935);
#939=IFCCARTESIANPOINT((14339.674577223957,-16453.038197492908,0.));
#940=IFCAXIS2PLACEMENT3D(#939,#49,#146);
#941=IFCLOCALPLACEMENT(#32,#940);
#942=IFCCARTESIANPOINTLIST3D(((0.,5.9142984491142686E-013,-1.0828671292983927E-012),(6158.4287842473477,-7.309142939093166E-013,-1.0828671292983927E-012)));
#943=IFCINDEXEDPOLYCURVE(#942,$,.F.);
#944=IFCSHAPEREPRESENTATION(#14,'Axis','Curve3D',(#943));
#945=IFCPRODUCTDEFINITIONSHAPE($,$,(#944,#992));
#967=IFCCARTESIANPOINTLIST2D(((3.8590716427863102E-013,-249.99999999999949),(3870.6909928935343,-249.99999999999997),(4370.6909928935356,-249.99999999999923),(6158.4287842473477,-250.0000000000008),(5986.2649776025155,249.9999999999979),(1.7798270943181812E-012,249.99999999998215),(3.8590716427863102E-013,-249.99999999999949)));
#968=IFCINDEXEDPOLYCURVE(#967,$,.F.);
#969=IFCARBITRARYCLOSEDPROFILEDEF(.AREA.,$,#968);
#970=IFCAXIS2PLACEMENT3D(#10,$,$);
#971=IFCEXTRUDEDAREASOLID(#969,#970,#49,4674.4378736302024);
#972=IFCSTYLEDITEM(#971,(#64),$);
#973=IFCCOLOURRGBLIST(((1.,0.65098039215686276,0.82352941176470584)));
#974=IFCINDEXEDPOLYGONALFACEWITHVOIDS((1,2,3,4,5,6,7,8,9,10,11,12),((13,14,15,16)));
#975=IFCINDEXEDPOLYGONALFACEWITHVOIDS((17,18,19,20,21,22,23,24),((25,26,27,28)));
#976=IFCINDEXEDPOLYGONALFACE((6,23,22,9,8,7));
#977=IFCINDEXEDPOLYGONALFACE((1,18,17,2));
#978=IFCINDEXEDPOLYGONALFACE((23,6,5,24));
#979=IFCINDEXEDPOLYGONALFACE((5,4,3,2,17,24));
#980=IFCINDEXEDPOLYGONALFACE((11,20,19,12));
#981=IFCINDEXEDPOLYGONALFACE((20,11,10,21));
#982=IFCINDEXEDPOLYGONALFACE((21,10,9,22));
#983=IFCINDEXEDPOLYGONALFACE((14,13,25,28));
#984=IFCINDEXEDPOLYGONALFACE((15,14,28,27));
#985=IFCINDEXEDPOLYGONALFACE((16,15,27,26));
#986=IFCINDEXEDPOLYGONALFACE((13,16,26,25));
#987=IFCINDEXEDPOLYGONALFACE((18,1,12,19));
#988=IFCCARTESIANPOINTLIST3D(((6158.4287842473477,-250.00000000000023,-1.0828671292983927E-012),(6158.4287842473477,-250.00000000000023,4511.9780255137439),(4370.6909928935347,-249.99999999999864,4511.9780255137439),(3870.6909928935338,-249.9999999999994,4511.9780255137457),(2.1657342585967854E-012,-249.99999999999889,4511.9780255137484),(2.1657342585967854E-012,-249.99999999999889,-1.0828671292983927E-012),(3870.6909928935338,-249.9999999999994,-1.0828671292983927E-012),(4370.6909928935347,-249.99999999999864,-1.0828671292983927E-012),(4500.0000000000118,-250.0000000000006,-1.0828671292983927E-012),(4500.0000000000118,-250.0000000000006,2200.),(5900.0000000000018,-250.0000000000006,2200.),(5899.9999999999991,-250.0000000000006,-1.0828671292983927E-012),(4570.6909928935347,-250.00000000000048,2899.9999999998304),(4570.6909928935347,-250.00000000000048,4199.999999999829),(5770.6909928935347,-249.99999999999864,4199.999999999829),(5770.6909928935347,-249.99999999999864,2899.9999999998304),(5986.2649776025155,249.99999999999849,4674.4378736301978),(5986.2649776025155,249.99999999999849,-1.0828671292983927E-012),(5900.0000000000018,249.99999999999835,-1.0828671292983927E-012),(5900.0000000000018,250.00000000000051,2200.),(4500.0000000000146,249.99999999999835,2200.),(4500.0000000000146,249.99999999999835,-1.0828671292983927E-012),(2.1657342585967854E-012,250.00000000000006,-1.0828671292983927E-012),(2.1657342585967854E-012,249.99999999999355,4674.4378736301996),(4570.6909928935347,249.99999999999847,2899.9999999998304),(5770.6909928935347,250.00000000000031,2899.9999999998304),(5770.6909928935347,250.00000000000031,4199.999999999829),(4570.6909928935347,249.99999999999847,4199.999999999829)));
#989=IFCPOLYGONALFACESET(#988,.T.,(#974,#975,#976,#977,#978,#979,#980,#981,#982,#983,#984,#985,#986,#987),$);
#990=IFCINDEXEDCOLOURMAP(#989,1.,#973,(1,1,1,1,1,1,1,1,1,1,1,1,1,1));
#991=IFCSTYLEDITEM(#989,(#64),$);
#992=IFCSHAPEREPRESENTATION(#15,'Body','Tessellation',(#989));
#993=IFCWALL('112HIUctr2yw5OqZgr3kPh',#6,'Basic Wall:Castelnuovo_typeA:1676343',$,$,#941,#945,'1676343',.NOTDEFINED.);
#994=IFCQUANTITYLENGTH('Height',$,$,4674.4378736302024,$);
#995=IFCQUANTITYLENGTH('Length',$,$,6158.4287842473477,$);
#996=IFCQUANTITYLENGTH('Width',$,$,500.00000000000006,$);
#997=IFCQUANTITYAREA('GrossFootprintArea',$,$,3.1924216788817756,$);
#998=IFCQUANTITYVOLUME('GrossVolume',$,$,12.451211866445632,$);
#999=IFCQUANTITYAREA('GrossSideArea',$,$,12.451211866445632,$);
#1000=IFCQUANTITYAREA('NetSideArea',$,$,23.342423732891259,$);
#1001=IFCQUANTITYVOLUME('NetVolume',$,$,11.624610578599821,$);
#1002=IFCELEMENTQUANTITY('3$XYrLMPlwflopFaWTIYd2',#6,'Qto_WallBaseQuantities',$,'BaseQuantities',(#994,#995,#996,#997,#998,#999,#1000,#1001));
#1003=IFCRELDEFINESBYPROPERTIES('3Jm5jIVeUUbE8An6OHiAl8',#6,$,$,(#993),#1002);
#1004=IFCPROPERTYSET('0IuEBFxX3FJAFB1Qg4v7HH',#6,'Pset_EnvironmentalImpactIndicators',$,(#80));
#1005=IFCPROPERTYSINGLEVALUE('Reference',$,IFCLABEL('Castelnuovo_typeA'),$);
#1006=IFCPROPERTYSET('34zj_g1GYk5Xvo6jKgKTKu',#6,'Pset_ReinforcementBarPitchOfWall',$,(#1005));
#1007=IFCPROPERTYSET('2UxjbPqX6jCoGQqr8nslm9',#6,'Pset_WallCommon',$,(#80,#84,#85,#86));
#1008=IFCRELDEFINESBYPROPERTIES('0RZfAhd6lWEztCQKjx36P3',#6,$,$,(#993),#1004);
#1009=IFCRELDEFINESBYPROPERTIES('0kx$wgLSkejv736LRFOw9U',#6,$,$,(#993),#1006);
#1010=IFCRELDEFINESBYPROPERTIES('0fEn3wLyr4jx6osVyGgFgi',#6,$,$,(#993),#1007);
#1011=IFCCARTESIANPOINT((14589.674577223963,-12332.347204599371,-0.));
#1012=IFCAXIS2PLACEMENT3D(#1011,$,$);
#1013=IFCLOCALPLACEMENT(#32,#1012);
#1014=IFCCARTESIANPOINTLIST3D(((-3.0555939360497073E-013,0.,1.0828671292983927E-012),(6000.0000000000073,0.,1.0828671292983927E-012)));
#1015=IFCINDEXEDPOLYCURVE(#1014,$,.F.);
#1016=IFCSHAPEREPRESENTATION(#14,'Axis','Curve3D',(#1015));
#1017=IFCPRODUCTDEFINITIONSHAPE($,$,(#1016,#1057));
#1036=IFCCARTESIANPOINTLIST2D(((7.8406925744663841E-013,-250.00000000000165),(6000.0000000000082,-250.00000000000233),(6000.0000000000055,249.99999999999881),(-7.8406925744663155E-013,249.99999999999949),(7.8406925744663841E-013,-250.00000000000165)));
#1037=IFCINDEXEDPOLYCURVE(#1036,$,.F.);
#1038=IFCARBITRARYCLOSEDPROFILEDEF(.AREA.,$,#1037);
#1039=IFCAXIS2PLACEMENT3D(#10,$,$);
#1040=IFCEXTRUDEDAREASOLID(#1038,#1039,#49,4511.9780255137484);
#1041=IFCSTYLEDITEM(#1040,(#64),$);
#1042=IFCCOLOURRGBLIST(((1.,0.65098039215686276,0.82352941176470584)));
#1043=IFCINDEXEDPOLYGONALFACE((1,2,3,4,5,6,7,8));
#1044=IFCINDEXEDPOLYGONALFACE((9,10,11,12,13,14,15,16));
#1045=IFCINDEXEDPOLYGONALFACE((11,10,2,1));
#1046=IFCINDEXEDPOLYGONALFACE((7,6,14,13));
#1047=IFCINDEXEDPOLYGONALFACE((1,8,12,11));
#1048=IFCINDEXEDPOLYGONALFACE((8,7,13,12));
#1049=IFCINDEXEDPOLYGONALFACE((3,2,10,9));
#1050=IFCINDEXEDPOLYGONALFACE((4,3,9,16));
#1051=IFCINDEXEDPOLYGONALFACE((5,4,16,15));
#1052=IFCINDEXEDPOLYGONALFACE((15,14,6,5));
#1053=IFCCARTESIANPOINTLIST3D(((4.7850986384166673E-013,-250.00000000000165,1.0828671292983927E-012),(4149.9999999999973,-250.00000000000165,1.0828671292983927E-012),(4149.9999999999973,-250.00000000000165,2200.0000000000023),(5649.9999999999873,-250.00000000000165,2200.0000000000023),(5649.9999999999873,-250.00000000000165,1.0828671292983927E-012),(6000.0000000000073,-250.00000000000165,1.0828671292983927E-012),(6000.0000000000073,-250.00000000000165,2562.4598481162916),(4.7850986384166673E-013,-250.00000000000165,4511.9780255137484),(4149.9999999999955,249.99999999999949,2200.0000000000023),(4149.9999999999955,249.99999999999949,1.0828671292983927E-012),(1.0761056075451849E-012,249.99999999999949,1.0828671292983927E-012),(-1.0896286510516005E-012,249.99999999999949,4511.9780255137484),(6000.0000000000055,249.99999999999949,2562.4598481162916),(6000.0000000000055,249.99999999999949,1.0828671292983927E-012),(5649.9999999999854,249.99999999999949,1.0828671292983927E-012),(5649.9999999999854,249.99999999999949,2200.0000000000023)));
#1054=IFCPOLYGONALFACESET(#1053,.T.,(#1043,#1044,#1045,#1046,#1047,#1048,#1049,#1050,#1051,#1052),$);
#1055=IFCINDEXEDCOLOURMAP(#1054,1.,#1042,(1,1,1,1,1,1,1,1,1,1));
#1056=IFCSTYLEDITEM(#1054,(#64),$);
#1057=IFCSHAPEREPRESENTATION(#15,'Body','Tessellation',(#1054));
#1058=IFCWALL('112HIUctr2yw5OqZgr3kPa',#6,'Basic Wall:Castelnuovo_typeA:1676344',$,$,#1013,#1017,'1676344',.NOTDEFINED.);
#1059=IFCQUANTITYLENGTH('Height',$,$,4511.9780255137484,$);
#1060=IFCQUANTITYLENGTH('Length',$,$,6000.0000000000091,$);
#1061=IFCQUANTITYLENGTH('Width',$,$,500.00000000000006,$);
#1062=IFCQUANTITYAREA('GrossFootprintArea',$,$,2.9999999999999969,$);
#1063=IFCQUANTITYVOLUME('GrossVolume',$,$,8.9616568104450813,$);
#1064=IFCQUANTITYAREA('GrossSideArea',$,$,8.9616568104450813,$);
#1065=IFCQUANTITYAREA('NetSideArea',$,$,17.923313620890156,$);
#1066=IFCQUANTITYVOLUME('NetVolume',$,$,8.9616568104451009,$);
#1067=IFCELEMENTQUANTITY('1UDZIMQ$HBPRfuLUlg33Uq',#6,'Qto_WallBaseQuantities',$,'BaseQuantities',(#1059,#1060,#1061,#1062,#1063,#1064,#1065,#1066));
#1068=IFCRELDEFINESBYPROPERTIES('13602YAIPrHCSMlBhmILkJ',#6,$,$,(#1058),#1067);
#1069=IFCPROPERTYSET('0h$B24I4jL7ie_NxkdtbHE',#6,'Pset_EnvironmentalImpactIndicators',$,(#80));
#1070=IFCPROPERTYSINGLEVALUE('Reference',$,IFCLABEL('Castelnuovo_typeA'),$);
#1071=IFCPROPERTYSET('3UQ9R1li3C8TS3AuF8DVcQ',#6,'Pset_ReinforcementBarPitchOfWall',$,(#1070));
#1072=IFCPROPERTYSET('1oV_wGozNXFECzDQNy0_6d',#6,'Pset_WallCommon',$,(#80,#84,#85,#86));
#1073=IFCRELDEFINESBYPROPERTIES('3iBlygosH3avMsoDJp6JDd',#6,$,$,(#1058),#1069);
#1074=IFCRELDEFINESBYPROPERTIES('3dxfxdHWnYBfidRzFIuG6i',#6,$,$,(#1058),#1071);
#1075=IFCRELDEFINESBYPROPERTIES('0xvpxab5hdBpIeDNSJu7Z4',#6,$,$,(#1058),#1072);
#1076=IFCCARTESIANPOINT((6253.026350501952,7455.0449953661391,-1500.));
#1077=IFCDIRECTION((0.88140092832803951,0.47236892736765629,0.));
#1078=IFCAXIS2PLACEMENT3D(#1076,#49,#1077);
#1079=IFCLOCALPLACEMENT(#24,#1078);
#1080=IFCCARTESIANPOINTLIST3D(((0.,0.,0.),(7212.0660127070778,-1.0828671292983927E-012,0.)));
#1081=IFCINDEXEDPOLYCURVE(#1080,$,.F.);
#1082=IFCSHAPEREPRESENTATION(#14,'Axis','Curve3D',(#1081));
#1083=IFCPRODUCTDEFINITIONSHAPE($,$,(#1082,#1108));
#1084=IFCCARTESIANPOINTLIST2D(((7212.066012707076,249.99999999999949),(6.5987215691620808E-013,250.00000000000023),(-6.5987215691620808E-013,-250.00000000000023),(7212.0660127070751,-250.00000000000057),(7212.066012707076,249.99999999999949)));
#1085=IFCINDEXEDPOLYCURVE(#1084,$,.F.);
#1086=IFCARBITRARYCLOSEDPROFILEDEF(.AREA.,$,#1085);
#1087=IFCAXIS2PLACEMENT3D(#10,$,$);
#1088=IFCEXTRUDEDAREASOLID(#1086,#1087,#49,5600.);
#1089=IFCCOLOURRGB($,0.,0.80784313725490198,0.40392156862745099);
#1090=IFCSURFACESTYLERENDERING(#1089,0.,$,$,$,$,IFCNORMALISEDRATIOMEASURE(0.5),IFCSPECULAREXPONENT(64.),.NOTDEFINED.);
#1091=IFCSURFACESTYLE('Tufelli_masonry_typeC',.BOTH.,(#1090));
#1092=IFCSTYLEDITEM(#1088,(#1091),$);
#1093=IFCCOLOURRGBLIST(((0.,0.80784313725490198,0.40392156862745099)));
#1094=IFCINDEXEDPOLYGONALFACEWITHVOIDS((1,2,3,4,5,6,7,8),((9,10,11,12)));
#1095=IFCINDEXEDPOLYGONALFACEWITHVOIDS((13,14,15,16),((17,18,19,20)));
#1096=IFCINDEXEDPOLYGONALFACE((4,3,2,1,14,13));
#1097=IFCINDEXEDPOLYGONALFACE((8,7,6,5,16,15));
#1098=IFCINDEXEDPOLYGONALFACE((1,8,15,14));
#1099=IFCINDEXEDPOLYGONALFACE((5,4,13,16));
#1100=IFCINDEXEDPOLYGONALFACE((9,18,17,10));
#1101=IFCINDEXEDPOLYGONALFACE((11,20,19,12));
#1102=IFCINDEXEDPOLYGONALFACE((18,9,12,19));
#1103=IFCINDEXEDPOLYGONALFACE((20,11,10,17));
#1104=IFCCARTESIANPOINTLIST3D(((2.1657342585967854E-012,-250.00000000000057,0.),(500.00000000000222,-250.00000000000057,0.),(6712.0660127070732,-249.99999999999949,0.),(7212.066012707076,-250.00000000000057,0.),(7212.066012707076,-250.00000000000057,5600.),(6712.0660127070732,-249.99999999999949,5600.),(500.00000000000222,-250.00000000000057,5600.),(2.1657342585967854E-012,-250.00000000000057,5600.),(2200.0000000000023,-250.00000000000057,4036.9768528884133),(2200.0000000000023,-250.00000000000057,5536.9768528884133),(3400.0000000000023,-249.99999999999949,5536.9768528884133),(3400.0000000000023,-249.99999999999949,4036.9768528884133),(7212.0660127070723,249.99999999999838,0.),(5.4143356464919636E-013,249.99999999999838,0.),(1.6243006939475892E-012,250.00000000000057,5600.),(7212.0660127070723,249.99999999999838,5600.),(2200.0000000000018,250.00000000000057,5536.9768528884133),(2200.0000000000018,250.00000000000057,4036.9768528884133),(3400.0000000000023,249.99999999999838,4036.9768528884133),(3400.0000000000023,249.99999999999838,5536.9768528884133)));
#1105=IFCPOLYGONALFACESET(#1104,.T.,(#1094,#1095,#1096,#1097,#1098,#1099,#1100,#1101,#1102,#1103),$);
#1106=IFCINDEXEDCOLOURMAP(#1105,1.,#1093,(1,1,1,1,1,1,1,1,1,1));
#1107=IFCSTYLEDITEM(#1105,(#1091),$);
#1108=IFCSHAPEREPRESENTATION(#15,'Body','Tessellation',(#1105));
#1109=IFCWALL('112HIUctr2yw5OqZgr3kla',#6,'Basic Wall:Castelnuovo_typeC:1677752',$,$,#1079,#1083,'1677752',.NOTDEFINED.);
#1110=IFCAXIS2PLACEMENT3D(#10,$,$);
#1112=IFCCARTESIANPOINTLIST2D(((-249.99999999999832,-750.),(249.99999999999832,-750.),(249.99999999999832,750.),(-249.99999999999832,750.),(-249.99999999999832,-750.)));
#1113=IFCINDEXEDPOLYCURVE(#1112,$,.F.);
#1114=IFCARBITRARYCLOSEDPROFILEDEF(.AREA.,'BrickWindow',#1113);
#1115=IFCCARTESIANPOINT((6962.0660127070769,-1650.,4548.5786437626939));
#1116=IFCAXIS2PLACEMENT3D(#1115,#146,#506);
#1117=IFCEXTRUDEDAREASOLID(#1114,#1116,#49,1000.0000000000011);
#1118=IFCSHAPEREPRESENTATION(#15,'Body','SweptSolid',(#1117));
#1119=IFCPRODUCTDEFINITIONSHAPE($,$,(#1118));
#1120=IFCAXIS2PLACEMENT3D(#10,$,$);
#1121=IFCLOCALPLACEMENT(#1079,#1120);
#1122=IFCOPENINGELEMENT('3_XuqGPwSahakbX5DRjBjD',#6,'Basic Wall:Castelnuovo_typeC:1677752',$,$,#1121,#1119,'1711098',.OPENING.);
#1123=IFCQUANTITYLENGTH('Depth',$,$,1000.0000000000011,$);
#1124=IFCQUANTITYLENGTH('Height',$,$,1500.,$);
#1125=IFCQUANTITYLENGTH('Width',$,$,499.99999999999665,$);
#1126=IFCQUANTITYAREA('Area',$,$,0.749999999999995,$);
#1127=IFCQUANTITYVOLUME('Volume',$,$,749.99999999999591,$);
#1128=IFCELEMENTQUANTITY('0PaNx6kCXEyNkDeUrGOVVT',#6,'Qto_OpeningElementBaseQuantities',$,'BaseQuantities',(#1123,#1124,#1125,#1126,#1127));
#1129=IFCRELDEFINESBYPROPERTIES('2pmYmto_$mbihylCeLq7Fk',#6,$,$,(#1122),#1128);
#1130=IFCRELVOIDSELEMENT('1yBtOha0KYuvKzZVoxVqg8',#6,$,$,#1109,#1122);
#1131=IFCQUANTITYLENGTH('Height',$,$,5600.,$);
#1132=IFCQUANTITYLENGTH('Length',$,$,7212.0660127070751,$);
#1133=IFCQUANTITYLENGTH('Width',$,$,500.00000000000006,$);
#1134=IFCQUANTITYAREA('GrossFootprintArea',$,$,3.6060330063535373,$);
#1135=IFCQUANTITYVOLUME('GrossVolume',$,$,20.193784835579809,$);
#1136=IFCQUANTITYAREA('GrossSideArea',$,$,20.193784835579809,$);
#1137=IFCQUANTITYAREA('NetSideArea',$,$,38.587569671159606,$);
#1138=IFCQUANTITYVOLUME('NetVolume',$,$,19.293784835579824,$);
#1139=IFCELEMENTQUANTITY('04HP_pdfqH_Gl$21fhA8Z_',#6,'Qto_WallBaseQuantities',$,'BaseQuantities',(#1131,#1132,#1133,#1134,#1135,#1136,#1137,#1138));
#1140=IFCRELDEFINESBYPROPERTIES('2AKkWDYNmxSNi6qyyc5hK7',#6,$,$,(#1109),#1139);
#1141=IFCMATERIAL('Tufelli_masonry_typeC',$,$);
#1142=IFCWALLTYPE('2trg1iOov8P8a83pz2q$bM',#6,'Basic Wall:Castelnuovo_typeC',$,$,(#1157),$,'1783198',$,.STANDARD.);
#1143=IFCPROPERTYSINGLEVALUE('Reference',$,IFCIDENTIFIER('Castelnuovo_typeC'),$);
#1144=IFCPROPERTYSET('2DqXZ0Kpn87B2T_eWFLo66',#6,'Pset_EnvironmentalImpactIndicators',$,(#1143));
#1145=IFCPROPERTYSINGLEVALUE('Reference',$,IFCLABEL('Castelnuovo_typeC'),$);
#1146=IFCPROPERTYSET('28jFmst2iGhp5f3jdbhor4',#6,'Pset_ReinforcementBarPitchOfWall',$,(#1145));
#1147=IFCPROPERTYSET('3$vI9jRGrI8ZyMXP1vIu7R',#6,'Pset_WallCommon',$,(#84,#85,#140,#1143));
#1148=IFCPROPERTYSINGLEVALUE('Reference',$,IFCIDENTIFIER('BrickWindow'),$);
#1149=IFCPROPERTYSET('36KrGR4BAWxCiP4dPsVQl9',#6,'Pset_EnvironmentalImpactIndicators',$,(#1148));
#1150=IFCPROPERTYSET('2g7n9qSj5mbJJZej0AS4UE',#6,'Pset_OpeningElementCommon',$,(#1148));
#1151=IFCRELDEFINESBYPROPERTIES('3pFUOgwUUcR7OcZ2bTnBHq',#6,$,$,(#1109),#1144);
#1152=IFCRELDEFINESBYPROPERTIES('30Eg9EGTVs1BRzfexb7qxv',#6,$,$,(#1109),#1146);
#1153=IFCRELDEFINESBYPROPERTIES('27PKDmpz$Y9jeZ7sbKz30v',#6,$,$,(#1109),#1147);
#1154=IFCRELDEFINESBYPROPERTIES('0xFm2p4fuRAaYOJfohL1hD',#6,$,$,(#1122),#1149);
#1155=IFCRELDEFINESBYPROPERTIES('3Cx0bzMbdUFltrxAzHshO7',#6,$,$,(#1122),#1150);
#1156=IFCPROPERTYSINGLEVALUE('Description',$,IFCTEXT('Generic Wall (Material By Category), 200mm thick'),$);
#1157=IFCPROPERTYSET('2fufPgr1f0xSm$6nPk$ipy',#6,'Pset_ReinforcementBarPitchOfWall',$,(#1156));
#1158=IFCCARTESIANPOINT((8553.2030039271267,3692.3549989006269,-1500.));
#1159=IFCDIRECTION((-0.47236892736765773,0.88140092832803885,0.));
#1160=IFCAXIS2PLACEMENT3D(#1158,#49,#1159);
#1161=IFCLOCALPLACEMENT(#24,#1160);
#1162=IFCCARTESIANPOINTLIST3D(((0.,0.,0.),(4152.9704344299053,-5.4143356464919636E-013,0.)));
#1163=IFCINDEXEDPOLYCURVE(#1162,$,.F.);
#1164=IFCSHAPEREPRESENTATION(#14,'Axis','Curve3D',(#1163));
#1165=IFCPRODUCTDEFINITIONSHAPE($,$,(#1164,#1172));
#1166=IFCCARTESIANPOINTLIST2D(((4152.9704344299053,249.9999999999992),(-4.060751734868973E-013,249.99999999999977),(4.060751734868973E-013,-249.99999999999977),(4152.9704344299071,-250.00000000000028),(4152.9704344299053,249.9999999999992)));
#1167=IFCINDEXEDPOLYCURVE(#1166,$,.F.);
#1168=IFCARBITRARYCLOSEDPROFILEDEF(.AREA.,$,#1167);
#1169=IFCAXIS2PLACEMENT3D(#10,$,$);
#1170=IFCEXTRUDEDAREASOLID(#1168,#1169,#49,5600.);
#1171=IFCSTYLEDITEM(#1170,(#1091),$);
#1172=IFCSHAPEREPRESENTATION(#15,'Body','SweptSolid',(#1170));
#1173=IFCWALL('112HIUctr2yw5OqZgr3kXe',#6,'Basic Wall:Castelnuovo_typeC:1677876',$,$,#1161,#1165,'1677876',.NOTDEFINED.);
#1174=IFCQUANTITYLENGTH('Height',$,$,5600.,$);
#1175=IFCQUANTITYLENGTH('Length',$,$,4152.9704344299053,$);
#1176=IFCQUANTITYLENGTH('Width',$,$,500.00000000000006,$);
#1177=IFCQUANTITYAREA('GrossFootprintArea',$,$,2.0764852172149513,$);
#1178=IFCQUANTITYVOLUME('GrossVolume',$,$,11.628317216403735,$);
#1179=IFCQUANTITYAREA('GrossSideArea',$,$,11.628317216403735,$);
#1180=IFCQUANTITYAREA('NetSideArea',$,$,23.25663443280747,$);
#1181=IFCQUANTITYVOLUME('NetVolume',$,$,11.628317216403737,$);
#1182=IFCELEMENTQUANTITY('30gjmmqnfc355aAPwWK$ax',#6,'Qto_WallBaseQuantities',$,'BaseQuantities',(#1174,#1175,#1176,#1177,#1178,#1179,#1180,#1181));
#1183=IFCRELDEFINESBYPROPERTIES('1HlTmJLniYG0S4BugYA7MP',#6,$,$,(#1173),#1182);
#1184=IFCPROPERTYSET('2m1B9fpDAF7x6iWdUAu1lr',#6,'Pset_EnvironmentalImpactIndicators',$,(#1143));
#1185=IFCPROPERTYSINGLEVALUE('Reference',$,IFCLABEL('Castelnuovo_typeC'),$);
#1186=IFCPROPERTYSET('0FTJb664wDK_M2yO6McHWZ',#6,'Pset_ReinforcementBarPitchOfWall',$,(#1185));
#1187=IFCPROPERTYSET('3HX2JlGJKsVqLwscAtJdk6',#6,'Pset_WallCommon',$,(#84,#85,#140,#1143));
#1188=IFCRELDEFINESBYPROPERTIES('3tVF7gwUGttua8cSoYzLQQ',#6,$,$,(#1173),#1184);
#1189=IFCRELDEFINESBYPROPERTIES('3WBWsQ6dOoGnUjNRLqYik7',#6,$,$,(#1173),#1186);
#1190=IFCRELDEFINESBYPROPERTIES('3L5KRHuJJlbMSRpIo6JmTE',#6,$,$,(#1173),#1187);
#1191=IFCCARTESIANPOINT((8655.4610041672204,4030.7974628245506,-1500.));
#1192=IFCDIRECTION((0.88140092832803951,0.47236892736765623,0.));
#1193=IFCAXIS2PLACEMENT3D(#1191,#49,#1192);
#1194=IFCLOCALPLACEMENT(#24,#1193);
#1195=IFCCARTESIANPOINTLIST3D(((2.7071678232459818E-013,0.,0.),(6712.0660127070714,-2.1657342585967854E-012,0.)));
#1196=IFCINDEXEDPOLYCURVE(#1195,$,.F.);
#1197=IFCSHAPEREPRESENTATION(#14,'Axis','Curve3D',(#1196));
#1198=IFCPRODUCTDEFINITIONSHAPE($,$,(#1197,#1216));
#1199=IFCCARTESIANPOINTLIST2D(((6712.0660127070732,-250.00000000000057),(6712.0660127070723,250.00000000000003),(6212.0660127070742,250.00000000000003),(6.4295235802092064E-013,250.00000000000023),(1.7765788840051755E-012,-250.00000000000026),(6712.0660127070732,-250.00000000000057)));
#1200=IFCINDEXEDPOLYCURVE(#1199,$,.F.);
#1201=IFCARBITRARYCLOSEDPROFILEDEF(.AREA.,$,#1200);
#1202=IFCAXIS2PLACEMENT3D(#10,$,$);
#1203=IFCEXTRUDEDAREASOLID(#1201,#1202,#49,5600.);
#1204=IFCSTYLEDITEM(#1203,(#1091),$);
#1205=IFCCOLOURRGBLIST(((0.,0.80784313725490198,0.40392156862745099)));
#1206=IFCINDEXEDPOLYGONALFACE((1,2,3,4));
#1207=IFCINDEXEDPOLYGONALFACE((5,6,7,8,9,10));
#1208=IFCINDEXEDPOLYGONALFACE((2,1,7,6,5));
#1209=IFCINDEXEDPOLYGONALFACE((4,3,10,9,8));
#1210=IFCINDEXEDPOLYGONALFACE((3,2,5,10));
#1211=IFCINDEXEDPOLYGONALFACE((1,4,8,7));
#1212=IFCCARTESIANPOINTLIST3D(((1.8950174762721871E-012,-250.00000000000111,0.),(6712.066012707076,-249.99999999999949,0.),(6712.0660127070742,-250.00000000000057,5600.),(2.1657342585967854E-012,-250.00000000000057,5600.),(6712.0660127070723,250.00000000000057,0.),(6212.0660127070742,249.99999999999949,0.),(0.,249.99999999999949,0.),(0.,249.99999999999949,5600.),(6212.0660127070742,249.99999999999949,5600.),(6712.0660127070723,250.00000000000057,5600.)));
#1213=IFCPOLYGONALFACESET(#1212,.T.,(#1206,#1207,#1208,#1209,#1210,#1211),$);
#1214=IFCINDEXEDCOLOURMAP(#1213,1.,#1205,(1,1,1,1,1,1));
#1215=IFCSTYLEDITEM(#1213,(#1091),$);
#1216=IFCSHAPEREPRESENTATION(#15,'Body','Tessellation',(#1213));
#1217=IFCWALL('112HIUctr2yw5OqZgr3kYs',#6,'Basic Wall:Castelnuovo_typeC:1678058',$,$,#1194,#1198,'1678058',.NOTDEFINED.);
#1218=IFCAXIS2PLACEMENT3D(#10,$,$);
#1220=IFCCARTESIANPOINTLIST2D(((-250.00000000000074,-750.),(250.00000000000074,-750.),(250.00000000000074,750.),(-250.00000000000074,750.),(-250.00000000000074,-750.)));
#1221=IFCINDEXEDPOLYCURVE(#1220,$,.F.);
#1222=IFCARBITRARYCLOSEDPROFILEDEF(.AREA.,'BrickWindow',#1221);
#1223=IFCCARTESIANPOINT((6462.0660127070714,465.65390758864879,4548.5786437626866));
#1224=IFCAXIS2PLACEMENT3D(#1223,#146,#506);
#1225=IFCEXTRUDEDAREASOLID(#1222,#1224,#49,999.99999999999795);
#1226=IFCSHAPEREPRESENTATION(#15,'Body','SweptSolid',(#1225));
#1227=IFCPRODUCTDEFINITIONSHAPE($,$,(#1226));
#1228=IFCAXIS2PLACEMENT3D(#10,$,$);
#1229=IFCLOCALPLACEMENT(#1194,#1228);
#1230=IFCOPENINGELEMENT('002v6OQgG0Lvwjik7kTQjC',#6,'Basic Wall:Castelnuovo_typeC:1678058',$,$,#1229,#1227,'1712374',.OPENING.);
#1231=IFCQUANTITYLENGTH('Depth',$,$,999.99999999999795,$);
#1232=IFCQUANTITYLENGTH('Height',$,$,1500.,$);
#1233=IFCQUANTITYLENGTH('Width',$,$,500.00000000000148,$);
#1234=IFCQUANTITYAREA('Area',$,$,0.75000000000000222,$);
#1235=IFCQUANTITYVOLUME('Volume',$,$,750.00000000000068,$);
#1236=IFCELEMENTQUANTITY('0n66xiUXAtxsHPL3HLqZPq',#6,'Qto_OpeningElementBaseQuantities',$,'BaseQuantities',(#1231,#1232,#1233,#1234,#1235));
#1237=IFCRELDEFINESBYPROPERTIES('1YfF5$DzxBSi4PfL36uQLB',#6,$,$,(#1230),#1236);
#1238=IFCRELVOIDSELEMENT('1$EJaL_LjP5$o1Yw1VK85B',#6,$,$,#1217,#1230);
#1239=IFCQUANTITYLENGTH('Height',$,$,5600.,$);
#1240=IFCQUANTITYLENGTH('Length',$,$,6712.0660127070732,$);
#1241=IFCQUANTITYLENGTH('Width',$,$,500.00000000000006,$);
#1242=IFCQUANTITYAREA('GrossFootprintArea',$,$,3.3560330063535293,$);
#1243=IFCQUANTITYVOLUME('GrossVolume',$,$,18.793784835579803,$);
#1244=IFCQUANTITYAREA('GrossSideArea',$,$,18.793784835579803,$);
#1245=IFCQUANTITYAREA('NetSideArea',$,$,37.587569671159606,$);
#1246=IFCQUANTITYVOLUME('NetVolume',$,$,18.793784835579807,$);
#1247=IFCELEMENTQUANTITY('15L7O9BpfN0Ioe5$i8IcT8',#6,'Qto_WallBaseQuantities',$,'BaseQuantities',(#1239,#1240,#1241,#1242,#1243,#1244,#1245,#1246));
#1248=IFCRELDEFINESBYPROPERTIES('32GJMblIFdQyDN5UoXBa9j',#6,$,$,(#1217),#1247);
#1249=IFCPROPERTYSET('2hpIdqROFO5o0EOF4qn8Pv',#6,'Pset_EnvironmentalImpactIndicators',$,(#1143));
#1250=IFCPROPERTYSINGLEVALUE('Reference',$,IFCLABEL('Castelnuovo_typeC'),$);
#1251=IFCPROPERTYSET('2JF5KBsX2uh6LrP6vgEMtf',#6,'Pset_ReinforcementBarPitchOfWall',$,(#1250));
#1252=IFCPROPERTYSET('2GKUv8aK2Npt1gRospYKhu',#6,'Pset_WallCommon',$,(#84,#85,#140,#1143));
#1253=IFCPROPERTYSET('0rkcEDzu279BSPvWBgURKp',#6,'Pset_EnvironmentalImpactIndicators',$,(#1148));
#1254=IFCPROPERTYSET('2JaHR9ruOsZq_3BA9TG3EN',#6,'Pset_OpeningElementCommon',$,(#1148));
#1255=IFCRELDEFINESBYPROPERTIES('3E9gKmy8Grmq5Qf41dNm2W',#6,$,$,(#1217),#1249);
#1256=IFCRELDEFINESBYPROPERTIES('20ByJxmyy197ImSsMrrzPQ',#6,$,$,(#1217),#1251);
#1257=IFCRELDEFINESBYPROPERTIES('2SNWnDdhtz5FezqpU06Gz1',#6,$,$,(#1217),#1252);
#1258=IFCRELDEFINESBYPROPERTIES('1QccfNYk0GTzhfg9ptnZuk',#6,$,$,(#1230),#1253);
#1259=IFCRELDEFINESBYPROPERTIES('0xrMDDyeyIt5IRYYvBibfo',#6,$,$,(#1230),#1254);
#1260=IFCCARTESIANPOINT((14233.039754842395,7303.6268859079883,-1500.));
#1261=IFCDIRECTION((-0.4723689273676574,0.88140092832803896,0.));
#1262=IFCAXIS2PLACEMENT3D(#1260,#49,#1261);
#1263=IFCLOCALPLACEMENT(#24,#1262);
#1264=IFCCARTESIANPOINTLIST3D(((0.,1.0828671292983927E-012,0.),(3652.9704344299057,-1.0828671292983927E-012,0.)));
#1265=IFCINDEXEDPOLYCURVE(#1264,$,.F.);
#1266=IFCSHAPEREPRESENTATION(#14,'Axis','Curve3D',(#1265));
#1267=IFCPRODUCTDEFINITIONSHAPE($,$,(#1266,#1301));
#1268=IFCCARTESIANPOINTLIST2D(((3652.9704344299057,250.0000000000019),(0.,250.00000000000074),(0.,-250.00000000000074),(3652.9704344299062,-249.99999999999949),(3652.9704344299057,250.0000000000019)));
#1269=IFCINDEXEDPOLYCURVE(#1268,$,.F.);
#1270=IFCARBITRARYCLOSEDPROFILEDEF(.AREA.,$,#1269);
#1271=IFCAXIS2PLACEMENT3D(#10,$,$);
#1272=IFCEXTRUDEDAREASOLID(#1270,#1271,#49,5600.);
#1273=IFCSTYLEDITEM(#1272,(#1091),$);
#1274=IFCCOLOURRGBLIST(((0.,0.80784313725490198,0.40392156862745099)));
#1275=IFCINDEXEDPOLYGONALFACEWITHVOIDS((1,2,3,4),((5,6,7,8),(9,10,11,12),(13,14,15,16),(17,18,19,20)));
#1276=IFCINDEXEDPOLYGONALFACEWITHVOIDS((21,22,23,24),((25,26,27,28),(29,30,31,32),(33,34,35,36),(37,38,39,40)));
#1277=IFCINDEXEDPOLYGONALFACE((2,1,22,21));
#1278=IFCINDEXEDPOLYGONALFACE((4,3,24,23));
#1279=IFCINDEXEDPOLYGONALFACE((3,2,21,24));
#1280=IFCINDEXEDPOLYGONALFACE((1,4,23,22));
#1281=IFCINDEXEDPOLYGONALFACE((26,25,6,5));
#1282=IFCINDEXEDPOLYGONALFACE((27,26,5,8));
#1283=IFCINDEXEDPOLYGONALFACE((28,27,8,7));
#1284=IFCINDEXEDPOLYGONALFACE((25,28,7,6));
#1285=IFCINDEXEDPOLYGONALFACE((29,10,9,30));
#1286=IFCINDEXEDPOLYGONALFACE((11,32,31,12));
#1287=IFCINDEXEDPOLYGONALFACE((10,29,32,11));
#1288=IFCINDEXEDPOLYGONALFACE((12,31,30,9));
#1289=IFCINDEXEDPOLYGONALFACE((33,14,13,34));
#1290=IFCINDEXEDPOLYGONALFACE((34,13,16,35));
#1291=IFCINDEXEDPOLYGONALFACE((35,16,15,36));
#1292=IFCINDEXEDPOLYGONALFACE((14,33,36,15));
#1293=IFCINDEXEDPOLYGONALFACE((37,18,17,38));
#1294=IFCINDEXEDPOLYGONALFACE((18,37,40,19));
#1295=IFCINDEXEDPOLYGONALFACE((19,40,39,20));
#1296=IFCINDEXEDPOLYGONALFACE((38,17,20,39));
#1297=IFCCARTESIANPOINTLIST3D(((1.0828671292983927E-012,-249.9999999999973,0.),(3652.9704344299034,-249.99999999999949,0.),(3652.9704344299034,-249.99999999999949,5600.),(1.0828671292983927E-012,-249.9999999999973,5600.),(3252.9704344299012,-249.99999999999838,3200.),(3252.9704344299012,-249.99999999999838,1700.),(2252.9704344299034,-249.99999999999892,1700.),(2252.9704344299034,-249.99999999999892,3200.),(3252.9704344299098,-249.9999999999973,5298.5786437626939),(3252.9704344299098,-249.9999999999973,3798.5786437626939),(2252.9704344299075,-249.99999999999838,3798.5786437626939),(2252.9704344299075,-249.99999999999838,5298.5786437626939),(1215.6539075886451,-250.00000000000057,5298.5786437626866),(1215.6539075886451,-250.00000000000057,3798.5786437626862),(215.65390758864933,-249.99999999999676,3798.5786437626862),(215.65390758864933,-249.99999999999676,5298.5786437626866),(352.97043442990537,-249.99999999999892,300.),(352.97043442990537,-249.99999999999892,2500.0000000000018),(1752.9704344298925,-249.99999999999838,2500.0000000000018),(1752.9704344298925,-249.99999999999838,300.),(3652.9704344299043,250.00000000000057,0.),(1.0828671292983927E-012,250.00000000000273,0.),(0.,250.00000000000327,5600.),(3652.9704344299057,250.00000000000273,5600.),(3252.9704344299043,250.00000000000111,1700.),(3252.9704344299043,250.00000000000111,3200.),(2252.9704344299021,250.00000000000219,3200.),(2252.9704344299021,250.00000000000219,1700.),(3252.9704344299089,250.00000000000111,3798.5786437626939),(3252.9704344299089,250.00000000000111,5298.5786437626939),(2252.9704344299089,249.99999999999892,5298.5786437626939),(2252.9704344299089,249.99999999999892,3798.5786437626939),(1215.6539075886494,250.00000000000111,3798.5786437626862),(1215.6539075886494,250.00000000000111,5298.5786437626866),(215.65390758864714,250.00000000000165,5298.5786437626866),(215.65390758864714,250.00000000000165,3798.5786437626862),(352.97043442990429,249.99999999999892,2500.0000000000018),(352.97043442990429,249.99999999999892,300.),(1752.9704344298925,250.00000000000165,300.),(1752.9704344298925,250.00000000000165,2500.0000000000018)));
#1298=IFCPOLYGONALFACESET(#1297,.T.,(#1275,#1276,#1277,#1278,#1279,#1280,#1281,#1282,#1283,#1284,#1285,#1286,#1287,#1288,#1289,#1290,#1291,#1292,#1293,#1294,#1295,#1296),$);
#1299=IFCINDEXEDCOLOURMAP(#1298,1.,#1274,(1,1,1,1,1,1,1,1,1,1,1,1,1,1,1,1,1,1,1,1,1,1));
#1300=IFCSTYLEDITEM(#1298,(#1091),$);
#1301=IFCSHAPEREPRESENTATION(#15,'Body','Tessellation',(#1298));
#1302=IFCWALL('112HIUctr2yw5OqZgr3kaS',#6,'Basic Wall:Castelnuovo_typeC:1678144',$,$,#1263,#1267,'1678144',.NOTDEFINED.);
#1303=IFCQUANTITYLENGTH('Height',$,$,5600.,$);
#1304=IFCQUANTITYLENGTH('Length',$,$,3652.9704344299066,$);
#1305=IFCQUANTITYLENGTH('Width',$,$,500.00000000000006,$);
#1306=IFCQUANTITYAREA('GrossFootprintArea',$,$,1.8264852172149577,$);
#1307=IFCQUANTITYVOLUME('GrossVolume',$,$,10.228317216403731,$);
#1308=IFCQUANTITYAREA('GrossSideArea',$,$,10.228317216403731,$);
#1309=IFCQUANTITYAREA('NetSideArea',$,$,12.876634432807492,$);
#1310=IFCQUANTITYVOLUME('NetVolume',$,$,6.4383172164037381,$);
#1311=IFCELEMENTQUANTITY('2Q1SgbU$zE1lv1RRl3qDC2',#6,'Qto_WallBaseQuantities',$,'BaseQuantities',(#1303,#1304,#1305,#1306,#1307,#1308,#1309,#1310));
#1312=IFCRELDEFINESBYPROPERTIES('1si5dUQXxk6Xgi5IyOM96Q',#6,$,$,(#1302),#1311);
#1313=IFCPROPERTYSET('3wWpiMnOPL$wt11pASs4on',#6,'Pset_EnvironmentalImpactIndicators',$,(#1143));
#1314=IFCPROPERTYSINGLEVALUE('Reference',$,IFCLABEL('Castelnuovo_typeC'),$);
#1315=IFCPROPERTYSET('1BIeT5ZtJxO_olk6GjwV71',#6,'Pset_ReinforcementBarPitchOfWall',$,(#1314));
#1316=IFCPROPERTYSET('2VJSkxTjf9SwTXwwSSj0yi',#6,'Pset_WallCommon',$,(#84,#85,#140,#1143));
#1317=IFCRELDEFINESBYPROPERTIES('3cf4wSVkM$ihg_X1gpDOjR',#6,$,$,(#1302),#1313);
#1318=IFCRELDEFINESBYPROPERTIES('3wF8kOR2S$G0iLRrLrfkD1',#6,$,$,(#1302),#1315);
#1319=IFCRELDEFINESBYPROPERTIES('1wybpWnccErNwsz9xZSiYi',#6,$,$,(#1302),#1316);
#1320=IFCCARTESIANPOINT((11890.548620030942,-2536.8481672066355,-1500.));
#1321=IFCDIRECTION((0.31571582075227245,-0.94885379301909256,0.));
#1322=IFCAXIS2PLACEMENT3D(#1320,#49,#1321);
#1323=IFCLOCALPLACEMENT(#24,#1322);
#1324=IFCCARTESIANPOINTLIST3D(((-2.7071678232459818E-013,-8.1215034697379459E-013,0.),(7716.8746236492261,-1.6243006939475892E-012,0.)));
#1325=IFCINDEXEDPOLYCURVE(#1324,$,.F.);
#1326=IFCSHAPEREPRESENTATION(#14,'Axis','Curve3D',(#1325));
#1327=IFCPRODUCTDEFINITIONSHAPE($,$,(#1326,#1334));
#1328=IFCCARTESIANPOINTLIST2D(((7716.874623649227,-250.00000000000111),(7711.6736397408804,249.99999999999974),(5.0759396685862157E-013,249.99999999999872),(3.4685587735339144E-013,-250.00000000000128),(7716.874623649227,-250.00000000000111)));
#1329=IFCINDEXEDPOLYCURVE(#1328,$,.F.);
#1330=IFCARBITRARYCLOSEDPROFILEDEF(.AREA.,$,#1329);
#1331=IFCAXIS2PLACEMENT3D(#10,$,$);
#1332=IFCEXTRUDEDAREASOLID(#1330,#1331,#49,5600.);
#1333=IFCSTYLEDITEM(#1332,(#64),$);
#1334=IFCSHAPEREPRESENTATION(#15,'Body','SweptSolid',(#1332));
#1335=IFCWALL('112HIUctr2yw5OqZgr3ksc',#6,'Basic Wall:Castelnuovo_typeA:1679354',$,$,#1323,#1327,'1679354',.NOTDEFINED.);
#1336=IFCQUANTITYLENGTH('Height',$,$,5600.,$);
#1337=IFCQUANTITYLENGTH('Length',$,$,7716.874623649227,$);
#1338=IFCQUANTITYLENGTH('Width',$,$,500.00000000000006,$);
#1339=IFCQUANTITYAREA('GrossFootprintArea',$,$,3.8571370658475299,$);
#1340=IFCQUANTITYVOLUME('GrossVolume',$,$,21.607248946217837,$);
#1341=IFCQUANTITYAREA('GrossSideArea',$,$,21.607248946217837,$);
#1342=IFCQUANTITYAREA('NetSideArea',$,$,43.214497892435666,$);
#1343=IFCQUANTITYVOLUME('NetVolume',$,$,21.599967568746166,$);
#1344=IFCELEMENTQUANTITY('3DEgSv9hEQTneuP5HrD9FI',#6,'Qto_WallBaseQuantities',$,'BaseQuantities',(#1336,#1337,#1338,#1339,#1340,#1341,#1342,#1343));
#1345=IFCRELDEFINESBYPROPERTIES('099v0igi2S0EnbWzIn2X9Z',#6,$,$,(#1335),#1344);
#1346=IFCPROPERTYSET('3glvCGvuG3AMZa1OHdXB81',#6,'Pset_EnvironmentalImpactIndicators',$,(#80));
#1347=IFCPROPERTYSINGLEVALUE('Reference',$,IFCLABEL('Castelnuovo_typeA'),$);
#1348=IFCPROPERTYSET('18z_ZnYCoktUs0sBmDuus8',#6,'Pset_ReinforcementBarPitchOfWall',$,(#1347));
#1349=IFCPROPERTYSET('0KR$Ccqiu9RecOvmrrocvf',#6,'Pset_WallCommon',$,(#80,#84,#85,#86));
#1350=IFCRELDEFINESBYPROPERTIES('294hYNlMQjAZNi7ZXCUj1W',#6,$,$,(#1335),#1346);
#1351=IFCRELDEFINESBYPROPERTIES('1wZNFItP2ek8J$vbedA9wR',#6,$,$,(#1335),#1348);
#1352=IFCRELDEFINESBYPROPERTIES('2vs6TWIlV3kj3L1xEINjtB',#6,$,$,(#1335),#1349);
#1353=IFCCARTESIANPOINT((19750.273584565075,-7693.8507991891329,-1500.));
#1354=IFCAXIS2PLACEMENT3D(#1353,#49,#146);
#1355=IFCLOCALPLACEMENT(#24,#1354);
#1356=IFCPRODUCTDEFINITIONSHAPE($,$,(#1365));
#1357=IFCCARTESIANPOINTLIST2D(((-929.14485474026401,-3281.6607854815393),(-418.71037076310182,-3281.6607854815388),(937.9139165763022,3324.3613453165876),(409.94130892706323,3238.9602256464891),(-929.14485474026401,-3281.6607854815393)));
#1358=IFCINDEXEDPOLYCURVE(#1357,$,.F.);
#1359=IFCARBITRARYCLOSEDPROFILEDEF(.AREA.,'Castelnuovo',#1358);
#1360=IFCCARTESIANPOINT((3405.3712070697907,-666.8951805278341,0.));
#1361=IFCDIRECTION((0.32556815445715881,-0.94551857559931607,0.));
#1362=IFCAXIS2PLACEMENT3D(#1360,#49,#1361);
#1363=IFCEXTRUDEDAREASOLID(#1359,#1362,#49,5599.9999999999827);
#1364=IFCSTYLEDITEM(#1363,(#64),$);
#1365=IFCSHAPEREPRESENTATION(#15,'Body','SweptSolid',(#1363));
#1366=IFCWALL('0M1S9S_Qr3IPBMDqinoabk',#6,'Castelnuovo:Castelnuovo:1680661',$,$,#1355,#1356,'1680661',.NOTDEFINED.);
#1367=IFCCARTESIANPOINTLIST2D(((-600.,-599.99999999999966),(600.,-600.00000000000068),(600.,599.99999999999966),(-600.,599.99999999999966),(-600.,-599.99999999999966)));
#1368=IFCINDEXEDPOLYCURVE(#1367,$,.F.);
#1369=IFCARBITRARYCLOSEDPROFILEDEF(.AREA.,$,#1368);
#1370=IFCCARTESIANPOINT((1994.4774134441918,-577.74811633265915,3800.));
#1371=IFCDIRECTION((0.12870878250531753,-0.99168243369840881,0.));
#1372=IFCAXIS2PLACEMENT3D(#1370,#1371,#49);
#1373=IFCEXTRUDEDAREASOLID(#1369,#1372,#49,590.00000000000989);
#1374=IFCSHAPEREPRESENTATION(#15,'Body','SweptSolid',(#1373));
#1375=IFCPRODUCTDEFINITIONSHAPE($,$,(#1374));
#1376=IFCAXIS2PLACEMENT3D(#10,$,$);
#1377=IFCLOCALPLACEMENT(#1355,#1376);
#1378=IFCOPENINGELEMENT('1pcD6Kjq8Vo9OvYddvV4u5',#6,'Castelnuovo',$,$,#1377,#1375,'1702018',.OPENING.);
#1379=IFCQUANTITYLENGTH('Height',$,$,1200.0000000000011,$);
#1380=IFCQUANTITYLENGTH('Width',$,$,1200.,$);
#1381=IFCQUANTITYAREA('Area',$,$,1440000.0000000014,$);
#1382=IFCELEMENTQUANTITY('2Vu6GT1RNRzoTtpMvcwcTY',#6,'Qto_OpeningElementBaseQuantities',$,'BaseQuantities',(#1379,#1380,#1381));
#1383=IFCRELDEFINESBYPROPERTIES('3B9HB8XUIeOIOFpRqAqS6E',#6,$,$,(#1378),#1382);
#1384=IFCRELVOIDSELEMENT('1SKwDmZPXEPB1u5rXLxJB$',#6,$,$,#1366,#1378);
#1385=IFCCARTESIANPOINTLIST2D(((-600.,-599.99999999999966),(600.,-600.),(600.,600.00000000000023),(-600.,600.00000000000023),(-600.,-599.99999999999966)));
#1386=IFCINDEXEDPOLYCURVE(#1385,$,.F.);
#1387=IFCARBITRARYCLOSEDPROFILEDEF(.AREA.,$,#1386);
#1388=IFCCARTESIANPOINT((4738.1000100857755,-221.65798902158241,4500.));
#1389=IFCDIRECTION((0.12870878250531792,-0.99168243369840869,0.));
#1390=IFCAXIS2PLACEMENT3D(#1388,#1389,#49);
#1391=IFCEXTRUDEDAREASOLID(#1387,#1390,#49,590.00000000001251);
#1392=IFCSHAPEREPRESENTATION(#15,'Body','SweptSolid',(#1391));
#1393=IFCPRODUCTDEFINITIONSHAPE($,$,(#1392));
#1394=IFCAXIS2PLACEMENT3D(#10,$,$);
#1395=IFCLOCALPLACEMENT(#1355,#1394);
#1396=IFCOPENINGELEMENT('1jawSegPrRBnYMgcbxWqfm',#6,'Castelnuovo',$,$,#1395,#1393,'1702223',.OPENING.);
#1397=IFCQUANTITYLENGTH('Height',$,$,1200.0000000000005,$);
#1398=IFCQUANTITYLENGTH('Width',$,$,1200.,$);
#1399=IFCQUANTITYAREA('Area',$,$,1440000.0000000005,$);
#1400=IFCELEMENTQUANTITY('0g4QlarQey6UwX7CjW_VAg',#6,'Qto_OpeningElementBaseQuantities',$,'BaseQuantities',(#1397,#1398,#1399));
#1401=IFCRELDEFINESBYPROPERTIES('2vF5189Bx4z3fdwNUn9YKi',#6,$,$,(#1396),#1400);
#1402=IFCRELVOIDSELEMENT('0SBCE0yD7OfxKmfM6hmkFn',#6,$,$,#1366,#1396);
#1403=IFCCARTESIANPOINTLIST2D(((-800.00000000000171,-900.00000000000296),(800.00000000000034,-900.00000000000205),(800.00000000000034,900.00000000000261),(-799.99999999999875,900.00000000000205),(-1700.0000000000011,-5.3693015507731982E-013)));
#1404=IFCINDEXEDPOLYCURVE(#1403,(IFCLINEINDEX((1,2,3,4)),IFCARCINDEX((4,5,1))),.F.);
#1405=IFCARBITRARYCLOSEDPROFILEDEF(.AREA.,$,#1404);
#1406=IFCCARTESIANPOINT((5375.088165486487,-683.51353317995029,2100.));
#1407=IFCDIRECTION((-0.12870878250531712,0.99168243369840881,0.));
#1408=IFCDIRECTION((0.,0.,-1.));
#1409=IFCAXIS2PLACEMENT3D(#1406,#1407,#1408);
#1410=IFCEXTRUDEDAREASOLID(#1405,#1409,#49,1589.9999999999861);
#1411=IFCSHAPEREPRESENTATION(#15,'Body','SweptSolid',(#1410));
#1412=IFCPRODUCTDEFINITIONSHAPE($,$,(#1411));
#1413=IFCAXIS2PLACEMENT3D(#10,$,$);
#1414=IFCLOCALPLACEMENT(#1355,#1413);
#1415=IFCOPENINGELEMENT('3xhyNsz3HhlfpQ85JoSDqX',#6,'Castelnuovo',$,$,#1414,#1412,'1700736',.OPENING.);
#1416=IFCQUANTITYAREA('Area',$,$,4.1527190917921875,$);
#1417=IFCELEMENTQUANTITY('0tc7Y3xpT$GwUoYTUTYWnq',#6,'Qto_OpeningElementBaseQuantities',$,'BaseQuantities',(#1416));
#1418=IFCRELDEFINESBYPROPERTIES('2kpM4FHbR887xvO_xkxkQQ',#6,$,$,(#1415),#1417);
#1419=IFCRELVOIDSELEMENT('0TsHWXR_fERMzAdN_X2QHJ',#6,$,$,#1366,#1415);
#1420=IFCWALLTYPE('0M1S9S_Qr3IPBMDqinoabe',#6,'Castelnuovo:Castelnuovo',$,$,$,$,'1680659',$,.NOTDEFINED.);
#1421=IFCPROPERTYSINGLEVALUE('Reference',$,IFCIDENTIFIER('Castelnuovo'),$);
#1422=IFCPROPERTYSET('0vkeLnyU_ihOb7TOQGphvI',#6,'Pset_EnvironmentalImpactIndicators',$,(#1421));
#1423=IFCPROPERTYSINGLEVALUE('Reference',$,IFCLABEL('Castelnuovo'),$);
#1424=IFCPROPERTYSET('2lkIG9ZjNUAbP9ebRmkBfH',#6,'Pset_ReinforcementBarPitchOfWall',$,(#1423));
#1425=IFCPROPERTYSINGLEVALUE('IsExternal',$,IFCBOOLEAN(.F.),$);
#1426=IFCPROPERTYSET('3UBx$22tXWZx8j5na8piJR',#6,'Pset_WallCommon',$,(#1421,#1425));
#1427=IFCPROPERTYSINGLEVALUE('Reference',$,IFCIDENTIFIER('StoneWindows'),$);
#1428=IFCPROPERTYSET('2AMKv8bFG9qdcOJUvDUZWq',#6,'Pset_EnvironmentalImpactIndicators',$,(#1427));
#1429=IFCPROPERTYSET('1xGyfSw1R2eRQw_sC1ltah',#6,'Pset_OpeningElementCommon',$,(#1427));
#1430=IFCPROPERTYSET('0kDe_tlN$NPNdTn573CJfd',#6,'Pset_EnvironmentalImpactIndicators',$,(#1427));
#1431=IFCPROPERTYSET('1VhWIt1ct2VgN57xe5nyBu',#6,'Pset_OpeningElementCommon',$,(#1427));
#1432=IFCPROPERTYSINGLEVALUE('Reference',$,IFCIDENTIFIER('simple_arch_door'),$);
#1433=IFCPROPERTYSET('1kTN87IOFuv3$dVqdykPVk',#6,'Pset_EnvironmentalImpactIndicators',$,(#1432));
#1434=IFCPROPERTYSET('13kjJZZ70OEQG1$OBjj2xG',#6,'Pset_OpeningElementCommon',$,(#1432));
#1435=IFCRELDEFINESBYPROPERTIES('1YfT8yob28w4WM7q$0DsqD',#6,$,$,(#1366),#1422);
#1436=IFCRELDEFINESBYPROPERTIES('0kErwqdPTgFh8B7o7gTyY4',#6,$,$,(#1366),#1424);
#1437=IFCRELDEFINESBYPROPERTIES('3B4uhZu6_Ne2Wwq3eRf_Pf',#6,$,$,(#1366),#1426);
#1438=IFCRELDEFINESBYPROPERTIES('219b_hYC5oyZtq8mLl69W8',#6,$,$,(#1378),#1428);
#1439=IFCRELDEFINESBYPROPERTIES('1ECLnt8sDZKXsqGElR_JCd',#6,$,$,(#1378),#1429);
#1440=IFCRELDEFINESBYPROPERTIES('3EBKDyKIR$jzE9fYWd$rsZ',#6,$,$,(#1396),#1430);
#1441=IFCRELDEFINESBYPROPERTIES('0kj52N00Sfl3bti9oV4_40',#6,$,$,(#1396),#1431);
#1442=IFCRELDEFINESBYPROPERTIES('2YVixXYp1iT2VYaiVxD$fQ',#6,$,$,(#1415),#1433);
#1443=IFCRELDEFINESBYPROPERTIES('3CIzcLf6iGKSLr7blXRi8f',#6,$,$,(#1415),#1434);
#1444=IFCQUANTITYVOLUME('NetVolume','',$,15.244647895956199,$);
#1445=IFCELEMENTQUANTITY('27ewytwF2MD0NuBAQMB7AG',#6,'Qto_WallBaseQuantities',$,'BaseQuantities',(#1444));
#1446=IFCRELDEFINESBYPROPERTIES('0ydRQTsBbXXCZqsdguXifu',#6,$,$,(#1366),#1445);
#1447=IFCCARTESIANPOINT((11890.548620030942,-2536.8481672066355,0.));
#1448=IFCDIRECTION((0.31571582075227245,-0.94885379301909256,0.));
#1449=IFCAXIS2PLACEMENT3D(#1447,#49,#1448);
#1450=IFCLOCALPLACEMENT(#28,#1449);
#1451=IFCCARTESIANPOINTLIST3D(((-2.7071678232459818E-013,-8.1215034697379459E-013,0.),(7716.8746236492261,-1.6243006939475892E-012,0.)));
#1452=IFCINDEXEDPOLYCURVE(#1451,$,.F.);
#1453=IFCSHAPEREPRESENTATION(#14,'Axis','Curve3D',(#1452));
#1454=IFCPRODUCTDEFINITIONSHAPE($,$,(#1453,#1461));
#1455=IFCCARTESIANPOINTLIST2D(((7716.874623649227,-250.00000000000111),(7711.6736397408804,249.99999999999974),(5.0759396685862157E-013,249.99999999999872),(3.4685587735339144E-013,-250.00000000000128),(7716.874623649227,-250.00000000000111)));
#1456=IFCINDEXEDPOLYCURVE(#1455,$,.F.);
#1457=IFCARBITRARYCLOSEDPROFILEDEF(.AREA.,$,#1456);
#1458=IFCAXIS2PLACEMENT3D(#10,$,$);
#1459=IFCEXTRUDEDAREASOLID(#1457,#1458,#49,3500.0000000001683);
#1460=IFCSTYLEDITEM(#1459,(#64),$);
#1461=IFCSHAPEREPRESENTATION(#15,'Body','SweptSolid',(#1459));
#1462=IFCWALL('37gWW_uGL459BrbCF$MAq8',#6,'Basic Wall:Castelnuovo_typeA:1682705',$,$,#1450,#1454,'1682705',.NOTDEFINED.);
#1463=IFCQUANTITYLENGTH('Height',$,$,3500.0000000001683,$);
#1464=IFCQUANTITYLENGTH('Length',$,$,7716.874623649227,$);
#1465=IFCQUANTITYLENGTH('Width',$,$,500.00000000000006,$);
#1466=IFCQUANTITYAREA('GrossFootprintArea',$,$,3.8571370658475299,$);
#1467=IFCQUANTITYVOLUME('GrossVolume',$,$,13.504530591386796,$);
#1468=IFCQUANTITYAREA('GrossSideArea',$,$,13.504530591386796,$);
#1469=IFCQUANTITYAREA('NetSideArea',$,$,27.009061182773586,$);
#1470=IFCQUANTITYVOLUME('NetVolume',$,$,13.499979730467,$);
#1471=IFCELEMENTQUANTITY('0wSRELVX6K5_r$By$j3AyQ',#6,'Qto_WallBaseQuantities',$,'BaseQuantities',(#1463,#1464,#1465,#1466,#1467,#1468,#1469,#1470));
#1472=IFCRELDEFINESBYPROPERTIES('0TJnygmA2xITpB7VpyeYh6',#6,$,$,(#1462),#1471);
#1473=IFCPROPERTYSET('1OO7fadQXxqYQjITqXY5YM',#6,'Pset_EnvironmentalImpactIndicators',$,(#80));
#1474=IFCPROPERTYSINGLEVALUE('Reference',$,IFCLABEL('Castelnuovo_typeA'),$);
#1475=IFCPROPERTYSET('2Bg5$nisqBooNE42K4u3Xa',#6,'Pset_ReinforcementBarPitchOfWall',$,(#1474));
#1476=IFCPROPERTYSET('0oaOfNeJGAzfJZ2CKYt2sp',#6,'Pset_WallCommon',$,(#80,#84,#85,#140));
#1477=IFCRELDEFINESBYPROPERTIES('1E71FDLb6nKLAQYDqLxx3s',#6,$,$,(#1462),#1473);
#1478=IFCRELDEFINESBYPROPERTIES('2s27cD3gHMzpQGMFNiOc6T',#6,$,$,(#1462),#1475);
#1479=IFCRELDEFINESBYPROPERTIES('0DfffcOFZVsR1T5rpzV1wJ',#6,$,$,(#1462),#1476);
#1480=IFCCARTESIANPOINT((6253.026350501952,7455.0449953661391,0.));
#1481=IFCDIRECTION((0.88140092832803951,0.47236892736765629,0.));
#1482=IFCAXIS2PLACEMENT3D(#1480,#49,#1481);
#1483=IFCLOCALPLACEMENT(#28,#1482);
#1484=IFCCARTESIANPOINTLIST3D(((0.,0.,0.),(7212.0660127070778,-1.0828671292983927E-012,0.)));
#1485=IFCINDEXEDPOLYCURVE(#1484,$,.F.);
#1486=IFCSHAPEREPRESENTATION(#14,'Axis','Curve3D',(#1485));
#1487=IFCPRODUCTDEFINITIONSHAPE($,$,(#1486,#1509));
#1488=IFCCARTESIANPOINTLIST2D(((7212.066012707076,249.99999999999949),(6.5987215691620808E-013,250.00000000000023),(-6.5987215691620808E-013,-250.00000000000023),(7212.0660127070751,-250.00000000000057),(7212.066012707076,249.99999999999949)));
#1489=IFCINDEXEDPOLYCURVE(#1488,$,.F.);
#1490=IFCARBITRARYCLOSEDPROFILEDEF(.AREA.,$,#1489);
#1491=IFCAXIS2PLACEMENT3D(#10,$,$);
#1492=IFCEXTRUDEDAREASOLID(#1490,#1491,#49,3500.0000000001683);
#1493=IFCSTYLEDITEM(#1492,(#1091),$);
#1494=IFCCOLOURRGBLIST(((0.,0.80784313725490198,0.40392156862745099)));
#1495=IFCINDEXEDPOLYGONALFACEWITHVOIDS((1,2,3,4,5,6,7,8),((9,10,11,12)));
#1496=IFCINDEXEDPOLYGONALFACEWITHVOIDS((13,14,15,16),((17,18,19,20)));
#1497=IFCINDEXEDPOLYGONALFACE((4,3,2,1,13,16));
#1498=IFCINDEXEDPOLYGONALFACE((8,7,6,5,15,14));
#1499=IFCINDEXEDPOLYGONALFACE((1,8,14,13));
#1500=IFCINDEXEDPOLYGONALFACE((5,4,16,15));
#1501=IFCINDEXEDPOLYGONALFACE((10,9,17,20));
#1502=IFCINDEXEDPOLYGONALFACE((11,10,20,19));
#1503=IFCINDEXEDPOLYGONALFACE((12,11,19,18));
#1504=IFCINDEXEDPOLYGONALFACE((9,12,18,17));
#1505=IFCCARTESIANPOINTLIST3D(((2.1657342585967854E-012,-250.00000000000057,5.4143356464919636E-013),(500.00000000000222,-250.00000000000057,0.),(6712.0660127070732,-249.99999999999949,0.),(7212.066012707076,-250.00000000000057,5.4143356464919636E-013),(7212.066012707076,-250.00000000000057,3500.0000000001683),(6712.0660127070732,-249.99999999999949,3500.0000000001683),(500.00000000000222,-250.00000000000057,3500.0000000001683),(2.1657342585967854E-012,-250.00000000000057,3500.0000000001683),(2099.9999999999995,-249.99999999999949,1500.),(2099.9999999999995,-249.99999999999949,3000.),(3299.9999999999991,-250.00000000000057,3000.),(3299.9999999999991,-250.00000000000057,1500.),(5.4143356464919636E-013,249.99999999999838,5.4143356464919636E-013),(1.6243006939475892E-012,250.00000000000057,3500.0000000001683),(7212.0660127070723,249.99999999999838,3500.0000000001683),(7212.0660127070723,249.99999999999838,5.4143356464919636E-013),(2099.9999999999982,250.00000000000057,1500.),(3299.9999999999986,250.00000000000057,1500.),(3299.9999999999986,250.00000000000057,3000.),(2099.9999999999982,250.00000000000057,3000.)));
#1506=IFCPOLYGONALFACESET(#1505,.T.,(#1495,#1496,#1497,#1498,#1499,#1500,#1501,#1502,#1503,#1504),$);
#1507=IFCINDEXEDCOLOURMAP(#1506,1.,#1494,(1,1,1,1,1,1,1,1,1,1));
#1508=IFCSTYLEDITEM(#1506,(#1091),$);
#1509=IFCSHAPEREPRESENTATION(#15,'Body','Tessellation',(#1506));
#1510=IFCWALL('3c8HC29$17vfNgcUAdeh3J',#6,'Basic Wall:Castelnuovo_typeC:1683056',$,$,#1483,#1487,'1683056',.NOTDEFINED.);
#1511=IFCQUANTITYLENGTH('Height',$,$,3500.0000000001683,$);
#1512=IFCQUANTITYLENGTH('Length',$,$,7212.0660127070751,$);
#1513=IFCQUANTITYLENGTH('Width',$,$,500.00000000000006,$);
#1514=IFCQUANTITYAREA('GrossFootprintArea',$,$,3.6060330063535373,$);
#1515=IFCQUANTITYVOLUME('GrossVolume',$,$,12.621115522237988,$);
#1516=IFCQUANTITYAREA('GrossSideArea',$,$,12.621115522237988,$);
#1517=IFCQUANTITYAREA('NetSideArea',$,$,23.442231044475971,$);
#1518=IFCQUANTITYVOLUME('NetVolume',$,$,11.721115522237994,$);
#1519=IFCELEMENTQUANTITY('19vsZW3vDbqTuzZ$G7$d8G',#6,'Qto_WallBaseQuantities',$,'BaseQuantities',(#1511,#1512,#1513,#1514,#1515,#1516,#1517,#1518));
#1520=IFCRELDEFINESBYPROPERTIES('2wJSHUadvXEGEeQ4Al8yUk',#6,$,$,(#1510),#1519);
#1521=IFCPROPERTYSET('15X8aI$72ifBYIGEAC7hDC',#6,'Pset_EnvironmentalImpactIndicators',$,(#1143));
#1522=IFCPROPERTYSINGLEVALUE('Reference',$,IFCLABEL('Castelnuovo_typeC'),$);
#1523=IFCPROPERTYSET('2pMsh9tBnxNKDIWt9JxutK',#6,'Pset_ReinforcementBarPitchOfWall',$,(#1522));
#1524=IFCPROPERTYSET('1WInnJUmKA8GgFvAFVcY1H',#6,'Pset_WallCommon',$,(#84,#85,#140,#1143));
#1525=IFCRELDEFINESBYPROPERTIES('2j6ZzDtauaQ$0taJbRcXmb',#6,$,$,(#1510),#1521);
#1526=IFCRELDEFINESBYPROPERTIES('39CuMHxD$gTbM_5zsPQeHJ',#6,$,$,(#1510),#1523);
#1527=IFCRELDEFINESBYPROPERTIES('1uYhE1rFAs6EROITyHDzdz',#6,$,$,(#1510),#1524);
#1528=IFCCARTESIANPOINT((8553.2030039271267,3692.3549989006269,0.));
#1529=IFCDIRECTION((-0.47236892736765773,0.88140092832803885,0.));
#1530=IFCAXIS2PLACEMENT3D(#1528,#49,#1529);
#1531=IFCLOCALPLACEMENT(#28,#1530);
#1532=IFCCARTESIANPOINTLIST3D(((0.,0.,0.),(4152.9704344299053,-5.4143356464919636E-013,0.)));
#1533=IFCINDEXEDPOLYCURVE(#1532,$,.F.);
#1534=IFCSHAPEREPRESENTATION(#14,'Axis','Curve3D',(#1533));
#1535=IFCPRODUCTDEFINITIONSHAPE($,$,(#1534,#1553));
#1536=IFCCARTESIANPOINTLIST2D(((4152.9704344299043,-250.00000000000082),(4152.9704344299053,249.9999999999992),(1.0321077326125305E-012,249.99999999999901),(-1.0151879337172432E-013,-250.00000000000074),(500.00000000000091,-250.00000000000065),(4152.9704344299043,-250.00000000000082)));
#1537=IFCINDEXEDPOLYCURVE(#1536,$,.F.);
#1538=IFCARBITRARYCLOSEDPROFILEDEF(.AREA.,$,#1537);
#1539=IFCAXIS2PLACEMENT3D(#10,$,$);
#1540=IFCEXTRUDEDAREASOLID(#1538,#1539,#49,3500.0000000001683);
#1541=IFCSTYLEDITEM(#1540,(#1091),$);
#1542=IFCCOLOURRGBLIST(((0.,0.80784313725490198,0.40392156862745099)));
#1543=IFCINDEXEDPOLYGONALFACE((1,2,3,4,5,6));
#1544=IFCINDEXEDPOLYGONALFACE((7,8,9,10));
#1545=IFCINDEXEDPOLYGONALFACE((3,2,1,7,10));
#1546=IFCINDEXEDPOLYGONALFACE((6,5,4,9,8));
#1547=IFCINDEXEDPOLYGONALFACE((4,3,10,9));
#1548=IFCINDEXEDPOLYGONALFACE((1,6,8,7));
#1549=IFCCARTESIANPOINTLIST3D(((0.,-250.00000000000165,5.4143356464919636E-013),(500.00000000000057,-250.00000000000111,0.),(4152.9704344299053,-250.00000000000111,5.4143356464919636E-013),(4152.9704344299053,-250.00000000000111,3500.0000000001683),(500.00000000000057,-250.00000000000111,3500.0000000001683),(0.,-250.00000000000165,3500.0000000001683),(2.1657342585967854E-012,249.9999999999992,5.4143356464919636E-013),(5.4143356464919636E-013,250.00000000000003,3500.0000000001683),(4152.9704344299053,249.99999999999838,3500.0000000001683),(4152.9704344299053,249.99999999999838,5.4143356464919636E-013)));
#1550=IFCPOLYGONALFACESET(#1549,.T.,(#1543,#1544,#1545,#1546,#1547,#1548),$);
#1551=IFCINDEXEDCOLOURMAP(#1550,1.,#1542,(1,1,1,1,1,1));
#1552=IFCSTYLEDITEM(#1550,(#1091),$);
#1553=IFCSHAPEREPRESENTATION(#15,'Body','Tessellation',(#1550));
#1554=IFCWALL('3c8HC29$17vfNgcUAdeh3I',#6,'Basic Wall:Castelnuovo_typeC:1683057',$,$,#1531,#1535,'1683057',.NOTDEFINED.);
#1555=IFCAXIS2PLACEMENT3D(#10,$,$);
#1557=IFCCARTESIANPOINTLIST2D(((-249.99999999999881,-1100.),(250.00000000000077,-1100.),(250.00000000000077,1100.0000000000011),(-249.99999999999881,1100.0000000000011),(-249.99999999999881,-1100.)));
#1558=IFCINDEXEDPOLYCURVE(#1557,$,.F.);
#1559=IFCARBITRARYCLOSEDPROFILEDEF(.AREA.,'DoorV2',#1558);
#1560=IFCCARTESIANPOINT((250.,-2050.,4600.));
#1561=IFCDIRECTION((1.,0.,0.));
#1562=IFCAXIS2PLACEMENT3D(#1560,#146,#1561);
#1563=IFCEXTRUDEDAREASOLID(#1559,#1562,#49,1199.9999999999843);
#1564=IFCSHAPEREPRESENTATION(#15,'Body','SweptSolid',(#1563));
#1565=IFCPRODUCTDEFINITIONSHAPE($,$,(#1564));
#1566=IFCAXIS2PLACEMENT3D(#10,$,$);
#1567=IFCLOCALPLACEMENT(#1531,#1566);
#1568=IFCOPENINGELEMENT('1fd4BeeoCyvx$OXPBDOvSt',#6,'Basic Wall:Castelnuovo_typeC:1683057',$,$,#1567,#1565,'1765621',.OPENING.);
#1569=IFCQUANTITYLENGTH('Depth',$,$,1199.9999999999845,$);
#1570=IFCQUANTITYLENGTH('Height',$,$,2200.0000000000014,$);
#1571=IFCQUANTITYLENGTH('Width',$,$,500.00000000000006,$);
#1572=IFCQUANTITYAREA('Area',$,$,1.0999999999999996,$);
#1573=IFCQUANTITYVOLUME('Volume',$,$,1319.9999999999825,$);
#1574=IFCELEMENTQUANTITY('1hgBjeOSe$_rRf8Sjk3y$1',#6,'Qto_OpeningElementBaseQuantities',$,'BaseQuantities',(#1569,#1570,#1571,#1572,#1573));
#1575=IFCRELDEFINESBYPROPERTIES('2H_2SoOpQ6r3DdaAa0PEcF',#6,$,$,(#1568),#1574);
#1576=IFCRELVOIDSELEMENT('0Tvd6ZE_75aQq9QTsPKb_c',#6,$,$,#1554,#1568);
#1577=IFCQUANTITYLENGTH('Height',$,$,3500.0000000001683,$);
#1578=IFCQUANTITYLENGTH('Length',$,$,4152.9704344299053,$);
#1579=IFCQUANTITYLENGTH('Width',$,$,500.00000000000006,$);
#1580=IFCQUANTITYAREA('GrossFootprintArea',$,$,2.0764852172149513,$);
#1581=IFCQUANTITYVOLUME('GrossVolume',$,$,7.2676982602526836,$);
#1582=IFCQUANTITYAREA('GrossSideArea',$,$,7.2676982602526836,$);
#1583=IFCQUANTITYAREA('NetSideArea',$,$,14.535396520505364,$);
#1584=IFCQUANTITYVOLUME('NetVolume',$,$,7.2676982602526836,$);
#1585=IFCELEMENTQUANTITY('3MLlPL3tIhgAcK8Oeq58py',#6,'Qto_WallBaseQuantities',$,'BaseQuantities',(#1577,#1578,#1579,#1580,#1581,#1582,#1583,#1584));
#1586=IFCRELDEFINESBYPROPERTIES('3tdnFkejhHG6KXNwowjez6',#6,$,$,(#1554),#1585);
#1587=IFCPROPERTYSET('3ncKDdVkA5LPtE_sXdkDmk',#6,'Pset_EnvironmentalImpactIndicators',$,(#1143));
#1588=IFCPROPERTYSINGLEVALUE('Reference',$,IFCLABEL('Castelnuovo_typeC'),$);
#1589=IFCPROPERTYSET('1aklx6MTMrZO9vrcdJthfO',#6,'Pset_ReinforcementBarPitchOfWall',$,(#1588));
#1590=IFCPROPERTYSET('2tz43Q4Lgr2nkZgaCxmb_7',#6,'Pset_WallCommon',$,(#84,#85,#140,#1143));
#1591=IFCPROPERTYSET('3o5WO2UvLC9jowkY5POkbF',#6,'Pset_EnvironmentalImpactIndicators',$,(#403));
#1592=IFCPROPERTYSET('10GOjXlexsQ8xT0_Zfqhn0',#6,'Pset_OpeningElementCommon',$,(#403));
#1593=IFCRELDEFINESBYPROPERTIES('06$ssqpWME9mt_NPkbiG0x',#6,$,$,(#1554),#1587);
#1594=IFCRELDEFINESBYPROPERTIES('03_g74ptcf2tiHhnqsYtJK',#6,$,$,(#1554),#1589);
#1595=IFCRELDEFINESBYPROPERTIES('2h$QqqBEGYkc$HbcxblHTm',#6,$,$,(#1554),#1590);
#1596=IFCRELDEFINESBYPROPERTIES('2iSivxDCpGLI9bIMaxDIuM',#6,$,$,(#1568),#1591);
#1597=IFCRELDEFINESBYPROPERTIES('2PgQzMPLYYN8nfX3iyM_hS',#6,$,$,(#1568),#1592);
#1598=IFCCARTESIANPOINT((8655.4610041672204,4030.7974628245506,0.));
#1599=IFCDIRECTION((0.88140092832803951,0.47236892736765623,0.));
#1600=IFCAXIS2PLACEMENT3D(#1598,#49,#1599);
#1601=IFCLOCALPLACEMENT(#28,#1600);
#1602=IFCCARTESIANPOINTLIST3D(((2.7071678232459818E-013,0.,0.),(6712.0660127070714,-2.1657342585967854E-012,0.)));
#1603=IFCINDEXEDPOLYCURVE(#1602,$,.F.);
#1604=IFCSHAPEREPRESENTATION(#14,'Axis','Curve3D',(#1603));
#1605=IFCPRODUCTDEFINITIONSHAPE($,$,(#1604,#1623));
#1606=IFCCARTESIANPOINTLIST2D(((6712.0660127070732,-250.00000000000057),(6712.0660127070723,250.00000000000003),(6212.0660127070742,250.00000000000003),(6.4295235802092064E-013,250.00000000000023),(1.7765788840051755E-012,-250.00000000000026),(6712.0660127070732,-250.00000000000057)));
#1607=IFCINDEXEDPOLYCURVE(#1606,$,.F.);
#1608=IFCARBITRARYCLOSEDPROFILEDEF(.AREA.,$,#1607);
#1609=IFCAXIS2PLACEMENT3D(#10,$,$);
#1610=IFCEXTRUDEDAREASOLID(#1608,#1609,#49,3500.0000000001683);
#1611=IFCSTYLEDITEM(#1610,(#1091),$);
#1612=IFCCOLOURRGBLIST(((0.,0.80784313725490198,0.40392156862745099)));
#1613=IFCINDEXEDPOLYGONALFACE((1,2,3,4));
#1614=IFCINDEXEDPOLYGONALFACE((5,6,7,8,9,10));
#1615=IFCINDEXEDPOLYGONALFACE((2,1,7,6,5));
#1616=IFCINDEXEDPOLYGONALFACE((4,3,10,9,8));
#1617=IFCINDEXEDPOLYGONALFACE((2,5,10,3));
#1618=IFCINDEXEDPOLYGONALFACE((1,4,8,7));
#1619=IFCCARTESIANPOINTLIST3D(((1.8950174762721871E-012,-250.00000000000111,5.4143356464919636E-013),(6712.066012707076,-249.99999999999949,5.4143356464919636E-013),(6712.0660127070742,-250.00000000000057,3500.0000000001683),(2.1657342585967854E-012,-250.00000000000057,3500.0000000001683),(6712.0660127070723,250.00000000000057,5.4143356464919636E-013),(6212.0660127070742,249.99999999999949,0.),(0.,249.99999999999949,5.4143356464919636E-013),(0.,249.99999999999949,3500.0000000001683),(6212.0660127070742,249.99999999999949,3500.0000000001683),(6712.0660127070723,250.00000000000057,3500.0000000001683)));
#1620=IFCPOLYGONALFACESET(#1619,.T.,(#1613,#1614,#1615,#1616,#1617,#1618),$);
#1621=IFCINDEXEDCOLOURMAP(#1620,1.,#1612,(1,1,1,1,1,1));
#1622=IFCSTYLEDITEM(#1620,(#1091),$);
#1623=IFCSHAPEREPRESENTATION(#15,'Body','Tessellation',(#1620));
#1624=IFCWALL('3c8HC29$17vfNgcUAdeh3H',#6,'Basic Wall:Castelnuovo_typeC:1683058',$,$,#1601,#1605,'1683058',.NOTDEFINED.);
#1625=IFCAXIS2PLACEMENT3D(#10,$,$);
#1627=IFCCARTESIANPOINTLIST2D(((-249.99999999999832,-750.00000000000057),(250.00000000000077,-750.00000000000057),(250.00000000000077,749.99999999999955),(-249.99999999999832,749.99999999999955),(-249.99999999999832,-750.00000000000057)));
#1628=IFCINDEXEDPOLYCURVE(#1627,$,.F.);
#1629=IFCARBITRARYCLOSEDPROFILEDEF(.AREA.,'BrickWindow',#1628);
#1630=IFCCARTESIANPOINT((6462.0660127070742,465.65390758865743,2250.));
#1631=IFCAXIS2PLACEMENT3D(#1630,#146,#506);
#1632=IFCEXTRUDEDAREASOLID(#1629,#1631,#49,999.99999999999773);
#1633=IFCSHAPEREPRESENTATION(#15,'Body','SweptSolid',(#1632));
#1634=IFCPRODUCTDEFINITIONSHAPE($,$,(#1633));
#1635=IFCAXIS2PLACEMENT3D(#10,$,$);
#1636=IFCLOCALPLACEMENT(#1601,#1635);
#1637=IFCOPENINGELEMENT('14v6W9Sf94MBFkzvy_U7pi',#6,'Basic Wall:Castelnuovo_typeC:1683058',$,$,#1636,#1634,'1711823',.OPENING.);
#1638=IFCQUANTITYLENGTH('Depth',$,$,999.99999999999795,$);
#1639=IFCQUANTITYLENGTH('Height',$,$,1500.,$);
#1640=IFCQUANTITYLENGTH('Width',$,$,499.99999999999909,$);
#1641=IFCQUANTITYAREA('Area',$,$,0.74999999999999878,$);
#1642=IFCQUANTITYVOLUME('Volume',$,$,749.99999999999727,$);
#1643=IFCELEMENTQUANTITY('3PUrYZyMFpCFid5O1u1R4D',#6,'Qto_OpeningElementBaseQuantities',$,'BaseQuantities',(#1638,#1639,#1640,#1641,#1642));
#1644=IFCRELDEFINESBYPROPERTIES('2J8StVZMM2Jh838jwyM7tL',#6,$,$,(#1637),#1643);
#1645=IFCRELVOIDSELEMENT('1zbqZRz6GWGdmy5k9s9KiF',#6,$,$,#1624,#1637);
#1646=IFCAXIS2PLACEMENT3D(#10,$,$);
#1648=IFCCARTESIANPOINTLIST2D(((-1100.,-599.99999999999386),(1100.0000000000011,-599.99999999999648),(1100.0000000000011,599.9999999999917),(-1100.,599.99999999999409),(-1100.,-599.99999999999386)));
#1649=IFCINDEXEDPOLYCURVE(#1648,$,.F.);
#1650=IFCARBITRARYCLOSEDPROFILEDEF(.AREA.,'DoorV2',#1649);
#1651=IFCCARTESIANPOINT((1200.,-1274.,4600.));
#1652=IFCAXIS2PLACEMENT3D(#1651,#146,#49);
#1653=IFCEXTRUDEDAREASOLID(#1650,#1652,#49,3048.);
#1654=IFCSHAPEREPRESENTATION(#15,'Body','SweptSolid',(#1653));
#1655=IFCPRODUCTDEFINITIONSHAPE($,$,(#1654));
#1656=IFCAXIS2PLACEMENT3D(#10,$,$);
#1657=IFCLOCALPLACEMENT(#1601,#1656);
#1658=IFCOPENINGELEMENT('2uuRMObnC9$4yncD6P$cU7',#6,'Basic Wall:Castelnuovo_typeC:1683058',$,$,#1657,#1655,'1765621',.OPENING.);
#1659=IFCQUANTITYLENGTH('Depth',$,$,3048.,$);
#1660=IFCQUANTITYLENGTH('Height',$,$,2200.0000000000014,$);
#1661=IFCQUANTITYLENGTH('Width',$,$,1199.9999999999854,$);
#1662=IFCQUANTITYAREA('Area',$,$,2.6399999999999726,$);
#1663=IFCQUANTITYVOLUME('Volume',$,$,8046.7199999999166,$);
#1664=IFCELEMENTQUANTITY('33Z7k4C6IyDrYXxOOoT2sw',#6,'Qto_OpeningElementBaseQuantities',$,'BaseQuantities',(#1659,#1660,#1661,#1662,#1663));
#1665=IFCRELDEFINESBYPROPERTIES('3KDfsAqHpOrN7xnl2yo2ly',#6,$,$,(#1658),#1664);
#1666=IFCRELVOIDSELEMENT('0Yatajt7_7aYRP8EIqWxl6',#6,$,$,#1624,#1658);
#1667=IFCQUANTITYLENGTH('Height',$,$,3500.0000000001683,$);
#1668=IFCQUANTITYLENGTH('Length',$,$,6712.0660127070732,$);
#1669=IFCQUANTITYLENGTH('Width',$,$,500.00000000000006,$);
#1670=IFCQUANTITYAREA('GrossFootprintArea',$,$,3.3560330063535293,$);
#1671=IFCQUANTITYVOLUME('GrossVolume',$,$,11.746115522237941,$);
#1672=IFCQUANTITYAREA('GrossSideArea',$,$,11.746115522237941,$);
#1673=IFCQUANTITYAREA('NetSideArea',$,$,23.492231044475883,$);
#1674=IFCQUANTITYVOLUME('NetVolume',$,$,11.746115522237941,$);
#1675=IFCELEMENTQUANTITY('17dDMcMngoGublRHzi78nK',#6,'Qto_WallBaseQuantities',$,'BaseQuantities',(#1667,#1668,#1669,#1670,#1671,#1672,#1673,#1674));
#1676=IFCRELDEFINESBYPROPERTIES('3SKokgz6tif_RY1hyS1$jH',#6,$,$,(#1624),#1675);
#1677=IFCPROPERTYSET('3QGU5C4OKBRkVoi0LySjlN',#6,'Pset_EnvironmentalImpactIndicators',$,(#1143));
#1678=IFCPROPERTYSINGLEVALUE('Reference',$,IFCLABEL('Castelnuovo_typeC'),$);
#1679=IFCPROPERTYSET('0g_HTbOEP4y7mAT1dCboJN',#6,'Pset_ReinforcementBarPitchOfWall',$,(#1678));
#1680=IFCPROPERTYSET('2Y_XT8Kq5PU2Bx6i_QYNrB',#6,'Pset_WallCommon',$,(#84,#85,#140,#1143));
#1681=IFCPROPERTYSET('3ElNQEGd2pjb2xbytYVWbN',#6,'Pset_EnvironmentalImpactIndicators',$,(#1148));
#1682=IFCPROPERTYSET('0TyAek337nv4eucutSdbVo',#6,'Pset_OpeningElementCommon',$,(#1148));
#1683=IFCPROPERTYSET('274cDp9bc6Tqy9g11vfwy5',#6,'Pset_EnvironmentalImpactIndicators',$,(#403));
#1684=IFCPROPERTYSET('1Mzq6Z1ji4r6kJhJ58LJ$k',#6,'Pset_OpeningElementCommon',$,(#403));
#1685=IFCRELDEFINESBYPROPERTIES('2GxIYcZMNnZ181wexKgiOe',#6,$,$,(#1624),#1677);
#1686=IFCRELDEFINESBYPROPERTIES('1Q2ir7eqcf6IoDHtLCWaVn',#6,$,$,(#1624),#1679);
#1687=IFCRELDEFINESBYPROPERTIES('1TBNRT29UbeZcwQcuTEgY7',#6,$,$,(#1624),#1680);
#1688=IFCRELDEFINESBYPROPERTIES('0LzF$2hCc2uAUNcf_7$e8z',#6,$,$,(#1637),#1681);
#1689=IFCRELDEFINESBYPROPERTIES('3kOoU$tEGJ_panVi4XxPYW',#6,$,$,(#1637),#1682);
#1690=IFCRELDEFINESBYPROPERTIES('0wvMmX6GreXEM_dx02ccW3',#6,$,$,(#1658),#1683);
#1691=IFCRELDEFINESBYPROPERTIES('26nxkVekjN5v_oq2TWpFGg',#6,$,$,(#1658),#1684);
#1692=IFCCARTESIANPOINT((14233.039754842395,7303.6268859079883,0.));
#1693=IFCDIRECTION((-0.4723689273676574,0.88140092832803896,0.));
#1694=IFCAXIS2PLACEMENT3D(#1692,#49,#1693);
#1695=IFCLOCALPLACEMENT(#28,#1694);
#1696=IFCCARTESIANPOINTLIST3D(((0.,1.0828671292983927E-012,0.),(3652.9704344299057,-1.0828671292983927E-012,0.)));
#1697=IFCINDEXEDPOLYCURVE(#1696,$,.F.);
#1698=IFCSHAPEREPRESENTATION(#14,'Axis','Curve3D',(#1697));
#1699=IFCPRODUCTDEFINITIONSHAPE($,$,(#1698,#1725));
#1700=IFCCARTESIANPOINTLIST2D(((3652.9704344299057,250.0000000000019),(0.,250.00000000000074),(0.,-250.00000000000074),(3652.9704344299062,-249.99999999999949),(3652.9704344299057,250.0000000000019)));
#1701=IFCINDEXEDPOLYCURVE(#1700,$,.F.);
#1702=IFCARBITRARYCLOSEDPROFILEDEF(.AREA.,$,#1701);
#1703=IFCAXIS2PLACEMENT3D(#10,$,$);
#1704=IFCEXTRUDEDAREASOLID(#1702,#1703,#49,3500.0000000001683);
#1705=IFCSTYLEDITEM(#1704,(#1091),$);
#1706=IFCCOLOURRGBLIST(((0.,0.80784313725490198,0.40392156862745099)));
#1707=IFCINDEXEDPOLYGONALFACEWITHVOIDS((1,2,3,4),((5,6,7,8),(9,10,11,12)));
#1708=IFCINDEXEDPOLYGONALFACEWITHVOIDS((13,14,15,16),((17,18,19,20),(21,22,23,24)));
#1709=IFCINDEXEDPOLYGONALFACE((2,1,14,13));
#1710=IFCINDEXEDPOLYGONALFACE((4,3,16,15));
#1711=IFCINDEXEDPOLYGONALFACE((2,13,16,3));
#1712=IFCINDEXEDPOLYGONALFACE((14,1,4,15));
#1713=IFCINDEXEDPOLYGONALFACE((18,17,6,5));
#1714=IFCINDEXEDPOLYGONALFACE((19,18,5,8));
#1715=IFCINDEXEDPOLYGONALFACE((20,19,8,7));
#1716=IFCINDEXEDPOLYGONALFACE((17,20,7,6));
#1717=IFCINDEXEDPOLYGONALFACE((21,10,9,22));
#1718=IFCINDEXEDPOLYGONALFACE((22,9,12,23));
#1719=IFCINDEXEDPOLYGONALFACE((23,12,11,24));
#1720=IFCINDEXEDPOLYGONALFACE((10,21,24,11));
#1721=IFCCARTESIANPOINTLIST3D(((1.0828671292983927E-012,-249.9999999999973,5.4143356464919636E-013),(3652.9704344299034,-249.99999999999949,5.4143356464919636E-013),(3652.9704344299034,-249.99999999999949,3500.0000000001683),(1.0828671292983927E-012,-249.9999999999973,3500.0000000001683),(3252.9704344299066,-249.99999999999838,3000.),(3252.9704344299066,-249.99999999999838,1500.),(2252.9704344299075,-249.99999999999838,1500.),(2252.9704344299075,-249.99999999999838,3000.),(1215.6539075886558,-249.99999999999784,3000.),(1215.6539075886558,-249.99999999999784,1500.),(215.65390758865797,-249.99999999999892,1500.),(215.65390758865797,-249.99999999999892,3000.),(3652.9704344299043,250.00000000000057,5.4143356464919636E-013),(1.0828671292983927E-012,250.00000000000273,5.4143356464919636E-013),(0.,250.00000000000327,3500.0000000001683),(3652.9704344299057,250.00000000000273,3500.0000000001683),(3252.9704344299089,250.00000000000111,1500.),(3252.9704344299089,250.00000000000111,3000.),(2252.9704344299089,249.99999999999892,3000.),(2252.9704344299089,249.99999999999892,1500.),(1215.6539075886569,249.99999999999949,1500.),(1215.6539075886569,249.99999999999949,3000.),(215.65390758865797,250.00000000000219,3000.),(215.65390758865797,250.00000000000219,1500.)));
#1722=IFCPOLYGONALFACESET(#1721,.T.,(#1707,#1708,#1709,#1710,#1711,#1712,#1713,#1714,#1715,#1716,#1717,#1718,#1719,#1720),$);
#1723=IFCINDEXEDCOLOURMAP(#1722,1.,#1706,(1,1,1,1,1,1,1,1,1,1,1,1,1,1));
#1724=IFCSTYLEDITEM(#1722,(#1091),$);
#1725=IFCSHAPEREPRESENTATION(#15,'Body','Tessellation',(#1722));
#1726=IFCWALL('3c8HC29$17vfNgcUAdeh3G',#6,'Basic Wall:Castelnuovo_typeC:1683059',$,$,#1695,#1699,'1683059',.NOTDEFINED.);
#1727=IFCQUANTITYLENGTH('Height',$,$,3500.0000000001683,$);
#1728=IFCQUANTITYLENGTH('Length',$,$,3652.9704344299066,$);
#1729=IFCQUANTITYLENGTH('Width',$,$,500.00000000000006,$);
#1730=IFCQUANTITYAREA('GrossFootprintArea',$,$,1.8264852172149577,$);
#1731=IFCQUANTITYVOLUME('GrossVolume',$,$,6.3926982602526401,$);
#1732=IFCQUANTITYAREA('GrossSideArea',$,$,6.3926982602526401,$);
#1733=IFCQUANTITYAREA('NetSideArea',$,$,9.7853965205052837,$);
#1734=IFCQUANTITYVOLUME('NetVolume',$,$,4.8926982602526339,$);
#1735=IFCELEMENTQUANTITY('09Sdpow_H_owMnK9HWVlTd',#6,'Qto_WallBaseQuantities',$,'BaseQuantities',(#1727,#1728,#1729,#1730,#1731,#1732,#1733,#1734));
#1736=IFCRELDEFINESBYPROPERTIES('1AVZ3ONpttxfjJ33Vbr$Oe',#6,$,$,(#1726),#1735);
#1737=IFCPROPERTYSET('3rbwgNNZz9AVXVhR7r4fEi',#6,'Pset_EnvironmentalImpactIndicators',$,(#1143));
#1738=IFCPROPERTYSINGLEVALUE('Reference',$,IFCLABEL('Castelnuovo_typeC'),$);
#1739=IFCPROPERTYSET('0rabl81eGSJmPcpW8y9KXL',#6,'Pset_ReinforcementBarPitchOfWall',$,(#1738));
#1740=IFCPROPERTYSET('21TU8NOrID2z5IOw5IrfPZ',#6,'Pset_WallCommon',$,(#84,#85,#140,#1143));
#1741=IFCRELDEFINESBYPROPERTIES('2WE6TFtfARbUbvND3tM$9q',#6,$,$,(#1726),#1737);
#1742=IFCRELDEFINESBYPROPERTIES('2C13Dvk4QvZXurbtUIoEdp',#6,$,$,(#1726),#1739);
#1743=IFCRELDEFINESBYPROPERTIES('3$zxfnGin5y1csOYuE2$Ys',#6,$,$,(#1726),#1740);
#1744=IFCCARTESIANPOINT((6253.026350501952,7455.0449953661391,-0.));
#1745=IFCDIRECTION((0.88140092832803951,0.47236892736765629,0.));
#1746=IFCAXIS2PLACEMENT3D(#1744,#49,#1745);
#1747=IFCLOCALPLACEMENT(#32,#1746);
#1748=IFCCARTESIANPOINTLIST3D(((0.,0.,1.0828671292983927E-012),(7212.0660127070778,-1.0828671292983927E-012,1.0828671292983927E-012)));
#1749=IFCINDEXEDPOLYCURVE(#1748,$,.F.);
#1750=IFCSHAPEREPRESENTATION(#14,'Axis','Curve3D',(#1749));
#1751=IFCPRODUCTDEFINITIONSHAPE($,$,(#1750,#1810));
#1785=IFCCARTESIANPOINTLIST2D(((7212.066012707076,249.99999999999949),(6.5987215691620808E-013,250.00000000000023),(-6.5987215691620808E-013,-250.00000000000023),(7212.0660127070751,-250.00000000000057),(7212.066012707076,249.99999999999949)));
#1786=IFCINDEXEDPOLYCURVE(#1785,$,.F.);
#1787=IFCARBITRARYCLOSEDPROFILEDEF(.AREA.,$,#1786);
#1788=IFCAXIS2PLACEMENT3D(#10,$,$);
#1789=IFCEXTRUDEDAREASOLID(#1787,#1788,#49,3571.67114903007);
#1790=IFCCOLOURRGB($,0.92549019607843142,0.67843137254901964,0.30980392156862746);
#1791=IFCSURFACESTYLERENDERING(#1790,0.,$,$,$,$,IFCNORMALISEDRATIOMEASURE(0.5),IFCSPECULAREXPONENT(64.),.NOTDEFINED.);
#1792=IFCSURFACESTYLE('Tufelli_masonry_typeD',.BOTH.,(#1791));
#1793=IFCSTYLEDITEM(#1789,(#1792),$);
#1794=IFCCOLOURRGBLIST(((0.92549019607843142,0.67843137254901964,0.30980392156862746)));
#1795=IFCINDEXEDPOLYGONALFACEWITHVOIDS((1,2,3,4,5,6,7,8,9),((10,11,12,13)));
#1796=IFCINDEXEDPOLYGONALFACEWITHVOIDS((14,15,16,17,18),((19,20,21,22)));
#1797=IFCINDEXEDPOLYGONALFACE((4,3,2,1,14,18));
#1798=IFCINDEXEDPOLYGONALFACE((5,4,18,17));
#1799=IFCINDEXEDPOLYGONALFACE((1,9,15,14));
#1800=IFCINDEXEDPOLYGONALFACE((9,8,7,16,15));
#1801=IFCINDEXEDPOLYGONALFACE((7,6,5,17,16));
#1802=IFCINDEXEDPOLYGONALFACE((11,10,19,22));
#1803=IFCINDEXEDPOLYGONALFACE((12,11,22,21));
#1804=IFCINDEXEDPOLYGONALFACE((13,12,21,20));
#1805=IFCINDEXEDPOLYGONALFACE((10,13,20,19));
#1806=IFCCARTESIANPOINTLIST3D(((2.1657342585967854E-012,-250.00000000000057,1.0828671292983927E-012),(500.00000000000222,-250.00000000000057,1.0828671292983927E-012),(6712.0660127070732,-249.99999999999949,1.0828671292983927E-012),(7212.066012707076,-250.00000000000057,1.0828671292983927E-012),(7212.0660127070769,-249.99999999999949,2399.9999999998336),(6712.0660127070732,-249.99999999999949,2562.459848116287),(3606.0330063535357,-250.00000000000057,3571.67114903007),(500.0000000000033,-250.00000000000057,2562.4598481162893),(1.6243006939475892E-012,-249.99999999999949,2399.9999999998336),(900.00000000000057,-249.99999999999949,852.40978849991131),(900.00000000000057,-249.99999999999949,2352.4097884999123),(2100.0000000000018,-250.00000000000057,2352.4097884999123),(2100.0000000000018,-250.00000000000057,852.40978849991131),(5.4143356464919636E-013,249.99999999999838,1.0828671292983927E-012),(1.6243006939475892E-012,250.00000000000057,2399.9999999998336),(3606.0330063535353,249.99999999999949,3571.67114903007),(7212.0660127070723,249.99999999999838,2399.9999999998336),(7212.0660127070723,249.99999999999838,1.0828671292983927E-012),(900.00000000000057,250.00000000000057,852.40978849991131),(2100.,249.99999999999838,852.40978849991131),(2100.,249.99999999999838,2352.4097884999123),(900.00000000000057,250.00000000000057,2352.4097884999123)));
#1807=IFCPOLYGONALFACESET(#1806,.T.,(#1795,#1796,#1797,#1798,#1799,#1800,#1801,#1802,#1803,#1804,#1805),$);
#1808=IFCINDEXEDCOLOURMAP(#1807,1.,#1794,(1,1,1,1,1,1,1,1,1,1,1));
#1809=IFCSTYLEDITEM(#1807,(#1792),$);
#1810=IFCSHAPEREPRESENTATION(#15,'Body','Tessellation',(#1807));
#1811=IFCWALL('3c8HC29$17vfNgcUAdeh01',#6,'Basic Wall:Castelnuovo_typeD:1683106',$,$,#1747,#1751,'1683106',.NOTDEFINED.);
#1812=IFCQUANTITYLENGTH('Height',$,$,3571.67114903007,$);
#1813=IFCQUANTITYLENGTH('Length',$,$,7212.066012707076,$);
#1814=IFCQUANTITYLENGTH('Width',$,$,500.00000000000006,$);
#1815=IFCQUANTITYAREA('GrossFootprintArea',$,$,3.6060330063535373,$);
#1816=IFCQUANTITYVOLUME('GrossVolume',$,$,10.767021633245484,$);
#1817=IFCQUANTITYAREA('GrossSideArea',$,$,10.767021633245484,$);
#1818=IFCQUANTITYAREA('NetSideArea',$,$,19.734043266490971,$);
#1819=IFCQUANTITYVOLUME('NetVolume',$,$,9.8670216332454839,$);
#1820=IFCELEMENTQUANTITY('21LxREsxGzDLqgnEAW0YYo',#6,'Qto_WallBaseQuantities',$,'BaseQuantities',(#1812,#1813,#1814,#1815,#1816,#1817,#1818,#1819));
#1821=IFCRELDEFINESBYPROPERTIES('2GQCL3gmeP37$_OLFdsyzp',#6,$,$,(#1811),#1820);
#1822=IFCMATERIAL('Tufelli_masonry_typeD',$,$);
#1823=IFCWALLTYPE('2XlFkFcVPAPhI6yYNClphk',#6,'Basic Wall:Castelnuovo_typeD',$,$,(#1833),$,'1785632',$,.STANDARD.);
#1824=IFCPROPERTYSINGLEVALUE('Reference',$,IFCIDENTIFIER('Castelnuovo_typeD'),$);
#1825=IFCPROPERTYSET('14RBkdMWkRXVe9wLSpfn6T',#6,'Pset_EnvironmentalImpactIndicators',$,(#1824));
#1826=IFCPROPERTYSINGLEVALUE('Reference',$,IFCLABEL('Castelnuovo_typeD'),$);
#1827=IFCPROPERTYSET('3Go4efHtHrPTVUxFAtZvOl',#6,'Pset_ReinforcementBarPitchOfWall',$,(#1826));
#1828=IFCPROPERTYSET('0pa2xf4paLWf2WZQg2pVGr',#6,'Pset_WallCommon',$,(#84,#85,#86,#1824));
#1829=IFCRELDEFINESBYPROPERTIES('03Bdr1CHfQgSJjGQxa4arS',#6,$,$,(#1811),#1825);
#1830=IFCRELDEFINESBYPROPERTIES('1KFpS9csswIGmvEbrCRKp7',#6,$,$,(#1811),#1827);
#1831=IFCRELDEFINESBYPROPERTIES('1TjK1emuIA8jibI8fOSWZy',#6,$,$,(#1811),#1828);
#1832=IFCPROPERTYSINGLEVALUE('Description',$,IFCTEXT('Generic Wall (Material By Category), 200mm thick'),$);
#1833=IFCPROPERTYSET('3V6i_naQ7aUDxH_6RGP_nN',#6,'Pset_ReinforcementBarPitchOfWall',$,(#1832));
#1834=IFCCARTESIANPOINT((8553.2030039271267,3692.3549989006265,-0.));
#1835=IFCDIRECTION((-0.47236892736765773,0.88140092832803885,0.));
#1836=IFCAXIS2PLACEMENT3D(#1834,#49,#1835);
#1837=IFCLOCALPLACEMENT(#32,#1836);
#1838=IFCCARTESIANPOINTLIST3D(((0.,2.7071678232459818E-013,1.0828671292983927E-012),(4152.9704344299062,-5.4143356464919636E-013,1.0828671292983927E-012)));
#1839=IFCINDEXEDPOLYCURVE(#1838,$,.F.);
#1840=IFCSHAPEREPRESENTATION(#14,'Axis','Curve3D',(#1839));
#1841=IFCPRODUCTDEFINITIONSHAPE($,$,(#1840,#1882));
#1861=IFCCARTESIANPOINTLIST2D(((3.7223557569632251E-013,-250.00000000000099),(500.00000000000136,-250.00000000000094),(4152.9704344299053,-250.00000000000111),(4152.9704344299053,249.99999999999892),(1.0321077326125305E-012,249.99999999999901),(3.7223557569632251E-013,-250.00000000000099)));
#1862=IFCINDEXEDPOLYCURVE(#1861,$,.F.);
#1863=IFCARBITRARYCLOSEDPROFILEDEF(.AREA.,$,#1862);
#1864=IFCAXIS2PLACEMENT3D(#10,$,$);
#1865=IFCEXTRUDEDAREASOLID(#1863,#1864,#49,2562.4598481162893);
#1866=IFCSTYLEDITEM(#1865,(#1792),$);
#1867=IFCCOLOURRGBLIST(((0.92549019607843142,0.67843137254901964,0.30980392156862746)));
#1868=IFCINDEXEDPOLYGONALFACE((1,2,3,4,5,6,7,8,9,10));
#1869=IFCINDEXEDPOLYGONALFACE((11,12,13,14,15,16,17,18));
#1870=IFCINDEXEDPOLYGONALFACE((9,8,7,16,15));
#1871=IFCINDEXEDPOLYGONALFACE((4,3,11,18));
#1872=IFCINDEXEDPOLYGONALFACE((6,5,4,18,17));
#1873=IFCINDEXEDPOLYGONALFACE((13,12,2,1));
#1874=IFCINDEXEDPOLYGONALFACE((14,13,1,10));
#1875=IFCINDEXEDPOLYGONALFACE((15,14,10,9));
#1876=IFCINDEXEDPOLYGONALFACE((7,6,17,16));
#1877=IFCINDEXEDPOLYGONALFACE((3,2,12,11));
#1878=IFCCARTESIANPOINTLIST3D(((3152.9704344299089,-250.00000000000219,2200.0000000000023),(3152.9704344299089,-250.00000000000219,1.0828671292983927E-012),(4152.9704344299062,-250.00000000000111,1.0828671292983927E-012),(4152.9704344299062,-250.00000000000111,2562.4598481162893),(500.00000000000114,-250.00000000000111,2562.4598481162893),(5.4143356464919636E-013,-250.00000000000165,2562.4598481162893),(5.4143356464919636E-013,-250.00000000000165,1.0828671292983927E-012),(500.00000000000114,-250.00000000000111,1.0828671292983927E-012),(1752.97043442992,-250.00000000000057,1.0828671292983927E-012),(1752.97043442992,-250.00000000000057,2200.0000000000023),(4152.9704344299062,249.99999999999838,1.0828671292983927E-012),(3152.9704344299084,250.00000000000057,1.0828671292983927E-012),(3152.9704344299093,250.00000000000003,2200.0000000000023),(1752.9704344299196,250.00000000000028,2200.0000000000023),(1752.9704344299196,250.00000000000028,1.0828671292983927E-012),(2.7071678232459817E-012,249.9999999999992,1.0828671292983927E-012),(1.6243006939475892E-012,249.99999999999974,2399.9999999998336),(4152.9704344299062,249.99999999999838,2399.9999999998336)));
#1879=IFCPOLYGONALFACESET(#1878,.T.,(#1868,#1869,#1870,#1871,#1872,#1873,#1874,#1875,#1876,#1877),$);
#1880=IFCINDEXEDCOLOURMAP(#1879,1.,#1867,(1,1,1,1,1,1,1,1,1,1));
#1881=IFCSTYLEDITEM(#1879,(#1792),$);
#1882=IFCSHAPEREPRESENTATION(#15,'Body','Tessellation',(#1879));
#1883=IFCWALL('3c8HC29$17vfNgcUAdeh00',#6,'Basic Wall:Castelnuovo_typeD:1683107',$,$,#1837,#1841,'1683107',.NOTDEFINED.);
#1884=IFCAXIS2PLACEMENT3D(#10,$,$);
#1886=IFCCARTESIANPOINTLIST2D(((-249.99999999999881,-1100.),(250.00000000000077,-1100.),(250.00000000000077,1100.0000000000011),(-249.99999999999881,1100.0000000000011),(-249.99999999999881,-1100.)));
#1887=IFCINDEXEDPOLYCURVE(#1886,$,.F.);
#1888=IFCARBITRARYCLOSEDPROFILEDEF(.AREA.,'DoorV2',#1887);
#1889=IFCCARTESIANPOINT((250.,-2050.,1100.));
#1890=IFCAXIS2PLACEMENT3D(#1889,#146,#1561);
#1891=IFCEXTRUDEDAREASOLID(#1888,#1890,#49,1199.9999999999843);
#1892=IFCSHAPEREPRESENTATION(#15,'Body','SweptSolid',(#1891));
#1893=IFCPRODUCTDEFINITIONSHAPE($,$,(#1892));
#1894=IFCAXIS2PLACEMENT3D(#10,$,$);
#1895=IFCLOCALPLACEMENT(#1837,#1894);
#1896=IFCOPENINGELEMENT('2O1GjAkVz3fXA5GdjpI2$C',#6,'Basic Wall:Castelnuovo_typeD:1683107',$,$,#1895,#1893,'1765621',.OPENING.);
#1897=IFCQUANTITYLENGTH('Depth',$,$,1199.9999999999845,$);
#1898=IFCQUANTITYLENGTH('Height',$,$,2200.0000000000014,$);
#1899=IFCQUANTITYLENGTH('Width',$,$,500.00000000000006,$);
#1900=IFCQUANTITYAREA('Area',$,$,1.0999999999999996,$);
#1901=IFCQUANTITYVOLUME('Volume',$,$,1319.9999999999825,$);
#1902=IFCELEMENTQUANTITY('0TMiGVkK1t93sngRceli$s',#6,'Qto_OpeningElementBaseQuantities',$,'BaseQuantities',(#1897,#1898,#1899,#1900,#1901));
#1903=IFCRELDEFINESBYPROPERTIES('0rUAtoQzyXB15$_HxZsgHi',#6,$,$,(#1896),#1902);
#1904=IFCRELVOIDSELEMENT('2yrdEkdHHsqFzPll6DjZWN',#6,$,$,#1883,#1896);
#1905=IFCQUANTITYLENGTH('Height',$,$,2562.4598481162893,$);
#1906=IFCQUANTITYLENGTH('Length',$,$,4152.9704344299053,$);
#1907=IFCQUANTITYLENGTH('Width',$,$,500.00000000000006,$);
#1908=IFCQUANTITYAREA('GrossFootprintArea',$,$,2.0764852172149513,$);
#1909=IFCQUANTITYVOLUME('GrossVolume',$,$,3.7809099943203579,$);
#1910=IFCQUANTITYAREA('GrossSideArea',$,$,3.7809099943203579,$);
#1911=IFCQUANTITYAREA('NetSideArea',$,$,7.5618199886407158,$);
#1912=IFCQUANTITYVOLUME('NetVolume',$,$,3.6122372578179505,$);
#1913=IFCELEMENTQUANTITY('1Wao5Q6jD7D70KdJp3DXqC',#6,'Qto_WallBaseQuantities',$,'BaseQuantities',(#1905,#1906,#1907,#1908,#1909,#1910,#1911,#1912));
#1914=IFCRELDEFINESBYPROPERTIES('0gOEzJ0PunuBALz6NRTx5w',#6,$,$,(#1883),#1913);
#1915=IFCPROPERTYSET('2uZlAyF3HWevX0gaQK10U_',#6,'Pset_EnvironmentalImpactIndicators',$,(#1824));
#1916=IFCPROPERTYSINGLEVALUE('Reference',$,IFCLABEL('Castelnuovo_typeD'),$);
#1917=IFCPROPERTYSET('1EOugUa2KDSTp_8ko1O$IX',#6,'Pset_ReinforcementBarPitchOfWall',$,(#1916));
#1918=IFCPROPERTYSET('3t6lTvIWnYCBJx4dNN$Pob',#6,'Pset_WallCommon',$,(#84,#85,#86,#1824));
#1919=IFCPROPERTYSET('3gDDI56nkLGh$2hB6uxRnq',#6,'Pset_EnvironmentalImpactIndicators',$,(#403));
#1920=IFCPROPERTYSET('1H5ff$rSEA1ptKlMs$eVK_',#6,'Pset_OpeningElementCommon',$,(#403));
#1921=IFCRELDEFINESBYPROPERTIES('2gBdWTVOXfRD1p4YN$60dj',#6,$,$,(#1883),#1915);
#1922=IFCRELDEFINESBYPROPERTIES('2aMrrLUgbD3TLrv6niJQRb',#6,$,$,(#1883),#1917);
#1923=IFCRELDEFINESBYPROPERTIES('3z39JgWu0R2CeU2q_RzXUF',#6,$,$,(#1883),#1918);
#1924=IFCRELDEFINESBYPROPERTIES('0d_2OWLvJQrewmg2RlBDIj',#6,$,$,(#1896),#1919);
#1925=IFCRELDEFINESBYPROPERTIES('1PFduXzXC2HovDG3QRwGIq',#6,$,$,(#1896),#1920);
#1926=IFCCARTESIANPOINT((8655.4610041672204,4030.7974628245506,-0.));
#1927=IFCDIRECTION((0.88140092832803951,0.47236892736765623,0.));
#1928=IFCAXIS2PLACEMENT3D(#1926,#49,#1927);
#1929=IFCLOCALPLACEMENT(#32,#1928);
#1930=IFCCARTESIANPOINTLIST3D(((2.7071678232459818E-013,0.,1.0828671292983927E-012),(6712.0660127070723,-1.0828671292983927E-012,1.0828671292983927E-012)));
#1931=IFCINDEXEDPOLYCURVE(#1930,$,.F.);
#1932=IFCSHAPEREPRESENTATION(#14,'Axis','Curve3D',(#1931));
#1933=IFCPRODUCTDEFINITIONSHAPE($,$,(#1932,#1988));
#1966=IFCCARTESIANPOINTLIST2D(((1.7765788840051755E-012,-250.00000000000026),(6712.0660127070732,-249.99999999999949),(6712.0660127070732,249.99999999999892),(6.4295235802092064E-013,250.00000000000023),(1.7765788840051755E-012,-250.00000000000026)));
#1967=IFCINDEXEDPOLYCURVE(#1966,$,.F.);
#1968=IFCARBITRARYCLOSEDPROFILEDEF(.AREA.,$,#1967);
#1969=IFCAXIS2PLACEMENT3D(#10,$,$);
#1970=IFCEXTRUDEDAREASOLID(#1968,#1969,#49,3571.67114903007);
#1971=IFCSTYLEDITEM(#1970,(#1792),$);
#1972=IFCCOLOURRGBLIST(((0.92549019607843142,0.67843137254901964,0.30980392156862746)));
#1973=IFCINDEXEDPOLYGONALFACE((1,2,3,4,5,6,7,8,9));
#1974=IFCINDEXEDPOLYGONALFACE((10,11,12,13,14,15,16,17,18,19,20));
#1975=IFCINDEXEDPOLYGONALFACE((5,17,16,6));
#1976=IFCINDEXEDPOLYGONALFACE((1,11,10,2));
#1977=IFCINDEXEDPOLYGONALFACE((4,3,19,18));
#1978=IFCINDEXEDPOLYGONALFACE((2,10,20,19,3));
#1979=IFCINDEXEDPOLYGONALFACE((17,5,4,18));
#1980=IFCINDEXEDPOLYGONALFACE((8,14,13,9));
#1981=IFCINDEXEDPOLYGONALFACE((14,8,7,15));
#1982=IFCINDEXEDPOLYGONALFACE((15,7,6,16));
#1983=IFCINDEXEDPOLYGONALFACE((11,1,9,13,12));
#1984=IFCCARTESIANPOINTLIST3D(((6712.066012707076,-249.99999999999949,1.0828671292983927E-012),(6712.0660127070742,-250.00000000000057,2399.9999999998336),(3106.0330063535325,-250.00000000000057,3571.67114903007),(2.1657342585967854E-012,-250.00000000000057,2562.4598481162893),(1.8950174762721871E-012,-250.00000000000111,1.0828671292983927E-012),(600.00000000001603,-250.00000000000057,1.0828671292983927E-012),(600.00000000001603,-250.00000000000057,2200.0000000000023),(1800.0000000000014,-250.00000000000111,2200.0000000000023),(1800.0000000000014,-250.00000000000111,1.0828671292983927E-012),(6712.0660127070742,249.99999999999949,2399.9999999998336),(6712.0660127070723,250.00000000000057,1.0828671292983927E-012),(6212.0660127070742,249.99999999999949,1.0828671292983927E-012),(1799.9999999999989,249.99999999999949,1.0828671292983927E-012),(1799.9999999999989,249.99999999999949,2200.0000000000023),(600.00000000001546,249.99999999999949,2200.0000000000023),(600.00000000001546,249.99999999999949,1.0828671292983927E-012),(0.,249.99999999999949,1.0828671292983927E-012),(0.,249.99999999999949,2562.459848116287),(3106.0330063535339,249.99999999999949,3571.67114903007),(6212.0660127070742,249.99999999999949,2562.459848116287)));
#1985=IFCPOLYGONALFACESET(#1984,.T.,(#1973,#1974,#1975,#1976,#1977,#1978,#1979,#1980,#1981,#1982,#1983),$);
#1986=IFCINDEXEDCOLOURMAP(#1985,1.,#1972,(1,1,1,1,1,1,1,1,1,1,1));
#1987=IFCSTYLEDITEM(#1985,(#1792),$);
#1988=IFCSHAPEREPRESENTATION(#15,'Body','Tessellation',(#1985));
#1989=IFCWALL('3c8HC29$17vfNgcUAdeh07',#6,'Basic Wall:Castelnuovo_typeD:1683108',$,$,#1929,#1933,'1683108',.NOTDEFINED.);
#1990=IFCQUANTITYLENGTH('Height',$,$,3571.67114903007,$);
#1991=IFCQUANTITYLENGTH('Length',$,$,6712.0660127070732,$);
#1992=IFCQUANTITYLENGTH('Width',$,$,500.00000000000006,$);
#1993=IFCQUANTITYAREA('GrossFootprintArea',$,$,3.3560330063535293,$);
#1994=IFCQUANTITYVOLUME('GrossVolume',$,$,8.8267141522309807,$);
#1995=IFCQUANTITYAREA('GrossSideArea',$,$,8.8267141522309807,$);
#1996=IFCQUANTITYAREA('NetSideArea',$,$,17.653428304461965,$);
#1997=IFCQUANTITYVOLUME('NetVolume',$,$,8.8267141522309789,$);
#1998=IFCELEMENTQUANTITY('0nM7yvhBpS$w6kJcnik27m',#6,'Qto_WallBaseQuantities',$,'BaseQuantities',(#1990,#1991,#1992,#1993,#1994,#1995,#1996,#1997));
#1999=IFCRELDEFINESBYPROPERTIES('3pcjjk3fLudw_f2cuNemm1',#6,$,$,(#1989),#1998);
#2000=IFCPROPERTYSET('3KuTO1qGyyLKmYxrcACw1d',#6,'Pset_EnvironmentalImpactIndicators',$,(#1824));
#2001=IFCPROPERTYSINGLEVALUE('Reference',$,IFCLABEL('Castelnuovo_typeD'),$);
#2002=IFCPROPERTYSET('0avG3CdHWlJfV6BFi0WIUE',#6,'Pset_ReinforcementBarPitchOfWall',$,(#2001));
#2003=IFCPROPERTYSET('35BKKiUCNXYiGAZZpWW_oe',#6,'Pset_WallCommon',$,(#84,#85,#86,#1824));
#2004=IFCRELDEFINESBYPROPERTIES('0FBAMePPftVbW7eo5Q_MCc',#6,$,$,(#1989),#2000);
#2005=IFCRELDEFINESBYPROPERTIES('0u9VwuJ__gHVES1gTT00qI',#6,$,$,(#1989),#2002);
#2006=IFCRELDEFINESBYPROPERTIES('0omNvMHKt6aI8$1Km0J8KZ',#6,$,$,(#1989),#2003);
#2007=IFCCARTESIANPOINT((14233.039754842395,7303.6268859079883,0.));
#2008=IFCDIRECTION((-0.4723689273676574,0.88140092832803896,0.));
#2009=IFCAXIS2PLACEMENT3D(#2007,#49,#2008);
#2010=IFCLOCALPLACEMENT(#32,#2009);
#2011=IFCCARTESIANPOINTLIST3D(((0.,1.0828671292983927E-012,-1.0828671292983927E-012),(3652.9704344299057,-1.0828671292983927E-012,-1.0828671292983927E-012)));
#2012=IFCINDEXEDPOLYCURVE(#2011,$,.F.);
#2013=IFCSHAPEREPRESENTATION(#14,'Axis','Curve3D',(#2012));
#2014=IFCPRODUCTDEFINITIONSHAPE($,$,(#2013,#2054));
#2033=IFCCARTESIANPOINTLIST2D(((3652.9704344299057,250.0000000000019),(0.,250.00000000000074),(0.,-250.00000000000074),(3652.9704344299062,-249.99999999999949),(3652.9704344299057,250.0000000000019)));
#2034=IFCINDEXEDPOLYCURVE(#2033,$,.F.);
#2035=IFCARBITRARYCLOSEDPROFILEDEF(.AREA.,$,#2034);
#2036=IFCAXIS2PLACEMENT3D(#10,$,$);
#2037=IFCEXTRUDEDAREASOLID(#2035,#2036,#49,2562.4598481162852);
#2038=IFCSTYLEDITEM(#2037,(#1792),$);
#2039=IFCCOLOURRGBLIST(((0.92549019607843142,0.67843137254901964,0.30980392156862746)));
#2040=IFCINDEXEDPOLYGONALFACEWITHVOIDS((1,2,3,4),((5,6,7,8)));
#2041=IFCINDEXEDPOLYGONALFACEWITHVOIDS((9,10,11,12),((13,14,15,16)));
#2042=IFCINDEXEDPOLYGONALFACE((2,1,10,9));
#2043=IFCINDEXEDPOLYGONALFACE((2,9,12,3));
#2044=IFCINDEXEDPOLYGONALFACE((10,1,4,11));
#2045=IFCINDEXEDPOLYGONALFACE((4,3,12,11));
#2046=IFCINDEXEDPOLYGONALFACE((14,13,6,5));
#2047=IFCINDEXEDPOLYGONALFACE((15,14,5,8));
#2048=IFCINDEXEDPOLYGONALFACE((16,15,8,7));
#2049=IFCINDEXEDPOLYGONALFACE((13,16,7,6));
#2050=IFCCARTESIANPOINTLIST3D(((1.0828671292983927E-012,-249.9999999999973,-1.0828671292983927E-012),(3652.9704344299034,-249.99999999999949,-1.0828671292983927E-012),(3652.9704344299034,-249.99999999999949,2399.9999999998313),(1.0828671292983927E-012,-249.9999999999973,2399.9999999998313),(2100.0000000000032,-249.99999999999892,1504.296383365084),(2100.0000000000032,-249.99999999999892,404.29638336508401),(1100.0000000000055,-249.9999999999946,404.29638336508401),(1100.0000000000055,-249.9999999999946,1504.296383365084),(3652.9704344299043,250.00000000000057,-1.0828671292983927E-012),(1.0828671292983927E-012,250.00000000000273,-1.0828671292983927E-012),(1.0828671292983927E-012,250.00000000000273,2562.4598481162852),(3652.9704344299057,250.00000000000273,2562.4598481162852),(2100.0000000000045,250.00000000000381,404.29638336508401),(2100.0000000000045,250.00000000000381,1504.296383365084),(1100.0000000000023,249.99999999999676,1504.296383365084),(1100.0000000000023,249.99999999999676,404.29638336508401)));
#2051=IFCPOLYGONALFACESET(#2050,.T.,(#2040,#2041,#2042,#2043,#2044,#2045,#2046,#2047,#2048,#2049),$);
#2052=IFCINDEXEDCOLOURMAP(#2051,1.,#2039,(1,1,1,1,1,1,1,1,1,1));
#2053=IFCSTYLEDITEM(#2051,(#1792),$);
#2054=IFCSHAPEREPRESENTATION(#15,'Body','Tessellation',(#2051));
#2055=IFCWALL('3c8HC29$17vfNgcUAdeh06',#6,'Basic Wall:Castelnuovo_typeD:1683109',$,$,#2010,#2014,'1683109',.NOTDEFINED.);
#2056=IFCQUANTITYLENGTH('Height',$,$,2562.4598481162852,$);
#2057=IFCQUANTITYLENGTH('Length',$,$,3652.9704344299066,$);
#2058=IFCQUANTITYLENGTH('Width',$,$,500.00000000000006,$);
#2059=IFCQUANTITYAREA('GrossFootprintArea',$,$,1.8264852172149577,$);
#2060=IFCQUANTITYVOLUME('GrossVolume',$,$,4.6802950322912684,$);
#2061=IFCQUANTITYAREA('GrossSideArea',$,$,4.6802950322912684,$);
#2062=IFCQUANTITYAREA('NetSideArea',$,$,8.2605900645825425,$);
#2063=IFCQUANTITYVOLUME('NetVolume',$,$,3.981929776803419,$);
#2064=IFCELEMENTQUANTITY('1vJ4MD48rwJnq3IKm2$Ccm',#6,'Qto_WallBaseQuantities',$,'BaseQuantities',(#2056,#2057,#2058,#2059,#2060,#2061,#2062,#2063));
#2065=IFCRELDEFINESBYPROPERTIES('3qFwc5gM1g8_PxUas8VRrs',#6,$,$,(#2055),#2064);
#2066=IFCPROPERTYSET('08CynUK0ODsBd5Sr4vzGkW',#6,'Pset_EnvironmentalImpactIndicators',$,(#1824));
#2067=IFCPROPERTYSINGLEVALUE('Reference',$,IFCLABEL('Castelnuovo_typeD'),$);
#2068=IFCPROPERTYSET('22vxEFwMEFiT$sSE3ZWG65',#6,'Pset_ReinforcementBarPitchOfWall',$,(#2067));
#2069=IFCPROPERTYSET('2yFw_2NMc6FDZpNGrFzVuB',#6,'Pset_WallCommon',$,(#84,#85,#86,#1824));
#2070=IFCRELDEFINESBYPROPERTIES('1UhJ$BRmz2Ex3Kxr9MEAm7',#6,$,$,(#2055),#2066);
#2071=IFCRELDEFINESBYPROPERTIES('1kVDEmfbqDG2Z4LtRNVxqG',#6,$,$,(#2055),#2068);
#2072=IFCRELDEFINESBYPROPERTIES('28cHAs33A0$n3FF02$5YjO',#6,$,$,(#2055),#2069);
#2073=IFCAXIS2PLACEMENT3D(#10,$,$);
#2074=IFCLOCALPLACEMENT(#28,#2073);
#2075=IFCCARTESIANPOINTLIST2D(((-1953.0182446701508,-2736.3924318030986),(-882.32725177661519,-2736.3924318030986),(-882.3272517766153,-1763.6075681969016),(917.67274822339562,-1763.6075681969032),(917.67274822338425,1236.392431803097),(1917.6727482233778,1236.3924318030972),(1917.6727482233753,3263.6075681969073),(-1953.018244670156,3263.6075681969064),(-1953.0182446701508,-2736.3924318030986)));
#2076=IFCINDEXEDPOLYCURVE(#2075,$,.F.);
#2077=IFCARBITRARYCLOSEDPROFILEDEF(.AREA.,$,#2076);
#2078=IFCCARTESIANPOINT((17326.067009027058,-14500.019952822762,-0.));
#2079=IFCAXIS2PLACEMENT3D(#2078,#1408,#146);
#2080=IFCEXTRUDEDAREASOLID(#2077,#2079,#49,100.);
#2081=IFCCOLOURRGB($,0.44313725490196076,0.33725490196078434,0.24313725490196078);
#2082=IFCSURFACESTYLERENDERING(#2081,0.,$,$,$,$,IFCNORMALISEDRATIOMEASURE(0.5),IFCSPECULAREXPONENT(64.),.NOTDEFINED.);
#2083=IFCSURFACESTYLE('Timber_beams_assembly',.BOTH.,(#2082));
#2084=IFCSTYLEDITEM(#2080,(#2083),$);
#2085=IFCSHAPEREPRESENTATION(#15,'Body','SweptSolid',(#2080));
#2086=IFCCARTESIANPOINTLIST2D(((14589.674577223956,-16453.038197492908),(14589.674577223959,-15382.347204599371),(15562.459440830155,-15382.347204599373),(15562.459440830156,-13582.347204599362),(18562.459440830156,-13582.34720459938),(18562.45944083016,-12582.347204599386),(20589.67457722397,-12582.347204599393),(20589.674577223963,-16453.038197492922),(14589.674577223956,-16453.038197492908)));
#2087=IFCINDEXEDPOLYCURVE(#2086,$,.F.);
#2088=IFCSHAPEREPRESENTATION(#17,'FootPrint','Curve2D',(#2087));
#2089=IFCPRODUCTDEFINITIONSHAPE($,$,(#2085,#2088));
#2090=IFCSLAB('2ZoDGSMBbEOf6SBMxlu$bS',#6,'Floor:Historic_timber_floor:1686129',$,$,#2074,#2089,'1686129',.FLOOR.);
#2091=IFCSLABTYPE('3GK1LrCGz5JRM7wkxRTYEk',#6,'Floor:Historic_timber_floor',$,$,(#2111),$,'1789223',$,.FLOOR.);
#2092=IFCMATERIAL('Timber_beams_assembly',$,$);
#2093=IFCPROPERTYSINGLEVALUE('Reference',$,IFCIDENTIFIER('Historic_timber_floor'),$);
#2094=IFCPROPERTYSET('0RfPwpSIfh89TfALZdbbP0',#6,'Pset_EnvironmentalImpactIndicators',$,(#2093));
#2095=IFCPROPERTYSINGLEVALUE('Reference',$,IFCLABEL('Historic_timber_floor'),$);
#2096=IFCPROPERTYSET('38CCtaGoQNBtopkdMjudlP',#6,'Pset_ReinforcementBarPitchOfSlab',$,(#2095));
#2097=IFCPROPERTYSINGLEVALUE('PitchAngle',$,IFCPLANEANGLEMEASURE(0.),$);
#2098=IFCPROPERTYSET('2QMgfuSCO6gV62oIwN7sDA',#6,'Pset_SlabCommon',$,(#85,#1425,#2093,#2097));
#2099=IFCRELDEFINESBYPROPERTIES('34MI6Lon0pkix3yNS4bXRh',#6,$,$,(#2090),#2094);
#2100=IFCRELDEFINESBYPROPERTIES('0Vhb9hB65HammonGplgGnv',#6,$,$,(#2090),#2096);
#2101=IFCRELDEFINESBYPROPERTIES('1yLmcyTavu9Mb28kD20md9',#6,$,$,(#2090),#2098);
#2102=IFCQUANTITYLENGTH('Depth','',$,100.,$);
#2103=IFCQUANTITYLENGTH('Perimeter','',$,19741.381985787084,$);
#2104=IFCQUANTITYAREA('GrossArea','',$,17.500348339263901,$);
#2105=IFCQUANTITYAREA('NetArea','',$,17.500348339263901,$);
#2106=IFCQUANTITYVOLUME('GrossVolume','',$,1.7500348339263905,$);
#2107=IFCQUANTITYVOLUME('NetVolume','',$,1.75003483392639,$);
#2108=IFCELEMENTQUANTITY('0z1_0Gl74vxHbTT5cxmFKc',#6,'Qto_SlabBaseQuantities',$,'BaseQuantities',(#2102,#2103,#2104,#2105,#2106,#2107));
#2109=IFCRELDEFINESBYPROPERTIES('0hAWHFspN2KdV5p_Tkj0oX',#6,$,$,(#2090),#2108);
#2110=IFCPROPERTYSINGLEVALUE('Description',$,IFCTEXT('Generic Floor (Material By Category), 300mm thick'),$);
#2111=IFCPROPERTYSET('3mMIxP8Rr$9o0mLK_bsu8x',#6,'Pset_ReinforcementBarPitchOfSlab',$,(#2110));
#2112=IFCCARTESIANPOINT((19750.273584565075,-7693.8507991891329,-0.));
#2113=IFCAXIS2PLACEMENT3D(#2112,#49,#146);
#2114=IFCLOCALPLACEMENT(#28,#2113);
#2115=IFCPRODUCTDEFINITIONSHAPE($,$,(#2124));
#2116=IFCCARTESIANPOINTLIST2D(((-929.14485474026401,-3281.6607854815393),(-418.71037076310182,-3281.6607854815388),(937.9139165763022,3324.3613453165876),(409.94130892706323,3238.9602256464891),(-929.14485474026401,-3281.6607854815393)));
#2117=IFCINDEXEDPOLYCURVE(#2116,$,.F.);
#2118=IFCARBITRARYCLOSEDPROFILEDEF(.AREA.,'Castelnuovo',#2117);
#2119=IFCCARTESIANPOINT((3405.3712070697907,-666.8951805278341,0.));
#2120=IFCDIRECTION((0.32556815445715881,-0.94551857559931607,0.));
#2121=IFCAXIS2PLACEMENT3D(#2119,#49,#2120);
#2122=IFCEXTRUDEDAREASOLID(#2118,#2121,#49,3500.0000000001919);
#2123=IFCSTYLEDITEM(#2122,(#64),$);
#2124=IFCSHAPEREPRESENTATION(#15,'Body','SweptSolid',(#2122));
#2125=IFCWALL('2XzZEtRJH75fftbZbcqwY_',#6,'Castelnuovo1:Castelnuovo:1689217',$,$,#2114,#2115,'1689217',.NOTDEFINED.);
#2126=IFCCARTESIANPOINTLIST2D(((-750.00000000000057,-499.99999999999852),(749.99999999999955,-499.9999999999996),(749.99999999999955,500.00000000000131),(-750.00000000000057,500.00000000000131),(-750.00000000000057,-499.99999999999852)));
#2127=IFCINDEXEDPOLYCURVE(#2126,$,.F.);
#2128=IFCARBITRARYCLOSEDPROFILEDEF(.AREA.,$,#2127);
#2129=IFCCARTESIANPOINT((1683.5124160122175,-618.10773636945896,1065.5953809424052));
#2130=IFCDIRECTION((0.12870878250531792,-0.99168243369840869,0.));
#2131=IFCAXIS2PLACEMENT3D(#2129,#2130,#49);
#2132=IFCEXTRUDEDAREASOLID(#2128,#2131,#49,590.00000000001251);
#2133=IFCSHAPEREPRESENTATION(#15,'Body','SweptSolid',(#2132));
#2134=IFCPRODUCTDEFINITIONSHAPE($,$,(#2133));
#2135=IFCAXIS2PLACEMENT3D(#10,$,$);
#2136=IFCLOCALPLACEMENT(#2114,#2135);
#2137=IFCOPENINGELEMENT('23$c4ODFZtBAJM9PKKF0vp',#6,'Castelnuovo',$,$,#2136,#2134,'1702342',.OPENING.);
#2138=IFCQUANTITYLENGTH('Height',$,$,1000.0000000000009,$);
#2139=IFCQUANTITYLENGTH('Width',$,$,1500.,$);
#2140=IFCQUANTITYAREA('Area',$,$,1500000.0000000014,$);
#2141=IFCELEMENTQUANTITY('0wxfKFOyEQcaRqKsee7nuf',#6,'Qto_OpeningElementBaseQuantities',$,'BaseQuantities',(#2138,#2139,#2140));
#2142=IFCRELDEFINESBYPROPERTIES('3nZockQUnI1q_7kXzTicDi',#6,$,$,(#2137),#2141);
#2143=IFCRELVOIDSELEMENT('2fZi9lFxkKjQE0_aBfpGZO',#6,$,$,#2125,#2137);
#2144=IFCCARTESIANPOINTLIST2D(((-750.00000000000057,-499.99999999999864),(749.99999999999955,-499.9999999999996),(749.99999999999955,500.00000000000068),(-750.00000000000057,500.00000000000068),(-750.00000000000057,-499.99999999999864)));
#2145=IFCINDEXEDPOLYCURVE(#2144,$,.F.);
#2146=IFCARBITRARYCLOSEDPROFILEDEF(.AREA.,$,#2145);
#2147=IFCCARTESIANPOINT((1753.0151585650724,-1153.6162505666102,1065.5953809424052));
#2148=IFCDIRECTION((-0.12870878250531753,0.99168243369840881,0.));
#2149=IFCAXIS2PLACEMENT3D(#2147,#2148,#49);
#2150=IFCEXTRUDEDAREASOLID(#2146,#2149,#49,590.00000000000739);
#2151=IFCSHAPEREPRESENTATION(#15,'Body','SweptSolid',(#2150));
#2152=IFCPRODUCTDEFINITIONSHAPE($,$,(#2151));
#2153=IFCAXIS2PLACEMENT3D(#10,$,$);
#2154=IFCLOCALPLACEMENT(#2114,#2153);
#2155=IFCOPENINGELEMENT('2SpeLs7Khgd6bqIO3r1OWM',#6,'Castelnuovo',$,$,#2154,#2152,'1702352',.OPENING.);
#2156=IFCQUANTITYLENGTH('Height',$,$,1000.0000000000009,$);
#2157=IFCQUANTITYLENGTH('Width',$,$,1500.,$);
#2158=IFCQUANTITYAREA('Area',$,$,1500000.0000000014,$);
#2159=IFCELEMENTQUANTITY('0S$BIp7BgCjRkyLZ$QumYV',#6,'Qto_OpeningElementBaseQuantities',$,'BaseQuantities',(#2156,#2157,#2158));
#2160=IFCRELDEFINESBYPROPERTIES('0luHyKwx91sHWPEPn$GVkR',#6,$,$,(#2155),#2159);
#2161=IFCRELVOIDSELEMENT('1u7_3IcB24xewHSm6eQchg',#6,$,$,#2125,#2155);
#2162=IFCCARTESIANPOINTLIST2D(((-750.00000000000057,-499.9999999999996),(749.99999999999955,-500.00000000000131),(749.99999999999955,499.9999999999996),(-750.00000000000057,499.9999999999996),(-750.00000000000057,-499.9999999999996)));
#2163=IFCINDEXEDPOLYCURVE(#2162,$,.F.);
#2164=IFCARBITRARYCLOSEDPROFILEDEF(.AREA.,$,#2163);
#2165=IFCCARTESIANPOINT((1683.5124160122152,-618.10773636945896,1065.5953809424052));
#2166=IFCDIRECTION((0.12870878250531792,-0.99168243369840869,0.));
#2167=IFCAXIS2PLACEMENT3D(#2165,#2166,#49);
#2168=IFCEXTRUDEDAREASOLID(#2164,#2167,#49,590.00000000001251);
#2169=IFCSHAPEREPRESENTATION(#15,'Body','SweptSolid',(#2168));
#2170=IFCPRODUCTDEFINITIONSHAPE($,$,(#2169));
#2171=IFCAXIS2PLACEMENT3D(#10,$,$);
#2172=IFCLOCALPLACEMENT(#2114,#2171);
#2173=IFCOPENINGELEMENT('30IW1TDhZOvs4Fzdl9tJru',#6,'Castelnuovo',$,$,#2172,#2170,'1702389',.OPENING.);
#2174=IFCQUANTITYLENGTH('Height',$,$,1000.0000000000009,$);
#2175=IFCQUANTITYLENGTH('Width',$,$,1500.,$);
#2176=IFCQUANTITYAREA('Area',$,$,1500000.0000000014,$);
#2177=IFCELEMENTQUANTITY('2jbRQ$8vMjflunPh1FcPfG',#6,'Qto_OpeningElementBaseQuantities',$,'BaseQuantities',(#2174,#2175,#2176));
#2178=IFCRELDEFINESBYPROPERTIES('0Gyy9aqk1ZcVM4btzKN99b',#6,$,$,(#2173),#2177);
#2179=IFCRELVOIDSELEMENT('01x_fKU5nPjZ9bda$Xwr19',#6,$,$,#2125,#2173);
#2180=IFCCARTESIANPOINTLIST2D(((-499.99999999999949,-600.00000000003376),(499.99999999999949,-600.00000000003274),(1100.0000000000309,5.3693015507731942E-013),(499.99999999999841,600.00000000003297),(-500.00000000000006,600.00000000003297)));
#2181=IFCINDEXEDPOLYCURVE(#2180,(IFCLINEINDEX((1,2)),IFCARCINDEX((2,3,4)),IFCLINEINDEX((4,5,1))),.F.);
#2182=IFCARBITRARYCLOSEDPROFILEDEF(.AREA.,$,#2181);
#2183=IFCCARTESIANPOINT((5024.7295542918719,-184.4568262186568,741.98859677615667));
#2184=IFCDIRECTION((0.12870878250532231,-0.99168243369840814,0.));
#2185=IFCAXIS2PLACEMENT3D(#2183,#2184,#49);
#2186=IFCEXTRUDEDAREASOLID(#2182,#2185,#49,590.00000000001512);
#2187=IFCSHAPEREPRESENTATION(#15,'Body','SweptSolid',(#2186));
#2188=IFCPRODUCTDEFINITIONSHAPE($,$,(#2187));
#2189=IFCAXIS2PLACEMENT3D(#10,$,$);
#2190=IFCLOCALPLACEMENT(#2114,#2189);
#2191=IFCOPENINGELEMENT('2l6uuZeXQAwFyvJPcxyLs5',#6,'Castelnuovo',$,$,#2190,#2188,'1702440',.OPENING.);
#2192=IFCQUANTITYAREA('Area',$,$,1.7655075587591462,$);
#2193=IFCELEMENTQUANTITY('3F8mfNsnFkqxaLGtgFlHCn',#6,'Qto_OpeningElementBaseQuantities',$,'BaseQuantities',(#2192));
#2194=IFCRELDEFINESBYPROPERTIES('1aaJ$L26n48KRDDiHVS2Fo',#6,$,$,(#2191),#2193);
#2195=IFCRELVOIDSELEMENT('0NnYTagpkkk6SG4NaCoIZk',#6,$,$,#2125,#2191);
#2196=IFCWALLTYPE('2XzZEtRJH75fftbZbcqwX0',#6,'Castelnuovo1:Castelnuovo',$,$,$,$,'1689215',$,.NOTDEFINED.);
#2197=IFCPROPERTYSET('3yOwtJVi_zG9DektUQPG6V',#6,'Pset_EnvironmentalImpactIndicators',$,(#1421));
#2198=IFCPROPERTYSINGLEVALUE('Reference',$,IFCLABEL('Castelnuovo'),$);
#2199=IFCPROPERTYSET('24GP1j3j8jseAexgbpT807',#6,'Pset_ReinforcementBarPitchOfWall',$,(#2198));
#2200=IFCPROPERTYSET('18xarsRn9KiE2oHMF2BT_S',#6,'Pset_WallCommon',$,(#1421,#1425));
#2201=IFCPROPERTYSET('2yJ6iF47dzO8kknNfLBSz7',#6,'Pset_EnvironmentalImpactIndicators',$,(#1427));
#2202=IFCPROPERTYSET('2fBICoL5ioX1HKeDQYsER$',#6,'Pset_OpeningElementCommon',$,(#1427));
#2203=IFCPROPERTYSET('0aO2srwFNDwiTv$Oel7JgY',#6,'Pset_EnvironmentalImpactIndicators',$,(#1427));
#2204=IFCPROPERTYSET('1KxVPtXdCREH7uxZ5Cx_8E',#6,'Pset_OpeningElementCommon',$,(#1427));
#2205=IFCPROPERTYSET('0WqxJjRNv7zRfEo2SCpZAz',#6,'Pset_EnvironmentalImpactIndicators',$,(#1427));
#2206=IFCPROPERTYSET('0XdOk3Zvu10kJNg$yKZPPy',#6,'Pset_OpeningElementCommon',$,(#1427));
#2207=IFCPROPERTYSINGLEVALUE('Reference',$,IFCIDENTIFIER('StoneWindowArch'),$);
#2208=IFCPROPERTYSET('2jAW_6q8CWiB3nj6mlBGkd',#6,'Pset_EnvironmentalImpactIndicators',$,(#2207));
#2209=IFCPROPERTYSET('1PX12hetc0FVol1TvCQT56',#6,'Pset_OpeningElementCommon',$,(#2207));
#2210=IFCRELDEFINESBYPROPERTIES('23MMtoZITwNlWmX$x$vC0p',#6,$,$,(#2125),#2197);
#2211=IFCRELDEFINESBYPROPERTIES('1qGPxODPqnpwVPA4MQbFYD',#6,$,$,(#2125),#2199);
#2212=IFCRELDEFINESBYPROPERTIES('1DzRItqCRqw8eOPbRBOMB3',#6,$,$,(#2125),#2200);
#2213=IFCRELDEFINESBYPROPERTIES('347krxhNv8yjw3ByH1BluW',#6,$,$,(#2137),#2201);
#2214=IFCRELDEFINESBYPROPERTIES('0arp_lV2pxUN3tOihfvY9U',#6,$,$,(#2137),#2202);
#2215=IFCRELDEFINESBYPROPERTIES('0n6Zo72Q6FATi1TPl6L1Tm',#6,$,$,(#2155),#2203);
#2216=IFCRELDEFINESBYPROPERTIES('1TcI2xydYiSSdW4fUveQEC',#6,$,$,(#2155),#2204);
#2217=IFCRELDEFINESBYPROPERTIES('1LQBxPRXLbYIp9MWHQObPd',#6,$,$,(#2173),#2205);
#2218=IFCRELDEFINESBYPROPERTIES('0hYOeHHI6EovEynfgfbpoc',#6,$,$,(#2173),#2206);
#2219=IFCRELDEFINESBYPROPERTIES('3YcFkQSEFH1vQ0pza8gP9e',#6,$,$,(#2191),#2208);
#2220=IFCRELDEFINESBYPROPERTIES('2a1ygt0sRIYb$75kMkokhK',#6,$,$,(#2191),#2209);
#2221=IFCQUANTITYVOLUME('NetVolume','',$,10.092768453924887,$);
#2222=IFCELEMENTQUANTITY('3o6lAancTJpYHHT$KPimov',#6,'Qto_WallBaseQuantities',$,'BaseQuantities',(#2221));
#2223=IFCRELDEFINESBYPROPERTIES('1p8glPd7wdVGtb8qalZsBn',#6,$,$,(#2125),#2222);
#2224=IFCCARTESIANPOINT((19750.273584565075,-7693.8507991891329,-0.));
#2225=IFCAXIS2PLACEMENT3D(#2224,#49,#146);
#2226=IFCLOCALPLACEMENT(#32,#2225);
#2227=IFCPRODUCTDEFINITIONSHAPE($,$,(#2236));
#2228=IFCCARTESIANPOINTLIST2D(((-929.14485474026401,-3281.6607854815393),(-418.71037076310182,-3281.6607854815388),(937.9139165763022,3324.3613453165876),(409.94130892706323,3238.9602256464891),(-929.14485474026401,-3281.6607854815393)));
#2229=IFCINDEXEDPOLYCURVE(#2228,$,.F.);
#2230=IFCARBITRARYCLOSEDPROFILEDEF(.AREA.,'Castelnuovo',#2229);
#2231=IFCCARTESIANPOINT((3405.3712070697907,-666.8951805278341,0.));
#2232=IFCDIRECTION((0.32556815445715881,-0.94551857559931607,0.));
#2233=IFCAXIS2PLACEMENT3D(#2231,#49,#2232);
#2234=IFCEXTRUDEDAREASOLID(#2230,#2233,#49,2399.9999999998549);
#2235=IFCSTYLEDITEM(#2234,(#64),$);
#2236=IFCSHAPEREPRESENTATION(#15,'Body','SweptSolid',(#2234));
#2237=IFCWALL('2XzZEtRJH75fftbZbcqwZb',#6,'Castelnuovo4:Castelnuovo:1689306',$,$,#2226,#2227,'1689306',.NOTDEFINED.);
#2238=IFCCARTESIANPOINTLIST2D(((-749.99999999999955,-599.99999999999966),(750.00000000000057,-600.00000000000068),(750.00000000000057,599.99999999999966),(-749.99999999999955,599.99999999999966),(-749.99999999999955,-599.99999999999966)));
#2239=IFCINDEXEDPOLYCURVE(#2238,$,.F.);
#2240=IFCARBITRARYCLOSEDPROFILEDEF(.AREA.,$,#2239);
#2241=IFCCARTESIANPOINT((1704.023346842605,-615.4456574160323,1250.));
#2242=IFCDIRECTION((0.12870878250531792,-0.99168243369840869,0.));
#2243=IFCAXIS2PLACEMENT3D(#2241,#2242,#49);
#2244=IFCEXTRUDEDAREASOLID(#2240,#2243,#49,590.0000000000075);
#2245=IFCSHAPEREPRESENTATION(#15,'Body','SweptSolid',(#2244));
#2246=IFCPRODUCTDEFINITIONSHAPE($,$,(#2245));
#2247=IFCAXIS2PLACEMENT3D(#10,$,$);
#2248=IFCLOCALPLACEMENT(#2226,#2247);
#2249=IFCOPENINGELEMENT('0dYmTN_p_ZZlQmlH7OXf5Z',#6,'Castelnuovo',$,$,#2248,#2246,'1702400',.OPENING.);
#2250=IFCQUANTITYLENGTH('Height',$,$,1200.0000000000009,$);
#2251=IFCQUANTITYLENGTH('Width',$,$,1500.,$);
#2252=IFCQUANTITYAREA('Area',$,$,1800000.0000000014,$);
#2253=IFCELEMENTQUANTITY('0v3bHptQYUKfoET7KzwwmV',#6,'Qto_OpeningElementBaseQuantities',$,'BaseQuantities',(#2250,#2251,#2252));
#2254=IFCRELDEFINESBYPROPERTIES('3xBeuWdas89ipVKzvzMXbG',#6,$,$,(#2249),#2253);
#2255=IFCRELVOIDSELEMENT('14bkFKSXJTS97P1SzP5y8o',#6,$,$,#2237,#2249);
#2256=IFCCARTESIANPOINTLIST2D(((-749.99999999999955,-599.99999999999966),(750.00000000000057,-600.),(750.00000000000057,600.00000000000023),(-749.99999999999955,600.00000000000023),(-749.99999999999955,-599.99999999999966)));
#2257=IFCINDEXEDPOLYCURVE(#2256,$,.F.);
#2258=IFCARBITRARYCLOSEDPROFILEDEF(.AREA.,$,#2257);
#2259=IFCCARTESIANPOINT((4845.8280355309089,-207.67615116141766,1250.));
#2260=IFCDIRECTION((0.12870878250531792,-0.99168243369840869,0.));
#2261=IFCAXIS2PLACEMENT3D(#2259,#2260,#49);
#2262=IFCEXTRUDEDAREASOLID(#2258,#2261,#49,590.00000000001251);
#2263=IFCSHAPEREPRESENTATION(#15,'Body','SweptSolid',(#2262));
#2264=IFCPRODUCTDEFINITIONSHAPE($,$,(#2263));
#2265=IFCAXIS2PLACEMENT3D(#10,$,$);
#2266=IFCLOCALPLACEMENT(#2226,#2265);
#2267=IFCOPENINGELEMENT('2$NLJu2Cxb7IuASzEOSsBW',#6,'Castelnuovo',$,$,#2266,#2264,'1702403',.OPENING.);
#2268=IFCQUANTITYLENGTH('Height',$,$,1200.0000000000005,$);
#2269=IFCQUANTITYLENGTH('Width',$,$,1500.,$);
#2270=IFCQUANTITYAREA('Area',$,$,1800000.0000000007,$);
#2271=IFCELEMENTQUANTITY('1bfEcCNto4EnM7x3VgKplq',#6,'Qto_OpeningElementBaseQuantities',$,'BaseQuantities',(#2268,#2269,#2270));
#2272=IFCRELDEFINESBYPROPERTIES('2h7e0fsCYzEV9NWSRu$z1Q',#6,$,$,(#2267),#2271);
#2273=IFCRELVOIDSELEMENT('1nOA$DhmxJ2E2Hu0Q9KntY',#6,$,$,#2237,#2267);
#2274=IFCWALLTYPE('2XzZEtRJH75fftbZbcqwZd',#6,'Castelnuovo4:Castelnuovo',$,$,$,$,'1689304',$,.NOTDEFINED.);
#2275=IFCPROPERTYSET('3by9hFH0YhWDXRpv_tAynp',#6,'Pset_EnvironmentalImpactIndicators',$,(#1421));
#2276=IFCPROPERTYSINGLEVALUE('Reference',$,IFCLABEL('Castelnuovo'),$);
#2277=IFCPROPERTYSET('1pBAk7NNc6Jolw8ZNn9Hxn',#6,'Pset_ReinforcementBarPitchOfWall',$,(#2276));
#2278=IFCPROPERTYSET('352dHiNt23Mk2E3QahvvOM',#6,'Pset_WallCommon',$,(#1421,#1425));
#2279=IFCPROPERTYSET('3Rrw6mz171DY6Jhd28N5b8',#6,'Pset_EnvironmentalImpactIndicators',$,(#1427));
#2280=IFCPROPERTYSET('29Fue3IPR_5qvjtIE7A6wD',#6,'Pset_OpeningElementCommon',$,(#1427));
#2281=IFCPROPERTYSET('3ZOJj2$wq_qRQOBo4MwzmY',#6,'Pset_EnvironmentalImpactIndicators',$,(#1427));
#2282=IFCPROPERTYSET('3uiCEr7uwrkBhb6Gd90vha',#6,'Pset_OpeningElementCommon',$,(#1427));
#2283=IFCRELDEFINESBYPROPERTIES('0V_JUyy7sRCJNIg__I5cX5',#6,$,$,(#2237),#2275);
#2284=IFCRELDEFINESBYPROPERTIES('3qeKhVr_P2ew9GJwmKsKG6',#6,$,$,(#2237),#2277);
#2285=IFCRELDEFINESBYPROPERTIES('0i_DVrRP0Yn_eLFciU6HqE',#6,$,$,(#2237),#2278);
#2286=IFCRELDEFINESBYPROPERTIES('1Lpge1gKVbGpggE4CABPs0',#6,$,$,(#2249),#2279);
#2287=IFCRELDEFINESBYPROPERTIES('1qAMNnkzRqO6gVGkvsIYfZ',#6,$,$,(#2249),#2280);
#2288=IFCRELDEFINESBYPROPERTIES('3QI_XdF3cqk6lijUFp9k49',#6,$,$,(#2267),#2281);
#2289=IFCRELDEFINESBYPROPERTIES('3OihEjEt8juOmVF3W8yojo',#6,$,$,(#2267),#2282);
#2290=IFCQUANTITYVOLUME('NetVolume','',$,6.240349582201218,$);
#2291=IFCELEMENTQUANTITY('25G3LRgANOgZw8GP8pAWqC',#6,'Qto_WallBaseQuantities',$,'BaseQuantities',(#2290));
#2292=IFCRELDEFINESBYPROPERTIES('2RbrSbeUUp8b8nsNN7Rdyp',#6,$,$,(#2237),#2291);
#2293=IFCCARTESIANPOINT((8914.6440133858068,2030.6101604381226,-1500.));
#2294=IFCAXIS2PLACEMENT3D(#2293,$,$);
#2295=IFCLOCALPLACEMENT(#24,#2294);
#2296=IFCPRODUCTDEFINITIONSHAPE($,$,(#2308));
#2297=IFCCARTESIANPOINTLIST2D(((-91.007186015032275,-4781.2798324199512),(424.93912782199465,-4781.2798324199484),(89.558199743286877,4822.773370301049),(-423.49014155025247,4739.7862945388488),(-91.007186015032275,-4781.2798324199512)));
#2298=IFCINDEXEDPOLYCURVE(#2297,$,.F.);
#2299=IFCARBITRARYCLOSEDPROFILEDEF(.AREA.,'Castelnuovo_wall',#2298);
#2300=IFCCARTESIANPOINT((4589.1791053322931,1943.5412718532832,0.));
#2301=IFCDIRECTION((-0.32556815445715609,0.94551857559931707,0.));
#2302=IFCAXIS2PLACEMENT3D(#2300,#49,#2301);
#2303=IFCEXTRUDEDAREASOLID(#2299,#2302,#49,5599.9999999999454);
#2304=IFCCOLOURRGB($,1.,1.,0.);
#2305=IFCSURFACESTYLERENDERING(#2304,0.,$,$,$,$,IFCNORMALISEDRATIOMEASURE(0.5),IFCSPECULAREXPONENT(64.),.NOTDEFINED.);
#2306=IFCSURFACESTYLE('Tufelli_masonry_typeB',.BOTH.,(#2305));
#2307=IFCSTYLEDITEM(#2303,(#2306),$);
#2308=IFCSHAPEREPRESENTATION(#15,'Body','SweptSolid',(#2303));
#2309=IFCWALL('2XzZEtRJH75fftbZbcqwO2',#6,'Castelnuovo_wall:Castelnuovo_wall:1689661',$,$,#2295,#2296,'1689661',.NOTDEFINED.);
#2310=IFCWALLTYPE('2XzZEtRJH75fftbZbcqwO4',#6,'Castelnuovo_wall:Castelnuovo_wall',$,$,$,$,'1689659',$,.NOTDEFINED.);
#2311=IFCMATERIAL('Tufelli_masonry_typeB',$,$);
#2312=IFCPROPERTYSINGLEVALUE('Reference',$,IFCIDENTIFIER('Castelnuovo_wall'),$);
#2313=IFCPROPERTYSET('259QB4bkLy4eYjxvsoguUf',#6,'Pset_EnvironmentalImpactIndicators',$,(#2312));
#2314=IFCPROPERTYSINGLEVALUE('Reference',$,IFCLABEL('Castelnuovo_wall'),$);
#2315=IFCPROPERTYSET('0GRTnFvPpuTQqpziR_wNuJ',#6,'Pset_ReinforcementBarPitchOfWall',$,(#2314));
#2316=IFCPROPERTYSET('3sIoGRt8N0Seur_cje9djQ',#6,'Pset_WallCommon',$,(#1425,#2312));
#2317=IFCRELDEFINESBYPROPERTIES('3QXl3JdOomu5T4qZpPW9TH',#6,$,$,(#2309),#2313);
#2318=IFCRELDEFINESBYPROPERTIES('2BQTIhgW47v2VbVCEEECe$',#6,$,$,(#2309),#2315);
#2319=IFCRELDEFINESBYPROPERTIES('0vQbZEFCPYI$D7R0SbiLba',#6,$,$,(#2309),#2316);
#2320=IFCQUANTITYVOLUME('NetVolume','',$,27.629097495556081,$);
#2321=IFCELEMENTQUANTITY('0lcXHKHL2cvja8jZGBf3nM',#6,'Qto_WallBaseQuantities',$,'BaseQuantities',(#2320));
#2322=IFCRELDEFINESBYPROPERTIES('1sNrRu2xugEtvDXUMSwvw$',#6,$,$,(#2309),#2321);
#2323=IFCCARTESIANPOINT((8914.644013385805,2030.6101604381215,-0.));
#2324=IFCAXIS2PLACEMENT3D(#2323,$,$);
#2325=IFCLOCALPLACEMENT(#28,#2324);
#2326=IFCPRODUCTDEFINITIONSHAPE($,$,(#2335));
#2327=IFCCARTESIANPOINTLIST2D(((-91.007186015034705,-4781.2798324199512),(424.93912782199192,-4781.2798324199512),(89.558199743291212,4822.7733703010508),(-423.49014155024815,4739.786294538847),(-91.007186015034705,-4781.2798324199512)));
#2328=IFCINDEXEDPOLYCURVE(#2327,$,.F.);
#2329=IFCARBITRARYCLOSEDPROFILEDEF(.AREA.,'Castelnuovo_wall',#2328);
#2330=IFCCARTESIANPOINT((4589.1791053322959,1943.5412718532821,0.));
#2331=IFCDIRECTION((-0.3255681544571567,0.94551857559931685,0.));
#2332=IFCAXIS2PLACEMENT3D(#2330,#49,#2331);
#2333=IFCEXTRUDEDAREASOLID(#2329,#2332,#49,3500.000000000322);
#2334=IFCSTYLEDITEM(#2333,(#2306),$);
#2335=IFCSHAPEREPRESENTATION(#15,'Body','SweptSolid',(#2333));
#2336=IFCWALL('2XzZEtRJH75fftbZbcqwH8',#6,'Castelnuovo_wall1:Castelnuovo_wall:1690231',$,$,#2325,#2326,'1690231',.NOTDEFINED.);
#2337=IFCCARTESIANPOINTLIST2D(((-699.99999999999454,-1100.0000000000007),(699.99999999999454,-1100.),(699.99999999999454,1100.0000000000011),(-699.99999999999454,1100.0000000000011),(-699.99999999999454,-1100.0000000000007)));
#2338=IFCINDEXEDPOLYCURVE(#2337,$,.F.);
#2339=IFCARBITRARYCLOSEDPROFILEDEF(.AREA.,$,#2338);
#2340=IFCCARTESIANPOINT((2019.0607975687146,658.7142969397197,1227.5230160273079));
#2341=IFCDIRECTION((-0.35836794954530005,0.93358042649720185,0.));
#2342=IFCDIRECTION((-0.93358042649720185,-0.35836794954530005,0.));
#2343=IFCAXIS2PLACEMENT3D(#2340,#2341,#2342);
#2344=IFCEXTRUDEDAREASOLID(#2339,#2343,#49,608.44577567399006);
#2345=IFCSHAPEREPRESENTATION(#15,'Body','SweptSolid',(#2344));
#2346=IFCPRODUCTDEFINITIONSHAPE($,$,(#2345));
#2347=IFCAXIS2PLACEMENT3D(#10,$,$);
#2348=IFCLOCALPLACEMENT(#2325,#2347);
#2349=IFCOPENINGELEMENT('0BEMjRp5Z8kJ4ZP_zM$WI_',#6,'Castelnuovo_wall',$,$,#2348,#2346,'1727402',.OPENING.);
#2350=IFCQUANTITYLENGTH('Height',$,$,2200.0000000000014,$);
#2351=IFCQUANTITYLENGTH('Width',$,$,1399.9999999999852,$);
#2352=IFCQUANTITYAREA('Area',$,$,3079999.9999999693,$);
#2353=IFCELEMENTQUANTITY('1B2zzgylH1BH_IUeSS1ngl',#6,'Qto_OpeningElementBaseQuantities',$,'BaseQuantities',(#2350,#2351,#2352));
#2354=IFCRELDEFINESBYPROPERTIES('2E0GUZdX6ng63o_qjDNPxz',#6,$,$,(#2349),#2353);
#2355=IFCRELVOIDSELEMENT('2jDIBQgeXtlc6A0R8JkrIp',#6,$,$,#2336,#2349);
#2356=IFCWALLTYPE('2XzZEtRJH75fftbZbcqwHA',#6,'Castelnuovo_wall1:Castelnuovo_wall',$,$,$,$,'1690229',$,.NOTDEFINED.);
#2357=IFCPROPERTYSET('0gMp9DFsPrAOAgYRRbosos',#6,'Pset_EnvironmentalImpactIndicators',$,(#2312));
#2358=IFCPROPERTYSINGLEVALUE('Reference',$,IFCLABEL('Castelnuovo_wall'),$);
#2359=IFCPROPERTYSET('2e5cMDGX5TSkjNiexRZOrK',#6,'Pset_ReinforcementBarPitchOfWall',$,(#2358));
#2360=IFCPROPERTYSET('3UGulm_9jI6fPiVap6DN4E',#6,'Pset_WallCommon',$,(#1425,#2312));
#2361=IFCPROPERTYSET('23V8TQwdsoafRoYkcO0PU2',#6,'Pset_EnvironmentalImpactIndicators',$,(#403));
#2362=IFCPROPERTYSET('2cEIrhK4lmIOsU7sOXQS$g',#6,'Pset_OpeningElementCommon',$,(#403));
#2363=IFCRELDEFINESBYPROPERTIES('3vc6eWZz3feQ8TbazLTqm2',#6,$,$,(#2336),#2357);
#2364=IFCRELDEFINESBYPROPERTIES('2aDo9_8JYS7X6M08RmeFoP',#6,$,$,(#2336),#2359);
#2365=IFCRELDEFINESBYPROPERTIES('22BEZo6YX9deY160rYJF6l',#6,$,$,(#2336),#2360);
#2366=IFCRELDEFINESBYPROPERTIES('3tTqTQtwjwi8fxR8EJwvke',#6,$,$,(#2349),#2361);
#2367=IFCRELDEFINESBYPROPERTIES('3wMhA4nbRORLW1mYIbSwyO',#6,$,$,(#2349),#2362);
#2368=IFCQUANTITYVOLUME('NetVolume','',$,15.680039333812536,$);
#2369=IFCELEMENTQUANTITY('0TpIBct_kM2dMeR20rXJ2w',#6,'Qto_WallBaseQuantities',$,'BaseQuantities',(#2368));
#2370=IFCRELDEFINESBYPROPERTIES('1W9te83N7eiogyNggde_mO',#6,$,$,(#2336),#2369);
#2371=IFCCARTESIANPOINT((8914.644013385805,2030.6101604381222,0.));
#2372=IFCAXIS2PLACEMENT3D(#2371,$,$);
#2373=IFCLOCALPLACEMENT(#32,#2372);
#2374=IFCPRODUCTDEFINITIONSHAPE($,$,(#2386));
#2375=IFCCOLOURRGBLIST(((1.,1.,0.)));
#2376=IFCINDEXEDPOLYGONALFACE((1,2,3,4));
#2377=IFCINDEXEDPOLYGONALFACE((1,4,5,6));
#2378=IFCINDEXEDPOLYGONALFACE((4,3,7,5));
#2379=IFCINDEXEDPOLYGONALFACE((3,2,8,7));
#2380=IFCINDEXEDPOLYGONALFACE((2,1,6,8));
#2381=IFCINDEXEDPOLYGONALFACE((6,5,7,8));
#2382=IFCCARTESIANPOINTLIST3D(((9139.5970436170028,3414.1247379472325,0.),(245.49802329007434,4.5474735088646412E-013,0.),(3.637978807091713E-012,458.07878777376504,0.),(8971.6213544221064,3901.9615616921355,0.),(8971.6213544221064,3901.9615616921365,2402.8609983533033),(9139.5970436170028,3414.1247379472306,2570.3999954771907),(3.637978807091713E-012,458.07878777376504,2402.8609983533033),(245.49802329007434,1.3642420526593924E-012,2570.3999954771907)));
#2383=IFCPOLYGONALFACESET(#2382,.T.,(#2376,#2377,#2378,#2379,#2380,#2381),$);
#2384=IFCINDEXEDCOLOURMAP(#2383,1.,#2375,(1,1,1,1,1,1));
#2385=IFCSTYLEDITEM(#2383,(#2306),$);
#2386=IFCSHAPEREPRESENTATION(#15,'Body','Tessellation',(#2383));
#2387=IFCWALL('2XzZEtRJH75fftbZbcqwJ5',#6,'Castelnuovo_wall2:Castelnuovo_wall:1690362',$,$,#2373,#2374,'1690362',.NOTDEFINED.);
#2388=IFCWALLTYPE('2XzZEtRJH75fftbZbcqwJ7',#6,'Castelnuovo_wall2:Castelnuovo_wall',$,$,$,$,'1690360',$,.NOTDEFINED.);
#2389=IFCPROPERTYSET('2PL1N_fTZWlIcm2uLsZywy',#6,'Pset_EnvironmentalImpactIndicators',$,(#2312));
#2390=IFCPROPERTYSINGLEVALUE('Reference',$,IFCLABEL('Castelnuovo_wall'),$);
#2391=IFCPROPERTYSET('3AcuZK8ZAeF$cuQsrnbIpi',#6,'Pset_ReinforcementBarPitchOfWall',$,(#2390));
#2392=IFCPROPERTYSET('3mMXoGm2HX3kD9DxWCFHxF',#6,'Pset_WallCommon',$,(#1425,#2312));
#2393=IFCRELDEFINESBYPROPERTIES('3dHVuMwvJlW_BzGcC0Cu1F',#6,$,$,(#2387),#2389);
#2394=IFCRELDEFINESBYPROPERTIES('2jyHPNreepxBwQ6FDAMOBE',#6,$,$,(#2387),#2391);
#2395=IFCRELDEFINESBYPROPERTIES('35naxpXx8Pok6NwV6aFiKv',#6,$,$,(#2387),#2392);
#2396=IFCQUANTITYVOLUME('NetVolume','',$,12.267858714825776,$);
#2397=IFCELEMENTQUANTITY('0UuueZEHJ9YP6xSuX0MXPP',#6,'Qto_WallBaseQuantities',$,'BaseQuantities',(#2396));
#2398=IFCRELDEFINESBYPROPERTIES('00VnXqJ8QWqJArE1ySBGGS',#6,$,$,(#2387),#2397);
#2399=IFCCARTESIANPOINT((9160.1420366758812,-2616.6401398325165,-0.));
#2400=IFCAXIS2PLACEMENT3D(#2399,#49,#146);
#2401=IFCLOCALPLACEMENT(#32,#2400);
#2402=IFCPRODUCTDEFINITIONSHAPE($,$,(#2455));
#2403=IFCCOLOURRGBLIST(((1.,1.,0.)));
#2404=IFCINDEXEDPOLYGONALFACE((1,2,3,4));
#2405=IFCINDEXEDPOLYGONALFACE((5,6,7,8));
#2406=IFCINDEXEDPOLYGONALFACE((2,1,6,5));
#2407=IFCINDEXEDPOLYGONALFACEWITHVOIDS((3,2,5,8,9,10,11,12),((13,14,15,16)));
#2408=IFCINDEXEDPOLYGONALFACE((4,3,12,17));
#2409=IFCINDEXEDPOLYGONALFACEWITHVOIDS((1,4,17,18,19,20,7,6),((21,22,23,24)));
#2410=IFCINDEXEDPOLYGONALFACE((10,19,18,11));
#2411=IFCINDEXEDPOLYGONALFACE((20,9,8,7));
#2412=IFCINDEXEDPOLYGONALFACE((19,10,9,20));
#2413=IFCINDEXEDPOLYGONALFACE((13,22,21,14));
#2414=IFCINDEXEDPOLYGONALFACE((14,21,24,15));
#2415=IFCINDEXEDPOLYGONALFACE((15,24,23,16));
#2416=IFCINDEXEDPOLYGONALFACE((22,13,16,23));
#2417=IFCINDEXEDPOLYGONALFACE((17,12,11,18));
#2418=IFCCARTESIANPOINTLIST3D(((4825.5364397563762,-464.45127236076587,2215.8072539634722),(4647.2503002706408,-1.8189894035458565E-012,2215.8072539634722),(0.,-2490.5994184871743,2215.8072539634722),(158.13251601315642,-2965.8516160527415,2215.8072539634722),(4647.2503002706408,-1.8189894035458565E-012,9.0949470177292824E-013),(4825.5364397563762,-464.45127236076587,9.0949470177292824E-013),(1928.9122076159815,-2016.8382026977415,9.0949470177292824E-013),(1695.7581724182296,-1581.792264744292,9.0949470177292824E-013),(1695.7581724182321,-1581.792264744292,1870.3804430777236),(666.10506816732573,-2133.613934978297,1870.3804430777236),(666.105068167323,-2133.6139349782989,9.0949470177292824E-013),(0.,-2490.5994184871743,9.0949470177292824E-013),(3926.3167119070035,-386.36971540822378,562.26688816406204),(3926.3167119070058,-386.36971540822378,1670.1705151457936),(2956.7756907461635,-905.97553551264718,1670.1705151457991),(2956.7756907461608,-905.97553551264718,562.26688816406386),(158.13251601315642,-2965.8516160527415,9.0949470177292824E-013),(899.25910336507536,-2568.6598729317466,9.0949470177292824E-013),(899.25910336507741,-2568.6598729317429,1870.3804430777236),(1928.9122076159845,-2016.8382026977397,1870.3804430777236),(4159.4707471047577,-821.4156533616715,1670.1705151457936),(4159.4707471047559,-821.4156533616715,562.26688816406204),(3189.9297259439136,-1341.0214734660949,562.26688816406386),(3189.9297259439154,-1341.0214734660949,1670.1705151457991)));
#2419=IFCPOLYGONALFACESET(#2418,.T.,(#2404,#2405,#2406,#2407,#2408,#2409,#2410,#2411,#2412,#2413,#2414,#2415,#2416,#2417),$);
#2420=IFCINDEXEDCOLOURMAP(#2419,1.,#2403,(1,1,1,1,1,1,1,1,1,1,1,1,1,1));
#2421=IFCSTYLEDITEM(#2419,(#2306),$);
#2422=IFCCOLOURRGBLIST(((1.,0.50196078431372548,0.25098039215686274)));
#2423=IFCINDEXEDPOLYGONALFACE((1,2,3,4,5,6,7,8));
#2424=IFCINDEXEDPOLYGONALFACE((9,10,11,12,13,14,15,16));
#2425=IFCINDEXEDPOLYGONALFACE((2,1,9,16));
#2426=IFCINDEXEDPOLYGONALFACE((3,2,16,15));
#2427=IFCINDEXEDPOLYGONALFACE((4,3,15,14));
#2428=IFCINDEXEDPOLYGONALFACE((5,4,14,13));
#2429=IFCINDEXEDPOLYGONALFACE((6,5,13,12));
#2430=IFCINDEXEDPOLYGONALFACE((7,6,12,11));
#2431=IFCINDEXEDPOLYGONALFACE((8,7,11,10));
#2432=IFCINDEXEDPOLYGONALFACE((1,8,10,9));
#2433=IFCCARTESIANPOINTLIST3D(((1697.0306241766937,-1584.1665533483574,9.0949470177292824E-013),(1520.7504385110853,-1678.6403388218896,-9.0949470177292824E-013),(1520.7504385110885,-1678.6403388218878,1670.3804430777218),(843.6577055913981,-2041.5144381088267,1670.3804430777236),(843.6577055913956,-2041.5144381088303,9.0949470177292824E-013),(667.37751992578728,-2135.9882235823625,-9.0949470177292824E-013),(667.37751992579024,-2135.9882235823588,1870.3804430777236),(1697.0306241766971,-1584.1665533483556,1870.3804430777236),(1929.7797748258863,-2018.457010582626,9.0949470177292824E-013),(1929.7797748258899,-2018.4570105826242,1870.3804430777236),(900.12667057498265,-2570.2786808166275,1870.3804430777236),(900.12667057498129,-2570.2786808166275,-9.0949470177292824E-013),(1076.4068562405885,-2475.8048953430989,9.0949470177292824E-013),(1076.4068562405912,-2475.8048953430953,1670.3804430777236),(1753.4995891602812,-2112.9307960561564,1670.3804430777218),(1753.499589160278,-2112.9307960561582,-9.0949470177292824E-013)));
#2434=IFCPOLYGONALFACESET(#2433,.T.,(#2423,#2424,#2425,#2426,#2427,#2428,#2429,#2430,#2431,#2432),$);
#2435=IFCINDEXEDCOLOURMAP(#2434,1.,#2422,(1,1,1,1,1,1,1,1,1,1));
#2436=IFCCOLOURRGB($,1.,0.50196078431372548,0.25098039215686274);
#2437=IFCSURFACESTYLERENDERING(#2436,0.,$,$,$,$,IFCNORMALISEDRATIOMEASURE(0.5),IFCSPECULAREXPONENT(64.),.NOTDEFINED.);
#2438=IFCSURFACESTYLE('Bricks',.BOTH.,(#2437));
#2439=IFCSTYLEDITEM(#2434,(#2438),$);
#2440=IFCCOLOURRGBLIST(((1.,0.50196078431372548,0.25098039215686274)));
#2441=IFCINDEXEDPOLYGONALFACEWITHVOIDS((1,2,3,4),((5,6,7,8)));
#2442=IFCINDEXEDPOLYGONALFACEWITHVOIDS((9,10,11,12),((13,14,15,16)));
#2443=IFCINDEXEDPOLYGONALFACE((2,1,9,12));
#2444=IFCINDEXEDPOLYGONALFACE((3,2,12,11));
#2445=IFCINDEXEDPOLYGONALFACE((4,3,11,10));
#2446=IFCINDEXEDPOLYGONALFACE((1,4,10,9));
#2447=IFCINDEXEDPOLYGONALFACE((6,5,13,16));
#2448=IFCINDEXEDPOLYGONALFACE((7,6,16,15));
#2449=IFCINDEXEDPOLYGONALFACE((8,7,15,14));
#2450=IFCINDEXEDPOLYGONALFACE((5,8,14,13));
#2451=IFCCARTESIANPOINTLIST3D(((3927.5891636654715,-388.74400401229104,1670.1705151457954),(3927.5891636654696,-388.74400401229286,562.26688816406204),(2958.0481425046287,-908.34982411671444,562.26688816406386),(2958.0481425046301,-908.34982411671444,1670.1705151457991),(3751.3089779998627,-483.21778948582323,762.26688816406204),(3751.3089779998645,-483.21778948582323,1470.1705151457954),(3134.3283281702379,-813.87603864318226,1470.1705151457973),(3134.3283281702361,-813.87603864318407,762.26688816406386),(4160.3383143146621,-823.0344612465542,1670.1705151457954),(3190.7972931538193,-1342.6402813509776,1670.1705151457991),(3190.7972931538184,-1342.6402813509776,562.26688816406386),(4160.3383143146602,-823.0344612465542,562.26688816406204),(3984.0581286490524,-917.50824672008639,762.26688816406204),(3367.0774788194262,-1248.1664958774454,762.26688816406386),(3367.0774788194276,-1248.1664958774454,1470.1705151457973),(3984.0581286490537,-917.50824672008639,1470.1705151457954)));
#2452=IFCPOLYGONALFACESET(#2451,.T.,(#2441,#2442,#2443,#2444,#2445,#2446,#2447,#2448,#2449,#2450),$);
#2453=IFCINDEXEDCOLOURMAP(#2452,1.,#2440,(1,1,1,1,1,1,1,1,1,1));
#2454=IFCSTYLEDITEM(#2452,(#2438),$);
#2455=IFCSHAPEREPRESENTATION(#15,'Body','Tessellation',(#2419,#2434,#2452));
#2456=IFCWALL('2XzZEtRJH75fftbZbcqwNS',#6,'Castelnuovo_wall3:Castelnuovo_wall3:1690595',$,$,#2401,#2402,'1690595',.NOTDEFINED.);
#2457=IFCWALLTYPE('2XzZEtRJH75fftbZbcqwNU',#6,'Castelnuovo_wall3:Castelnuovo_wall3',$,$,$,$,'1690593',$,.NOTDEFINED.);
#2458=IFCPROPERTYSINGLEVALUE('Reference',$,IFCIDENTIFIER('Castelnuovo_wall3'),$);
#2459=IFCPROPERTYSET('2dRqC5VfH_jKeZTYqIAGvB',#6,'Pset_EnvironmentalImpactIndicators',$,(#2458));
#2460=IFCPROPERTYSINGLEVALUE('Reference',$,IFCLABEL('Castelnuovo_wall3'),$);
#2461=IFCPROPERTYSET('1wGI1pPyRWIdS5JBiiGRJT',#6,'Pset_ReinforcementBarPitchOfWall',$,(#2460));
#2462=IFCPROPERTYSET('1FD6tqRJSQlHfuyKVU5gW_',#6,'Pset_WallCommon',$,(#1425,#2458));
#2463=IFCRELDEFINESBYPROPERTIES('1gzH8A_J4tJ8FmirVwBkWC',#6,$,$,(#2456),#2459);
#2464=IFCRELDEFINESBYPROPERTIES('26HoCe8GDAuKKn01dqrQ0u',#6,$,$,(#2456),#2461);
#2465=IFCRELDEFINESBYPROPERTIES('2_pm3c56xBpKXoy5_ge5CG',#6,$,$,(#2456),#2462);
#2466=IFCQUANTITYVOLUME('NetVolume','',$,4.8997135227076196,$);
#2467=IFCELEMENTQUANTITY('2LsMcbC0oFumhBx8lLh2eh',#6,'Qto_WallBaseQuantities',$,'BaseQuantities',(#2466));
#2468=IFCRELDEFINESBYPROPERTIES('2aTBqFx6xg$rt0gb5IkyLy',#6,$,$,(#2456),#2467);
#2469=IFCCARTESIANPOINT((9160.1420366758812,-2616.6401398325165,0.));
#2470=IFCAXIS2PLACEMENT3D(#2469,#49,#146);
#2471=IFCLOCALPLACEMENT(#28,#2470);
#2472=IFCPRODUCTDEFINITIONSHAPE($,$,(#2481));
#2473=IFCCARTESIANPOINTLIST2D(((81.842605427670136,-2621.2378955078962),(579.33726060525419,-2621.2378955078975),(-80.412045607926231,2609.8950285999808),(-580.7678204249944,2632.5807624158128),(81.842605427670136,-2621.2378955078962)));
#2474=IFCINDEXEDPOLYCURVE(#2473,$,.F.);
#2475=IFCARBITRARYCLOSEDPROFILEDEF(.AREA.,'Castelnuovo_wall3',#2474);
#2476=IFCCARTESIANPOINT((2407.7298140100434,-1480.2255767251715,0.));
#2477=IFCDIRECTION((-0.35836794954529816,0.93358042649720263,0.));
#2478=IFCAXIS2PLACEMENT3D(#2476,#49,#2477);
#2479=IFCEXTRUDEDAREASOLID(#2475,#2478,#49,3500.0000000001678);
#2480=IFCSTYLEDITEM(#2479,(#2306),$);
#2481=IFCSHAPEREPRESENTATION(#15,'Body','SweptSolid',(#2479));
#2482=IFCWALL('2XzZEtRJH75fftbZbcqwCR',#6,'Castelnuovo_wall4:Castelnuovo_wall3:1690916',$,$,#2471,#2472,'1690916',.NOTDEFINED.);
#2483=IFCWALLTYPE('2XzZEtRJH75fftbZbcqwCT',#6,'Castelnuovo_wall4:Castelnuovo_wall3',$,$,$,$,'1690914',$,.NOTDEFINED.);
#2484=IFCPROPERTYSET('27mFwoZyrwsQjEFFkdvoY5',#6,'Pset_EnvironmentalImpactIndicators',$,(#2458));
#2485=IFCPROPERTYSINGLEVALUE('Reference',$,IFCLABEL('Castelnuovo_wall3'),$);
#2486=IFCPROPERTYSET('1L0XdohYsIpn1tEUK_gUo6',#6,'Pset_ReinforcementBarPitchOfWall',$,(#2485));
#2487=IFCPROPERTYSET('0yf$PHpUYRk35N45vy1TVQ',#6,'Pset_WallCommon',$,(#1425,#2458));
#2488=IFCRELDEFINESBYPROPERTIES('3piqVbpsDSJYRD$DdEMJOc',#6,$,$,(#2482),#2484);
#2489=IFCRELDEFINESBYPROPERTIES('3ocPuMyug8TNq$4IJTf7HF',#6,$,$,(#2482),#2486);
#2490=IFCRELDEFINESBYPROPERTIES('3fHcODkLfwjvi0$1Zkbvv7',#6,$,$,(#2482),#2487);
#2491=IFCQUANTITYVOLUME('NetVolume','',$,9.1283629007492291,$);
#2492=IFCELEMENTQUANTITY('2Xb_kt0NxZqTBuX17ZvAl4',#6,'Qto_WallBaseQuantities',$,'BaseQuantities',(#2491));
#2493=IFCRELDEFINESBYPROPERTIES('1v0r8oLfPWMVnzMdmabBdm',#6,$,$,(#2482),#2492);
#2494=IFCCARTESIANPOINT((9160.1420366758812,-2616.6401398325165,-1500.));
#2495=IFCAXIS2PLACEMENT3D(#2494,#49,#146);
#2496=IFCLOCALPLACEMENT(#24,#2495);
#2497=IFCPRODUCTDEFINITIONSHAPE($,$,(#2506));
#2498=IFCCARTESIANPOINTLIST2D(((81.842605427670136,-2621.2378955078962),(579.33726060525419,-2621.2378955078975),(-80.412045607926231,2609.8950285999808),(-580.7678204249944,2632.5807624158128),(81.842605427670136,-2621.2378955078962)));
#2499=IFCINDEXEDPOLYCURVE(#2498,$,.F.);
#2500=IFCARBITRARYCLOSEDPROFILEDEF(.AREA.,'Castelnuovo_wall3',#2499);
#2501=IFCCARTESIANPOINT((2407.7298140100434,-1480.2255767251715,0.));
#2502=IFCDIRECTION((-0.35836794954529816,0.93358042649720263,0.));
#2503=IFCAXIS2PLACEMENT3D(#2501,#49,#2502);
#2504=IFCEXTRUDEDAREASOLID(#2500,#2503,#49,5599.9999999999782);
#2505=IFCSTYLEDITEM(#2504,(#2306),$);
#2506=IFCSHAPEREPRESENTATION(#15,'Body','SweptSolid',(#2504));
#2507=IFCWALL('2XzZEtRJH75fftbZbcqwCB',#6,'Castelnuovo_wall5:Castelnuovo_wall3:1690932',$,$,#2496,#2497,'1690932',.NOTDEFINED.);
#2508=IFCWALLTYPE('2XzZEtRJH75fftbZbcqwCD',#6,'Castelnuovo_wall5:Castelnuovo_wall3',$,$,$,$,'1690930',$,.NOTDEFINED.);
#2509=IFCPROPERTYSET('1tAJMAfxNIdhjvrtL93vev',#6,'Pset_EnvironmentalImpactIndicators',$,(#2458));
#2510=IFCPROPERTYSINGLEVALUE('Reference',$,IFCLABEL('Castelnuovo_wall3'),$);
#2511=IFCPROPERTYSET('2lOtlZcfLttYddmP6JyKUb',#6,'Pset_ReinforcementBarPitchOfWall',$,(#2510));
#2512=IFCPROPERTYSET('0h6WGZ5oPQZO0Li4ybhH1I',#6,'Pset_WallCommon',$,(#1425,#2458));
#2513=IFCRELDEFINESBYPROPERTIES('07mL6iuGpkEqtPT$FlyePy',#6,$,$,(#2507),#2509);
#2514=IFCRELDEFINESBYPROPERTIES('1bgMbaIoJ7UBqbVUdmkOH_',#6,$,$,(#2507),#2511);
#2515=IFCRELDEFINESBYPROPERTIES('0NAEM9imIVbEJImA0rYBmi',#6,$,$,(#2507),#2512);
#2516=IFCQUANTITYVOLUME('NetVolume','',$,14.605380641198009,$);
#2517=IFCELEMENTQUANTITY('1QD4fNxh2LP6Dva9tH9LEd',#6,'Qto_WallBaseQuantities',$,'BaseQuantities',(#2516));
#2518=IFCRELDEFINESBYPROPERTIES('0r8x_rz5g_eJGIRqHbi3Ie',#6,$,$,(#2507),#2517);
#2519=IFCCARTESIANPOINTLIST2D(((-250.0000000004849,-842.49999999999795),(250.00000000048496,-842.49999999999795),(250.0000000004849,842.49999999999795),(-250.00000000048496,842.49999999999795),(-250.0000000004849,-842.49999999999795)));
#2520=IFCINDEXEDPOLYCURVE(#2519,$,.F.);
#2521=IFCARBITRARYCLOSEDPROFILEDEF(.AREA.,'Arch1',#2520);
#2522=IFCCARTESIANPOINT((842.49999999999716,250.,2000.));
#2523=IFCAXIS2PLACEMENT3D(#2522,#49,#146);
#2524=IFCEXTRUDEDAREASOLID(#2521,#2523,#49,200.);
#2525=IFCCARTESIANPOINTLIST2D(((-250.00000000048493,-99.999999999998522),(250.00000000048493,-99.999999999998522),(250.00000000048493,99.999999999998522),(-250.00000000048493,99.999999999998522),(-250.00000000048493,-99.999999999998522)));
#2526=IFCINDEXEDPOLYCURVE(#2525,$,.F.);
#2527=IFCARBITRARYCLOSEDPROFILEDEF(.AREA.,'Arch1',#2526);
#2528=IFCCARTESIANPOINT((1385.,250.,0.));
#2529=IFCAXIS2PLACEMENT3D(#2528,#49,#146);
#2530=IFCEXTRUDEDAREASOLID(#2527,#2529,#49,2000.0000000000002);
#2531=IFCCARTESIANPOINTLIST2D(((-250.00000000048493,-100.00000000000021),(250.00000000048493,-100.00000000000021),(250.00000000048493,100.00000000000021),(-250.00000000048493,100.00000000000021),(-250.00000000048493,-100.00000000000021)));
#2532=IFCINDEXEDPOLYCURVE(#2531,$,.F.);
#2533=IFCARBITRARYCLOSEDPROFILEDEF(.AREA.,'Arch1',#2532);
#2534=IFCCARTESIANPOINT((285.,250.,0.));
#2535=IFCAXIS2PLACEMENT3D(#2534,#49,#146);
#2536=IFCEXTRUDEDAREASOLID(#2533,#2535,#49,2000.0000000000002);
#2537=IFCCARTESIANPOINTLIST2D(((-650.00000000001342,-1.3535839116229909E-012),(3.5111368581269596E-012,-650.00000000001444),(650.00000000001342,-8.1215034697379459E-013),(450.00000000000006,3.2486013878951784E-012),(1.6337157087651527E-012,-449.9999999999992),(-450.00000000000006,-8.1215034697379459E-013)));
#2538=IFCINDEXEDPOLYCURVE(#2537,(IFCARCINDEX((1,2,3)),IFCLINEINDEX((3,4)),IFCARCINDEX((4,5,6)),IFCLINEINDEX((6,1))),.F.);
#2539=IFCARBITRARYCLOSEDPROFILEDEF(.AREA.,'Arch1',#2538);
#2540=IFCCARTESIANPOINT((835.,0.,2200.));
#2541=IFCAXIS2PLACEMENT3D(#2540,#146,#1561);
#2542=IFCEXTRUDEDAREASOLID(#2539,#2541,#49,500.00000000096986);
#2543=IFCCOLOURRGB($,0.57647058823529407,0.55686274509803924,0.88235294117647056);
#2544=IFCSURFACESTYLERENDERING(#2543,0.,$,$,$,$,IFCNORMALISEDRATIOMEASURE(0.5),IFCSPECULAREXPONENT(64.),.NOTDEFINED.);
#2545=IFCSURFACESTYLE('Stone',.BOTH.,(#2544));
#2546=IFCSTYLEDITEM(#2524,(#2545),$);
#2547=IFCSTYLEDITEM(#2530,(#2545),$);
#2548=IFCSTYLEDITEM(#2536,(#2545),$);
#2549=IFCSTYLEDITEM(#2542,(#2545),$);
#2550=IFCSHAPEREPRESENTATION(#15,'Body','SweptSolid',(#2524,#2530,#2536,#2542));
#2551=IFCAXIS2PLACEMENT3D(#10,$,$);
#2552=IFCREPRESENTATIONMAP(#2551,#2550);
#2553=IFCDOORLININGPROPERTIES('2jXvyeVVHFE9GajLikYx5r',#6,'Arch1:Arch1:1692921',$,$,$,$,$,$,$,$,$,$,$,$,$,$);
#2554=IFCDOORPANELPROPERTIES('2jXvyeVVHFE9GajLWkYx5r',#6,'Arch1:Arch1:1692921:1',$,$,.NOTDEFINED.,$,.NOTDEFINED.,$);
#2555=IFCDOORTYPE('1ahMUjHQ9DE5Ifdu8H7Xcn',#6,'Arch1:Arch1',$,$,(#2553,#2554),(#2552),'1691921',$,.DOOR.,.NOTDEFINED.,$,$);
#2556=IFCMATERIAL('Stone',$,$);
#2557=IFCCARTESIANTRANSFORMATIONOPERATOR3D($,$,#10,1.,$);
#2558=IFCMAPPEDITEM(#2552,#2557);
#2559=IFCSHAPEREPRESENTATION(#15,'Body','MappedRepresentation',(#2558));
#2560=IFCPRODUCTDEFINITIONSHAPE($,$,(#2559));
#2561=IFCCARTESIANPOINT((21089.674577223963,-16353.038197492921,800.));
#2562=IFCAXIS2PLACEMENT3D(#2561,#49,#146);
#2564=IFCDOOR('2jXvyeVVHFE9GajLekYx5r',#6,'Arch1:Arch1:1692921',$,$,#7447,#2560,'1692921',2850.0000000000014,1684.9999999999959,.DOOR.,$,$);
#2565=IFCPROPERTYSINGLEVALUE('Reference',$,IFCIDENTIFIER('Arch1'),$);
#2566=IFCPROPERTYSET('20mFJv1o05671AF$W0OO4Q',#6,'Pset_DoorCommon',$,(#1425,#2565));
#2567=IFCPROPERTYSET('1HjgsObFuP0sGFgouSwNQD',#6,'Pset_EnvironmentalImpactIndicators',$,(#2565));
#2568=IFCRELDEFINESBYPROPERTIES('2SytMhdy6i90H7VpAwzt1C',#6,$,$,(#2564),#2566);
#2569=IFCRELDEFINESBYPROPERTIES('2KyW9TrjwrtOA6wxZfA4wT',#6,$,$,(#2564),#2567);
#2570=IFCQUANTITYLENGTH('Width','',$,1300.,$);
#2571=IFCQUANTITYLENGTH('Height','',$,2000.0000000000002,$);
#2572=IFCQUANTITYLENGTH('Perimeter','',$,3855.7519189488494,$);
#2573=IFCQUANTITYAREA('Area','',$,5.589028046826761,$);
#2574=IFCELEMENTQUANTITY('1mO2t6mDOYt1stFFgvS41P',#6,'Qto_DoorBaseQuantities',$,'BaseQuantities',(#2570,#2571,#2572,#2573));
#2575=IFCRELDEFINESBYPROPERTIES('0cJCQdBjlv0UZXuwDDLoLV',#6,$,$,(#2564),#2574);
#2576=IFCCARTESIANPOINTLIST2D(((-99.99999999999838,-250.00000000048877),(99.99999999999838,-250.0000000004888),(99.99999999999838,250.0000000004888),(-99.99999999999838,250.00000000048882),(-99.99999999999838,-250.00000000048877)));
#2577=IFCINDEXEDPOLYCURVE(#2576,$,.F.);
#2578=IFCARBITRARYCLOSEDPROFILEDEF(.AREA.,'enclosed_arch',#2577);
#2579=IFCCARTESIANPOINT((100.,250.,0.));
#2580=IFCAXIS2PLACEMENT3D(#2579,$,$);
#2581=IFCEXTRUDEDAREASOLID(#2578,#2580,#49,1599.9999999999948);
#2582=IFCCARTESIANPOINTLIST2D(((-100.00000000000041,-250.0000000004888),(100.00000000000028,-250.00000000048882),(100.00000000000028,250.00000000048877),(-100.00000000000041,250.0000000004888),(-100.00000000000041,-250.0000000004888)));
#2583=IFCINDEXEDPOLYCURVE(#2582,$,.F.);
#2584=IFCARBITRARYCLOSEDPROFILEDEF(.AREA.,'enclosed_arch',#2583);
#2585=IFCCARTESIANPOINT((1700.,250.,0.));
#2586=IFCAXIS2PLACEMENT3D(#2585,$,$);
#2587=IFCEXTRUDEDAREASOLID(#2584,#2586,#49,1599.9999999999991);
#2588=IFCCARTESIANPOINTLIST2D(((-750.00000000000898,-740.88326226144261),(849.99999999999216,-740.88326226144261),(849.99999999999216,-455.88326226145875),(-949.99999999997135,-455.88326226145875),(-949.99999999997169,537.64978678433715),(849.99999999999216,537.64978678433692),(849.99999999999216,659.11673773856398),(-750.00000000001603,659.11673773856398),(-1450.0000000000123,-40.88326226144487)));
#2589=IFCINDEXEDPOLYCURVE(#2588,(IFCLINEINDEX((1,2,3,4,5,6,7,8)),IFCARCINDEX((8,9,1))),.F.);
#2590=IFCARBITRARYCLOSEDPROFILEDEF(.AREA.,'enclosed_arch',#2589);
#2591=IFCCARTESIANPOINT((940.88326226146319,130.,850.));
#2592=IFCDIRECTION((0.,-1.,0.));
#2593=IFCAXIS2PLACEMENT3D(#2591,#2592,#1408);
#2594=IFCEXTRUDEDAREASOLID(#2590,#2593,#49,129.99999999999523);
#2595=IFCCARTESIANPOINTLIST2D(((-900.00000000001376,-1.0828671292983927E-012),(4.8408352072361254E-012,-900.00000000001387),(900.00000000001387,-2.7071678232459818E-013),(700.0000000000033,4.0607517348689726E-012),(2.5193248480242623E-012,-700.00000000000352),(-700.0000000000033,-2.4364510409213838E-012)));
#2596=IFCINDEXEDPOLYCURVE(#2595,(IFCARCINDEX((1,2,3)),IFCLINEINDEX((3,4)),IFCARCINDEX((4,5,6)),IFCLINEINDEX((6,1))),.F.);
#2597=IFCARBITRARYCLOSEDPROFILEDEF(.AREA.,'enclosed_arch',#2596);
#2598=IFCCARTESIANPOINT((900.,500.,1600.));
#2599=IFCAXIS2PLACEMENT3D(#2598,#2592,#506);
#2600=IFCEXTRUDEDAREASOLID(#2597,#2599,#49,500.00000000097759);
#2601=IFCCARTESIANPOINTLIST2D(((-496.76652452289881,-64.999999999998536),(496.76652452289881,-64.999999999998408),(496.76652452289881,64.999999999998593),(-496.76652452289881,64.999999999998479),(-496.76652452289881,-64.999999999998536)));
#2602=IFCINDEXEDPOLYCURVE(#2601,$,.F.);
#2603=IFCARBITRARYCLOSEDPROFILEDEF(.AREA.,'enclosed_arch',#2602);
#2604=IFCCARTESIANPOINT((981.76652452290432,65.,1748.4252841960667));
#2605=IFCAXIS2PLACEMENT3D(#2604,$,$);
#2606=IFCEXTRUDEDAREASOLID(#2603,#2605,#49,51.574715803897369);
#2607=IFCSTYLEDITEM(#2581,(#2545),$);
#2608=IFCSTYLEDITEM(#2587,(#2545),$);
#2609=IFCSTYLEDITEM(#2594,(#1792),$);
#2610=IFCSTYLEDITEM(#2600,(#2545),$);
#2611=IFCCOLOURRGB($,0.15686274509803921,0.86274509803921573,0.078431372549019607);
#2612=IFCSURFACESTYLERENDERING(#2611,0.,$,$,$,$,IFCNORMALISEDRATIOMEASURE(0.5),IFCSPECULAREXPONENT(64.),.NOTDEFINED.);
#2613=IFCSURFACESTYLE('Timber',.BOTH.,(#2612));
#2614=IFCSTYLEDITEM(#2606,(#2613),$);
#2615=IFCSHAPEREPRESENTATION(#15,'Body','SweptSolid',(#2581,#2587,#2594,#2600,#2606));
#2616=IFCAXIS2PLACEMENT3D(#10,$,$);
#2617=IFCREPRESENTATIONMAP(#2616,#2615);
#2618=IFCDOORLININGPROPERTIES('2jXvyeVVHFE9GajLikYx3J',#6,'enclosed_arch:enclosed_arch:1693023',$,$,$,$,$,$,$,$,$,$,$,$,$,$);
#2619=IFCDOORPANELPROPERTIES('2jXvyeVVHFE9GajLWkYx3J',#6,'enclosed_arch:enclosed_arch:1693023:1',$,$,.NOTDEFINED.,$,.NOTDEFINED.,$);
#2620=IFCDOORTYPE('2aQANVhjVp_WB8$dun$z_$',#6,'enclosed_arch:enclosed_arch',$,$,(#2618,#2619),(#2617),'1693059',$,.DOOR.,.NOTDEFINED.,$,$);
#2621=IFCMATERIAL('Timber',$,$);
#2622=IFCMATERIALCONSTITUENT('Stone',$,#2556,0.,'');
#2623=IFCSHAPEREPRESENTATION(#15,'Body','SweptSolid',(#2581,#2587,#2600));
#2624=IFCSHAPEASPECT((#2623),'Stone',$,.U.,#2617);
#2625=IFCMATERIALCONSTITUENT('Tufelli_masonry_typeD',$,#1822,0.95973425955123159,'');
#2626=IFCSHAPEREPRESENTATION(#15,'Body','SweptSolid',(#2594));
#2627=IFCSHAPEASPECT((#2626),'Tufelli_masonry_typeD',$,.U.,#2617);
#2628=IFCMATERIALCONSTITUENT('Timber',$,#2621,0.040265740448768454,'');
#2629=IFCSHAPEREPRESENTATION(#15,'Body','SweptSolid',(#2606));
#2630=IFCSHAPEASPECT((#2629),'Timber',$,.U.,#2617);
#2631=IFCMATERIALCONSTITUENTSET($,$,(#2622,#2625,#2628));
#2632=IFCMAPPEDITEM(#2617,#2557);
#2633=IFCSHAPEREPRESENTATION(#15,'Body','MappedRepresentation',(#2632));
#2634=IFCPRODUCTDEFINITIONSHAPE($,$,(#2633));
#2635=IFCCARTESIANPOINT((21089.674577223963,-14582.347204599415,800.));
#2636=IFCAXIS2PLACEMENT3D(#2635,#49,#146);
#2638=IFCDOOR('2jXvyeVVHFE9GajLekYx3J',#6,'enclosed_arch:enclosed_arch:1693023',$,$,#7467,#2634,'1693023',2500.0000000000014,1800.0000000000066,.DOOR.,$,$);
#2639=IFCMATERIALCONSTITUENT('Stone',$,#2556,0.77546300739163743,'');
#2640=IFCMATERIALCONSTITUENT('Tufelli_masonry_typeD',$,#1822,0.21549584434284719,'');
#2641=IFCMATERIALCONSTITUENT('Timber',$,#2621,0.0090411482655154973,'');
#2642=IFCMATERIALCONSTITUENTSET($,$,(#2639,#2640,#2641));
#2643=IFCPROPERTYSINGLEVALUE('Reference',$,IFCIDENTIFIER('enclosed_arch'),$);
#2644=IFCPROPERTYSET('1X_8cdNbXfqeavLbG1cTsP',#6,'Pset_DoorCommon',$,(#1425,#2643));
#2645=IFCPROPERTYSET('2JbWFq4RLyW8oTGh5Vc6Mr',#6,'Pset_EnvironmentalImpactIndicators',$,(#2643));
#2646=IFCRELDEFINESBYPROPERTIES('09ALaagouk1CTdcsJcm63T',#6,$,$,(#2638),#2644);
#2647=IFCRELDEFINESBYPROPERTIES('1I7b$LASKVcz_LwGjglCJ$',#6,$,$,(#2638),#2645);
#2648=IFCQUANTITYLENGTH('Width','',$,1800.0000000000002,$);
#2649=IFCQUANTITYLENGTH('Height','',$,1400.,$);
#2650=IFCQUANTITYLENGTH('Perimeter','',$,2247.0660980915891,$);
#2651=IFCQUANTITYAREA('Area','',$,6.3836550453759955,$);
#2652=IFCELEMENTQUANTITY('2KXG4tDW3FPUaIqydvME1r',#6,'Qto_DoorBaseQuantities',$,'BaseQuantities',(#2648,#2649,#2650,#2651));
#2653=IFCRELDEFINESBYPROPERTIES('0TseYDPKsadAoEZbB4dhlf',#6,$,$,(#2638),#2652);
#2654=IFCCARTESIANPOINTLIST2D(((-250.0000000004849,-1099.9999999999998),(250.00000000048496,-1099.9999999999998),(250.0000000004849,1099.9999999999998),(-250.00000000048496,1099.9999999999998),(-250.0000000004849,-1099.9999999999998)));
#2655=IFCINDEXEDPOLYCURVE(#2654,$,.F.);
#2656=IFCARBITRARYCLOSEDPROFILEDEF(.AREA.,'Door',#2655);
#2657=IFCCARTESIANPOINT((1100.,250.,1800.));
#2658=IFCAXIS2PLACEMENT3D(#2657,#49,#146);
#2659=IFCEXTRUDEDAREASOLID(#2656,#2658,#49,200.);
#2660=IFCCARTESIANPOINTLIST2D(((-250.00000000048493,-99.99999999999865),(250.00000000048493,-99.99999999999865),(250.00000000048493,99.99999999999865),(-250.00000000048493,99.99999999999865),(-250.00000000048493,-99.99999999999865)));
#2661=IFCINDEXEDPOLYCURVE(#2660,$,.F.);
#2662=IFCARBITRARYCLOSEDPROFILEDEF(.AREA.,'Door',#2661);
#2663=IFCCARTESIANPOINT((1900.,250.,0.));
#2664=IFCAXIS2PLACEMENT3D(#2663,#49,#146);
#2665=IFCEXTRUDEDAREASOLID(#2662,#2664,#49,1800.0000000000002);
#2666=IFCCARTESIANPOINTLIST2D(((-250.00000000048493,-99.999999999999602),(250.00000000048493,-99.999999999999602),(250.00000000048493,99.999999999999602),(-250.00000000048493,99.999999999999602),(-250.00000000048493,-99.999999999999602)));
#2667=IFCINDEXEDPOLYCURVE(#2666,$,.F.);
#2668=IFCARBITRARYCLOSEDPROFILEDEF(.AREA.,'Door',#2667);
#2669=IFCCARTESIANPOINT((300.,250.,0.));
#2670=IFCAXIS2PLACEMENT3D(#2669,#49,#146);
#2671=IFCEXTRUDEDAREASOLID(#2668,#2670,#49,1800.0000000000002);
#2672=IFCCOLOURRGB($,0.27843137254901962,0.13725490196078433,0.12941176470588237);
#2673=IFCSURFACESTYLERENDERING(#2672,0.,$,$,$,$,IFCNORMALISEDRATIOMEASURE(0.5),IFCSPECULAREXPONENT(64.),.NOTDEFINED.);
#2674=IFCSURFACESTYLE('Steel',.BOTH.,(#2673));
#2675=IFCSTYLEDITEM(#2659,(#2674),$);
#2676=IFCSTYLEDITEM(#2665,(#2545),$);
#2677=IFCSTYLEDITEM(#2671,(#2545),$);
#2678=IFCSHAPEREPRESENTATION(#15,'Body','SweptSolid',(#2659,#2665,#2671));
#2679=IFCAXIS2PLACEMENT3D(#10,$,$);
#2680=IFCREPRESENTATIONMAP(#2679,#2678);
#2681=IFCDOORLININGPROPERTIES('2jXvyeVVHFE9GajLikYx_G',#6,'Door:Door:1694236',$,$,$,$,$,$,$,$,$,$,$,$,$,$);
#2682=IFCDOORPANELPROPERTIES('2jXvyeVVHFE9GajLWkYx_G',#6,'Door:Door:1694236:1',$,$,.NOTDEFINED.,$,.NOTDEFINED.,$);
#2683=IFCDOORTYPE('0Yh0FDmQDSqqWK9M3Pze89',#6,'Door:Door',$,$,(#2681,#2682),(#2680),'1694272',$,.DOOR.,.NOTDEFINED.,$,$);
#2684=IFCMATERIAL('Steel',$,'Metal');
#2685=IFCMATERIALCONSTITUENT('Steel',$,#2684,0.,'Metal');
#2686=IFCSHAPEREPRESENTATION(#15,'Body','SweptSolid',(#2659));
#2687=IFCSHAPEASPECT((#2686),'Steel',$,.U.,#2680);
#2688=IFCMATERIALCONSTITUENT('Stone',$,#2556,0.,'');
#2689=IFCSHAPEREPRESENTATION(#15,'Body','SweptSolid',(#2665,#2671));
#2690=IFCSHAPEASPECT((#2689),'Stone',$,.U.,#2680);
#2691=IFCMATERIALCONSTITUENTSET($,$,(#2685,#2688));
#2692=IFCMAPPEDITEM(#2680,#2557);
#2693=IFCSHAPEREPRESENTATION(#15,'Body','MappedRepresentation',(#2692));
#2694=IFCPRODUCTDEFINITIONSHAPE($,$,(#2693));
#2695=IFCCARTESIANPOINT((20589.674577223974,-8582.3472045993913,200.));
#2696=IFCAXIS2PLACEMENT3D(#2695,#49,#2592);
#2698=IFCDOOR('2jXvyeVVHFE9GajLekYx_G',#6,'Door:Door:1694236',$,$,#7405,#2694,'1694236',2000.0000000000018,2199.9999999999991,.DOOR.,$,$);
#2699=IFCMATERIALCONSTITUENT('Steel',$,#2684,0.37931034482758824,'Metal');
#2700=IFCMATERIALCONSTITUENT('Stone',$,#2556,0.6206896551724117,'');
#2701=IFCMATERIALCONSTITUENTSET($,$,(#2699,#2700));
#2702=IFCPROPERTYSINGLEVALUE('Reference',$,IFCIDENTIFIER('Door'),$);
#2703=IFCPROPERTYSET('0GatjCkCPXwK_WtpefeKvz',#6,'Pset_DoorCommon',$,(#1425,#2702));
#2704=IFCPROPERTYSET('3XDqhy2cTPHDQsTzz9ew7X',#6,'Pset_EnvironmentalImpactIndicators',$,(#2702));
#2705=IFCRELDEFINESBYPROPERTIES('1lzcJ0S6SG63gLDUdjdmj$',#6,$,$,(#2698),#2703);
#2706=IFCRELDEFINESBYPROPERTIES('20mTuck1DmQ$701fIscmx1',#6,$,$,(#2698),#2704);
#2707=IFCQUANTITYLENGTH('Width','',$,1800.0000000000002,$);
#2708=IFCQUANTITYLENGTH('Height','',$,1800.0000000000002,$);
#2709=IFCQUANTITYLENGTH('Perimeter','',$,1400.0000000019381,$);
#2710=IFCQUANTITYAREA('Area','',$,4.3600000000061989,$);
#2711=IFCELEMENTQUANTITY('15EHAzVGAegQW8XBb0Imhl',#6,'Qto_DoorBaseQuantities',$,'BaseQuantities',(#2707,#2708,#2709,#2710));
#2712=IFCRELDEFINESBYPROPERTIES('1zh3O1FW7TAGCMBhWk2p8i',#6,$,$,(#2698),#2711);
#2713=IFCCARTESIANPOINTLIST2D(((-250.00000000000003,-499.99999999999977),(250.00000000000003,-499.99999999999977),(250.00000000000003,499.99999999999977),(-250.00000000000003,499.99999999999977),(-250.00000000000003,-499.99999999999977)));
#2714=IFCINDEXEDPOLYCURVE(#2713,$,.F.);
#2715=IFCARBITRARYCLOSEDPROFILEDEF(.AREA.,'StoneWindows',#2714);
#2716=IFCCARTESIANPOINT((500.,250.,1000.));
#2717=IFCAXIS2PLACEMENT3D(#2716,#49,#146);
#2718=IFCEXTRUDEDAREASOLID(#2715,#2717,#49,200.);
#2719=IFCCARTESIANPOINTLIST2D(((-250.00000000000003,-499.99999999999977),(250.00000000000003,-499.99999999999977),(250.00000000000003,499.99999999999977),(-250.00000000000003,499.99999999999977),(-250.00000000000003,-499.99999999999977)));
#2720=IFCINDEXEDPOLYCURVE(#2719,$,.F.);
#2721=IFCARBITRARYCLOSEDPROFILEDEF(.AREA.,'StoneWindows',#2720);
#2722=IFCCARTESIANPOINT((500.,250.,-0.));
#2723=IFCAXIS2PLACEMENT3D(#2722,#49,#146);
#2724=IFCEXTRUDEDAREASOLID(#2721,#2723,#49,165.03507693617399);
#2725=IFCCARTESIANPOINTLIST2D(((-250.00000000000003,-100.),(250.00000000000003,-100.),(250.00000000000003,100.),(-250.00000000000003,100.),(-250.00000000000003,-100.)));
#2726=IFCINDEXEDPOLYCURVE(#2725,$,.F.);
#2727=IFCARBITRARYCLOSEDPROFILEDEF(.AREA.,'StoneWindows',#2726);
#2728=IFCCARTESIANPOINT((100.,250.,165.03507693617371));
#2729=IFCAXIS2PLACEMENT3D(#2728,#49,#146);
#2730=IFCEXTRUDEDAREASOLID(#2727,#2729,#49,834.9649230638264);
#2731=IFCCARTESIANPOINTLIST2D(((-250.00000000000003,-100.),(250.00000000000003,-100.),(250.00000000000003,100.),(-250.00000000000003,100.),(-250.00000000000003,-100.)));
#2732=IFCINDEXEDPOLYCURVE(#2731,$,.F.);
#2733=IFCARBITRARYCLOSEDPROFILEDEF(.AREA.,'StoneWindows',#2732);
#2734=IFCCARTESIANPOINT((900.,250.,165.03507693617371));
#2735=IFCAXIS2PLACEMENT3D(#2734,#49,#146);
#2736=IFCEXTRUDEDAREASOLID(#2733,#2735,#49,834.9649230638264);
#2737=IFCSTYLEDITEM(#2718,(#2545),$);
#2738=IFCSTYLEDITEM(#2724,(#2545),$);
#2739=IFCSTYLEDITEM(#2730,(#2545),$);
#2740=IFCSTYLEDITEM(#2736,(#2545),$);
#2741=IFCSHAPEREPRESENTATION(#15,'Body','SweptSolid',(#2718,#2724,#2730,#2736));
#2742=IFCAXIS2PLACEMENT3D(#10,$,$);
#2743=IFCREPRESENTATIONMAP(#2742,#2741);
#2744=IFCWINDOWLININGPROPERTIES('2jXvyeVVHFE9GajLikYxlE',#6,'Window1:StoneWindows:1695298',$,$,$,$,$,$,$,$,$,$,$,$,$);
#2745=IFCWINDOWTYPE('1UCi3mc9A$Jhou6jIrtFGr',#6,'Window1:StoneWindows',$,$,(#2744),(#2743),'1695326',$,.WINDOW.,.NOTDEFINED.,$,$);
#2746=IFCMAPPEDITEM(#2743,#2557);
#2747=IFCSHAPEREPRESENTATION(#15,'Body','MappedRepresentation',(#2746));
#2748=IFCPRODUCTDEFINITIONSHAPE($,$,(#2747));
#2749=IFCCARTESIANPOINT((21089.67457722397,-12082.347204599391,1014.7035637443724));
#2750=IFCAXIS2PLACEMENT3D(#2749,#49,#146);
#2752=IFCWINDOW('2jXvyeVVHFE9GajLekYxlE',#6,'Window1:StoneWindows:1695298',$,$,#7427,#2748,'1695298',1200.,1000.0000000000001,.WINDOW.,.NOTDEFINED.,$);
#2753=IFCPROPERTYSET('0iGSayUE7qHi023ZLjQ4Xb',#6,'Pset_EnvironmentalImpactIndicators',$,(#1427));
#2754=IFCPROPERTYSET('3_xUtWfuY2np9eWkcfqPzl',#6,'Pset_WindowCommon',$,(#84,#1427));
#2755=IFCRELDEFINESBYPROPERTIES('3LcrwK7CnHfE$gaXWYKS8k',#6,$,$,(#2752),#2753);
#2756=IFCRELDEFINESBYPROPERTIES('2HcL9u0FL0HGpWqChtFxQF',#6,$,$,(#2752),#2754);
#2757=IFCQUANTITYLENGTH('Width','',$,1000.0000000000001,$);
#2758=IFCQUANTITYLENGTH('Height','',$,1200.,$);
#2759=IFCQUANTITYLENGTH('Perimeter','',$,1400.,$);
#2760=IFCQUANTITYAREA('Area','',$,2.9165035076936179,$);
#2761=IFCELEMENTQUANTITY('1j$W6Jv74DQJK3XpaktkfT',#6,'Qto_WindowBaseQuantities',$,'BaseQuantities',(#2757,#2758,#2759,#2760));
#2762=IFCRELDEFINESBYPROPERTIES('20ThAMycs$6vQ4eBvr3IUl',#6,$,$,(#2752),#2761);
#2763=IFCCARTESIANPOINTLIST2D(((-250.00000000000003,-99.999999999984709),(250.00000000000003,-99.999999999984709),(250.00000000000003,99.999999999984709),(-250.00000000000003,99.999999999984709),(-250.00000000000003,-99.999999999984709)));
#2764=IFCINDEXEDPOLYCURVE(#2763,$,.F.);
#2765=IFCARBITRARYCLOSEDPROFILEDEF(.AREA.,'StoneWindowArch',#2764);
#2766=IFCCARTESIANPOINT((1261.7144432479479,250.,0.));
#2767=IFCAXIS2PLACEMENT3D(#2766,#49,#146);
#2768=IFCEXTRUDEDAREASOLID(#2765,#2767,#49,1400.0000000000027);
#2769=IFCCARTESIANPOINTLIST2D(((-250.00000000000003,-100.00000000001428),(250.00000000000003,-100.00000000001428),(250.00000000000003,100.00000000001428),(-250.00000000000003,100.00000000001428),(-250.00000000000003,-100.00000000001428)));
#2770=IFCINDEXEDPOLYCURVE(#2769,$,.F.);
#2771=IFCARBITRARYCLOSEDPROFILEDEF(.AREA.,'StoneWindowArch',#2770);
#2772=IFCCARTESIANPOINT((261.71444324794953,250.,-0.));
#2773=IFCAXIS2PLACEMENT3D(#2772,#49,#146);
#2774=IFCEXTRUDEDAREASOLID(#2771,#2773,#49,1400.0000000000043);
#2775=IFCCARTESIANPOINTLIST2D(((-250.00000000000003,-399.9999999999996),(250.00000000000003,-399.9999999999996),(250.00000000000003,399.9999999999996),(-250.00000000000003,399.9999999999996),(-250.00000000000003,-399.9999999999996)));
#2776=IFCINDEXEDPOLYCURVE(#2775,$,.F.);
#2777=IFCARBITRARYCLOSEDPROFILEDEF(.AREA.,'StoneWindowArch',#2776);
#2778=IFCCARTESIANPOINT((761.71444324796346,250.,0.));
#2779=IFCAXIS2PLACEMENT3D(#2778,#49,#146);
#2780=IFCEXTRUDEDAREASOLID(#2777,#2779,#49,200.);
#2781=IFCCARTESIANPOINTLIST2D(((-304.61168174978809,-719.75385820023916),(50.787632410230728,-719.75385820023916),(293.89508114404231,658.97699601679881),(-40.071031804484967,780.53072038367975),(-304.61168174978809,-719.75385820023916)));
#2782=IFCINDEXEDPOLYCURVE(#2781,$,.F.);
#2783=IFCARBITRARYCLOSEDPROFILEDEF(.AREA.,'StoneWindowArch',#2782);
#2784=IFCCARTESIANPOINT((761.714443247953,0.,1575.));
#2785=IFCDIRECTION((-0.17364817766701243,0.,-0.9848077530121937));
#2786=IFCAXIS2PLACEMENT3D(#2784,#146,#2785);
#2787=IFCEXTRUDEDAREASOLID(#2783,#2786,#49,500.00000000000006);
#2788=IFCSTYLEDITEM(#2768,(#2545),$);
#2789=IFCSTYLEDITEM(#2774,(#2545),$);
#2790=IFCSTYLEDITEM(#2780,(#2545),$);
#2791=IFCSTYLEDITEM(#2787,(#2438),$);
#2792=IFCSHAPEREPRESENTATION(#15,'Body','SweptSolid',(#2768,#2774,#2780,#2787));
#2793=IFCAXIS2PLACEMENT3D(#10,$,$);
#2794=IFCREPRESENTATIONMAP(#2793,#2792);
#2795=IFCWINDOWLININGPROPERTIES('2jXvyeVVHFE9GajLikYuS6',#6,'arch_piattabanda:StoneWindowArch:1696394',$,$,$,$,$,$,$,$,$,$,$,$,$);
#2796=IFCWINDOWTYPE('3wHrfcO8KTBljBQVp5zBDY',#6,'arch_piattabanda:StoneWindowArch',$,$,(#2795),(#2794),'1696418',$,.WINDOW.,.NOTDEFINED.,$,$);
#2797=IFCMATERIAL('Bricks',$,$);
#2798=IFCMATERIALCONSTITUENT('Stone',$,#2556,0.57903877249106694,'');
#2799=IFCSHAPEREPRESENTATION(#15,'Body','SweptSolid',(#2768,#2774,#2780));
#2800=IFCSHAPEASPECT((#2799),'Stone',$,.U.,#2794);
#2801=IFCMATERIALCONSTITUENT('Bricks',$,#2797,0.42096122750893311,'');
#2802=IFCSHAPEREPRESENTATION(#15,'Body','SweptSolid',(#2787));
#2803=IFCSHAPEASPECT((#2802),'Bricks',$,.U.,#2794);
#2804=IFCMATERIALCONSTITUENTSET($,$,(#2798,#2801));
#2805=IFCMAPPEDITEM(#2794,#2557);
#2806=IFCSHAPEREPRESENTATION(#15,'Body','MappedRepresentation',(#2805));
#2807=IFCPRODUCTDEFINITIONSHAPE($,$,(#2806));
#2808=IFCCARTESIANPOINT((16027.960133975996,-16953.038197492911,2112.0635322596736));
#2809=IFCAXIS2PLACEMENT3D(#2808,$,$);
#2811=IFCWINDOW('2jXvyeVVHFE9GajLekYuS6',#6,'arch_piattabanda:StoneWindowArch:1696394',$,$,#7385,#2807,'1696394',1750.0000000000011,1523.4288864959249,.WINDOW.,.NOTDEFINED.,$);
#2812=IFCMATERIALCONSTITUENT('Stone',$,#2556,0.58460536518897299,'');
#2813=IFCMATERIALCONSTITUENT('Bricks',$,#2797,0.41539463481102706,'');
#2814=IFCMATERIALCONSTITUENTSET($,$,(#2812,#2813));
#2815=IFCPROPERTYSET('2rljorxAHBmC_vm$J46VyI',#6,'Pset_EnvironmentalImpactIndicators',$,(#2207));
#2816=IFCPROPERTYSET('0Yb05la5_UmFmPjWfRWAbo',#6,'Pset_WindowCommon',$,(#84,#2207));
#2817=IFCRELDEFINESBYPROPERTIES('0Hz6fBfbhTBJQYsFj8CiUN',#6,$,$,(#2811),#2815);
#2818=IFCRELDEFINESBYPROPERTIES('2_eQIlVUIIRGhSH05A$5aC',#6,$,$,(#2811),#2816);
#2819=IFCQUANTITYLENGTH('Width','',$,800.,$);
#2820=IFCQUANTITYLENGTH('Height','',$,1400.,$);
#2821=IFCQUANTITYLENGTH('Perimeter','',$,3634.2275148159229,$);
#2822=IFCQUANTITYAREA('Area','',$,4.2401569338407663,$);
#2823=IFCELEMENTQUANTITY('0OqKw9AvkybHJUm8kc_6FX',#6,'Qto_WindowBaseQuantities',$,'BaseQuantities',(#2819,#2820,#2821,#2822));
#2824=IFCRELDEFINESBYPROPERTIES('1XhNX42oVV$CYEykWGo3lu',#6,$,$,(#2811),#2823);
#2825=IFCMAPPEDITEM(#2743,#2557);
#2826=IFCSHAPEREPRESENTATION(#15,'Body','MappedRepresentation',(#2825));
#2827=IFCPRODUCTDEFINITIONSHAPE($,$,(#2826));
#2828=IFCCARTESIANPOINT((21089.674577223974,-9282.3472045993949,2700.));
#2829=IFCAXIS2PLACEMENT3D(#2828,#49,#146);
#2831=IFCWINDOW('2jXvyeVVHFE9GajLekYutY',#6,'Window1:StoneWindows:1697902',$,$,#7489,#2827,'1697902',1200.,1000.0000000000001,.WINDOW.,.NOTDEFINED.,$);
#2832=IFCPROPERTYSET('2eU$xjFQoqqCi5q5wX1rhQ',#6,'Pset_EnvironmentalImpactIndicators',$,(#1427));
#2833=IFCPROPERTYSET('1CV0xGIg6RqmSOQwKm3VC_',#6,'Pset_WindowCommon',$,(#84,#1427));
#2834=IFCRELDEFINESBYPROPERTIES('1JmZbq0noROG0RNuzBxWL4',#6,$,$,(#2831),#2832);
#2835=IFCRELDEFINESBYPROPERTIES('1mVabTO_YAVUm59chVe6NZ',#6,$,$,(#2831),#2833);
#2836=IFCQUANTITYLENGTH('Width','',$,1000.0000000000001,$);
#2837=IFCQUANTITYLENGTH('Height','',$,1200.,$);
#2838=IFCQUANTITYLENGTH('Perimeter','',$,1400.,$);
#2839=IFCQUANTITYAREA('Area','',$,2.9165035076936179,$);
#2840=IFCELEMENTQUANTITY('30weQL3HsdJqjKIT0I1VD9',#6,'Qto_WindowBaseQuantities',$,'BaseQuantities',(#2836,#2837,#2838,#2839));
#2841=IFCRELDEFINESBYPROPERTIES('2gYKPq2_ZUK_Nnpwk4IyxC',#6,$,$,(#2831),#2840);
#2842=IFCCARTESIANPOINTLIST2D(((-250.00000000000003,-450.00000000000006),(250.00000000000003,-450.00000000000006),(250.00000000000003,450.00000000000006),(-250.00000000000003,450.00000000000006),(-250.00000000000003,-450.00000000000006)));
#2843=IFCINDEXEDPOLYCURVE(#2842,$,.F.);
#2844=IFCARBITRARYCLOSEDPROFILEDEF(.AREA.,'StoneWindows',#2843);
#2845=IFCCARTESIANPOINT((450.,250.,700.));
#2846=IFCAXIS2PLACEMENT3D(#2845,#49,#146);
#2847=IFCEXTRUDEDAREASOLID(#2844,#2846,#49,200.);
#2848=IFCCARTESIANPOINTLIST2D(((-250.00000000000003,-450.00000000000006),(250.00000000000003,-450.00000000000006),(250.00000000000003,450.00000000000006),(-250.00000000000003,450.00000000000006),(-250.00000000000003,-450.00000000000006)));
#2849=IFCINDEXEDPOLYCURVE(#2848,$,.F.);
#2850=IFCARBITRARYCLOSEDPROFILEDEF(.AREA.,'StoneWindows',#2849);
#2851=IFCCARTESIANPOINT((450.,250.,0.));
#2852=IFCAXIS2PLACEMENT3D(#2851,#49,#146);
#2853=IFCEXTRUDEDAREASOLID(#2850,#2852,#49,165.03507693617399);
#2854=IFCCARTESIANPOINTLIST2D(((-250.00000000000003,-100.),(250.00000000000003,-100.),(250.00000000000003,100.),(-250.00000000000003,100.),(-250.00000000000003,-100.)));
#2855=IFCINDEXEDPOLYCURVE(#2854,$,.F.);
#2856=IFCARBITRARYCLOSEDPROFILEDEF(.AREA.,'StoneWindows',#2855);
#2857=IFCCARTESIANPOINT((100.,250.,165.03507693617399));
#2858=IFCAXIS2PLACEMENT3D(#2857,#49,#146);
#2859=IFCEXTRUDEDAREASOLID(#2856,#2858,#49,534.96492306382606);
#2860=IFCCARTESIANPOINTLIST2D(((-250.00000000000003,-100.),(250.00000000000003,-100.),(250.00000000000003,100.),(-250.00000000000003,100.),(-250.00000000000003,-100.)));
#2861=IFCINDEXEDPOLYCURVE(#2860,$,.F.);
#2862=IFCARBITRARYCLOSEDPROFILEDEF(.AREA.,'StoneWindows',#2861);
#2863=IFCCARTESIANPOINT((800.,250.,165.03507693617399));
#2864=IFCAXIS2PLACEMENT3D(#2863,#49,#146);
#2865=IFCEXTRUDEDAREASOLID(#2862,#2864,#49,534.96492306382606);
#2866=IFCSTYLEDITEM(#2847,(#2545),$);
#2867=IFCSTYLEDITEM(#2853,(#2545),$);
#2868=IFCSTYLEDITEM(#2859,(#2545),$);
#2869=IFCSTYLEDITEM(#2865,(#2545),$);
#2870=IFCSHAPEREPRESENTATION(#15,'Body','SweptSolid',(#2847,#2853,#2859,#2865));
#2871=IFCAXIS2PLACEMENT3D(#10,$,$);
#2872=IFCREPRESENTATIONMAP(#2871,#2870);
#2873=IFCWINDOWLININGPROPERTIES('2jXvyeVVHFE9GajLikYuts',#6,'Window1:StoneWindows:1697914',$,$,$,$,$,$,$,$,$,$,$,$,$);
#2874=IFCWINDOWTYPE('2HWl2FtM_leDyCwsp3uWJ3',#6,'Window1:StoneWindows',$,$,(#2873),(#2872),'1695326',$,.WINDOW.,.NOTDEFINED.,$,$);
#2875=IFCMAPPEDITEM(#2872,#2557);
#2876=IFCSHAPEREPRESENTATION(#15,'Body','MappedRepresentation',(#2875));
#2877=IFCPRODUCTDEFINITIONSHAPE($,$,(#2876));
#2878=IFCCARTESIANPOINT((21089.674577223974,-10382.347204599393,2700.));
#2879=IFCAXIS2PLACEMENT3D(#2878,#49,#146);
#2881=IFCWINDOW('2jXvyeVVHFE9GajLekYuts',#6,'Window1:StoneWindows:1697914',$,$,#7511,#2877,'1697914',900.00000000000011,900.00000000000011,.WINDOW.,.NOTDEFINED.,$);
#2882=IFCPROPERTYSET('1l0Iq0G3dYJnt$0AVnNW__',#6,'Pset_EnvironmentalImpactIndicators',$,(#1427));
#2883=IFCPROPERTYSET('0UQIbSGK0Dgaad5QZW4bb3',#6,'Pset_WindowCommon',$,(#84,#1427));
#2884=IFCRELDEFINESBYPROPERTIES('2Gx$wo3AoGKmci8Rg2r5w$',#6,$,$,(#2881),#2882);
#2885=IFCRELDEFINESBYPROPERTIES('0bpMtZaS9jaf5TpRbVqlo0',#6,$,$,(#2881),#2883);
#2886=IFCQUANTITYLENGTH('Width','',$,900.00000000000011,$);
#2887=IFCQUANTITYLENGTH('Height','',$,900.00000000000011,$);
#2888=IFCQUANTITYLENGTH('Perimeter','',$,1400.,$);
#2889=IFCQUANTITYAREA('Area','',$,2.3600000000000003,$);
#2890=IFCELEMENTQUANTITY('0oGSFKWv6AMJTek2jsnf23',#6,'Qto_WindowBaseQuantities',$,'BaseQuantities',(#2886,#2887,#2888,#2889));
#2891=IFCRELDEFINESBYPROPERTIES('2KtLxnaNQouc8FlB21m70l',#6,$,$,(#2881),#2890);
#2892=IFCCARTESIANPOINTLIST2D(((-250.00000000000003,-499.99999999999977),(250.00000000000003,-499.99999999999977),(250.00000000000003,499.99999999999977),(-250.00000000000003,499.99999999999977),(-250.00000000000003,-499.99999999999977)));
#2893=IFCINDEXEDPOLYCURVE(#2892,$,.F.);
#2894=IFCARBITRARYCLOSEDPROFILEDEF(.AREA.,'StoneWindows',#2893);
#2895=IFCCARTESIANPOINT((500.,250.,1300.));
#2896=IFCAXIS2PLACEMENT3D(#2895,#49,#146);
#2897=IFCEXTRUDEDAREASOLID(#2894,#2896,#49,200.);
#2898=IFCCARTESIANPOINTLIST2D(((-250.00000000000003,-499.99999999999977),(250.00000000000003,-499.99999999999977),(250.00000000000003,499.99999999999977),(-250.00000000000003,499.99999999999977),(-250.00000000000003,-499.99999999999977)));
#2899=IFCINDEXEDPOLYCURVE(#2898,$,.F.);
#2900=IFCARBITRARYCLOSEDPROFILEDEF(.AREA.,'StoneWindows',#2899);
#2901=IFCCARTESIANPOINT((500.,250.,0.));
#2902=IFCAXIS2PLACEMENT3D(#2901,#49,#146);
#2903=IFCEXTRUDEDAREASOLID(#2900,#2902,#49,165.03507693617399);
#2904=IFCCARTESIANPOINTLIST2D(((-250.00000000000003,-100.),(250.00000000000003,-100.),(250.00000000000003,100.),(-250.00000000000003,100.),(-250.00000000000003,-100.)));
#2905=IFCINDEXEDPOLYCURVE(#2904,$,.F.);
#2906=IFCARBITRARYCLOSEDPROFILEDEF(.AREA.,'StoneWindows',#2905);
#2907=IFCCARTESIANPOINT((100.,250.,165.03507693617399));
#2908=IFCAXIS2PLACEMENT3D(#2907,#49,#146);
#2909=IFCEXTRUDEDAREASOLID(#2906,#2908,#49,1134.9649230638261);
#2910=IFCCARTESIANPOINTLIST2D(((-250.00000000000003,-100.),(250.00000000000003,-100.),(250.00000000000003,100.),(-250.00000000000003,100.),(-250.00000000000003,-100.)));
#2911=IFCINDEXEDPOLYCURVE(#2910,$,.F.);
#2912=IFCARBITRARYCLOSEDPROFILEDEF(.AREA.,'StoneWindows',#2911);
#2913=IFCCARTESIANPOINT((900.,250.,165.03507693617399));
#2914=IFCAXIS2PLACEMENT3D(#2913,#49,#146);
#2915=IFCEXTRUDEDAREASOLID(#2912,#2914,#49,1134.9649230638261);
#2916=IFCSTYLEDITEM(#2897,(#2545),$);
#2917=IFCSTYLEDITEM(#2903,(#2545),$);
#2918=IFCSTYLEDITEM(#2909,(#2545),$);
#2919=IFCSTYLEDITEM(#2915,(#2545),$);
#2920=IFCSHAPEREPRESENTATION(#15,'Body','SweptSolid',(#2897,#2903,#2909,#2915));
#2921=IFCAXIS2PLACEMENT3D(#10,$,$);
#2922=IFCREPRESENTATIONMAP(#2921,#2920);
#2923=IFCWINDOWLININGPROPERTIES('3Jmmvoko5D$RwQG6_PqCw5',#6,'Window1:StoneWindows:1698181',$,$,$,$,$,$,$,$,$,$,$,$,$);
#2924=IFCWINDOWTYPE('1Pqc1IjPkTMpuP$sDFNWqZ',#6,'Window1:StoneWindows',$,$,(#2923),(#2922),'1695326',$,.WINDOW.,.NOTDEFINED.,$,$);
#2925=IFCMAPPEDITEM(#2922,#2557);
#2926=IFCSHAPEREPRESENTATION(#15,'Body','MappedRepresentation',(#2925));
#2927=IFCPRODUCTDEFINITIONSHAPE($,$,(#2926));
#2928=IFCCARTESIANPOINT((15989.674577223961,-16453.038197492911,1000.));
#2929=IFCAXIS2PLACEMENT3D(#2928,#49,#506);
#2931=IFCWINDOW('3Jmmvoko5D$RwQG6wPqCw5',#6,'Window1:StoneWindows:1698181',$,$,#7533,#2927,'1698181',1500.,999.99999999999795,.WINDOW.,.NOTDEFINED.,$);
#2932=IFCPROPERTYSET('0DHorKdDmjMtpic2AKP1Ql',#6,'Pset_EnvironmentalImpactIndicators',$,(#1427));
#2933=IFCPROPERTYSET('0yro$tuUq9VPEWPSwD2UCZ',#6,'Pset_WindowCommon',$,(#84,#1427));
#2934=IFCRELDEFINESBYPROPERTIES('0zOKkHWO856ZXYphAoH3k_',#6,$,$,(#2931),#2932);
#2935=IFCRELDEFINESBYPROPERTIES('1DaqiK5lV$qlCxj14M_GFA',#6,$,$,(#2931),#2933);
#2936=IFCQUANTITYLENGTH('Width','',$,1000.0000000000001,$);
#2937=IFCQUANTITYLENGTH('Height','',$,1500.,$);
#2938=IFCQUANTITYLENGTH('Perimeter','',$,1400.,$);
#2939=IFCQUANTITYAREA('Area','',$,3.3365035076936174,$);
#2940=IFCELEMENTQUANTITY('0NvxnvpIQu_J8d9n7XCGO5',#6,'Qto_WindowBaseQuantities',$,'BaseQuantities',(#2936,#2937,#2938,#2939));
#2941=IFCRELDEFINESBYPROPERTIES('1neRE68QRkdZTZT63KSHzw',#6,$,$,(#2931),#2940);
#2942=IFCMAPPEDITEM(#2922,#2557);
#2943=IFCSHAPEREPRESENTATION(#15,'Body','MappedRepresentation',(#2942));
#2944=IFCPRODUCTDEFINITIONSHAPE($,$,(#2943));
#2945=IFCCARTESIANPOINT((18528.920385902205,-16453.038197492919,1000.));
#2946=IFCAXIS2PLACEMENT3D(#2945,#49,#506);
#2948=IFCWINDOW('3Jmmvoko5D$RwQG6wPqCrK',#6,'Window1:StoneWindows:1698388',$,$,#7555,#2944,'1698388',1500.,1000.0000000000023,.WINDOW.,.NOTDEFINED.,$);
#2949=IFCPROPERTYSET('3EIm0d3Ybz2JoNtlWD4vE$',#6,'Pset_EnvironmentalImpactIndicators',$,(#1427));
#2950=IFCPROPERTYSET('2aSNfn_GosSJyMxoN_ScHD',#6,'Pset_WindowCommon',$,(#84,#1427));
#2951=IFCRELDEFINESBYPROPERTIES('0PqVNQ8aSCVs3aHeuyayRm',#6,$,$,(#2948),#2949);
#2952=IFCRELDEFINESBYPROPERTIES('3zWYVkk_wL$fRmsOsA7QRA',#6,$,$,(#2948),#2950);
#2953=IFCQUANTITYLENGTH('Width','',$,1000.0000000000001,$);
#2954=IFCQUANTITYLENGTH('Height','',$,1500.,$);
#2955=IFCQUANTITYLENGTH('Perimeter','',$,1400.,$);
#2956=IFCQUANTITYAREA('Area','',$,3.3365035076936174,$);
#2957=IFCELEMENTQUANTITY('2huQTBJaJXAX0DnBVtLxUX',#6,'Qto_WindowBaseQuantities',$,'BaseQuantities',(#2953,#2954,#2955,#2956));
#2958=IFCRELDEFINESBYPROPERTIES('0HstMSTfYeYEiFSqym4a4H',#6,$,$,(#2948),#2957);
#2959=IFCCARTESIANPOINTLIST2D(((-250.00000000000003,-699.99999999999977),(250.00000000000003,-699.99999999999977),(250.00000000000003,699.99999999999977),(-250.00000000000003,699.99999999999977),(-250.00000000000003,-699.99999999999977)));
#2960=IFCINDEXEDPOLYCURVE(#2959,$,.F.);
#2961=IFCARBITRARYCLOSEDPROFILEDEF(.AREA.,'StoneWindows',#2960);
#2962=IFCCARTESIANPOINT((700.,250.,1300.));
#2963=IFCAXIS2PLACEMENT3D(#2962,#49,#146);
#2964=IFCEXTRUDEDAREASOLID(#2961,#2963,#49,200.);
#2965=IFCCARTESIANPOINTLIST2D(((-250.00000000000003,-699.99999999999977),(250.00000000000003,-699.99999999999977),(250.00000000000003,699.99999999999977),(-250.00000000000003,699.99999999999977),(-250.00000000000003,-699.99999999999977)));
#2966=IFCINDEXEDPOLYCURVE(#2965,$,.F.);
#2967=IFCARBITRARYCLOSEDPROFILEDEF(.AREA.,'StoneWindows',#2966);
#2968=IFCCARTESIANPOINT((700.,250.,0.));
#2969=IFCAXIS2PLACEMENT3D(#2968,#49,#146);
#2970=IFCEXTRUDEDAREASOLID(#2967,#2969,#49,165.03507693617399);
#2971=IFCCARTESIANPOINTLIST2D(((-250.00000000000003,-100.),(250.00000000000003,-100.),(250.00000000000003,100.),(-250.00000000000003,100.),(-250.00000000000003,-100.)));
#2972=IFCINDEXEDPOLYCURVE(#2971,$,.F.);
#2973=IFCARBITRARYCLOSEDPROFILEDEF(.AREA.,'StoneWindows',#2972);
#2974=IFCCARTESIANPOINT((100.,250.,165.03507693617399));
#2975=IFCAXIS2PLACEMENT3D(#2974,#49,#146);
#2976=IFCEXTRUDEDAREASOLID(#2973,#2975,#49,1134.9649230638261);
#2977=IFCCARTESIANPOINTLIST2D(((-250.00000000000003,-100.),(250.00000000000003,-100.),(250.00000000000003,100.),(-250.00000000000003,100.),(-250.00000000000003,-100.)));
#2978=IFCINDEXEDPOLYCURVE(#2977,$,.F.);
#2979=IFCARBITRARYCLOSEDPROFILEDEF(.AREA.,'StoneWindows',#2978);
#2980=IFCCARTESIANPOINT((1300.,250.,165.03507693617399));
#2981=IFCAXIS2PLACEMENT3D(#2980,#49,#146);
#2982=IFCEXTRUDEDAREASOLID(#2979,#2981,#49,1134.9649230638261);
#2983=IFCSTYLEDITEM(#2964,(#2545),$);
#2984=IFCSTYLEDITEM(#2970,(#2545),$);
#2985=IFCSTYLEDITEM(#2976,(#2545),$);
#2986=IFCSTYLEDITEM(#2982,(#2545),$);
#2987=IFCSHAPEREPRESENTATION(#15,'Body','SweptSolid',(#2964,#2970,#2976,#2982));
#2988=IFCAXIS2PLACEMENT3D(#10,$,$);
#2989=IFCREPRESENTATIONMAP(#2988,#2987);
#2990=IFCWINDOWLININGPROPERTIES('3Jmmvoko5D$RwQG6_PqCrZ',#6,'Window1:StoneWindows:1698403',$,$,$,$,$,$,$,$,$,$,$,$,$);
#2991=IFCWINDOWTYPE('1E5vIZc_cMOgZWGtM6ZfG5',#6,'Window1:StoneWindows',$,$,(#2990),(#2989),'1695326',$,.WINDOW.,.NOTDEFINED.,$,$);
#2992=IFCMAPPEDITEM(#2989,#2557);
#2993=IFCSHAPEREPRESENTATION(#15,'Body','MappedRepresentation',(#2992));
#2994=IFCPRODUCTDEFINITIONSHAPE($,$,(#2993));
#2995=IFCCARTESIANPOINT((16889.674577223959,-16453.038197492915,400.));
#2996=IFCAXIS2PLACEMENT3D(#2995,#49,#506);
#2998=IFCWINDOW('3Jmmvoko5D$RwQG6wPqCrZ',#6,'Window1:StoneWindows:1698403',$,$,#7665,#2994,'1698403',1500.,1399.999999999998,.WINDOW.,.NOTDEFINED.,$);
#2999=IFCPROPERTYSET('2rNHDAwg3jxGfBnk7Xxqy$',#6,'Pset_EnvironmentalImpactIndicators',$,(#1427));
#3000=IFCPROPERTYSET('0I0hJ9MzuG_oV5h109vJ9R',#6,'Pset_WindowCommon',$,(#84,#1427));
#3001=IFCRELDEFINESBYPROPERTIES('1DRMrjLTJcuUWsoARMb9Db',#6,$,$,(#2998),#2999);
#3002=IFCRELDEFINESBYPROPERTIES('0evh3WuxOCfTXFjZxdIewL',#6,$,$,(#2998),#3000);
#3003=IFCQUANTITYLENGTH('Width','',$,1400.,$);
#3004=IFCQUANTITYLENGTH('Height','',$,1500.,$);
#3005=IFCQUANTITYLENGTH('Perimeter','',$,1400.,$);
#3006=IFCQUANTITYAREA('Area','',$,3.8825175384680866,$);
#3007=IFCELEMENTQUANTITY('2Dt2$cf3wCy8gnldsUdtav',#6,'Qto_WindowBaseQuantities',$,'BaseQuantities',(#3003,#3004,#3005,#3006));
#3008=IFCRELDEFINESBYPROPERTIES('2G3fE3VOpNBHawQa5VoADT',#6,$,$,(#2998),#3007);
#3009=IFCCARTESIANPOINTLIST2D(((-250.00000000000003,-599.99999999999977),(250.00000000000003,-599.99999999999977),(250.00000000000003,599.99999999999977),(-250.00000000000003,599.99999999999977),(-250.00000000000003,-599.99999999999977)));
#3010=IFCINDEXEDPOLYCURVE(#3009,$,.F.);
#3011=IFCARBITRARYCLOSEDPROFILEDEF(.AREA.,'StoneWindows',#3010);
#3012=IFCCARTESIANPOINT((600.,250.,1400.));
#3013=IFCAXIS2PLACEMENT3D(#3012,#49,#146);
#3014=IFCEXTRUDEDAREASOLID(#3011,#3013,#49,200.);
#3015=IFCCARTESIANPOINTLIST2D(((-250.00000000000003,-599.99999999999977),(250.00000000000003,-599.99999999999977),(250.00000000000003,599.99999999999977),(-250.00000000000003,599.99999999999977),(-250.00000000000003,-599.99999999999977)));
#3016=IFCINDEXEDPOLYCURVE(#3015,$,.F.);
#3017=IFCARBITRARYCLOSEDPROFILEDEF(.AREA.,'StoneWindows',#3016);
#3018=IFCCARTESIANPOINT((600.,250.,0.));
#3019=IFCAXIS2PLACEMENT3D(#3018,#49,#146);
#3020=IFCEXTRUDEDAREASOLID(#3017,#3019,#49,165.03507693617399);
#3021=IFCCARTESIANPOINTLIST2D(((-250.00000000000003,-100.),(250.00000000000003,-100.),(250.00000000000003,100.),(-250.00000000000003,100.),(-250.00000000000003,-100.)));
#3022=IFCINDEXEDPOLYCURVE(#3021,$,.F.);
#3023=IFCARBITRARYCLOSEDPROFILEDEF(.AREA.,'StoneWindows',#3022);
#3024=IFCCARTESIANPOINT((100.,250.,165.03507693617399));
#3025=IFCAXIS2PLACEMENT3D(#3024,#49,#146);
#3026=IFCEXTRUDEDAREASOLID(#3023,#3025,#49,1234.9649230638261);
#3027=IFCCARTESIANPOINTLIST2D(((-250.00000000000003,-100.),(250.00000000000003,-100.),(250.00000000000003,100.),(-250.00000000000003,100.),(-250.00000000000003,-100.)));
#3028=IFCINDEXEDPOLYCURVE(#3027,$,.F.);
#3029=IFCARBITRARYCLOSEDPROFILEDEF(.AREA.,'StoneWindows',#3028);
#3030=IFCCARTESIANPOINT((1100.,250.,165.03507693617399));
#3031=IFCAXIS2PLACEMENT3D(#3030,#49,#146);
#3032=IFCEXTRUDEDAREASOLID(#3029,#3031,#49,1234.9649230638261);
#3033=IFCSTYLEDITEM(#3014,(#2545),$);
#3034=IFCSTYLEDITEM(#3020,(#2545),$);
#3035=IFCSTYLEDITEM(#3026,(#2545),$);
#3036=IFCSTYLEDITEM(#3032,(#2545),$);
#3037=IFCSHAPEREPRESENTATION(#15,'Body','SweptSolid',(#3014,#3020,#3026,#3032));
#3038=IFCAXIS2PLACEMENT3D(#10,$,$);
#3039=IFCREPRESENTATIONMAP(#3038,#3037);
#3040=IFCWINDOWLININGPROPERTIES('08pzrbE8X9reLLOmy2mNlM',#6,'Window1:StoneWindows:1698799',$,$,$,$,$,$,$,$,$,$,$,$,$);
#3041=IFCWINDOWTYPE('2iXOgsk0m537xBBRzCSq52',#6,'Window1:StoneWindows',$,$,(#3040),(#3039),'1695326',$,.WINDOW.,.NOTDEFINED.,$,$);
#3042=IFCMAPPEDITEM(#3039,#2557);
#3043=IFCSHAPEREPRESENTATION(#15,'Body','MappedRepresentation',(#3042));
#3044=IFCPRODUCTDEFINITIONSHAPE($,$,(#3043));
#3045=IFCCARTESIANPOINT((21089.67457722397,-11982.347204599391,291.91557169220329));
#3046=IFCAXIS2PLACEMENT3D(#3045,#49,#146);
#3048=IFCWINDOW('08pzrbE8X9reLLOmu2mNlM',#6,'Window1:StoneWindows:1698799',$,$,#7577,#3044,'1698799',1600.,1200.,.WINDOW.,.NOTDEFINED.,$);
#3049=IFCPROPERTYSET('1pQmjwTG36fQrLSy3j3pJF',#6,'Pset_EnvironmentalImpactIndicators',$,(#1427));
#3050=IFCPROPERTYSET('1BVqpO0RMoVNnTyM$1K1H$',#6,'Pset_WindowCommon',$,(#84,#1427));
#3051=IFCRELDEFINESBYPROPERTIES('2x8x58bqjDeEz6MIzGcr2c',#6,$,$,(#3048),#3049);
#3052=IFCRELDEFINESBYPROPERTIES('0B7Pclilu20_qoftWVPo$P',#6,$,$,(#3048),#3050);
#3053=IFCQUANTITYLENGTH('Width','',$,1200.,$);
#3054=IFCQUANTITYLENGTH('Height','',$,1600.,$);
#3055=IFCQUANTITYLENGTH('Perimeter','',$,1400.,$);
#3056=IFCQUANTITYAREA('Area','',$,3.7495105230808523,$);
#3057=IFCELEMENTQUANTITY('1vlBSYg9kWqNlFHl3yPtRg',#6,'Qto_WindowBaseQuantities',$,'BaseQuantities',(#3053,#3054,#3055,#3056));
#3058=IFCRELDEFINESBYPROPERTIES('3sR5mnHrAl5yM6MO7Fzkxy',#6,$,$,(#3048),#3057);
#3059=IFCCARTESIANPOINTLIST2D(((-250.00000000000003,-599.99999999999977),(250.00000000000003,-599.99999999999977),(250.00000000000003,599.99999999999977),(-250.00000000000003,599.99999999999977),(-250.00000000000003,-599.99999999999977)));
#3060=IFCINDEXEDPOLYCURVE(#3059,$,.F.);
#3061=IFCARBITRARYCLOSEDPROFILEDEF(.AREA.,'BrickWindow',#3060);
#3062=IFCCARTESIANPOINT((600.,250.,1400.));
#3063=IFCAXIS2PLACEMENT3D(#3062,#49,#146);
#3064=IFCEXTRUDEDAREASOLID(#3061,#3063,#49,200.);
#3065=IFCCARTESIANPOINTLIST2D(((-250.00000000000003,-599.99999999999977),(250.00000000000003,-599.99999999999977),(250.00000000000003,599.99999999999977),(-250.00000000000003,599.99999999999977),(-250.00000000000003,-599.99999999999977)));
#3066=IFCINDEXEDPOLYCURVE(#3065,$,.F.);
#3067=IFCARBITRARYCLOSEDPROFILEDEF(.AREA.,'BrickWindow',#3066);
#3068=IFCCARTESIANPOINT((600.,250.,0.));
#3069=IFCAXIS2PLACEMENT3D(#3068,#49,#146);
#3070=IFCEXTRUDEDAREASOLID(#3067,#3069,#49,165.03507693617399);
#3071=IFCCARTESIANPOINTLIST2D(((-250.00000000000003,-100.),(250.00000000000003,-100.),(250.00000000000003,100.),(-250.00000000000003,100.),(-250.00000000000003,-100.)));
#3072=IFCINDEXEDPOLYCURVE(#3071,$,.F.);
#3073=IFCARBITRARYCLOSEDPROFILEDEF(.AREA.,'BrickWindow',#3072);
#3074=IFCCARTESIANPOINT((100.,250.,165.03507693617399));
#3075=IFCAXIS2PLACEMENT3D(#3074,#49,#146);
#3076=IFCEXTRUDEDAREASOLID(#3073,#3075,#49,1234.9649230638261);
#3077=IFCCARTESIANPOINTLIST2D(((-250.00000000000003,-100.),(250.00000000000003,-100.),(250.00000000000003,100.),(-250.00000000000003,100.),(-250.00000000000003,-100.)));
#3078=IFCINDEXEDPOLYCURVE(#3077,$,.F.);
#3079=IFCARBITRARYCLOSEDPROFILEDEF(.AREA.,'BrickWindow',#3078);
#3080=IFCCARTESIANPOINT((1100.,250.,165.03507693617399));
#3081=IFCAXIS2PLACEMENT3D(#3080,#49,#146);
#3082=IFCEXTRUDEDAREASOLID(#3079,#3081,#49,1234.9649230638261);
#3083=IFCSTYLEDITEM(#3064,(#2545),$);
#3084=IFCSTYLEDITEM(#3070,(#2545),$);
#3085=IFCSTYLEDITEM(#3076,(#2545),$);
#3086=IFCSTYLEDITEM(#3082,(#2545),$);
#3087=IFCSHAPEREPRESENTATION(#15,'Body','SweptSolid',(#3064,#3070,#3076,#3082));
#3088=IFCAXIS2PLACEMENT3D(#10,$,$);
#3089=IFCREPRESENTATIONMAP(#3088,#3087);
#3090=IFCWINDOWLININGPROPERTIES('08pzrbE8X9reLLOmy2mNod',#6,'Window1:BrickWindow:1698974',$,$,$,$,$,$,$,$,$,$,$,$,$);
#3091=IFCWINDOWTYPE('1JVNSj$$aUaP9bMRnnS5qu',#6,'Window1:BrickWindow',$,$,(#3090),(#3089),'1778279',$,.WINDOW.,.NOTDEFINED.,$,$);
#3092=IFCMAPPEDITEM(#3089,#2557);
#3093=IFCSHAPEREPRESENTATION(#15,'Body','MappedRepresentation',(#3092));
#3094=IFCPRODUCTDEFINITIONSHAPE($,$,(#3093));
#3095=IFCCARTESIANPOINT((21089.674577223974,-9782.3472045993894,291.91557169220977));
#3096=IFCAXIS2PLACEMENT3D(#3095,#49,#146);
#3098=IFCWINDOW('08pzrbE8X9reLLOmu2mNod',#6,'Window1:BrickWindow:1698974',$,$,#7599,#3094,'1698974',1600.,1200.,.WINDOW.,.NOTDEFINED.,$);
#3099=IFCPROPERTYSET('0fxsVZVIu2lPBUcX7dD6gl',#6,'Pset_EnvironmentalImpactIndicators',$,(#1148));
#3100=IFCPROPERTYSET('3UlxlRLdKaPb_frvr8FZ7Q',#6,'Pset_WindowCommon',$,(#84,#1148));
#3101=IFCRELDEFINESBYPROPERTIES('2WD2JkNZKr47u79__C7mhQ',#6,$,$,(#3098),#3099);
#3102=IFCRELDEFINESBYPROPERTIES('26aZAopLxuioGa4KHpbJQr',#6,$,$,(#3098),#3100);
#3103=IFCQUANTITYLENGTH('Width','',$,1200.,$);
#3104=IFCQUANTITYLENGTH('Height','',$,1600.,$);
#3105=IFCQUANTITYLENGTH('Perimeter','',$,1400.,$);
#3106=IFCQUANTITYAREA('Area','',$,3.7495105230808523,$);
#3107=IFCELEMENTQUANTITY('0mkgeDpRJ85mPjMzwQ6_5K',#6,'Qto_WindowBaseQuantities',$,'BaseQuantities',(#3103,#3104,#3105,#3106));
#3108=IFCRELDEFINESBYPROPERTIES('2Yepd_dlYSYqke_EgwYUWb',#6,$,$,(#3098),#3107);
#3109=IFCMAPPEDITEM(#2743,#2557);
#3110=IFCSHAPEREPRESENTATION(#15,'Body','MappedRepresentation',(#3109));
#3111=IFCPRODUCTDEFINITIONSHAPE($,$,(#3110));
#3112=IFCCARTESIANPOINT((21089.67457722397,-13482.347204599391,512.48044712315163));
#3113=IFCAXIS2PLACEMENT3D(#3112,#49,#146);
#3115=IFCWINDOW('08pzrbE8X9reLLOmu2mNpl',#6,'Window1:StoneWindows:1699030',$,$,#7621,#3111,'1699030',1200.,1000.0000000000001,.WINDOW.,.NOTDEFINED.,$);
#3116=IFCPROPERTYSET('2tewmlNqtWKDmwytPcUZeL',#6,'Pset_EnvironmentalImpactIndicators',$,(#1427));
#3117=IFCPROPERTYSET('2VH86LR4zFg6YgEbYnMJPI',#6,'Pset_WindowCommon',$,(#84,#1427));
#3118=IFCRELDEFINESBYPROPERTIES('1EiXQxnPVHiCcNIXiP3PUR',#6,$,$,(#3115),#3116);
#3119=IFCRELDEFINESBYPROPERTIES('06El758OJ99SD03L4pQodV',#6,$,$,(#3115),#3117);
#3120=IFCQUANTITYLENGTH('Width','',$,1000.0000000000001,$);
#3121=IFCQUANTITYLENGTH('Height','',$,1200.,$);
#3122=IFCQUANTITYLENGTH('Perimeter','',$,1400.,$);
#3123=IFCQUANTITYAREA('Area','',$,2.9165035076936179,$);
#3124=IFCELEMENTQUANTITY('1VXAu_ER6WFrpfZTOQVS57',#6,'Qto_WindowBaseQuantities',$,'BaseQuantities',(#3120,#3121,#3122,#3123));
#3125=IFCRELDEFINESBYPROPERTIES('0rIMUOx2Nx57I9T4f$p8fB',#6,$,$,(#3115),#3124);
#3126=IFCMAPPEDITEM(#2989,#2557);
#3127=IFCSHAPEREPRESENTATION(#15,'Body','MappedRepresentation',(#3126));
#3128=IFCPRODUCTDEFINITIONSHAPE($,$,(#3127));
#3129=IFCCARTESIANPOINT((19334.042839538724,-16453.038197492922,400.));
#3130=IFCAXIS2PLACEMENT3D(#3129,#49,#506);
#3132=IFCWINDOW('08pzrbE8X9reLLOmu2mNsB',#6,'Window1:StoneWindows:1699250',$,$,#7687,#3128,'1699250',1500.,1399.999999999998,.WINDOW.,.NOTDEFINED.,$);
#3133=IFCPROPERTYSET('1k6IEnoOBkZwnkA5DdtE6Y',#6,'Pset_EnvironmentalImpactIndicators',$,(#1427));
#3134=IFCPROPERTYSET('2w53d$CJc_mmCQP91Mhd6L',#6,'Pset_WindowCommon',$,(#84,#1427));
#3135=IFCRELDEFINESBYPROPERTIES('2sKpprZjpICYG3fmaGu3sT',#6,$,$,(#3132),#3133);
#3136=IFCRELDEFINESBYPROPERTIES('2g0DaUQhpIlhGNTo6JDpi6',#6,$,$,(#3132),#3134);
#3137=IFCQUANTITYLENGTH('Width','',$,1400.,$);
#3138=IFCQUANTITYLENGTH('Height','',$,1500.,$);
#3139=IFCQUANTITYLENGTH('Perimeter','',$,1400.,$);
#3140=IFCQUANTITYAREA('Area','',$,3.8825175384680866,$);
#3141=IFCELEMENTQUANTITY('0DxEB$isFtEQnSHFaSHADa',#6,'Qto_WindowBaseQuantities',$,'BaseQuantities',(#3137,#3138,#3139,#3140));
#3142=IFCRELDEFINESBYPROPERTIES('2G6WZlb7qX9LDtogL765yI',#6,$,$,(#3132),#3141);
#3143=IFCCARTESIANPOINTLIST2D(((449.99999999999977,8.1215034697379459E-013),(650.00000000002603,-7.3093531227641509E-012),(6.6304855981120094E-012,650.00000000002444),(-650.00000000002581,1.3535839116229909E-012),(-449.9999999999996,-2.97788460557058E-012),(-3.1991011774684861E-012,449.99999999999841)));
#3144=IFCINDEXEDPOLYCURVE(#3143,(IFCLINEINDEX((1,2)),IFCARCINDEX((2,3,4)),IFCLINEINDEX((4,5)),IFCARCINDEX((5,6,1))),.F.);
#3145=IFCARBITRARYCLOSEDPROFILEDEF(.AREA.,'StoneWindowArch',#3144);
#3146=IFCCARTESIANPOINT((650.,0.,1000.));
#3147=IFCAXIS2PLACEMENT3D(#3146,#2592,#1561);
#3148=IFCEXTRUDEDAREASOLID(#3145,#3147,#1408,500.00000000000006);
#3149=IFCCARTESIANPOINTLIST2D(((-250.00000000000003,-100.00000000001639),(250.00000000000003,-100.00000000001639),(250.00000000000003,100.00000000001639),(-250.00000000000003,100.00000000001639),(-250.00000000000003,-100.00000000001639)));
#3150=IFCINDEXEDPOLYCURVE(#3149,$,.F.);
#3151=IFCARBITRARYCLOSEDPROFILEDEF(.AREA.,'StoneWindowArch',#3150);
#3152=IFCCARTESIANPOINT((1200.,250.,0.));
#3153=IFCAXIS2PLACEMENT3D(#3152,#49,#146);
#3154=IFCEXTRUDEDAREASOLID(#3151,#3153,#49,1000.0000000000026);
#3155=IFCCARTESIANPOINTLIST2D(((-250.00000000000003,-100.0000000000168),(250.00000000000003,-100.0000000000168),(250.00000000000003,100.0000000000168),(-250.00000000000003,100.0000000000168),(-250.00000000000003,-100.0000000000168)));
#3156=IFCINDEXEDPOLYCURVE(#3155,$,.F.);
#3157=IFCARBITRARYCLOSEDPROFILEDEF(.AREA.,'StoneWindowArch',#3156);
#3158=IFCCARTESIANPOINT((100.,250.,0.));
#3159=IFCAXIS2PLACEMENT3D(#3158,#49,#146);
#3160=IFCEXTRUDEDAREASOLID(#3157,#3159,#49,999.99999999999966);
#3161=IFCCARTESIANPOINTLIST2D(((-250.00000000000003,-449.9999999999996),(250.00000000000003,-449.9999999999996),(250.00000000000003,449.9999999999996),(-250.00000000000003,449.9999999999996),(-250.00000000000003,-449.9999999999996)));
#3162=IFCINDEXEDPOLYCURVE(#3161,$,.F.);
#3163=IFCARBITRARYCLOSEDPROFILEDEF(.AREA.,'StoneWindowArch',#3162);
#3164=IFCCARTESIANPOINT((650.,250.,0.));
#3165=IFCAXIS2PLACEMENT3D(#3164,#49,#146);
#3166=IFCEXTRUDEDAREASOLID(#3163,#3165,#49,200.00000000000014);
#3167=IFCCARTESIANPOINTLIST2D(((-400.00000000000114,-449.99999999999949),(400.00000000000301,-449.99999999999949),(400.00000000000301,449.99999999999949),(-400.0000000000046,449.99999999999949),(-850.00000000000057,-3.245956055585553E-012)));
#3168=IFCINDEXEDPOLYCURVE(#3167,(IFCLINEINDEX((1,2,3,4)),IFCARCINDEX((4,5,1))),.F.);
#3169=IFCARBITRARYCLOSEDPROFILEDEF(.AREA.,'StoneWindowArch',#3168);
#3170=IFCCARTESIANPOINT((650.,320.,600.));
#3171=IFCAXIS2PLACEMENT3D(#3170,#146,#1408);
#3172=IFCEXTRUDEDAREASOLID(#3169,#3171,#49,180.00000000001171);
#3173=IFCSTYLEDITEM(#3148,(#2545),$);
#3174=IFCSTYLEDITEM(#3154,(#2545),$);
#3175=IFCSTYLEDITEM(#3160,(#2545),$);
#3176=IFCSTYLEDITEM(#3166,(#2545),$);
#3177=IFCSTYLEDITEM(#3172,(#1792),$);
#3178=IFCSHAPEREPRESENTATION(#15,'Body','SweptSolid',(#3148,#3154,#3160,#3166,#3172));
#3179=IFCAXIS2PLACEMENT3D(#10,$,$);
#3180=IFCREPRESENTATIONMAP(#3179,#3178);
#3181=IFCWINDOWLININGPROPERTIES('08pzrbE8X9reLLOmy2mNts',#6,'archi_window_closed:StoneWindowArch:1699279',$,$,$,$,$,$,$,$,$,$,$,$,$);
#3182=IFCWINDOWTYPE('1L2wExHnOaSSY8$KSbdm8w',#6,'archi_window_closed:StoneWindowArch',$,$,(#3181),(#3180),'1699303',$,.WINDOW.,.NOTDEFINED.,$,$);
#3183=IFCMATERIALCONSTITUENT('Stone',$,#2556,1.,'');
#3184=IFCSHAPEREPRESENTATION(#15,'Body','SweptSolid',(#3148,#3154,#3160,#3166));
#3185=IFCSHAPEASPECT((#3184),'Stone',$,.U.,#3180);
#3186=IFCMATERIALCONSTITUENT('Tufelli_masonry_typeD',$,#1822,0.,'');
#3187=IFCSHAPEREPRESENTATION(#15,'Body','SweptSolid',(#3172));
#3188=IFCSHAPEASPECT((#3187),'Tufelli_masonry_typeD',$,.U.,#3180);
#3189=IFCMATERIALCONSTITUENTSET($,$,(#3183,#3186));
#3190=IFCMAPPEDITEM(#3180,#2557);
#3191=IFCSHAPEREPRESENTATION(#15,'Body','MappedRepresentation',(#3190));
#3192=IFCPRODUCTDEFINITIONSHAPE($,$,(#3191));
#3193=IFCCARTESIANPOINT((20589.674577223966,-12853.038197492891,455.90000000000032));
#3194=IFCAXIS2PLACEMENT3D(#3193,#49,#2592);
#3196=IFCWINDOW('08pzrbE8X9reLLOmu2mNts',#6,'archi_window_closed:StoneWindowArch:1699279',$,$,#7707,#3192,'1699279',1650.0000000000309,1300.0000000000682,.WINDOW.,.NOTDEFINED.,$);
#3197=IFCMATERIALCONSTITUENT('Stone',$,#2556,0.71237122003384179,'');
#3198=IFCMATERIALCONSTITUENT('Tufelli_masonry_typeD',$,#1822,0.28762877996615827,'');
#3199=IFCMATERIALCONSTITUENTSET($,$,(#3197,#3198));
#3200=IFCPROPERTYSET('00yv7Vc0I5VjPhRXh9DWcP',#6,'Pset_EnvironmentalImpactIndicators',$,(#2207));
#3201=IFCPROPERTYSET('1HZcgo$tpCwPCgG1kA0QEi',#6,'Pset_WindowCommon',$,(#84,#2207));
#3202=IFCRELDEFINESBYPROPERTIES('0QKQnRQUIHkpv1pdlwezYT',#6,$,$,(#3196),#3200);
#3203=IFCRELDEFINESBYPROPERTIES('0G$2nqLBDPqYLVx7_UzmoV',#6,$,$,(#3196),#3201);
#3204=IFCQUANTITYLENGTH('Width','',$,900.00000000000011,$);
#3205=IFCQUANTITYLENGTH('Height','',$,1000.0000000000001,$);
#3206=IFCQUANTITYLENGTH('Perimeter','',$,3913.7166941154137,$);
#3207=IFCQUANTITYAREA('Area','',$,5.0298422215113971,$);
#3208=IFCELEMENTQUANTITY('14mSG6clm6XrqLdLvMmW3x',#6,'Qto_WindowBaseQuantities',$,'BaseQuantities',(#3204,#3205,#3206,#3207));
#3209=IFCRELDEFINESBYPROPERTIES('3he_y4KWUi7_Bj_AaMMkZ4',#6,$,$,(#3196),#3208);
#3210=IFCMAPPEDITEM(#3180,#2557);
#3211=IFCSHAPEREPRESENTATION(#15,'Body','MappedRepresentation',(#3210));
#3212=IFCPRODUCTDEFINITIONSHAPE($,$,(#3211));
#3213=IFCCARTESIANPOINT((20589.674577223974,-8882.3472045993585,455.90000000000032));
#3214=IFCAXIS2PLACEMENT3D(#3213,#49,#2592);
#3216=IFCWINDOW('08pzrbE8X9reLLOmu2mM9m',#6,'archi_window_closed:StoneWindowArch:1700425',$,$,#7727,#3212,'1700425',1650.0000000000309,1300.0000000000662,.WINDOW.,.NOTDEFINED.,$);
#3217=IFCMATERIALCONSTITUENT('Stone',$,#2556,0.71237122003384179,'');
#3218=IFCMATERIALCONSTITUENT('Tufelli_masonry_typeD',$,#1822,0.28762877996615827,'');
#3219=IFCMATERIALCONSTITUENTSET($,$,(#3217,#3218));
#3220=IFCPROPERTYSET('2TjRNfYTvNvXBGs779yk7E',#6,'Pset_EnvironmentalImpactIndicators',$,(#2207));
#3221=IFCPROPERTYSET('273zHzvaPbfXi5jarVi_Iq',#6,'Pset_WindowCommon',$,(#84,#2207));
#3222=IFCRELDEFINESBYPROPERTIES('35YXw6kkIdS45A6LtPCjP8',#6,$,$,(#3216),#3220);
#3223=IFCRELDEFINESBYPROPERTIES('2YQBa_0Bj6wjNjNVaOcB1l',#6,$,$,(#3216),#3221);
#3224=IFCQUANTITYLENGTH('Width','',$,900.00000000000011,$);
#3225=IFCQUANTITYLENGTH('Height','',$,1000.0000000000001,$);
#3226=IFCQUANTITYLENGTH('Perimeter','',$,3913.7166941154137,$);
#3227=IFCQUANTITYAREA('Area','',$,5.0298422215113971,$);
#3228=IFCELEMENTQUANTITY('1JgWDDC$w8RvWNknCiBYFr',#6,'Qto_WindowBaseQuantities',$,'BaseQuantities',(#3224,#3225,#3226,#3227));
#3229=IFCRELDEFINESBYPROPERTIES('0QLFlupIbUbn0zxEH$dYDY',#6,$,$,(#3216),#3228);
#3230=IFCMAPPEDITEM(#2989,#2557);
#3231=IFCSHAPEREPRESENTATION(#15,'Body','MappedRepresentation',(#3230));
#3232=IFCPRODUCTDEFINITIONSHAPE($,$,(#3231));
#3233=IFCCARTESIANPOINT((20589.67457722397,-10482.347204599389,400.));
#3234=IFCAXIS2PLACEMENT3D(#3233,#49,#2592);
#3236=IFCWINDOW('08pzrbE8X9reLLOmu2mMCl',#6,'Window1:StoneWindows:1700630',$,$,#7749,#3232,'1700630',1500.,1400.,.WINDOW.,.NOTDEFINED.,$);
#3237=IFCPROPERTYSET('2zwHFB8mau$06ekpGr7ral',#6,'Pset_EnvironmentalImpactIndicators',$,(#1427));
#3238=IFCPROPERTYSET('0hR2fn2g2uBbq2ZPaoigRd',#6,'Pset_WindowCommon',$,(#84,#1427));
#3239=IFCRELDEFINESBYPROPERTIES('0WqEYYywb4yzs_fPvLg$UK',#6,$,$,(#3236),#3237);
#3240=IFCRELDEFINESBYPROPERTIES('3XJNQ6jFNvhT5Qh6JCwk2o',#6,$,$,(#3236),#3238);
#3241=IFCQUANTITYLENGTH('Width','',$,1400.,$);
#3242=IFCQUANTITYLENGTH('Height','',$,1500.,$);
#3243=IFCQUANTITYLENGTH('Perimeter','',$,1400.,$);
#3244=IFCQUANTITYAREA('Area','',$,3.8825175384680866,$);
#3245=IFCELEMENTQUANTITY('0wnvUm8pi3ut467BFA$asn',#6,'Qto_WindowBaseQuantities',$,'BaseQuantities',(#3241,#3242,#3243,#3244));
#3246=IFCRELDEFINESBYPROPERTIES('28zh__6I0Ywbu$EK0Ktd7M',#6,$,$,(#3236),#3245);
#3247=IFCCARTESIANPOINTLIST2D(((-250.00000000048394,-99.99999999999838),(250.00000000048394,-99.99999999999838),(250.00000000048394,99.99999999999838),(-250.00000000048394,99.99999999999838),(-250.00000000048394,-99.99999999999838)));
#3248=IFCINDEXEDPOLYCURVE(#3247,$,.F.);
#3249=IFCARBITRARYCLOSEDPROFILEDEF(.AREA.,'simple_arch_door',#3248);
#3250=IFCCARTESIANPOINT((800.,0.,0.));
#3251=IFCAXIS2PLACEMENT3D(#3250,#49,#146);
#3252=IFCEXTRUDEDAREASOLID(#3249,#3251,#49,1599.9999999999948);
#3253=IFCCARTESIANPOINTLIST2D(((-250.00000000048394,-100.00000000000041),(250.00000000048394,-100.00000000000041),(250.00000000048394,100.00000000000028),(-250.00000000048394,100.00000000000028),(-250.00000000048394,-100.00000000000041)));
#3254=IFCINDEXEDPOLYCURVE(#3253,$,.F.);
#3255=IFCARBITRARYCLOSEDPROFILEDEF(.AREA.,'simple_arch_door',#3254);
#3256=IFCCARTESIANPOINT((-800.,0.,0.));
#3257=IFCAXIS2PLACEMENT3D(#3256,#49,#146);
#3258=IFCEXTRUDEDAREASOLID(#3255,#3257,#49,1599.9999999999991);
#3259=IFCCARTESIANPOINTLIST2D(((-900.00000000001376,-1.0828671292983927E-012),(4.8492951066806224E-012,-900.00000000001387),(900.00000000001387,-2.7071678232459818E-013),(700.0000000000033,4.0607517348689726E-012),(2.527784747468763E-012,-700.00000000000352),(-700.0000000000033,-2.4364510409213838E-012)));
#3260=IFCINDEXEDPOLYCURVE(#3259,(IFCARCINDEX((1,2,3)),IFCLINEINDEX((3,4)),IFCARCINDEX((4,5,6)),IFCLINEINDEX((6,1))),.F.);
#3261=IFCARBITRARYCLOSEDPROFILEDEF(.AREA.,'simple_arch_door',#3260);
#3262=IFCCARTESIANPOINT((-0.,-250.,1600.));
#3263=IFCAXIS2PLACEMENT3D(#3262,#146,#1561);
#3264=IFCEXTRUDEDAREASOLID(#3261,#3263,#49,500.00000000096787);
#3265=IFCSTYLEDITEM(#3252,(#2545),$);
#3266=IFCSTYLEDITEM(#3258,(#2545),$);
#3267=IFCSTYLEDITEM(#3264,(#2545),$);
#3268=IFCSHAPEREPRESENTATION(#15,'Body','SweptSolid',(#3252,#3258,#3264));
#3269=IFCAXIS2PLACEMENT3D(#10,$,$);
#3270=IFCREPRESENTATIONMAP(#3269,#3268);
#3271=IFCDOORLININGPROPERTIES('08pzrbE8X9reLLOmy2mMEv',#6,'simple_arch_door:simple_arch_door:1700736',$,$,$,$,$,$,$,$,$,$,$,$,$,$);
#3272=IFCDOORPANELPROPERTIES('08pzrbE8X9reLLOmm2mMEv',#6,'simple_arch_door:simple_arch_door:1700736:1',$,$,.NOTDEFINED.,$,.NOTDEFINED.,$);
#3273=IFCDOORTYPE('3wC$IJHpt9aqZQ_vKvdcJx',#6,'simple_arch_door:simple_arch_door',$,$,(#3271,#3272),(#3270),'1700772',$,.DOOR.,.NOTDEFINED.,$,$);
#3274=IFCMAPPEDITEM(#3270,#2557);
#3275=IFCSHAPEREPRESENTATION(#15,'Body','MappedRepresentation',(#3274));
#3276=IFCPRODUCTDEFINITIONSHAPE($,$,(#3275));
#3277=IFCCARTESIANPOINT((20166.032860646457,-2353.5140049790898,-200.));
#3278=IFCDIRECTION((0.12870878250531753,-0.99168243369840881,0.));
#3279=IFCAXIS2PLACEMENT3D(#3277,#49,#3278);
#3280=IFCLOCALPLACEMENT(#24,#3279);
#3281=IFCDOOR('08pzrbE8X9reLLOmu2mMEv',#6,'simple_arch_door:simple_arch_door:1700736',$,$,#3280,#3276,'1700736',1170.3740868164359,2150.0000000000023,.DOOR.,$,$);
#3282=IFCPROPERTYSET('31TF68xI_$PqssrIeEZkX6',#6,'Pset_DoorCommon',$,(#1425,#1432));
#3283=IFCPROPERTYSET('0wa$75aIqFljZsrolEFaGC',#6,'Pset_EnvironmentalImpactIndicators',$,(#1432));
#3284=IFCRELDEFINESBYPROPERTIES('334LS_eLnSfSyO51f9I3G1',#6,$,$,(#3281),#3282);
#3285=IFCRELDEFINESBYPROPERTIES('1rYFpBtVusbHdd8Zzmn6N9',#6,$,$,(#3281),#3283);
#3286=IFCQUANTITYLENGTH('Width','',$,1800.0000000000002,$);
#3287=IFCQUANTITYLENGTH('Height','',$,1100.,$);
#3288=IFCQUANTITYLENGTH('Perimeter','',$,5426.5482457437556,$);
#3289=IFCQUANTITYAREA('Area','',$,4.2992743981955135,$);
#3290=IFCELEMENTQUANTITY('2AE$miFMO5z$FBZavE8RfW',#6,'Qto_DoorBaseQuantities',$,'BaseQuantities',(#3286,#3287,#3288,#3289));
#3291=IFCRELDEFINESBYPROPERTIES('0jwWgCa$xXo$80cXr2Whgh',#6,$,$,(#3281),#3290);
#3292=IFCCARTESIANPOINTLIST2D(((-249.99999999999622,-599.99999999999977),(249.99999999999622,-599.99999999999977),(249.99999999999622,599.99999999999977),(-249.99999999999622,599.99999999999977),(-249.99999999999622,-599.99999999999977)));
#3293=IFCINDEXEDPOLYCURVE(#3292,$,.F.);
#3294=IFCARBITRARYCLOSEDPROFILEDEF(.AREA.,'StoneWindows',#3293);
#3295=IFCCARTESIANPOINT((-0.,0.,1800.));
#3296=IFCAXIS2PLACEMENT3D(#3295,#49,#146);
#3297=IFCEXTRUDEDAREASOLID(#3294,#3296,#49,200.);
#3298=IFCCARTESIANPOINTLIST2D(((-249.99999999999622,-599.99999999999977),(249.99999999999622,-599.99999999999977),(249.99999999999622,599.99999999999977),(-249.99999999999622,599.99999999999977),(-249.99999999999622,-599.99999999999977)));
#3299=IFCINDEXEDPOLYCURVE(#3298,$,.F.);
#3300=IFCARBITRARYCLOSEDPROFILEDEF(.AREA.,'StoneWindows',#3299);
#3301=IFCCARTESIANPOINT((-0.,0.,800.));
#3302=IFCAXIS2PLACEMENT3D(#3301,#49,#146);
#3303=IFCEXTRUDEDAREASOLID(#3300,#3302,#49,165.03507693617399);
#3304=IFCCARTESIANPOINTLIST2D(((-249.99999999999622,-100.),(249.99999999999622,-100.),(249.99999999999622,100.),(-249.99999999999622,100.),(-249.99999999999622,-100.)));
#3305=IFCINDEXEDPOLYCURVE(#3304,$,.F.);
#3306=IFCARBITRARYCLOSEDPROFILEDEF(.AREA.,'StoneWindows',#3305);
#3307=IFCCARTESIANPOINT((-500.,0.,965.03507693617291));
#3308=IFCAXIS2PLACEMENT3D(#3307,#49,#146);
#3309=IFCEXTRUDEDAREASOLID(#3306,#3308,#49,834.96492306382606);
#3310=IFCCARTESIANPOINTLIST2D(((-249.99999999999622,-100.),(249.99999999999622,-100.),(249.99999999999622,100.),(-249.99999999999622,100.),(-249.99999999999622,-100.)));
#3311=IFCINDEXEDPOLYCURVE(#3310,$,.F.);
#3312=IFCARBITRARYCLOSEDPROFILEDEF(.AREA.,'StoneWindows',#3311);
#3313=IFCCARTESIANPOINT((500.,0.,965.03507693617291));
#3314=IFCAXIS2PLACEMENT3D(#3313,#49,#146);
#3315=IFCEXTRUDEDAREASOLID(#3312,#3314,#49,834.96492306382606);
#3316=IFCSTYLEDITEM(#3297,(#2545),$);
#3317=IFCSTYLEDITEM(#3303,(#2545),$);
#3318=IFCSTYLEDITEM(#3309,(#2545),$);
#3319=IFCSTYLEDITEM(#3315,(#2545),$);
#3320=IFCSHAPEREPRESENTATION(#15,'Body','SweptSolid',(#3297,#3303,#3309,#3315));
#3321=IFCAXIS2PLACEMENT3D(#10,$,$);
#3322=IFCREPRESENTATIONMAP(#3321,#3320);
#3323=IFCWINDOWLININGPROPERTIES('2cVTFzTer1sumg7ajXGJKn',#6,'Window1:StoneWindows:1702018',$,$,$,$,$,$,$,$,$,$,$,$,$);
#3324=IFCWINDOWTYPE('17qLG9T9Tt0ugKiF2jKm3l',#6,'Window1:StoneWindows',$,$,(#3323),(#3322),'1695326',$,.WINDOW.,.NOTDEFINED.,$,$);
#3325=IFCMAPPEDITEM(#3322,#2557);
#3326=IFCSHAPEREPRESENTATION(#15,'Body','MappedRepresentation',(#3325));
#3327=IFCPRODUCTDEFINITIONSHAPE($,$,(#3326));
#3328=IFCCARTESIANPOINT((20595.775957996306,-5664.622014468514,900.));
#3329=IFCDIRECTION((0.12870878250531753,-0.99168243369840881,0.));
#3330=IFCAXIS2PLACEMENT3D(#3328,#49,#3329);
#3331=IFCLOCALPLACEMENT(#24,#3330);
#3332=IFCWINDOW('2cVTFzTer1sumg7afXGJKn',#6,'Window1:StoneWindows:1702018',$,$,#3331,#3327,'1702018',721.15266599151278,1199.9999999999995,.WINDOW.,.NOTDEFINED.,$);
#3333=IFCPROPERTYSET('2KKKxuCTcwHScsGKEXW0NU',#6,'Pset_EnvironmentalImpactIndicators',$,(#1427));
#3334=IFCPROPERTYSET('0H7TY$x6ZMBAGwAKF4oqFu',#6,'Pset_WindowCommon',$,(#1425,#1427));
#3335=IFCRELDEFINESBYPROPERTIES('1LeTQco2RGWbt1OmIzknUn',#6,$,$,(#3332),#3333);
#3336=IFCRELDEFINESBYPROPERTIES('1IlzJCpskVuvkVh2byIJrO',#6,$,$,(#3332),#3334);
#3337=IFCQUANTITYLENGTH('Width','',$,1200.,$);
#3338=IFCQUANTITYLENGTH('Height','',$,1200.,$);
#3339=IFCQUANTITYLENGTH('Perimeter','',$,1399.999999999985,$);
#3340=IFCQUANTITYAREA('Area','',$,3.1895105230808158,$);
#3341=IFCELEMENTQUANTITY('3mCe8lAAXL4BgKDa_6lymU',#6,'Qto_WindowBaseQuantities',$,'BaseQuantities',(#3337,#3338,#3339,#3340));
#3342=IFCRELDEFINESBYPROPERTIES('1pIvUjyK9DSqviHkynvMu$',#6,$,$,(#3332),#3341);
#3343=IFCMAPPEDITEM(#3322,#2557);
#3344=IFCSHAPEREPRESENTATION(#15,'Body','MappedRepresentation',(#3343));
#3345=IFCPRODUCTDEFINITIONSHAPE($,$,(#3344));
#3346=IFCCARTESIANPOINT((20239.685830685234,-2920.9994178269299,1600.));
#3347=IFCDIRECTION((0.12870878250531792,-0.99168243369840869,0.));
#3348=IFCAXIS2PLACEMENT3D(#3346,#49,#3347);
#3349=IFCLOCALPLACEMENT(#24,#3348);
#3350=IFCWINDOW('1b6LOlXV9B9POL9jHQJdDQ',#6,'Window1:StoneWindows:1702223',$,$,#3349,#3345,'1702223',721.15266599151278,1199.9999999999995,.WINDOW.,.NOTDEFINED.,$);
#3351=IFCPROPERTYSET('0cTjsOIjelQ3hHrBSX0DMh',#6,'Pset_EnvironmentalImpactIndicators',$,(#1427));
#3352=IFCPROPERTYSET('1h5cnIbdc5VeBlfLAeFM77',#6,'Pset_WindowCommon',$,(#1425,#1427));
#3353=IFCRELDEFINESBYPROPERTIES('2ZYcit4jubqdL5ILxqoNsL',#6,$,$,(#3350),#3351);
#3354=IFCRELDEFINESBYPROPERTIES('2GQcVLYXNen08ntrbhF4sW',#6,$,$,(#3350),#3352);
#3355=IFCQUANTITYLENGTH('Width','',$,1200.,$);
#3356=IFCQUANTITYLENGTH('Height','',$,1200.,$);
#3357=IFCQUANTITYLENGTH('Perimeter','',$,1399.999999999985,$);
#3358=IFCQUANTITYAREA('Area','',$,3.1895105230808158,$);
#3359=IFCELEMENTQUANTITY('3qPfMVyNTfdeaZJ5$LcZlE',#6,'Qto_WindowBaseQuantities',$,'BaseQuantities',(#3355,#3356,#3357,#3358));
#3360=IFCRELDEFINESBYPROPERTIES('3vFC401EHGNSUT1GNS0RK3',#6,$,$,(#3350),#3359);
#3361=IFCCARTESIANPOINTLIST2D(((-249.99999999999622,-499.99999999999977),(249.99999999999622,-499.99999999999977),(249.99999999999622,499.99999999999977),(-249.99999999999622,499.99999999999977),(-249.99999999999622,-499.99999999999977)));
#3362=IFCINDEXEDPOLYCURVE(#3361,$,.F.);
#3363=IFCARBITRARYCLOSEDPROFILEDEF(.AREA.,'StoneWindows',#3362);
#3364=IFCCARTESIANPOINT((-0.,0.,2100.));
#3365=IFCAXIS2PLACEMENT3D(#3364,#49,#146);
#3366=IFCEXTRUDEDAREASOLID(#3363,#3365,#49,200.);
#3367=IFCCARTESIANPOINTLIST2D(((-249.99999999999622,-499.99999999999977),(249.99999999999622,-499.99999999999977),(249.99999999999622,499.99999999999977),(-249.99999999999622,499.99999999999977),(-249.99999999999622,-499.99999999999977)));
#3368=IFCINDEXEDPOLYCURVE(#3367,$,.F.);
#3369=IFCARBITRARYCLOSEDPROFILEDEF(.AREA.,'StoneWindows',#3368);
#3370=IFCCARTESIANPOINT((-0.,0.,800.));
#3371=IFCAXIS2PLACEMENT3D(#3370,#49,#146);
#3372=IFCEXTRUDEDAREASOLID(#3369,#3371,#49,165.03507693617399);
#3373=IFCCARTESIANPOINTLIST2D(((-249.99999999999622,-100.),(249.99999999999622,-100.),(249.99999999999622,100.),(-249.99999999999622,100.),(-249.99999999999622,-100.)));
#3374=IFCINDEXEDPOLYCURVE(#3373,$,.F.);
#3375=IFCARBITRARYCLOSEDPROFILEDEF(.AREA.,'StoneWindows',#3374);
#3376=IFCCARTESIANPOINT((-400.,0.,965.03507693617269));
#3377=IFCAXIS2PLACEMENT3D(#3376,#49,#146);
#3378=IFCEXTRUDEDAREASOLID(#3375,#3377,#49,1134.9649230638261);
#3379=IFCCARTESIANPOINTLIST2D(((-249.99999999999622,-100.),(249.99999999999622,-100.),(249.99999999999622,100.),(-249.99999999999622,100.),(-249.99999999999622,-100.)));
#3380=IFCINDEXEDPOLYCURVE(#3379,$,.F.);
#3381=IFCARBITRARYCLOSEDPROFILEDEF(.AREA.,'StoneWindows',#3380);
#3382=IFCCARTESIANPOINT((400.,0.,965.03507693617269));
#3383=IFCAXIS2PLACEMENT3D(#3382,#49,#146);
#3384=IFCEXTRUDEDAREASOLID(#3381,#3383,#49,1134.9649230638261);
#3385=IFCSTYLEDITEM(#3366,(#2545),$);
#3386=IFCSTYLEDITEM(#3372,(#2545),$);
#3387=IFCSTYLEDITEM(#3378,(#2545),$);
#3388=IFCSTYLEDITEM(#3384,(#2545),$);
#3389=IFCSHAPEREPRESENTATION(#15,'Body','SweptSolid',(#3366,#3372,#3378,#3384));
#3390=IFCAXIS2PLACEMENT3D(#10,$,$);
#3391=IFCREPRESENTATIONMAP(#3390,#3389);
#3392=IFCWINDOWLININGPROPERTIES('1b6LOlXV9B9POL9jLQJdFJ',#6,'Window1:StoneWindows:1702342',$,$,$,$,$,$,$,$,$,$,$,$,$);
#3393=IFCWINDOWTYPE('0arvCOa5G6_iJaRMLq125U',#6,'Window1:StoneWindows',$,$,(#3392),(#3391),'1695326',$,.WINDOW.,.NOTDEFINED.,$,$);
#3394=IFCMAPPEDITEM(#3391,#2557);
#3395=IFCSHAPEREPRESENTATION(#15,'Body','MappedRepresentation',(#3394));
#3396=IFCPRODUCTDEFINITIONSHAPE($,$,(#3395));
#3397=IFCCARTESIANPOINT((20636.135578033103,-5975.5870119004876,-484.4046190576172));
#3398=IFCDIRECTION((0.12870878250531792,-0.99168243369840869,0.));
#3399=IFCAXIS2PLACEMENT3D(#3397,#49,#3398);
#3400=IFCLOCALPLACEMENT(#28,#3399);
#3401=IFCWINDOW('1b6LOlXV9B9POL9jHQJdFJ',#6,'Window1:StoneWindows:1702342',$,$,#3400,#3396,'1702342',721.15266599151278,999.99999999999955,.WINDOW.,.NOTDEFINED.,$);
#3402=IFCPROPERTYSET('1jOlEOwmr774W742c$V9mZ',#6,'Pset_EnvironmentalImpactIndicators',$,(#1427));
#3403=IFCPROPERTYSET('0GN2Hwa1$L4EAk$qnz3TlA',#6,'Pset_WindowCommon',$,(#1425,#1427));
#3404=IFCRELDEFINESBYPROPERTIES('0a91NrYZ5Rgq3S$ZCtYGrh',#6,$,$,(#3401),#3402);
#3405=IFCRELDEFINESBYPROPERTIES('2Truv2ztvluINb70QoFGjc',#6,$,$,(#3401),#3403);
#3406=IFCQUANTITYLENGTH('Width','',$,1000.0000000000001,$);
#3407=IFCQUANTITYLENGTH('Height','',$,1500.,$);
#3408=IFCQUANTITYLENGTH('Perimeter','',$,1399.999999999985,$);
#3409=IFCQUANTITYAREA('Area','',$,3.3365035076935796,$);
#3410=IFCELEMENTQUANTITY('0xVaKJcHS_APL0C4wmnRY7',#6,'Qto_WindowBaseQuantities',$,'BaseQuantities',(#3406,#3407,#3408,#3409));
#3411=IFCRELDEFINESBYPROPERTIES('1ZhFHrRGULRAW25meV3Yny',#6,$,$,(#3401),#3410);
#3412=IFCMAPPEDITEM(#3391,#2557);
#3413=IFCSHAPEREPRESENTATION(#15,'Body','MappedRepresentation',(#3412));
#3414=IFCPRODUCTDEFINITIONSHAPE($,$,(#3413));
#3415=IFCCARTESIANPOINT((20636.135578033107,-5975.5870119004876,-3984.4046190577851));
#3416=IFCDIRECTION((-0.12870878250531753,0.99168243369840881,0.));
#3417=IFCAXIS2PLACEMENT3D(#3415,#49,#3416);
#3418=IFCLOCALPLACEMENT(#32,#3417);
#3419=IFCWINDOW('1b6LOlXV9B9POL9jHQJdF5',#6,'Window1:StoneWindows:1702352',$,$,#3418,#3414,'1702352',721.15266599151278,999.99999999999955,.WINDOW.,.NOTDEFINED.,$);
#3420=IFCPROPERTYSET('029JELUR1ntJHRuE1Magkc',#6,'Pset_EnvironmentalImpactIndicators',$,(#1427));
#3421=IFCPROPERTYSET('1l2AjqemVD6tc3jdcfy45n',#6,'Pset_WindowCommon',$,(#1425,#1427));
#3422=IFCRELDEFINESBYPROPERTIES('3Kec5xvAnkguuB_BGzsbDo',#6,$,$,(#3419),#3420);
#3423=IFCRELDEFINESBYPROPERTIES('0R7tOU97hnt8bkKvXK19hv',#6,$,$,(#3419),#3421);
#3424=IFCQUANTITYLENGTH('Width','',$,1000.0000000000001,$);
#3425=IFCQUANTITYLENGTH('Height','',$,1500.,$);
#3426=IFCQUANTITYLENGTH('Perimeter','',$,1399.999999999985,$);
#3427=IFCQUANTITYAREA('Area','',$,3.3365035076935796,$);
#3428=IFCELEMENTQUANTITY('1_r8m6qdoM42e$6Edv48qU',#6,'Qto_WindowBaseQuantities',$,'BaseQuantities',(#3424,#3425,#3426,#3427));
#3429=IFCRELDEFINESBYPROPERTIES('3QdqjRPcE22pLPhLy9Akns',#6,$,$,(#3419),#3428);
#3430=IFCMAPPEDITEM(#3391,#2557);
#3431=IFCSHAPEREPRESENTATION(#15,'Body','MappedRepresentation',(#3430));
#3432=IFCPRODUCTDEFINITIONSHAPE($,$,(#3431));
#3433=IFCCARTESIANPOINT((20636.135578033103,-5975.5870119004885,-484.4046190576172));
#3434=IFCDIRECTION((0.12870878250531792,-0.99168243369840869,0.));
#3435=IFCAXIS2PLACEMENT3D(#3433,#49,#3434);
#3436=IFCLOCALPLACEMENT(#28,#3435);
#3437=IFCWINDOW('1b6LOlXV9B9POL9jHQJdFW',#6,'Window1:StoneWindows:1702389',$,$,#3436,#3432,'1702389',721.15266599151278,999.99999999999955,.WINDOW.,.NOTDEFINED.,$);
#3438=IFCPROPERTYSET('0h92EoVbRJL14XBusfl5EK',#6,'Pset_EnvironmentalImpactIndicators',$,(#1427));
#3439=IFCPROPERTYSET('21fixowy8B1kA782mVI1jU',#6,'Pset_WindowCommon',$,(#1425,#1427));
#3440=IFCRELDEFINESBYPROPERTIES('0FGg9ERHxhuNv9knnPdBUs',#6,$,$,(#3437),#3438);
#3441=IFCRELDEFINESBYPROPERTIES('3BBdsmskKk9y4Gn297WfQJ',#6,$,$,(#3437),#3439);
#3442=IFCQUANTITYLENGTH('Width','',$,1000.0000000000001,$);
#3443=IFCQUANTITYLENGTH('Height','',$,1500.,$);
#3444=IFCQUANTITYLENGTH('Perimeter','',$,1399.999999999985,$);
#3445=IFCQUANTITYAREA('Area','',$,3.3365035076935796,$);
#3446=IFCELEMENTQUANTITY('328mtZrCIzehtm8hkxo0S7',#6,'Qto_WindowBaseQuantities',$,'BaseQuantities',(#3442,#3443,#3444,#3445));
#3447=IFCRELDEFINESBYPROPERTIES('3YWHzNSUVXod_oTsAhpRCL',#6,$,$,(#3437),#3446);
#3448=IFCCARTESIANPOINTLIST2D(((-249.99999999999622,-599.99999999999977),(249.99999999999622,-599.99999999999977),(249.99999999999622,599.99999999999977),(-249.99999999999622,599.99999999999977),(-249.99999999999622,-599.99999999999977)));
#3449=IFCINDEXEDPOLYCURVE(#3448,$,.F.);
#3450=IFCARBITRARYCLOSEDPROFILEDEF(.AREA.,'StoneWindows',#3449);
#3451=IFCCARTESIANPOINT((-0.,0.,2100.));
#3452=IFCAXIS2PLACEMENT3D(#3451,#49,#146);
#3453=IFCEXTRUDEDAREASOLID(#3450,#3452,#49,200.);
#3454=IFCCARTESIANPOINTLIST2D(((-249.99999999999622,-599.99999999999977),(249.99999999999622,-599.99999999999977),(249.99999999999622,599.99999999999977),(-249.99999999999622,599.99999999999977),(-249.99999999999622,-599.99999999999977)));
#3455=IFCINDEXEDPOLYCURVE(#3454,$,.F.);
#3456=IFCARBITRARYCLOSEDPROFILEDEF(.AREA.,'StoneWindows',#3455);
#3457=IFCCARTESIANPOINT((-0.,0.,800.));
#3458=IFCAXIS2PLACEMENT3D(#3457,#49,#146);
#3459=IFCEXTRUDEDAREASOLID(#3456,#3458,#49,165.03507693617399);
#3460=IFCCARTESIANPOINTLIST2D(((-249.99999999999622,-100.),(249.99999999999622,-100.),(249.99999999999622,100.),(-249.99999999999622,100.),(-249.99999999999622,-100.)));
#3461=IFCINDEXEDPOLYCURVE(#3460,$,.F.);
#3462=IFCARBITRARYCLOSEDPROFILEDEF(.AREA.,'StoneWindows',#3461);
#3463=IFCCARTESIANPOINT((-500.,0.,965.03507693617291));
#3464=IFCAXIS2PLACEMENT3D(#3463,#49,#146);
#3465=IFCEXTRUDEDAREASOLID(#3462,#3464,#49,1134.9649230638261);
#3466=IFCCARTESIANPOINTLIST2D(((-249.99999999999622,-100.),(249.99999999999622,-100.),(249.99999999999622,100.),(-249.99999999999622,100.),(-249.99999999999622,-100.)));
#3467=IFCINDEXEDPOLYCURVE(#3466,$,.F.);
#3468=IFCARBITRARYCLOSEDPROFILEDEF(.AREA.,'StoneWindows',#3467);
#3469=IFCCARTESIANPOINT((500.,0.,965.03507693617291));
#3470=IFCAXIS2PLACEMENT3D(#3469,#49,#146);
#3471=IFCEXTRUDEDAREASOLID(#3468,#3470,#49,1134.9649230638261);
#3472=IFCSTYLEDITEM(#3453,(#2545),$);
#3473=IFCSTYLEDITEM(#3459,(#2545),$);
#3474=IFCSTYLEDITEM(#3465,(#2545),$);
#3475=IFCSTYLEDITEM(#3471,(#2545),$);
#3476=IFCSHAPEREPRESENTATION(#15,'Body','SweptSolid',(#3453,#3459,#3465,#3471));
#3477=IFCAXIS2PLACEMENT3D(#10,$,$);
#3478=IFCREPRESENTATIONMAP(#3477,#3476);
#3479=IFCWINDOWLININGPROPERTIES('1b6LOlXV9B9POL9jLQJd0L',#6,'Window1:StoneWindows:1702400',$,$,$,$,$,$,$,$,$,$,$,$,$);
#3480=IFCWINDOWTYPE('1WGunhpEGR4Ce_hVGUB0Fm',#6,'Window1:StoneWindows',$,$,(#3479),(#3478),'1695326',$,.WINDOW.,.NOTDEFINED.,$,$);
#3481=IFCMAPPEDITEM(#3478,#2557);
#3482=IFCSHAPEREPRESENTATION(#15,'Body','MappedRepresentation',(#3481));
#3483=IFCPRODUCTDEFINITIONSHAPE($,$,(#3482));
#3484=IFCCARTESIANPOINT((20633.473499079682,-5955.0760810700995,-300.));
#3485=IFCDIRECTION((0.12870878250531792,-0.99168243369840869,0.));
#3486=IFCAXIS2PLACEMENT3D(#3484,#49,#3485);
#3487=IFCLOCALPLACEMENT(#32,#3486);
#3488=IFCWINDOW('1b6LOlXV9B9POL9jHQJd0L',#6,'Window1:StoneWindows:1702400',$,$,#3487,#3483,'1702400',721.15266599151278,1199.9999999999995,.WINDOW.,.NOTDEFINED.,$);
#3489=IFCPROPERTYSET('1ZDew8mqA6mtNMSsz1$up_',#6,'Pset_EnvironmentalImpactIndicators',$,(#1427));
#3490=IFCPROPERTYSET('17AH5CV66d3i3Q4ThLaQZJ',#6,'Pset_WindowCommon',$,(#1425,#1427));
#3491=IFCRELDEFINESBYPROPERTIES('0rHZgVQNimdr2wAVIr2Vjo',#6,$,$,(#3488),#3489);
#3492=IFCRELDEFINESBYPROPERTIES('0XLsed$mGGVIPwDAb4YnoU',#6,$,$,(#3488),#3490);
#3493=IFCQUANTITYLENGTH('Width','',$,1200.,$);
#3494=IFCQUANTITYLENGTH('Height','',$,1500.,$);
#3495=IFCQUANTITYLENGTH('Perimeter','',$,1399.999999999985,$);
#3496=IFCQUANTITYAREA('Area','',$,3.6095105230808113,$);
#3497=IFCELEMENTQUANTITY('2H3cF4z5lPJ$NiFY$3WGNk',#6,'Qto_WindowBaseQuantities',$,'BaseQuantities',(#3493,#3494,#3495,#3496));
#3498=IFCRELDEFINESBYPROPERTIES('3SE7QhM8McKVed5D7ArmYV',#6,$,$,(#3488),#3497);
#3499=IFCMAPPEDITEM(#3478,#2557);
#3500=IFCSHAPEREPRESENTATION(#15,'Body','MappedRepresentation',(#3499));
#3501=IFCPRODUCTDEFINITIONSHAPE($,$,(#3500));
#3502=IFCCARTESIANPOINT((20225.703992825067,-2813.271392381796,-300.));
#3503=IFCDIRECTION((0.12870878250531792,-0.99168243369840869,0.));
#3504=IFCAXIS2PLACEMENT3D(#3502,#49,#3503);
#3505=IFCLOCALPLACEMENT(#32,#3504);
#3506=IFCWINDOW('1b6LOlXV9B9POL9jHQJd0M',#6,'Window1:StoneWindows:1702403',$,$,#3505,#3501,'1702403',721.15266599151278,1199.9999999999995,.WINDOW.,.NOTDEFINED.,$);
#3507=IFCPROPERTYSET('2nXwe3suXNMIghSinN2npl',#6,'Pset_EnvironmentalImpactIndicators',$,(#1427));
#3508=IFCPROPERTYSET('0j8lrORwUZ9wT8Fh5Yl$dk',#6,'Pset_WindowCommon',$,(#1425,#1427));
#3509=IFCRELDEFINESBYPROPERTIES('3RxZyzj9zRPOae2MCF9Rl1',#6,$,$,(#3506),#3507);
#3510=IFCRELDEFINESBYPROPERTIES('0thF45tm3ceOC6LPUcc4aR',#6,$,$,(#3506),#3508);
#3511=IFCQUANTITYLENGTH('Width','',$,1200.,$);
#3512=IFCQUANTITYLENGTH('Height','',$,1500.,$);
#3513=IFCQUANTITYLENGTH('Perimeter','',$,1399.999999999985,$);
#3514=IFCQUANTITYAREA('Area','',$,3.6095105230808113,$);
#3515=IFCELEMENTQUANTITY('0h0rOP3TeHHam9t6NR0so0',#6,'Qto_WindowBaseQuantities',$,'BaseQuantities',(#3511,#3512,#3513,#3514));
#3516=IFCRELDEFINESBYPROPERTIES('1DzlFG8stcghtkh7fSPMPu',#6,$,$,(#3506),#3515);
#3517=IFCCARTESIANPOINTLIST2D(((399.99999999999983,1.3535839116229909E-012),(600.00000000002603,-7.3093531227641509E-012),(6.5749874396312617E-012,600.00000000002467),(-600.00000000002603,1.0828671292983927E-012),(-399.99999999999983,-2.7071678232459817E-012),(-3.2745153209513195E-012,399.99999999999841)));
#3518=IFCINDEXEDPOLYCURVE(#3517,(IFCLINEINDEX((1,2)),IFCARCINDEX((2,3,4)),IFCLINEINDEX((4,5)),IFCARCINDEX((5,6,1))),.F.);
#3519=IFCARBITRARYCLOSEDPROFILEDEF(.AREA.,'StoneWindowArch',#3518);
#3520=IFCCARTESIANPOINT((-0.,-250.,1800.));
#3521=IFCAXIS2PLACEMENT3D(#3520,#2592,#1561);
#3522=IFCEXTRUDEDAREASOLID(#3519,#3521,#1408,500.00000000000006);
#3523=IFCCARTESIANPOINTLIST2D(((-250.00000000000003,-100.00000000001666),(250.00000000000003,-100.00000000001666),(250.00000000000003,100.00000000001666),(-250.00000000000003,100.00000000001666),(-250.00000000000003,-100.00000000001666)));
#3524=IFCINDEXEDPOLYCURVE(#3523,$,.F.);
#3525=IFCARBITRARYCLOSEDPROFILEDEF(.AREA.,'StoneWindowArch',#3524);
#3526=IFCCARTESIANPOINT((500.,0.,800.));
#3527=IFCAXIS2PLACEMENT3D(#3526,#49,#146);
#3528=IFCEXTRUDEDAREASOLID(#3525,#3527,#49,1000.0000000000024);
#3529=IFCCARTESIANPOINTLIST2D(((-250.00000000000003,-100.00000000001673),(250.00000000000003,-100.00000000001673),(250.00000000000003,100.00000000001673),(-250.00000000000003,100.00000000001673),(-250.00000000000003,-100.00000000001673)));
#3530=IFCINDEXEDPOLYCURVE(#3529,$,.F.);
#3531=IFCARBITRARYCLOSEDPROFILEDEF(.AREA.,'StoneWindowArch',#3530);
#3532=IFCCARTESIANPOINT((-500.,0.,800.));
#3533=IFCAXIS2PLACEMENT3D(#3532,#49,#146);
#3534=IFCEXTRUDEDAREASOLID(#3531,#3533,#49,999.99999999999966);
#3535=IFCCARTESIANPOINTLIST2D(((-250.00000000000003,-399.99999999999977),(250.00000000000003,-399.99999999999977),(250.00000000000003,399.99999999999977),(-250.00000000000003,399.99999999999977),(-250.00000000000003,-399.99999999999977)));
#3536=IFCINDEXEDPOLYCURVE(#3535,$,.F.);
#3537=IFCARBITRARYCLOSEDPROFILEDEF(.AREA.,'StoneWindowArch',#3536);
#3538=IFCCARTESIANPOINT((-0.,0.,800.));
#3539=IFCAXIS2PLACEMENT3D(#3538,#49,#146);
#3540=IFCEXTRUDEDAREASOLID(#3537,#3539,#49,200.00000000000014);
#3541=IFCSTYLEDITEM(#3522,(#2545),$);
#3542=IFCSTYLEDITEM(#3528,(#2545),$);
#3543=IFCSTYLEDITEM(#3534,(#2545),$);
#3544=IFCSTYLEDITEM(#3540,(#2545),$);
#3545=IFCSHAPEREPRESENTATION(#15,'Body','SweptSolid',(#3522,#3528,#3534,#3540));
#3546=IFCAXIS2PLACEMENT3D(#10,$,$);
#3547=IFCREPRESENTATIONMAP(#3546,#3545);
#3548=IFCWINDOWLININGPROPERTIES('1b6LOlXV9B9POL9jLQJd0z',#6,'archi_window:StoneWindowArch:1702440',$,$,$,$,$,$,$,$,$,$,$,$,$);
#3549=IFCWINDOWTYPE('1aQt_FbTsa1DRKsz00adqD',#6,'archi_window:StoneWindowArch',$,$,(#3548),(#3547),'1702464',$,.WINDOW.,.NOTDEFINED.,$,$);
#3550=IFCMAPPEDITEM(#3547,#2557);
#3551=IFCSHAPEREPRESENTATION(#15,'Body','MappedRepresentation',(#3550));
#3552=IFCPRODUCTDEFINITIONSHAPE($,$,(#3551));
#3553=IFCCARTESIANPOINT((20202.484667882301,-2634.369873620833,-558.01140322386516));
#3554=IFCDIRECTION((0.12870878250531792,-0.99168243369840869,0.));
#3555=IFCAXIS2PLACEMENT3D(#3553,#49,#3554);
#3556=IFCLOCALPLACEMENT(#28,#3555);
#3557=IFCWINDOW('1b6LOlXV9B9POL9jHQJd0z',#6,'archi_window:StoneWindowArch:1702440',$,$,#3556,#3552,'1702440',721.15266599151664,1200.0000000000662,.WINDOW.,.NOTDEFINED.,$);
#3558=IFCPROPERTYSET('1QHyyJsD0J9cHXWEqXNOCI',#6,'Pset_EnvironmentalImpactIndicators',$,(#2207));
#3559=IFCPROPERTYSET('3Ma$1djw57hN2v6CYH4DBp',#6,'Pset_WindowCommon',$,(#1425,#2207));
#3560=IFCRELDEFINESBYPROPERTIES('2d1JFJ9E1GQu8kenF1WOXF',#6,$,$,(#3557),#3558);
#3561=IFCRELDEFINESBYPROPERTIES('1BOAQ1Q8q7aI0FMrexAn9Q',#6,$,$,(#3557),#3559);
#3562=IFCQUANTITYLENGTH('Width','',$,800.,$);
#3563=IFCQUANTITYLENGTH('Height','',$,1000.0000000000001,$);
#3564=IFCQUANTITYLENGTH('Perimeter','',$,2599.9999999999991,$);
#3565=IFCQUANTITYAREA('Area','',$,3.4595807969875154,$);
#3566=IFCELEMENTQUANTITY('3Q3NsZZ8T0R$C6zFcQOdwJ',#6,'Qto_WindowBaseQuantities',$,'BaseQuantities',(#3562,#3563,#3564,#3565));
#3567=IFCRELDEFINESBYPROPERTIES('0fAXqy3cpz30Ro59dgZWuG',#6,$,$,(#3557),#3566);
#3568=IFCCARTESIANPOINTLIST2D(((-250.00000000000003,-599.99999999999977),(250.00000000000003,-599.99999999999977),(250.00000000000003,599.99999999999977),(-250.00000000000003,599.99999999999977),(-250.00000000000003,-599.99999999999977)));
#3569=IFCINDEXEDPOLYCURVE(#3568,$,.F.);
#3570=IFCARBITRARYCLOSEDPROFILEDEF(.AREA.,'BrickWindow',#3569);
#3571=IFCCARTESIANPOINT((600.,250.,1300.));
#3572=IFCAXIS2PLACEMENT3D(#3571,#49,#146);
#3573=IFCEXTRUDEDAREASOLID(#3570,#3572,#49,200.);
#3574=IFCCARTESIANPOINTLIST2D(((-250.00000000000003,-599.99999999999977),(250.00000000000003,-599.99999999999977),(250.00000000000003,599.99999999999977),(-250.00000000000003,599.99999999999977),(-250.00000000000003,-599.99999999999977)));
#3575=IFCINDEXEDPOLYCURVE(#3574,$,.F.);
#3576=IFCARBITRARYCLOSEDPROFILEDEF(.AREA.,'BrickWindow',#3575);
#3577=IFCCARTESIANPOINT((600.,250.,0.));
#3578=IFCAXIS2PLACEMENT3D(#3577,#49,#146);
#3579=IFCEXTRUDEDAREASOLID(#3576,#3578,#49,165.03507693617399);
#3580=IFCCARTESIANPOINTLIST2D(((-250.00000000000003,-100.),(250.00000000000003,-100.),(250.00000000000003,100.),(-250.00000000000003,100.),(-250.00000000000003,-100.)));
#3581=IFCINDEXEDPOLYCURVE(#3580,$,.F.);
#3582=IFCARBITRARYCLOSEDPROFILEDEF(.AREA.,'BrickWindow',#3581);
#3583=IFCCARTESIANPOINT((100.,250.,165.03507693617399));
#3584=IFCAXIS2PLACEMENT3D(#3583,#49,#146);
#3585=IFCEXTRUDEDAREASOLID(#3582,#3584,#49,1134.9649230638261);
#3586=IFCCARTESIANPOINTLIST2D(((-250.00000000000003,-100.),(250.00000000000003,-100.),(250.00000000000003,100.),(-250.00000000000003,100.),(-250.00000000000003,-100.)));
#3587=IFCINDEXEDPOLYCURVE(#3586,$,.F.);
#3588=IFCARBITRARYCLOSEDPROFILEDEF(.AREA.,'BrickWindow',#3587);
#3589=IFCCARTESIANPOINT((1100.,250.,165.03507693617399));
#3590=IFCAXIS2PLACEMENT3D(#3589,#49,#146);
#3591=IFCEXTRUDEDAREASOLID(#3588,#3590,#49,1134.9649230638261);
#3592=IFCSTYLEDITEM(#3573,(#2438),$);
#3593=IFCSTYLEDITEM(#3579,(#2438),$);
#3594=IFCSTYLEDITEM(#3585,(#2438),$);
#3595=IFCSTYLEDITEM(#3591,(#2438),$);
#3596=IFCSHAPEREPRESENTATION(#15,'Body','SweptSolid',(#3573,#3579,#3585,#3591));
#3597=IFCAXIS2PLACEMENT3D(#10,$,$);
#3598=IFCREPRESENTATIONMAP(#3597,#3596);
#3599=IFCWINDOWLININGPROPERTIES('0cmxDOe$H0xREbbs1sIyWL',#6,'BrickWindow:BrickWindow:1706885',$,$,$,$,$,$,$,$,$,$,$,$,$);
#3600=IFCWINDOWTYPE('1zEK6RqgdqqbYdFzIjeRZ1',#6,'BrickWindow:BrickWindow',$,$,(#3599),(#3598),'1784395',$,.WINDOW.,.NOTDEFINED.,$,$);
#3601=IFCMAPPEDITEM(#3598,#2557);
#3602=IFCSHAPEREPRESENTATION(#15,'Body','MappedRepresentation',(#3601));
#3603=IFCPRODUCTDEFINITIONSHAPE($,$,(#3602));
#3604=IFCCARTESIANPOINT((7164.3794178391017,7659.8267979150196,852.40978849991018));
#3605=IFCDIRECTION((0.88140092832803951,0.47236892736765629,0.));
#3606=IFCAXIS2PLACEMENT3D(#3604,#49,#3605);
#3608=IFCWINDOW('0cmxDOe$H0xREbbs5sIyWL',#6,'BrickWindow:BrickWindow:1706885',$,$,#8013,#3603,'1706885',1500.0000000000011,1200.0000000000002,.WINDOW.,.NOTDEFINED.,$);
#3609=IFCPROPERTYSET('2ZAjT5S2s0zfiQ6r9tQ4oX',#6,'Pset_EnvironmentalImpactIndicators',$,(#1148));
#3610=IFCPROPERTYSET('2PzoKVAuhSMzj2_am5cYoX',#6,'Pset_WindowCommon',$,(#84,#1148));
#3611=IFCRELDEFINESBYPROPERTIES('2_zVVJhTDoSLRpnG$FEQBx',#6,$,$,(#3608),#3609);
#3612=IFCRELDEFINESBYPROPERTIES('3MMwcsZYhVxVbkPFsi4xEi',#6,$,$,(#3608),#3610);
#3613=IFCQUANTITYLENGTH('Width','',$,1200.,$);
#3614=IFCQUANTITYLENGTH('Height','',$,1500.,$);
#3615=IFCQUANTITYLENGTH('Perimeter','',$,1400.,$);
#3616=IFCQUANTITYAREA('Area','',$,3.6095105230808526,$);
#3617=IFCELEMENTQUANTITY('0TQFYtBp1jyqc0sEXzl36s',#6,'Qto_WindowBaseQuantities',$,'BaseQuantities',(#3613,#3614,#3615,#3616));
#3618=IFCRELDEFINESBYPROPERTIES('0Pjcq7Shdi7kbHrK3iK7GN',#6,$,$,(#3608),#3617);
#3619=IFCCARTESIANPOINTLIST2D(((-250.00000000000003,-599.99999999999977),(250.00000000000003,-599.99999999999977),(250.00000000000003,599.99999999999977),(-250.00000000000003,599.99999999999977),(-250.00000000000003,-599.99999999999977)));
#3620=IFCINDEXEDPOLYCURVE(#3619,$,.F.);
#3621=IFCARBITRARYCLOSEDPROFILEDEF(.AREA.,'BrickWindow',#3620);
#3622=IFCCARTESIANPOINT((600.,250.,1300.));
#3623=IFCAXIS2PLACEMENT3D(#3622,#49,#146);
#3624=IFCEXTRUDEDAREASOLID(#3621,#3623,#49,200.);
#3625=IFCCARTESIANPOINTLIST2D(((-250.00000000000003,-599.99999999999977),(250.00000000000003,-599.99999999999977),(250.00000000000003,599.99999999999977),(-250.00000000000003,599.99999999999977),(-250.00000000000003,-599.99999999999977)));
#3626=IFCINDEXEDPOLYCURVE(#3625,$,.F.);
#3627=IFCARBITRARYCLOSEDPROFILEDEF(.AREA.,'BrickWindow',#3626);
#3628=IFCCARTESIANPOINT((600.,250.,0.));
#3629=IFCAXIS2PLACEMENT3D(#3628,#49,#146);
#3630=IFCEXTRUDEDAREASOLID(#3627,#3629,#49,165.03507693617399);
#3631=IFCCARTESIANPOINTLIST2D(((-250.00000000000003,-100.),(250.00000000000003,-100.),(250.00000000000003,100.),(-250.00000000000003,100.),(-250.00000000000003,-100.)));
#3632=IFCINDEXEDPOLYCURVE(#3631,$,.F.);
#3633=IFCARBITRARYCLOSEDPROFILEDEF(.AREA.,'BrickWindow',#3632);
#3634=IFCCARTESIANPOINT((100.,250.,165.03507693617399));
#3635=IFCAXIS2PLACEMENT3D(#3634,#49,#146);
#3636=IFCEXTRUDEDAREASOLID(#3633,#3635,#49,1134.9649230638261);
#3637=IFCCARTESIANPOINTLIST2D(((-250.00000000000003,-100.),(250.00000000000003,-100.),(250.00000000000003,100.),(-250.00000000000003,100.),(-250.00000000000003,-100.)));
#3638=IFCINDEXEDPOLYCURVE(#3637,$,.F.);
#3639=IFCARBITRARYCLOSEDPROFILEDEF(.AREA.,'BrickWindow',#3638);
#3640=IFCCARTESIANPOINT((1100.,250.,165.03507693617399));
#3641=IFCAXIS2PLACEMENT3D(#3640,#49,#146);
#3642=IFCEXTRUDEDAREASOLID(#3639,#3641,#49,1134.9649230638261);
#3643=IFCSTYLEDITEM(#3624,(#2438),$);
#3644=IFCSTYLEDITEM(#3630,(#2438),$);
#3645=IFCSTYLEDITEM(#3636,(#2438),$);
#3646=IFCSTYLEDITEM(#3642,(#2438),$);
#3647=IFCSHAPEREPRESENTATION(#15,'Body','SweptSolid',(#3624,#3630,#3636,#3642));
#3648=IFCAXIS2PLACEMENT3D(#10,$,$);
#3649=IFCREPRESENTATIONMAP(#3648,#3647);
#3650=IFCWINDOWLININGPROPERTIES('0cmxDOe$H0xREbbs1sIyXc',#6,'BrickWindow:BrickWindow:1706998',$,$,$,$,$,$,$,$,$,$,$,$,$);
#3651=IFCWINDOWTYPE('19lT6OfoXhFbdAjo4Brj5V',#6,'BrickWindow:BrickWindow',$,$,(#3650),(#3649),'1784395',$,.WINDOW.,.NOTDEFINED.,$,$);
#3652=IFCMAPPEDITEM(#3649,#2557);
#3653=IFCSHAPEREPRESENTATION(#15,'Body','MappedRepresentation',(#3652));
#3654=IFCPRODUCTDEFINITIONSHAPE($,$,(#3653));
#3655=IFCCARTESIANPOINT((8310.2006246655546,8273.9064034929725,2536.9768528884129));
#3656=IFCDIRECTION((0.88140092832803951,0.47236892736765629,0.));
#3657=IFCAXIS2PLACEMENT3D(#3655,#49,#3656);
#3659=IFCWINDOW('0cmxDOe$H0xREbbs5sIyXc',#6,'BrickWindow:BrickWindow:1706998',$,$,#7837,#3654,'1706998',1500.,1199.9999999999993,.WINDOW.,.NOTDEFINED.,$);
#3660=IFCPROPERTYSET('2IiGi48z9BYkwjH7hkMB4j',#6,'Pset_EnvironmentalImpactIndicators',$,(#1148));
#3661=IFCPROPERTYSET('3oFVwAl8RKCU7DS0vMSvua',#6,'Pset_WindowCommon',$,(#84,#1148));
#3662=IFCRELDEFINESBYPROPERTIES('2l$Yx4acCIYHu2AnZKszoD',#6,$,$,(#3659),#3660);
#3663=IFCRELDEFINESBYPROPERTIES('3alhUoTpzJN4Q3wfNHDa8h',#6,$,$,(#3659),#3661);
#3664=IFCQUANTITYLENGTH('Width','',$,1200.,$);
#3665=IFCQUANTITYLENGTH('Height','',$,1500.,$);
#3666=IFCQUANTITYLENGTH('Perimeter','',$,1400.,$);
#3667=IFCQUANTITYAREA('Area','',$,3.6095105230808526,$);
#3668=IFCELEMENTQUANTITY('0x2KBicug2YNG3RvNha6aL',#6,'Qto_WindowBaseQuantities',$,'BaseQuantities',(#3664,#3665,#3666,#3667));
#3669=IFCRELDEFINESBYPROPERTIES('3FpX0V4USmTsJKndQQ8pDl',#6,$,$,(#3659),#3668);
#3670=IFCMAPPEDITEM(#3649,#2557);
#3671=IFCSHAPEREPRESENTATION(#15,'Body','MappedRepresentation',(#3670));
#3672=IFCPRODUCTDEFINITIONSHAPE($,$,(#3671));
#3673=IFCCARTESIANPOINT((8222.0605318327489,8226.6695107562064,1500.));
#3674=IFCDIRECTION((0.88140092832803951,0.47236892736765629,0.));
#3675=IFCAXIS2PLACEMENT3D(#3673,#49,#3674);
#3677=IFCWINDOW('0cmxDOe$H0xREbbs5sIyzC',#6,'BrickWindow:BrickWindow:1707228',$,$,#7947,#3672,'1707228',1500.,1200.0000000000002,.WINDOW.,.NOTDEFINED.,$);
#3678=IFCPROPERTYSET('1mmNB_LX3JXqaFXQY6CEx9',#6,'Pset_EnvironmentalImpactIndicators',$,(#1148));
#3679=IFCPROPERTYSET('1WQMCavOBF5Sf0eIZBx5gr',#6,'Pset_WindowCommon',$,(#84,#1148));
#3680=IFCRELDEFINESBYPROPERTIES('1oyivoi__k6NMXmhaVFZ4M',#6,$,$,(#3677),#3678);
#3681=IFCRELDEFINESBYPROPERTIES('0_1$6goGKi78_Dtshy3dyg',#6,$,$,(#3677),#3679);
#3682=IFCQUANTITYLENGTH('Width','',$,1200.,$);
#3683=IFCQUANTITYLENGTH('Height','',$,1500.,$);
#3684=IFCQUANTITYLENGTH('Perimeter','',$,1400.,$);
#3685=IFCQUANTITYAREA('Area','',$,3.6095105230808526,$);
#3686=IFCELEMENTQUANTITY('1QLP9eEovUmX2yXI4_aeU_',#6,'Qto_WindowBaseQuantities',$,'BaseQuantities',(#3682,#3683,#3684,#3685));
#3687=IFCRELDEFINESBYPROPERTIES('3GVMcnZjjoalfPBsNpi3dj',#6,$,$,(#3677),#3686);
#3688=IFCCARTESIANPOINT((17569.020458692212,-1089.019125806801,-1500.));
#3689=IFCAXIS2PLACEMENT3D(#3688,#49,#146);
#3690=IFCLOCALPLACEMENT(#24,#3689);
#3691=IFCPRODUCTDEFINITIONSHAPE($,$,(#3700));
#3692=IFCCARTESIANPOINTLIST2D(((-376.44040296821561,-3338.1164653539049),(143.30121172174134,-3338.1164653539054),(377.58998887541293,3371.0362985628822),(-144.45079762893869,3305.196632144929),(-376.44040296821561,-3338.1164653539049)));
#3693=IFCINDEXEDPOLYCURVE(#3692,$,.F.);
#3694=IFCARBITRARYCLOSEDPROFILEDEF(.AREA.,'Castelnuovo3',#3693);
#3695=IFCCARTESIANPOINT((3282.4496554319981,-1330.0571593890359,0.));
#3696=IFCDIRECTION((-0.3583679495452996,0.93358042649720197,0.));
#3697=IFCAXIS2PLACEMENT3D(#3695,#49,#3696);
#3698=IFCEXTRUDEDAREASOLID(#3694,#3697,#49,5599.9999999999454);
#3699=IFCSTYLEDITEM(#3698,(#2306),$);
#3700=IFCSHAPEREPRESENTATION(#15,'Body','SweptSolid',(#3698));
#3701=IFCWALL('0CvVHHujLB8fkhpCAWbiT3',#6,'Castelnuovo3:Castelnuovo3:1707835',$,$,#3690,#3691,'1707835',.NOTDEFINED.);
#3702=IFCCARTESIANPOINTLIST2D(((-500.00000000000006,-500.00000000000011),(500.00000000000006,-500.00000000000011),(500.00000000000006,499.99999999999955),(-500.00000000000006,499.99999999999955),(-500.00000000000006,-500.00000000000011)));
#3703=IFCINDEXEDPOLYCURVE(#3702,$,.F.);
#3704=IFCARBITRARYCLOSEDPROFILEDEF(.AREA.,$,#3703);
#3705=IFCCARTESIANPOINT((3099.0064648906591,-1096.5702180837732,4750.));
#3706=IFCDIRECTION((0.3255681544571547,-0.94551857559931751,0.));
#3707=IFCAXIS2PLACEMENT3D(#3705,#3706,#49);
#3708=IFCEXTRUDEDAREASOLID(#3704,#3707,#49,612.9215025266634);
#3709=IFCSHAPEREPRESENTATION(#15,'Body','SweptSolid',(#3708));
#3710=IFCPRODUCTDEFINITIONSHAPE($,$,(#3709));
#3711=IFCAXIS2PLACEMENT3D(#10,$,$);
#3712=IFCLOCALPLACEMENT(#3690,#3711);
#3713=IFCOPENINGELEMENT('3pnMpboeEowUMrlghr$aeN',#6,'Castelnuovo3',$,$,#3712,#3710,'1709231',.OPENING.);
#3714=IFCQUANTITYLENGTH('Height',$,$,999.99999999999989,$);
#3715=IFCQUANTITYLENGTH('Width',$,$,1000.0000000000001,$);
#3716=IFCQUANTITYAREA('Area',$,$,1000000.,$);
#3717=IFCELEMENTQUANTITY('3SlCkPj10USiFgFdPfrTnD',#6,'Qto_OpeningElementBaseQuantities',$,'BaseQuantities',(#3714,#3715,#3716));
#3718=IFCRELDEFINESBYPROPERTIES('3qDaXSXpnTuDE8yhvX$YfO',#6,$,$,(#3713),#3717);
#3719=IFCRELVOIDSELEMENT('2_m9TPtu5uzHEQFdPjqO5y',#6,$,$,#3701,#3713);
#3720=IFCCARTESIANPOINTLIST2D(((-500.00000000000006,-549.99999999999989),(500.00000000000006,-550.00000000000034),(500.00000000000006,550.0000000000008),(-500.00000000000006,550.0000000000008),(-500.00000000000006,-549.99999999999989)));
#3721=IFCINDEXEDPOLYCURVE(#3720,$,.F.);
#3722=IFCARBITRARYCLOSEDPROFILEDEF(.AREA.,$,#3721);
#3723=IFCCARTESIANPOINT((5163.3100295083377,-385.77349857362202,4400.));
#3724=IFCDIRECTION((0.32556815445715476,-0.94551857559931751,0.));
#3725=IFCAXIS2PLACEMENT3D(#3723,#3724,#49);
#3726=IFCEXTRUDEDAREASOLID(#3722,#3725,#49,612.9215025266609);
#3727=IFCSHAPEREPRESENTATION(#15,'Body','SweptSolid',(#3726));
#3728=IFCPRODUCTDEFINITIONSHAPE($,$,(#3727));
#3729=IFCAXIS2PLACEMENT3D(#10,$,$);
#3730=IFCLOCALPLACEMENT(#3690,#3729);
#3731=IFCOPENINGELEMENT('0knkgRrp4uxF7TO0ozeIfg',#6,'Castelnuovo3',$,$,#3730,#3728,'1709200',.OPENING.);
#3732=IFCQUANTITYLENGTH('Height',$,$,1100.0000000000005,$);
#3733=IFCQUANTITYLENGTH('Width',$,$,1000.0000000000001,$);
#3734=IFCQUANTITYAREA('Area',$,$,1100000.0000000005,$);
#3735=IFCELEMENTQUANTITY('20FYfv6da18W7tmqaLxoCP',#6,'Qto_OpeningElementBaseQuantities',$,'BaseQuantities',(#3732,#3733,#3734));
#3736=IFCRELDEFINESBYPROPERTIES('0FVx0qNANqYoNFBliy2163',#6,$,$,(#3731),#3735);
#3737=IFCRELVOIDSELEMENT('00HKhAmiMpXg3rBI34iwn8',#6,$,$,#3701,#3731);
#3738=IFCCARTESIANPOINTLIST2D(((-800.00000000000193,-1000.0000000000019),(800.00000000000034,-1000.000000000003),(800.00000000000034,1000.0000000000025),(-799.99999999999875,1000.0000000000034),(-1800.0000000000011,5.1193549282876905E-013)));
#3739=IFCINDEXEDPOLYCURVE(#3738,(IFCLINEINDEX((1,2,3,4)),IFCARCINDEX((4,5,1))),.F.);
#3740=IFCARBITRARYCLOSEDPROFILEDEF(.AREA.,$,#3739);
#3741=IFCCARTESIANPOINT((5124.9162992054125,-398.99352009411666,1300.));
#3742=IFCDIRECTION((0.32556815445715509,-0.9455185755993174,0.));
#3743=IFCAXIS2PLACEMENT3D(#3741,#3742,#1408);
#3744=IFCEXTRUDEDAREASOLID(#3740,#3743,#49,612.92150252667034);
#3745=IFCSHAPEREPRESENTATION(#15,'Body','SweptSolid',(#3744));
#3746=IFCPRODUCTDEFINITIONSHAPE($,$,(#3745));
#3747=IFCAXIS2PLACEMENT3D(#10,$,$);
#3748=IFCLOCALPLACEMENT(#3690,#3747);
#3749=IFCOPENINGELEMENT('3ZmXWkmRdoCuwF6DQAWlWV',#6,'Castelnuovo3',$,$,#3748,#3746,'1709129',.OPENING.);
#3750=IFCQUANTITYAREA('Area',$,$,4.7708038956607162,$);
#3751=IFCELEMENTQUANTITY('2RJbYXO_h8TYntLo7JTI1s',#6,'Qto_OpeningElementBaseQuantities',$,'BaseQuantities',(#3750));
#3752=IFCRELDEFINESBYPROPERTIES('24qPleUb4X3lUDARPxuq3e',#6,$,$,(#3749),#3751);
#3753=IFCRELVOIDSELEMENT('0ICs2sx9XcUDEWs1nmG4F0',#6,$,$,#3701,#3749);
#3754=IFCCARTESIANPOINTLIST2D(((-800.00000000000171,-1450.000000000002),(799.99999999999977,-1450.0000000000025),(799.99999999999977,1450.0000000000041),(-799.99999999999818,1450.0000000000039),(-2250.0000000000014,1.5358064784863077E-012)));
#3755=IFCINDEXEDPOLYCURVE(#3754,(IFCLINEINDEX((1,2,3,4)),IFCARCINDEX((4,5,1))),.F.);
#3756=IFCARBITRARYCLOSEDPROFILEDEF(.AREA.,$,#3755);
#3757=IFCCARTESIANPOINT((1905.5987064311323,-2100.7964577927119,2300.));
#3758=IFCDIRECTION((-0.32556815445715415,0.94551857559931773,0.));
#3759=IFCAXIS2PLACEMENT3D(#3757,#3758,#1408);
#3760=IFCEXTRUDEDAREASOLID(#3756,#3759,#49,612.92150252667454);
#3761=IFCSHAPEREPRESENTATION(#15,'Body','SweptSolid',(#3760));
#3762=IFCPRODUCTDEFINITIONSHAPE($,$,(#3761));
#3763=IFCAXIS2PLACEMENT3D(#10,$,$);
#3764=IFCLOCALPLACEMENT(#3690,#3763);
#3765=IFCOPENINGELEMENT('2WUQKxgIiNjAHL4ZveyUus',#6,'Castelnuovo3',$,$,#3764,#3762,'1707972',.OPENING.);
#3766=IFCQUANTITYAREA('Area',$,$,7.9432291428117932,$);
#3767=IFCELEMENTQUANTITY('39E3AxHfS$kZQGw0z8fKdv',#6,'Qto_OpeningElementBaseQuantities',$,'BaseQuantities',(#3766));
#3768=IFCRELDEFINESBYPROPERTIES('3qTZoek5pTvlC2tD1ReoYB',#6,$,$,(#3765),#3767);
#3769=IFCRELVOIDSELEMENT('1jBytvwJcDWuMHuuKHWaJQ',#6,$,$,#3701,#3765);
#3770=IFCWALLTYPE('0CvVHHujLB8fkhpCAWbiT1',#6,'Castelnuovo3:Castelnuovo3',$,$,$,$,'1707833',$,.NOTDEFINED.);
#3771=IFCPROPERTYSINGLEVALUE('Reference',$,IFCIDENTIFIER('Castelnuovo3'),$);
#3772=IFCPROPERTYSET('3CS3Xs85kTffA0p12DbAIj',#6,'Pset_EnvironmentalImpactIndicators',$,(#3771));
#3773=IFCPROPERTYSINGLEVALUE('Reference',$,IFCLABEL('Castelnuovo3'),$);
#3774=IFCPROPERTYSET('03tiMrDSZvpRJuX5i8G0bB',#6,'Pset_ReinforcementBarPitchOfWall',$,(#3773));
#3775=IFCPROPERTYSET('2bLhr4YeCLTehlgoKjaL3I',#6,'Pset_WallCommon',$,(#1425,#3771));
#3776=IFCPROPERTYSET('2LYWrJgJJUJJxhZYYzx$_k',#6,'Pset_EnvironmentalImpactIndicators',$,(#1427));
#3777=IFCPROPERTYSET('1lHUIkb0tgh64S5uyIjc13',#6,'Pset_OpeningElementCommon',$,(#1427));
#3778=IFCPROPERTYSET('0S1PukoToQ215p0kPJzjTv',#6,'Pset_EnvironmentalImpactIndicators',$,(#1427));
#3779=IFCPROPERTYSET('2oayK$n9t6hv_FeDAlCfTc',#6,'Pset_OpeningElementCommon',$,(#1427));
#3780=IFCPROPERTYSET('0hEvBdbTh9d5sr$xJWDXs7',#6,'Pset_EnvironmentalImpactIndicators',$,(#1432));
#3781=IFCPROPERTYSET('1QlPgp3lL28PRVu_ts7swk',#6,'Pset_OpeningElementCommon',$,(#1432));
#3782=IFCPROPERTYSINGLEVALUE('Reference',$,IFCIDENTIFIER('enclosed_archv2'),$);
#3783=IFCPROPERTYSET('3XkTe_npKV$8lCTlKW$blF',#6,'Pset_EnvironmentalImpactIndicators',$,(#3782));
#3784=IFCPROPERTYSET('2EKy66WDkdMPAfTWoc7Eag',#6,'Pset_OpeningElementCommon',$,(#3782));
#3785=IFCRELDEFINESBYPROPERTIES('37WfG2uDG7Rm1g0rnZz2EM',#6,$,$,(#3701),#3772);
#3786=IFCRELDEFINESBYPROPERTIES('1mX5oElK$aULblTzV9vWt$',#6,$,$,(#3701),#3774);
#3787=IFCRELDEFINESBYPROPERTIES('1scAd08encyrXmlVMFkraQ',#6,$,$,(#3701),#3775);
#3788=IFCRELDEFINESBYPROPERTIES('1v0MnkV6n1$Qh1jw5gIQUN',#6,$,$,(#3713),#3776);
#3789=IFCRELDEFINESBYPROPERTIES('2LbV80AacNobVZAVmofs9T',#6,$,$,(#3713),#3777);
#3790=IFCRELDEFINESBYPROPERTIES('30Mw3nQCWmwMmjk86INHEf',#6,$,$,(#3731),#3778);
#3791=IFCRELDEFINESBYPROPERTIES('3sm9KU1AWjNJmo6Dy1B8hH',#6,$,$,(#3731),#3779);
#3792=IFCRELDEFINESBYPROPERTIES('0O$IZUGUHQGsbXaRnnCZec',#6,$,$,(#3749),#3780);
#3793=IFCRELDEFINESBYPROPERTIES('1wpRiwfmSMfq0TbGvaNGbu',#6,$,$,(#3749),#3781);
#3794=IFCRELDEFINESBYPROPERTIES('2UU_ybevH$lFjjPXDl6UF5',#6,$,$,(#3765),#3783);
#3795=IFCRELDEFINESBYPROPERTIES('3l$q9fE1eGr0xp6rps6Pyo',#6,$,$,(#3765),#3784);
#3796=IFCQUANTITYVOLUME('NetVolume','',$,11.736902907834697,$);
#3797=IFCELEMENTQUANTITY('0GrK8anQ$lvg8JlFzze84X',#6,'Qto_WallBaseQuantities',$,'BaseQuantities',(#3796));
#3798=IFCRELDEFINESBYPROPERTIES('0$eF81hnPxfXmc7W9JCIMh',#6,$,$,(#3701),#3797);
#3799=IFCCARTESIANPOINT((17569.020458692212,-1089.019125806801,0.));
#3800=IFCAXIS2PLACEMENT3D(#3799,#49,#146);
#3801=IFCLOCALPLACEMENT(#28,#3800);
#3802=IFCPRODUCTDEFINITIONSHAPE($,$,(#3811));
#3803=IFCCARTESIANPOINTLIST2D(((-376.44040296821561,-3338.1164653539049),(143.30121172174134,-3338.1164653539054),(377.58998887541293,3371.0362985628822),(-144.45079762893869,3305.196632144929),(-376.44040296821561,-3338.1164653539049)));
#3804=IFCINDEXEDPOLYCURVE(#3803,$,.F.);
#3805=IFCARBITRARYCLOSEDPROFILEDEF(.AREA.,'Castelnuovo3',#3804);
#3806=IFCCARTESIANPOINT((3282.4496554319981,-1330.0571593890359,0.));
#3807=IFCDIRECTION((-0.3583679495452996,0.93358042649720197,0.));
#3808=IFCAXIS2PLACEMENT3D(#3806,#49,#3807);
#3809=IFCEXTRUDEDAREASOLID(#3805,#3808,#49,3500.0000000001655);
#3810=IFCSTYLEDITEM(#3809,(#2306),$);
#3811=IFCSHAPEREPRESENTATION(#15,'Body','SweptSolid',(#3809));
#3812=IFCWALL('1HfLPk$M547Aaac6ue3X37',#6,'Castelnuovo2:Castelnuovo3:1707893',$,$,#3801,#3802,'1707893',.NOTDEFINED.);
#3813=IFCCARTESIANPOINTLIST2D(((-900.00000000000011,-550.0000000000008),(900.00000000000011,-550.0000000000008),(900.00000000000011,549.99999999999989),(-900.00000000000011,549.99999999999989),(-900.00000000000011,-550.0000000000008)));
#3814=IFCINDEXEDPOLYCURVE(#3813,$,.F.);
#3815=IFCARBITRARYCLOSEDPROFILEDEF(.AREA.,$,#3814);
#3816=IFCCARTESIANPOINT((5382.5503467560065,-310.28300339886493,1300.));
#3817=IFCDIRECTION((0.3255681544571547,-0.94551857559931751,0.));
#3818=IFCAXIS2PLACEMENT3D(#3816,#3817,#49);
#3819=IFCEXTRUDEDAREASOLID(#3815,#3818,#49,612.9215025266634);
#3820=IFCSHAPEREPRESENTATION(#15,'Body','SweptSolid',(#3819));
#3821=IFCPRODUCTDEFINITIONSHAPE($,$,(#3820));
#3822=IFCAXIS2PLACEMENT3D(#10,$,$);
#3823=IFCLOCALPLACEMENT(#3801,#3822);
#3824=IFCOPENINGELEMENT('1_9PU3scx69thDExaDQMPx',#6,'Castelnuovo3',$,$,#3823,#3821,'1709432',.OPENING.);
#3825=IFCQUANTITYLENGTH('Height',$,$,1100.,$);
#3826=IFCQUANTITYLENGTH('Width',$,$,1800.0000000000002,$);
#3827=IFCQUANTITYAREA('Area',$,$,1980000.0000000002,$);
#3828=IFCELEMENTQUANTITY('1kmnDjxPptXooPA$d3B1B2',#6,'Qto_OpeningElementBaseQuantities',$,'BaseQuantities',(#3825,#3826,#3827));
#3829=IFCRELDEFINESBYPROPERTIES('2TC6Xaeqr8vMoNqYEH9oLi',#6,$,$,(#3824),#3828);
#3830=IFCRELVOIDSELEMENT('22kJ5DYAeps0gFkNjgsYBF',#6,$,$,#3812,#3824);
#3831=IFCCARTESIANPOINTLIST2D(((-900.00000000000011,-549.9999999999992),(900.00000000000011,-550.00000000000068),(900.00000000000011,550.00000000000068),(-900.00000000000011,550.00000000000068),(-900.00000000000011,-549.9999999999992)));
#3832=IFCINDEXEDPOLYCURVE(#3831,$,.F.);
#3833=IFCARBITRARYCLOSEDPROFILEDEF(.AREA.,$,#3832);
#3834=IFCCARTESIANPOINT((1301.857848933086,-1715.3781117432668,1300.));
#3835=IFCDIRECTION((0.3255681544571547,-0.94551857559931751,0.));
#3836=IFCAXIS2PLACEMENT3D(#3834,#3835,#49);
#3837=IFCEXTRUDEDAREASOLID(#3833,#3836,#49,612.9215025266634);
#3838=IFCSHAPEREPRESENTATION(#15,'Body','SweptSolid',(#3837));
#3839=IFCPRODUCTDEFINITIONSHAPE($,$,(#3838));
#3840=IFCAXIS2PLACEMENT3D(#10,$,$);
#3841=IFCLOCALPLACEMENT(#3801,#3840);
#3842=IFCOPENINGELEMENT('0x1LSHfG7MFgzQDEl70NJ0',#6,'Castelnuovo3',$,$,#3841,#3839,'1709442',.OPENING.);
#3843=IFCQUANTITYLENGTH('Height',$,$,1100.0000000000009,$);
#3844=IFCQUANTITYLENGTH('Width',$,$,1800.0000000000002,$);
#3845=IFCQUANTITYAREA('Area',$,$,1980000.0000000019,$);
#3846=IFCELEMENTQUANTITY('3QmnvY2oxJpQN8a5UEJxOj',#6,'Qto_OpeningElementBaseQuantities',$,'BaseQuantities',(#3843,#3844,#3845));
#3847=IFCRELDEFINESBYPROPERTIES('30NdlGxU56$1P$KJJopLvC',#6,$,$,(#3842),#3846);
#3848=IFCRELVOIDSELEMENT('3JMZoN6ivsDqQx___Go4KT',#6,$,$,#3812,#3842);
#3849=IFCCARTESIANPOINTLIST2D(((-549.99999999999955,-450.00000000000051),(550.00000000000057,-449.99999999999994),(550.00000000000057,449.99999999999994),(-549.99999999999955,449.99999999999994),(-549.99999999999955,-450.00000000000051)));
#3850=IFCINDEXEDPOLYCURVE(#3849,$,.F.);
#3851=IFCARBITRARYCLOSEDPROFILEDEF(.AREA.,$,#3850);
#3852=IFCCARTESIANPOINT((3937.1740190596884,-807.9659846199188,2350.));
#3853=IFCDIRECTION((0.3255681544571547,-0.94551857559931751,0.));
#3854=IFCAXIS2PLACEMENT3D(#3852,#3853,#49);
#3855=IFCEXTRUDEDAREASOLID(#3851,#3854,#49,612.9215025266634);
#3856=IFCSHAPEREPRESENTATION(#15,'Body','SweptSolid',(#3855));
#3857=IFCPRODUCTDEFINITIONSHAPE($,$,(#3856));
#3858=IFCAXIS2PLACEMENT3D(#10,$,$);
#3859=IFCLOCALPLACEMENT(#3801,#3858);
#3860=IFCOPENINGELEMENT('3iFV4ylkRGAAo0KRNslLzk',#6,'Castelnuovo3',$,$,#3859,#3857,'1709877',.OPENING.);
#3861=IFCQUANTITYLENGTH('Height',$,$,899.99999999999989,$);
#3862=IFCQUANTITYLENGTH('Width',$,$,1100.,$);
#3863=IFCQUANTITYAREA('Area',$,$,989999.99999999988,$);
#3864=IFCELEMENTQUANTITY('0QkYJj1oL3xbvY4dT0RGmc',#6,'Qto_OpeningElementBaseQuantities',$,'BaseQuantities',(#3861,#3862,#3863));
#3865=IFCRELDEFINESBYPROPERTIES('0klY95wLxfqD9_sbVZPNx2',#6,$,$,(#3860),#3864);
#3866=IFCRELVOIDSELEMENT('3Pk_8Q_gZSUGZNEfVaTKke',#6,$,$,#3812,#3860);
#3867=IFCCARTESIANPOINTLIST2D(((-300.00000000000057,-500.00000000003308),(300.,-500.0000000000328),(800.00000000003149,2.5596774641438468E-013),(299.99999999999892,500.00000000003291),(-300.,500.00000000003291)));
#3868=IFCINDEXEDPOLYCURVE(#3867,(IFCLINEINDEX((1,2)),IFCARCINDEX((2,3,4)),IFCLINEINDEX((4,5,1))),.F.);
#3869=IFCARBITRARYCLOSEDPROFILEDEF(.AREA.,$,#3868);
#3870=IFCCARTESIANPOINT((2432.1007396585164,-1326.2042747421692,600.));
#3871=IFCDIRECTION((0.32556815445715381,-0.94551857559931785,0.));
#3872=IFCAXIS2PLACEMENT3D(#3870,#3871,#49);
#3873=IFCEXTRUDEDAREASOLID(#3869,#3872,#49,612.92150252667022);
#3874=IFCSHAPEREPRESENTATION(#15,'Body','SweptSolid',(#3873));
#3875=IFCPRODUCTDEFINITIONSHAPE($,$,(#3874));
#3876=IFCAXIS2PLACEMENT3D(#10,$,$);
#3877=IFCLOCALPLACEMENT(#3801,#3876);
#3878=IFCOPENINGELEMENT('1IwVUuoD73zDNsiASIbrHo',#6,'Castelnuovo3',$,$,#3877,#3875,'1712441',.OPENING.);
#3879=IFCQUANTITYAREA('Area',$,$,0.99270029005679772,$);
#3880=IFCELEMENTQUANTITY('1upb8c$KgROFRsgfL0SRI5',#6,'Qto_OpeningElementBaseQuantities',$,'BaseQuantities',(#3879));
#3881=IFCRELDEFINESBYPROPERTIES('1oEPzooYUb8ksVP26Susca',#6,$,$,(#3878),#3880);
#3882=IFCRELVOIDSELEMENT('24kXkd4fGsAa$mXi8HKlc9',#6,$,$,#3812,#3878);
#3883=IFCWALLTYPE('1HfLPk$M547Aaac6ue3X31',#6,'Castelnuovo2:Castelnuovo3',$,$,$,$,'1707891',$,.NOTDEFINED.);
#3884=IFCPROPERTYSET('0_qFI7tUmlSgnTnEWBnuIr',#6,'Pset_EnvironmentalImpactIndicators',$,(#3771));
#3885=IFCPROPERTYSINGLEVALUE('Reference',$,IFCLABEL('Castelnuovo3'),$);
#3886=IFCPROPERTYSET('2XVSxAWmBdlY5ELI8SZsuo',#6,'Pset_ReinforcementBarPitchOfWall',$,(#3885));
#3887=IFCPROPERTYSET('0ul2WeZ7UmNy3zmXHNhRoZ',#6,'Pset_WallCommon',$,(#1425,#3771));
#3888=IFCPROPERTYSET('3pWQggKTDQYL81sCc33KIu',#6,'Pset_EnvironmentalImpactIndicators',$,(#1427));
#3889=IFCPROPERTYSET('0tdh2WiDYUvLVHS2JVrHNo',#6,'Pset_OpeningElementCommon',$,(#1427));
#3890=IFCPROPERTYSET('1crEMW7TllUAuePmEpcdlR',#6,'Pset_EnvironmentalImpactIndicators',$,(#1427));
#3891=IFCPROPERTYSET('2ye0j$pBHEsKFy2E_XbYpg',#6,'Pset_OpeningElementCommon',$,(#1427));
#3892=IFCPROPERTYSET('0TAtlDHX0A3N5a_yLvFpG_',#6,'Pset_EnvironmentalImpactIndicators',$,(#1427));
#3893=IFCPROPERTYSET('2nr1k4ENfvONIjye6NTnsZ',#6,'Pset_OpeningElementCommon',$,(#1427));
#3894=IFCPROPERTYSET('0EDpGup2KJHlrHxBZJZW6A',#6,'Pset_EnvironmentalImpactIndicators',$,(#2207));
#3895=IFCPROPERTYSET('2rg3E7FA_pwIblXz2KwWMF',#6,'Pset_OpeningElementCommon',$,(#2207));
#3896=IFCRELDEFINESBYPROPERTIES('3xNwLNAK1qdfXb90A$tp7E',#6,$,$,(#3812),#3884);
#3897=IFCRELDEFINESBYPROPERTIES('1XlLzBZWhnoURwTiz1B8Ko',#6,$,$,(#3812),#3886);
#3898=IFCRELDEFINESBYPROPERTIES('1Ykwjr$siep46lepHGypJg',#6,$,$,(#3812),#3887);
#3899=IFCRELDEFINESBYPROPERTIES('2boqkFzqYXUTeE5mcUFJbU',#6,$,$,(#3824),#3888);
#3900=IFCRELDEFINESBYPROPERTIES('3Bbj6oavq7ghLSBRTdFC_K',#6,$,$,(#3824),#3889);
#3901=IFCRELDEFINESBYPROPERTIES('0kjAspBzE4Glfs_C$UVv8j',#6,$,$,(#3842),#3890);
#3902=IFCRELDEFINESBYPROPERTIES('3NGi$mNi1H$9IF3VFKhCEN',#6,$,$,(#3842),#3891);
#3903=IFCRELDEFINESBYPROPERTIES('1vXRCdkFs61glXWdYeNGt5',#6,$,$,(#3860),#3892);
#3904=IFCRELDEFINESBYPROPERTIES('1$QQApuycBCR6tR0JZ0Lz5',#6,$,$,(#3860),#3893);
#3905=IFCRELDEFINESBYPROPERTIES('3ijuBRHSfI2heIydWVbYFp',#6,$,$,(#3878),#3894);
#3906=IFCRELDEFINESBYPROPERTIES('2NqHoM9Tns$LQ5iHgWCj3p',#6,$,$,(#3878),#3895);
#3907=IFCQUANTITYVOLUME('NetVolume','',$,9.0579213905260243,$);
#3908=IFCELEMENTQUANTITY('2GZ0d0VhLG4jT_gXaBEG7c',#6,'Qto_WallBaseQuantities',$,'BaseQuantities',(#3907));
#3909=IFCRELDEFINESBYPROPERTIES('0CVArhVJpkNhxvDQMJw3rW',#6,$,$,(#3812),#3908);
#3910=IFCCARTESIANPOINT((17569.020458692212,-1089.019125806801,0.));
#3911=IFCAXIS2PLACEMENT3D(#3910,#49,#146);
#3912=IFCLOCALPLACEMENT(#32,#3911);
#3913=IFCPRODUCTDEFINITIONSHAPE($,$,(#3922));
#3914=IFCCARTESIANPOINTLIST2D(((-376.44040296821561,-3338.1164653539049),(143.30121172174134,-3338.1164653539054),(377.58998887541293,3371.0362985628822),(-144.45079762893869,3305.196632144929),(-376.44040296821561,-3338.1164653539049)));
#3915=IFCINDEXEDPOLYCURVE(#3914,$,.F.);
#3916=IFCARBITRARYCLOSEDPROFILEDEF(.AREA.,'Castelnuovo3',#3915);
#3917=IFCCARTESIANPOINT((3282.4496554319981,-1330.0571593890359,0.));
#3918=IFCDIRECTION((-0.3583679495452996,0.93358042649720197,0.));
#3919=IFCAXIS2PLACEMENT3D(#3917,#49,#3918);
#3920=IFCEXTRUDEDAREASOLID(#3916,#3919,#49,2215.8072539634672);
#3921=IFCSTYLEDITEM(#3920,(#2306),$);
#3922=IFCSHAPEREPRESENTATION(#15,'Body','SweptSolid',(#3920));
#3923=IFCWALL('1HfLPk$M547Aaac6ue3X0L',#6,'Castelnuovo5:Castelnuovo3:1707943',$,$,#3912,#3913,'1707943',.NOTDEFINED.);
#3924=IFCCARTESIANPOINTLIST2D(((-750.00000000000057,-599.99999999999898),(749.99999999999955,-600.00000000000034),(749.99999999999955,600.00000000000091),(-750.00000000000057,600.00000000000091),(-750.00000000000057,-599.99999999999898)));
#3925=IFCINDEXEDPOLYCURVE(#3924,$,.F.);
#3926=IFCARBITRARYCLOSEDPROFILEDEF(.AREA.,$,#3925);
#3927=IFCCARTESIANPOINT((2111.0530861470224,-2030.0528415852352,1250.));
#3928=IFCDIRECTION((-0.32556815445715476,0.94551857559931751,0.));
#3929=IFCAXIS2PLACEMENT3D(#3927,#3928,#49);
#3930=IFCEXTRUDEDAREASOLID(#3926,#3929,#49,612.92150252666954);
#3931=IFCSHAPEREPRESENTATION(#15,'Body','SweptSolid',(#3930));
#3932=IFCPRODUCTDEFINITIONSHAPE($,$,(#3931));
#3933=IFCAXIS2PLACEMENT3D(#10,$,$);
#3934=IFCLOCALPLACEMENT(#3912,#3933);
#3935=IFCOPENINGELEMENT('165EKiDUhRHP47VOpu1vC8',#6,'Castelnuovo3',$,$,#3934,#3932,'1716506',.OPENING.);
#3936=IFCQUANTITYLENGTH('Height',$,$,1200.0000000000011,$);
#3937=IFCQUANTITYLENGTH('Width',$,$,1500.,$);
#3938=IFCQUANTITYAREA('Area',$,$,1800000.0000000016,$);
#3939=IFCELEMENTQUANTITY('17Y$2b_28sDyi6VcJHPe0f',#6,'Qto_OpeningElementBaseQuantities',$,'BaseQuantities',(#3936,#3937,#3938));
#3940=IFCRELDEFINESBYPROPERTIES('1d_BQlf3z$AVN4C7ZQ9JFP',#6,$,$,(#3935),#3939);
#3941=IFCRELVOIDSELEMENT('0hejvp3_8ZJGOuvGal9M8O',#6,$,$,#3923,#3935);
#3942=IFCCARTESIANPOINTLIST2D(((-750.00000000000057,-600.00000000000023),(749.99999999999955,-600.00000000000023),(749.99999999999955,600.00000000000023),(-750.00000000000057,600.00000000000023),(-750.00000000000057,-600.00000000000023)));
#3943=IFCINDEXEDPOLYCURVE(#3942,$,.F.);
#3944=IFCARBITRARYCLOSEDPROFILEDEF(.AREA.,$,#3943);
#3945=IFCCARTESIANPOINT((4709.5069856141472,-542.03041758129837,1250.));
#3946=IFCDIRECTION((0.3255681544571547,-0.94551857559931751,0.));
#3947=IFCAXIS2PLACEMENT3D(#3945,#3946,#49);
#3948=IFCEXTRUDEDAREASOLID(#3944,#3947,#49,612.9215025266609);
#3949=IFCSHAPEREPRESENTATION(#15,'Body','SweptSolid',(#3948));
#3950=IFCPRODUCTDEFINITIONSHAPE($,$,(#3949));
#3951=IFCAXIS2PLACEMENT3D(#10,$,$);
#3952=IFCLOCALPLACEMENT(#3912,#3951);
#3953=IFCOPENINGELEMENT('2NtSCYpvUlCHbIBcLww9gN',#6,'Castelnuovo3',$,$,#3952,#3950,'1716515',.OPENING.);
#3954=IFCQUANTITYLENGTH('Height',$,$,1200.0000000000005,$);
#3955=IFCQUANTITYLENGTH('Width',$,$,1500.,$);
#3956=IFCQUANTITYAREA('Area',$,$,1800000.0000000007,$);
#3957=IFCELEMENTQUANTITY('1qtikWMDedLSmdeGWwRzui',#6,'Qto_OpeningElementBaseQuantities',$,'BaseQuantities',(#3954,#3955,#3956));
#3958=IFCRELDEFINESBYPROPERTIES('3n3Iok7EuO7t0ROjCLtZ_r',#6,$,$,(#3953),#3957);
#3959=IFCRELVOIDSELEMENT('06QZRj_4fe2R0_cxhUzZBc',#6,$,$,#3923,#3953);
#3960=IFCWALLTYPE('1HfLPk$M547Aaac6ue3X0N',#6,'Castelnuovo5:Castelnuovo3',$,$,$,$,'1707941',$,.NOTDEFINED.);
#3961=IFCPROPERTYSET('3XIANmHbEKu$7f1RLRG8Gr',#6,'Pset_EnvironmentalImpactIndicators',$,(#3771));
#3962=IFCPROPERTYSINGLEVALUE('Reference',$,IFCLABEL('Castelnuovo3'),$);
#3963=IFCPROPERTYSET('2B3Ja7HLE4BEWUSQbGSjOe',#6,'Pset_ReinforcementBarPitchOfWall',$,(#3962));
#3964=IFCPROPERTYSET('3Ssp3D$aZ55T8V0mXEnitn',#6,'Pset_WallCommon',$,(#1425,#3771));
#3965=IFCPROPERTYSET('3tfeiZf_m8TfCAYE74ravj',#6,'Pset_EnvironmentalImpactIndicators',$,(#1427));
#3966=IFCPROPERTYSET('21hK_MMDn9uh7EJSfLNrVf',#6,'Pset_OpeningElementCommon',$,(#1427));
#3967=IFCPROPERTYSET('0Y_KjDdPNNBW2E2pLS0xNB',#6,'Pset_EnvironmentalImpactIndicators',$,(#1427));
#3968=IFCPROPERTYSET('3d5gIuFeQMEKCCMiZGbn_E',#6,'Pset_OpeningElementCommon',$,(#1427));
#3969=IFCRELDEFINESBYPROPERTIES('0oiQrtigNAQ7JnzjoCh0lN',#6,$,$,(#3923),#3961);
#3970=IFCRELDEFINESBYPROPERTIES('0zmzRmMJGteqcbpSNtyGTY',#6,$,$,(#3923),#3963);
#3971=IFCRELDEFINESBYPROPERTIES('3XrtwZqO4ljhjbLI7g3Y7G',#6,$,$,(#3923),#3964);
#3972=IFCRELDEFINESBYPROPERTIES('0_PaWI4sBH_qA9HohrRjyt',#6,$,$,(#3935),#3965);
#3973=IFCRELDEFINESBYPROPERTIES('2verVoRs4IX19HkyBnsjkz',#6,$,$,(#3935),#3966);
#3974=IFCRELDEFINESBYPROPERTIES('1ysrWEBKAbNDcNgnfJ12Ni',#6,$,$,(#3953),#3967);
#3975=IFCRELDEFINESBYPROPERTIES('3xLFyxqBYr$OmEjD4u3Xqw',#6,$,$,(#3953),#3968);
#3976=IFCQUANTITYVOLUME('NetVolume','',$,5.818735220649752,$);
#3977=IFCELEMENTQUANTITY('2Bygq9DIR5dZg4Cm746ATb',#6,'Qto_WallBaseQuantities',$,'BaseQuantities',(#3976));
#3978=IFCRELDEFINESBYPROPERTIES('0BG3fdeyIuzlTYAIFHYFSI',#6,$,$,(#3923),#3977);
#3979=IFCCARTESIANPOINTLIST2D(((-366.76652452289858,-69.85625053530319),(366.76652452289977,-69.856250535305705),(366.76652452289909,69.856250535305264),(-366.76652452289812,69.856250535309712),(-366.76652452289858,-69.85625053530319)));
#3980=IFCINDEXEDPOLYCURVE(#3979,$,.F.);
#3981=IFCARBITRARYCLOSEDPROFILEDEF(.AREA.,'enclosed_archv2',#3980);
#3982=IFCCARTESIANPOINT((19515.177057891138,987.30146311370834,1748.425284196064));
#3983=IFCDIRECTION((-0.32556815445715831,0.94551857559931629,0.));
#3984=IFCAXIS2PLACEMENT3D(#3982,#49,#3983);
#3985=IFCEXTRUDEDAREASOLID(#3981,#3984,#49,51.574715803898705);
#3986=IFCCARTESIANPOINTLIST2D(((-1449.9999999999961,-5.1436188641673651E-012),(1.3568656165915247E-011,-1450.000000000007),(1449.9999999999743,6.2264859934657584E-012),(1050.0000000000232,-2.7071678232459818E-013),(1.2928736799879287E-011,-1050.0000000000196),(-1050.0000000000027,-5.4143356464919636E-013)));
#3987=IFCINDEXEDPOLYCURVE(#3986,(IFCARCINDEX((1,2,3)),IFCLINEINDEX((3,4)),IFCARCINDEX((4,5,6)),IFCLINEINDEX((6,1))),.F.);
#3988=IFCARBITRARYCLOSEDPROFILEDEF(.AREA.,'enclosed_archv2',#3987);
#3989=IFCCARTESIANPOINT((19159.045888802539,640.70701172494489,1600.));
#3990=IFCDIRECTION((0.94551857559931651,0.32556815445715775,0.));
#3991=IFCDIRECTION((0.32556815445715775,-0.94551857559931651,0.));
#3992=IFCAXIS2PLACEMENT3D(#3989,#3990,#3991);
#3993=IFCEXTRUDEDAREASOLID(#3988,#3992,#49,519.42500214220865);
#3994=IFCCARTESIANPOINTLIST2D(((-1050.0000000000155,-1.3535839116229909E-012),(6.5923522731468351E-012,-1050.000000000015),(1050.0000000000157,-2.7071678232459818E-013),(650.00000000000784,3.7900349525443742E-012),(2.4316935909366509E-012,-650.00000000000762),(-650.00000000000705,-2.4364510409213838E-012)));
#3995=IFCINDEXEDPOLYCURVE(#3994,(IFCARCINDEX((1,2,3)),IFCLINEINDEX((3,4)),IFCARCINDEX((4,5,6)),IFCLINEINDEX((6,1))),.F.);
#3996=IFCARBITRARYCLOSEDPROFILEDEF(.AREA.,'enclosed_archv2',#3995);
#3997=IFCCARTESIANPOINT((19159.045888802535,640.70701172495228,1600.));
#3998=IFCDIRECTION((0.94551857559931651,0.32556815445715775,0.));
#3999=IFCDIRECTION((0.32556815445715775,-0.94551857559931651,0.));
#4000=IFCAXIS2PLACEMENT3D(#3997,#3998,#3999);
#4001=IFCEXTRUDEDAREASOLID(#3996,#4000,#49,519.42500214220865);
#4002=IFCCARTESIANPOINTLIST2D(((-199.9999999999998,-259.71250107110529),(199.99999999999804,-259.71250107110529),(199.99999999999915,259.71250107110325),(-199.99999999999901,259.71250107110336),(-199.9999999999998,-259.71250107110529)));
#4003=IFCINDEXEDPOLYCURVE(#4002,$,.F.);
#4004=IFCARBITRARYCLOSEDPROFILEDEF(.AREA.,'enclosed_archv2',#4003);
#4005=IFCCARTESIANPOINT((19127.875951592036,1528.9519206475431,-0.));
#4006=IFCDIRECTION((-0.32556815445715864,0.94551857559931618,0.));
#4007=IFCAXIS2PLACEMENT3D(#4005,#49,#4006);
#4008=IFCEXTRUDEDAREASOLID(#4004,#4007,#49,1599.9999999999991);
#4009=IFCCARTESIANPOINTLIST2D(((-199.99999999999531,-259.71250107110427),(199.99999999999304,-259.71250107110433),(199.99999999999446,259.71250107110228),(-199.99999999999307,259.71250107110438),(-199.99999999999531,-259.71250107110427)));
#4010=IFCINDEXEDPOLYCURVE(#4009,$,.F.);
#4011=IFCARBITRARYCLOSEDPROFILEDEF(.AREA.,'enclosed_archv2',#4010);
#4012=IFCCARTESIANPOINT((19811.569075952062,-456.63708811101071,-0.));
#4013=IFCDIRECTION((-0.32556815445716109,0.94551857559931529,0.));
#4014=IFCAXIS2PLACEMENT3D(#4012,#49,#4013);
#4015=IFCEXTRUDEDAREASOLID(#4011,#4014,#49,1599.9999999999905);
#4016=IFCCARTESIANPOINTLIST2D(((-642.1878094062472,-247.49999999999406),(957.81219059375826,-247.49999999999403),(957.81219059375826,247.49999999998977),(-1273.4365717812691,247.49999999999451),(-1043.2800681198696,-108.99291295187676)));
#4017=IFCINDEXEDPOLYCURVE(#4016,(IFCLINEINDEX((1,2,3,4)),IFCARCINDEX((4,5,1))),.F.);
#4018=IFCARBITRARYCLOSEDPROFILEDEF(.AREA.,'enclosed_archv2',#4017);
#4019=IFCCARTESIANPOINT((19649.112294122013,383.75808324440561,957.81219059375826));
#4020=IFCDIRECTION((0.94551857559931707,0.32556815445715614,0.));
#4021=IFCAXIS2PLACEMENT3D(#4019,#4020,#1408);
#4022=IFCEXTRUDEDAREASOLID(#4018,#4021,#49,139.71250107060843);
#4023=IFCCARTESIANPOINTLIST2D(((-874.07745573123532,-35.733475477116755),(725.92254426876343,-35.733475477115988),(878.32582198983482,-17.614192812179621),(1022.2323671937071,35.733475477116784),(-874.07745573123532,35.733475477115455)));
#4024=IFCINDEXEDPOLYCURVE(#4023,(IFCLINEINDEX((1,2)),IFCARCINDEX((2,3,4)),IFCLINEINDEX((4,5,1))),.F.);
#4025=IFCARBITRARYCLOSEDPROFILEDEF(.AREA.,'enclosed_archv2',#4024);
#4026=IFCCARTESIANPOINT((19318.085493219274,1345.129719228368,874.07745573123532));
#4027=IFCDIRECTION((0.94551857559931551,0.32556815445716053,-0.));
#4028=IFCAXIS2PLACEMENT3D(#4026,#4027,#49);
#4029=IFCEXTRUDEDAREASOLID(#4025,#4028,#49,139.71250107060843);
#4030=IFCCARTESIANPOINTLIST2D(((-199.99999999999832,-259.71250107110126),(199.99999999999974,-259.71250107110126),(199.99999999999974,259.71250107110535),(-199.99999999999835,259.71250107110535),(-199.99999999999832,-259.71250107110126)));
#4031=IFCINDEXEDPOLYCURVE(#4030,$,.F.);
#4032=IFCARBITRARYCLOSEDPROFILEDEF(.AREA.,'enclosed_archv2',#4031);
#4033=IFCCARTESIANPOINT((18997.648689809175,1907.1593508872679,0.));
#4034=IFCDIRECTION((-0.32556815445715842,0.94551857559931618,0.));
#4035=IFCAXIS2PLACEMENT3D(#4033,#49,#4034);
#4036=IFCEXTRUDEDAREASOLID(#4032,#4035,#49,1599.9999999999991);
#4037=IFCCARTESIANPOINTLIST2D(((-199.99999999999383,-259.71250107110018),(199.9999999999944,-259.71250107110023),(199.99999999999454,259.71250107110222),(-199.99999999999159,259.71250107110842),(-199.99999999999383,-259.71250107110018)));
#4038=IFCINDEXEDPOLYCURVE(#4037,$,.F.);
#4039=IFCARBITRARYCLOSEDPROFILEDEF(.AREA.,'enclosed_archv2',#4038);
#4040=IFCCARTESIANPOINT((19681.341814169205,-78.429657871295845,0.));
#4041=IFCDIRECTION((-0.32556815445716109,0.94551857559931529,0.));
#4042=IFCAXIS2PLACEMENT3D(#4040,#49,#4041);
#4043=IFCEXTRUDEDAREASOLID(#4039,#4042,#49,1599.9999999999905);
#4044=IFCSTYLEDITEM(#3985,(#2613),$);
#4045=IFCSTYLEDITEM(#3993,(#2545),$);
#4046=IFCSTYLEDITEM(#4001,(#2545),$);
#4047=IFCSTYLEDITEM(#4008,(#2545),$);
#4048=IFCSTYLEDITEM(#4015,(#2545),$);
#4049=IFCSTYLEDITEM(#4022,(#1792),$);
#4050=IFCSTYLEDITEM(#4029,(#1792),$);
#4051=IFCSTYLEDITEM(#4036,(#2545),$);
#4052=IFCSTYLEDITEM(#4043,(#2545),$);
#4053=IFCSHAPEREPRESENTATION(#15,'Body','SweptSolid',(#3985,#3993,#4001,#4008,#4015,#4022,#4029,#4036,#4043));
#4054=IFCAXIS2PLACEMENT3D(#10,$,$);
#4055=IFCREPRESENTATIONMAP(#4054,#4053);
#4056=IFCDOORLININGPROPERTIES('1HfLPk$M547Aaac6ye3X1s',#6,'enclosed_archv2:enclosed_archv2:1707972',$,$,$,$,$,$,$,$,$,$,$,$,$,$);
#4057=IFCDOORPANELPROPERTIES('1HfLPk$M547Aaac6me3X1s',#6,'enclosed_archv2:enclosed_archv2:1707972:1',$,$,.NOTDEFINED.,$,.NOTDEFINED.,$);
#4058=IFCDOORTYPE('1HfLPk$M547Aaaa6ue3X1s',#6,'enclosed_archv2:enclosed_archv2',$,$,(#4056,#4057),(#4055),'1708011',$,.DOOR.,.NOTDEFINED.,$,$);
#4059=IFCMATERIALCONSTITUENT('Timber',$,#2621,0.,'');
#4060=IFCSHAPEREPRESENTATION(#15,'Body','SweptSolid',(#3985));
#4061=IFCSHAPEASPECT((#4060),'Timber',$,.U.,#4055);
#4062=IFCMATERIALCONSTITUENT('Stone',$,#2556,0.,'');
#4063=IFCSHAPEREPRESENTATION(#15,'Body','SweptSolid',(#3993,#4001,#4008,#4015,#4036,#4043));
#4064=IFCSHAPEASPECT((#4063),'Stone',$,.U.,#4055);
#4065=IFCMATERIALCONSTITUENT('Tufelli_masonry_typeD',$,#1822,1.,'');
#4066=IFCSHAPEREPRESENTATION(#15,'Body','SweptSolid',(#4022,#4029));
#4067=IFCSHAPEASPECT((#4066),'Tufelli_masonry_typeD',$,.U.,#4055);
#4068=IFCMATERIALCONSTITUENTSET($,$,(#4059,#4062,#4065));
#4069=IFCMAPPEDITEM(#4055,#2557);
#4070=IFCSHAPEREPRESENTATION(#15,'Body','MappedRepresentation',(#4069));
#4071=IFCPRODUCTDEFINITIONSHAPE($,$,(#4070));
#4072=IFCAXIS2PLACEMENT3D(#10,$,$);
#4073=IFCLOCALPLACEMENT(#24,#4072);
#4074=IFCDOOR('1HfLPk$M547Aaac6ue3X1s',#6,'enclosed_archv2:enclosed_archv2:1707972',$,$,#4073,#4071,'1707972',1180.0865878870577,2900.0000000000214,.DOOR.,$,$);
#4075=IFCMATERIALCONSTITUENT('Timber',$,#2621,0.0017456630290319203,'');
#4076=IFCSHAPEREPRESENTATION(#15,'Body','SweptSolid',(#3985));
#4077=IFCSHAPEASPECT((#4076),'Timber',$,.U.,#4071);
#4078=IFCMATERIALCONSTITUENT('Stone',$,#2556,0.89187953622997751,'');
#4079=IFCSHAPEREPRESENTATION(#15,'Body','SweptSolid',(#3993,#4001,#4008,#4015,#4036,#4043));
#4080=IFCSHAPEASPECT((#4079),'Stone',$,.U.,#4071);
#4081=IFCMATERIALCONSTITUENT('Tufelli_masonry_typeD',$,#1822,0.053187400370495241,'');
#4082=IFCSHAPEREPRESENTATION(#15,'Body','SweptSolid',(#4022));
#4083=IFCSHAPEASPECT((#4082),'Tufelli_masonry_typeD',$,.U.,#4071);
#4084=IFCSHAPEREPRESENTATION(#15,'Body','SweptSolid',(#4029));
#4085=IFCSHAPEASPECT((#4084),'Tufelli_masonry_typeD',$,.U.,#4071);
#4086=IFCMATERIALCONSTITUENTSET($,$,(#4075,#4078,#4081));
#4087=IFCPROPERTYSET('1wNnJcABgvTicdUWYQ4NH5',#6,'Pset_DoorCommon',$,(#1425,#3782));
#4088=IFCPROPERTYSET('16Cuf9naXvaMHujp11Cd83',#6,'Pset_EnvironmentalImpactIndicators',$,(#3782));
#4089=IFCRELDEFINESBYPROPERTIES('0PwqGcYlj13jvjeHJF0upS',#6,$,$,(#4074),#4087);
#4090=IFCRELDEFINESBYPROPERTIES('2Zaqq5RKM4Z0EcHkjLKIpp',#6,$,$,(#4074),#4088);
#4091=IFCQUANTITYLENGTH('Width','',$,2100.,$);
#4092=IFCQUANTITYLENGTH('Height','',$,1400.,$);
#4093=IFCQUANTITYLENGTH('Perimeter','',$,1838.850004284393,$);
#4094=IFCQUANTITYAREA('Area','',$,15.130748061903697,$);
#4095=IFCELEMENTQUANTITY('0jmjwCN4uHkSUekHDKl4ju',#6,'Qto_DoorBaseQuantities',$,'BaseQuantities',(#4091,#4092,#4093,#4094));
#4096=IFCRELDEFINESBYPROPERTIES('1tPa5V77BW06ZajPBS6z0b',#6,$,$,(#4074),#4095);
#4097=IFCCARTESIANPOINTLIST2D(((-99.999999999998394,-259.71250107110382),(99.999999999998366,-259.71250107110376),(99.999999999998394,259.71250107110376),(-99.999999999998366,259.71250107110376),(-99.999999999998394,-259.71250107110382)));
#4098=IFCINDEXEDPOLYCURVE(#4097,$,.F.);
#4099=IFCARBITRARYCLOSEDPROFILEDEF(.AREA.,'simple_arch_door',#4098);
#4100=IFCCARTESIANPOINT((900.,-0.,0.));
#4101=IFCAXIS2PLACEMENT3D(#4100,#49,#506);
#4102=IFCEXTRUDEDAREASOLID(#4099,#4101,#49,1599.9999999999968);
#4103=IFCCARTESIANPOINTLIST2D(((-100.0000000000003,-259.71250107110382),(100.00000000000053,-259.71250107110376),(100.00000000000057,259.71250107110376),(-100.00000000000026,259.71250107110376),(-100.0000000000003,-259.71250107110382)));
#4104=IFCINDEXEDPOLYCURVE(#4103,$,.F.);
#4105=IFCARBITRARYCLOSEDPROFILEDEF(.AREA.,'simple_arch_door',#4104);
#4106=IFCCARTESIANPOINT((-900.,-0.,0.));
#4107=IFCAXIS2PLACEMENT3D(#4106,#49,#506);
#4108=IFCEXTRUDEDAREASOLID(#4105,#4107,#49,1599.9999999999991);
#4109=IFCCARTESIANPOINTLIST2D(((-1000.0000000000131,-1.3535839116229909E-012),(5.4112532039449797E-012,-1000.0000000000133),(1000.0000000000132,-2.7071678232459818E-013),(800.00000000000102,4.6021852995181692E-012),(2.9121071607930896E-012,-800.00000000000136),(-800.00000000000102,-2.97788460557058E-012)));
#4110=IFCINDEXEDPOLYCURVE(#4109,(IFCARCINDEX((1,2,3)),IFCLINEINDEX((3,4)),IFCARCINDEX((4,5,6)),IFCLINEINDEX((6,1))),.F.);
#4111=IFCARBITRARYCLOSEDPROFILEDEF(.AREA.,'simple_arch_door',#4110);
#4112=IFCCARTESIANPOINT((-0.,-259.71250107159256,1600.));
#4113=IFCAXIS2PLACEMENT3D(#4112,#146,#1561);
#4114=IFCEXTRUDEDAREASOLID(#4111,#4113,#49,519.42500214220752);
#4115=IFCSTYLEDITEM(#4102,(#2545),$);
#4116=IFCSTYLEDITEM(#4108,(#2545),$);
#4117=IFCSTYLEDITEM(#4114,(#2545),$);
#4118=IFCSHAPEREPRESENTATION(#15,'Body','SweptSolid',(#4102,#4108,#4114));
#4119=IFCAXIS2PLACEMENT3D(#10,$,$);
#4120=IFCREPRESENTATIONMAP(#4119,#4118);
#4121=IFCDOORLININGPROPERTIES('1HfLPk$M547Aaac6ye3Wlx',#6,'simple_arch_door:simple_arch_door:1709129',$,$,$,$,$,$,$,$,$,$,$,$,$,$);
#4122=IFCDOORPANELPROPERTIES('1HfLPk$M547Aaac6me3Wlx',#6,'simple_arch_door:simple_arch_door:1709129:1',$,$,.NOTDEFINED.,$,.NOTDEFINED.,$);
#4123=IFCDOORTYPE('3WUNrwbsc4YSidq40J$WeD',#6,'simple_arch_door:simple_arch_door',$,$,(#4121,#4122),(#4120),'1700772',$,.DOOR.,.NOTDEFINED.,$,$);
#4124=IFCMAPPEDITEM(#4120,#2557);
#4125=IFCSHAPEREPRESENTATION(#15,'Body','MappedRepresentation',(#4124));
#4126=IFCPRODUCTDEFINITIONSHAPE($,$,(#4125));
#4127=IFCCARTESIANPOINT((18233.222012390164,4127.2156226346751,-1000.));
#4128=IFCDIRECTION((-0.32556815445715476,0.94551857559931751,0.));
#4129=IFCAXIS2PLACEMENT3D(#4127,#49,#4128);
#4130=IFCLOCALPLACEMENT(#24,#4129);
#4131=IFCDOOR('1HfLPk$M547Aaac6ue3Wlx',#6,'simple_arch_door:simple_arch_door:1709129',$,$,#4130,#4126,'1709129',1180.0865878870563,2350.0000000000027,.DOOR.,$,$);
#4132=IFCPROPERTYSET('1sVeR_NhqLEZatf791axyO',#6,'Pset_DoorCommon',$,(#1425,#1432));
#4133=IFCPROPERTYSET('1mvBJIAkG3TopVhJEcElN2',#6,'Pset_EnvironmentalImpactIndicators',$,(#1432));
#4134=IFCRELDEFINESBYPROPERTIES('19YEzkXyBBvn4zKEs29RZ_',#6,$,$,(#4131),#4132);
#4135=IFCRELDEFINESBYPROPERTIES('0eXaS5DqW8XJUCgi4WxSAO',#6,$,$,(#4131),#4133);
#4136=IFCQUANTITYLENGTH('Width','',$,2000.0000000000002,$);
#4137=IFCQUANTITYLENGTH('Height','',$,1400.,$);
#4138=IFCQUANTITYLENGTH('Perimeter','',$,6054.8667764617094,$);
#4139=IFCQUANTITYAREA('Area','',$,4.6479454025664717,$);
#4140=IFCELEMENTQUANTITY('1DRSgvytzSTu1UWYJluva9',#6,'Qto_DoorBaseQuantities',$,'BaseQuantities',(#4136,#4137,#4138,#4139));
#4141=IFCRELDEFINESBYPROPERTIES('3$KYaHrRdtrTQEzH3bIR9d',#6,$,$,(#4131),#4140);
#4142=IFCCARTESIANPOINTLIST2D(((-259.71250107061718,-550.),(259.71250107061718,-550.),(259.71250107061718,550.),(-259.71250107061718,550.),(-259.71250107061718,-550.)));
#4143=IFCINDEXEDPOLYCURVE(#4142,$,.F.);
#4144=IFCARBITRARYCLOSEDPROFILEDEF(.AREA.,'StoneWindows',#4143);
#4145=IFCCARTESIANPOINT((-0.,0.,1600.));
#4146=IFCAXIS2PLACEMENT3D(#4145,#49,#146);
#4147=IFCEXTRUDEDAREASOLID(#4144,#4146,#49,200.);
#4148=IFCCARTESIANPOINTLIST2D(((-259.71250107061718,-550.),(259.71250107061718,-550.),(259.71250107061718,550.),(-259.71250107061718,550.),(-259.71250107061718,-550.)));
#4149=IFCINDEXEDPOLYCURVE(#4148,$,.F.);
#4150=IFCARBITRARYCLOSEDPROFILEDEF(.AREA.,'StoneWindows',#4149);
#4151=IFCCARTESIANPOINT((-0.,0.,800.));
#4152=IFCAXIS2PLACEMENT3D(#4151,#49,#146);
#4153=IFCEXTRUDEDAREASOLID(#4150,#4152,#49,165.03507693617399);
#4154=IFCCARTESIANPOINTLIST2D(((-259.71250107061718,-100.),(259.71250107061718,-100.),(259.71250107061718,100.),(-259.71250107061718,100.),(-259.71250107061718,-100.)));
#4155=IFCINDEXEDPOLYCURVE(#4154,$,.F.);
#4156=IFCARBITRARYCLOSEDPROFILEDEF(.AREA.,'StoneWindows',#4155);
#4157=IFCCARTESIANPOINT((-450.,0.,965.03507693617291));
#4158=IFCAXIS2PLACEMENT3D(#4157,#49,#146);
#4159=IFCEXTRUDEDAREASOLID(#4156,#4158,#49,634.96492306382606);
#4160=IFCCARTESIANPOINTLIST2D(((-259.71250107061718,-100.),(259.71250107061718,-100.),(259.71250107061718,100.),(-259.71250107061718,100.),(-259.71250107061718,-100.)));
#4161=IFCINDEXEDPOLYCURVE(#4160,$,.F.);
#4162=IFCARBITRARYCLOSEDPROFILEDEF(.AREA.,'StoneWindows',#4161);
#4163=IFCCARTESIANPOINT((450.,0.,965.03507693617291));
#4164=IFCAXIS2PLACEMENT3D(#4163,#49,#146);
#4165=IFCEXTRUDEDAREASOLID(#4162,#4164,#49,634.96492306382606);
#4166=IFCSTYLEDITEM(#4147,(#2545),$);
#4167=IFCSTYLEDITEM(#4153,(#2545),$);
#4168=IFCSTYLEDITEM(#4159,(#2545),$);
#4169=IFCSTYLEDITEM(#4165,(#2545),$);
#4170=IFCSHAPEREPRESENTATION(#15,'Body','SweptSolid',(#4147,#4153,#4159,#4165));
#4171=IFCAXIS2PLACEMENT3D(#10,$,$);
#4172=IFCREPRESENTATIONMAP(#4171,#4170);
#4173=IFCWINDOWLININGPROPERTIES('0RG6S63Pr48vit9siLUt1n',#6,'Window1:StoneWindows:1709200',$,$,$,$,$,$,$,$,$,$,$,$,$);
#4174=IFCWINDOWTYPE('0wnS7rrEag91i$_PSExRWa',#6,'Window1:StoneWindows',$,$,(#4173),(#4172),'1695326',$,.WINDOW.,.NOTDEFINED.,$,$);
#4175=IFCMAPPEDITEM(#4172,#2557);
#4176=IFCSHAPEREPRESENTATION(#15,'Body','MappedRepresentation',(#4175));
#4177=IFCPRODUCTDEFINITIONSHAPE($,$,(#4176));
#4178=IFCCARTESIANPOINT((18220.001990869674,4165.6093529375839,1600.));
#4179=IFCDIRECTION((0.32556815445715476,-0.94551857559931751,0.));
#4180=IFCAXIS2PLACEMENT3D(#4178,#49,#4179);
#4181=IFCLOCALPLACEMENT(#24,#4180);
#4182=IFCWINDOW('0RG6S63Pr48vit9seLUt1n',#6,'Window1:StoneWindows:1709200',$,$,#4181,#4177,'1709200',730.86516706213365,1100.,.WINDOW.,.NOTDEFINED.,$);
#4183=IFCPROPERTYSET('0NjLOTeeU8jyGnrwPl6Tso',#6,'Pset_EnvironmentalImpactIndicators',$,(#1427));
#4184=IFCPROPERTYSET('1oYg4IO5v3ssw3NlC8bhYk',#6,'Pset_WindowCommon',$,(#1425,#1427));
#4185=IFCRELDEFINESBYPROPERTIES('3o525YWopIt8r_l_wPfHKk',#6,$,$,(#4182),#4183);
#4186=IFCRELDEFINESBYPROPERTIES('3_1vb4pYVTrgUIEjxhWR$2',#6,$,$,(#4182),#4184);
#4187=IFCQUANTITYLENGTH('Width','',$,1100.,$);
#4188=IFCQUANTITYLENGTH('Height','',$,1000.0000000000001,$);
#4189=IFCQUANTITYLENGTH('Perimeter','',$,1438.8500042824687,$);
#4190=IFCQUANTITYAREA('Area','',$,2.8552712180858029,$);
#4191=IFCELEMENTQUANTITY('3PtTHqjgOxluwwtsuGGeaW',#6,'Qto_WindowBaseQuantities',$,'BaseQuantities',(#4187,#4188,#4189,#4190));
#4192=IFCRELDEFINESBYPROPERTIES('269f1pWEI0H5LMmhkQIUaL',#6,$,$,(#4182),#4191);
#4193=IFCCARTESIANPOINTLIST2D(((-259.71250107061718,-499.99999999999977),(259.71250107061718,-499.99999999999977),(259.71250107061718,499.99999999999977),(-259.71250107061718,499.99999999999977),(-259.71250107061718,-499.99999999999977)));
#4194=IFCINDEXEDPOLYCURVE(#4193,$,.F.);
#4195=IFCARBITRARYCLOSEDPROFILEDEF(.AREA.,'StoneWindows',#4194);
#4196=IFCCARTESIANPOINT((-0.,0.,1600.));
#4197=IFCAXIS2PLACEMENT3D(#4196,#49,#146);
#4198=IFCEXTRUDEDAREASOLID(#4195,#4197,#49,200.);
#4199=IFCCARTESIANPOINTLIST2D(((-259.71250107061718,-499.99999999999977),(259.71250107061718,-499.99999999999977),(259.71250107061718,499.99999999999977),(-259.71250107061718,499.99999999999977),(-259.71250107061718,-499.99999999999977)));
#4200=IFCINDEXEDPOLYCURVE(#4199,$,.F.);
#4201=IFCARBITRARYCLOSEDPROFILEDEF(.AREA.,'StoneWindows',#4200);
#4202=IFCCARTESIANPOINT((-0.,0.,800.));
#4203=IFCAXIS2PLACEMENT3D(#4202,#49,#146);
#4204=IFCEXTRUDEDAREASOLID(#4201,#4203,#49,165.03507693617399);
#4205=IFCCARTESIANPOINTLIST2D(((-259.71250107061718,-100.),(259.71250107061718,-100.),(259.71250107061718,100.),(-259.71250107061718,100.),(-259.71250107061718,-100.)));
#4206=IFCINDEXEDPOLYCURVE(#4205,$,.F.);
#4207=IFCARBITRARYCLOSEDPROFILEDEF(.AREA.,'StoneWindows',#4206);
#4208=IFCCARTESIANPOINT((-400.,0.,965.03507693617269));
#4209=IFCAXIS2PLACEMENT3D(#4208,#49,#146);
#4210=IFCEXTRUDEDAREASOLID(#4207,#4209,#49,634.96492306382629);
#4211=IFCCARTESIANPOINTLIST2D(((-259.71250107061718,-100.),(259.71250107061718,-100.),(259.71250107061718,100.),(-259.71250107061718,100.),(-259.71250107061718,-100.)));
#4212=IFCINDEXEDPOLYCURVE(#4211,$,.F.);
#4213=IFCARBITRARYCLOSEDPROFILEDEF(.AREA.,'StoneWindows',#4212);
#4214=IFCCARTESIANPOINT((400.,0.,965.03507693617269));
#4215=IFCAXIS2PLACEMENT3D(#4214,#49,#146);
#4216=IFCEXTRUDEDAREASOLID(#4213,#4215,#49,634.96492306382629);
#4217=IFCSTYLEDITEM(#4198,(#2545),$);
#4218=IFCSTYLEDITEM(#4204,(#2545),$);
#4219=IFCSTYLEDITEM(#4210,(#2545),$);
#4220=IFCSTYLEDITEM(#4216,(#2545),$);
#4221=IFCSHAPEREPRESENTATION(#15,'Body','SweptSolid',(#4198,#4204,#4210,#4216));
#4222=IFCAXIS2PLACEMENT3D(#10,$,$);
#4223=IFCREPRESENTATIONMAP(#4222,#4221);
#4224=IFCWINDOWLININGPROPERTIES('0RG6S63Pr48vit9siLUt1E',#6,'Window1:StoneWindows:1709231',$,$,$,$,$,$,$,$,$,$,$,$,$);
#4225=IFCWINDOWTYPE('3MzyabAMfLltNW2dFEydRV',#6,'Window1:StoneWindows',$,$,(#4224),(#4223),'1695326',$,.WINDOW.,.NOTDEFINED.,$,$);
#4226=IFCMAPPEDITEM(#4223,#2557);
#4227=IFCSHAPEREPRESENTATION(#15,'Body','MappedRepresentation',(#4226));
#4228=IFCPRODUCTDEFINITIONSHAPE($,$,(#4227));
#4229=IFCCARTESIANPOINT((18930.798710379822,2101.3057883199044,1950.));
#4230=IFCDIRECTION((0.3255681544571547,-0.94551857559931751,0.));
#4231=IFCAXIS2PLACEMENT3D(#4229,#49,#4230);
#4232=IFCLOCALPLACEMENT(#24,#4231);
#4233=IFCWINDOW('0RG6S63Pr48vit9seLUt1E',#6,'Window1:StoneWindows:1709231',$,$,#4232,#4228,'1709231',730.86516706213365,999.99999999999955,.WINDOW.,.NOTDEFINED.,$);
#4234=IFCPROPERTYSET('0xaSYZwBQk8RThb4dDmla9',#6,'Pset_EnvironmentalImpactIndicators',$,(#1427));
#4235=IFCPROPERTYSET('1hyouKy05xbmKEVed951bU',#6,'Pset_WindowCommon',$,(#1425,#1427));
#4236=IFCRELDEFINESBYPROPERTIES('08FZ5c1iI2C5bqdq8VSwbu',#6,$,$,(#4233),#4234);
#4237=IFCRELDEFINESBYPROPERTIES('3SrLRJFGvPocr27xZzJgNF',#6,$,$,(#4233),#4235);
#4238=IFCQUANTITYLENGTH('Width','',$,1000.0000000000001,$);
#4239=IFCQUANTITYLENGTH('Height','',$,1000.0000000000001,$);
#4240=IFCQUANTITYLENGTH('Perimeter','',$,1438.8500042824687,$);
#4241=IFCQUANTITYAREA('Area','',$,2.7148827099639377,$);
#4242=IFCELEMENTQUANTITY('2Gga$vfRDQtnXt_noUOjZR',#6,'Qto_WindowBaseQuantities',$,'BaseQuantities',(#4238,#4239,#4240,#4241));
#4243=IFCRELDEFINESBYPROPERTIES('3888JKzO5_d680tOSYwHID',#6,$,$,(#4233),#4242);
#4244=IFCCARTESIANPOINTLIST2D(((-259.7125010706161,-550.),(259.7125010706161,-550.),(259.7125010706161,550.),(-259.7125010706161,550.),(-259.7125010706161,-550.)));
#4245=IFCINDEXEDPOLYCURVE(#4244,$,.F.);
#4246=IFCARBITRARYCLOSEDPROFILEDEF(.AREA.,'StoneWindows',#4245);
#4247=IFCCARTESIANPOINT((-0.,0.,2400.));
#4248=IFCAXIS2PLACEMENT3D(#4247,#49,#146);
#4249=IFCEXTRUDEDAREASOLID(#4246,#4248,#49,200.);
#4250=IFCCARTESIANPOINTLIST2D(((-259.7125010706161,-550.),(259.7125010706161,-550.),(259.7125010706161,550.),(-259.7125010706161,550.),(-259.7125010706161,-550.)));
#4251=IFCINDEXEDPOLYCURVE(#4250,$,.F.);
#4252=IFCARBITRARYCLOSEDPROFILEDEF(.AREA.,'StoneWindows',#4251);
#4253=IFCCARTESIANPOINT((-0.,0.,800.));
#4254=IFCAXIS2PLACEMENT3D(#4253,#49,#146);
#4255=IFCEXTRUDEDAREASOLID(#4252,#4254,#49,165.03507693617399);
#4256=IFCCARTESIANPOINTLIST2D(((-259.7125010706161,-100.),(259.7125010706161,-100.),(259.7125010706161,100.),(-259.7125010706161,100.),(-259.7125010706161,-100.)));
#4257=IFCINDEXEDPOLYCURVE(#4256,$,.F.);
#4258=IFCARBITRARYCLOSEDPROFILEDEF(.AREA.,'StoneWindows',#4257);
#4259=IFCCARTESIANPOINT((-450.,0.,965.03507693617291));
#4260=IFCAXIS2PLACEMENT3D(#4259,#49,#146);
#4261=IFCEXTRUDEDAREASOLID(#4258,#4260,#49,1434.9649230638261);
#4262=IFCCARTESIANPOINTLIST2D(((-259.7125010706161,-100.),(259.7125010706161,-100.),(259.7125010706161,100.),(-259.7125010706161,100.),(-259.7125010706161,-100.)));
#4263=IFCINDEXEDPOLYCURVE(#4262,$,.F.);
#4264=IFCARBITRARYCLOSEDPROFILEDEF(.AREA.,'StoneWindows',#4263);
#4265=IFCCARTESIANPOINT((450.,0.,965.03507693617291));
#4266=IFCAXIS2PLACEMENT3D(#4265,#49,#146);
#4267=IFCEXTRUDEDAREASOLID(#4264,#4266,#49,1434.9649230638261);
#4268=IFCSTYLEDITEM(#4249,(#2545),$);
#4269=IFCSTYLEDITEM(#4255,(#2545),$);
#4270=IFCSTYLEDITEM(#4261,(#2545),$);
#4271=IFCSTYLEDITEM(#4267,(#2545),$);
#4272=IFCSHAPEREPRESENTATION(#15,'Body','SweptSolid',(#4249,#4255,#4261,#4267));
#4273=IFCAXIS2PLACEMENT3D(#10,$,$);
#4274=IFCREPRESENTATIONMAP(#4273,#4272);
#4275=IFCWINDOWLININGPROPERTIES('0RG6S63Pr48vit9siLUt6P',#6,'Window1:StoneWindows:1709432',$,$,$,$,$,$,$,$,$,$,$,$,$);
#4276=IFCWINDOWTYPE('39WnRxPRDNPcpEWrdp9Y0U',#6,'Window1:StoneWindows',$,$,(#4275),(#4274),'1695326',$,.WINDOW.,.NOTDEFINED.,$,$);
#4277=IFCMAPPEDITEM(#4274,#2557);
#4278=IFCSHAPEREPRESENTATION(#15,'Body','MappedRepresentation',(#4277));
#4279=IFCPRODUCTDEFINITIONSHAPE($,$,(#4278));
#4280=IFCCARTESIANPOINT((18144.511495694915,4384.8496701852528,-400.));
#4281=IFCDIRECTION((0.3255681544571547,-0.94551857559931751,0.));
#4282=IFCAXIS2PLACEMENT3D(#4280,#49,#4281);
#4283=IFCLOCALPLACEMENT(#28,#4282);
#4284=IFCWINDOW('0RG6S63Pr48vit9seLUt6P',#6,'Window1:StoneWindows:1709432',$,$,#4283,#4279,'1709432',730.86516706213263,1100.,.WINDOW.,.NOTDEFINED.,$);
#4285=IFCPROPERTYSET('0d2p2U5HfslcMhpJN45j0t',#6,'Pset_EnvironmentalImpactIndicators',$,(#1427));
#4286=IFCPROPERTYSET('16NL7bCfjhn3q94nHbh2RI',#6,'Pset_WindowCommon',$,(#1425,#1427));
#4287=IFCRELDEFINESBYPROPERTIES('3qwzosHHQOtB3lzp4PGNKy',#6,$,$,(#4284),#4285);
#4288=IFCRELDEFINESBYPROPERTIES('1gQsKGpk_02m4NioeHPolU',#6,$,$,(#4284),#4286);
#4289=IFCQUANTITYLENGTH('Width','',$,1100.,$);
#4290=IFCQUANTITYLENGTH('Height','',$,1800.0000000000002,$);
#4291=IFCQUANTITYLENGTH('Perimeter','',$,1438.8500042824644,$);
#4292=IFCQUANTITYAREA('Area','',$,4.0063512215117658,$);
#4293=IFCELEMENTQUANTITY('164Mrw9D$5N1rVIFWgvXvc',#6,'Qto_WindowBaseQuantities',$,'BaseQuantities',(#4289,#4290,#4291,#4292));
#4294=IFCRELDEFINESBYPROPERTIES('3SpkVQN4U$oSt9qMSFUDHs',#6,$,$,(#4284),#4293);
#4295=IFCMAPPEDITEM(#4274,#2557);
#4296=IFCSHAPEREPRESENTATION(#15,'Body','MappedRepresentation',(#4295));
#4297=IFCPRODUCTDEFINITIONSHAPE($,$,(#4296));
#4298=IFCCARTESIANPOINT((19549.606604039316,304.15717236233121,-400.));
#4299=IFCDIRECTION((0.3255681544571547,-0.94551857559931751,0.));
#4300=IFCAXIS2PLACEMENT3D(#4298,#49,#4299);
#4301=IFCLOCALPLACEMENT(#28,#4300);
#4302=IFCWINDOW('0RG6S63Pr48vit9seLUt5Z',#6,'Window1:StoneWindows:1709442',$,$,#4301,#4297,'1709442',730.86516706213263,1100.,.WINDOW.,.NOTDEFINED.,$);
#4303=IFCPROPERTYSET('2KyE6cH41tSXhryba8A_MR',#6,'Pset_EnvironmentalImpactIndicators',$,(#1427));
#4304=IFCPROPERTYSET('0gDGIBbRnkZEjBb0qFpYZD',#6,'Pset_WindowCommon',$,(#1425,#1427));
#4305=IFCRELDEFINESBYPROPERTIES('1MPRGsnpOv6$DCo5mk1$kC',#6,$,$,(#4302),#4303);
#4306=IFCRELDEFINESBYPROPERTIES('1g58AmQnzUid9UGXNIjwLJ',#6,$,$,(#4302),#4304);
#4307=IFCQUANTITYLENGTH('Width','',$,1100.,$);
#4308=IFCQUANTITYLENGTH('Height','',$,1800.0000000000002,$);
#4309=IFCQUANTITYLENGTH('Perimeter','',$,1438.8500042824644,$);
#4310=IFCQUANTITYAREA('Area','',$,4.0063512215117658,$);
#4311=IFCELEMENTQUANTITY('0eSVPlXN_bix1KgnTuKytN',#6,'Qto_WindowBaseQuantities',$,'BaseQuantities',(#4307,#4308,#4309,#4310));
#4312=IFCRELDEFINESBYPROPERTIES('0gccsAWiKMaaY15Z_4dOPq',#6,$,$,(#4302),#4311);
#4313=IFCCARTESIANPOINTLIST2D(((-259.7125010706161,-450.00000000000006),(259.7125010706161,-450.00000000000006),(259.7125010706161,450.00000000000006),(-259.7125010706161,450.00000000000006),(-259.7125010706161,-450.00000000000006)));
#4314=IFCINDEXEDPOLYCURVE(#4313,$,.F.);
#4315=IFCARBITRARYCLOSEDPROFILEDEF(.AREA.,'StoneWindows',#4314);
#4316=IFCCARTESIANPOINT((-0.,0.,1700.));
#4317=IFCAXIS2PLACEMENT3D(#4316,#49,#146);
#4318=IFCEXTRUDEDAREASOLID(#4315,#4317,#49,200.);
#4319=IFCCARTESIANPOINTLIST2D(((-259.7125010706161,-450.00000000000006),(259.7125010706161,-450.00000000000006),(259.7125010706161,450.00000000000006),(-259.7125010706161,450.00000000000006),(-259.7125010706161,-450.00000000000006)));
#4320=IFCINDEXEDPOLYCURVE(#4319,$,.F.);
#4321=IFCARBITRARYCLOSEDPROFILEDEF(.AREA.,'StoneWindows',#4320);
#4322=IFCCARTESIANPOINT((-0.,0.,800.));
#4323=IFCAXIS2PLACEMENT3D(#4322,#49,#146);
#4324=IFCEXTRUDEDAREASOLID(#4321,#4323,#49,165.03507693617399);
#4325=IFCCARTESIANPOINTLIST2D(((-259.7125010706161,-100.),(259.7125010706161,-100.),(259.7125010706161,100.),(-259.7125010706161,100.),(-259.7125010706161,-100.)));
#4326=IFCINDEXEDPOLYCURVE(#4325,$,.F.);
#4327=IFCARBITRARYCLOSEDPROFILEDEF(.AREA.,'StoneWindows',#4326);
#4328=IFCCARTESIANPOINT((-350.,0.,965.03507693617291));
#4329=IFCAXIS2PLACEMENT3D(#4328,#49,#146);
#4330=IFCEXTRUDEDAREASOLID(#4327,#4329,#49,734.96492306382606);
#4331=IFCCARTESIANPOINTLIST2D(((-259.7125010706161,-100.),(259.7125010706161,-100.),(259.7125010706161,100.),(-259.7125010706161,100.),(-259.7125010706161,-100.)));
#4332=IFCINDEXEDPOLYCURVE(#4331,$,.F.);
#4333=IFCARBITRARYCLOSEDPROFILEDEF(.AREA.,'StoneWindows',#4332);
#4334=IFCCARTESIANPOINT((350.,0.,965.03507693617291));
#4335=IFCAXIS2PLACEMENT3D(#4334,#49,#146);
#4336=IFCEXTRUDEDAREASOLID(#4333,#4335,#49,734.96492306382606);
#4337=IFCSTYLEDITEM(#4318,(#2545),$);
#4338=IFCSTYLEDITEM(#4324,(#2545),$);
#4339=IFCSTYLEDITEM(#4330,(#2545),$);
#4340=IFCSTYLEDITEM(#4336,(#2545),$);
#4341=IFCSHAPEREPRESENTATION(#15,'Body','SweptSolid',(#4318,#4324,#4330,#4336));
#4342=IFCAXIS2PLACEMENT3D(#10,$,$);
#4343=IFCREPRESENTATIONMAP(#4342,#4341);
#4344=IFCWINDOWLININGPROPERTIES('1_Iq6xIsv1xeO7O4rZAM7L',#6,'Window1:StoneWindows:1709877',$,$,$,$,$,$,$,$,$,$,$,$,$);
#4345=IFCWINDOWTYPE('2QxRlu8xA$0aMqhPPvJeke',#6,'Window1:StoneWindows',$,$,(#4344),(#4343),'1695326',$,.WINDOW.,.NOTDEFINED.,$,$);
#4346=IFCMAPPEDITEM(#4343,#2557);
#4347=IFCSHAPEREPRESENTATION(#15,'Body','MappedRepresentation',(#4346));
#4348=IFCPRODUCTDEFINITIONSHAPE($,$,(#4347));
#4349=IFCCARTESIANPOINT((18642.194476915971,2939.4733424889341,1000.));
#4350=IFCDIRECTION((0.3255681544571547,-0.94551857559931751,0.));
#4351=IFCAXIS2PLACEMENT3D(#4349,#49,#4350);
#4352=IFCLOCALPLACEMENT(#28,#4351);
#4353=IFCWINDOW('1_Iq6xIsv1xeO7O4nZAM7L',#6,'Window1:StoneWindows:1709877',$,$,#4352,#4348,'1709877',730.86516706213263,900.00000000000011,.WINDOW.,.NOTDEFINED.,$);
#4354=IFCPROPERTYSET('31yd2LKO_turY3nLp2Hmnc',#6,'Pset_EnvironmentalImpactIndicators',$,(#1427));
#4355=IFCPROPERTYSET('1dW0ERlEi0UeZMwJsXc1Yz',#6,'Pset_WindowCommon',$,(#1425,#1427));
#4356=IFCRELDEFINESBYPROPERTIES('1RcP_b1iB28ysS9UCjfbkZ',#6,$,$,(#4353),#4354);
#4357=IFCRELDEFINESBYPROPERTIES('1dS$4kAHg9_gAj8k6qPsBV',#6,$,$,(#4353),#4355);
#4358=IFCQUANTITYLENGTH('Width','',$,900.00000000000011,$);
#4359=IFCQUANTITYLENGTH('Height','',$,1100.,$);
#4360=IFCQUANTITYLENGTH('Perimeter','',$,1438.8500042824644,$);
#4361=IFCQUANTITYAREA('Area','',$,2.7183792022703117,$);
#4362=IFCELEMENTQUANTITY('3KWJeMVSHHCUsuLdKz$ZiQ',#6,'Qto_WindowBaseQuantities',$,'BaseQuantities',(#4358,#4359,#4360,#4361));
#4363=IFCRELDEFINESBYPROPERTIES('0erL8EfkECSnsjJB$TFuTw',#6,$,$,(#4353),#4362);
#4364=IFCCARTESIANPOINTLIST2D(((-250.00000000000003,-499.99999999999977),(250.00000000000003,-499.99999999999977),(250.00000000000003,499.99999999999977),(-250.00000000000003,499.99999999999977),(-250.00000000000003,-499.99999999999977)));
#4365=IFCINDEXEDPOLYCURVE(#4364,$,.F.);
#4366=IFCARBITRARYCLOSEDPROFILEDEF(.AREA.,'BrickWindow',#4365);
#4367=IFCCARTESIANPOINT((500.,250.,1300.));
#4368=IFCAXIS2PLACEMENT3D(#4367,#49,#146);
#4369=IFCEXTRUDEDAREASOLID(#4366,#4368,#49,200.);
#4370=IFCCARTESIANPOINTLIST2D(((-250.00000000000003,-499.99999999999977),(250.00000000000003,-499.99999999999977),(250.00000000000003,499.99999999999977),(-250.00000000000003,499.99999999999977),(-250.00000000000003,-499.99999999999977)));
#4371=IFCINDEXEDPOLYCURVE(#4370,$,.F.);
#4372=IFCARBITRARYCLOSEDPROFILEDEF(.AREA.,'BrickWindow',#4371);
#4373=IFCCARTESIANPOINT((500.,250.,0.));
#4374=IFCAXIS2PLACEMENT3D(#4373,#49,#146);
#4375=IFCEXTRUDEDAREASOLID(#4372,#4374,#49,165.03507693617399);
#4376=IFCCARTESIANPOINTLIST2D(((-250.00000000000003,-100.),(250.00000000000003,-100.),(250.00000000000003,100.),(-250.00000000000003,100.),(-250.00000000000003,-100.)));
#4377=IFCINDEXEDPOLYCURVE(#4376,$,.F.);
#4378=IFCARBITRARYCLOSEDPROFILEDEF(.AREA.,'BrickWindow',#4377);
#4379=IFCCARTESIANPOINT((100.,250.,165.03507693617399));
#4380=IFCAXIS2PLACEMENT3D(#4379,#49,#146);
#4381=IFCEXTRUDEDAREASOLID(#4378,#4380,#49,1134.9649230638261);
#4382=IFCCARTESIANPOINTLIST2D(((-250.00000000000003,-100.),(250.00000000000003,-100.),(250.00000000000003,100.),(-250.00000000000003,100.),(-250.00000000000003,-100.)));
#4383=IFCINDEXEDPOLYCURVE(#4382,$,.F.);
#4384=IFCARBITRARYCLOSEDPROFILEDEF(.AREA.,'BrickWindow',#4383);
#4385=IFCCARTESIANPOINT((900.,250.,165.03507693617399));
#4386=IFCAXIS2PLACEMENT3D(#4385,#49,#146);
#4387=IFCEXTRUDEDAREASOLID(#4384,#4386,#49,1134.9649230638261);
#4388=IFCSTYLEDITEM(#4369,(#2438),$);
#4389=IFCSTYLEDITEM(#4375,(#2438),$);
#4390=IFCSTYLEDITEM(#4381,(#2438),$);
#4391=IFCSTYLEDITEM(#4387,(#2438),$);
#4392=IFCSHAPEREPRESENTATION(#15,'Body','SweptSolid',(#4369,#4375,#4381,#4387));
#4393=IFCAXIS2PLACEMENT3D(#10,$,$);
#4394=IFCREPRESENTATIONMAP(#4393,#4392);
#4395=IFCWINDOWLININGPROPERTIES('2cod_9cnH6lgOHU_hV8bpd',#6,'BrickWindow:BrickWindow:1711014',$,$,$,$,$,$,$,$,$,$,$,$,$);
#4396=IFCWINDOWTYPE('3pAD12nIg72WLsuZ1EDbsg',#6,'BrickWindow:BrickWindow',$,$,(#4395),(#4394),'1784395',$,.WINDOW.,.NOTDEFINED.,$,$);
#4397=IFCMAPPEDITEM(#4394,#2557);
#4398=IFCSHAPEREPRESENTATION(#15,'Body','MappedRepresentation',(#4397));
#4399=IFCPRODUCTDEFINITIONSHAPE($,$,(#4398));
#4400=IFCCARTESIANPOINT((12476.08736789003,10052.705814796254,200.));
#4401=IFCDIRECTION((0.4723689273676574,-0.88140092832803896,0.));
#4402=IFCAXIS2PLACEMENT3D(#4400,#49,#4401);
#4404=IFCWINDOW('2cod_9cnH6lgOHU_lV8bpd',#6,'BrickWindow:BrickWindow:1711014',$,$,#7925,#4399,'1711014',1500.,1000.000000000001,.WINDOW.,.NOTDEFINED.,$);
#4405=IFCPROPERTYSET('0c4GQ_NDUn8RAbTsst$yi0',#6,'Pset_EnvironmentalImpactIndicators',$,(#1148));
#4406=IFCPROPERTYSET('0UCPRSzamc3SZQYzxZ9m4f',#6,'Pset_WindowCommon',$,(#84,#1148));
#4407=IFCRELDEFINESBYPROPERTIES('3i5l2Thx13xrdYenzPyMkc',#6,$,$,(#4404),#4405);
#4408=IFCRELDEFINESBYPROPERTIES('3JLFBzEX9nkA8nCQ7CxuW1',#6,$,$,(#4404),#4406);
#4409=IFCQUANTITYLENGTH('Width','',$,1000.0000000000001,$);
#4410=IFCQUANTITYLENGTH('Height','',$,1500.,$);
#4411=IFCQUANTITYLENGTH('Perimeter','',$,1400.,$);
#4412=IFCQUANTITYAREA('Area','',$,3.3365035076936174,$);
#4413=IFCELEMENTQUANTITY('3mLneyZ25IG5eI8wwzL7LB',#6,'Qto_WindowBaseQuantities',$,'BaseQuantities',(#4409,#4410,#4411,#4412));
#4414=IFCRELDEFINESBYPROPERTIES('0d7i4lH3hNWZneOE$aZfO4',#6,$,$,(#4404),#4413);
#4415=IFCMAPPEDITEM(#4394,#2557);
#4416=IFCSHAPEREPRESENTATION(#15,'Body','MappedRepresentation',(#4415));
#4417=IFCPRODUCTDEFINITIONSHAPE($,$,(#4416));
#4418=IFCCARTESIANPOINT((12476.087367890028,10052.705814796262,2298.5786437626939));
#4419=IFCDIRECTION((0.4723689273676574,-0.88140092832803896,0.));
#4420=IFCAXIS2PLACEMENT3D(#4418,#49,#4419);
#4422=IFCWINDOW('2cod_9cnH6lgOHU_lV8box',#6,'BrickWindow:BrickWindow:1711098',$,$,#7903,#4417,'1711098',1500.,999.99999999999898,.WINDOW.,.NOTDEFINED.,$);
#4423=IFCPROPERTYSET('3hBvIRZTaYgWT$oCGd$IHj',#6,'Pset_EnvironmentalImpactIndicators',$,(#1148));
#4424=IFCPROPERTYSET('0TuU_5_1j5mW4JTQq75L1E',#6,'Pset_WindowCommon',$,(#84,#1148));
#4425=IFCRELDEFINESBYPROPERTIES('0BgLWwjsHyrgCsBNy6Jpl4',#6,$,$,(#4422),#4423);
#4426=IFCRELDEFINESBYPROPERTIES('3Fb7cun3FpzsO3xwtcy0v0',#6,$,$,(#4422),#4424);
#4427=IFCQUANTITYLENGTH('Width','',$,1000.0000000000001,$);
#4428=IFCQUANTITYLENGTH('Height','',$,1500.,$);
#4429=IFCQUANTITYLENGTH('Perimeter','',$,1400.,$);
#4430=IFCQUANTITYAREA('Area','',$,3.3365035076936174,$);
#4431=IFCELEMENTQUANTITY('02wwSprEP6iNB2gXmzihKL',#6,'Qto_WindowBaseQuantities',$,'BaseQuantities',(#4427,#4428,#4429,#4430));
#4432=IFCRELDEFINESBYPROPERTIES('0RUq77bIgN2iQX8dATWw3B',#6,$,$,(#4422),#4431);
#4433=IFCMAPPEDITEM(#4394,#2557);
#4434=IFCSHAPEREPRESENTATION(#15,'Body','MappedRepresentation',(#4433));
#4435=IFCPRODUCTDEFINITIONSHAPE($,$,(#4434));
#4436=IFCCARTESIANPOINT((12476.087367890028,10052.70581479626,1500.));
#4437=IFCDIRECTION((0.4723689273676574,-0.88140092832803896,0.));
#4438=IFCAXIS2PLACEMENT3D(#4436,#49,#4437);
#4440=IFCWINDOW('2cod_9cnH6lgOHU_lV8bjr',#6,'BrickWindow:BrickWindow:1711156',$,$,#7991,#4435,'1711156',1500.,1000.0000000000001,.WINDOW.,.NOTDEFINED.,$);
#4441=IFCPROPERTYSET('3RwIMdsf4mK3zVHtvEaFPo',#6,'Pset_EnvironmentalImpactIndicators',$,(#1148));
#4442=IFCPROPERTYSET('1cZyZLEpO92SfzKMS3ay4j',#6,'Pset_WindowCommon',$,(#84,#1148));
#4443=IFCRELDEFINESBYPROPERTIES('3YfYyJfqvp0Qg1xEm_iDga',#6,$,$,(#4440),#4441);
#4444=IFCRELDEFINESBYPROPERTIES('3JAgCa0hmSyAnuqZSe8nFV',#6,$,$,(#4440),#4442);
#4445=IFCQUANTITYLENGTH('Width','',$,1000.0000000000001,$);
#4446=IFCQUANTITYLENGTH('Height','',$,1500.,$);
#4447=IFCQUANTITYLENGTH('Perimeter','',$,1400.,$);
#4448=IFCQUANTITYAREA('Area','',$,3.3365035076936174,$);
#4449=IFCELEMENTQUANTITY('0RIX4LQkNJ1rRMZumoYHSj',#6,'Qto_WindowBaseQuantities',$,'BaseQuantities',(#4445,#4446,#4447,#4448));
#4450=IFCRELDEFINESBYPROPERTIES('02I0lzRTtkVyuycx7qId5e',#6,$,$,(#4440),#4449);
#4451=IFCMAPPEDITEM(#4394,#2557);
#4452=IFCSHAPEREPRESENTATION(#15,'Body','MappedRepresentation',(#4451));
#4453=IFCPRODUCTDEFINITIONSHAPE($,$,(#4452));
#4454=IFCCARTESIANPOINT((13438.45239038243,8257.0131367403246,1500.));
#4455=IFCDIRECTION((0.4723689273676574,-0.88140092832803896,0.));
#4456=IFCAXIS2PLACEMENT3D(#4454,#49,#4455);
#4458=IFCWINDOW('2cod_9cnH6lgOHU_lV8bcE',#6,'BrickWindow:BrickWindow:1711823',$,$,#7969,#4453,'1711823',1500.,1000.0000000000019,.WINDOW.,.NOTDEFINED.,$);
#4459=IFCPROPERTYSET('1A0uHNE0mXGaY5rr7xF_mQ',#6,'Pset_EnvironmentalImpactIndicators',$,(#1148));
#4460=IFCPROPERTYSET('0zRj31Io$fSn$yMVDPqq4A',#6,'Pset_WindowCommon',$,(#84,#1148));
#4461=IFCRELDEFINESBYPROPERTIES('1a2leDdtZGIGW4V7ewp7iu',#6,$,$,(#4458),#4459);
#4462=IFCRELDEFINESBYPROPERTIES('2Wh46MITULikSOOOPctpb5',#6,$,$,(#4458),#4460);
#4463=IFCQUANTITYLENGTH('Width','',$,1000.0000000000001,$);
#4464=IFCQUANTITYLENGTH('Height','',$,1500.,$);
#4465=IFCQUANTITYLENGTH('Perimeter','',$,1400.,$);
#4466=IFCQUANTITYAREA('Area','',$,3.3365035076936174,$);
#4467=IFCELEMENTQUANTITY('16F0UO3bZaEWwr_5pFeYnK',#6,'Qto_WindowBaseQuantities',$,'BaseQuantities',(#4463,#4464,#4465,#4466));
#4468=IFCRELDEFINESBYPROPERTIES('3Thg$qrCHUst1hZRLkAr01',#6,$,$,(#4458),#4467);
#4469=IFCMAPPEDITEM(#4394,#2557);
#4470=IFCSHAPEREPRESENTATION(#15,'Body','MappedRepresentation',(#4469));
#4471=IFCPRODUCTDEFINITIONSHAPE($,$,(#4470));
#4472=IFCCARTESIANPOINT((13438.452390382436,8257.0131367403173,2298.5786437626862));
#4473=IFCDIRECTION((0.4723689273676574,-0.88140092832803896,0.));
#4474=IFCAXIS2PLACEMENT3D(#4472,#49,#4473);
#4476=IFCWINDOW('3PDcirDNvFvA6IW_GuYSLi',#6,'BrickWindow:BrickWindow:1712374',$,$,#7859,#4471,'1712374',1500.,1000.0000000000019,.WINDOW.,.NOTDEFINED.,$);
#4477=IFCPROPERTYSET('2WMpUjPSXXc54U83viFjca',#6,'Pset_EnvironmentalImpactIndicators',$,(#1148));
#4478=IFCPROPERTYSET('36_kUWFdxRajDwjEwZgV_$',#6,'Pset_WindowCommon',$,(#84,#1148));
#4479=IFCRELDEFINESBYPROPERTIES('1bzk4RKLATTZuSd5ZsytWU',#6,$,$,(#4476),#4477);
#4480=IFCRELDEFINESBYPROPERTIES('0PnMNAiX0sjRlzW1HPmDUG',#6,$,$,(#4476),#4478);
#4481=IFCQUANTITYLENGTH('Width','',$,1000.0000000000001,$);
#4482=IFCQUANTITYLENGTH('Height','',$,1500.,$);
#4483=IFCQUANTITYLENGTH('Perimeter','',$,1400.,$);
#4484=IFCQUANTITYAREA('Area','',$,3.3365035076936174,$);
#4485=IFCELEMENTQUANTITY('0y3tH0oolFqfms88gxZ_bY',#6,'Qto_WindowBaseQuantities',$,'BaseQuantities',(#4481,#4482,#4483,#4484));
#4486=IFCRELDEFINESBYPROPERTIES('1PYQ6KZDpXJfJ65buiL7vG',#6,$,$,(#4476),#4485);
#4487=IFCCARTESIANPOINTLIST2D(((299.99999999999989,8.1215034697379459E-013),(500.00000000002609,-5.9557692111411601E-012),(5.4785571660124274E-012,500.00000000002495),(-500.00000000002615,1.0828671292983927E-012),(-299.99999999999989,-2.4364510409213838E-012),(-2.7232385671440339E-012,299.99999999999869)));
#4488=IFCINDEXEDPOLYCURVE(#4487,(IFCLINEINDEX((1,2)),IFCARCINDEX((2,3,4)),IFCLINEINDEX((4,5)),IFCARCINDEX((5,6,1))),.F.);
#4489=IFCARBITRARYCLOSEDPROFILEDEF(.AREA.,'StoneWindowArch',#4488);
#4490=IFCCARTESIANPOINT((-0.,-259.71250107061502,1400.));
#4491=IFCAXIS2PLACEMENT3D(#4490,#2592,#1561);
#4492=IFCEXTRUDEDAREASOLID(#4489,#4491,#1408,519.42500214123004);
#4493=IFCCARTESIANPOINTLIST2D(((-200.00000000000165,-299.99999999999977),(200.00000000000273,-299.99999999999977),(200.00000000000273,299.99999999999977),(-200.00000000000406,299.99999999999977),(-500.00000000000136,-2.1371175031611703E-012)));
#4494=IFCINDEXEDPOLYCURVE(#4493,(IFCLINEINDEX((1,2,3,4)),IFCARCINDEX((4,5,1))),.F.);
#4495=IFCARBITRARYCLOSEDPROFILEDEF(.AREA.,'StoneWindowArch',#4494);
#4496=IFCCARTESIANPOINT((-0.,70.,1200.));
#4497=IFCAXIS2PLACEMENT3D(#4496,#146,#1408);
#4498=IFCEXTRUDEDAREASOLID(#4495,#4497,#49,189.71250107162322);
#4499=IFCCARTESIANPOINTLIST2D(((-259.71250107061502,-100.00000000001653),(259.71250107061502,-100.00000000001653),(259.71250107061502,100.00000000001666),(-259.71250107061502,100.00000000001666),(-259.71250107061502,-100.00000000001653)));
#4500=IFCINDEXEDPOLYCURVE(#4499,$,.F.);
#4501=IFCARBITRARYCLOSEDPROFILEDEF(.AREA.,'StoneWindowArch',#4500);
#4502=IFCCARTESIANPOINT((400.,0.,800.));
#4503=IFCAXIS2PLACEMENT3D(#4502,#49,#146);
#4504=IFCEXTRUDEDAREASOLID(#4501,#4503,#49,600.00000000000205);
#4505=IFCCARTESIANPOINTLIST2D(((-259.71250107061502,-100.00000000001673),(259.71250107061502,-100.00000000001673),(259.71250107061502,100.00000000001666),(-259.71250107061502,100.00000000001666),(-259.71250107061502,-100.00000000001673)));
#4506=IFCINDEXEDPOLYCURVE(#4505,$,.F.);
#4507=IFCARBITRARYCLOSEDPROFILEDEF(.AREA.,'StoneWindowArch',#4506);
#4508=IFCCARTESIANPOINT((-400.,0.,800.));
#4509=IFCAXIS2PLACEMENT3D(#4508,#49,#146);
#4510=IFCEXTRUDEDAREASOLID(#4507,#4509,#49,599.99999999999989);
#4511=IFCCARTESIANPOINTLIST2D(((-259.71250107061502,-299.99999999999977),(259.71250107061502,-299.99999999999977),(259.71250107061502,299.99999999999977),(-259.71250107061502,299.99999999999977),(-259.71250107061502,-299.99999999999977)));
#4512=IFCINDEXEDPOLYCURVE(#4511,$,.F.);
#4513=IFCARBITRARYCLOSEDPROFILEDEF(.AREA.,'StoneWindowArch',#4512);
#4514=IFCCARTESIANPOINT((-0.,0.,800.));
#4515=IFCAXIS2PLACEMENT3D(#4514,#49,#146);
#4516=IFCEXTRUDEDAREASOLID(#4513,#4515,#49,200.00000000000014);
#4517=IFCSTYLEDITEM(#4492,(#2545),$);
#4518=IFCSTYLEDITEM(#4498,(#1792),$);
#4519=IFCSTYLEDITEM(#4504,(#2545),$);
#4520=IFCSTYLEDITEM(#4510,(#2545),$);
#4521=IFCSTYLEDITEM(#4516,(#2545),$);
#4522=IFCSHAPEREPRESENTATION(#15,'Body','SweptSolid',(#4492,#4498,#4504,#4510,#4516));
#4523=IFCAXIS2PLACEMENT3D(#10,$,$);
#4524=IFCREPRESENTATIONMAP(#4523,#4522);
#4525=IFCWINDOWLININGPROPERTIES('3PDcirDNvFvA6IW_KuYSIZ',#6,'archi_window_closed:StoneWindowArch:1712441',$,$,$,$,$,$,$,$,$,$,$,$,$);
#4526=IFCWINDOWTYPE('2Nc5M1BoPG$UZayqVDo0d3',#6,'archi_window_closed:StoneWindowArch',$,$,(#4525),(#4524),'1699303',$,.WINDOW.,.NOTDEFINED.,$,$);
#4527=IFCMATERIALCONSTITUENT('Stone',$,#2556,1.,'');
#4528=IFCSHAPEREPRESENTATION(#15,'Body','SweptSolid',(#4492,#4504,#4510,#4516));
#4529=IFCSHAPEASPECT((#4528),'Stone',$,.U.,#4524);
#4530=IFCMATERIALCONSTITUENT('Tufelli_masonry_typeD',$,#1822,0.,'');
#4531=IFCSHAPEREPRESENTATION(#15,'Body','SweptSolid',(#4498));
#4532=IFCSHAPEASPECT((#4531),'Tufelli_masonry_typeD',$,.U.,#4524);
#4533=IFCMATERIALCONSTITUENTSET($,$,(#4527,#4530));
#4534=IFCMAPPEDITEM(#4524,#2557);
#4535=IFCSHAPEREPRESENTATION(#15,'Body','MappedRepresentation',(#4534));
#4536=IFCPRODUCTDEFINITIONSHAPE($,$,(#4535));
#4537=IFCCARTESIANPOINT((19160.432767038219,1434.4000630877622,3600.));
#4538=IFCDIRECTION((0.3255681544571547,-0.94551857559931751,0.));
#4539=IFCAXIS2PLACEMENT3D(#4537,#49,#4538);
#4540=IFCLOCALPLACEMENT(#24,#4539);
#4541=IFCWINDOW('3PDcirDNvFvA6IW_GuYSIZ',#6,'archi_window_closed:StoneWindowArch:1712441',$,$,#4540,#4536,'1712441',730.8651670621316,1000.0000000000662,.WINDOW.,.NOTDEFINED.,$);
#4542=IFCMATERIALCONSTITUENT('Stone',$,#2556,0.81443280301324461,'');
#4543=IFCMATERIALCONSTITUENT('Tufelli_masonry_typeD',$,#1822,0.18556719698675544,'');
#4544=IFCMATERIALCONSTITUENTSET($,$,(#4542,#4543));
#4545=IFCPROPERTYSET('1o9KEX4bWJpTy10H$6ymGK',#6,'Pset_EnvironmentalImpactIndicators',$,(#2207));
#4546=IFCPROPERTYSET('3fuveVE0JLTNwi9qIxxW9q',#6,'Pset_WindowCommon',$,(#1425,#2207));
#4547=IFCRELDEFINESBYPROPERTIES('1fOAJGm2f$HP3rIRLjphkL',#6,$,$,(#4541),#4545);
#4548=IFCRELDEFINESBYPROPERTIES('1d3tW37VyrblLrzBkcqomU',#6,$,$,(#4541),#4546);
#4549=IFCQUANTITYLENGTH('Width','',$,600.,$);
#4550=IFCQUANTITYLENGTH('Height','',$,600.,$);
#4551=IFCQUANTITYLENGTH('Perimeter','',$,2238.8500042824589,$);
#4552=IFCQUANTITYAREA('Area','',$,3.2181317890566019,$);
#4553=IFCELEMENTQUANTITY('2E6Tu4QpCHIzHZOm4UOTl8',#6,'Qto_WindowBaseQuantities',$,'BaseQuantities',(#4549,#4550,#4551,#4552));
#4554=IFCRELDEFINESBYPROPERTIES('1PDipNgO0c0dWqbbMgT8bC',#6,$,$,(#4541),#4553);
#4555=IFCCARTESIANPOINTLIST2D(((-259.71250107061502,-599.99999999999977),(259.71250107061502,-599.99999999999977),(259.71250107061502,599.99999999999977),(-259.71250107061502,599.99999999999977),(-259.71250107061502,-599.99999999999977)));
#4556=IFCINDEXEDPOLYCURVE(#4555,$,.F.);
#4557=IFCARBITRARYCLOSEDPROFILEDEF(.AREA.,'StoneWindows',#4556);
#4558=IFCCARTESIANPOINT((-0.,0.,2100.));
#4559=IFCAXIS2PLACEMENT3D(#4558,#49,#146);
#4560=IFCEXTRUDEDAREASOLID(#4557,#4559,#49,200.);
#4561=IFCCARTESIANPOINTLIST2D(((-259.71250107061502,-599.99999999999977),(259.71250107061502,-599.99999999999977),(259.71250107061502,599.99999999999977),(-259.71250107061502,599.99999999999977),(-259.71250107061502,-599.99999999999977)));
#4562=IFCINDEXEDPOLYCURVE(#4561,$,.F.);
#4563=IFCARBITRARYCLOSEDPROFILEDEF(.AREA.,'StoneWindows',#4562);
#4564=IFCCARTESIANPOINT((-0.,0.,800.));
#4565=IFCAXIS2PLACEMENT3D(#4564,#49,#146);
#4566=IFCEXTRUDEDAREASOLID(#4563,#4565,#49,165.03507693617399);
#4567=IFCCARTESIANPOINTLIST2D(((-259.71250107061502,-100.),(259.71250107061502,-100.),(259.71250107061502,100.),(-259.71250107061502,100.),(-259.71250107061502,-100.)));
#4568=IFCINDEXEDPOLYCURVE(#4567,$,.F.);
#4569=IFCARBITRARYCLOSEDPROFILEDEF(.AREA.,'StoneWindows',#4568);
#4570=IFCCARTESIANPOINT((-500.,0.,965.03507693617291));
#4571=IFCAXIS2PLACEMENT3D(#4570,#49,#146);
#4572=IFCEXTRUDEDAREASOLID(#4569,#4571,#49,1134.9649230638261);
#4573=IFCCARTESIANPOINTLIST2D(((-259.71250107061502,-100.),(259.71250107061502,-100.),(259.71250107061502,100.),(-259.71250107061502,100.),(-259.71250107061502,-100.)));
#4574=IFCINDEXEDPOLYCURVE(#4573,$,.F.);
#4575=IFCARBITRARYCLOSEDPROFILEDEF(.AREA.,'StoneWindows',#4574);
#4576=IFCCARTESIANPOINT((500.,0.,965.03507693617291));
#4577=IFCAXIS2PLACEMENT3D(#4576,#49,#146);
#4578=IFCEXTRUDEDAREASOLID(#4575,#4577,#49,1134.9649230638261);
#4579=IFCSTYLEDITEM(#4560,(#2545),$);
#4580=IFCSTYLEDITEM(#4566,(#2545),$);
#4581=IFCSTYLEDITEM(#4572,(#2545),$);
#4582=IFCSTYLEDITEM(#4578,(#2545),$);
#4583=IFCSHAPEREPRESENTATION(#15,'Body','SweptSolid',(#4560,#4566,#4572,#4578));
#4584=IFCAXIS2PLACEMENT3D(#10,$,$);
#4585=IFCREPRESENTATIONMAP(#4584,#4583);
#4586=IFCWINDOWLININGPROPERTIES('2QEzj1Im5478gG84HIeYV0',#6,'Window1:StoneWindows:1716506',$,$,$,$,$,$,$,$,$,$,$,$,$);
#4587=IFCWINDOWTYPE('1moqpuGjfIVz5nretFXCh_',#6,'Window1:StoneWindows',$,$,(#4586),(#4585),'1695326',$,.WINDOW.,.NOTDEFINED.,$,$);
#4588=IFCMAPPEDITEM(#4585,#2557);
#4589=IFCSHAPEREPRESENTATION(#15,'Body','MappedRepresentation',(#4588));
#4590=IFCPRODUCTDEFINITIONSHAPE($,$,(#4589));
#4591=IFCCARTESIANPOINT((19333.865266673602,930.7155111041742,-300.));
#4592=IFCDIRECTION((-0.32556815445715476,0.94551857559931751,0.));
#4593=IFCAXIS2PLACEMENT3D(#4591,#49,#4592);
#4594=IFCLOCALPLACEMENT(#32,#4593);
#4595=IFCWINDOW('2QEzj1Im5478gG84LIeYV0',#6,'Window1:StoneWindows:1716506',$,$,#4594,#4590,'1716506',730.86516706213149,1199.9999999999995,.WINDOW.,.NOTDEFINED.,$);
#4596=IFCPROPERTYSET('0nOMQ2eOZTVizv$Pdk0tNL',#6,'Pset_EnvironmentalImpactIndicators',$,(#1427));
#4597=IFCPROPERTYSET('1XU653n8Y3XfUKYGRPdFJr',#6,'Pset_WindowCommon',$,(#1425,#1427));
#4598=IFCRELDEFINESBYPROPERTIES('2B3I9EMUGmP4UM1k_Cycb9',#6,$,$,(#4595),#4596);
#4599=IFCRELDEFINESBYPROPERTIES('2zfVALW9dRw1_MOYVpD7ND',#6,$,$,(#4595),#4597);
#4600=IFCQUANTITYLENGTH('Width','',$,1200.,$);
#4601=IFCQUANTITYLENGTH('Height','',$,1500.,$);
#4602=IFCQUANTITYLENGTH('Perimeter','',$,1438.8500042824601,$);
#4603=IFCQUANTITYAREA('Area','',$,3.7150847283488768,$);
#4604=IFCELEMENTQUANTITY('18hBwrFUscL_I_gGdbju1i',#6,'Qto_WindowBaseQuantities',$,'BaseQuantities',(#4600,#4601,#4602,#4603));
#4605=IFCRELDEFINESBYPROPERTIES('2Dl7A8pIerLLnBa_PTzX9h',#6,$,$,(#4595),#4604);
#4606=IFCMAPPEDITEM(#4585,#2557);
#4607=IFCSHAPEREPRESENTATION(#15,'Body','MappedRepresentation',(#4606));
#4608=IFCPRODUCTDEFINITIONSHAPE($,$,(#4607));
#4609=IFCCARTESIANPOINT((18376.258909877346,3711.806309043392,-300.));
#4610=IFCDIRECTION((0.3255681544571547,-0.94551857559931751,0.));
#4611=IFCAXIS2PLACEMENT3D(#4609,#49,#4610);
#4612=IFCLOCALPLACEMENT(#32,#4611);
#4613=IFCWINDOW('2QEzj1Im5478gG84LIeYVv',#6,'Window1:StoneWindows:1716515',$,$,#4612,#4608,'1716515',730.86516706213149,1199.9999999999995,.WINDOW.,.NOTDEFINED.,$);
#4614=IFCPROPERTYSET('037IQYi5iOKDj1ksJdbqRG',#6,'Pset_EnvironmentalImpactIndicators',$,(#1427));
#4615=IFCPROPERTYSET('1$kScZeVvQrx93SVk32xer',#6,'Pset_WindowCommon',$,(#1425,#1427));
#4616=IFCRELDEFINESBYPROPERTIES('3pymd$UUVZuHzG8FDwInXz',#6,$,$,(#4613),#4614);
#4617=IFCRELDEFINESBYPROPERTIES('3IeHEFZRvnmLagIerRaHRY',#6,$,$,(#4613),#4615);
#4618=IFCQUANTITYLENGTH('Width','',$,1200.,$);
#4619=IFCQUANTITYLENGTH('Height','',$,1500.,$);
#4620=IFCQUANTITYLENGTH('Perimeter','',$,1438.8500042824601,$);
#4621=IFCQUANTITYAREA('Area','',$,3.7150847283488768,$);
#4622=IFCELEMENTQUANTITY('1Z_$3wl129JeRqJ095DLJS',#6,'Qto_WindowBaseQuantities',$,'BaseQuantities',(#4618,#4619,#4620,#4621));
#4623=IFCRELDEFINESBYPROPERTIES('3GotDcWnihGvGjjb7X3r3F',#6,$,$,(#4613),#4622);
#4624=IFCCARTESIANPOINT((17569.020458692212,-1089.0191258068053,2215.8072539634704));
#4625=IFCAXIS2PLACEMENT3D(#4624,#49,#146);
#4626=IFCLOCALPLACEMENT(#32,#4625);
#4627=IFCPRODUCTDEFINITIONSHAPE($,$,(#4639));
#4628=IFCCOLOURRGBLIST(((1.,1.,0.)));
#4629=IFCINDEXEDPOLYGONALFACE((1,2,3,4));
#4630=IFCINDEXEDPOLYGONALFACE((1,4,5,6));
#4631=IFCINDEXEDPOLYGONALFACE((4,3,7,5));
#4632=IFCINDEXEDPOLYGONALFACE((3,2,8,7));
#4633=IFCINDEXEDPOLYGONALFACE((2,1,6,8));
#4634=IFCINDEXEDPOLYGONALFACE((6,5,7,8));
#4635=IFCCARTESIANPOINTLIST3D(((6533.7540241921597,-485.22059831059596,0.),(248.54931009349002,-2649.3901365531274,0.),(4.3200998334214091E-012,-2185.6179026924074,0.),(6347.4952874423552,0.,0.),(6347.4952874423579,-3.637978807091713E-012,354.59274151371937),(6533.7540241921597,-485.22059831059596,354.59274151371937),(3.1832314562052488E-012,-2185.6179026924074,2534.5286195457429),(248.54931009349036,-2649.3901365531274,2513.1360151331464)));
#4636=IFCPOLYGONALFACESET(#4635,.T.,(#4629,#4630,#4631,#4632,#4633,#4634),$);
#4637=IFCINDEXEDCOLOURMAP(#4636,1.,#4628,(1,1,1,1,1,1));
#4638=IFCSTYLEDITEM(#4636,(#2306),$);
#4639=IFCSHAPEREPRESENTATION(#15,'Body','Tessellation',(#4636));
#4640=IFCWALL('2QEzj1Im5478gG84LIeYU2',#6,'Castelnuovo6:Castelnuovo3:1716568',$,$,#4626,#4627,'1716568',.NOTDEFINED.);
#4641=IFCWALLTYPE('2QEzj1Im5478gG84LIeYUC',#6,'Castelnuovo6:Castelnuovo3',$,$,$,$,'1716566',$,.NOTDEFINED.);
#4642=IFCPROPERTYSET('2utLOmVwrDXCTheYeu9b_L',#6,'Pset_EnvironmentalImpactIndicators',$,(#3771));
#4643=IFCPROPERTYSINGLEVALUE('Reference',$,IFCLABEL('Castelnuovo3'),$);
#4644=IFCPROPERTYSET('1fWVXUne40NS0YAVqgEPnR',#6,'Pset_ReinforcementBarPitchOfWall',$,(#4643));
#4645=IFCPROPERTYSET('3Xx6mEiu6NV8MXrkb2mF5z',#6,'Pset_WallCommon',$,(#1425,#3771));
#4646=IFCRELDEFINESBYPROPERTIES('3bD_2CIJf5u558g_fvxhLc',#6,$,$,(#4640),#4642);
#4647=IFCRELDEFINESBYPROPERTIES('2TPBipUBmuZ8iYytP5HUZ9',#6,$,$,(#4640),#4644);
#4648=IFCRELDEFINESBYPROPERTIES('0NTsE_7rajibxwAyUckyNy',#6,$,$,(#4640),#4645);
#4649=IFCQUANTITYVOLUME('NetVolume','',$,4.993977205308302,$);
#4650=IFCELEMENTQUANTITY('2hTeu1q6HgKISIa7f0sruQ',#6,'Qto_WallBaseQuantities',$,'BaseQuantities',(#4649));
#4651=IFCRELDEFINESBYPROPERTIES('3Sto5ZiQTs_xZ6T$4ZzT8s',#6,$,$,(#4640),#4650);
#4652=IFCCARTESIANPOINT((9160.1420366758812,-2616.6401398325197,2215.8072539634704));
#4653=IFCAXIS2PLACEMENT3D(#4652,#49,#146);
#4654=IFCLOCALPLACEMENT(#32,#4653);
#4655=IFCPRODUCTDEFINITIONSHAPE($,$,(#4667));
#4656=IFCCOLOURRGBLIST(((1.,1.,0.)));
#4657=IFCINDEXEDPOLYGONALFACE((1,2,3,4));
#4658=IFCINDEXEDPOLYGONALFACE((1,4,5,6));
#4659=IFCINDEXEDPOLYGONALFACE((4,3,7,5));
#4660=IFCINDEXEDPOLYGONALFACE((3,2,8,7));
#4661=IFCINDEXEDPOLYGONALFACE((2,1,6,8));
#4662=IFCINDEXEDPOLYGONALFACE((6,5,7,8));
#4663=IFCCARTESIANPOINTLIST3D(((4825.536439756379,-464.45127236076769,0.),(158.13251601315824,-2965.8516160527415,0.),(3.1832314562052488E-012,-2490.5994184871743,0.),(4647.2503002706444,-1.8189894035458565E-012,0.),(4647.2503002706444,-1.8189894035458565E-012,354.59274151371937),(4825.5364397563808,-464.45127236076769,354.59274151371937),(3.637978807091713E-012,-2490.5994184871743,2054.2908621688202),(158.13251601315778,-2965.8516160527415,2061.661903909082)));
#4664=IFCPOLYGONALFACESET(#4663,.T.,(#4657,#4658,#4659,#4660,#4661,#4662),$);
#4665=IFCINDEXEDCOLOURMAP(#4664,1.,#4656,(1,1,1,1,1,1));
#4666=IFCSTYLEDITEM(#4664,(#2306),$);
#4667=IFCSHAPEREPRESENTATION(#15,'Body','Tessellation',(#4664));
#4668=IFCWALL('2QEzj1Im5478gG84LIeYTv',#6,'Castelnuovo_wall6:Castelnuovo_wall3:1716643',$,$,#4654,#4655,'1716643',.NOTDEFINED.);
#4669=IFCWALLTYPE('2QEzj1Im5478gG84LIeYTx',#6,'Castelnuovo_wall6:Castelnuovo_wall3',$,$,$,$,'1716641',$,.NOTDEFINED.);
#4670=IFCPROPERTYSET('0eNQMIwglhB$2_3Vo_YCIm',#6,'Pset_EnvironmentalImpactIndicators',$,(#2458));
#4671=IFCPROPERTYSINGLEVALUE('Reference',$,IFCLABEL('Castelnuovo_wall3'),$);
#4672=IFCPROPERTYSET('2P6wK3uinzdF4QGOobMJN2',#6,'Pset_ReinforcementBarPitchOfWall',$,(#4671));
#4673=IFCPROPERTYSET('1tcrvIkGr2s1AmAnUcMrN4',#6,'Pset_WallCommon',$,(#1425,#2458));
#4674=IFCRELDEFINESBYPROPERTIES('1emNEiHEHLuCoiT1fOs6r7',#6,$,$,(#4668),#4670);
#4675=IFCRELDEFINESBYPROPERTIES('31ELfFfMQbV1Heq44_Fmp2',#6,$,$,(#4668),#4672);
#4676=IFCRELDEFINESBYPROPERTIES('1fFaURyLBO7ZvsLjwIh4C4',#6,$,$,(#4668),#4673);
#4677=IFCQUANTITYVOLUME('NetVolume','',$,3.1461186793932256,$);
#4678=IFCELEMENTQUANTITY('2Kptb0xxK$e9iT6OGydDEt',#6,'Qto_WallBaseQuantities',$,'BaseQuantities',(#4677));
#4679=IFCRELDEFINESBYPROPERTIES('3Amf1iCTKgbhP1ufLPV$5f',#6,$,$,(#4668),#4678);
#4680=IFCCARTESIANPOINT((19750.273584565075,-7693.8507991891347,-0.));
#4681=IFCAXIS2PLACEMENT3D(#4680,#49,#146);
#4682=IFCLOCALPLACEMENT(#36,#4681);
#4683=IFCPRODUCTDEFINITIONSHAPE($,$,(#4695));
#4684=IFCCOLOURRGBLIST(((1.,0.65098039215686276,0.82352941176470584)));
#4685=IFCINDEXEDPOLYGONALFACE((1,2,3,4));
#4686=IFCINDEXEDPOLYGONALFACE((1,4,5,6));
#4687=IFCINDEXEDPOLYGONALFACE((4,3,7,5));
#4688=IFCINDEXEDPOLYGONALFACE((2,1,6,8));
#4689=IFCINDEXEDPOLYGONALFACE((3,2,8,7));
#4690=IFCINDEXEDPOLYGONALFACE((6,5,7,8));
#4691=IFCCARTESIANPOINTLIST3D(((3.637978807091713E-012,-856.77570643203944,0.),(6601.3321014290359,0.,0.),(6853.9715139303908,-471.40402302039365,0.),(166.18121291973966,-1339.4009926588988,0.),(166.18121291973966,-1339.4009926588988,500.00000000001091),(1.8189894035458565E-012,-856.77570643203944,681.98511713311018),(6853.9715139303917,-471.40402302039365,500.00000000000546),(6601.3321014290359,0.,681.98511713310654)));
#4692=IFCPOLYGONALFACESET(#4691,.T.,(#4685,#4686,#4687,#4688,#4689,#4690),$);
#4693=IFCINDEXEDCOLOURMAP(#4692,1.,#4684,(1,1,1,1,1,1));
#4694=IFCSTYLEDITEM(#4692,(#64),$);
#4695=IFCSHAPEREPRESENTATION(#15,'Body','Tessellation',(#4692));
#4696=IFCWALL('2SDwapJ$z32OyuRGCv33co',#6,'Castelnuovo7:Castelnuovo:1718527',$,$,#4682,#4683,'1718527',.NOTDEFINED.);
#4697=IFCWALLTYPE('2SDwapJ$z32OyuRGCv33cm',#6,'Castelnuovo7:Castelnuovo',$,$,$,$,'1718525',$,.NOTDEFINED.);
#4698=IFCPROPERTYSET('3gqmEocKGMu8TaRIuZIye7',#6,'Pset_EnvironmentalImpactIndicators',$,(#1421));
#4699=IFCPROPERTYSINGLEVALUE('Reference',$,IFCLABEL('Castelnuovo'),$);
#4700=IFCPROPERTYSET('0n3MoCejnJhp4muZMtdYvI',#6,'Pset_ReinforcementBarPitchOfWall',$,(#4699));
#4701=IFCPROPERTYSET('06X_LEzPf$$KEwNYrEQceh',#6,'Pset_WallCommon',$,(#1421,#1425));
#4702=IFCRELDEFINESBYPROPERTIES('16mH_Mn7Ktzb7ZtvJgsD_G',#6,$,$,(#4696),#4698);
#4703=IFCRELDEFINESBYPROPERTIES('0mFnpD6KGit$KFied02OGj',#6,$,$,(#4696),#4700);
#4704=IFCRELDEFINESBYPROPERTIES('1puf5cUHY0xApf9b0eeV6H',#6,$,$,(#4696),#4701);
#4705=IFCQUANTITYVOLUME('NetVolume','',$,1.9792500683691585,$);
#4706=IFCELEMENTQUANTITY('0yhe1GalESX3LdcBVsQj6P',#6,'Qto_WallBaseQuantities',$,'BaseQuantities',(#4705));
#4707=IFCRELDEFINESBYPROPERTIES('0s4C2rFP5FXg_289j2dOrw',#6,$,$,(#4696),#4706);
#4708=IFCCARTESIANPOINT((12005.293471320596,-2680.8467535626282,0.));
#4709=IFCAXIS2PLACEMENT3D(#4708,$,$);
#4710=IFCLOCALPLACEMENT(#32,#4709);
#4711=IFCPRODUCTDEFINITIONSHAPE($,$,(#4728));
#4712=IFCCOLOURRGBLIST(((1.,0.65098039215686276,0.82352941176470584)));
#4713=IFCINDEXEDPOLYGONALFACE((1,2,3,4,5,6));
#4714=IFCINDEXEDPOLYGONALFACE((1,6,7,8));
#4715=IFCINDEXEDPOLYGONALFACE((6,5,9,7));
#4716=IFCINDEXEDPOLYGONALFACE((5,4,10,11,12,9));
#4717=IFCINDEXEDPOLYGONALFACE((4,3,13,10));
#4718=IFCINDEXEDPOLYGONALFACE((3,2,14,13));
#4719=IFCINDEXEDPOLYGONALFACE((2,1,8,15,16,14));
#4720=IFCINDEXEDPOLYGONALFACE((12,17,18,15,8,7,9));
#4721=IFCINDEXEDPOLYGONALFACE((17,12,11));
#4722=IFCINDEXEDPOLYGONALFACE((16,15,18));
#4723=IFCINDEXEDPOLYGONALFACE((10,13,14,16,18,17,11));
#4724=IFCCARTESIANPOINTLIST3D(((7643.3067719236005,1913.2230234020967,0.),(7732.036716448305,1655.5325533378661,0.),(7761.7305965955329,1426.7455291956867,0.),(200.79317925585929,9.0949470177292824E-013,0.),(116.30687744954957,253.91552357452292,0.),(1.8189894035458565E-012,470.93443361635263,0.),(1.8189894035458565E-012,470.93443361635354,4188.0061630551309),(7643.3067719236005,1913.2230234020972,4640.4970582346659),(116.30687744954957,253.91552357452201,4267.3792567581395),(200.79317925585929,1.8189894035458565E-012,5885.3441415246079),(126.47462749794067,223.35732038756032,5896.8314340875486),(126.47462749794067,223.35732038756305,4277.8326824310507),(7761.7305965955329,1426.7455291956865,3089.4399988069081),(7732.036716448305,1655.5325533378661,3084.627384411785),(7725.5632789062311,1674.3327810635087,4722.5397201986552),(7725.5632789062311,1674.3327810635087,3085.672110513985),(3874.9976967852363,884.32307531100309,4513.8172552467704),(3909.8758356591388,954.31425690855144,4496.6474619862247)));
#4725=IFCPOLYGONALFACESET(#4724,.T.,(#4713,#4714,#4715,#4716,#4717,#4718,#4719,#4720,#4721,#4722,#4723),$);
#4726=IFCINDEXEDCOLOURMAP(#4725,1.,#4712,(1,1,1,1,1,1,1,1,1,1,1));
#4727=IFCSTYLEDITEM(#4725,(#64),$);
#4728=IFCSHAPEREPRESENTATION(#15,'Body','Tessellation',(#4725));
#4729=IFCWALL('3_wR1BNVfAMeWWIaQS4y2L',#6,'Castelnuovo_inside:Castelnuovo_inside:1719200',$,$,#4710,#4711,'1719200',.NOTDEFINED.);
#4730=IFCWALLTYPE('3_wR1BNVfAMeWWIaQS4y2h',#6,'Castelnuovo_inside:Castelnuovo_inside',$,$,$,$,'1719198',$,.NOTDEFINED.);
#4731=IFCPROPERTYSINGLEVALUE('Reference',$,IFCIDENTIFIER('Castelnuovo_inside'),$);
#4732=IFCPROPERTYSET('2VDlTJnQ5_dFLFxxDTAKUt',#6,'Pset_EnvironmentalImpactIndicators',$,(#4731));
#4733=IFCPROPERTYSINGLEVALUE('Reference',$,IFCLABEL('Castelnuovo_inside'),$);
#4734=IFCPROPERTYSET('0rhuJNVpigCVseoATrFy7a',#6,'Pset_ReinforcementBarPitchOfWall',$,(#4733));
#4735=IFCPROPERTYSET('2uf0i78J2WsJ7Kp8pFDHRo',#6,'Pset_WallCommon',$,(#1425,#4731));
#4736=IFCRELDEFINESBYPROPERTIES('34pUVt8_jgLD1xjcrED4BF',#6,$,$,(#4729),#4732);
#4737=IFCRELDEFINESBYPROPERTIES('02Xb9NHyUBWy4EJcMxEK60',#6,$,$,(#4729),#4734);
#4738=IFCRELDEFINESBYPROPERTIES('0J5I5IDbJedmawanKvOySg',#6,$,$,(#4729),#4735);
#4739=IFCQUANTITYVOLUME('NetVolume','',$,17.203969761179916,$);
#4740=IFCELEMENTQUANTITY('0umDmX2Pgrl5hK995KQdXZ',#6,'Qto_WallBaseQuantities',$,'BaseQuantities',(#4739));
#4741=IFCRELDEFINESBYPROPERTIES('1ZdWtJIOPQHX8xLoQ_PyFK',#6,$,$,(#4729),#4740);
#4742=IFCCARTESIANPOINT((12014.867360658374,-2722.0896866136368,-1500.));
#4743=IFCAXIS2PLACEMENT3D(#4742,$,$);
#4744=IFCLOCALPLACEMENT(#24,#4743);
#4745=IFCPRODUCTDEFINITIONSHAPE($,$,(#4754));
#4746=IFCCARTESIANPOINTLIST2D(((-3847.4967103100057,-250.74939465458741),(3930.6994035687921,-250.74939465458863),(3856.6507118313025,-15.927572181064537),(3820.7123970578868,249.250605345411),(-3873.6607050217776,249.2506053454112),(-3886.9050971262013,18.925150799421456),(-3847.4967103100057,-250.74939465458741)));
#4747=IFCINDEXEDPOLYCURVE(#4746,$,.F.);
#4748=IFCARBITRARYCLOSEDPROFILEDEF(.AREA.,'Castelnuovo_inside',#4747);
#4749=IFCCARTESIANPOINT((3909.0290236121423,953.39184385441672,0.));
#4750=IFCDIRECTION((-0.98265801736285396,-0.18542713100435179,0.));
#4751=IFCAXIS2PLACEMENT3D(#4749,#49,#4750);
#4752=IFCEXTRUDEDAREASOLID(#4748,#4751,#49,5599.9999999999891);
#4753=IFCSTYLEDITEM(#4752,(#64),$);
#4754=IFCSHAPEREPRESENTATION(#15,'Body','SweptSolid',(#4752));
#4755=IFCWALL('3_wR1BNVfAMeWWIaQS4ySL',#6,'Castelnuovo_inside1:Castelnuovo_inside:1719328',$,$,#4744,#4745,'1719328',.NOTDEFINED.);
#4756=IFCWALLTYPE('3_wR1BNVfAMeWWIaQS4ySh',#6,'Castelnuovo_inside1:Castelnuovo_inside',$,$,$,$,'1719326',$,.NOTDEFINED.);
#4757=IFCPROPERTYSET('1QXljh1IUmdIlhfRDiIsD8',#6,'Pset_EnvironmentalImpactIndicators',$,(#4731));
#4758=IFCPROPERTYSINGLEVALUE('Reference',$,IFCLABEL('Castelnuovo_inside'),$);
#4759=IFCPROPERTYSET('2erwk6J4IQwLgIsitW1I9U',#6,'Pset_ReinforcementBarPitchOfWall',$,(#4758));
#4760=IFCPROPERTYSET('31g7ALSszGca7K5dfQmHET',#6,'Pset_WallCommon',$,(#1425,#4731));
#4761=IFCRELDEFINESBYPROPERTIES('0MTNcyNyCF2eREa6A29TkU',#6,$,$,(#4755),#4757);
#4762=IFCRELDEFINESBYPROPERTIES('0baxR_azN$NiW_XoJvnuOX',#6,$,$,(#4755),#4759);
#4763=IFCRELDEFINESBYPROPERTIES('1t9jJJWOqc7O2FXcvv43O4',#6,$,$,(#4755),#4760);
#4764=IFCQUANTITYVOLUME('NetVolume','',$,21.665660916073154,$);
#4765=IFCELEMENTQUANTITY('1LVm8XBPzOzmzccfMwC0cF',#6,'Qto_WallBaseQuantities',$,'BaseQuantities',(#4764));
#4766=IFCRELDEFINESBYPROPERTIES('0Vnsn8W4ZoHx4ibs737G9$',#6,$,$,(#4755),#4765);
#4767=IFCCARTESIANPOINT((12014.867360658374,-2722.0896866136363,0.));
#4768=IFCAXIS2PLACEMENT3D(#4767,$,$);
#4769=IFCLOCALPLACEMENT(#28,#4768);
#4770=IFCPRODUCTDEFINITIONSHAPE($,$,(#4779));
#4771=IFCCARTESIANPOINTLIST2D(((-3847.4967103100048,-250.74939465458348),(3930.6994035687931,-250.74939465458382),(3856.6507118313029,-15.927572181083892),(3820.7123970578878,249.25060534541586),(-3873.6607050217722,249.25060534541552),(-3886.9050971262018,18.925150799419697),(-3847.4967103100048,-250.74939465458348)));
#4772=IFCINDEXEDPOLYCURVE(#4771,$,.F.);
#4773=IFCARBITRARYCLOSEDPROFILEDEF(.AREA.,'Castelnuovo_inside',#4772);
#4774=IFCCARTESIANPOINT((3909.0290236121423,953.39184385442115,-0.));
#4775=IFCDIRECTION((-0.98265801736285396,-0.18542713100435165,0.));
#4776=IFCAXIS2PLACEMENT3D(#4774,#49,#4775);
#4777=IFCEXTRUDEDAREASOLID(#4773,#4776,#49,3500.0000000001683);
#4778=IFCSTYLEDITEM(#4777,(#64),$);
#4779=IFCSHAPEREPRESENTATION(#15,'Body','SweptSolid',(#4777));
#4780=IFCWALL('3_wR1BNVfAMeWWIaQS4yS9',#6,'Castelnuovo_inside2:Castelnuovo_inside:1719356',$,$,#4769,#4770,'1719356',.NOTDEFINED.);
#4781=IFCWALLTYPE('3_wR1BNVfAMeWWIaQS4ySF',#6,'Castelnuovo_inside2:Castelnuovo_inside',$,$,$,$,'1719354',$,.NOTDEFINED.);
#4782=IFCPROPERTYSET('2KfIR9Q0tVsb3M5UQcIz6m',#6,'Pset_EnvironmentalImpactIndicators',$,(#4731));
#4783=IFCPROPERTYSINGLEVALUE('Reference',$,IFCLABEL('Castelnuovo_inside'),$);
#4784=IFCPROPERTYSET('0PGbD0ym$cCZiOcew2KEUW',#6,'Pset_ReinforcementBarPitchOfWall',$,(#4783));
#4785=IFCPROPERTYSET('2KmeURJH5d2_btaW_K3_Zv',#6,'Pset_WallCommon',$,(#1425,#4731));
#4786=IFCRELDEFINESBYPROPERTIES('0XXSgRDeHfPulULz8jMzWV',#6,$,$,(#4780),#4782);
#4787=IFCRELDEFINESBYPROPERTIES('2jHSp9g7qZ5lAE$lkggBTi',#6,$,$,(#4780),#4784);
#4788=IFCRELDEFINESBYPROPERTIES('2UQ1ZBoJDBhcXN5wzcIPnC',#6,$,$,(#4780),#4785);
#4789=IFCQUANTITYVOLUME('NetVolume','',$,13.541038072546392,$);
#4790=IFCELEMENTQUANTITY('3jaokWR0P758S7iugTdn$N',#6,'Qto_WallBaseQuantities',$,'BaseQuantities',(#4789));
#4791=IFCRELDEFINESBYPROPERTIES('06wCzPU1o300SETj8lOy6s',#6,$,$,(#4780),#4790);
#4792=IFCCARTESIANPOINTLIST2D(((-250.00000000000003,-499.99999999999977),(250.00000000000003,-499.99999999999977),(250.00000000000003,499.99999999999977),(-250.00000000000003,499.99999999999977),(-250.00000000000003,-499.99999999999977)));
#4793=IFCINDEXEDPOLYCURVE(#4792,$,.F.);
#4794=IFCARBITRARYCLOSEDPROFILEDEF(.AREA.,'StoneWindows',#4793);
#4795=IFCCARTESIANPOINT((500.,250.,900.));
#4796=IFCAXIS2PLACEMENT3D(#4795,#49,#146);
#4797=IFCEXTRUDEDAREASOLID(#4794,#4796,#49,200.);
#4798=IFCCARTESIANPOINTLIST2D(((-250.00000000000003,-499.99999999999977),(250.00000000000003,-499.99999999999977),(250.00000000000003,499.99999999999977),(-250.00000000000003,499.99999999999977),(-250.00000000000003,-499.99999999999977)));
#4799=IFCINDEXEDPOLYCURVE(#4798,$,.F.);
#4800=IFCARBITRARYCLOSEDPROFILEDEF(.AREA.,'StoneWindows',#4799);
#4801=IFCCARTESIANPOINT((500.,250.,-0.));
#4802=IFCAXIS2PLACEMENT3D(#4801,#49,#146);
#4803=IFCEXTRUDEDAREASOLID(#4800,#4802,#49,165.03507693617399);
#4804=IFCCARTESIANPOINTLIST2D(((-250.00000000000003,-100.),(250.00000000000003,-100.),(250.00000000000003,100.),(-250.00000000000003,100.),(-250.00000000000003,-100.)));
#4805=IFCINDEXEDPOLYCURVE(#4804,$,.F.);
#4806=IFCARBITRARYCLOSEDPROFILEDEF(.AREA.,'StoneWindows',#4805);
#4807=IFCCARTESIANPOINT((100.,250.,165.03507693617371));
#4808=IFCAXIS2PLACEMENT3D(#4807,#49,#146);
#4809=IFCEXTRUDEDAREASOLID(#4806,#4808,#49,734.9649230638264);
#4810=IFCCARTESIANPOINTLIST2D(((-250.00000000000003,-100.),(250.00000000000003,-100.),(250.00000000000003,100.),(-250.00000000000003,100.),(-250.00000000000003,-100.)));
#4811=IFCINDEXEDPOLYCURVE(#4810,$,.F.);
#4812=IFCARBITRARYCLOSEDPROFILEDEF(.AREA.,'StoneWindows',#4811);
#4813=IFCCARTESIANPOINT((900.,250.,165.03507693617371));
#4814=IFCAXIS2PLACEMENT3D(#4813,#49,#146);
#4815=IFCEXTRUDEDAREASOLID(#4812,#4814,#49,734.9649230638264);
#4816=IFCSTYLEDITEM(#4797,(#2545),$);
#4817=IFCSTYLEDITEM(#4803,(#2545),$);
#4818=IFCSTYLEDITEM(#4809,(#2545),$);
#4819=IFCSTYLEDITEM(#4815,(#2545),$);
#4820=IFCSHAPEREPRESENTATION(#15,'Body','SweptSolid',(#4797,#4803,#4809,#4815));
#4821=IFCAXIS2PLACEMENT3D(#10,$,$);
#4822=IFCREPRESENTATIONMAP(#4821,#4820);
#4823=IFCWINDOWLININGPROPERTIES('1ViGEvFsn0QResAVETv4Um',#6,'Window1:StoneWindows:1720808',$,$,$,$,$,$,$,$,$,$,$,$,$);
#4824=IFCWINDOWTYPE('3aSyTEj$LvFK5IU4dbXfjO',#6,'Window1:StoneWindows',$,$,(#4823),(#4822),'1695326',$,.WINDOW.,.NOTDEFINED.,$,$);
#4825=IFCMAPPEDITEM(#4822,#2557);
#4826=IFCSHAPEREPRESENTATION(#15,'Body','MappedRepresentation',(#4825));
#4827=IFCPRODUCTDEFINITIONSHAPE($,$,(#4826));
#4828=IFCCARTESIANPOINT((13020.714775288305,9036.4766035549601,404.29638336508509));
#4829=IFCDIRECTION((0.4723689273676574,-0.88140092832803896,0.));
#4830=IFCAXIS2PLACEMENT3D(#4828,#49,#4829);
#4832=IFCWINDOW('1ViGEvFsn0QResAVATv4Um',#6,'Window1:StoneWindows:1720808',$,$,#8079,#4827,'1720808',1100.,999.99999999999989,.WINDOW.,.NOTDEFINED.,$);
#4833=IFCPROPERTYSET('3XKjvngpvVBCPBTb6XMbc8',#6,'Pset_EnvironmentalImpactIndicators',$,(#1427));
#4834=IFCPROPERTYSET('2X4AeG$8tZ_np45OWUUboZ',#6,'Pset_WindowCommon',$,(#84,#1427));
#4835=IFCRELDEFINESBYPROPERTIES('3AkdGQU0T9b9Xy9qixUuNj',#6,$,$,(#4832),#4833);
#4836=IFCRELDEFINESBYPROPERTIES('1zws2Vl5mD86QKHqY4DVod',#6,$,$,(#4832),#4834);
#4837=IFCQUANTITYLENGTH('Width','',$,1000.0000000000001,$);
#4838=IFCQUANTITYLENGTH('Height','',$,1100.,$);
#4839=IFCQUANTITYLENGTH('Perimeter','',$,1400.,$);
#4840=IFCQUANTITYAREA('Area','',$,2.7765035076936186,$);
#4841=IFCELEMENTQUANTITY('1Y8kN1yWG1VvMW0sl1Q32j',#6,'Qto_WindowBaseQuantities',$,'BaseQuantities',(#4837,#4838,#4839,#4840));
#4842=IFCRELDEFINESBYPROPERTIES('3X5HdUGs2Z313rXHM6L9$F',#6,$,$,(#4832),#4841);
#4843=IFCCARTESIANPOINTLIST2D(((-250.00000000048493,-700.00000000000659),(250.00000000048493,-700.00000000000659),(250.00000000048493,700.00000000000659),(-250.00000000048493,700.00000000000659),(-250.00000000048493,-700.00000000000659)));
#4844=IFCINDEXEDPOLYCURVE(#4843,$,.F.);
#4845=IFCARBITRARYCLOSEDPROFILEDEF(.AREA.,'DoorV2',#4844);
#4846=IFCCARTESIANPOINT((700.,250.,2000.));
#4847=IFCAXIS2PLACEMENT3D(#4846,#49,#146);
#4848=IFCEXTRUDEDAREASOLID(#4845,#4847,#49,200.);
#4849=IFCCARTESIANPOINTLIST2D(((-250.00000000048493,-99.999999999998252),(250.00000000048493,-99.999999999998252),(250.00000000048493,99.999999999998309),(-250.00000000048493,99.999999999998309),(-250.00000000048493,-99.999999999998252)));
#4850=IFCINDEXEDPOLYCURVE(#4849,$,.F.);
#4851=IFCARBITRARYCLOSEDPROFILEDEF(.AREA.,'DoorV2',#4850);
#4852=IFCCARTESIANPOINT((1300.,250.,0.));
#4853=IFCAXIS2PLACEMENT3D(#4852,#49,#146);
#4854=IFCEXTRUDEDAREASOLID(#4851,#4853,#49,1999.9999999999959);
#4855=IFCCARTESIANPOINTLIST2D(((-250.00000000048493,-100.00000000000156),(250.00000000048493,-100.00000000000156),(250.00000000048493,100.00000000000149),(-250.00000000048493,100.00000000000149),(-250.00000000048493,-100.00000000000156)));
#4856=IFCINDEXEDPOLYCURVE(#4855,$,.F.);
#4857=IFCARBITRARYCLOSEDPROFILEDEF(.AREA.,'DoorV2',#4856);
#4858=IFCCARTESIANPOINT((100.,250.,0.));
#4859=IFCAXIS2PLACEMENT3D(#4858,#49,#146);
#4860=IFCEXTRUDEDAREASOLID(#4857,#4859,#49,2000.0000000000002);
#4861=IFCSTYLEDITEM(#4848,(#2438),$);
#4862=IFCSTYLEDITEM(#4854,(#2438),$);
#4863=IFCSTYLEDITEM(#4860,(#2438),$);
#4864=IFCSHAPEREPRESENTATION(#15,'Body','SweptSolid',(#4848,#4854,#4860));
#4865=IFCAXIS2PLACEMENT3D(#10,$,$);
#4866=IFCREPRESENTATIONMAP(#4865,#4864);
#4867=IFCDOORLININGPROPERTIES('0F0gJxCaz6DgMK0q5JiOZq',#6,'DoorV2:DoorV2:1721146',$,$,$,$,$,$,$,$,$,$,$,$,$,$);
#4868=IFCDOORPANELPROPERTIES('0F0gJxCaz6DgMK0q9JiOZq',#6,'DoorV2:DoorV2:1721146:1',$,$,.NOTDEFINED.,$,.NOTDEFINED.,$);
#4869=IFCDOORTYPE('0xEPvhYZdS1LCYL4rZleSg',#6,'DoorV2:DoorV2',$,$,(#4867,#4868),(#4866),'1721182',$,.DOOR.,.NOTDEFINED.,$,$);
#4870=IFCMAPPEDITEM(#4866,#2557);
#4871=IFCSHAPEREPRESENTATION(#15,'Body','MappedRepresentation',(#4870));
#4872=IFCPRODUCTDEFINITIONSHAPE($,$,(#4871));
#4873=IFCCARTESIANPOINT((14089.674577223966,-10553.038197492906,0.));
#4874=IFCAXIS2PLACEMENT3D(#4873,#49,#2592);
#4876=IFCDOOR('0F0gJxCaz6DgMK0q1JiOZq',#6,'DoorV2:DoorV2:1721146',$,$,#7771,#4872,'1721146',2200.0000000000023,1399.999999999987,.DOOR.,$,$);
#4877=IFCPROPERTYSET('3CSuEkFmu2sEpSIGGvNXyB',#6,'Pset_DoorCommon',$,(#403,#1425));
#4878=IFCPROPERTYSET('159is8tjQvYhLytjtYzAiQ',#6,'Pset_EnvironmentalImpactIndicators',$,(#403));
#4879=IFCRELDEFINESBYPROPERTIES('0yUQSAvz5sol2TLrNhTb1q',#6,$,$,(#4876),#4877);
#4880=IFCRELDEFINESBYPROPERTIES('1V1VN1ocRwzB0uygaf0hn1',#6,$,$,(#4876),#4878);
#4881=IFCQUANTITYLENGTH('Width','',$,1400.,$);
#4882=IFCQUANTITYLENGTH('Height','',$,2000.0000000000002,$);
#4883=IFCQUANTITYLENGTH('Perimeter','',$,1400.0000000019461,$);
#4884=IFCQUANTITYAREA('Area','',$,4.0800000000058239,$);
#4885=IFCELEMENTQUANTITY('3FdL84KowncYMpZq92s3Bg',#6,'Qto_DoorBaseQuantities',$,'BaseQuantities',(#4881,#4882,#4883,#4884));
#4886=IFCRELDEFINESBYPROPERTIES('3ZnPsJjrj8FKV$5kP0BOY0',#6,$,$,(#4876),#4885);
#4887=IFCCARTESIANPOINTLIST2D(((-250.00000000000003,-599.99999999999977),(250.00000000000003,-599.99999999999977),(250.00000000000003,599.99999999999977),(-250.00000000000003,599.99999999999977),(-250.00000000000003,-599.99999999999977)));
#4888=IFCINDEXEDPOLYCURVE(#4887,$,.F.);
#4889=IFCARBITRARYCLOSEDPROFILEDEF(.AREA.,'StoneWindows',#4888);
#4890=IFCCARTESIANPOINT((600.,250.,1100.));
#4891=IFCAXIS2PLACEMENT3D(#4890,#49,#146);
#4892=IFCEXTRUDEDAREASOLID(#4889,#4891,#49,200.);
#4893=IFCCARTESIANPOINTLIST2D(((-250.00000000000003,-599.99999999999977),(250.00000000000003,-599.99999999999977),(250.00000000000003,599.99999999999977),(-250.00000000000003,599.99999999999977),(-250.00000000000003,-599.99999999999977)));
#4894=IFCINDEXEDPOLYCURVE(#4893,$,.F.);
#4895=IFCARBITRARYCLOSEDPROFILEDEF(.AREA.,'StoneWindows',#4894);
#4896=IFCCARTESIANPOINT((600.,250.,0.));
#4897=IFCAXIS2PLACEMENT3D(#4896,#49,#146);
#4898=IFCEXTRUDEDAREASOLID(#4895,#4897,#49,165.03507693617399);
#4899=IFCCARTESIANPOINTLIST2D(((-250.00000000000003,-100.),(250.00000000000003,-100.),(250.00000000000003,100.),(-250.00000000000003,100.),(-250.00000000000003,-100.)));
#4900=IFCINDEXEDPOLYCURVE(#4899,$,.F.);
#4901=IFCARBITRARYCLOSEDPROFILEDEF(.AREA.,'StoneWindows',#4900);
#4902=IFCCARTESIANPOINT((100.,250.,165.03507693617399));
#4903=IFCAXIS2PLACEMENT3D(#4902,#49,#146);
#4904=IFCEXTRUDEDAREASOLID(#4901,#4903,#49,934.96492306382606);
#4905=IFCCARTESIANPOINTLIST2D(((-250.00000000000003,-100.),(250.00000000000003,-100.),(250.00000000000003,100.),(-250.00000000000003,100.),(-250.00000000000003,-100.)));
#4906=IFCINDEXEDPOLYCURVE(#4905,$,.F.);
#4907=IFCARBITRARYCLOSEDPROFILEDEF(.AREA.,'StoneWindows',#4906);
#4908=IFCCARTESIANPOINT((1100.,250.,165.03507693617399));
#4909=IFCAXIS2PLACEMENT3D(#4908,#49,#146);
#4910=IFCEXTRUDEDAREASOLID(#4907,#4909,#49,934.96492306382606);
#4911=IFCSTYLEDITEM(#4892,(#2545),$);
#4912=IFCSTYLEDITEM(#4898,(#2545),$);
#4913=IFCSTYLEDITEM(#4904,(#2545),$);
#4914=IFCSTYLEDITEM(#4910,(#2545),$);
#4915=IFCSHAPEREPRESENTATION(#15,'Body','SweptSolid',(#4892,#4898,#4904,#4910));
#4916=IFCAXIS2PLACEMENT3D(#10,$,$);
#4917=IFCREPRESENTATIONMAP(#4916,#4915);
#4918=IFCWINDOWLININGPROPERTIES('0F0gJxCaz6DgMK0q5JiOFl',#6,'Window1:StoneWindows:1722401',$,$,$,$,$,$,$,$,$,$,$,$,$);
#4919=IFCWINDOWTYPE('3je7tBMSz1vUoZqa6_zpM8',#6,'Window1:StoneWindows',$,$,(#4918),(#4917),'1695326',$,.WINDOW.,.NOTDEFINED.,$,$);
#4920=IFCMAPPEDITEM(#4917,#2557);
#4921=IFCSHAPEREPRESENTATION(#15,'Body','MappedRepresentation',(#4920));
#4922=IFCPRODUCTDEFINITIONSHAPE($,$,(#4921));
#4923=IFCCARTESIANPOINT((14589.674577223965,-11882.347204599371,500.));
#4924=IFCAXIS2PLACEMENT3D(#4923,#49,#146);
#4926=IFCWINDOW('0F0gJxCaz6DgMK0q1JiOFl',#6,'Window1:StoneWindows:1722401',$,$,#7793,#4922,'1722401',1299.9999999999991,1200.,.WINDOW.,.NOTDEFINED.,$);
#4927=IFCPROPERTYSET('1OAmxl$IOYr6BBFnfOqoG0',#6,'Pset_EnvironmentalImpactIndicators',$,(#1427));
#4928=IFCPROPERTYSET('2RDvtIbqdROkQdc_Wj$aBG',#6,'Pset_WindowCommon',$,(#84,#1427));
#4929=IFCRELDEFINESBYPROPERTIES('0tBNR__C13HO4OwntzRfFz',#6,$,$,(#4926),#4927);
#4930=IFCRELDEFINESBYPROPERTIES('1CUddC$CELZkz$Ncn7cF7p',#6,$,$,(#4926),#4928);
#4931=IFCQUANTITYLENGTH('Width','',$,1200.,$);
#4932=IFCQUANTITYLENGTH('Height','',$,1300.,$);
#4933=IFCQUANTITYLENGTH('Perimeter','',$,1400.,$);
#4934=IFCQUANTITYAREA('Area','',$,3.3295105230808524,$);
#4935=IFCELEMENTQUANTITY('0X3rNObvn5U7g_Qd0WzMuS',#6,'Qto_WindowBaseQuantities',$,'BaseQuantities',(#4931,#4932,#4933,#4934));
#4936=IFCRELDEFINESBYPROPERTIES('16yvGP_hOxXhWjzmmxhUSt',#6,$,$,(#4926),#4935);
#4937=IFCCARTESIANPOINT((11890.548620030942,-2536.8481672066355,-0.));
#4938=IFCDIRECTION((0.31571582075227245,-0.94885379301909256,0.));
#4939=IFCAXIS2PLACEMENT3D(#4937,#49,#4938);
#4940=IFCLOCALPLACEMENT(#32,#4939);
#4941=IFCCARTESIANPOINTLIST3D(((-2.7071678232459818E-013,-8.1215034697379459E-013,1.0828671292983927E-012),(7716.8746236492261,-1.6243006939475892E-012,1.0828671292983927E-012)));
#4942=IFCINDEXEDPOLYCURVE(#4941,$,.F.);
#4943=IFCSHAPEREPRESENTATION(#14,'Axis','Curve3D',(#4942));
#4944=IFCPRODUCTDEFINITIONSHAPE($,$,(#4943,#4970));
#4945=IFCCARTESIANPOINTLIST2D(((3.4685587735339144E-013,-250.00000000000128),(7716.874623649227,-250.00000000000111),(7711.6736397408786,250.00000000000028),(5.0759396685862157E-013,249.99999999999872),(3.4685587735339144E-013,-250.00000000000128)));
#4946=IFCINDEXEDPOLYCURVE(#4945,$,.F.);
#4947=IFCARBITRARYCLOSEDPROFILEDEF(.AREA.,$,#4946);
#4948=IFCAXIS2PLACEMENT3D(#10,$,$);
#4949=IFCEXTRUDEDAREASOLID(#4947,#4948,#49,5081.1371277921808);
#4950=IFCSTYLEDITEM(#4949,(#64),$);
#4951=IFCCOLOURRGBLIST(((1.,0.65098039215686276,0.82352941176470584)));
#4952=IFCINDEXEDPOLYGONALFACEWITHVOIDS((1,2,3,4,5,6,7,8),((9,10,11,12)));
#4953=IFCINDEXEDPOLYGONALFACEWITHVOIDS((13,14,15,16,17,18,19,20),((21,22,23,24)));
#4954=IFCINDEXEDPOLYGONALFACE((15,14,2,1));
#4955=IFCINDEXEDPOLYGONALFACE((8,7,17,16));
#4956=IFCINDEXEDPOLYGONALFACE((1,8,16,15));
#4957=IFCINDEXEDPOLYGONALFACE((6,18,17,7));
#4958=IFCINDEXEDPOLYGONALFACE((3,2,14,13));
#4959=IFCINDEXEDPOLYGONALFACE((4,3,13,20));
#4960=IFCINDEXEDPOLYGONALFACE((5,4,20,19));
#4961=IFCINDEXEDPOLYGONALFACE((22,21,9,12));
#4962=IFCINDEXEDPOLYGONALFACE((23,22,12,11));
#4963=IFCINDEXEDPOLYGONALFACE((24,23,11,10));
#4964=IFCINDEXEDPOLYGONALFACE((21,24,10,9));
#4965=IFCINDEXEDPOLYGONALFACE((19,18,6,5));
#4966=IFCCARTESIANPOINTLIST3D(((0.,-250.00000000000287,1.0828671292983927E-012),(4700.0000000000055,-250.00000000000244,1.0828671292983927E-012),(4700.0000000000055,-250.00000000000244,2200.0000000000023),(6099.9999999999918,-249.99999999999892,2200.0000000000023),(6099.9999999999918,-249.99999999999892,1.0828671292983927E-012),(7716.8746236492261,-250.00000000000111,1.0828671292983927E-012),(7716.8746236492261,-250.00000000000111,5081.1371277921808),(0.,-250.00000000000287,5081.1371277921808),(2100.0000000000023,-250.00000000000273,570.38044307772441),(900.00000000000273,-250.00000000000205,570.38044307772441),(900.00000000000273,-250.00000000000205,2070.3804430777236),(2100.0000000000023,-250.00000000000273,2070.3804430777236),(4700.0000000000018,249.99999999999974,2200.0000000000023),(4700.0000000000018,249.99999999999974,1.0828671292983927E-012),(0.,249.99999999999852,1.0828671292983927E-012),(0.,249.99999999999852,5081.1371277921808),(7711.6736397408786,249.99999999999892,5081.1371277921808),(7711.6736397408786,249.99999999999838,1.0828671292983927E-012),(6099.9999999999909,249.99999999999784,1.0828671292983927E-012),(6099.9999999999882,249.99999999999892,2200.0000000000023),(2100.0000000000023,249.99999999999866,570.38044307772441),(2100.0000000000023,249.99999999999866,2070.3804430777236),(900.0000000000033,249.99999999999935,2070.3804430777236),(900.0000000000033,249.99999999999935,570.38044307772441)));
#4967=IFCPOLYGONALFACESET(#4966,.T.,(#4952,#4953,#4954,#4955,#4956,#4957,#4958,#4959,#4960,#4961,#4962,#4963,#4964,#4965),$);
#4968=IFCINDEXEDCOLOURMAP(#4967,1.,#4951,(1,1,1,1,1,1,1,1,1,1,1,1,1,1));
#4969=IFCSTYLEDITEM(#4967,(#64),$);
#4970=IFCSHAPEREPRESENTATION(#15,'Body','Tessellation',(#4967));
#4971=IFCWALL('0F0gJxCaz6DgMK0q1JiO7L',#6,'Basic Wall:Castelnuovo_typeA:1722907',$,$,#4940,#4944,'1722907',.NOTDEFINED.);
#4972=IFCQUANTITYLENGTH('Height',$,$,5081.1371277921808,$);
#4973=IFCQUANTITYLENGTH('Length',$,$,7716.874623649227,$);
#4974=IFCQUANTITYLENGTH('Width',$,$,500.00000000000006,$);
#4975=IFCQUANTITYAREA('GrossFootprintArea',$,$,3.8571370658475317,$);
#4976=IFCQUANTITYVOLUME('GrossVolume',$,$,18.065249080370712,$);
#4977=IFCQUANTITYAREA('GrossSideArea',$,$,18.065249080370712,$);
#4978=IFCQUANTITYAREA('NetSideArea',$,$,34.330498160741399,$);
#4979=IFCQUANTITYVOLUME('NetVolume',$,$,17.158642352261282,$);
#4980=IFCELEMENTQUANTITY('2oGq7DiMlju9HauXVPHDcl',#6,'Qto_WallBaseQuantities',$,'BaseQuantities',(#4972,#4973,#4974,#4975,#4976,#4977,#4978,#4979));
#4981=IFCRELDEFINESBYPROPERTIES('1ely5thZD5nm65bNolQdcI',#6,$,$,(#4971),#4980);
#4982=IFCPROPERTYSET('2Y08YA0nwTtw8GB981pEM9',#6,'Pset_EnvironmentalImpactIndicators',$,(#80));
#4983=IFCPROPERTYSINGLEVALUE('Reference',$,IFCLABEL('Castelnuovo_typeA'),$);
#4984=IFCPROPERTYSET('1Tdaooux$RD1GImfHbU9Zg',#6,'Pset_ReinforcementBarPitchOfWall',$,(#4983));
#4985=IFCPROPERTYSET('2Mg$OV72QhCRGzQrGeghOo',#6,'Pset_WallCommon',$,(#80,#84,#85,#140));
#4986=IFCRELDEFINESBYPROPERTIES('1uo120Ha20h5DlZoLWIi_2',#6,$,$,(#4971),#4982);
#4987=IFCRELDEFINESBYPROPERTIES('0A707ctjWJqAqSA3K6Qiaj',#6,$,$,(#4971),#4984);
#4988=IFCRELDEFINESBYPROPERTIES('2jw9_BW4zFHicDzvJeU$5Z',#6,$,$,(#4971),#4985);
#4989=IFCMAPPEDITEM(#4866,#2557);
#4990=IFCSHAPEREPRESENTATION(#15,'Body','MappedRepresentation',(#4989));
#4991=IFCPRODUCTDEFINITIONSHAPE($,$,(#4990));
#4992=IFCCARTESIANPOINT((13137.199529311854,-7075.3899495844416,0.));
#4993=IFCDIRECTION((0.31571582075227245,-0.94885379301909256,0.));
#4994=IFCAXIS2PLACEMENT3D(#4992,#49,#4993);
#4996=IFCDOOR('0F0gJxCaz6DgMK0q1JiO6j',#6,'DoorV2:DoorV2:1722979',$,$,#8101,#4991,'1722979',2200.0000000000023,1399.9999999999873,.DOOR.,$,$);
#4997=IFCPROPERTYSET('0O9ZNST7PV0UPZ$eBPnbqo',#6,'Pset_DoorCommon',$,(#403,#1425));
#4998=IFCPROPERTYSET('29vq8xXKJ5Zy$1o_fT8jPH',#6,'Pset_EnvironmentalImpactIndicators',$,(#403));
#4999=IFCRELDEFINESBYPROPERTIES('070IasSsAyaXddEvWkKwGz',#6,$,$,(#4996),#4997);
#5000=IFCRELDEFINESBYPROPERTIES('1hBNH6kFSVEQe4wMe7feIW',#6,$,$,(#4996),#4998);
#5001=IFCQUANTITYLENGTH('Width','',$,1400.,$);
#5002=IFCQUANTITYLENGTH('Height','',$,2000.0000000000002,$);
#5003=IFCQUANTITYLENGTH('Perimeter','',$,1400.0000000019461,$);
#5004=IFCQUANTITYAREA('Area','',$,4.0800000000058239,$);
#5005=IFCELEMENTQUANTITY('38QlF0sifCiQWTbHvnXe8V',#6,'Qto_DoorBaseQuantities',$,'BaseQuantities',(#5001,#5002,#5003,#5004));
#5006=IFCRELDEFINESBYPROPERTIES('2D4AlI9FY_mw29quBdPK7J',#6,$,$,(#4996),#5005);
#5007=IFCCARTESIANPOINTLIST2D(((-250.00000000000003,-599.99999999999977),(250.00000000000003,-599.99999999999977),(250.00000000000003,599.99999999999977),(-250.00000000000003,599.99999999999977),(-250.00000000000003,-599.99999999999977)));
#5008=IFCINDEXEDPOLYCURVE(#5007,$,.F.);
#5009=IFCARBITRARYCLOSEDPROFILEDEF(.AREA.,'BrickWindow',#5008);
#5010=IFCCARTESIANPOINT((600.,250.,1300.));
#5011=IFCAXIS2PLACEMENT3D(#5010,#49,#146);
#5012=IFCEXTRUDEDAREASOLID(#5009,#5011,#49,200.);
#5013=IFCCARTESIANPOINTLIST2D(((-250.00000000000003,-599.99999999999977),(250.00000000000003,-599.99999999999977),(250.00000000000003,599.99999999999977),(-250.00000000000003,599.99999999999977),(-250.00000000000003,-599.99999999999977)));
#5014=IFCINDEXEDPOLYCURVE(#5013,$,.F.);
#5015=IFCARBITRARYCLOSEDPROFILEDEF(.AREA.,'BrickWindow',#5014);
#5016=IFCCARTESIANPOINT((600.,250.,0.));
#5017=IFCAXIS2PLACEMENT3D(#5016,#49,#146);
#5018=IFCEXTRUDEDAREASOLID(#5015,#5017,#49,165.03507693617399);
#5019=IFCCARTESIANPOINTLIST2D(((-250.00000000000003,-100.),(250.00000000000003,-100.),(250.00000000000003,100.),(-250.00000000000003,100.),(-250.00000000000003,-100.)));
#5020=IFCINDEXEDPOLYCURVE(#5019,$,.F.);
#5021=IFCARBITRARYCLOSEDPROFILEDEF(.AREA.,'BrickWindow',#5020);
#5022=IFCCARTESIANPOINT((100.,250.,165.03507693617399));
#5023=IFCAXIS2PLACEMENT3D(#5022,#49,#146);
#5024=IFCEXTRUDEDAREASOLID(#5021,#5023,#49,1134.9649230638261);
#5025=IFCCARTESIANPOINTLIST2D(((-250.00000000000003,-100.),(250.00000000000003,-100.),(250.00000000000003,100.),(-250.00000000000003,100.),(-250.00000000000003,-100.)));
#5026=IFCINDEXEDPOLYCURVE(#5025,$,.F.);
#5027=IFCARBITRARYCLOSEDPROFILEDEF(.AREA.,'BrickWindow',#5026);
#5028=IFCCARTESIANPOINT((1100.,250.,165.03507693617399));
#5029=IFCAXIS2PLACEMENT3D(#5028,#49,#146);
#5030=IFCEXTRUDEDAREASOLID(#5027,#5029,#49,1134.9649230638261);
#5031=IFCSTYLEDITEM(#5012,(#2545),$);
#5032=IFCSTYLEDITEM(#5018,(#2545),$);
#5033=IFCSTYLEDITEM(#5024,(#2545),$);
#5034=IFCSTYLEDITEM(#5030,(#2545),$);
#5035=IFCSHAPEREPRESENTATION(#15,'Body','SweptSolid',(#5012,#5018,#5024,#5030));
#5036=IFCAXIS2PLACEMENT3D(#10,$,$);
#5037=IFCREPRESENTATIONMAP(#5036,#5035);
#5038=IFCWINDOWLININGPROPERTIES('0F0gJxCaz6DgMK0q5JiO31',#6,'Window1:BrickWindow:1723151',$,$,$,$,$,$,$,$,$,$,$,$,$);
#5039=IFCWINDOWTYPE('0W$cu1J1HVr7g_pcFyPRyd',#6,'Window1:BrickWindow',$,$,(#5038),(#5037),'1778279',$,.WINDOW.,.NOTDEFINED.,$,$);
#5040=IFCMAPPEDITEM(#5037,#2557);
#5041=IFCSHAPEREPRESENTATION(#15,'Body','MappedRepresentation',(#5040));
#5042=IFCPRODUCTDEFINITIONSHAPE($,$,(#5041));
#5043=IFCCARTESIANPOINT((12790.765291865488,-4450.5121773586652,570.38044307772225));
#5044=IFCDIRECTION((-0.31571582075227245,0.94885379301909256,0.));
#5045=IFCAXIS2PLACEMENT3D(#5043,#49,#5044);
#5047=IFCWINDOW('0F0gJxCaz6DgMK0q1JiO31',#6,'Window1:BrickWindow:1723151',$,$,#8123,#5042,'1723151',1500.,1199.9999999999993,.WINDOW.,.NOTDEFINED.,$);
#5048=IFCPROPERTYSET('0I5p6jBavWS2RRDT6O_BOw',#6,'Pset_EnvironmentalImpactIndicators',$,(#1148));
#5049=IFCPROPERTYSET('3g5EP4LjY7Po2Y7ZGaK8nd',#6,'Pset_WindowCommon',$,(#84,#1148));
#5050=IFCRELDEFINESBYPROPERTIES('2cVsTqly9WzD14t7XCmLv8',#6,$,$,(#5047),#5048);
#5051=IFCRELDEFINESBYPROPERTIES('2jCA7hd63jnd8BXhdp61CH',#6,$,$,(#5047),#5049);
#5052=IFCQUANTITYLENGTH('Width','',$,1200.,$);
#5053=IFCQUANTITYLENGTH('Height','',$,1500.,$);
#5054=IFCQUANTITYLENGTH('Perimeter','',$,1400.,$);
#5055=IFCQUANTITYAREA('Area','',$,3.6095105230808526,$);
#5056=IFCELEMENTQUANTITY('2iqw4KbbBuVci8zhvLHmt0',#6,'Qto_WindowBaseQuantities',$,'BaseQuantities',(#5052,#5053,#5054,#5055));
#5057=IFCRELDEFINESBYPROPERTIES('0P94NFB9F6POXWsx5gfjji',#6,$,$,(#5047),#5056);
#5058=IFCCARTESIANPOINTLIST2D(((-250.00000000048493,-700.00000000000659),(250.00000000048493,-700.00000000000659),(250.00000000048493,700.00000000000659),(-250.00000000048493,700.00000000000659),(-250.00000000048493,-700.00000000000659)));
#5059=IFCINDEXEDPOLYCURVE(#5058,$,.F.);
#5060=IFCARBITRARYCLOSEDPROFILEDEF(.AREA.,'DoorV2',#5059);
#5061=IFCCARTESIANPOINT((700.,250.,2000.));
#5062=IFCAXIS2PLACEMENT3D(#5061,#49,#146);
#5063=IFCEXTRUDEDAREASOLID(#5060,#5062,#49,200.);
#5064=IFCCARTESIANPOINTLIST2D(((-250.00000000048493,-99.999999999998252),(250.00000000048493,-99.999999999998252),(250.00000000048493,99.999999999998309),(-250.00000000048493,99.999999999998309),(-250.00000000048493,-99.999999999998252)));
#5065=IFCINDEXEDPOLYCURVE(#5064,$,.F.);
#5066=IFCARBITRARYCLOSEDPROFILEDEF(.AREA.,'DoorV2',#5065);
#5067=IFCCARTESIANPOINT((1300.,250.,0.));
#5068=IFCAXIS2PLACEMENT3D(#5067,#49,#146);
#5069=IFCEXTRUDEDAREASOLID(#5066,#5068,#49,1999.9999999999959);
#5070=IFCCARTESIANPOINTLIST2D(((-250.00000000048493,-100.00000000000156),(250.00000000048493,-100.00000000000156),(250.00000000048493,100.00000000000149),(-250.00000000048493,100.00000000000149),(-250.00000000048493,-100.00000000000156)));
#5071=IFCINDEXEDPOLYCURVE(#5070,$,.F.);
#5072=IFCARBITRARYCLOSEDPROFILEDEF(.AREA.,'DoorV2',#5071);
#5073=IFCCARTESIANPOINT((100.,250.,0.));
#5074=IFCAXIS2PLACEMENT3D(#5073,#49,#146);
#5075=IFCEXTRUDEDAREASOLID(#5072,#5074,#49,2000.0000000000002);
#5076=IFCSTYLEDITEM(#5063,(#2438),$);
#5077=IFCSTYLEDITEM(#5069,(#2438),$);
#5078=IFCSTYLEDITEM(#5075,(#2438),$);
#5079=IFCSHAPEREPRESENTATION(#15,'Body','SweptSolid',(#5063,#5069,#5075));
#5080=IFCAXIS2PLACEMENT3D(#10,$,$);
#5081=IFCREPRESENTATIONMAP(#5080,#5079);
#5082=IFCDOORLININGPROPERTIES('0F0gJxCaz6DgMK0q5JiOR2',#6,'DoorV2:DoorV2:1723660',$,$,$,$,$,$,$,$,$,$,$,$,$,$);
#5083=IFCDOORPANELPROPERTIES('0F0gJxCaz6DgMK0q9JiOR2',#6,'DoorV2:DoorV2:1723660:1',$,$,.NOTDEFINED.,$,.NOTDEFINED.,$);
#5084=IFCDOORTYPE('17$bMY4lx9OUOM1U5roG7h',#6,'DoorV2:DoorV2',$,$,(#5082,#5083),(#5081),'1721182',$,.DOOR.,.NOTDEFINED.,$,$);
#5085=IFCMAPPEDITEM(#5081,#2557);
#5086=IFCSHAPEREPRESENTATION(#15,'Body','MappedRepresentation',(#5085));
#5087=IFCPRODUCTDEFINITIONSHAPE($,$,(#5086));
#5088=IFCCARTESIANPOINT((6843.4875097115246,6353.2938349560927,0.));
#5089=IFCDIRECTION((0.47236892736765773,-0.88140092832803885,0.));
#5090=IFCAXIS2PLACEMENT3D(#5088,#49,#5089);
#5092=IFCDOOR('0F0gJxCaz6DgMK0q1JiOR2',#6,'DoorV2:DoorV2:1723660',$,$,#8035,#5087,'1723660',2200.0000000000023,1399.9999999999891,.DOOR.,$,$);
#5093=IFCPROPERTYSET('1nPiClX16ww6oF004BZDPC',#6,'Pset_DoorCommon',$,(#403,#1425));
#5094=IFCPROPERTYSET('3KFLhjOHde7knmN62Ns3JZ',#6,'Pset_EnvironmentalImpactIndicators',$,(#403));
#5095=IFCRELDEFINESBYPROPERTIES('1YNCyA6VxoqudiaGeme8kB',#6,$,$,(#5092),#5093);
#5096=IFCRELDEFINESBYPROPERTIES('3sKOo2IY2CO0N5He6E7iBF',#6,$,$,(#5092),#5094);
#5097=IFCQUANTITYLENGTH('Width','',$,1400.,$);
#5098=IFCQUANTITYLENGTH('Height','',$,2000.0000000000002,$);
#5099=IFCQUANTITYLENGTH('Perimeter','',$,1400.0000000019461,$);
#5100=IFCQUANTITYAREA('Area','',$,4.0800000000058239,$);
#5101=IFCELEMENTQUANTITY('23wFZcdDNH0pj$YNX_knyo',#6,'Qto_DoorBaseQuantities',$,'BaseQuantities',(#5097,#5098,#5099,#5100));
#5102=IFCRELDEFINESBYPROPERTIES('0gtw8FkaSETOInLYLp$Tss',#6,$,$,(#5092),#5101);
#5103=IFCCARTESIANPOINTLIST2D(((-250.00000000048493,-700.00000000000659),(250.00000000048493,-700.00000000000659),(250.00000000048493,700.00000000000659),(-250.00000000048493,700.00000000000659),(-250.00000000048493,-700.00000000000659)));
#5104=IFCINDEXEDPOLYCURVE(#5103,$,.F.);
#5105=IFCARBITRARYCLOSEDPROFILEDEF(.AREA.,'DoorV2',#5104);
#5106=IFCCARTESIANPOINT((700.,250.,2000.));
#5107=IFCAXIS2PLACEMENT3D(#5106,#49,#146);
#5108=IFCEXTRUDEDAREASOLID(#5105,#5107,#49,200.);
#5109=IFCCARTESIANPOINTLIST2D(((-250.00000000048493,-99.999999999998252),(250.00000000048493,-99.999999999998252),(250.00000000048493,99.999999999998309),(-250.00000000048493,99.999999999998309),(-250.00000000048493,-99.999999999998252)));
#5110=IFCINDEXEDPOLYCURVE(#5109,$,.F.);
#5111=IFCARBITRARYCLOSEDPROFILEDEF(.AREA.,'DoorV2',#5110);
#5112=IFCCARTESIANPOINT((1300.,250.,0.));
#5113=IFCAXIS2PLACEMENT3D(#5112,#49,#146);
#5114=IFCEXTRUDEDAREASOLID(#5111,#5113,#49,1999.9999999999959);
#5115=IFCCARTESIANPOINTLIST2D(((-250.00000000048493,-100.00000000000156),(250.00000000048493,-100.00000000000156),(250.00000000048493,100.00000000000149),(-250.00000000048493,100.00000000000149),(-250.00000000048493,-100.00000000000156)));
#5116=IFCINDEXEDPOLYCURVE(#5115,$,.F.);
#5117=IFCARBITRARYCLOSEDPROFILEDEF(.AREA.,'DoorV2',#5116);
#5118=IFCCARTESIANPOINT((100.,250.,0.));
#5119=IFCAXIS2PLACEMENT3D(#5118,#49,#146);
#5120=IFCEXTRUDEDAREASOLID(#5117,#5119,#49,2000.0000000000002);
#5121=IFCSTYLEDITEM(#5108,(#2438),$);
#5122=IFCSTYLEDITEM(#5114,(#2438),$);
#5123=IFCSTYLEDITEM(#5120,(#2438),$);
#5124=IFCSHAPEREPRESENTATION(#15,'Body','SweptSolid',(#5108,#5114,#5120));
#5125=IFCAXIS2PLACEMENT3D(#10,$,$);
#5126=IFCREPRESENTATIONMAP(#5125,#5124);
#5127=IFCDOORLININGPROPERTIES('0F0gJxCaz6DgMK0q5JiON_',#6,'DoorV2:DoorV2:1723952',$,$,$,$,$,$,$,$,$,$,$,$,$,$);
#5128=IFCDOORPANELPROPERTIES('0F0gJxCaz6DgMK0q9JiON_',#6,'DoorV2:DoorV2:1723952:1',$,$,.NOTDEFINED.,$,.NOTDEFINED.,$);
#5129=IFCDOORTYPE('0x5QxSEXM5nn9$oEVTYKwQ',#6,'DoorV2:DoorV2',$,$,(#5127,#5128),(#5126),'1721182',$,.DOOR.,.NOTDEFINED.,$,$);
#5130=IFCMAPPEDITEM(#5126,#2557);
#5131=IFCSHAPEREPRESENTATION(#15,'Body','MappedRepresentation',(#5130));
#5132=IFCPRODUCTDEFINITIONSHAPE($,$,(#5131));
#5133=IFCCARTESIANPOINT((14286.657721420255,7732.8275863287708,-1200.));
#5134=IFCDIRECTION((-0.4723689273676574,0.88140092832803896,0.));
#5135=IFCAXIS2PLACEMENT3D(#5133,#49,#5134);
#5137=IFCDOOR('0F0gJxCaz6DgMK0q1JiON_',#6,'DoorV2:DoorV2:1723952',$,$,#7881,#5132,'1723952',2200.0000000000018,1399.9999999999879,.DOOR.,$,$);
#5138=IFCPROPERTYSET('1CHskibxj49CM8ZFWspD4Z',#6,'Pset_DoorCommon',$,(#403,#1425));
#5139=IFCPROPERTYSET('3AxBZv9Px53kxIhLW59BW1',#6,'Pset_EnvironmentalImpactIndicators',$,(#403));
#5140=IFCRELDEFINESBYPROPERTIES('27MvfvpyzCOot$Yltebt2I',#6,$,$,(#5137),#5138);
#5141=IFCRELDEFINESBYPROPERTIES('1xS4FbMdXd8FCYyi2IoscE',#6,$,$,(#5137),#5139);
#5142=IFCQUANTITYLENGTH('Width','',$,1400.,$);
#5143=IFCQUANTITYLENGTH('Height','',$,2000.0000000000002,$);
#5144=IFCQUANTITYLENGTH('Perimeter','',$,1400.0000000019461,$);
#5145=IFCQUANTITYAREA('Area','',$,4.0800000000058239,$);
#5146=IFCELEMENTQUANTITY('39bB3oNhcbRMiyDiIBtMgV',#6,'Qto_DoorBaseQuantities',$,'BaseQuantities',(#5142,#5143,#5144,#5145));
#5147=IFCRELDEFINESBYPROPERTIES('0CcF2dlUYnZ5ytdjcc0dv6',#6,$,$,(#5137),#5146);
#5148=IFCCARTESIANPOINT((8332.8527718451151,2488.6889482118872,0.));
#5149=IFCAXIS2PLACEMENT3D(#5148,#49,#146);
#5150=IFCLOCALPLACEMENT(#32,#5149);
#5151=IFCPRODUCTDEFINITIONSHAPE($,$,(#5163));
#5152=IFCCOLOURRGBLIST(((0.92549019607843142,0.67843137254901964,0.30980392156862746)));
#5153=IFCINDEXEDPOLYGONALFACE((1,2,3,4));
#5154=IFCINDEXEDPOLYGONALFACE((1,4,5,6));
#5155=IFCINDEXEDPOLYGONALFACE((4,3,7,5));
#5156=IFCINDEXEDPOLYGONALFACE((3,2,8,7));
#5157=IFCINDEXEDPOLYGONALFACE((2,1,6,8));
#5158=IFCINDEXEDPOLYGONALFACE((6,5,7,8));
#5159=IFCCARTESIANPOINTLIST3D(((1318.7278540445782,-435.04593795345136,0.),(178.28613948573775,-1046.2425139014595,0.),(1.3642420526593924E-012,-581.79124154069723,0.),(1085.5738188468272,0.,0.),(1085.5738188468258,0.,2197.0407575460422),(1318.7278540445773,-435.04593795345136,2217.1082927981433),(1.3642420526593924E-012,-581.79124154069723,1799.9999999998317),(178.28613948573775,-1046.2425139014595,1799.9999999998317)));
#5160=IFCPOLYGONALFACESET(#5159,.T.,(#5153,#5154,#5155,#5156,#5157,#5158),$);
#5161=IFCINDEXEDCOLOURMAP(#5160,1.,#5152,(1,1,1,1,1,1));
#5162=IFCSTYLEDITEM(#5160,(#1792),$);
#5163=IFCSHAPEREPRESENTATION(#15,'Body','Tessellation',(#5160));
#5164=IFCWALL('0QfxonMDT2A8cO_M93$yye',#6,'Castelnuovo9:Castelnuovo9:1726864',$,$,#5150,#5151,'1726864',.NOTDEFINED.);
#5165=IFCWALLTYPE('0QfxonMDT2A8cO_M93$yys',#6,'Castelnuovo9:Castelnuovo9',$,$,$,$,'1726862',$,.NOTDEFINED.);
#5166=IFCPROPERTYSINGLEVALUE('Reference',$,IFCIDENTIFIER('Castelnuovo9'),$);
#5167=IFCPROPERTYSET('01k29973YxBIXK6tINeHPD',#6,'Pset_EnvironmentalImpactIndicators',$,(#5166));
#5168=IFCPROPERTYSINGLEVALUE('Reference',$,IFCLABEL('Castelnuovo9'),$);
#5169=IFCPROPERTYSET('2Ufv6AVd7jPoZskHpV0mO5',#6,'Pset_ReinforcementBarPitchOfWall',$,(#5168));
#5170=IFCPROPERTYSET('20k8bW8hMUpYqwlZ8lhw_9',#6,'Pset_WallCommon',$,(#1425,#5166));
#5171=IFCRELDEFINESBYPROPERTIES('0inTcl3bEELNbgFwINgxwK',#6,$,$,(#5164),#5167);
#5172=IFCRELDEFINESBYPROPERTIES('24NQuw6QUqC8haFPfGOusW',#6,$,$,(#5164),#5169);
#5173=IFCRELDEFINESBYPROPERTIES('02deSPdrnjd3gVY5K_WA2X',#6,$,$,(#5164),#5170);
#5174=IFCQUANTITYVOLUME('NetVolume','',$,1.2487993515384441,$);
#5175=IFCELEMENTQUANTITY('0iY$zgPlPSP1f_W8_p6wY9',#6,'Qto_WallBaseQuantities',$,'BaseQuantities',(#5174));
#5176=IFCRELDEFINESBYPROPERTIES('180dYzATEgJ9s0xi8K8H0Q',#6,$,$,(#5164),#5175);
#5177=IFCCARTESIANPOINT((10977.055556829237,3572.3094706099023,0.));
#5178=IFCAXIS2PLACEMENT3D(#5177,#49,#146);
#5179=IFCLOCALPLACEMENT(#32,#5178);
#5180=IFCPRODUCTDEFINITIONSHAPE($,$,(#5211));
#5181=IFCCOLOURRGBLIST(((0.92549019607843142,0.67843137254901964,0.30980392156862746)));
#5182=IFCINDEXEDPOLYGONALFACE((1,2,3,4));
#5183=IFCINDEXEDPOLYGONALFACE((1,4,5,6));
#5184=IFCINDEXEDPOLYGONALFACEWITHVOIDS((4,3,7,5),((8,9,10,11)));
#5185=IFCINDEXEDPOLYGONALFACE((3,2,12,7));
#5186=IFCINDEXEDPOLYGONALFACEWITHVOIDS((2,1,6,12),((13,14,15,16)));
#5187=IFCINDEXEDPOLYGONALFACE((6,5,7,12));
#5188=IFCINDEXEDPOLYGONALFACE((9,8,14,13));
#5189=IFCINDEXEDPOLYGONALFACE((8,11,15,14));
#5190=IFCINDEXEDPOLYGONALFACE((11,10,16,15));
#5191=IFCINDEXEDPOLYGONALFACE((10,9,13,16));
#5192=IFCCARTESIANPOINTLIST3D(((1652.2141137495332,-435.04593795344954,0.),(178.28613948573729,-1224.9677020941945,0.),(4.5474735088646412E-013,-760.51642973342678,0.),(1419.0600785517813,0.,0.),(1419.0600785517813,0.,2319.010940398427),(1652.2141137495332,-435.04593795344954,2339.0784756505263),(4.5474735088646412E-013,-760.51642973342678,1799.9999999998317),(1121.3454270703919,-159.55412124272516,1582.1481293567495),(328.08459157515654,-584.68615587361637,1582.1481293567495),(328.08459157515654,-584.68615587361637,665.03507693617667),(1121.3454270703937,-159.55412124272334,665.03507693618212),(178.28613948573729,-1224.9677020941945,1799.9999999998317),(561.23862677290845,-1019.7320938270641,1582.1481293567513),(1354.4994622681438,-594.60005919617288,1582.1481293567495),(1354.4994622681456,-594.60005919617288,665.03507693618212),(561.23862677290936,-1019.7320938270641,665.03507693617667)));
#5193=IFCPOLYGONALFACESET(#5192,.T.,(#5182,#5183,#5184,#5185,#5186,#5187,#5188,#5189,#5190,#5191),$);
#5194=IFCINDEXEDCOLOURMAP(#5193,1.,#5181,(1,1,1,1,1,1,1,1,1,1));
#5195=IFCSTYLEDITEM(#5193,(#1792),$);
#5196=IFCCOLOURRGBLIST(((0.57647058823529407,0.55686274509803924,0.88235294117647056)));
#5197=IFCINDEXEDPOLYGONALFACEWITHVOIDS((1,2,3,4),((5,6,7,8)));
#5198=IFCINDEXEDPOLYGONALFACEWITHVOIDS((9,10,11,12),((13,14,15,16)));
#5199=IFCINDEXEDPOLYGONALFACE((2,1,9,12));
#5200=IFCINDEXEDPOLYGONALFACE((3,2,12,11));
#5201=IFCINDEXEDPOLYGONALFACE((4,3,11,10));
#5202=IFCINDEXEDPOLYGONALFACE((1,4,10,9));
#5203=IFCINDEXEDPOLYGONALFACE((6,5,13,16));
#5204=IFCINDEXEDPOLYGONALFACE((7,6,16,15));
#5205=IFCINDEXEDPOLYGONALFACE((8,7,15,14));
#5206=IFCINDEXEDPOLYGONALFACE((5,8,14,13));
#5207=IFCCARTESIANPOINTLIST3D(((1354.4994622681447,-594.6000591961747,665.03507693618212),(1354.4994622681447,-594.6000591961747,1582.1481293567495),(561.23862677291118,-1019.7320938270659,1582.1481293567495),(561.23862677291027,-1019.7320938270659,665.03507693617848),(1178.219276602536,-689.07384466970689,865.0350769361803),(737.51881243851903,-925.25830835353372,865.0350769361803),(737.51881243851903,-925.25830835353372,1382.1481293567495),(1178.219276602536,-689.07384466970689,1382.1481293567495),(1121.3454270703928,-159.55412124272516,665.03507693618212),(328.0845915751579,-584.68615587361637,665.03507693617848),(328.08459157515836,-584.68615587361637,1582.1481293567495),(1121.345427070391,-159.55412124272516,1582.1481293567495),(945.06524140478405,-254.02790671625735,865.0350769361803),(945.06524140478405,-254.02790671625735,1382.1481293567495),(504.36477724076622,-490.21237040008418,1382.1481293567495),(504.36477724076667,-490.21237040008418,865.0350769361803)));
#5208=IFCPOLYGONALFACESET(#5207,.T.,(#5197,#5198,#5199,#5200,#5201,#5202,#5203,#5204,#5205,#5206),$);
#5209=IFCINDEXEDCOLOURMAP(#5208,1.,#5196,(1,1,1,1,1,1,1,1,1,1));
#5210=IFCSTYLEDITEM(#5208,(#2545),$);
#5211=IFCSHAPEREPRESENTATION(#15,'Body','Tessellation',(#5193,#5208));
#5212=IFCWALL('0QfxonMDT2A8cO_M93$yp8',#6,'Castelnuovo10:Castelnuovo10:1727088',$,$,#5179,#5180,'1727088',.NOTDEFINED.);
#5213=IFCWALLTYPE('0QfxonMDT2A8cO_M93$ypM',#6,'Castelnuovo10:Castelnuovo10',$,$,$,$,'1727086',$,.NOTDEFINED.);
#5214=IFCPROPERTYSINGLEVALUE('Reference',$,IFCIDENTIFIER('Castelnuovo10'),$);
#5215=IFCPROPERTYSET('1Cn5dizxRGmZ46S7cDbRU9',#6,'Pset_EnvironmentalImpactIndicators',$,(#5214));
#5216=IFCPROPERTYSINGLEVALUE('Reference',$,IFCLABEL('Castelnuovo10'),$);
#5217=IFCPROPERTYSET('268oHR3CIV7xe7R7YCjenI',#6,'Pset_ReinforcementBarPitchOfWall',$,(#5216));
#5218=IFCPROPERTYSET('2FbCW_7muw2Vulm8W3h_MW',#6,'Pset_WallCommon',$,(#1425,#5214));
#5219=IFCRELDEFINESBYPROPERTIES('1cK09Kq_sUTmWbebDC7J7g',#6,$,$,(#5212),#5215);
#5220=IFCRELDEFINESBYPROPERTIES('2l6LqFClVwOVcfej8rLhwJ',#6,$,$,(#5212),#5217);
#5221=IFCRELDEFINESBYPROPERTIES('3RkdxSvrXoenb0Eug0RY8Z',#6,$,$,(#5212),#5218);
#5222=IFCQUANTITYVOLUME('NetVolume','',$,1.5447452720540089,$);
#5223=IFCELEMENTQUANTITY('2lsTzNNNdt8Lp8hBnmdcyw',#6,'Qto_WallBaseQuantities',$,'BaseQuantities',(#5222));
#5224=IFCRELDEFINESBYPROPERTIES('1QHPUMIWQltirxaO_mWnno',#6,$,$,(#5212),#5223);
#5225=IFCAXIS2PLACEMENT3D(#10,$,$);
#5226=IFCLOCALPLACEMENT(#32,#5225);
#5227=IFCCARTESIANPOINTLIST2D(((-725.97546441374516,-1253.2076924523431),(884.02973633371323,-1253.2076924523431),(567.92119249378106,1253.2076924523408),(-725.97546441374834,1253.2076924523431),(-725.97546441374516,-1253.2076924523431)));
#5228=IFCINDEXEDPOLYCURVE(#5227,$,.F.);
#5229=IFCARBITRARYCLOSEDPROFILEDEF(.AREA.,$,#5228);
#5230=IFCCARTESIANPOINT((10215.40538473426,3759.5177274314192,100.));
#5231=IFCDIRECTION((0.47236892736765734,-0.88140092832803896,0.));
#5232=IFCAXIS2PLACEMENT3D(#5230,#1408,#5231);
#5233=IFCEXTRUDEDAREASOLID(#5229,#5232,#49,100.);
#5234=IFCSTYLEDITEM(#5233,(#2083),$);
#5235=IFCSHAPEREPRESENTATION(#15,'Body','SweptSolid',(#5233));
#5236=IFCCARTESIANPOINTLIST2D(((10977.055556829237,4991.3695491616836),(11737.571986562663,3572.3094706099027),(9379.0952857465745,2666.9750876976241),(8767.8987097985664,3807.4168022564654),(10977.055556829237,4991.3695491616836)));
#5237=IFCINDEXEDPOLYCURVE(#5236,$,.F.);
#5238=IFCSHAPEREPRESENTATION(#17,'FootPrint','Curve2D',(#5237));
#5239=IFCPRODUCTDEFINITIONSHAPE($,$,(#5235,#5238));
#5240=IFCSLAB('1WUN27PtDFEf9VO7IMxZ4N',#6,'Floor:Historic_timber_floor:1727125',$,$,#5226,#5239,'1727125',.FLOOR.);
#5241=IFCPROPERTYSET('3UTRijuI2Aci9iOVWKvoGa',#6,'Pset_EnvironmentalImpactIndicators',$,(#2093));
#5242=IFCPROPERTYSINGLEVALUE('Reference',$,IFCLABEL('Historic_timber_floor'),$);
#5243=IFCPROPERTYSET('2LJpKg6_q8QvEbBiZ6RMxk',#6,'Pset_ReinforcementBarPitchOfSlab',$,(#5242));
#5244=IFCPROPERTYSET('3MVhi57SSGMaf6ql3azfTs',#6,'Pset_SlabCommon',$,(#85,#1425,#2093,#2097));
#5245=IFCRELDEFINESBYPROPERTIES('2gM0UJCWx6pOmT8kO3WCAn',#6,$,$,(#5240),#5241);
#5246=IFCRELDEFINESBYPROPERTIES('3jgNuAuuYPCtv$WFHNUjHe',#6,$,$,(#5240),#5243);
#5247=IFCRELDEFINESBYPROPERTIES('3QrNU9SfTAFd8j1SJerqG_',#6,$,$,(#5240),#5244);
#5248=IFCQUANTITYLENGTH('Depth','',$,100.,$);
#5249=IFCQUANTITYLENGTH('Perimeter','',$,7936.5877532484037,$);
#5250=IFCQUANTITYAREA('GrossArea','',$,3.6391921461398784,$);
#5251=IFCQUANTITYAREA('NetArea','',$,3.6391921461398784,$);
#5252=IFCQUANTITYVOLUME('GrossVolume','',$,0.36391921461398785,$);
#5253=IFCQUANTITYVOLUME('NetVolume','',$,0.36391921461398785,$);
#5254=IFCELEMENTQUANTITY('1JES9NJEaEHdvwjY2$G2nH',#6,'Qto_SlabBaseQuantities',$,'BaseQuantities',(#5248,#5249,#5250,#5251,#5252,#5253));
#5255=IFCRELDEFINESBYPROPERTIES('2H8be_kdKJBwPrgbJGFEky',#6,$,$,(#5240),#5254);
#5256=IFCCARTESIANPOINTLIST2D(((-257.81600664200471,-700.00000000000659),(257.81600664200454,-700.00000000000659),(257.81600664200471,700.00000000000659),(-257.81600664200454,700.00000000000659),(-257.81600664200471,-700.00000000000659)));
#5257=IFCINDEXEDPOLYCURVE(#5256,$,.F.);
#5258=IFCARBITRARYCLOSEDPROFILEDEF(.AREA.,'DoorV2',#5257);
#5259=IFCCARTESIANPOINT((-0.,0.,2000.));
#5260=IFCAXIS2PLACEMENT3D(#5259,#49,#146);
#5261=IFCEXTRUDEDAREASOLID(#5258,#5260,#49,200.);
#5262=IFCCARTESIANPOINTLIST2D(((-257.81600664200465,-99.999999999998252),(257.8160066420046,-99.999999999998252),(257.81600664200465,99.999999999998309),(-257.8160066420046,99.99999999999838),(-257.81600664200465,-99.999999999998252)));
#5263=IFCINDEXEDPOLYCURVE(#5262,$,.F.);
#5264=IFCARBITRARYCLOSEDPROFILEDEF(.AREA.,'DoorV2',#5263);
#5265=IFCCARTESIANPOINT((600.,0.,0.));
#5266=IFCAXIS2PLACEMENT3D(#5265,#49,#146);
#5267=IFCEXTRUDEDAREASOLID(#5264,#5266,#49,1999.9999999999959);
#5268=IFCCARTESIANPOINTLIST2D(((-257.81600664200465,-100.00000000000153),(257.81600664200465,-100.00000000000153),(257.81600664200465,100.00000000000153),(-257.81600664200465,100.00000000000146),(-257.81600664200465,-100.00000000000153)));
#5269=IFCINDEXEDPOLYCURVE(#5268,$,.F.);
#5270=IFCARBITRARYCLOSEDPROFILEDEF(.AREA.,'DoorV2',#5269);
#5271=IFCCARTESIANPOINT((-600.,0.,0.));
#5272=IFCAXIS2PLACEMENT3D(#5271,#49,#146);
#5273=IFCEXTRUDEDAREASOLID(#5270,#5272,#49,2000.0000000000002);
#5274=IFCSTYLEDITEM(#5261,(#2438),$);
#5275=IFCSTYLEDITEM(#5267,(#2438),$);
#5276=IFCSTYLEDITEM(#5273,(#2438),$);
#5277=IFCSHAPEREPRESENTATION(#15,'Body','SweptSolid',(#5261,#5267,#5273));
#5278=IFCAXIS2PLACEMENT3D(#10,$,$);
#5279=IFCREPRESENTATIONMAP(#5278,#5277);
#5280=IFCDOORLININGPROPERTIES('0$ZVtLQ75EtvwV7Ahme$6k',#6,'DoorV2:DoorV2:1727402',$,$,$,$,$,$,$,$,$,$,$,$,$,$);
#5281=IFCDOORPANELPROPERTIES('0$ZVtLQ75EtvwV7Adme$6k',#6,'DoorV2:DoorV2:1727402:1',$,$,.NOTDEFINED.,$,.NOTDEFINED.,$);
#5282=IFCDOORTYPE('24vL8CMjD9PRlBEmRc8VAA',#6,'DoorV2:DoorV2',$,$,(#5280,#5281),(#5279),'1721182',$,.DOOR.,.NOTDEFINED.,$,$);
#5283=IFCMAPPEDITEM(#5279,#2557);
#5284=IFCSHAPEREPRESENTATION(#15,'Body','MappedRepresentation',(#5283));
#5285=IFCPRODUCTDEFINITIONSHAPE($,$,(#5284));
#5286=IFCCARTESIANPOINT((10833.920377801653,2949.2717930111003,127.52301602715396));
#5287=IFCDIRECTION((0.93358042649720185,0.35836794954530005,0.));
#5288=IFCAXIS2PLACEMENT3D(#5286,#49,#5287);
#5289=IFCLOCALPLACEMENT(#28,#5288);
#5290=IFCDOOR('0$ZVtLQ75EtvwV7Alme$6k',#6,'DoorV2:DoorV2:1727402',$,$,#5289,#5285,'1727402',1178.1900934579601,2399.9999999999991,.DOOR.,$,$);
#5291=IFCPROPERTYSET('1aEHTIDA82XB2TLv1Qjdfj',#6,'Pset_DoorCommon',$,(#403,#1425));
#5292=IFCPROPERTYSET('1bVSTF1wBM8daZXvSnBTSk',#6,'Pset_EnvironmentalImpactIndicators',$,(#403));
#5293=IFCRELDEFINESBYPROPERTIES('3TnV1MzXcRjJE1vx9vfvm1',#6,$,$,(#5290),#5291);
#5294=IFCRELDEFINESBYPROPERTIES('0fnIXZMePPbs28ZqGXGNbR',#6,$,$,(#5290),#5292);
#5295=IFCQUANTITYLENGTH('Width','',$,1400.,$);
#5296=IFCQUANTITYLENGTH('Height','',$,2000.0000000000002,$);
#5297=IFCQUANTITYLENGTH('Perimeter','',$,1431.2640265680245,$);
#5298=IFCQUANTITYAREA('Area','',$,4.1737920797040617,$);
#5299=IFCELEMENTQUANTITY('3u_p50L04aJzaDoc_qM4LT',#6,'Qto_DoorBaseQuantities',$,'BaseQuantities',(#5295,#5296,#5297,#5298));
#5300=IFCRELDEFINESBYPROPERTIES('3Rgm2L_Sh4HHyoiWnvEItA',#6,$,$,(#5290),#5299);
#5301=IFCCARTESIANPOINT((11932.863101417228,10184.915954045464,-1500.));
#5302=IFCAXIS2PLACEMENT3D(#5301,#49,#146);
#5303=IFCLOCALPLACEMENT(#24,#5302);
#5304=IFCPRODUCTDEFINITIONSHAPE($,$,(#5317));
#5305=IFCCOLOURRGBLIST(((0.,0.80784313725490198,0.40392156862745099)));
#5306=IFCINDEXEDPOLYGONALFACE((1,2,3));
#5307=IFCINDEXEDPOLYGONALFACE((2,4,5,6,7,3));
#5308=IFCINDEXEDPOLYGONALFACE((4,2,1,8));
#5309=IFCINDEXEDPOLYGONALFACE((5,4,8,9));
#5310=IFCINDEXEDPOLYGONALFACE((5,9,6));
#5311=IFCINDEXEDPOLYGONALFACE((8,7,6,9));
#5312=IFCINDEXEDPOLYGONALFACE((7,8,1,3));
#5313=IFCCARTESIANPOINTLIST3D(((661.05069624602947,-118.09223184191796,4600.00000000003),(881.40092832803384,0.,1.3642420526593924E-012),(661.05069624602584,-118.09223184191433,1.5916157281026244E-012),(1353.7698556957002,-881.40092832803384,9.0949470177292824E-013),(472.36892736766458,-1353.7698556956966,9.0949470177292824E-013),(236.18446368383411,-913.06939153168423,9.0949470177292824E-013),(897.23515992985995,-558.7926960059358,1.1823431123048067E-011),(897.23515992985995,-558.7926960059358,4600.00000000003),(456.53469576584212,-794.97715968976445,4600.0000000000273)));
#5314=IFCPOLYGONALFACESET(#5313,.T.,(#5306,#5307,#5308,#5309,#5310,#5311,#5312),$);
#5315=IFCINDEXEDCOLOURMAP(#5314,1.,#5305,(1,1,1,1,1,1,1));
#5316=IFCSTYLEDITEM(#5314,(#1091),$);
#5317=IFCSHAPEREPRESENTATION(#15,'Body','Tessellation',(#5314));
#5318=IFCWALL('1FujFrxrb7ouwnZEeyzKU0',#6,'first_column:first_column:1733994',$,$,#5303,#5304,'1733994',.NOTDEFINED.);
#5319=IFCWALLTYPE('0tc9Es49HDa8p$oXIyETcL',#6,'first_column:first_column',$,$,(#5332),$,'1729972',$,.NOTDEFINED.);
#5320=IFCPROPERTYSINGLEVALUE('Reference',$,IFCIDENTIFIER('first_column'),$);
#5321=IFCPROPERTYSET('2MaGGnvGnDj6G6tS$4gB80',#6,'Pset_EnvironmentalImpactIndicators',$,(#5320));
#5322=IFCPROPERTYSINGLEVALUE('Reference',$,IFCLABEL('first_column'),$);
#5323=IFCPROPERTYSET('2Z9iIznoJeo_5bswrwI3lO',#6,'Pset_ReinforcementBarPitchOfWall',$,(#5322));
#5324=IFCPROPERTYSINGLEVALUE('LoadBearing',$,IFCBOOLEAN(.T.),$);
#5325=IFCPROPERTYSET('3tT2F3oJIp6F1tikB7hRhx',#6,'Pset_WallCommon',$,(#1425,#5320,#5324));
#5326=IFCRELDEFINESBYPROPERTIES('3VNQRsZfEnDkrB7Da1Xssu',#6,$,$,(#5318),#5321);
#5327=IFCRELDEFINESBYPROPERTIES('3ywq4wvPf1lRsUpiRaSuQm',#6,$,$,(#5318),#5323);
#5328=IFCRELDEFINESBYPROPERTIES('3PWgjVa8u5SuTppz2JhcwN',#6,$,$,(#5318),#5325);
#5329=IFCQUANTITYVOLUME('NetVolume','',$,1.2458333333333409,$);
#5330=IFCELEMENTQUANTITY('1uIaMlSPbQXYuLLrM8dIRQ',#6,'Qto_WallBaseQuantities',$,'BaseQuantities',(#5329));
#5331=IFCRELDEFINESBYPROPERTIES('1nxjDqSj3CMtZYcID_JNPc',#6,$,$,(#5318),#5330);
#5332=IFCPROPERTYSET('2VWRJra6lPDmbXA_FJKZGQ',#6,'Pset_WallCommon',$,(#5324));
#5333=IFCCARTESIANPOINT((13894.597290918489,6524.4839578200454,-1500.));
#5334=IFCAXIS2PLACEMENT3D(#5333,$,$);
#5335=IFCLOCALPLACEMENT(#24,#5334);
#5336=IFCPRODUCTDEFINITIONSHAPE($,$,(#5349));
#5337=IFCCOLOURRGBLIST(((0.,0.80784313725490198,0.40392156862745099)));
#5338=IFCINDEXEDPOLYGONALFACE((1,2,3));
#5339=IFCINDEXEDPOLYGONALFACE((3,2,4,5,6,7));
#5340=IFCINDEXEDPOLYGONALFACE((7,8,1,3));
#5341=IFCINDEXEDPOLYGONALFACE((6,9,8,7));
#5342=IFCINDEXEDPOLYGONALFACE((6,5,9));
#5343=IFCINDEXEDPOLYGONALFACE((8,9,5,4));
#5344=IFCINDEXEDPOLYGONALFACE((4,2,1,8));
#5345=IFCCARTESIANPOINTLIST3D(((354.27669552574844,220.35023208201255,4600.00000000003),(354.27669552574298,220.35023208201255,1.5916157281026244E-012),(472.36892736765731,1.8189894035458565E-012,1.3642420526593924E-012),(794.97715968976445,456.53469576584121,1.1823431123048067E-011),(440.70046416402329,1117.5853920118716,9.0949470177292824E-013),(881.4009283280393,1353.7698556956966,9.0949470177292824E-013),(1353.7698556956984,472.36892736765549,9.0949470177292824E-013),(794.97715968976809,456.5346957658403,4600.00000000003),(558.7926960059358,897.23515992985995,4600.0000000000273)));
#5346=IFCPOLYGONALFACESET(#5345,.T.,(#5338,#5339,#5340,#5341,#5342,#5343,#5344),$);
#5347=IFCINDEXEDCOLOURMAP(#5346,1.,#5337,(1,1,1,1,1,1,1));
#5348=IFCSTYLEDITEM(#5346,(#1091),$);
#5349=IFCSHAPEREPRESENTATION(#15,'Body','Tessellation',(#5346));
#5350=IFCWALL('2HmFfYHsL2OPZKrO6tYf$1',#6,'first_column:first_column:1734630',$,$,#5335,#5336,'1734630',.NOTDEFINED.);
#5351=IFCPROPERTYSET('2CKIUMe2rYwhoxq_di6BGO',#6,'Pset_EnvironmentalImpactIndicators',$,(#5320));
#5352=IFCPROPERTYSINGLEVALUE('Reference',$,IFCLABEL('first_column'),$);
#5353=IFCPROPERTYSET('2P2U9hp9_L7RsnanJZG3cX',#6,'Pset_ReinforcementBarPitchOfWall',$,(#5352));
#5354=IFCPROPERTYSET('0JfVfjzgPEGuxmjhaPBCYX',#6,'Pset_WallCommon',$,(#1425,#5320,#5324));
#5355=IFCRELDEFINESBYPROPERTIES('02WKW7WkK2FrU$9$$2O4Cv',#6,$,$,(#5350),#5351);
#5356=IFCRELDEFINESBYPROPERTIES('1rUgBxP_3N6h_J2HNampyC',#6,$,$,(#5350),#5353);
#5357=IFCRELDEFINESBYPROPERTIES('0Ab1D4pDhprdN6GOX_6L_x',#6,$,$,(#5350),#5354);
#5358=IFCQUANTITYVOLUME('NetVolume','',$,1.2458333333333449,$);
#5359=IFCELEMENTQUANTITY('1FdWqo7xii1JL7paeT6mEd',#6,'Qto_WallBaseQuantities',$,'BaseQuantities',(#5358));
#5360=IFCRELDEFINESBYPROPERTIES('3aelF0yowLk0TFXq2sLEXo',#6,$,$,(#5350),#5359);
#5361=IFCCARTESIANPOINT((16597.710344162333,5575.3721975168419,-1500.));
#5362=IFCAXIS2PLACEMENT3D(#5361,$,$);
#5363=IFCLOCALPLACEMENT(#24,#5362);
#5364=IFCPRODUCTDEFINITIONSHAPE($,$,(#5375));
#5365=IFCCOLOURRGBLIST(((1.,1.,0.)));
#5366=IFCINDEXEDPOLYGONALFACE((1,2,3));
#5367=IFCINDEXEDPOLYGONALFACE((2,1,4,5));
#5368=IFCINDEXEDPOLYGONALFACE((3,2,5,6));
#5369=IFCINDEXEDPOLYGONALFACE((1,3,6,4));
#5370=IFCINDEXEDPOLYGONALFACE((4,6,5));
#5371=IFCCARTESIANPOINTLIST3D(((1291.9483760425028,358.36794954529887,1.1368683772161603E-012),(933.58042649720664,1291.9483760424955,0.),(1291.9483760425028,358.36794954529887,10499.999999999984),(358.36794954529978,9.0949470177292824E-013,1.1368683772161603E-012),(7.2759576141834259E-012,933.58042649719664,0.),(358.36794954529978,9.0949470177292824E-013,10499.999999999984)));
#5372=IFCPOLYGONALFACESET(#5371,.T.,(#5366,#5367,#5368,#5369,#5370),$);
#5373=IFCINDEXEDCOLOURMAP(#5372,1.,#5365,(1,1,1,1,1));
#5374=IFCSTYLEDITEM(#5372,(#2306),$);
#5375=IFCSHAPEREPRESENTATION(#15,'Body','Tessellation',(#5372));
#5376=IFCWALL('07H4IE3N17quz_RDvElapV',#6,'big_column:big_column:1738268',$,$,#5363,#5364,'1738268',.NOTDEFINED.);
#5377=IFCWALLTYPE('07H4IE3N17quz_RDvElap8',#6,'big_column:big_column',$,$,(#5389),$,'1738251',$,.NOTDEFINED.);
#5378=IFCPROPERTYSINGLEVALUE('Reference',$,IFCIDENTIFIER('big_column'),$);
#5379=IFCPROPERTYSET('34_rJItiUrFPlYYzqan_jJ',#6,'Pset_EnvironmentalImpactIndicators',$,(#5378));
#5380=IFCPROPERTYSINGLEVALUE('Reference',$,IFCLABEL('big_column'),$);
#5381=IFCPROPERTYSET('1HFwBgFpe4xaX5MTH$uHrX',#6,'Pset_ReinforcementBarPitchOfWall',$,(#5380));
#5382=IFCPROPERTYSET('3XwFUbOMhdG9A7tmfeg4pM',#6,'Pset_WallCommon',$,(#1425,#5324,#5378));
#5383=IFCRELDEFINESBYPROPERTIES('3iayHthltkvTyRxfxo3_IW',#6,$,$,(#5376),#5379);
#5384=IFCRELDEFINESBYPROPERTIES('3pSlfp7rpTmS3XO24M3JZg',#6,$,$,(#5376),#5381);
#5385=IFCRELDEFINESBYPROPERTIES('2Geiv0vqyI6UIFAsh$zEqR',#6,$,$,(#5376),#5382);
#5386=IFCQUANTITYVOLUME('NetVolume','',$,5.2499999999999556,$);
#5387=IFCELEMENTQUANTITY('2I_RydDD12JomAfzX38AUp',#6,'Qto_WallBaseQuantities',$,'BaseQuantities',(#5386));
#5388=IFCRELDEFINESBYPROPERTIES('3C6gGIZ5gcwVrzF$3MzsaK',#6,$,$,(#5376),#5387);
#5389=IFCPROPERTYSET('0jsBoFzkbRSlHKfLAykyQ0',#6,'Pset_WallCommon',$,(#5324));
#5390=IFCAXIS2PLACEMENT3D(#10,$,$);
#5392=IFCCARTESIANPOINTLIST2D(((-2681.6986091923918,-3333.4222916237973),(-1581.1208807055989,-3333.4222916237977),(-1581.1208807056034,-1739.0159152040524),(-1466.2185057651564,-1487.0059545180229),(-1317.6291654648824,-1224.8953715276957),(-1138.4859275036342,-958.21087628800626),(-932.56610114995703,-692.57562168549691),(-704.21159111381951,-433.59063693389874),(-458.23734668994041,-186.71672755649288),(-199.82983656036222,42.840667957018987),(65.562310042889465,250.24123697410067),(332.34318993880589,431.11185271326843),(464.49442830538692,510.38249828691738),(1203.6364494117042,876.6752951059658),(2018.8791192943568,1002.694061840552),(3180.9937422879216,521.33042396454789),(3662.3573801639632,-640.78419902901101),(3662.3573801639609,-3333.4222916237732),(4375.5895701450654,-3333.422291623775),(4375.58957014508,2266.5777083761523),(2118.3013908076423,2266.5777083761518),(2118.3013908076423,2085.1893354597933),(1818.3013908076416,2085.1893354597946),(1818.3013908076416,1865.1893354597946),(1518.3013908076389,1865.1893354597955),(1518.3013908076391,1645.1893354597946),(1218.3013908076362,1645.1893354597967),(1218.3013908076362,1425.1893354597964),(918.30139080763536,1425.1893354597976),(918.30139080763547,1205.1893354597976),(618.30139080763252,1205.1893354597987),(618.30139080763252,985.18933545979826),(318.30139080762956,985.18933545979939),(318.30139080762967,765.18933545979962),(18.301390807628962,765.18933545980053),(18.301390807629016,545.18933545980076),(-281.69860919237391,545.18933545980178),(-281.69860919237385,325.18933545980195),(-581.69860919237681,325.18933545980298),(-581.69860919237669,105.18933545980262),(-881.69860919237749,105.18933545980362),(-881.69860919237749,-114.81066454019673),(-1181.6986091923804,-114.81066454019572),(-1181.6986091923802,-334.81066454019549),(-1481.6986091923834,-334.81066454019447),(-1481.6986091923832,-554.81066454019424),(-1781.6986091923839,-554.81066454019322),(-1781.6986091923839,-774.81066454019356),(-2081.6986091923868,-774.81066454019265),(-2081.6986091923868,-994.81066454019276),(-2381.6986091923895,-994.81066454019162),(-2381.6986091923895,-1214.8106645401917),(-2681.69860919239,-1214.8106645401908)));
#5393=IFCINDEXEDPOLYCURVE(#5392,(IFCLINEINDEX((1,2,3,4,5,6,7,8,9,10,11,12,13)),IFCARCINDEX((13,14,15)),IFCARCINDEX((15,16,17)),IFCLINEINDEX((17,18,19,20,21,22,23,24,25,26,27,28,29,30,31,32,33,34,35,36,37,38,39,40,41,42,43,44,45,46,47,48,49,50,51,52,53,1))),.F.);
#5394=IFCARBITRARYCLOSEDPROFILEDEF(.AREA.,'StairsCastelnuovo',#5393);
#5395=IFCCARTESIANPOINT((12999.608790458553,4056.7600105165798,1833.4222916237711));
#5396=IFCDIRECTION((-0.3583679495453001,0.93358042649720185,0.));
#5397=IFCDIRECTION((-0.93358042649720185,-0.3583679495453001,-0.));
#5398=IFCAXIS2PLACEMENT3D(#5395,#5396,#5397);
#5399=IFCEXTRUDEDAREASOLID(#5394,#5398,#49,1151.8105581162097);
#5400=IFCCOLOURRGB($,0.41568627450980394,0.10196078431372549,0.84313725490196079);
#5401=IFCSURFACESTYLERENDERING(#5400,0.,$,$,$,$,IFCNORMALISEDRATIOMEASURE(0.5),IFCSPECULAREXPONENT(64.),.NOTDEFINED.);
#5402=IFCSURFACESTYLE('StoneStairs',.BOTH.,(#5401));
#5403=IFCSTYLEDITEM(#5399,(#5402),$);
#5404=IFCSHAPEREPRESENTATION(#15,'Body','SweptSolid',(#5399));
#5406=IFCPRODUCTDEFINITIONSHAPE($,$,(#5404));
#5407=IFCAXIS2PLACEMENT3D(#10,$,$);
#5408=IFCLOCALPLACEMENT(#24,#8202);
#5409=IFCSTAIR('0DMSD0RDPERO_jE_YMCqxm',#6,'StairsCastelnuovo:StairsCastelnuovo:1746094',$,$,#5408,#5406,'1746094',.NOTDEFINED.);
#5410=IFCSTAIRTYPE('0DMSD0RDPERO_jE_YMCqxo',#6,'StairsCastelnuovo:StairsCastelnuovo',$,$,(#5420),$,'1746092',$,.NOTDEFINED.);
#5411=IFCMATERIAL('StoneStairs',$,$);
#5412=IFCPROPERTYSINGLEVALUE('Reference',$,IFCIDENTIFIER('StairsCastelnuovo'),$);
#5413=IFCPROPERTYSET('2w2hSIP0Nd8oIQL1ee9FeL',#6,'Pset_EnvironmentalImpactIndicators',$,(#5412));
#5414=IFCPROPERTYSET('3GVCxXz04moo_mr44y1pBJ',#6,'Pset_StairCommon',$,(#1425,#5412));
#5415=IFCRELDEFINESBYPROPERTIES('2NdzQxkpEBoz9LjooN0auN',#6,$,$,(#5409),#5413);
#5416=IFCRELDEFINESBYPROPERTIES('0WGtB8ERnCewzm3$hfyGs7',#6,$,$,(#5409),#5414);
#5417=IFCPROPERTYSINGLEVALUE('NumberOfRiser',$,IFCCOUNTMEASURE(0.),$);
#5418=IFCPROPERTYSINGLEVALUE('NumberOfTreads',$,IFCCOUNTMEASURE(0.),$);
#5419=IFCPROPERTYSINGLEVALUE('NosingLength',$,IFCLENGTHMEASURE(0.),$);
#5420=IFCPROPERTYSET('3Q8bsYb1DSpbNfThn4pYrl',#6,'Pset_StairCommon',$,(#5417,#5418,#5419));
#5421=IFCAXIS2PLACEMENT3D(#10,$,$);
#5423=IFCCARTESIANPOINTLIST2D(((-870.21395544182678,-438.40260723815828),(-870.21395544182485,-1070.2420361024201),(-77.57957282451477,-1070.2420361024201),(-77.579572824516163,-640.9570852621016),(-36.849935505838836,-445.14660357066333),(78.582432718347846,-281.81866210781226),(451.86687713106289,-10.939039809581502),(879.78604455816367,161.11395308929048),(879.78604455816264,852.99487387893623),(629.78604455816537,852.99487387893646),(629.78604455816503,637.76196035942075),(379.78604455816446,637.76196035942041),(379.7860445581652,422.52904683990477),(129.78604455816682,422.52904683990477),(129.78604455816753,207.296133320389),(-120.21395544183186,207.296133320389),(-120.21395544183115,-7.9367801991267255),(-370.21395544183309,-7.9367801991267255),(-370.21395544182985,-223.16969371864249),(-620.21395544182928,-223.16969371864249),(-620.21395544182849,-438.40260723815828)));
#5424=IFCINDEXEDPOLYCURVE(#5423,(IFCLINEINDEX((1,2,3,4)),IFCARCINDEX((4,5,6)),IFCARCINDEX((6,7,8)),IFCLINEINDEX((8,9,10,11,12,13,14,15,16,17,18,19,20,21,1))),.F.);
#5425=IFCARBITRARYCLOSEDPROFILEDEF(.AREA.,'Stairs_castelnuovo2',#5424);
#5426=IFCCARTESIANPOINT((15258.289225097062,6956.724531437646,-429.75796389761115));
#5427=IFCDIRECTION((-0.98162718344766275,0.1908089953765513,0.));
#5428=IFCDIRECTION((-0.1908089953765513,-0.98162718344766275,-0.));
#5429=IFCAXIS2PLACEMENT3D(#5426,#5427,#5428);
#5430=IFCEXTRUDEDAREASOLID(#5425,#5429,#1408,1097.2050973669313);
#5431=IFCSTYLEDITEM(#5430,(#5402),$);
#5432=IFCSHAPEREPRESENTATION(#15,'Body','SweptSolid',(#5430));
#5434=IFCPRODUCTDEFINITIONSHAPE($,$,(#5432));
#5435=IFCAXIS2PLACEMENT3D(#10,$,$);
#5436=IFCLOCALPLACEMENT(#24,#8203);
#5437=IFCSTAIR('1AbGxiHpn5sOnYo$kgOgNY',#6,'Stairs_castelnuovo2:Stairs_castelnuovo2:1750292',$,$,#5436,#5434,'1750292',.NOTDEFINED.);
#5438=IFCSTAIRTYPE('1AbGxiHpn5sOnYo$kgOgNa',#6,'Stairs_castelnuovo2:Stairs_castelnuovo2',$,$,(#5446),$,'1750290',$,.NOTDEFINED.);
#5439=IFCPROPERTYSINGLEVALUE('Reference',$,IFCIDENTIFIER('Stairs_castelnuovo2'),$);
#5440=IFCPROPERTYSET('36XhzxpB$jKxH2pFri56a1',#6,'Pset_EnvironmentalImpactIndicators',$,(#5439));
#5441=IFCPROPERTYSET('3KgjF$tPyCa7WrJhT3EUXC',#6,'Pset_StairCommon',$,(#1425,#5439));
#5442=IFCRELDEFINESBYPROPERTIES('1Ympv6Sz03mVseZdWw43i8',#6,$,$,(#5437),#5440);
#5443=IFCRELDEFINESBYPROPERTIES('3NmyPgZTLX37pOzrW3MDBi',#6,$,$,(#5437),#5441);
#5444=IFCPROPERTYSINGLEVALUE('NumberOfRiser',$,IFCCOUNTMEASURE(0.),$);
#5445=IFCPROPERTYSINGLEVALUE('NumberOfTreads',$,IFCCOUNTMEASURE(0.),$);
#5446=IFCPROPERTYSET('1LbMY0tEocu5RGN$Ou_BYB',#6,'Pset_StairCommon',$,(#5419,#5444,#5445));
#5447=IFCAXIS2PLACEMENT3D(#10,$,$);
#5449=IFCCARTESIANPOINTLIST2D(((-721.26280853550998,-465.24134695757141),(430.54774958070561,-465.24134695757152),(430.54774958070556,465.24134695756982),(-139.83269062589986,465.24134695757027),(-721.26280853550998,-465.24134695757141)));
#5450=IFCINDEXEDPOLYCURVE(#5449,$,.F.);
#5451=IFCARBITRARYCLOSEDPROFILEDEF(.AREA.,'Stairs3',#5450);
#5452=IFCCARTESIANPOINT((15783.235822683539,5586.4733816251828,-1500.));
#5453=IFCDIRECTION((0.35836794954530043,-0.93358042649720174,0.));
#5454=IFCAXIS2PLACEMENT3D(#5452,#49,#5453);
#5455=IFCEXTRUDEDAREASOLID(#5451,#5454,#49,1923.2369099813441);
#5456=IFCSTYLEDITEM(#5455,(#5402),$);
#5457=IFCSHAPEREPRESENTATION(#15,'Body','SweptSolid',(#5455));
#5459=IFCPRODUCTDEFINITIONSHAPE($,$,(#5457));
#5460=IFCAXIS2PLACEMENT3D(#10,$,$);
#5461=IFCLOCALPLACEMENT(#24,#8204);
#5462=IFCSTAIR('1dGupIgZL6WgUMjgZKGAdD',#6,'Stairs3:Stairs3:1753011',$,$,#5461,#5459,'1753011',.NOTDEFINED.);
#5463=IFCSTAIRTYPE('1dGupIgZL6WgUMjgZKGAdF',#6,'Stairs3:Stairs3',$,$,(#5471),$,'1753009',$,.NOTDEFINED.);
#5464=IFCPROPERTYSINGLEVALUE('Reference',$,IFCIDENTIFIER('Stairs3'),$);
#5465=IFCPROPERTYSET('2QRRIiEtxmhRbEa88h3k8g',#6,'Pset_EnvironmentalImpactIndicators',$,(#5464));
#5466=IFCPROPERTYSET('3L9A3YCZw4Da5IjjC7VY6G',#6,'Pset_StairCommon',$,(#1425,#5464));
#5467=IFCRELDEFINESBYPROPERTIES('18ICjaN$T9RJfCKkEDfDEz',#6,$,$,(#5462),#5465);
#5468=IFCRELDEFINESBYPROPERTIES('295X48GJnPx3Xtz5siTZ41',#6,$,$,(#5462),#5466);
#5469=IFCPROPERTYSINGLEVALUE('NumberOfRiser',$,IFCCOUNTMEASURE(0.),$);
#5470=IFCPROPERTYSINGLEVALUE('NumberOfTreads',$,IFCCOUNTMEASURE(0.),$);
#5471=IFCPROPERTYSET('0m_becLIHNZrSjxJlg13Hi',#6,'Pset_StairCommon',$,(#5419,#5469,#5470));
#5472=IFCCARTESIANPOINTLIST2D(((-250.00000000048493,-750.00000000000659),(250.00000000048493,-750.00000000000659),(250.00000000048493,750.00000000000659),(-250.00000000048493,750.00000000000659),(-250.00000000048493,-750.00000000000659)));
#5473=IFCINDEXEDPOLYCURVE(#5472,$,.F.);
#5474=IFCARBITRARYCLOSEDPROFILEDEF(.AREA.,'DoorV2',#5473);
#5475=IFCCARTESIANPOINT((750.,250.,2000.));
#5476=IFCAXIS2PLACEMENT3D(#5475,#49,#146);
#5477=IFCEXTRUDEDAREASOLID(#5474,#5476,#49,200.);
#5478=IFCCARTESIANPOINTLIST2D(((-250.00000000048493,-99.99999999999838),(250.00000000048493,-99.99999999999838),(250.00000000048493,99.999999999998252),(-250.00000000048493,99.999999999998252),(-250.00000000048493,-99.99999999999838)));
#5479=IFCINDEXEDPOLYCURVE(#5478,$,.F.);
#5480=IFCARBITRARYCLOSEDPROFILEDEF(.AREA.,'DoorV2',#5479);
#5481=IFCCARTESIANPOINT((1400.,250.,0.));
#5482=IFCAXIS2PLACEMENT3D(#5481,#49,#146);
#5483=IFCEXTRUDEDAREASOLID(#5480,#5482,#49,1999.9999999999959);
#5484=IFCCARTESIANPOINTLIST2D(((-250.00000000048493,-100.00000000000122),(250.00000000048493,-100.00000000000122),(250.00000000048493,100.00000000000122),(-250.00000000048493,100.00000000000122),(-250.00000000048493,-100.00000000000122)));
#5485=IFCINDEXEDPOLYCURVE(#5484,$,.F.);
#5486=IFCARBITRARYCLOSEDPROFILEDEF(.AREA.,'DoorV2',#5485);
#5487=IFCCARTESIANPOINT((100.,250.,0.));
#5488=IFCAXIS2PLACEMENT3D(#5487,#49,#146);
#5489=IFCEXTRUDEDAREASOLID(#5486,#5488,#49,2000.0000000000002);
#5490=IFCSTYLEDITEM(#5477,(#2438),$);
#5491=IFCSTYLEDITEM(#5483,(#2438),$);
#5492=IFCSTYLEDITEM(#5489,(#2438),$);
#5493=IFCSHAPEREPRESENTATION(#15,'Body','SweptSolid',(#5477,#5483,#5489));
#5494=IFCAXIS2PLACEMENT3D(#10,$,$);
#5495=IFCREPRESENTATIONMAP(#5494,#5493);
#5496=IFCDOORLININGPROPERTIES('0aLNXoc1TDjApGVJPVMWi8',#6,'DoorV2:DoorV2:1753723',$,$,$,$,$,$,$,$,$,$,$,$,$,$);
#5497=IFCDOORPANELPROPERTIES('0aLNXoc1TDjApGVJLVMWi8',#6,'DoorV2:DoorV2:1753723:1',$,$,.NOTDEFINED.,$,.NOTDEFINED.,$);
#5498=IFCDOORTYPE('0G73GykS2GNlZgY9HPAPB4',#6,'DoorV2:DoorV2',$,$,(#5496,#5497),(#5495),'1721182',$,.DOOR.,.NOTDEFINED.,$,$);
#5499=IFCMAPPEDITEM(#5495,#2557);
#5500=IFCSHAPEREPRESENTATION(#15,'Body','MappedRepresentation',(#5499));
#5501=IFCPRODUCTDEFINITIONSHAPE($,$,(#5500));
#5502=IFCCARTESIANPOINT((18739.674577223959,-12582.347204599384,0.));
#5503=IFCAXIS2PLACEMENT3D(#5502,$,$);
#5505=IFCDOOR('0aLNXoc1TDjApGVJTVMWi8',#6,'DoorV2:DoorV2:1753723',$,$,#7643,#5501,'1753723',2200.0000000000018,1499.9999999999905,.DOOR.,$,$);
#5506=IFCPROPERTYSET('2VOExdF$$dvd74XysQOf4X',#6,'Pset_DoorCommon',$,(#403,#1425));
#5507=IFCPROPERTYSET('1SiQo4gPHjQjgNl8CSBHDm',#6,'Pset_EnvironmentalImpactIndicators',$,(#403));
#5508=IFCRELDEFINESBYPROPERTIES('1frD$C5zkSiuO$v68Fgi3L',#6,$,$,(#5505),#5506);
#5509=IFCRELDEFINESBYPROPERTIES('1v0nYi8QyExsVorRryc8S9',#6,$,$,(#5505),#5507);
#5510=IFCQUANTITYLENGTH('Width','',$,1500.,$);
#5511=IFCQUANTITYLENGTH('Height','',$,2000.0000000000002,$);
#5512=IFCQUANTITYLENGTH('Perimeter','',$,1400.0000000019447,$);
#5513=IFCQUANTITYAREA('Area','',$,4.1500000000059192,$);
#5514=IFCELEMENTQUANTITY('157XQIdKCNELc69WCaiDd6',#6,'Qto_DoorBaseQuantities',$,'BaseQuantities',(#5510,#5511,#5512,#5513));
#5515=IFCRELDEFINESBYPROPERTIES('0OPBiGPmaMtp610loarlji',#6,$,$,(#5505),#5514);
#5516=IFCAXIS2PLACEMENT3D(#10,$,$);
#5517=IFCLOCALPLACEMENT(#28,#5516);
#5518=IFCCARTESIANPOINTLIST2D(((-1410.3603156114038,-3000.0000000000009),(377.37747574240842,-3000.0000000000009),(2443.343155480412,3000.0000000000036),(-1410.3603156114164,2999.9999999999995),(-1410.3603156114038,-3000.0000000000009)));
#5519=IFCINDEXEDPOLYCURVE(#5518,$,.F.);
#5520=IFCARBITRARYCLOSEDPROFILEDEF(.AREA.,$,#5519);
#5521=IFCCARTESIANPOINT((17589.674577223966,-10671.986888987971,0.));
#5522=IFCAXIS2PLACEMENT3D(#5521,#1408,#146);
#5523=IFCEXTRUDEDAREASOLID(#5520,#5522,#49,100.);
#5524=IFCSTYLEDITEM(#5523,(#2083),$);
#5525=IFCSHAPEREPRESENTATION(#15,'Body','SweptSolid',(#5523));
#5526=IFCCARTESIANPOINTLIST2D(((14589.674577223965,-12082.347204599371),(14589.674577223966,-10294.60941324556),(20589.674577223974,-8228.6437335075625),(20589.674577223966,-12082.347204599391),(14589.674577223965,-12082.347204599371)));
#5527=IFCINDEXEDPOLYCURVE(#5526,$,.F.);
#5528=IFCSHAPEREPRESENTATION(#17,'FootPrint','Curve2D',(#5527));
#5529=IFCPRODUCTDEFINITIONSHAPE($,$,(#5525,#5528));
#5530=IFCSLAB('0aLNXoc1TDjApGVJTVMWep',#6,'Floor:Historic_timber_floor:1753920',$,$,#5517,#5529,'1753920',.FLOOR.);
#5531=IFCPROPERTYSET('03Tsn0w6el1K0NzWs3nVCo',#6,'Pset_EnvironmentalImpactIndicators',$,(#2093));
#5532=IFCPROPERTYSINGLEVALUE('Reference',$,IFCLABEL('Historic_timber_floor'),$);
#5533=IFCPROPERTYSET('3pu89LMSqcZ2C8aCoMizgM',#6,'Pset_ReinforcementBarPitchOfSlab',$,(#5532));
#5534=IFCPROPERTYSET('0OO_iMcW2Jha4kZtrj_fOc',#6,'Pset_SlabCommon',$,(#85,#1425,#2093,#2097));
#5535=IFCRELDEFINESBYPROPERTIES('0cH58SDbodKtg6fvNTGx38',#6,$,$,(#5530),#5531);
#5536=IFCRELDEFINESBYPROPERTIES('1QM0tSnPVY6e0_6Mt$DzxR',#6,$,$,(#5530),#5533);
#5537=IFCRELDEFINESBYPROPERTIES('1rEaVA$uIZkoRRPD1AS_ky',#6,$,$,(#5530),#5534);
#5538=IFCQUANTITYLENGTH('Depth','',$,100.,$);
#5539=IFCQUANTITYLENGTH('Perimeter','',$,17987.165349565672,$);
#5540=IFCQUANTITYAREA('GrossArea','',$,16.92432378733692,$);
#5541=IFCQUANTITYAREA('NetArea','',$,16.924323787336924,$);
#5542=IFCQUANTITYVOLUME('GrossVolume','',$,1.6924323787336921,$);
#5543=IFCQUANTITYVOLUME('NetVolume','',$,1.6924323787336926,$);
#5544=IFCELEMENTQUANTITY('3pchUodBaTgOe4ZutyIXEE',#6,'Qto_SlabBaseQuantities',$,'BaseQuantities',(#5538,#5539,#5540,#5541,#5542,#5543));
#5545=IFCRELDEFINESBYPROPERTIES('14TcAb_ARADKB9C3xOWBZV',#6,$,$,(#5530),#5544);
#5546=IFCAXIS2PLACEMENT3D(#10,$,$);
#5547=IFCLOCALPLACEMENT(#32,#5546);
#5548=IFCCARTESIANPOINTLIST2D(((-1410.3603156114038,-3000.0000000000009),(377.37747574240842,-3000.0000000000009),(2443.343155480412,3000.0000000000036),(-1410.3603156114164,2999.9999999999995),(-1410.3603156114038,-3000.0000000000009)));
#5549=IFCINDEXEDPOLYCURVE(#5548,$,.F.);
#5550=IFCARBITRARYCLOSEDPROFILEDEF(.AREA.,$,#5549);
#5551=IFCCARTESIANPOINT((17589.674577223966,-10671.986888987971,0.));
#5552=IFCAXIS2PLACEMENT3D(#5551,#1408,#146);
#5553=IFCEXTRUDEDAREASOLID(#5550,#5552,#49,100.);
#5554=IFCSTYLEDITEM(#5553,(#2083),$);
#5555=IFCSHAPEREPRESENTATION(#15,'Body','SweptSolid',(#5553));
#5556=IFCCARTESIANPOINTLIST2D(((14589.674577223965,-12082.347204599371),(14589.674577223966,-10294.60941324556),(20589.674577223974,-8228.6437335075625),(20589.674577223966,-12082.347204599391),(14589.674577223965,-12082.347204599371)));
#5557=IFCINDEXEDPOLYCURVE(#5556,$,.F.);
#5558=IFCSHAPEREPRESENTATION(#17,'FootPrint','Curve2D',(#5557));
#5559=IFCPRODUCTDEFINITIONSHAPE($,$,(#5555,#5558));
#5560=IFCSLAB('0aLNXoc1TDjApGVJTVMWhK',#6,'Floor:Historic_timber_floor:1754023',$,$,#5547,#5559,'1754023',.FLOOR.);
#5561=IFCPROPERTYSET('017KFXroL_TiCh3lqplATT',#6,'Pset_EnvironmentalImpactIndicators',$,(#2093));
#5562=IFCPROPERTYSINGLEVALUE('Reference',$,IFCLABEL('Historic_timber_floor'),$);
#5563=IFCPROPERTYSET('0jFfPjV4oIHGsg10qj9iqi',#6,'Pset_ReinforcementBarPitchOfSlab',$,(#5562));
#5564=IFCPROPERTYSET('140XqbNXXKWyvtF1oHDqfH',#6,'Pset_SlabCommon',$,(#85,#1425,#2093,#2097));
#5565=IFCRELDEFINESBYPROPERTIES('0Bkwm1y$QTZ6hz_L3R7Fmg',#6,$,$,(#5560),#5561);
#5566=IFCRELDEFINESBYPROPERTIES('3XNdtwDgRNbMd7HhaUVk5D',#6,$,$,(#5560),#5563);
#5567=IFCRELDEFINESBYPROPERTIES('2ZETDAi47HqmO$InsIzzUo',#6,$,$,(#5560),#5564);
#5568=IFCQUANTITYLENGTH('Depth','',$,100.,$);
#5569=IFCQUANTITYLENGTH('Perimeter','',$,17987.165349565672,$);
#5570=IFCQUANTITYAREA('GrossArea','',$,16.92432378733692,$);
#5571=IFCQUANTITYAREA('NetArea','',$,16.924323787336924,$);
#5572=IFCQUANTITYVOLUME('GrossVolume','',$,1.6924323787336921,$);
#5573=IFCQUANTITYVOLUME('NetVolume','',$,1.6924323787336928,$);
#5574=IFCELEMENTQUANTITY('0rYScrmkHe4eaPBK2FYpLr',#6,'Qto_SlabBaseQuantities',$,'BaseQuantities',(#5568,#5569,#5570,#5571,#5572,#5573));
#5575=IFCRELDEFINESBYPROPERTIES('1UMEwYyGj$agGHtt1Q7wJq',#6,$,$,(#5560),#5574);
#5576=IFCAXIS2PLACEMENT3D(#5593,$,$);
#5577=IFCLOCALPLACEMENT(#5794,#7236);
#5593=IFCCARTESIANPOINT((15562.459440830162,-13582.34720459938,-1847.5208614067974));
#5594=IFCCARTESIANPOINT((-1732.0508075688754,-500.));
#5595=IFCDIRECTION((0.,-1.));
#5596=IFCAXIS2PLACEMENT2D(#5594,#5595);
#5597=IFCRECTANGLEPROFILEDEF(.AREA.,$,#5596,999.99999999999352,3464.1016151377489);
#5598=IFCCARTESIANPOINT((3000.,1000.,1847.5208614067981));
#5599=IFCDIRECTION((-0.49999999999999956,0.,0.86602540378443893));
#5600=IFCDIRECTION((0.86602540378443893,0.,0.49999999999999956));
#5601=IFCAXIS2PLACEMENT3D(#5598,#5599,#5600);
#5602=IFCDIRECTION((-0.49999999999999956,0.,-0.86602540378443893));
#5603=IFCEXTRUDEDAREASOLID(#5597,#5601,#5602,115.47005383792512);
#5604=IFCCOLOURRGB($,0.50196078431372548,0.50196078431372548,0.50196078431372548);
#5605=IFCSURFACESTYLERENDERING(#5604,0.,$,$,$,$,IFCNORMALISEDRATIOMEASURE(0.00390625),IFCSPECULAREXPONENT(10.),.NOTDEFINED.);
#5606=IFCSURFACESTYLE('Default Floor',.BOTH.,(#5605));
#5607=IFCSTYLEDITEM(#5603,(#2083),$);
#5608=IFCSHAPEREPRESENTATION(#15,'Body','SweptSolid',(#5603));
#5609=IFCPRODUCTDEFINITIONSHAPE($,$,(#5608,#5612));
#5610=IFCCARTESIANPOINTLIST2D(((4066.6666666666606,999.99999999999136),(4066.6666666666606,-2.1657342585967854E-012),(1066.6666666666624,1.5160139810177497E-011),(1066.6666666666645,1000.0000000000001),(4066.6666666666606,999.99999999999136)));
#5611=IFCINDEXEDPOLYCURVE(#5610,$,.F.);
#5612=IFCSHAPEREPRESENTATION(#17,'FootPrint','Curve2D',(#5611));
#5613=IFCSLAB('0aLNXoc1TDjApGVJTVMWyK',#6,'Floor:Historic_timber_floor:1754727',$,$,#5577,#5609,'1754727',.FLOOR.);
#5614=IFCPROPERTYSET('1GXshTvusYmC8mJXm7NezX',#6,'Pset_EnvironmentalImpactIndicators',$,(#2093));
#5615=IFCPROPERTYSINGLEVALUE('Reference',$,IFCLABEL('Historic_timber_floor'),$);
#5616=IFCPROPERTYSET('3ZdVds_0XhY8$yX6IQKmOD',#6,'Pset_ReinforcementBarPitchOfSlab',$,(#5615));
#5617=IFCPROPERTYSINGLEVALUE('PitchAngle',$,IFCPLANEANGLEMEASURE(30.),$);
#5618=IFCPROPERTYSET('0VWtwOmeqivVFQBYk$6lm9',#6,'Pset_SlabCommon',$,(#85,#1425,#2093,#5617));
#5619=IFCRELDEFINESBYPROPERTIES('1kutxKouVZa1b2ciFVd5Io',#6,$,$,(#5613),#5614);
#5620=IFCRELDEFINESBYPROPERTIES('36Tir4wklQTSQxe_wuKvQF',#6,$,$,(#5613),#5616);
#5621=IFCRELDEFINESBYPROPERTIES('37pfrcLAlbQP63UIYUoP4_',#6,$,$,(#5613),#5618);
#5622=IFCQUANTITYLENGTH('Depth','',$,100.,$);
#5623=IFCQUANTITYLENGTH('Perimeter','',$,7999.99999999997,$);
#5624=IFCQUANTITYAREA('GrossArea','',$,2.999999999999964,$);
#5625=IFCQUANTITYAREA('NetArea','',$,3.4641016151377118,$);
#5626=IFCQUANTITYVOLUME('GrossVolume','',$,0.29999999999999644,$);
#5627=IFCQUANTITYVOLUME('NetVolume','',$,0.34641016151377085,$);
#5628=IFCELEMENTQUANTITY('3zBWEVNa5LuxKvt2ddJxxe',#6,'Qto_SlabBaseQuantities',$,'BaseQuantities',(#5622,#5623,#5624,#5625,#5626,#5627));
#5629=IFCRELDEFINESBYPROPERTIES('0mT2FJaNHYPVot05FTW$pw',#6,$,$,(#5613),#5628);
#5630=IFCAXIS2PLACEMENT3D(#10,$,$);
#5631=IFCLOCALPLACEMENT(#5794,#7238);
#5632=IFCCARTESIANPOINTLIST2D(((-499.99999999999352,-486.39243180310154),(499.99999999999568,-486.39243180310154),(499.99999999999568,486.39243180309938),(-499.99999999999568,486.39243180309938),(-499.99999999999352,-486.39243180310154)));
#5633=IFCINDEXEDPOLYCURVE(#5632,$,.F.);
#5634=IFCARBITRARYCLOSEDPROFILEDEF(.AREA.,$,#5633);
#5635=IFCCARTESIANPOINT((15068.386180118543,-13082.347204599369,-1737.7058873691451));
#5636=IFCAXIS2PLACEMENT3D(#5635,#1408,#146);
#5637=IFCEXTRUDEDAREASOLID(#5634,#5636,#49,100.);
#5638=IFCSTYLEDITEM(#5637,(#2083),$);
#5639=IFCSHAPEREPRESENTATION(#15,'Body','SweptSolid',(#5637));
#5640=IFCCARTESIANPOINTLIST2D(((14581.993748315441,-13582.347204599362),(14581.993748315443,-12582.347204599373),(15554.778611921643,-12582.347204599375),(15554.778611921642,-13582.347204599366),(14581.993748315441,-13582.347204599362)));
#5641=IFCINDEXEDPOLYCURVE(#5640,$,.F.);
#5642=IFCSHAPEREPRESENTATION(#17,'FootPrint','Curve2D',(#5641));
#5643=IFCPRODUCTDEFINITIONSHAPE($,$,(#5639,#5642));
#5644=IFCSLAB('0aLNXoc1TDjApGVJTVMWvH',#6,'Floor:Historic_timber_floor:1754914',$,$,#5631,#5643,'1754914',.FLOOR.);
#5645=IFCPROPERTYSET('0XF71wLQVtE2AbpKX_29ff',#6,'Pset_EnvironmentalImpactIndicators',$,(#2093));
#5646=IFCPROPERTYSINGLEVALUE('Reference',$,IFCLABEL('Historic_timber_floor'),$);
#5647=IFCPROPERTYSET('3JTFHlByJ2b3zxdrnspzLZ',#6,'Pset_ReinforcementBarPitchOfSlab',$,(#5646));
#5648=IFCPROPERTYSET('3vse92080vk6WpKzZVtaEx',#6,'Pset_SlabCommon',$,(#85,#1425,#2093,#2097));
#5649=IFCRELDEFINESBYPROPERTIES('1SGxUjo24qwjj7ED2gHgE$',#6,$,$,(#5644),#5645);
#5650=IFCRELDEFINESBYPROPERTIES('2IgCLx35Eiui2W8IApFbsE',#6,$,$,(#5644),#5647);
#5651=IFCRELDEFINESBYPROPERTIES('2K$mkzilaRKlcdi6bwdkjr',#6,$,$,(#5644),#5648);
#5652=IFCQUANTITYLENGTH('Width','',$,972.78486360620093,$);
#5653=IFCQUANTITYLENGTH('Length','',$,999.99999999999136,$);
#5654=IFCQUANTITYLENGTH('Depth','',$,100.,$);
#5655=IFCQUANTITYLENGTH('Perimeter','',$,3945.5697272123825,$);
#5656=IFCQUANTITYAREA('GrossArea','',$,0.97278486360619143,$);
#5657=IFCQUANTITYAREA('NetArea','',$,0.97278486360619176,$);
#5658=IFCQUANTITYVOLUME('GrossVolume','',$,0.097278486360619157,$);
#5659=IFCQUANTITYVOLUME('NetVolume','',$,0.097278486360619157,$);
#5660=IFCELEMENTQUANTITY('1jZrujSgzCfTMNNlbnwRdD',#6,'Qto_SlabBaseQuantities',$,'BaseQuantities',(#5652,#5653,#5654,#5655,#5656,#5657,#5658,#5659));
#5661=IFCRELDEFINESBYPROPERTIES('3a3JzXgrjzo9gyfkTOuVsX',#6,$,$,(#5644),#5660);
#5662=IFCAXIS2PLACEMENT3D(#5680,$,$);
#5663=IFCLOCALPLACEMENT(#5794,#7240);
#5680=IFCCARTESIANPOINT((14589.674577223961,-15382.347204599371,-2892.4005383792592));
#5681=IFCCARTESIANPOINT((486.39243180309722,-1039.2304845413348));
#5682=IFCDIRECTION((1.,0.));
#5683=IFCAXIS2PLACEMENT2D(#5681,#5682);
#5684=IFCRECTANGLEPROFILEDEF(.AREA.,$,#5683,972.78486360619445,2078.4609690826696);
#5685=IFCCARTESIANPOINT((0.,1800.,1154.7005383792584));
#5686=IFCDIRECTION((0.,-0.49999999999999956,0.86602540378443893));
#5687=IFCAXIS2PLACEMENT3D(#5685,#5686,#1561);
#5688=IFCDIRECTION((-0.,-0.49999999999999956,-0.86602540378443893));
#5689=IFCEXTRUDEDAREASOLID(#5684,#5687,#5688,115.47005383792512);
#5690=IFCSTYLEDITEM(#5689,(#2083),$);
#5691=IFCSHAPEREPRESENTATION(#15,'Body','SweptSolid',(#5689));
#5692=IFCPRODUCTDEFINITIONSHAPE($,$,(#5691,#5695));
#5693=IFCCARTESIANPOINTLIST2D(((0.,1669.9282294374827),(0.,3469.928229437498),(972.78486360619445,3469.928229437498),(972.78486360619445,1669.9282294374827),(0.,1669.9282294374827)));
#5694=IFCINDEXEDPOLYCURVE(#5693,$,.F.);
#5695=IFCSHAPEREPRESENTATION(#17,'FootPrint','Curve2D',(#5694));
#5696=IFCSLAB('1TbC1n9qrBqe291LaEWwhn',#6,'Floor:Historic_timber_floor:1755403',$,$,#5663,#5692,'1755403',.FLOOR.);
#5697=IFCPROPERTYSET('28DhlhznUrZhLlHxYRcu3B',#6,'Pset_EnvironmentalImpactIndicators',$,(#2093));
#5698=IFCPROPERTYSINGLEVALUE('Reference',$,IFCLABEL('Historic_timber_floor'),$);
#5699=IFCPROPERTYSET('0k46ZAHhctX0$6dddz4HrZ',#6,'Pset_ReinforcementBarPitchOfSlab',$,(#5698));
#5700=IFCPROPERTYSET('3Tb3gUPNhV5iswpUwHMKU9',#6,'Pset_SlabCommon',$,(#85,#1425,#2093,#5617));
#5701=IFCRELDEFINESBYPROPERTIES('3sbbMXlLlkcwZ$fQY1Uh3F',#6,$,$,(#5696),#5697);
#5702=IFCRELDEFINESBYPROPERTIES('0k2ZAgZj83Ofs4KRfI_XWt',#6,$,$,(#5696),#5699);
#5703=IFCRELDEFINESBYPROPERTIES('22EvZYUeWbwzx6bFTb7AEI',#6,$,$,(#5696),#5700);
#5704=IFCQUANTITYLENGTH('Depth','',$,100.,$);
#5705=IFCQUANTITYLENGTH('Perimeter','',$,5545.5697272124198,$);
#5706=IFCQUANTITYAREA('GrossArea','',$,1.7510127544911647,$);
#5707=IFCQUANTITYAREA('NetArea','',$,2.0218953703198839,$);
#5708=IFCQUANTITYVOLUME('GrossVolume','',$,0.17510127544911649,$);
#5709=IFCQUANTITYVOLUME('NetVolume','',$,0.20218953703198833,$);
#5710=IFCELEMENTQUANTITY('2Sm2KIoDGXvohD9$XELhFy',#6,'Qto_SlabBaseQuantities',$,'BaseQuantities',(#5704,#5705,#5706,#5707,#5708,#5709));
#5711=IFCRELDEFINESBYPROPERTIES('31krvSr0tbiy4FxX1B6Jhm',#6,$,$,(#5696),#5710);
#5712=IFCAXIS2PLACEMENT3D(#10,$,$);
#5713=IFCLOCALPLACEMENT(#5794,#7241);
#5714=IFCCARTESIANPOINTLIST2D(((-535.34549644676895,-486.39243180309398),(535.34549644677111,-486.39243180309398),(535.34549644677111,486.39243180309398),(-535.34549644676895,486.39243180309398),(-535.34549644676895,-486.39243180309398)));
#5715=IFCINDEXEDPOLYCURVE(#5714,$,.F.);
#5716=IFCARBITRARYCLOSEDPROFILEDEF(.AREA.,$,#5715);
#5717=IFCCARTESIANPOINT((15076.067009027054,-15917.692701046142,1323.0695154586647));
#5718=IFCAXIS2PLACEMENT3D(#5717,#1408,#146);
#5719=IFCEXTRUDEDAREASOLID(#5716,#5718,#49,100.);
#5720=IFCSTYLEDITEM(#5719,(#2083),$);
#5721=IFCSHAPEREPRESENTATION(#15,'Body','SweptSolid',(#5719));
#5722=IFCCARTESIANPOINTLIST2D(((14589.674577223961,-16453.038197492911),(14589.674577223961,-15382.347204599371),(15562.459440830149,-15382.347204599371),(15562.459440830149,-16453.038197492911),(14589.674577223961,-16453.038197492911)));
#5723=IFCINDEXEDPOLYCURVE(#5722,$,.F.);
#5724=IFCSHAPEREPRESENTATION(#17,'FootPrint','Curve2D',(#5723));
#5725=IFCPRODUCTDEFINITIONSHAPE($,$,(#5721,#5724));
#5726=IFCSLAB('0ea1Xu0hL5yfwWWtm$G$jn',#6,'Floor:Historic_timber_floor:1755709',$,$,#5713,#5725,'1755709',.FLOOR.);
#5727=IFCPROPERTYSET('3OdeBM4RStxjSw6vgL_XUp',#6,'Pset_EnvironmentalImpactIndicators',$,(#2093));
#5728=IFCPROPERTYSINGLEVALUE('Reference',$,IFCLABEL('Historic_timber_floor'),$);
#5729=IFCPROPERTYSET('1H2o7TXS$Jk3Y6dYtKc2Sg',#6,'Pset_ReinforcementBarPitchOfSlab',$,(#5728));
#5730=IFCPROPERTYSET('31Q4qhYH5pYx4LmLmHEWnl',#6,'Pset_SlabCommon',$,(#85,#1425,#2093,#2097));
#5731=IFCRELDEFINESBYPROPERTIES('2vQvYk1lYrhiDDI7mz86Gh',#6,$,$,(#5726),#5727);
#5732=IFCRELDEFINESBYPROPERTIES('14s6pB7qAVneLFHv0lva9L',#6,$,$,(#5726),#5729);
#5733=IFCRELDEFINESBYPROPERTIES('1EX9FaWJ1UZY$sYrCrr6_J',#6,$,$,(#5726),#5730);
#5734=IFCQUANTITYLENGTH('Width','',$,972.78486360618797,$);
#5735=IFCQUANTITYLENGTH('Length','',$,1070.6909928935399,$);
#5736=IFCQUANTITYLENGTH('Depth','',$,100.,$);
#5737=IFCQUANTITYLENGTH('Perimeter','',$,4086.951712999456,$);
#5738=IFCQUANTITYAREA('GrossArea','',$,1.0415519914863163,$);
#5739=IFCQUANTITYAREA('NetArea','',$,1.0415519914863163,$);
#5740=IFCQUANTITYVOLUME('GrossVolume','',$,0.10415519914863164,$);
#5741=IFCQUANTITYVOLUME('NetVolume','',$,0.10415519914863162,$);
#5742=IFCELEMENTQUANTITY('2FQQE0FUs_BuU1_O4rufOO',#6,'Qto_SlabBaseQuantities',$,'BaseQuantities',(#5734,#5735,#5736,#5737,#5738,#5739,#5740,#5741));
#5743=IFCRELDEFINESBYPROPERTIES('1bd3yQ3X_et3mz3YLGpH6h',#6,$,$,(#5726),#5742);
#5744=IFCAXIS2PLACEMENT3D(#5761,$,$);
#5745=IFCLOCALPLACEMENT(#5794,#7243);
#5761=IFCCARTESIANPOINT((15562.459440830155,-16453.038197492911,499.06647227019727));
#5762=IFCCARTESIANPOINT((708.53298935054556,535.34549644676997));
#5763=IFCAXIS2PLACEMENT2D(#5762,#5595);
#5764=IFCRECTANGLEPROFILEDEF(.AREA.,$,#5763,1070.6909928935399,1417.0659787010911);
#5765=IFCCARTESIANPOINT((0.,0.,824.00304318846997));
#5766=IFCDIRECTION((0.49999999999999956,0.,0.86602540378443893));
#5767=IFCDIRECTION((0.86602540378443893,0.,-0.49999999999999956));
#5768=IFCAXIS2PLACEMENT3D(#5765,#5766,#5767);
#5769=IFCDIRECTION((0.49999999999999956,0.,-0.86602540378443893));
#5770=IFCEXTRUDEDAREASOLID(#5764,#5768,#5769,115.47005383792512);
#5771=IFCSTYLEDITEM(#5770,(#2083),$);
#5772=IFCSHAPEREPRESENTATION(#15,'Body','SweptSolid',(#5770));
#5773=IFCPRODUCTDEFINITIONSHAPE($,$,(#5772,#5776));
#5774=IFCCARTESIANPOINTLIST2D(((1515.3512985025193,1070.6909928935399),(1515.3512985025193,0.),(288.13616210871567,0.),(288.13616210871567,1070.6909928935399),(1515.3512985025193,1070.6909928935399)));
#5775=IFCINDEXEDPOLYCURVE(#5774,$,.F.);
#5776=IFCSHAPEREPRESENTATION(#17,'FootPrint','Curve2D',(#5775));
#5777=IFCSLAB('0ea1Xu0hL5yfwWWtm$G$iY',#6,'Floor:Historic_timber_floor:1755758',$,$,#5745,#5773,'1755758',.FLOOR.);
#5778=IFCPROPERTYSET('3QtsfzmMQUOIT9izrjpBGt',#6,'Pset_EnvironmentalImpactIndicators',$,(#2093));
#5779=IFCPROPERTYSINGLEVALUE('Reference',$,IFCLABEL('Historic_timber_floor'),$);
#5780=IFCPROPERTYSET('2Hl8qD0ghjpuLj2JEqoIcI',#6,'Pset_ReinforcementBarPitchOfSlab',$,(#5779));
#5781=IFCPROPERTYSET('3AFuzrMmNaxWRQCvzqkjan',#6,'Pset_SlabCommon',$,(#85,#1425,#2093,#5617));
#5782=IFCRELDEFINESBYPROPERTIES('0YPPltNftGa2$gFJ5L4TnZ',#6,$,$,(#5777),#5778);
#5783=IFCRELDEFINESBYPROPERTIES('1t7vUvk0VS5r_WkQ3ryKQu',#6,$,$,(#5777),#5780);
#5784=IFCRELDEFINESBYPROPERTIES('2r9V9XGF1toBaerFgFRDTI',#6,$,$,(#5777),#5781);
#5785=IFCQUANTITYLENGTH('Depth','',$,100.,$);
#5786=IFCQUANTITYLENGTH('Perimeter','',$,4595.8122585746869,$);
#5787=IFCQUANTITYAREA('GrossArea','',$,1.3139681928794626,$);
#5788=IFCQUANTITYAREA('NetArea','',$,1.5172397797311274,$);
#5789=IFCQUANTITYVOLUME('GrossVolume','',$,0.13139681928794628,$);
#5790=IFCQUANTITYVOLUME('NetVolume','',$,0.15172397797311268,$);
#5791=IFCELEMENTQUANTITY('0vVAjIoY1FW09BjIO74XUZ',#6,'Qto_SlabBaseQuantities',$,'BaseQuantities',(#5785,#5786,#5787,#5788,#5789,#5790));
#5792=IFCRELDEFINESBYPROPERTIES('1AD1xlOkvK0MBjtijKCI5x',#6,$,$,(#5777),#5791);
#5793=IFCAXIS2PLACEMENT3D(#10,$,$);
#5794=IFCLOCALPLACEMENT(#24,#5793);
#5795=IFCELEMENTASSEMBLY('2Sp0MWkir5FwmZLgiNIsog',#6,'Floors Assembly:Stairs_first_floors_417:1756112',$,$,#5794,$,'1756112',.NOTDEFINED.,.NOTDEFINED.);
#5796=IFCELEMENTASSEMBLYTYPE('2Sp0MWkir5FwmZLgiNIsoh',#6,'Floors Assembly:Stairs_first_floors_417',$,$,$,$,'1756113',$,.NOTDEFINED.);
#5797=IFCPROPERTYSINGLEVALUE('Reference',$,IFCIDENTIFIER('Stairs_first_floors_417'),$);
#5798=IFCPROPERTYSET('3_avjb7SLTZzoIqxADRi4y',#6,'Pset_ElementAssemblyCommon',$,(#5797));
#5799=IFCPROPERTYSET('043fHusujUtjFhYtyfCC8D',#6,'Pset_EnvironmentalImpactIndicators',$,(#5797));
#5800=IFCRELDEFINESBYPROPERTIES('0zdgM4h68a_XdLjbM8N7Kk',#6,$,$,(#5795),#5798);
#5801=IFCRELDEFINESBYPROPERTIES('3B2vCTgv5eM4C604xV3phq',#6,$,$,(#5795),#5799);
#5802=IFCAXIS2PLACEMENT3D(#5819,$,$);
#5803=IFCLOCALPLACEMENT(#32,#5802);
#5819=IFCCARTESIANPOINT((15562.459440830162,-13582.34720459938,-1846.6208614067982));
#5820=IFCCARTESIANPOINT((-1732.0508075688756,-500.));
#5821=IFCAXIS2PLACEMENT2D(#5820,#5595);
#5822=IFCRECTANGLEPROFILEDEF(.AREA.,$,#5821,999.99999999999352,3464.1016151377494);
#5823=IFCCARTESIANPOINT((3000.,1000.,1847.5208614067981));
#5824=IFCDIRECTION((-0.49999999999999956,0.,0.86602540378443893));
#5825=IFCDIRECTION((0.86602540378443893,0.,0.49999999999999956));
#5826=IFCAXIS2PLACEMENT3D(#5823,#5824,#5825);
#5827=IFCDIRECTION((-0.49999999999999956,0.,-0.86602540378443893));
#5828=IFCEXTRUDEDAREASOLID(#5822,#5826,#5827,115.47005383792512);
#5829=IFCSTYLEDITEM(#5828,(#2083),$);
#5830=IFCSHAPEREPRESENTATION(#15,'Body','SweptSolid',(#5828));
#5831=IFCPRODUCTDEFINITIONSHAPE($,$,(#5830,#5834));
#5832=IFCCARTESIANPOINTLIST2D(((4066.1470514244866,999.99999999999136),(4066.1470514244866,-2.1657342585967854E-012),(1066.1470514244886,1.5160139810177497E-011),(1066.1470514244907,1000.0000000000001),(4066.1470514244866,999.99999999999136)));
#5833=IFCINDEXEDPOLYCURVE(#5832,$,.F.);
#5834=IFCSHAPEREPRESENTATION(#17,'FootPrint','Curve2D',(#5833));
#5835=IFCSLAB('2V0b55YKLC69NBLE4qT53m',#6,'Floor:Historic_timber_floor:1756699',$,$,#5803,#5831,'1756699',.FLOOR.);
#5836=IFCPROPERTYSET('1CmrfEZcJD0Td3AXL_iSm2',#6,'Pset_EnvironmentalImpactIndicators',$,(#2093));
#5837=IFCPROPERTYSINGLEVALUE('Reference',$,IFCLABEL('Historic_timber_floor'),$);
#5838=IFCPROPERTYSET('2gSmSaACVd1gZFYMkOymdz',#6,'Pset_ReinforcementBarPitchOfSlab',$,(#5837));
#5839=IFCPROPERTYSET('0xyVTnsiKIryfdWAOwgpu5',#6,'Pset_SlabCommon',$,(#85,#1425,#2093,#5617));
#5840=IFCRELDEFINESBYPROPERTIES('1SXNZutVTAxlBCmi_avgKe',#6,$,$,(#5835),#5836);
#5841=IFCRELDEFINESBYPROPERTIES('3SPJf1_UzvVYPRQ$6s1vEO',#6,$,$,(#5835),#5838);
#5842=IFCRELDEFINESBYPROPERTIES('0j_goJznNAUQi5g23a61Rq',#6,$,$,(#5835),#5839);
#5843=IFCQUANTITYLENGTH('Depth','',$,100.,$);
#5844=IFCQUANTITYLENGTH('Perimeter','',$,7999.99999999997,$);
#5845=IFCQUANTITYAREA('GrossArea','',$,2.999999999999964,$);
#5846=IFCQUANTITYAREA('NetArea','',$,3.4641016151377118,$);
#5847=IFCQUANTITYVOLUME('GrossVolume','',$,0.29999999999999644,$);
#5848=IFCQUANTITYVOLUME('NetVolume','',$,0.34641016151377102,$);
#5849=IFCELEMENTQUANTITY('21PHrX2Qdy8fozpmkgXi8U',#6,'Qto_SlabBaseQuantities',$,'BaseQuantities',(#5843,#5844,#5845,#5846,#5847,#5848));
#5850=IFCRELDEFINESBYPROPERTIES('3N_yB$$lqnCSi6HVwSiJC_',#6,$,$,(#5835),#5849);
#5851=IFCAXIS2PLACEMENT3D(#10,$,$);
#5852=IFCLOCALPLACEMENT(#32,#5851);
#5853=IFCCARTESIANPOINTLIST2D(((-499.99999999999352,-486.39243180310154),(499.99999999999568,-486.39243180310154),(499.99999999999568,486.39243180309938),(-499.99999999999568,486.39243180309938),(-499.99999999999352,-486.39243180310154)));
#5854=IFCINDEXEDPOLYCURVE(#5853,$,.F.);
#5855=IFCARBITRARYCLOSEDPROFILEDEF(.AREA.,$,#5854);
#5856=IFCCARTESIANPOINT((15068.386180118543,-13082.347204599369,-1737.6782470086553));
#5857=IFCAXIS2PLACEMENT3D(#5856,#1408,#146);
#5858=IFCEXTRUDEDAREASOLID(#5855,#5857,#49,100.);
#5859=IFCSTYLEDITEM(#5858,(#2083),$);
#5860=IFCSHAPEREPRESENTATION(#15,'Body','SweptSolid',(#5858));
#5861=IFCCARTESIANPOINTLIST2D(((14581.993748315441,-13582.347204599362),(14581.993748315443,-12582.347204599373),(15554.778611921643,-12582.347204599375),(15554.778611921642,-13582.347204599366),(14581.993748315441,-13582.347204599362)));
#5862=IFCINDEXEDPOLYCURVE(#5861,$,.F.);
#5863=IFCSHAPEREPRESENTATION(#17,'FootPrint','Curve2D',(#5862));
#5864=IFCPRODUCTDEFINITIONSHAPE($,$,(#5860,#5863));
#5865=IFCSLAB('2V0b55YKLC69NBLE4qT53A',#6,'Floor:Historic_timber_floor:1756705',$,$,#5852,#5864,'1756705',.FLOOR.);
#5866=IFCPROPERTYSET('0OmqcCHNpg79yma36v4ed2',#6,'Pset_EnvironmentalImpactIndicators',$,(#2093));
#5867=IFCPROPERTYSINGLEVALUE('Reference',$,IFCLABEL('Historic_timber_floor'),$);
#5868=IFCPROPERTYSET('0IzYzt6iLkP_wHHoZ3Zfkh',#6,'Pset_ReinforcementBarPitchOfSlab',$,(#5867));
#5869=IFCPROPERTYSET('0o1AOD6LBmLUWYsgthS$2x',#6,'Pset_SlabCommon',$,(#85,#1425,#2093,#2097));
#5870=IFCRELDEFINESBYPROPERTIES('1mheapLKS15sFzq465W3o1',#6,$,$,(#5865),#5866);
#5871=IFCRELDEFINESBYPROPERTIES('0WqkHpXlLRCW5KYP11g82R',#6,$,$,(#5865),#5868);
#5872=IFCRELDEFINESBYPROPERTIES('0c_DijrVAg0S8CcotNNcMY',#6,$,$,(#5865),#5869);
#5873=IFCQUANTITYLENGTH('Width','',$,972.78486360620093,$);
#5874=IFCQUANTITYLENGTH('Length','',$,999.99999999999136,$);
#5875=IFCQUANTITYLENGTH('Depth','',$,100.,$);
#5876=IFCQUANTITYLENGTH('Perimeter','',$,3945.5697272123825,$);
#5877=IFCQUANTITYAREA('GrossArea','',$,0.97278486360619143,$);
#5878=IFCQUANTITYAREA('NetArea','',$,0.97278486360619176,$);
#5879=IFCQUANTITYVOLUME('GrossVolume','',$,0.097278486360619157,$);
#5880=IFCQUANTITYVOLUME('NetVolume','',$,0.097278486360619157,$);
#5881=IFCELEMENTQUANTITY('1f3Hauzh7VJryM9lOTQJdd',#6,'Qto_SlabBaseQuantities',$,'BaseQuantities',(#5873,#5874,#5875,#5876,#5877,#5878,#5879,#5880));
#5882=IFCRELDEFINESBYPROPERTIES('1_He9rjol5Bp9CSPc8ClhH',#6,$,$,(#5865),#5881);
#5883=IFCAXIS2PLACEMENT3D(#5901,$,$);
#5884=IFCLOCALPLACEMENT(#32,#5883);
#5901=IFCCARTESIANPOINT((14589.674577223961,-15382.347204599371,-2892.3787853879076));
#5902=IFCCARTESIANPOINT((486.39243180309722,-1039.2304845413348));
#5903=IFCAXIS2PLACEMENT2D(#5902,#5682);
#5904=IFCRECTANGLEPROFILEDEF(.AREA.,$,#5903,972.78486360619445,2078.4609690826696);
#5905=IFCCARTESIANPOINT((0.,1800.,1154.7005383792584));
#5906=IFCDIRECTION((0.,-0.49999999999999956,0.86602540378443893));
#5907=IFCAXIS2PLACEMENT3D(#5905,#5906,#1561);
#5908=IFCDIRECTION((-0.,-0.49999999999999956,-0.86602540378443893));
#5909=IFCEXTRUDEDAREASOLID(#5904,#5907,#5908,115.47005383792512);
#5910=IFCSTYLEDITEM(#5909,(#2083),$);
#5911=IFCSHAPEREPRESENTATION(#15,'Body','SweptSolid',(#5909));
#5912=IFCPRODUCTDEFINITIONSHAPE($,$,(#5911,#5915));
#5913=IFCCARTESIANPOINTLIST2D(((0.,1669.9316285117393),(0.,3469.9316285117543),(972.78486360619445,3469.9316285117543),(972.78486360619445,1669.9316285117393),(0.,1669.9316285117393)));
#5914=IFCINDEXEDPOLYCURVE(#5913,$,.F.);
#5915=IFCSHAPEREPRESENTATION(#17,'FootPrint','Curve2D',(#5914));
#5916=IFCSLAB('2V0b55YKLC69NBLE4qT532',#6,'Floor:Historic_timber_floor:1756713',$,$,#5884,#5912,'1756713',.FLOOR.);
#5917=IFCPROPERTYSET('2BlNVspm2VCGToZ$I35Nj9',#6,'Pset_EnvironmentalImpactIndicators',$,(#2093));
#5918=IFCPROPERTYSINGLEVALUE('Reference',$,IFCLABEL('Historic_timber_floor'),$);
#5919=IFCPROPERTYSET('1JGUW6LgxTr7dbaIXk4Fh7',#6,'Pset_ReinforcementBarPitchOfSlab',$,(#5918));
#5920=IFCPROPERTYSET('2i3bqwSMyiRqwZQMv93UMk',#6,'Pset_SlabCommon',$,(#85,#1425,#2093,#5617));
#5921=IFCRELDEFINESBYPROPERTIES('1Wwx1tOuFZ67TzCmkcGjus',#6,$,$,(#5916),#5917);
#5922=IFCRELDEFINESBYPROPERTIES('0dHOroeP4cua1eu2xeX0DD',#6,$,$,(#5916),#5919);
#5923=IFCRELDEFINESBYPROPERTIES('3PlwBE9cQcC8wXhNN65gre',#6,$,$,(#5916),#5920);
#5924=IFCQUANTITYLENGTH('Depth','',$,100.,$);
#5925=IFCQUANTITYLENGTH('Perimeter','',$,5545.5697272124198,$);
#5926=IFCQUANTITYAREA('GrossArea','',$,1.7510127544911647,$);
#5927=IFCQUANTITYAREA('NetArea','',$,2.021895370319883,$);
#5928=IFCQUANTITYVOLUME('GrossVolume','',$,0.17510127544911649,$);
#5929=IFCQUANTITYVOLUME('NetVolume','',$,0.20218953703198833,$);
#5930=IFCELEMENTQUANTITY('2U4wGMEH1P0azInw5g3u89',#6,'Qto_SlabBaseQuantities',$,'BaseQuantities',(#5924,#5925,#5926,#5927,#5928,#5929));
#5931=IFCRELDEFINESBYPROPERTIES('3540P3$Jp7u60qshggrOg_',#6,$,$,(#5916),#5930);
#5932=IFCAXIS2PLACEMENT3D(#10,$,$);
#5933=IFCLOCALPLACEMENT(#28,#5932);
#5934=IFCCARTESIANPOINTLIST2D(((-535.34549644676895,-486.39243180309398),(535.34549644677111,-486.39243180309398),(535.34549644677111,486.39243180309398),(-535.34549644676895,486.39243180309398),(-535.34549644676895,-486.39243180309398)));
#5935=IFCINDEXEDPOLYCURVE(#5934,$,.F.);
#5936=IFCARBITRARYCLOSEDPROFILEDEF(.AREA.,$,#5935);
#5937=IFCCARTESIANPOINT((15076.067009027054,-15917.692701046139,724.));
#5938=IFCAXIS2PLACEMENT3D(#5937,#1408,#146);
#5939=IFCEXTRUDEDAREASOLID(#5936,#5938,#49,100.);
#5940=IFCSTYLEDITEM(#5939,(#2083),$);
#5941=IFCSHAPEREPRESENTATION(#15,'Body','SweptSolid',(#5939));
#5942=IFCCARTESIANPOINTLIST2D(((14589.674577223961,-16453.038197492908),(14589.674577223961,-15382.347204599368),(15562.459440830149,-15382.347204599368),(15562.459440830149,-16453.038197492908),(14589.674577223961,-16453.038197492908)));
#5943=IFCINDEXEDPOLYCURVE(#5942,$,.F.);
#5944=IFCSHAPEREPRESENTATION(#17,'FootPrint','Curve2D',(#5943));
#5945=IFCPRODUCTDEFINITIONSHAPE($,$,(#5941,#5944));
#5946=IFCSLAB('2V0b55YKLC69NBLE4qT53R',#6,'Floor:Historic_timber_floor:1756720',$,$,#5933,#5945,'1756720',.FLOOR.);
#5947=IFCPROPERTYSET('3n2v5vsd8NR0FR_eAz2Y2s',#6,'Pset_EnvironmentalImpactIndicators',$,(#2093));
#5948=IFCPROPERTYSINGLEVALUE('Reference',$,IFCLABEL('Historic_timber_floor'),$);
#5949=IFCPROPERTYSET('22WXKqY$PpXxhFctmrBY$S',#6,'Pset_ReinforcementBarPitchOfSlab',$,(#5948));
#5950=IFCPROPERTYSET('2zIacCs8hJQfLnLy0POefT',#6,'Pset_SlabCommon',$,(#85,#1425,#2093,#2097));
#5951=IFCRELDEFINESBYPROPERTIES('2kYGsMjpohsTgBWm1rD_4e',#6,$,$,(#5946),#5947);
#5952=IFCRELDEFINESBYPROPERTIES('379nFSQqvtxjLAkP2wkZ2q',#6,$,$,(#5946),#5949);
#5953=IFCRELDEFINESBYPROPERTIES('0by1A4QpNZta7UYwx9AucS',#6,$,$,(#5946),#5950);
#5954=IFCQUANTITYLENGTH('Width','',$,972.78486360618797,$);
#5955=IFCQUANTITYLENGTH('Length','',$,1070.6909928935399,$);
#5956=IFCQUANTITYLENGTH('Depth','',$,100.,$);
#5957=IFCQUANTITYLENGTH('Perimeter','',$,4086.951712999456,$);
#5958=IFCQUANTITYAREA('GrossArea','',$,1.0415519914863163,$);
#5959=IFCQUANTITYAREA('NetArea','',$,1.0415519914863163,$);
#5960=IFCQUANTITYVOLUME('GrossVolume','',$,0.10415519914863164,$);
#5961=IFCQUANTITYVOLUME('NetVolume','',$,0.10415519914863162,$);
#5962=IFCELEMENTQUANTITY('2_lwiFzfM1AQFZzr2je1BV',#6,'Qto_SlabBaseQuantities',$,'BaseQuantities',(#5954,#5955,#5956,#5957,#5958,#5959,#5960,#5961));
#5963=IFCRELDEFINESBYPROPERTIES('1MTh5qShacy6JwDeYQoQz9',#6,$,$,(#5946),#5962);
#5964=IFCAXIS2PLACEMENT3D(#10,$,$);
#5965=IFCLOCALPLACEMENT(#28,#5964);
#5981=IFCCARTESIANPOINTLIST2D(((254.13238071285176,-525.52812490030794),(269.59939136230702,-525.52812490030794),(269.59939136230702,-352.31777318637324),(-338.93055479976789,701.68701149349567),(-454.40060863769298,701.68701149349567),(254.13238071285176,-525.52812490030794)));
#5982=IFCINDEXEDPOLYCURVE(#5981,$,.F.);
#5983=IFCARBITRARYCLOSEDPROFILEDEF(.AREA.,'Historic_timber_floor',#5982);
#5984=IFCCARTESIANPOINT((16264.146452323654,-16453.038197492911,269.59939136230702));
#5985=IFCAXIS2PLACEMENT3D(#5984,#146,#1408);
#5986=IFCEXTRUDEDAREASOLID(#5983,#5985,#49,1070.6909928935399);
#5987=IFCSTYLEDITEM(#5986,(#2083),$);
#5988=IFCSHAPEREPRESENTATION(#15,'Body','SweptSolid',(#5986));
#5989=IFCPRODUCTDEFINITIONSHAPE($,$,(#5988));
#5990=IFCSLAB('2V0b55YKLC69NBLE4qT53S',#6,'Floor:Historic_timber_floor:1756727',$,$,#5965,#5989,'1756727',.FLOOR.);
#5991=IFCPROPERTYSET('07PCdZof$Ng0d1D5zKfvnR',#6,'Pset_EnvironmentalImpactIndicators',$,(#2093));
#5992=IFCPROPERTYSINGLEVALUE('Reference',$,IFCLABEL('Historic_timber_floor'),$);
#5993=IFCPROPERTYSET('2tQc1TG6q0aW7LIZ9NCzfb',#6,'Pset_ReinforcementBarPitchOfSlab',$,(#5992));
#5994=IFCPROPERTYSET('2eNWSiXUPhnh4KUtkMGHRs',#6,'Pset_SlabCommon',$,(#85,#1425,#2093,#5617));
#5995=IFCRELDEFINESBYPROPERTIES('1epqSqZYy1yfMD4iFSRTQL',#6,$,$,(#5990),#5991);
#5996=IFCRELDEFINESBYPROPERTIES('2mZJinn2yHeAHpL9XYvyXG',#6,$,$,(#5990),#5993);
#5997=IFCRELDEFINESBYPROPERTIES('39LQ8sc4hAFodU22R4ZrmG',#6,$,$,(#5990),#5994);
#5998=IFCQUANTITYLENGTH('Depth','',$,1070.6909928935399,$);
#5999=IFCQUANTITYLENGTH('Perimeter','',$,4595.8122585746869,$);
#6000=IFCQUANTITYAREA('GrossArea','',$,0.13304581672853971,$);
#6001=IFCQUANTITYAREA('NetArea','',$,1.5172397797311274,$);
#6002=IFCQUANTITYVOLUME('GrossVolume','',$,0.14245095761341214,$);
#6003=IFCQUANTITYVOLUME('NetVolume','',$,0.14245095761341212,$);
#6004=IFCELEMENTQUANTITY('3voHhaG1jmHJ5M5O5NzGpb',#6,'Qto_SlabBaseQuantities',$,'BaseQuantities',(#5998,#5999,#6000,#6001,#6002,#6003));
#6005=IFCRELDEFINESBYPROPERTIES('2tzm5$9eeiw4qEKqFQxe8r',#6,$,$,(#5990),#6004);
#6006=IFCAXIS2PLACEMENT3D(#10,$,$);
#6007=IFCLOCALPLACEMENT(#32,#6006);
#6008=IFCCARTESIANPOINTLIST2D(((-1953.0182446701508,-2736.3924318030986),(-882.32725177661519,-2736.3924318030986),(-882.3272517766153,-1763.6075681969016),(917.67274822339562,-1763.6075681969032),(917.67274822338425,1236.392431803097),(1917.6727482233778,1236.3924318030972),(1917.6727482233753,3263.6075681969073),(-1953.018244670156,3263.6075681969064),(-1953.0182446701508,-2736.3924318030986)));
#6009=IFCINDEXEDPOLYCURVE(#6008,$,.F.);
#6010=IFCARBITRARYCLOSEDPROFILEDEF(.AREA.,$,#6009);
#6011=IFCCARTESIANPOINT((17326.067009027058,-14500.019952822762,0.));
#6012=IFCAXIS2PLACEMENT3D(#6011,#1408,#146);
#6013=IFCEXTRUDEDAREASOLID(#6010,#6012,#49,100.);
#6014=IFCSTYLEDITEM(#6013,(#2083),$);
#6015=IFCSHAPEREPRESENTATION(#15,'Body','SweptSolid',(#6013));
#6016=IFCCARTESIANPOINTLIST2D(((14589.674577223956,-16453.038197492908),(14589.674577223959,-15382.347204599371),(15562.459440830155,-15382.347204599373),(15562.459440830156,-13582.347204599362),(18562.459440830156,-13582.34720459938),(18562.45944083016,-12582.347204599386),(20589.67457722397,-12582.347204599393),(20589.674577223963,-16453.038197492922),(14589.674577223956,-16453.038197492908)));
#6017=IFCINDEXEDPOLYCURVE(#6016,$,.F.);
#6018=IFCSHAPEREPRESENTATION(#17,'FootPrint','Curve2D',(#6017));
#6019=IFCPRODUCTDEFINITIONSHAPE($,$,(#6015,#6018));
#6020=IFCSLAB('2$3SCItxT4A8su8f9CP1OT',#6,'Floor:Historic_timber_floor:1757671',$,$,#6007,#6019,'1757671',.FLOOR.);
#6021=IFCPROPERTYSET('3s8XZ6n4SP$zaegRAYckHe',#6,'Pset_EnvironmentalImpactIndicators',$,(#2093));
#6022=IFCPROPERTYSINGLEVALUE('Reference',$,IFCLABEL('Historic_timber_floor'),$);
#6023=IFCPROPERTYSET('2G19J6vNxyNh9EbyfUd4cP',#6,'Pset_ReinforcementBarPitchOfSlab',$,(#6022));
#6024=IFCPROPERTYSET('36wHKBWtcCNnUT84swo0kN',#6,'Pset_SlabCommon',$,(#85,#1425,#2093,#2097));
#6025=IFCRELDEFINESBYPROPERTIES('0D2PJCMnXIKg8gEvUbBrMh',#6,$,$,(#6020),#6021);
#6026=IFCRELDEFINESBYPROPERTIES('29AnEy9MmxQekh4X1i3oFG',#6,$,$,(#6020),#6023);
#6027=IFCRELDEFINESBYPROPERTIES('2QeWqS1YSwNRtV1PuDUuvP',#6,$,$,(#6020),#6024);
#6028=IFCQUANTITYLENGTH('Depth','',$,100.,$);
#6029=IFCQUANTITYLENGTH('Perimeter','',$,19741.381985787084,$);
#6030=IFCQUANTITYAREA('GrossArea','',$,17.500348339263901,$);
#6031=IFCQUANTITYAREA('NetArea','',$,17.500348339263901,$);
#6032=IFCQUANTITYVOLUME('GrossVolume','',$,1.7500348339263905,$);
#6033=IFCQUANTITYVOLUME('NetVolume','',$,1.75003483392639,$);
#6034=IFCELEMENTQUANTITY('29bhiwrryyyybNPJ6GIIjw',#6,'Qto_SlabBaseQuantities',$,'BaseQuantities',(#6028,#6029,#6030,#6031,#6032,#6033));
#6035=IFCRELDEFINESBYPROPERTIES('0KnjMCuYySMZuP8gVyg1nI',#6,$,$,(#6020),#6034);
#6036=IFCMAPPEDITEM(#5495,#2557);
#6037=IFCSHAPEREPRESENTATION(#15,'Body','MappedRepresentation',(#6036));
#6038=IFCPRODUCTDEFINITIONSHAPE($,$,(#6037));
#6039=IFCCARTESIANPOINT((18739.674577223959,-12582.347204599384,0.));
#6040=IFCAXIS2PLACEMENT3D(#6039,$,$);
#6042=IFCDOOR('2LX1lxEB13yROcdsYV7Vts',#6,'DoorV2:DoorV2:1757903',$,$,#7815,#6038,'1757903',2200.0000000000023,1499.9999999999905,.DOOR.,$,$);
#6043=IFCPROPERTYSET('0tQhYCQeGWq1ZGI71i2ZbS',#6,'Pset_DoorCommon',$,(#403,#1425));
#6044=IFCPROPERTYSET('2W$QExBOqiyfFEPVPZK15g',#6,'Pset_EnvironmentalImpactIndicators',$,(#403));
#6045=IFCRELDEFINESBYPROPERTIES('17F1$icFNpxVatHVEB3ceM',#6,$,$,(#6042),#6043);
#6046=IFCRELDEFINESBYPROPERTIES('3f0aMAJf1zdVgxPa2IHdFE',#6,$,$,(#6042),#6044);
#6047=IFCQUANTITYLENGTH('Width','',$,1500.,$);
#6048=IFCQUANTITYLENGTH('Height','',$,2000.0000000000002,$);
#6049=IFCQUANTITYLENGTH('Perimeter','',$,1400.0000000019447,$);
#6050=IFCQUANTITYAREA('Area','',$,4.1500000000059192,$);
#6051=IFCELEMENTQUANTITY('2ziwxH$rqvoFxTUN38BgZA',#6,'Qto_DoorBaseQuantities',$,'BaseQuantities',(#6047,#6048,#6049,#6050));
#6052=IFCRELDEFINESBYPROPERTIES('3_9LJmPhyXKHbOYOpOff2o',#6,$,$,(#6042),#6051);
#6053=IFCAXIS2PLACEMENT3D(#6071,$,$);
#6054=IFCLOCALPLACEMENT(#28,#6053);
#6071=IFCCARTESIANPOINT((15192.296267378897,-9449.5842282420435,-4215.4700538379248));
#6072=IFCCARTESIANPOINT((-358.6671907903858,933.5234582938964));
#6073=IFCCARTESIANPOINT((0.,0.));
#6074=IFCCARTESIANPOINT((4511.4345561701148,1780.1311496285725));
#6075=IFCCARTESIANPOINT((4152.7673653797292,2713.6546079224681));
#6076=IFCPOLYLINE((#6072,#6073,#6074,#6075,#6072));
#6077=IFCARBITRARYCLOSEDPROFILEDEF(.AREA.,$,#6076);
#6078=IFCCARTESIANPOINT((315.73290066368133,0.,2540.3411844343464));
#6079=IFCDIRECTION((0.47442689650954634,0.15785791037613461,0.86602540378443904));
#6080=IFCDIRECTION((0.88029490505643637,-0.085076078572135144,-0.46673647916835004));
#6081=IFCAXIS2PLACEMENT3D(#6078,#6079,#6080);
#6082=IFCDIRECTION((0.46673647916835004,0.17932389415114725,-0.86602540378443904));
#6083=IFCEXTRUDEDAREASOLID(#6077,#6081,#6082,115.47005383792511);
#6084=IFCSTYLEDITEM(#6083,(#2083),$);
#6085=IFCSHAPEREPRESENTATION(#15,'Body','SweptSolid',(#6083));
#6086=IFCPRODUCTDEFINITIONSHAPE($,$,(#6085,#6089));
#6087=IFCCARTESIANPOINTLIST2D(((-2309.3229901014047,180.51508587577982),(1662.0698641906924,1547.9753088298091),(1977.8027648543739,599.07018376568612),(-1993.5900894377232,-768.39003918834317),(-2309.3229901014047,180.51508587577982)));
#6088=IFCINDEXEDPOLYCURVE(#6087,$,.F.);
#6089=IFCSHAPEREPRESENTATION(#17,'FootPrint','Curve2D',(#6088));
#6090=IFCSLAB('2kjAmaXGX8_ArK1ltgMuuR',#6,'Floor:Historic_timber_floor:1758351',$,$,#6054,#6086,'1758351',.FLOOR.);
#6091=IFCPROPERTYSET('1rBLAZhx_5fAgCakgTi3Vw',#6,'Pset_EnvironmentalImpactIndicators',$,(#2093));
#6092=IFCPROPERTYSINGLEVALUE('Reference',$,IFCLABEL('Historic_timber_floor'),$);
#6093=IFCPROPERTYSET('1iIXE$gooyxEjtmlqFxES2',#6,'Pset_ReinforcementBarPitchOfSlab',$,(#6092));
#6094=IFCPROPERTYSET('1dK4Mkz2QWIqIZuLG_IK6G',#6,'Pset_SlabCommon',$,(#85,#1425,#2093,#5617));
#6095=IFCRELDEFINESBYPROPERTIES('30v6mvL8Gtp3e_TR013ara',#6,$,$,(#6090),#6091);
#6096=IFCRELDEFINESBYPROPERTIES('1OAgBDzcr4yjRTUj0_XxFB',#6,$,$,(#6090),#6093);
#6097=IFCRELDEFINESBYPROPERTIES('17_6V3Jz5XYRn1VAiKR0xw',#6,$,$,(#6090),#6094);
#6098=IFCQUANTITYLENGTH('Depth','',$,100.,$);
#6099=IFCQUANTITYLENGTH('Perimeter','',$,10400.562629640328,$);
#6100=IFCQUANTITYAREA('GrossArea','',$,4.200227215816291,$);
#6101=IFCQUANTITYAREA('NetArea','',$,4.8500046274182536,$);
#6102=IFCQUANTITYVOLUME('GrossVolume','',$,0.42002272158162912,$);
#6103=IFCQUANTITYVOLUME('NetVolume','',$,0.48500046274182518,$);
#6104=IFCELEMENTQUANTITY('1ZDlaqGC0O1gnEjYX2ymP2',#6,'Qto_SlabBaseQuantities',$,'BaseQuantities',(#6098,#6099,#6100,#6101,#6102,#6103));
#6105=IFCRELDEFINESBYPROPERTIES('0awOuLqSKQ_RkMHT_QMJ3F',#6,$,$,(#6090),#6104);
#6106=IFCAXIS2PLACEMENT3D(#10,$,$);
#6107=IFCLOCALPLACEMENT(#24,#6106);
#6108=IFCCARTESIANPOINTLIST2D(((-505.2280334102889,-500.00000000000097),(494.82606559358993,-499.99999999999943),(505.22803341028992,500.00000000000131),(-494.82606559359027,500.00000000000387),(-505.2280334102889,-500.00000000000097)));
#6109=IFCINDEXEDPOLYCURVE(#6108,$,.F.);
#6110=IFCARBITRARYCLOSEDPROFILEDEF(.AREA.,$,#6109);
#6111=IFCCARTESIANPOINT((14877.377854104534,-9137.9245493949838,2424.8711305964221));
#6112=IFCDIRECTION((0.31571582075226939,-0.94885379301909367,0.));
#6113=IFCAXIS2PLACEMENT3D(#6111,#1408,#6112);
#6114=IFCEXTRUDEDAREASOLID(#6110,#6113,#49,100.);
#6115=IFCSTYLEDITEM(#6114,(#2083),$);
#6116=IFCSHAPEREPRESENTATION(#15,'Body','SweptSolid',(#6114));
#6117=IFCCARTESIANPOINTLIST2D(((15192.296267378897,-8500.6791031779194),(15508.029168042576,-9449.5842282420417),(14562.459440830171,-9775.1699956120501),(14246.726540166486,-8826.2648705479278),(15192.296267378897,-8500.6791031779194)));
#6118=IFCINDEXEDPOLYCURVE(#6117,$,.F.);
#6119=IFCSHAPEREPRESENTATION(#17,'FootPrint','Curve2D',(#6118));
#6120=IFCPRODUCTDEFINITIONSHAPE($,$,(#6116,#6119));
#6121=IFCSLAB('2kjAmaXGX8_ArK1ltgMu_A',#6,'Floor:Historic_timber_floor:1758494',$,$,#6107,#6120,'1758494',.FLOOR.);
#6122=IFCPROPERTYSET('0nUuqElWinagRj_wRQy$PR',#6,'Pset_EnvironmentalImpactIndicators',$,(#2093));
#6123=IFCPROPERTYSINGLEVALUE('Reference',$,IFCLABEL('Historic_timber_floor'),$);
#6124=IFCPROPERTYSET('1R57boplIpo3ub_CwADWnZ',#6,'Pset_ReinforcementBarPitchOfSlab',$,(#6123));
#6125=IFCPROPERTYSET('0H6LK3ptkTtzfEkBvUyDYW',#6,'Pset_SlabCommon',$,(#85,#1425,#2093,#2097));
#6126=IFCRELDEFINESBYPROPERTIES('1xrcHyGrfAIeTmD7IZTmDK',#6,$,$,(#6121),#6122);
#6127=IFCRELDEFINESBYPROPERTIES('3EfMgqin2lmUwRUvUfTjs1',#6,$,$,(#6121),#6124);
#6128=IFCRELDEFINESBYPROPERTIES('37Yodd1ZrpLjeY0aNZQtlV',#6,$,$,(#6121),#6125);
#6129=IFCQUANTITYLENGTH('Depth','',$,100.,$);
#6130=IFCQUANTITYLENGTH('Perimeter','',$,4000.2163960155249,$);
#6131=IFCQUANTITYAREA('GrossArea','',$,1.000054099003882,$);
#6132=IFCQUANTITYAREA('NetArea','',$,1.0000540990038822,$);
#6133=IFCQUANTITYVOLUME('GrossVolume','',$,0.10000540990038821,$);
#6134=IFCQUANTITYVOLUME('NetVolume','',$,0.1000054099003883,$);
#6135=IFCELEMENTQUANTITY('0UxRJhcTYfcKyei$PdQKD7',#6,'Qto_SlabBaseQuantities',$,'BaseQuantities',(#6129,#6130,#6131,#6132,#6133,#6134));
#6136=IFCRELDEFINESBYPROPERTIES('0aOjQrexoIv_Iscon3IKsK',#6,$,$,(#6121),#6135);
#6137=IFCAXIS2PLACEMENT3D(#6155,$,$);
#6138=IFCLOCALPLACEMENT(#24,#6137);
#6155=IFCCARTESIANPOINT((13331.101128241804,-8826.2648705479278,2308.9038824438398));
#6156=IFCCARTESIANPOINT((1886.3558874126243,-2931.838722191947));
#6157=IFCCARTESIANPOINT((958.3525039256574,285.77732442220127));
#6158=IFCCARTESIANPOINT((928.00338348697539,-3217.6160466141441));
#6159=IFCPOLYLINE((#6156,#6157,#6073,#6158,#6156));
#6160=IFCARBITRARYCLOSEDPROFILEDEF(.AREA.,$,#6159);
#6161=IFCCARTESIANPOINT((0.,2751.824862685949,1789.7858344878362));
#6162=IFCDIRECTION((0.16278407722857829,-0.47275928779965798,0.86602540378443904));
#6163=IFCDIRECTION((0.98666171720648022,0.077998044389110649,-0.1428809324949766));
#6164=IFCAXIS2PLACEMENT3D(#6161,#6162,#6163);
#6165=IFCDIRECTION((0.1428809324949766,-0.47915033040723815,-0.86602540378443904));
#6166=IFCEXTRUDEDAREASOLID(#6160,#6164,#6165,115.47005383792511);
#6167=IFCSTYLEDITEM(#6166,(#2083),$);
#6168=IFCSHAPEREPRESENTATION(#15,'Body','SweptSolid',(#6166));
#6169=IFCPRODUCTDEFINITIONSHAPE($,$,(#6168,#6172));
#6170=IFCCARTESIANPOINTLIST2D(((2295.192555691694,-934.83425067107021),(1349.6228284792835,-1260.4200180410792),(433.99741655460065,1491.4048446448708),(1379.5671437670198,1816.9906120148853),(2295.192555691694,-934.83425067107021)));
#6171=IFCINDEXEDPOLYCURVE(#6170,$,.F.);
#6172=IFCSHAPEREPRESENTATION(#17,'FootPrint','Curve2D',(#6171));
#6173=IFCSLAB('2kjAmaXGX8_ArK1ltgMun2',#6,'Floor:Historic_timber_floor:1758934',$,$,#6138,#6169,'1758934',.FLOOR.);
#6174=IFCPROPERTYSET('3YL7GO64BPK9SeiGoQ8Vc$',#6,'Pset_EnvironmentalImpactIndicators',$,(#2093));
#6175=IFCPROPERTYSINGLEVALUE('Reference',$,IFCLABEL('Historic_timber_floor'),$);
#6176=IFCPROPERTYSET('03Hdnh3xdbUReOCxjCZt9I',#6,'Pset_ReinforcementBarPitchOfSlab',$,(#6175));
#6177=IFCPROPERTYSET('2Zfxw2m_Q82K2r$o8l01AJ',#6,'Pset_SlabCommon',$,(#85,#1425,#2093,#5617));
#6178=IFCRELDEFINESBYPROPERTIES('0WM7Az2fsF_nPbn8m5YUH5',#6,$,$,(#6173),#6174);
#6179=IFCRELDEFINESBYPROPERTIES('1GMXG4pp1ookMeGm7X6xB2',#6,$,$,(#6173),#6176);
#6180=IFCRELDEFINESBYPROPERTIES('3lsMnaFlOU1mi3Q9dMkLuq',#6,$,$,(#6173),#6177);
#6181=IFCQUANTITYLENGTH('Depth','',$,100.,$);
#6182=IFCQUANTITYLENGTH('Perimeter','',$,7800.4219722302687,$);
#6183=IFCQUANTITYAREA('GrossArea','',$,2.9001568871112755,$);
#6184=IFCQUANTITYAREA('NetArea','',$,3.3488127189316832,$);
#6185=IFCQUANTITYVOLUME('GrossVolume','',$,0.29001568871112759,$);
#6186=IFCQUANTITYVOLUME('NetVolume','',$,0.33488127189316841,$);
#6187=IFCELEMENTQUANTITY('3Mlzkbunk5bssL4WGQN9ks',#6,'Qto_SlabBaseQuantities',$,'BaseQuantities',(#6181,#6182,#6183,#6184,#6185,#6186));
#6188=IFCRELDEFINESBYPROPERTIES('1Xcb0njJiz3$HTbkL7ERix',#6,$,$,(#6173),#6187);
#6189=IFCAXIS2PLACEMENT3D(#10,$,$);
#6190=IFCLOCALPLACEMENT(#28,#6189);
#6191=IFCCARTESIANPOINTLIST2D(((-3674.8731575167817,-4333.1091734105948),(2777.2998611263033,-4333.1091734105939),(3862.1411889795481,949.47782365540888),(33.705639025819856,1694.277780733564),(234.88019682548338,2673.88841676637),(-3233.1537284403726,3348.5743256658575),(-3674.8731575167817,-4333.1091734105948)));
#6192=IFCINDEXEDPOLYCURVE(#6191,$,.F.);
#6193=IFCARBITRARYCLOSEDPROFILEDEF(.AREA.,$,#6192);
#6194=IFCCARTESIANPOINT((15952.518156650645,-5497.3605199694503,-0.));
#6195=IFCDIRECTION((0.12870878250531814,-0.99168243369840869,0.));
#6196=IFCAXIS2PLACEMENT3D(#6194,#1408,#6195);
#6197=IFCEXTRUDEDAREASOLID(#6193,#6196,#49,100.);
#6198=IFCSTYLEDITEM(#6197,(#2083),$);
#6199=IFCSHAPEREPRESENTATION(#15,'Body','SweptSolid',(#6197));
#6200=IFCCARTESIANPOINTLIST2D(((19776.597957253904,-1295.3441574179499),(20607.049290997118,-7693.850799189132),(15508.02916804258,-9449.5842282420417),(14276.670855454224,-5748.8542404919654),(13331.101128241804,-6074.4400078619792),(12215.66053991423,-2722.0896866136377),(19776.597957253904,-1295.3441574179499)));
#6201=IFCINDEXEDPOLYCURVE(#6200,$,.F.);
#6202=IFCSHAPEREPRESENTATION(#17,'FootPrint','Curve2D',(#6201));
#6203=IFCPRODUCTDEFINITIONSHAPE($,$,(#6199,#6202));
#6204=IFCSLAB('2QMiMIeuj3swzXKmnkAb$X',#6,'Floor:Historic_timber_floor:1759078',$,$,#6190,#6203,'1759078',.FLOOR.);
#6205=IFCPROPERTYSET('1j4mRI1YT0OsNvih1lK3Im',#6,'Pset_EnvironmentalImpactIndicators',$,(#2093));
#6206=IFCPROPERTYSINGLEVALUE('Reference',$,IFCLABEL('Historic_timber_floor'),$);
#6207=IFCPROPERTYSET('2aV0bFIFjHmVob9nqmJE3h',#6,'Pset_ReinforcementBarPitchOfSlab',$,(#6206));
#6208=IFCPROPERTYSET('2M$EVnIDtKe4ZZ$3vzsHav',#6,'Pset_SlabCommon',$,(#85,#1425,#2093,#2097));
#6209=IFCRELDEFINESBYPROPERTIES('0V1l6_VEB8CZ7T6MMSRYTc',#6,$,$,(#6204),#6205);
#6210=IFCRELDEFINESBYPROPERTIES('2Uqyq1neiqRLRYUILJXDC$',#6,$,$,(#6204),#6207);
#6211=IFCRELDEFINESBYPROPERTIES('3qgqz1p2Q4BIo4k42hq885',#6,$,$,(#6204),#6208);
#6212=IFCQUANTITYLENGTH('Depth','',$,100.,$);
#6213=IFCQUANTITYLENGTH('Perimeter','',$,27972.692900354985,$);
#6214=IFCQUANTITYAREA('GrossArea','',$,44.640272144535636,$);
#6215=IFCQUANTITYAREA('NetArea','',$,44.640272144535636,$);
#6216=IFCQUANTITYVOLUME('GrossVolume','',$,4.464027214453564,$);
#6217=IFCQUANTITYVOLUME('NetVolume','',$,4.4640272144535658,$);
#6218=IFCELEMENTQUANTITY('0M$DvdLV97YlFq4W7YPVSp',#6,'Qto_SlabBaseQuantities',$,'BaseQuantities',(#6212,#6213,#6214,#6215,#6216,#6217));
#6219=IFCRELDEFINESBYPROPERTIES('1ufdyBi4e$a49$VIdDHVnI',#6,$,$,(#6204),#6218);
#6220=IFCAXIS2PLACEMENT3D(#10,$,$);
#6221=IFCLOCALPLACEMENT(#32,#6220);
#6238=IFCCOLOURRGBLIST(((0.44313725490196076,0.33725490196078434,0.24313725490196078)));
#6239=IFCINDEXEDPOLYGONALFACE((1,2,3,4));
#6240=IFCINDEXEDPOLYGONALFACE((5,6,7,8));
#6241=IFCINDEXEDPOLYGONALFACE((6,5,1,4,9));
#6242=IFCINDEXEDPOLYGONALFACE((2,1,5,8));
#6243=IFCINDEXEDPOLYGONALFACE((8,7,10,3,2));
#6244=IFCINDEXEDPOLYGONALFACE((7,6,9,10));
#6245=IFCINDEXEDPOLYGONALFACE((4,3,10,9));
#6246=IFCCARTESIANPOINTLIST3D(((19163.689121670996,-7133.2188802238879,-1747.9491924312779),(19479.422022334678,-8082.1240052880139,-1747.9491924312779),(16609.957344504815,-9070.1599292241663,-3500.0000000001673),(16294.224443841134,-8121.2548041600421,-3500.0000000001673),(19163.689121670996,-7133.2188802238879,-1632.4791385933531),(16137.865994591297,-8175.0933358079128,-3480.0000000001528),(16453.598895254981,-9123.998460872037,-3480.0000000001528),(19479.422022334678,-8082.1240052880139,-1632.4791385933531),(16137.865994591297,-8175.0933358079128,-3500.0000000001673),(16453.598895254981,-9123.998460872037,-3500.0000000001673)));
#6247=IFCPOLYGONALFACESET(#6246,.T.,(#6239,#6240,#6241,#6242,#6243,#6244,#6245),$);
#6248=IFCINDEXEDCOLOURMAP(#6247,1.,#6238,(1,1,1,1,1,1,1));
#6249=IFCSTYLEDITEM(#6247,(#2083),$);
#6250=IFCSHAPEREPRESENTATION(#15,'Body','Tessellation',(#6247));
#6251=IFCPRODUCTDEFINITIONSHAPE($,$,(#6250));
#6252=IFCSLAB('2QMiMIeuj3swzXKmnkAb1d',#6,'Floor:Historic_timber_floor:1759456',$,$,#6221,#6251,'1759456',.FLOOR.);
#6253=IFCPROPERTYSET('0rWPG$wuYbaiEa15nUcLyL',#6,'Pset_EnvironmentalImpactIndicators',$,(#2093));
#6254=IFCPROPERTYSINGLEVALUE('Reference',$,IFCLABEL('Historic_timber_floor'),$);
#6255=IFCPROPERTYSET('2VdBEYoiFvGyPfJoO2aWL3',#6,'Pset_ReinforcementBarPitchOfSlab',$,(#6254));
#6256=IFCPROPERTYSET('07wLFjPiCMqOBxh12yMZXm',#6,'Pset_SlabCommon',$,(#85,#1425,#2093,#5617));
#6257=IFCRELDEFINESBYPROPERTIES('20swdsjefMsiXB5R$$Pl5k',#6,$,$,(#6252),#6253);
#6258=IFCRELDEFINESBYPROPERTIES('0JuXXIODUZX_PmG32Imhje',#6,$,$,(#6252),#6255);
#6259=IFCRELDEFINESBYPROPERTIES('2EAj$Tsf1cTfqAQCUYaIqg',#6,$,$,(#6252),#6256);
#6260=IFCQUANTITYLENGTH('Perimeter','',$,8400.4544316325864,$);
#6261=IFCQUANTITYAREA('GrossArea','',$,3.6952416208901075,$);
#6262=IFCQUANTITYAREA('NetArea','',$,3.6952416208901075,$);
#6263=IFCQUANTITYVOLUME('NetVolume','',$,0.36163031951778762,$);
#6264=IFCELEMENTQUANTITY('2ILgfYSZK4BXe0pNAuDgTJ',#6,'Qto_SlabBaseQuantities',$,'BaseQuantities',(#6260,#6261,#6262,#6263));
#6265=IFCRELDEFINESBYPROPERTIES('3BRCzqYwC5cNc9cOiMOYVQ',#6,$,$,(#6252),#6264);
#6266=IFCAXIS2PLACEMENT3D(#10,$,$);
#6267=IFCLOCALPLACEMENT(#28,#6266);
#6268=IFCCARTESIANPOINTLIST2D(((-639.83992247452568,-500.00000000000227),(747.72178304952934,-500.00000000000125),(542.36002971621303,500.00000000000125),(-650.24189029122329,500.00000000000119),(-639.83992247452568,-500.00000000000227)));
#6269=IFCINDEXEDPOLYCURVE(#6268,$,.F.);
#6270=IFCARBITRARYCLOSEDPROFILEDEF(.AREA.,$,#6269);
#6271=IFCCARTESIANPOINT((19931.453731009264,-7397.6666653155071,1852.050807568889));
#6272=IFCDIRECTION((0.94551857559931696,0.3255681544571562,0.));
#6273=IFCAXIS2PLACEMENT3D(#6271,#1408,#6272);
#6274=IFCEXTRUDEDAREASOLID(#6270,#6273,#49,100.);
#6275=IFCSTYLEDITEM(#6274,(#2083),$);
#6276=IFCSHAPEREPRESENTATION(#15,'Body','SweptSolid',(#6274));
#6277=IFCCARTESIANPOINTLIST2D(((19163.689121670996,-7133.2188802238879),(20475.654489034259,-6681.4729765609982),(20607.049290997118,-7693.8507991891311),(19479.422022334678,-8082.124005288013),(19163.689121670996,-7133.2188802238879)));
#6278=IFCINDEXEDPOLYCURVE(#6277,$,.F.);
#6279=IFCSHAPEREPRESENTATION(#17,'FootPrint','Curve2D',(#6278));
#6280=IFCPRODUCTDEFINITIONSHAPE($,$,(#6276,#6279));
#6281=IFCSLAB('2QMiMIeuj3swzXKmnkAbAC',#6,'Floor:Historic_timber_floor:1759755',$,$,#6267,#6280,'1759755',.FLOOR.);
#6282=IFCPROPERTYSET('0ixv$LpP3a_$PwntWoIVnS',#6,'Pset_EnvironmentalImpactIndicators',$,(#2093));
#6283=IFCPROPERTYSINGLEVALUE('Reference',$,IFCLABEL('Historic_timber_floor'),$);
#6284=IFCPROPERTYSET('269K7Ib6AKG0iXfC97cQxB',#6,'Pset_ReinforcementBarPitchOfSlab',$,(#6283));
#6285=IFCPROPERTYSET('2ITbGjLUBfBRfrT8clv27S',#6,'Pset_SlabCommon',$,(#85,#1425,#2093,#2097));
#6286=IFCRELDEFINESBYPROPERTIES('3hH9EgpuADwR25lanqd_ih',#6,$,$,(#6281),#6282);
#6287=IFCRELDEFINESBYPROPERTIES('0f7fumeFkaR7yD2hJXI6sm',#6,$,$,(#6281),#6284);
#6288=IFCRELDEFINESBYPROPERTIES('1d1EG6NT9TCa7LNiJ$afbi',#6,$,$,(#6281),#6285);
#6289=IFCQUANTITYLENGTH('Depth','',$,100.,$);
#6290=IFCQUANTITYLENGTH('Perimeter','',$,4601.0866924897018,$);
#6291=IFCQUANTITYAREA('GrossArea','',$,1.2900818127657496,$);
#6292=IFCQUANTITYAREA('NetArea','',$,1.2900818127657523,$);
#6293=IFCQUANTITYVOLUME('GrossVolume','',$,0.12900818127657498,$);
#6294=IFCQUANTITYVOLUME('NetVolume','',$,0.12900818127657501,$);
#6295=IFCELEMENTQUANTITY('2LzsEW6FZ0IsHIT4f4jGuf',#6,'Qto_SlabBaseQuantities',$,'BaseQuantities',(#6289,#6290,#6291,#6292,#6293,#6294));
#6296=IFCRELDEFINESBYPROPERTIES('2h0OTS1h8qKpq6wA95g$Ct',#6,$,$,(#6281),#6295);
#6297=IFCAXIS2PLACEMENT3D(#6315,$,$);
#6298=IFCLOCALPLACEMENT(#28,#6297);
#6315=IFCCARTESIANPOINT((19143.446224460942,-7013.3102113783989,1741.5076533020556));
#6316=IFCCARTESIANPOINT((-971.23986013110891,-289.6202884257213));
#6317=IFCCARTESIANPOINT((-597.77552967949816,-3607.2875427097774));
#6318=IFCCARTESIANPOINT((378.9779919866117,-3316.0230999308455));
#6319=IFCPOLYLINE((#6316,#6317,#6318,#6073,#6316));
#6320=IFCARBITRARYCLOSEDPROFILEDEF(.AREA.,$,#6319);
#6321=IFCCARTESIANPOINT((958.28518821634361,3212.8601080028802,1758.4923466979446));
#6322=IFCDIRECTION((0.16278407722857824,-0.47275928779965803,0.86602540378443904));
#6323=IFCDIRECTION((0.98666171720648022,0.077998044389110635,-0.14288093249497655));
#6324=IFCAXIS2PLACEMENT3D(#6321,#6322,#6323);
#6325=IFCDIRECTION((0.14288093249497655,-0.4791503304072382,-0.86602540378443904));
#6326=IFCEXTRUDEDAREASOLID(#6320,#6324,#6325,115.47005383792511);
#6327=IFCSTYLEDITEM(#6326,(#2083),$);
#6328=IFCSHAPEREPRESENTATION(#15,'Body','SweptSolid',(#6326));
#6329=IFCPRODUCTDEFINITIONSHAPE($,$,(#6328,#6332));
#6330=IFCCARTESIANPOINTLIST2D(((327.34572807040371,1932.2150320707319),(1285.6309162867431,2262.1790837801036),(1659.553992643717,-618.84378940537624),(695.82868566915624,-950.68102422277525),(327.34572807040371,1932.2150320707319)));
#6331=IFCINDEXEDPOLYCURVE(#6330,$,.F.);
#6332=IFCSHAPEREPRESENTATION(#17,'FootPrint','Curve2D',(#6331));
#6333=IFCSLAB('2Uhonyg41F_hXs9lWLrHnn',#6,'Floor:Historic_timber_floor:1760129',$,$,#6298,#6329,'1760129',.FLOOR.);
#6334=IFCPROPERTYSET('3Vj5KUylnhDglbIiwXXzzn',#6,'Pset_EnvironmentalImpactIndicators',$,(#2093));
#6335=IFCPROPERTYSINGLEVALUE('Reference',$,IFCLABEL('Historic_timber_floor'),$);
#6336=IFCPROPERTYSET('09g7XspxxzlQ22FqR4GP7G',#6,'Pset_ReinforcementBarPitchOfSlab',$,(#6335));
#6337=IFCPROPERTYSET('3fD53jOl0tT6WwOMoSdq4I',#6,'Pset_SlabCommon',$,(#85,#1425,#2093,#5617));
#6338=IFCRELDEFINESBYPROPERTIES('2WNbwPQXrxWjjI1ZS_TvKn',#6,$,$,(#6333),#6334);
#6339=IFCRELDEFINESBYPROPERTIES('1$YbF0ouQeoE7r5rjwcHSn',#6,$,$,(#6333),#6336);
#6340=IFCRELDEFINESBYPROPERTIES('0YHeO2QSRd0ClFAv56SF2u',#6,$,$,(#6333),#6337);
#6341=IFCQUANTITYLENGTH('Depth','',$,100.,$);
#6342=IFCQUANTITYLENGTH('Perimeter','',$,7844.2948421625306,$);
#6343=IFCQUANTITYAREA('GrossArea','',$,2.8924094860713172,$);
#6344=IFCQUANTITYAREA('NetArea','',$,3.3398667907798014,$);
#6345=IFCQUANTITYVOLUME('GrossVolume','',$,0.28924094860713173,$);
#6346=IFCQUANTITYVOLUME('NetVolume','',$,0.33398667907798063,$);
#6347=IFCELEMENTQUANTITY('0sktVBelFK1BF__Z9IdOfR',#6,'Qto_SlabBaseQuantities',$,'BaseQuantities',(#6341,#6342,#6343,#6344,#6345,#6346));
#6348=IFCRELDEFINESBYPROPERTIES('3c6Q5CJuIvxX6qb6gekX$l',#6,$,$,(#6333),#6347);
#6349=IFCAXIS2PLACEMENT3D(#10,$,$);
#6350=IFCLOCALPLACEMENT(#32,#6349);
#6351=IFCCARTESIANPOINTLIST2D(((-4145.5927750508572,-3336.404144698764),(-1619.4756826920079,-3336.404144698763),(-1415.5958487280775,-2343.6202857052117),(1490.7485213231055,-2337.9843203782079),(2409.7714304316933,2137.1572003359956),(3391.4215714454708,1946.1828523672389),(3592.5961292451298,2925.7934884000338),(-3703.8733459744549,4345.2793543776779),(-4145.5927750508572,-3336.404144698764)));
#6352=IFCINDEXEDPOLYCURVE(#6351,$,.F.);
#6353=IFCARBITRARYCLOSEDPROFILEDEF(.AREA.,$,#6352);
#6354=IFCCARTESIANPOINT((17001.518774077213,-5835.8802051128014,0.));
#6355=IFCDIRECTION((0.12870878250531886,-0.99168243369840858,0.));
#6356=IFCAXIS2PLACEMENT3D(#6354,#1408,#6355);
#6357=IFCEXTRUDEDAREASOLID(#6353,#6356,#49,100.);
#6358=IFCSTYLEDITEM(#6357,(#2083),$);
#6359=IFCSHAPEREPRESENTATION(#15,'Body','SweptSolid',(#6357));
#6360=IFCCARTESIANPOINTLIST2D(((19776.597957253896,-1295.3441574179512),(20101.73141267728,-3800.4501033755218),(19143.446224460942,-4130.4141550848917),(19511.929182059692,-7013.310211378398),(15192.296267378897,-8500.6791031779212),(15508.029168042578,-9449.5842282420435),(14562.459440830171,-9775.1699956120519),(12215.660539914232,-2722.0896866136354),(19776.597957253896,-1295.3441574179512)));
#6361=IFCINDEXEDPOLYCURVE(#6360,$,.F.);
#6362=IFCSHAPEREPRESENTATION(#17,'FootPrint','Curve2D',(#6361));
#6363=IFCPRODUCTDEFINITIONSHAPE($,$,(#6359,#6362));
#6364=IFCSLAB('0yzvfgbdPEuB0LQd0lnCzS',#6,'Floor:Historic_timber_floor:1761013',$,$,#6350,#6363,'1761013',.FLOOR.);
#6365=IFCPROPERTYSET('0L$qlJcVGstgsWgnnEBv1Z',#6,'Pset_EnvironmentalImpactIndicators',$,(#2093));
#6366=IFCPROPERTYSINGLEVALUE('Reference',$,IFCLABEL('Historic_timber_floor'),$);
#6367=IFCPROPERTYSET('2K8fDXTXVdYOz$Um0riwAQ',#6,'Pset_ReinforcementBarPitchOfSlab',$,(#6366));
#6368=IFCPROPERTYSET('1iSDGyI0iOxjU5JwmSRl4c',#6,'Pset_SlabCommon',$,(#85,#1425,#2093,#2097));
#6369=IFCRELDEFINESBYPROPERTIES('35j9SK0lvdaMBLO9pbt6HU',#6,$,$,(#6364),#6365);
#6370=IFCRELDEFINESBYPROPERTIES('3TJG1YPjmWlFWom8NkwKd7',#6,$,$,(#6364),#6367);
#6371=IFCRELDEFINESBYPROPERTIES('0RBX7KclwYzQqftSFtkFjs',#6,$,$,(#6364),#6368);
#6372=IFCQUANTITYLENGTH('Depth','',$,100.,$);
#6373=IFCQUANTITYLENGTH('Perimeter','',$,28142.247111145316,$);
#6374=IFCQUANTITYAREA('GrossArea','',$,40.157764615997415,$);
#6375=IFCQUANTITYAREA('NetArea','',$,40.157764615997415,$);
#6376=IFCQUANTITYVOLUME('GrossVolume','',$,4.0157764615997422,$);
#6377=IFCQUANTITYVOLUME('NetVolume','',$,4.0157764615997422,$);
#6378=IFCELEMENTQUANTITY('1VkhU1tMiMTIf$60sTFiAa',#6,'Qto_SlabBaseQuantities',$,'BaseQuantities',(#6372,#6373,#6374,#6375,#6376,#6377));
#6379=IFCRELDEFINESBYPROPERTIES('0p9ktdKAtKjxOIPFcZZg6G',#6,$,$,(#6364),#6378);
#6380=IFCCARTESIANPOINT((12710.954390284471,-1747.4120259475567,-1500.));
#6381=IFCAXIS2PLACEMENT3D(#6380,#49,#146);
#6382=IFCLOCALPLACEMENT(#24,#6381);
#6383=IFCPRODUCTDEFINITIONSHAPE($,$,(#6392));
#6384=IFCCARTESIANPOINTLIST2D(((242.94208724548648,-2731.2948602770434),(751.15406521323064,-2731.2948602770448),(-251.08771830970562,2776.0553599618879),(-743.00843414901158,2686.5343605921998),(242.94208724548648,-2731.2948602770434)));
#6385=IFCINDEXEDPOLYCURVE(#6384,$,.F.);
#6386=IFCARBITRARYCLOSEDPROFILEDEF(.AREA.,'Castelnuovo13',#6385);
#6387=IFCCARTESIANPOINT((2638.8807379950522,-1228.2795536139747,0.));
#6388=IFCDIRECTION((0.18542713100435418,-0.98265801736285352,0.));
#6389=IFCAXIS2PLACEMENT3D(#6387,#49,#6388);
#6390=IFCEXTRUDEDAREASOLID(#6386,#6389,#49,5500.0000000000146);
#6391=IFCSTYLEDITEM(#6390,(#2306),$);
#6392=IFCSHAPEREPRESENTATION(#15,'Body','SweptSolid',(#6390));
#6393=IFCWALL('2tiNzAytfCwQOKJzMPcwjv',#6,'Castelnuovo8:Castelnuovo13:1761266',$,$,#6382,#6383,'1761266',.NOTDEFINED.);
#6394=IFCCARTESIANPOINTLIST2D(((-599.99999999999432,-1100.0000000000009),(599.99999999999454,-1100.0000000000009),(599.99999999999454,1100.0000000000009),(-599.99999999999432,1100.0000000000009),(-599.99999999999432,-1100.0000000000009)));
#6395=IFCINDEXEDPOLYCURVE(#6394,$,.F.);
#6396=IFCARBITRARYCLOSEDPROFILEDEF(.AREA.,$,#6395);
#6397=IFCCARTESIANPOINT((4156.3987253619744,-934.96812402649095,1600.));
#6398=IFCDIRECTION((-0.35836794954529877,0.93358042649720241,0.));
#6399=IFCDIRECTION((-0.93358042649720241,-0.35836794954529877,0.));
#6400=IFCAXIS2PLACEMENT3D(#6397,#6398,#6399);
#6401=IFCEXTRUDEDAREASOLID(#6396,#6400,#49,590.00000000001944);
#6402=IFCSHAPEREPRESENTATION(#15,'Body','SweptSolid',(#6401));
#6403=IFCPRODUCTDEFINITIONSHAPE($,$,(#6402));
#6404=IFCAXIS2PLACEMENT3D(#10,$,$);
#6405=IFCLOCALPLACEMENT(#6382,#6404);
#6406=IFCOPENINGELEMENT('16ElmpZRxZ$KEhZy71CblE',#6,'Castelnuovo13',$,$,#6405,#6403,'1768706',.OPENING.);
#6407=IFCQUANTITYLENGTH('Height',$,$,2200.0000000000018,$);
#6408=IFCQUANTITYLENGTH('Width',$,$,1199.9999999999866,$);
#6409=IFCQUANTITYAREA('Area',$,$,2639999.9999999725,$);
#6410=IFCELEMENTQUANTITY('14lhofTpyRzUdwhUq3$cWC',#6,'Qto_OpeningElementBaseQuantities',$,'BaseQuantities',(#6407,#6408,#6409));
#6411=IFCRELDEFINESBYPROPERTIES('1vKWyBsQazS6356N3d2saE',#6,$,$,(#6406),#6410);
#6412=IFCRELVOIDSELEMENT('0ur88WVXjwt$7NWLzpNzJa',#6,$,$,#6393,#6406);
#6413=IFCCARTESIANPOINTLIST2D(((-599.99999999999443,-1100.0000000000009),(599.99999999999443,-1100.0000000000009),(599.99999999999443,1100.0000000000009),(-599.99999999999443,1100.0000000000009),(-599.99999999999443,-1100.0000000000009)));
#6414=IFCINDEXEDPOLYCURVE(#6413,$,.F.);
#6415=IFCARBITRARYCLOSEDPROFILEDEF(.AREA.,$,#6414);
#6416=IFCCARTESIANPOINT((1076.1641765367963,-1538.9410902300056,1600.));
#6417=IFCDIRECTION((0.35836794954529877,-0.93358042649720241,0.));
#6418=IFCDIRECTION((0.93358042649720241,0.35836794954529877,0.));
#6419=IFCAXIS2PLACEMENT3D(#6416,#6417,#6418);
#6420=IFCEXTRUDEDAREASOLID(#6415,#6419,#49,590.00000000001501);
#6421=IFCSHAPEREPRESENTATION(#15,'Body','SweptSolid',(#6420));
#6422=IFCPRODUCTDEFINITIONSHAPE($,$,(#6421));
#6423=IFCAXIS2PLACEMENT3D(#10,$,$);
#6424=IFCLOCALPLACEMENT(#6382,#6423);
#6425=IFCOPENINGELEMENT('1qZcM3JOkdCCQU_F47H5Z8',#6,'Castelnuovo13',$,$,#6424,#6422,'1768783',.OPENING.);
#6426=IFCQUANTITYLENGTH('Height',$,$,2200.0000000000018,$);
#6427=IFCQUANTITYLENGTH('Width',$,$,1199.9999999999866,$);
#6428=IFCQUANTITYAREA('Area',$,$,2639999.9999999725,$);
#6429=IFCELEMENTQUANTITY('2FJwq6MH7wKuluG6WZvXgb',#6,'Qto_OpeningElementBaseQuantities',$,'BaseQuantities',(#6426,#6427,#6428));
#6430=IFCRELDEFINESBYPROPERTIES('2gvrdyLdn$ZDjZ30qOAthj',#6,$,$,(#6425),#6429);
#6431=IFCRELVOIDSELEMENT('0ferudJGtWB0I43XgkgARt',#6,$,$,#6393,#6425);
#6432=IFCWALLTYPE('2tiNzAytfCwQOKJzMPcwjx',#6,'Castelnuovo8:Castelnuovo13',$,$,$,$,'1761264',$,.NOTDEFINED.);
#6433=IFCPROPERTYSINGLEVALUE('Reference',$,IFCIDENTIFIER('Castelnuovo13'),$);
#6434=IFCPROPERTYSET('1RqsRTiYsLurTIEsIMzhLg',#6,'Pset_EnvironmentalImpactIndicators',$,(#6433));
#6435=IFCPROPERTYSINGLEVALUE('Reference',$,IFCLABEL('Castelnuovo13'),$);
#6436=IFCPROPERTYSET('1Rhh_Ioe0t2y2YzK8BzgwN',#6,'Pset_ReinforcementBarPitchOfWall',$,(#6435));
#6437=IFCPROPERTYSET('2g59EhH9xaBi5ER3ZgPEIE',#6,'Pset_WallCommon',$,(#1425,#6433));
#6438=IFCPROPERTYSET('3L9mwSqzNRMAH_v$LVfE$Q',#6,'Pset_EnvironmentalImpactIndicators',$,(#403));
#6439=IFCPROPERTYSET('2d6XL1lvS7dg1GHK6d5fXH',#6,'Pset_OpeningElementCommon',$,(#403));
#6440=IFCPROPERTYSET('079Em68p8HOF1iWTA_55u1',#6,'Pset_EnvironmentalImpactIndicators',$,(#403));
#6441=IFCPROPERTYSET('0K_eOhbDlVq3sl2Q2nId1W',#6,'Pset_OpeningElementCommon',$,(#403));
#6442=IFCRELDEFINESBYPROPERTIES('2cIIz6q9KljptR09joZ96z',#6,$,$,(#6393),#6434);
#6443=IFCRELDEFINESBYPROPERTIES('1Dcwjfx7D2gG7ao$jAIMxn',#6,$,$,(#6393),#6436);
#6444=IFCRELDEFINESBYPROPERTIES('05iDwBgko04RnD__hyiTZ6',#6,$,$,(#6393),#6437);
#6445=IFCRELDEFINESBYPROPERTIES('2eEDgW7ZwGXiEq7ZAW6mhh',#6,$,$,(#6406),#6438);
#6446=IFCRELDEFINESBYPROPERTIES('1mdMJpa6wdBmVj9jKUKTQn',#6,$,$,(#6406),#6439);
#6447=IFCRELDEFINESBYPROPERTIES('1_TjfdhEjfoezdp_eron_4',#6,$,$,(#6425),#6440);
#6448=IFCRELDEFINESBYPROPERTIES('32CPhXQzpQzeBDU8Atk6Py',#6,$,$,(#6425),#6441);
#6449=IFCQUANTITYVOLUME('NetVolume','',$,12.6288443968999,$);
#6450=IFCELEMENTQUANTITY('28lyOngRKlKoOBmKg8rg7k',#6,'Qto_WallBaseQuantities',$,'BaseQuantities',(#6449));
#6451=IFCRELDEFINESBYPROPERTIES('2Yn5Qm9ptANt9FDJydLvME',#6,$,$,(#6393),#6450);
#6452=IFCAXIS2PLACEMENT3D(#10,$,$);
#6453=IFCLOCALPLACEMENT(#28,#6452);
#6454=IFCCARTESIANPOINTLIST2D(((-3001.5424494593312,-4050.2253240427603),(3415.4048019485072,-4050.2253240427603),(2290.6981752808306,3646.2264421862174),(-2704.5605277700065,4454.2242058993033),(-3001.5424494593312,-4050.2253240427603)));
#6455=IFCINDEXEDPOLYCURVE(#6454,$,.F.);
#6456=IFCARBITRARYCLOSEDPROFILEDEF(.AREA.,$,#6455);
#6457=IFCCARTESIANPOINT((14716.663815242306,1101.8376363376465,0.));
#6458=IFCDIRECTION((0.32556815445715476,-0.94551857559931751,0.));
#6459=IFCAXIS2PLACEMENT3D(#6457,#1408,#6458);
#6460=IFCEXTRUDEDAREASOLID(#6456,#6459,#49,100.);
#6461=IFCSTYLEDITEM(#6460,(#2083),$);
#6462=IFCSHAPEREPRESENTATION(#15,'Body','SweptSolid',(#6460));
#6463=IFCCARTESIANPOINTLIST2D(((17569.020458692219,5258.4761616355527),(19658.174132581982,-808.86666321154212),(12014.86736065838,-2251.1552529972842),(9624.593309036647,2208.8962999238597),(17569.020458692219,5258.4761616355527)));
#6464=IFCINDEXEDPOLYCURVE(#6463,$,.F.);
#6465=IFCSHAPEREPRESENTATION(#17,'FootPrint','Curve2D',(#6464));
#6466=IFCPRODUCTDEFINITIONSHAPE($,$,(#6462,#6465));
#6467=IFCSLAB('2lQPUVFlT0$uNZ7iF0qA0C',#6,'Floor:Historic_timber_floor:1761556',$,$,#6453,#6466,'1761556',.FLOOR.);
#6468=IFCPROPERTYSET('2ln5bQt3S$lt$4S$mbCifB',#6,'Pset_EnvironmentalImpactIndicators',$,(#2093));
#6469=IFCPROPERTYSINGLEVALUE('Reference',$,IFCLABEL('Historic_timber_floor'),$);
#6470=IFCPROPERTYSET('0UAr9xYDsS$yK1$FzKGQBn',#6,'Pset_ReinforcementBarPitchOfSlab',$,(#6469));
#6471=IFCPROPERTYSET('3URM_vGYU5ZiX7WyujaH1$',#6,'Pset_SlabCommon',$,(#85,#1425,#2093,#2097));
#6472=IFCRELDEFINESBYPROPERTIES('1NzctxN6sV78LSHl_nehyZ',#6,$,$,(#6467),#6468);
#6473=IFCRELDEFINESBYPROPERTIES('0OPD5Rlxk247I2i73i6Ozv',#6,$,$,(#6467),#6470);
#6474=IFCRELDEFINESBYPROPERTIES('068waBxjPTeBvJF14YbU6v',#6,$,$,(#6467),#6471);
#6475=IFCQUANTITYLENGTH('Depth','',$,100.,$);
#6476=IFCQUANTITYLENGTH('Perimeter','',$,27764.96150296921,$);
#6477=IFCQUANTITYAREA('GrossArea','',$,46.054805632291952,$);
#6478=IFCQUANTITYAREA('NetArea','',$,46.054805632291959,$);
#6479=IFCQUANTITYVOLUME('GrossVolume','',$,4.6054805632291957,$);
#6480=IFCQUANTITYVOLUME('NetVolume','',$,4.6054805632291966,$);
#6481=IFCELEMENTQUANTITY('0ZjWCFCW8hsgFCJ5_W$3RJ',#6,'Qto_SlabBaseQuantities',$,'BaseQuantities',(#6475,#6476,#6477,#6478,#6479,#6480));
#6482=IFCRELDEFINESBYPROPERTIES('0UxVLupW4631MBgy$z$xdV',#6,$,$,(#6467),#6481);
#6483=IFCAXIS2PLACEMENT3D(#10,$,$);
#6484=IFCLOCALPLACEMENT(#32,#6483);
#6485=IFCCARTESIANPOINTLIST2D(((-3001.5424494593331,-4050.2253240427567),(3415.4048019485017,-4050.2253240427563),(2290.6981752808319,3646.2264421862146),(-2704.5605277700033,4454.2242058993006),(-3001.5424494593331,-4050.2253240427567)));
#6486=IFCINDEXEDPOLYCURVE(#6485,$,.F.);
#6487=IFCARBITRARYCLOSEDPROFILEDEF(.AREA.,$,#6486);
#6488=IFCCARTESIANPOINT((14716.663815242304,1101.8376363376462,0.));
#6489=IFCDIRECTION((0.32556815445715448,-0.94551857559931762,0.));
#6490=IFCAXIS2PLACEMENT3D(#6488,#1408,#6489);
#6491=IFCEXTRUDEDAREASOLID(#6487,#6490,#49,99.999999999999972);
#6492=IFCSTYLEDITEM(#6491,(#2083),$);
#6493=IFCSHAPEREPRESENTATION(#15,'Body','SweptSolid',(#6491));
#6494=IFCCARTESIANPOINTLIST2D(((17569.020458692215,5258.4761616355518),(19658.174132581971,-808.86666321153996),(12014.86736065838,-2251.1552529972842),(9624.5933090366489,2208.8962999238588),(17569.020458692215,5258.4761616355518)));
#6495=IFCINDEXEDPOLYCURVE(#6494,$,.F.);
#6496=IFCSHAPEREPRESENTATION(#17,'FootPrint','Curve2D',(#6495));
#6497=IFCPRODUCTDEFINITIONSHAPE($,$,(#6493,#6496));
#6498=IFCSLAB('0Q0zkUcpr56Qzun6QPIfow',#6,'Floor:Historic_timber_floor:1762795',$,$,#6484,#6497,'1762795',.FLOOR.);
#6499=IFCPROPERTYSET('3hj95HwWeC5s1VatUn9p_M',#6,'Pset_EnvironmentalImpactIndicators',$,(#2093));
#6500=IFCPROPERTYSINGLEVALUE('Reference',$,IFCLABEL('Historic_timber_floor'),$);
#6501=IFCPROPERTYSET('3HUMlULGW080MsyetdZsbN',#6,'Pset_ReinforcementBarPitchOfSlab',$,(#6500));
#6502=IFCPROPERTYSET('26jzpbatkTcJ8pQzPYb5bz',#6,'Pset_SlabCommon',$,(#85,#1425,#2093,#2097));
#6503=IFCRELDEFINESBYPROPERTIES('3IPkRJKvB5_29$dIgQmrpH',#6,$,$,(#6498),#6499);
#6504=IFCRELDEFINESBYPROPERTIES('3VKewSruMUJZ4xow2OL7pl',#6,$,$,(#6498),#6501);
#6505=IFCRELDEFINESBYPROPERTIES('0arjBlkp1qXvpmasdRmDHz',#6,$,$,(#6498),#6502);
#6506=IFCQUANTITYLENGTH('Depth','',$,100.,$);
#6507=IFCQUANTITYLENGTH('Perimeter','',$,27764.961502969192,$);
#6508=IFCQUANTITYAREA('GrossArea','',$,46.054805632291902,$);
#6509=IFCQUANTITYAREA('NetArea','',$,46.054805632291888,$);
#6510=IFCQUANTITYVOLUME('GrossVolume','',$,4.6054805632291904,$);
#6511=IFCQUANTITYVOLUME('NetVolume','',$,4.6054805632291895,$);
#6512=IFCELEMENTQUANTITY('2UPNrjs9Nbn$Ap6xPIMatL',#6,'Qto_SlabBaseQuantities',$,'BaseQuantities',(#6506,#6507,#6508,#6509,#6510,#6511));
#6513=IFCRELDEFINESBYPROPERTIES('2PKpDLP21SAQjdEsrn$WLE',#6,$,$,(#6498),#6512);
#6514=IFCAXIS2PLACEMENT3D(#6532,$,$);
#6515=IFCLOCALPLACEMENT(#24,#6514);
#6532=IFCCARTESIANPOINT((7693.2199748359262,6898.5172498806405,-1200.0075001188263));
#6533=IFCCARTESIANPOINT((2379.7700182279336,775.73599931661829));
#6534=IFCDIRECTION((0.52622592998257189,-0.85034479513546579));
#6535=IFCAXIS2PLACEMENT2D(#6533,#6534);
#6536=IFCRECTANGLEPROFILEDEF(.AREA.,$,#6535,1185.3072431370833,4863.6748925618058);
#6537=IFCCARTESIANPOINT((0.,1044.7309044549736,2547.3075001188263));
#6538=IFCDIRECTION((0.4407004641640192,0.23618446368382823,0.86602540378443904));
#6539=IFCDIRECTION((0.89765422122642413,-0.11595400579923106,-0.42517239756773234));
#6540=IFCAXIS2PLACEMENT3D(#6537,#6538,#6539);
#6541=IFCDIRECTION((0.42517239756773234,0.263112964991286,-0.86602540378443904));
#6542=IFCEXTRUDEDAREASOLID(#6536,#6540,#6541,115.47005383792511);
#6543=IFCSTYLEDITEM(#6542,(#2083),$);
#6544=IFCSHAPEREPRESENTATION(#15,'Body','SweptSolid',(#6542));
#6545=IFCPRODUCTDEFINITIONSHAPE($,$,(#6544,#6548));
#6546=IFCCARTESIANPOINTLIST2D(((3101.8626012595441,2707.1111705822777),(3661.7649123013216,1662.3802661273032),(-50.753981477679233,-327.26883829689888),(-610.65629251945711,717.46206615807466),(3101.8626012595441,2707.1111705822777)));
#6547=IFCINDEXEDPOLYCURVE(#6546,$,.F.);
#6548=IFCSHAPEREPRESENTATION(#17,'FootPrint','Curve2D',(#6547));
#6549=IFCSLAB('29EhuKJnX5AwZm6G$V3dVQ',#6,'Floor:Historic_timber_floor:1763075',$,$,#6515,#6545,'1763075',.FLOOR.);
#6550=IFCPROPERTYSET('2pcnqFu9KWm2pzQwv2beNF',#6,'Pset_EnvironmentalImpactIndicators',$,(#2093));
#6551=IFCPROPERTYSINGLEVALUE('Reference',$,IFCLABEL('Historic_timber_floor'),$);
#6552=IFCPROPERTYSET('0X5AbygXY41rMh_kmD9PSq',#6,'Pset_ReinforcementBarPitchOfSlab',$,(#6551));
#6553=IFCPROPERTYSET('3GrQmi$3HPuXQ22mr_NHkS',#6,'Pset_SlabCommon',$,(#85,#1425,#2093,#5617));
#6554=IFCRELDEFINESBYPROPERTIES('1pJ74sYHEXURQduuALUKvs',#6,$,$,(#6549),#6550);
#6555=IFCRELDEFINESBYPROPERTIES('0XBtxSr4GUo6KVSO7zVC6_',#6,$,$,(#6549),#6552);
#6556=IFCRELDEFINESBYPROPERTIES('0DKrGaKWUWy501kbraSAkY',#6,$,$,(#6549),#6553);
#6557=IFCQUANTITYLENGTH('Depth','',$,100.,$);
#6558=IFCQUANTITYLENGTH('Perimeter','',$,10794.746511688318,$);
#6559=IFCQUANTITYAREA('GrossArea','',$,4.9925923534332286,$);
#6560=IFCQUANTITYAREA('NetArea','',$,5.7649490784174828,$);
#6561=IFCQUANTITYVOLUME('GrossVolume','',$,0.49925923534332289,$);
#6562=IFCQUANTITYVOLUME('NetVolume','',$,0.57649490784174751,$);
#6563=IFCELEMENTQUANTITY('1Ub7jqajRNHCCsJWC0Yjrf',#6,'Qto_SlabBaseQuantities',$,'BaseQuantities',(#6557,#6558,#6559,#6560,#6561,#6562));
#6564=IFCRELDEFINESBYPROPERTIES('0SY$cbgl7oI9k6WKFx4qPq',#6,$,$,(#6549),#6563);
#6565=IFCAXIS2PLACEMENT3D(#10,$,$);
#6566=IFCLOCALPLACEMENT(#24,#6565);
#6567=IFCCARTESIANPOINTLIST2D(((-592.65362156854235,-500.00000000000023),(592.65362156853962,-499.99999999999977),(592.65362156854098,499.99999999999829),(-592.65362156854212,499.99999999999972),(-592.65362156854235,-500.00000000000023)));
#6568=IFCINDEXEDPOLYCURVE(#6567,$,.F.);
#6569=IFCARBITRARYCLOSEDPROFILEDEF(.AREA.,$,#6568);
#6570=IFCCARTESIANPOINT((7532.4706661927958,7184.6982384242983,1347.3000000000002));
#6571=IFCDIRECTION((0.47236892736765629,-0.88140092832803951,0.));
#6572=IFCAXIS2PLACEMENT3D(#6570,#1408,#6571);
#6573=IFCEXTRUDEDAREASOLID(#6569,#6572,#49,100.);
#6574=IFCSTYLEDITEM(#6573,(#2083),$);
#6575=IFCSHAPEREPRESENTATION(#15,'Body','SweptSolid',(#6573));
#6576=IFCCARTESIANPOINTLIST2D(((7693.2199748359262,7943.2481543356143),(8253.1222858777037,6898.5172498806405),(7371.7213575496662,6426.1483225129841),(6811.8190465078869,7470.8792269679579),(7693.2199748359262,7943.2481543356143)));
#6577=IFCINDEXEDPOLYCURVE(#6576,$,.F.);
#6578=IFCSHAPEREPRESENTATION(#17,'FootPrint','Curve2D',(#6577));
#6579=IFCPRODUCTDEFINITIONSHAPE($,$,(#6575,#6578));
#6580=IFCSLAB('29EhuKJnX5AwZm6G$V3dZ5',#6,'Floor:Historic_timber_floor:1763356',$,$,#6566,#6579,'1763356',.FLOOR.);
#6581=IFCPROPERTYSET('0LgGPJtyfriaWEjTtcqbJa',#6,'Pset_EnvironmentalImpactIndicators',$,(#2093));
#6582=IFCPROPERTYSINGLEVALUE('Reference',$,IFCLABEL('Historic_timber_floor'),$);
#6583=IFCPROPERTYSET('20xynMc5yjtakhqEVxYawh',#6,'Pset_ReinforcementBarPitchOfSlab',$,(#6582));
#6584=IFCPROPERTYSET('1bjnEH1rRLKg$83$4ssgyw',#6,'Pset_SlabCommon',$,(#85,#1425,#2093,#2097));
#6585=IFCRELDEFINESBYPROPERTIES('2ZWf6oDfNNB0tLYpiUzZcO',#6,$,$,(#6580),#6581);
#6586=IFCRELDEFINESBYPROPERTIES('3eDT$rFLpnm28X9WXeoV$9',#6,$,$,(#6580),#6583);
#6587=IFCRELDEFINESBYPROPERTIES('1iyIXW5vXLeqLE96ZRMWLB',#6,$,$,(#6580),#6584);
#6588=IFCQUANTITYLENGTH('Width','',$,999.99999999999989,$);
#6589=IFCQUANTITYLENGTH('Length','',$,1185.3072431370831,$);
#6590=IFCQUANTITYLENGTH('Depth','',$,100.,$);
#6591=IFCQUANTITYLENGTH('Perimeter','',$,4370.6144862741639,$);
#6592=IFCQUANTITYAREA('GrossArea','',$,1.1853072431370817,$);
#6593=IFCQUANTITYAREA('NetArea','',$,1.1853072431370812,$);
#6594=IFCQUANTITYVOLUME('GrossVolume','',$,0.11853072431370816,$);
#6595=IFCQUANTITYVOLUME('NetVolume','',$,0.11853072431370815,$);
#6596=IFCELEMENTQUANTITY('0pjwqV8scPMrSbIgh4XAzq',#6,'Qto_SlabBaseQuantities',$,'BaseQuantities',(#6588,#6589,#6590,#6591,#6592,#6593,#6594,#6595));
#6597=IFCRELDEFINESBYPROPERTIES('37dRIl4CFHyGKcMJUSdgAV',#6,$,$,(#6580),#6596);
#6598=IFCAXIS2PLACEMENT3D(#10,$,$);
#6599=IFCLOCALPLACEMENT(#24,#6598);
#6600=IFCCARTESIANPOINTLIST2D(((-592.65362156854076,-499.99999999999886),(592.65362156854121,-499.99999999999784),(592.65362156854133,499.99999999999795),(-592.65362156854087,500.00000000000063),(-592.65362156854076,-499.99999999999886)));
#6601=IFCINDEXEDPOLYCURVE(#6600,$,.F.);
#6602=IFCARBITRARYCLOSEDPROFILEDEF(.AREA.,$,#6601);
#6603=IFCCARTESIANPOINT((8698.1180809684392,5009.6976108178778,2103.1386057025561));
#6604=IFCDIRECTION((0.47236892736765579,-0.88140092832803985,0.));
#6605=IFCAXIS2PLACEMENT3D(#6603,#1408,#6604);
#6606=IFCEXTRUDEDAREASOLID(#6602,#6605,#49,100.);
#6607=IFCSTYLEDITEM(#6606,(#2083),$);
#6608=IFCSHAPEREPRESENTATION(#15,'Body','SweptSolid',(#6606));
#6609=IFCCARTESIANPOINTLIST2D(((8858.8673896115706,5768.247526729192),(9418.7697006533472,4723.5166222742182),(8537.3687723253097,4251.1476949065636),(7977.4664612835313,5295.8785993615365),(8858.8673896115706,5768.247526729192)));
#6610=IFCINDEXEDPOLYCURVE(#6609,$,.F.);
#6611=IFCSHAPEREPRESENTATION(#17,'FootPrint','Curve2D',(#6610));
#6612=IFCPRODUCTDEFINITIONSHAPE($,$,(#6608,#6611));
#6613=IFCSLAB('29EhuKJnX5AwZm6G$V3dWl',#6,'Floor:Historic_timber_floor:1763574',$,$,#6599,#6612,'1763574',.FLOOR.);
#6614=IFCPROPERTYSET('2NzFctNiApS6FvaL0nLhAT',#6,'Pset_EnvironmentalImpactIndicators',$,(#2093));
#6615=IFCPROPERTYSINGLEVALUE('Reference',$,IFCLABEL('Historic_timber_floor'),$);
#6616=IFCPROPERTYSET('33$E0efDdFPTV2UjjIYEav',#6,'Pset_ReinforcementBarPitchOfSlab',$,(#6615));
#6617=IFCPROPERTYSET('1ktyIIxWkwIUk5SoHKVL_o',#6,'Pset_SlabCommon',$,(#85,#1425,#2093,#2097));
#6618=IFCRELDEFINESBYPROPERTIES('2QC6Q62wTR21x3N6jIgLcG',#6,$,$,(#6613),#6614);
#6619=IFCRELDEFINESBYPROPERTIES('0YLO$9EwCgG253glnJvjfz',#6,$,$,(#6613),#6616);
#6620=IFCRELDEFINESBYPROPERTIES('0rsphhKoqUhz4bY2YxtqOh',#6,$,$,(#6613),#6617);
#6621=IFCQUANTITYLENGTH('Width','',$,999.99999999999955,$);
#6622=IFCQUANTITYLENGTH('Length','',$,1185.3072431370824,$);
#6623=IFCQUANTITYLENGTH('Depth','',$,100.,$);
#6624=IFCQUANTITYLENGTH('Perimeter','',$,4370.6144862741594,$);
#6625=IFCQUANTITYAREA('GrossArea','',$,1.1853072431370792,$);
#6626=IFCQUANTITYAREA('NetArea','',$,1.1853072431370799,$);
#6627=IFCQUANTITYVOLUME('GrossVolume','',$,0.11853072431370794,$);
#6628=IFCQUANTITYVOLUME('NetVolume','',$,0.11853072431370801,$);
#6629=IFCELEMENTQUANTITY('1OiwXnV5OTCrsAmeTkyw0y',#6,'Qto_SlabBaseQuantities',$,'BaseQuantities',(#6621,#6622,#6623,#6624,#6625,#6626,#6627,#6628));
#6630=IFCRELDEFINESBYPROPERTIES('1lNJcx$olorSZ1Uu4T7JWz',#6,$,$,(#6613),#6629);
#6631=IFCAXIS2PLACEMENT3D(#6649,$,$);
#6632=IFCLOCALPLACEMENT(#24,#6631);
#6649=IFCCARTESIANPOINT((7371.7213575496698,5295.8785993615365,1247.2999999999993));
#6650=IFCCARTESIANPOINT((-765.22250941311574,461.06409931551667));
#6651=IFCDIRECTION((-0.90706334903653618,-0.4209941577202978));
#6652=IFCAXIS2PLACEMENT2D(#6650,#6651);
#6653=IFCRECTANGLEPROFILEDEF(.AREA.,$,#6652,1000.0000000000006,1480.7371037292655);
#6654=IFCCARTESIANPOINT((1487.1460320619003,472.36892736765549,855.83860570255717));
#6655=IFCDIRECTION((-0.23618446368382789,0.44070046416401942,0.86602540378443893));
#6656=IFCDIRECTION((0.97170823764872072,0.10711713530972551,0.21049707886014801));
#6657=IFCAXIS2PLACEMENT3D(#6654,#6655,#6656);
#6658=IFCDIRECTION((-0.21049707886014801,0.45353167451826798,-0.86602540378443893));
#6659=IFCEXTRUDEDAREASOLID(#6653,#6657,#6658,115.47005383792512);
#6660=IFCSTYLEDITEM(#6659,(#2083),$);
#6661=IFCSHAPEREPRESENTATION(#15,'Body','SweptSolid',(#6659));
#6662=IFCPRODUCTDEFINITIONSHAPE($,$,(#6661,#6665));
#6663=IFCCARTESIANPOINTLIST2D(((541.23436939628073,2237.3610114910966),(1146.9794731301386,1107.0912883396456),(265.57854480210239,634.72236097199129),(-340.16655893175857,1764.9920841234391),(541.23436939628073,2237.3610114910966)));
#6664=IFCINDEXEDPOLYCURVE(#6663,$,.F.);
#6665=IFCSHAPEREPRESENTATION(#17,'FootPrint','Curve2D',(#6664));
#6666=IFCSLAB('29EhuKJnX5AwZm6G$V3dd_',#6,'Floor:Historic_timber_floor:1763623',$,$,#6632,#6662,'1763623',.FLOOR.);
#6667=IFCPROPERTYSET('3AbWAKTq1jmy5ODC_es$mH',#6,'Pset_EnvironmentalImpactIndicators',$,(#2093));
#6668=IFCPROPERTYSINGLEVALUE('Reference',$,IFCLABEL('Historic_timber_floor'),$);
#6669=IFCPROPERTYSET('2j2EV0TTNNkYfKOVz063BH',#6,'Pset_ReinforcementBarPitchOfSlab',$,(#6668));
#6670=IFCPROPERTYSET('2nGBlp$BIjCUTSFExId34I',#6,'Pset_SlabCommon',$,(#85,#1425,#2093,#5617));
#6671=IFCRELDEFINESBYPROPERTIES('1csGu57UofadwVmuPn1Yxf',#6,$,$,(#6666),#6667);
#6672=IFCRELDEFINESBYPROPERTIES('1PM2524D5ssd$Wr8YAb85V',#6,$,$,(#6666),#6669);
#6673=IFCRELDEFINESBYPROPERTIES('2coIv6fxDJ19gU26ePQDxF',#6,$,$,(#6666),#6670);
#6674=IFCQUANTITYLENGTH('Depth','',$,100.,$);
#6675=IFCQUANTITYLENGTH('Perimeter','',$,4564.7118963114699,$);
#6676=IFCQUANTITYAREA('GrossArea','',$,1.2823559481557347,$);
#6677=IFCQUANTITYAREA('NetArea','',$,1.480737103729262,$);
#6678=IFCQUANTITYVOLUME('GrossVolume','',$,0.12823559481557348,$);
#6679=IFCQUANTITYVOLUME('NetVolume','',$,0.14807371037292619,$);
#6680=IFCELEMENTQUANTITY('1wf_BduqfId_45SRCDe67i',#6,'Qto_SlabBaseQuantities',$,'BaseQuantities',(#6674,#6675,#6676,#6677,#6678,#6679));
#6681=IFCRELDEFINESBYPROPERTIES('1pPDhH9_VTx3WEOHzneqTm',#6,$,$,(#6666),#6680);
#6682=IFCAXIS2PLACEMENT3D(#6700,$,$);
#6683=IFCLOCALPLACEMENT(#24,#6682);
#6700=IFCCARTESIANPOINT((8858.8673896115688,4723.5166222742182,1987.6685518646298));
#6701=IFCCARTESIANPOINT((-1386.1509900802578,-1554.7601666794135));
#6702=IFCDIRECTION((0.52622592998257289,-0.85034479513546524));
#6703=IFCAXIS2PLACEMENT2D(#6701,#6702);
#6704=IFCRECTANGLEPROFILEDEF(.AREA.,$,#6703,1185.3072431370854,3993.7227885947059);
#6705=IFCCARTESIANPOINT((3048.4708860472401,2678.4969651343704,2112.3314481352768));
#6706=IFCDIRECTION((-0.44070046416401915,-0.23618446368382845,0.86602540378443904));
#6707=IFCDIRECTION((0.89765422122642424,-0.11595400579923115,0.42517239756773223));
#6708=IFCAXIS2PLACEMENT3D(#6705,#6706,#6707);
#6709=IFCDIRECTION((-0.42517239756773223,-0.26311296499128622,-0.86602540378443904));
#6710=IFCEXTRUDEDAREASOLID(#6704,#6708,#6709,115.47005383792511);
#6711=IFCSTYLEDITEM(#6710,(#2083),$);
#6712=IFCSHAPEREPRESENTATION(#15,'Body','SweptSolid',(#6710));
#6713=IFCPRODUCTDEFINITIONSHAPE($,$,(#6712,#6716));
#6714=IFCCARTESIANPOINTLIST2D(((2036.9919506914348,2136.4153716246597),(2596.894261733215,1091.684467169684),(-451.57662431402645,-542.08159350971039),(-1011.4789353558043,502.64931094526423),(2036.9919506914348,2136.4153716246597)));
#6715=IFCINDEXEDPOLYCURVE(#6714,$,.F.);
#6716=IFCSHAPEREPRESENTATION(#17,'FootPrint','Curve2D',(#6715));
#6717=IFCSLAB('29EhuKJnX5AwZm6G$V3dgd',#6,'Floor:Historic_timber_floor:1763966',$,$,#6683,#6713,'1763966',.FLOOR.);
#6718=IFCPROPERTYSET('2YJq0iNMPENNBBOyIj8ig5',#6,'Pset_EnvironmentalImpactIndicators',$,(#2093));
#6719=IFCPROPERTYSINGLEVALUE('Reference',$,IFCLABEL('Historic_timber_floor'),$);
#6720=IFCPROPERTYSET('06PqqtEYW$h29Yy$iK74HJ',#6,'Pset_ReinforcementBarPitchOfSlab',$,(#6719));
#6721=IFCPROPERTYSET('3qPwCpYjTKq4oFRLNNoln0',#6,'Pset_SlabCommon',$,(#85,#1425,#2093,#5617));
#6722=IFCRELDEFINESBYPROPERTIES('2phdLH24Vlj5hOMWZmwSo$',#6,$,$,(#6717),#6718);
#6723=IFCRELDEFINESBYPROPERTIES('3TaeW_HuoqIXurZcazZURR',#6,$,$,(#6717),#6720);
#6724=IFCRELDEFINESBYPROPERTIES('0PNmTWTdeII$$my87mXB8U',#6,$,$,(#6717),#6721);
#6725=IFCQUANTITYLENGTH('Depth','',$,100.,$);
#6726=IFCQUANTITYLENGTH('Perimeter','',$,9287.9452674658587,$);
#6727=IFCQUANTITYAREA('GrossArea','',$,4.099581139060807,$);
#6728=IFCQUANTITYAREA('NetArea','',$,4.7337885484029369,$);
#6729=IFCQUANTITYVOLUME('GrossVolume','',$,0.40995811390608078,$);
#6730=IFCQUANTITYVOLUME('NetVolume','',$,0.47337885484029346,$);
#6731=IFCELEMENTQUANTITY('38AO9eg1fX8QrsKN5dKEs0',#6,'Qto_SlabBaseQuantities',$,'BaseQuantities',(#6725,#6726,#6727,#6728,#6729,#6730));
#6732=IFCRELDEFINESBYPROPERTIES('3g74Lw5NrXzFr4ldI1GN2m',#6,$,$,(#6717),#6731);
#6733=IFCAXIS2PLACEMENT3D(#10,$,$);
#6734=IFCLOCALPLACEMENT(#28,#6733);
#6735=IFCCARTESIANPOINTLIST2D(((-1826.4852172149494,-2416.3666587045741),(1826.4852172149572,-2416.3666587045741),(1826.4852172149538,-662.96603659334687),(641.17797407786838,-662.96603659334482),(641.17797407786509,2795.6993540025028),(-641.17797407787407,2795.6993540025001),(-641.17797407786998,283.63334129542648),(-1826.4852172149526,283.63334129542534),(-1826.4852172149494,-2416.3666587045741)));
#6736=IFCINDEXEDPOLYCURVE(#6735,$,.F.);
#6737=IFCARBITRARYCLOSEDPROFILEDEF(.AREA.,$,#6736);
#6738=IFCCARTESIANPOINT((11020.126843688542,7653.983893397527,-0.));
#6739=IFCDIRECTION((0.47236892736765757,-0.88140092832803885,0.));
#6740=IFCAXIS2PLACEMENT3D(#6738,#1408,#6739);
#6741=IFCEXTRUDEDAREASOLID(#6737,#6740,#49,99.999999999999972);
#6742=IFCSTYLEDITEM(#6741,(#2083),$);
#6743=IFCSHAPEREPRESENTATION(#15,'Body','SweptSolid',(#6741));
#6744=IFCCARTESIANPOINTLIST2D(((12287.139796942965,10405.266186127474),(14012.689522760387,7185.5346540660748),(12467.240586700589,6357.2826829536143),(11907.338275658807,7402.0135874085881),(8858.867389611567,5768.2475267291911),(8253.1222858777073,6898.5172498806432),(10467.259601499038,8085.1391777798281),(9907.3572904572611,9129.8700822348019),(12287.139796942965,10405.266186127474)));
#6745=IFCINDEXEDPOLYCURVE(#6744,$,.F.);
#6746=IFCSHAPEREPRESENTATION(#17,'FootPrint','Curve2D',(#6745));
#6747=IFCPRODUCTDEFINITIONSHAPE($,$,(#6743,#6746));
#6748=IFCSLAB('1L7Qk_WJzBIfm4Xr$$3BV9',#6,'Floor:Historic_timber_floor:1764629',$,$,#6734,#6747,'1764629',.FLOOR.);
#6749=IFCPROPERTYSET('1bPuD7SP3bqvzMkU1AQc8E',#6,'Pset_EnvironmentalImpactIndicators',$,(#2093));
#6750=IFCPROPERTYSINGLEVALUE('Reference',$,IFCLABEL('Historic_timber_floor'),$);
#6751=IFCPROPERTYSET('0ScF9UDHksE2oWSyCe_uMC',#6,'Pset_ReinforcementBarPitchOfSlab',$,(#6750));
#6752=IFCPROPERTYSET('1hzJXXoJpCfNhXRA98sBDM',#6,'Pset_SlabCommon',$,(#85,#1425,#2093,#2097));
#6753=IFCRELDEFINESBYPROPERTIES('3o4EtbnNnVYLgHTalBYW8P',#6,$,$,(#6748),#6749);
#6754=IFCRELDEFINESBYPROPERTIES('0NY2ZLpFtTcdgD8Vq8MHxA',#6,$,$,(#6748),#6751);
#6755=IFCRELDEFINESBYPROPERTIES('1pxyF4R2CQWgJAyHWiKg4m',#6,$,$,(#6748),#6752);
#6756=IFCQUANTITYLENGTH('Depth','',$,100.,$);
#6757=IFCQUANTITYLENGTH('Perimeter','',$,17730.072894273959,$);
#6758=IFCQUANTITYAREA('GrossArea','',$,11.962371867554909,$);
#6759=IFCQUANTITYAREA('NetArea','',$,11.962371867554912,$);
#6760=IFCQUANTITYVOLUME('GrossVolume','',$,1.1962371867554911,$);
#6761=IFCQUANTITYVOLUME('NetVolume','',$,1.1962371867554911,$);
#6762=IFCELEMENTQUANTITY('0kkbQsavVulzYgBUOmTXqh',#6,'Qto_SlabBaseQuantities',$,'BaseQuantities',(#6756,#6757,#6758,#6759,#6760,#6761));
#6763=IFCRELDEFINESBYPROPERTIES('3TgXpidmiK7gNXIQxhlASL',#6,$,$,(#6748),#6762);
#6764=IFCCARTESIANPOINT((8297.1923322941075,6922.1356962490245,-1200.));
#6765=IFCDIRECTION((0.4723689273676579,-0.88140092832803862,0.));
#6766=IFCAXIS2PLACEMENT3D(#6764,#49,#6765);
#6767=IFCLOCALPLACEMENT(#24,#6766);
#6768=IFCCARTESIANPOINTLIST3D(((0.,5.4143356464919636E-013,0.),(1282.35594815574,-5.4143356464919636E-013,0.)));
#6769=IFCINDEXEDPOLYCURVE(#6768,$,.F.);
#6770=IFCSHAPEREPRESENTATION(#14,'Axis','Curve3D',(#6769));
#6771=IFCPRODUCTDEFINITIONSHAPE($,$,(#6770,#6808));
#6788=IFCCARTESIANPOINTLIST2D(((1282.3559481557397,49.999999999999396),(4.1453507293454097E-013,49.999999999999936),(-4.1453507293454097E-013,-49.999999999999936),(1282.3559481557388,-50.000000000000476),(1282.3559481557397,49.999999999999396)));
#6789=IFCINDEXEDPOLYCURVE(#6788,$,.F.);
#6790=IFCARBITRARYCLOSEDPROFILEDEF(.AREA.,$,#6789);
#6791=IFCAXIS2PLACEMENT3D(#10,$,$);
#6792=IFCEXTRUDEDAREASOLID(#6790,#6791,#49,5199.9999999999818);
#6793=IFCCOLOURRGB($,0.64313725490196083,0.55686274509803924,0.30196078431372547);
#6794=IFCSURFACESTYLERENDERING(#6793,0.,$,$,$,$,IFCNORMALISEDRATIOMEASURE(0.5),IFCSPECULAREXPONENT(64.),.NOTDEFINED.);
#6795=IFCSURFACESTYLE('Lightweigth_wood',.BOTH.,(#6794));
#6796=IFCSTYLEDITEM(#6792,(#6795),$);
#6797=IFCCOLOURRGBLIST(((0.64313725490196083,0.55686274509803924,0.30196078431372547)));
#6798=IFCINDEXEDPOLYGONALFACE((1,2,3,4));
#6799=IFCINDEXEDPOLYGONALFACE((5,6,7,8));
#6800=IFCINDEXEDPOLYGONALFACE((2,1,5,8));
#6801=IFCINDEXEDPOLYGONALFACE((3,2,8,7));
#6802=IFCINDEXEDPOLYGONALFACE((1,4,6,5));
#6803=IFCINDEXEDPOLYGONALFACE((4,3,7,6));
#6804=IFCCARTESIANPOINTLIST3D(((-1.0828671292983927E-012,-50.000000000001627,0.),(1282.3559481557379,-50.,-1.3535839116229909E-013),(1282.3559481557379,-50.,5199.9999999999818),(-1.0828671292983927E-012,-50.000000000001627,5199.9999999999818),(0.,50.,0.),(0.,50.,5199.9999999999818),(1282.3559481557379,49.99999999999946,5199.9999999999818),(1282.3559481557388,50.000000000000547,-1.3535839116229909E-013)));
#6805=IFCPOLYGONALFACESET(#6804,.T.,(#6798,#6799,#6800,#6801,#6802,#6803),$);
#6806=IFCINDEXEDCOLOURMAP(#6805,1.,#6797,(1,1,1,1,1,1));
#6807=IFCSTYLEDITEM(#6805,(#6795),$);
#6808=IFCSHAPEREPRESENTATION(#15,'Body','Tessellation',(#6805));
#6809=IFCWALL('1L7Qk_WJzBIfm4Xr$$3BTL',#6,'Basic Wall:Castelnuovo_internal:1764745',$,$,#6767,#6771,'1764745',.NOTDEFINED.);
#6810=IFCQUANTITYLENGTH('Height',$,$,5199.9999999999818,$);
#6811=IFCQUANTITYLENGTH('Length',$,$,1282.3559481557388,$);
#6812=IFCQUANTITYLENGTH('Width',$,$,100.,$);
#6813=IFCQUANTITYAREA('GrossFootprintArea',$,$,0.12823559481557378,$);
#6814=IFCQUANTITYVOLUME('GrossVolume',$,$,0.66682509304098192,$);
#6815=IFCQUANTITYAREA('GrossSideArea',$,$,0.66682509304098192,$);
#6816=IFCQUANTITYAREA('NetSideArea',$,$,6.6682509304098181,$);
#6817=IFCQUANTITYVOLUME('NetVolume',$,$,0.66682509304098403,$);
#6818=IFCELEMENTQUANTITY('16vlu8cC0E8WfA8_dMqaf2',#6,'Qto_WallBaseQuantities',$,'BaseQuantities',(#6810,#6811,#6812,#6813,#6814,#6815,#6816,#6817));
#6819=IFCRELDEFINESBYPROPERTIES('0260jM6fM28t9SBzGLmxLU',#6,$,$,(#6809),#6818);
#6820=IFCMATERIAL('Lightweigth_wood',$,$);
#6821=IFCWALLTYPE('1L7Qk_WJzBIfm4Xr$$3BSB',#6,'Basic Wall:Castelnuovo_internal',$,$,(#6831),$,'1764823',$,.STANDARD.);
#6822=IFCPROPERTYSINGLEVALUE('Reference',$,IFCIDENTIFIER('Castelnuovo_internal'),$);
#6823=IFCPROPERTYSET('0CUfKuGlbuhqW9$qqJv4d$',#6,'Pset_EnvironmentalImpactIndicators',$,(#6822));
#6824=IFCPROPERTYSINGLEVALUE('Reference',$,IFCLABEL('Castelnuovo_internal'),$);
#6825=IFCPROPERTYSET('0_omzu6iSRlfkbO3w8Le9$',#6,'Pset_ReinforcementBarPitchOfWall',$,(#6824));
#6826=IFCPROPERTYSET('1cEsb3gD7vNHjPm19x3Fk5',#6,'Pset_WallCommon',$,(#84,#85,#86,#6822));
#6827=IFCRELDEFINESBYPROPERTIES('3mJFfjrByOGNlTTDuOsyv0',#6,$,$,(#6809),#6823);
#6828=IFCRELDEFINESBYPROPERTIES('1Yj52KANcv_g9iU7ccQAJn',#6,$,$,(#6809),#6825);
#6829=IFCRELDEFINESBYPROPERTIES('1VXfuYTk11F5mviLnwid14',#6,$,$,(#6809),#6826);
#6830=IFCPROPERTYSINGLEVALUE('Description',$,IFCTEXT('Generic Wall (Material By Category), 200mm thick'),$);
#6831=IFCPROPERTYSET('1_5EtQy0XGyXCWVx6QddkD',#6,'Pset_ReinforcementBarPitchOfWall',$,(#6830));
#6832=IFCAXIS2PLACEMENT3D(#10,$,$);
#6833=IFCLOCALPLACEMENT(#32,#6832);
#6834=IFCCARTESIANPOINTLIST2D(((-1826.4852172149506,-3106.0330063535353),(1826.485217214956,-3106.0330063535384),(1826.4852172149485,3106.0330063535353),(-1826.4852172149551,3106.0330063535389),(-1826.4852172149506,-3106.0330063535353)));
#6835=IFCINDEXEDPOLYCURVE(#6834,$,.F.);
#6836=IFCARBITRARYCLOSEDPROFILEDEF(.AREA.,$,#6835);
#6837=IFCCARTESIANPOINT((10412.254284634137,7328.2069405170178,0.));
#6838=IFCDIRECTION((0.47236892736765729,-0.88140092832803896,0.));
#6839=IFCAXIS2PLACEMENT3D(#6837,#1408,#6838);
#6840=IFCEXTRUDEDAREASOLID(#6836,#6839,#49,100.);
#6841=IFCSTYLEDITEM(#6840,(#2083),$);
#6842=IFCSHAPEREPRESENTATION(#15,'Body','SweptSolid',(#6840));
#6843=IFCCARTESIANPOINTLIST2D(((12287.139796942964,10405.266186127474),(14012.689522760387,7185.5346540660757),(8537.3687723253097,4251.1476949065627),(6811.8190465078869,7470.8792269679579),(12287.139796942964,10405.266186127474)));
#6844=IFCINDEXEDPOLYCURVE(#6843,$,.F.);
#6845=IFCSHAPEREPRESENTATION(#17,'FootPrint','Curve2D',(#6844));
#6846=IFCPRODUCTDEFINITIONSHAPE($,$,(#6842,#6845));
#6847=IFCSLAB('1L7Qk_WJzBIfm4Xr$$3AfQ',#6,'Floor:Historic_timber_floor:1765510',$,$,#6833,#6846,'1765510',.FLOOR.);
#6848=IFCPROPERTYSET('0Sb8hl4aUEWlyoCzLYn0qB',#6,'Pset_EnvironmentalImpactIndicators',$,(#2093));
#6849=IFCPROPERTYSINGLEVALUE('Reference',$,IFCLABEL('Historic_timber_floor'),$);
#6850=IFCPROPERTYSET('2s2aE8wXww$F$UZjT6RKN7',#6,'Pset_ReinforcementBarPitchOfSlab',$,(#6849));
#6851=IFCPROPERTYSET('2_d51q5jj2D10trqcwXo8B',#6,'Pset_SlabCommon',$,(#85,#1425,#2093,#2097));
#6852=IFCRELDEFINESBYPROPERTIES('0oJAH9d2N7pS60b4V4ViMn',#6,$,$,(#6847),#6848);
#6853=IFCRELDEFINESBYPROPERTIES('3nMdTmfffnYnJkDMFoAgTs',#6,$,$,(#6847),#6850);
#6854=IFCRELDEFINESBYPROPERTIES('3iiGcltD75QfOrwCQ68uPq',#6,$,$,(#6847),#6851);
#6855=IFCQUANTITYLENGTH('Width','',$,6212.0660127070742,$);
#6856=IFCQUANTITYLENGTH('Length','',$,3652.9704344299121,$);
#6857=IFCQUANTITYLENGTH('Depth','',$,100.,$);
#6858=IFCQUANTITYLENGTH('Perimeter','',$,19730.072894273962,$);
#6859=IFCQUANTITYAREA('GrossArea','',$,22.69249348114581,$);
#6860=IFCQUANTITYAREA('NetArea','',$,22.692493481145803,$);
#6861=IFCQUANTITYVOLUME('GrossVolume','',$,2.2692493481145815,$);
#6862=IFCQUANTITYVOLUME('NetVolume','',$,2.2692493481145806,$);
#6863=IFCELEMENTQUANTITY('2kMk7R10EDYxxGoYN7vGZO',#6,'Qto_SlabBaseQuantities',$,'BaseQuantities',(#6855,#6856,#6857,#6858,#6859,#6860,#6861,#6862));
#6864=IFCRELDEFINESBYPROPERTIES('3fadInNv2cLMyfsGTrJfjA',#6,$,$,(#6847),#6863);
#6865=IFCCARTESIANPOINTLIST2D(((-250.00000000048493,-600.00000000000637),(250.00000000048493,-600.00000000000637),(250.00000000048493,600.00000000000637),(-250.00000000048493,600.00000000000637),(-250.00000000048493,-600.00000000000637)));
#6866=IFCINDEXEDPOLYCURVE(#6865,$,.F.);
#6867=IFCARBITRARYCLOSEDPROFILEDEF(.AREA.,'DoorV2',#6866);
#6868=IFCCARTESIANPOINT((600.,250.,2000.));
#6869=IFCAXIS2PLACEMENT3D(#6868,#49,#146);
#6870=IFCEXTRUDEDAREASOLID(#6867,#6869,#49,200.);
#6871=IFCCARTESIANPOINTLIST2D(((-250.00000000048493,-99.999999999998252),(250.00000000048493,-99.999999999998252),(250.00000000048493,99.999999999998252),(-250.00000000048493,99.999999999998252),(-250.00000000048493,-99.999999999998252)));
#6872=IFCINDEXEDPOLYCURVE(#6871,$,.F.);
#6873=IFCARBITRARYCLOSEDPROFILEDEF(.AREA.,'DoorV2',#6872);
#6874=IFCCARTESIANPOINT((1100.,250.,0.));
#6875=IFCAXIS2PLACEMENT3D(#6874,#49,#146);
#6876=IFCEXTRUDEDAREASOLID(#6873,#6875,#49,1999.9999999999959);
#6877=IFCCARTESIANPOINTLIST2D(((-250.00000000048493,-100.00000000000129),(250.00000000048493,-100.00000000000129),(250.00000000048493,100.00000000000129),(-250.00000000048493,100.00000000000129),(-250.00000000048493,-100.00000000000129)));
#6878=IFCINDEXEDPOLYCURVE(#6877,$,.F.);
#6879=IFCARBITRARYCLOSEDPROFILEDEF(.AREA.,'DoorV2',#6878);
#6880=IFCCARTESIANPOINT((100.,250.,0.));
#6881=IFCAXIS2PLACEMENT3D(#6880,#49,#146);
#6882=IFCEXTRUDEDAREASOLID(#6879,#6881,#49,2000.0000000000002);
#6883=IFCSTYLEDITEM(#6870,(#2438),$);
#6884=IFCSTYLEDITEM(#6876,(#2438),$);
#6885=IFCSTYLEDITEM(#6882,(#2438),$);
#6886=IFCSHAPEREPRESENTATION(#15,'Body','SweptSolid',(#6870,#6876,#6882));
#6887=IFCAXIS2PLACEMENT3D(#10,$,$);
#6888=IFCREPRESENTATIONMAP(#6887,#6886);
#6889=IFCDOORLININGPROPERTIES('1L7Qk_WJzBIfm4Xrx$3Aef',#6,'DoorV2:DoorV2:1765621',$,$,$,$,$,$,$,$,$,$,$,$,$,$);
#6890=IFCDOORPANELPROPERTIES('1L7Qk_WJzBIfm4Xrt$3Aef',#6,'DoorV2:DoorV2:1765621:1',$,$,.NOTDEFINED.,$,.NOTDEFINED.,$);
#6891=IFCDOORTYPE('3QHP7N55hhuwKS6yJkxngP',#6,'DoorV2:DoorV2',$,$,(#6889,#6890),(#6888),'1721182',$,.DOOR.,.NOTDEFINED.,$,$);
#6892=IFCMAPPEDITEM(#6888,#2557);
#6893=IFCSHAPEREPRESENTATION(#15,'Body','MappedRepresentation',(#6892));
#6894=IFCPRODUCTDEFINITIONSHAPE($,$,(#6893));
#6895=IFCCARTESIANPOINT((10123.890443315779,5101.4117641683424,0.));
#6896=IFCDIRECTION((-0.88140092832803951,-0.47236892736765623,0.));
#6897=IFCAXIS2PLACEMENT3D(#6895,#49,#6896);
#6899=IFCDOOR('1L7Qk_WJzBIfm4Xr$$3Aef',#6,'DoorV2:DoorV2:1765621',$,$,#8057,#6894,'1765621',2200.0000000000023,1199.9999999999895,.DOOR.,$,$);
#6900=IFCPROPERTYSET('2xdrmkBUwWBD4OiQeWQUrJ',#6,'Pset_DoorCommon',$,(#403,#1425));
#6901=IFCPROPERTYSET('1FWBsjWh6asCD1zOoHJSnJ',#6,'Pset_EnvironmentalImpactIndicators',$,(#403));
#6902=IFCRELDEFINESBYPROPERTIES('0CcIxLAxoHvBvhh7yaoxRd',#6,$,$,(#6899),#6900);
#6903=IFCRELDEFINESBYPROPERTIES('1Qu6nC46zITY4$V_$R1DCd',#6,$,$,(#6899),#6901);
#6904=IFCQUANTITYLENGTH('Width','',$,1200.,$);
#6905=IFCQUANTITYLENGTH('Height','',$,2000.0000000000002,$);
#6906=IFCQUANTITYLENGTH('Perimeter','',$,1400.000000001945,$);
#6907=IFCQUANTITYAREA('Area','',$,3.9400000000056292,$);
#6908=IFCELEMENTQUANTITY('3RJtJw4waF_Lj_MzJpKRJP',#6,'Qto_DoorBaseQuantities',$,'BaseQuantities',(#6904,#6905,#6906,#6907));
#6909=IFCRELDEFINESBYPROPERTIES('3avtUQnlNxKjMpvWnkcvLc',#6,$,$,(#6899),#6908);
#6910=IFCCARTESIANPOINT((17639.674577223966,-12082.347204599382,0.));
#6911=IFCAXIS2PLACEMENT3D(#6910,#49,#146);
#6912=IFCLOCALPLACEMENT(#28,#6911);
#6913=IFCCARTESIANPOINTLIST3D(((0.,9.3808482304715959E-013,0.),(2855.1533925517879,9.909594041047698E-013,0.)));
#6914=IFCINDEXEDPOLYCURVE(#6913,$,.F.);
#6915=IFCSHAPEREPRESENTATION(#14,'Axis','Curve3D',(#6914));
#6916=IFCPRODUCTDEFINITIONSHAPE($,$,(#6915,#6938));
#6917=IFCCARTESIANPOINTLIST2D(((7.6779466730028035E-014,-49.99999999999946),(2855.1533925517879,-49.99999999999941),(2820.7206312228213,49.99999999999946),(-7.6779466730028035E-014,49.99999999999946),(7.6779466730028035E-014,-49.99999999999946)));
#6918=IFCINDEXEDPOLYCURVE(#6917,$,.F.);
#6919=IFCARBITRARYCLOSEDPROFILEDEF(.AREA.,$,#6918);
#6920=IFCAXIS2PLACEMENT3D(#10,$,$);
#6921=IFCEXTRUDEDAREASOLID(#6919,#6920,#49,3500.0000000001683);
#6922=IFCSTYLEDITEM(#6921,(#6795),$);
#6923=IFCCOLOURRGBLIST(((0.64313725490196083,0.55686274509803924,0.30196078431372547)));
#6924=IFCINDEXEDPOLYGONALFACE((1,2,3,4,5,6,7,8));
#6925=IFCINDEXEDPOLYGONALFACE((9,10,11,12,13,14,15,16));
#6926=IFCINDEXEDPOLYGONALFACE((3,16,15,4));
#6927=IFCINDEXEDPOLYGONALFACE((2,1,10,9));
#6928=IFCINDEXEDPOLYGONALFACE((1,8,11,10));
#6929=IFCINDEXEDPOLYGONALFACE((3,2,9,16));
#6930=IFCINDEXEDPOLYGONALFACE((6,13,12,7));
#6931=IFCINDEXEDPOLYGONALFACE((13,6,5,14));
#6932=IFCINDEXEDPOLYGONALFACE((14,5,4,15));
#6933=IFCINDEXEDPOLYGONALFACE((11,8,7,12));
#6934=IFCCARTESIANPOINTLIST3D(((2855.1533925517879,-49.999999999998472,3500.0000000001683),(0.,-50.000000000000689,3500.0000000001683),(0.,-50.000000000000689,5.4143356464919636E-013),(457.19999999999783,-49.999999999999986,5.4143356464919636E-013),(457.19999999999783,-49.999999999999986,2000.0000000000002),(1257.199999999998,-49.999999999998757,2000.0000000000002),(1257.199999999998,-49.999999999998757,5.4143356464919636E-013),(2855.1533925517879,-49.999999999998472,5.4143356464919636E-013),(-2.1657342585967854E-012,50.000000000000398,3500.0000000001683),(2820.7206312228191,49.999999999998238,3500.0000000001683),(2820.7206312228191,49.999999999998238,5.4143356464919636E-013),(1257.1999999999957,50.000000000000163,5.4143356464919636E-013),(1257.1999999999957,50.000000000000163,2000.0000000000002),(457.19999999999567,50.000000000001101,2000.0000000000002),(457.19999999999567,50.000000000001101,5.4143356464919636E-013),(-2.1657342585967854E-012,50.000000000000398,5.4143356464919636E-013)));
#6935=IFCPOLYGONALFACESET(#6934,.T.,(#6924,#6925,#6926,#6927,#6928,#6929,#6930,#6931,#6932,#6933),$);
#6936=IFCINDEXEDCOLOURMAP(#6935,1.,#6923,(1,1,1,1,1,1,1,1,1,1));
#6937=IFCSTYLEDITEM(#6935,(#6795),$);
#6938=IFCSHAPEREPRESENTATION(#15,'Body','Tessellation',(#6935));
#6939=IFCWALL('1L7Qk_WJzBIfm4Xr$$3AY0',#6,'Basic Wall:Castelnuovo_internal:1765980',$,$,#6912,#6916,'1765980',.NOTDEFINED.);
#6940=IFCQUANTITYLENGTH('Height',$,$,3500.0000000001683,$);
#6941=IFCQUANTITYLENGTH('Length',$,$,2855.1533925517879,$);
#6942=IFCQUANTITYLENGTH('Width',$,$,100.,$);
#6943=IFCQUANTITYAREA('GrossFootprintArea',$,$,0.28379370118872732,$);
#6944=IFCQUANTITYVOLUME('GrossVolume',$,$,0.83930368739317374,$);
#6945=IFCQUANTITYAREA('GrossSideArea',$,$,0.83930368739317374,$);
#6946=IFCQUANTITYAREA('NetSideArea',$,$,8.393036873931738,$);
#6947=IFCQUANTITYVOLUME('NetVolume',$,$,0.83327795416059414,$);
#6948=IFCELEMENTQUANTITY('3LEf$jmIueaDbFqC8wYHfN',#6,'Qto_WallBaseQuantities',$,'BaseQuantities',(#6940,#6941,#6942,#6943,#6944,#6945,#6946,#6947));
#6949=IFCRELDEFINESBYPROPERTIES('33Nz1dKxS9oVsBEyXXf7qs',#6,$,$,(#6939),#6948);
#6950=IFCPROPERTYSET('30xoYfgqC3Wcb0kQCo_EEb',#6,'Pset_EnvironmentalImpactIndicators',$,(#6822));
#6951=IFCPROPERTYSINGLEVALUE('Reference',$,IFCLABEL('Castelnuovo_internal'),$);
#6952=IFCPROPERTYSET('344q41uMrrdDotK7pmdlAF',#6,'Pset_ReinforcementBarPitchOfWall',$,(#6951));
#6953=IFCPROPERTYSET('1tTfi2x6Jej8aej_tnPb$6',#6,'Pset_WallCommon',$,(#84,#85,#140,#6822));
#6954=IFCRELDEFINESBYPROPERTIES('22WW_v0TdTS3t1a4JCRFlv',#6,$,$,(#6939),#6950);
#6955=IFCRELDEFINESBYPROPERTIES('3xNCjQHlVq2av$wbpCD1Ez',#6,$,$,(#6939),#6952);
#6956=IFCRELDEFINESBYPROPERTIES('20QKPEUG5ePtvMbrPYNfgB',#6,$,$,(#6939),#6953);
#6957=IFCAXIS2PLACEMENT3D(#10,$,$);
#6958=IFCCARTESIANPOINT((15612.459440830155,-15382.347204599373,800.));
#6959=IFCAXIS2PLACEMENT3D(#6958,#49,#146);
#6960=IFCLOCALPLACEMENT(#24,#6959);
#6961=IFCCARTESIANPOINTLIST3D(((0.,9.837881503537604E-013,0.),(1800.0000000000109,9.837881503537604E-013,0.)));
#6962=IFCINDEXEDPOLYCURVE(#6961,$,.F.);
#6963=IFCSHAPEREPRESENTATION(#14,'Axis','Curve3D',(#6962));
#6964=IFCPRODUCTDEFINITIONSHAPE($,$,(#6963,#6971));
#6965=IFCCARTESIANPOINTLIST2D(((1800.0000000000109,49.99999999999946),(-6.0159284961020807E-014,49.99999999999946),(6.0159284961020807E-014,-49.99999999999946),(1800.0000000000109,-49.99999999999946),(1800.0000000000109,49.99999999999946)));
#6966=IFCINDEXEDPOLYCURVE(#6965,$,.F.);
#6967=IFCARBITRARYCLOSEDPROFILEDEF(.AREA.,$,#6966);
#6968=IFCAXIS2PLACEMENT3D(#10,$,$);
#6969=IFCEXTRUDEDAREASOLID(#6967,#6968,#49,3299.9999999999841);
#6970=IFCSTYLEDITEM(#6969,(#6795),$);
#6971=IFCSHAPEREPRESENTATION(#15,'Body','SweptSolid',(#6969));
#6972=IFCWALL('1Hx76Um7X4IO1wNJM$6rwQ',#6,'Basic Wall:Castelnuovo_internal:1767230',$,$,#6960,#6964,'1767230',.NOTDEFINED.);
#6973=IFCQUANTITYLENGTH('Height',$,$,3299.9999999999841,$);
#6974=IFCQUANTITYLENGTH('Length',$,$,1800.0000000000109,$);
#6975=IFCQUANTITYLENGTH('Width',$,$,100.,$);
#6976=IFCQUANTITYAREA('GrossFootprintArea',$,$,0.17999999999999916,$);
#6977=IFCQUANTITYVOLUME('GrossVolume',$,$,0.59400000000000075,$);
#6978=IFCQUANTITYAREA('GrossSideArea',$,$,0.59400000000000075,$);
#6979=IFCQUANTITYAREA('NetSideArea',$,$,5.9400000000000066,$);
#6980=IFCQUANTITYVOLUME('NetVolume',$,$,0.59400000000000719,$);
#6981=IFCELEMENTQUANTITY('2YbV1kJrLsOW6wZDfcnY_0',#6,'Qto_WallBaseQuantities',$,'BaseQuantities',(#6973,#6974,#6975,#6976,#6977,#6978,#6979,#6980));
#6982=IFCRELDEFINESBYPROPERTIES('1pOMVsnc74Zq17y8s0EGK_',#6,$,$,(#6972),#6981);
#6983=IFCPROPERTYSET('0G41lIjaV85P_o2bHsWgWa',#6,'Pset_EnvironmentalImpactIndicators',$,(#6822));
#6984=IFCPROPERTYSINGLEVALUE('Reference',$,IFCLABEL('Castelnuovo_internal'),$);
#6985=IFCPROPERTYSET('1QVsPoxIJl0Knu92NlvlyH',#6,'Pset_ReinforcementBarPitchOfWall',$,(#6984));
#6986=IFCPROPERTYSET('22HW18HipAblohR0UvUBjH',#6,'Pset_WallCommon',$,(#84,#85,#140,#6822));
#6987=IFCRELDEFINESBYPROPERTIES('3BaiC6wSZAC3AQ3j4WvVol',#6,$,$,(#6972),#6983);
#6988=IFCRELDEFINESBYPROPERTIES('3qf$ejwfJAUsv1ZXayqK9C',#6,$,$,(#6972),#6985);
#6989=IFCRELDEFINESBYPROPERTIES('3edITU3c4aquz_CAwPK0yv',#6,$,$,(#6972),#6986);
#6990=IFCCARTESIANPOINT((15612.459440830155,-15382.347204599373,0.));
#6991=IFCAXIS2PLACEMENT3D(#6990,#49,#146);
#6992=IFCLOCALPLACEMENT(#28,#6991);
#6993=IFCCARTESIANPOINTLIST3D(((0.,9.837881503537604E-013,0.),(1800.0000000000109,9.837881503537604E-013,0.)));
#6994=IFCINDEXEDPOLYCURVE(#6993,$,.F.);
#6995=IFCSHAPEREPRESENTATION(#14,'Axis','Curve3D',(#6994));
#6996=IFCPRODUCTDEFINITIONSHAPE($,$,(#6995,#7003));
#6997=IFCCARTESIANPOINTLIST2D(((1800.0000000000109,49.99999999999946),(-6.0159284961020807E-014,49.99999999999946),(6.0159284961020807E-014,-49.99999999999946),(1800.0000000000109,-49.99999999999946),(1800.0000000000109,49.99999999999946)));
#6998=IFCINDEXEDPOLYCURVE(#6997,$,.F.);
#6999=IFCARBITRARYCLOSEDPROFILEDEF(.AREA.,$,#6998);
#7000=IFCAXIS2PLACEMENT3D(#10,$,$);
#7001=IFCEXTRUDEDAREASOLID(#6999,#7000,#49,3500.0000000001683);
#7002=IFCSTYLEDITEM(#7001,(#6795),$);
#7003=IFCSHAPEREPRESENTATION(#15,'Body','SweptSolid',(#7001));
#7004=IFCWALL('1Hx76Um7X4IO1wNJM$6r2E',#6,'Basic Wall:Castelnuovo_internal:1767722',$,$,#6992,#6996,'1767722',.NOTDEFINED.);
#7005=IFCQUANTITYLENGTH('Height',$,$,3500.0000000001683,$);
#7006=IFCQUANTITYLENGTH('Length',$,$,1800.0000000000109,$);
#7007=IFCQUANTITYLENGTH('Width',$,$,100.,$);
#7008=IFCQUANTITYAREA('GrossFootprintArea',$,$,0.17999999999999916,$);
#7009=IFCQUANTITYVOLUME('GrossVolume',$,$,0.63000000000003409,$);
#7010=IFCQUANTITYAREA('GrossSideArea',$,$,0.63000000000003409,$);
#7011=IFCQUANTITYAREA('NetSideArea',$,$,6.30000000000034,$);
#7012=IFCQUANTITYVOLUME('NetVolume',$,$,0.63000000000004108,$);
#7013=IFCELEMENTQUANTITY('25Ja3KqjLENcmBqb5pvVg2',#6,'Qto_WallBaseQuantities',$,'BaseQuantities',(#7005,#7006,#7007,#7008,#7009,#7010,#7011,#7012));
#7014=IFCRELDEFINESBYPROPERTIES('2Rb0GB3t00FzT4S2BG2DqK',#6,$,$,(#7004),#7013);
#7015=IFCPROPERTYSET('2z6CirwWZDvegCrPIPBXf4',#6,'Pset_EnvironmentalImpactIndicators',$,(#6822));
#7016=IFCPROPERTYSINGLEVALUE('Reference',$,IFCLABEL('Castelnuovo_internal'),$);
#7017=IFCPROPERTYSET('3zJNF7cL$T_AovAq8aGejT',#6,'Pset_ReinforcementBarPitchOfWall',$,(#7016));
#7018=IFCPROPERTYSET('26iiaxeZx7isk3MvYNj6Kd',#6,'Pset_WallCommon',$,(#84,#85,#140,#6822));
#7019=IFCRELDEFINESBYPROPERTIES('0k6Qew20uS7ABVjRvfGGEF',#6,$,$,(#7004),#7015);
#7020=IFCRELDEFINESBYPROPERTIES('1xL0V_dm54XewiOcX6Liuu',#6,$,$,(#7004),#7017);
#7021=IFCRELDEFINESBYPROPERTIES('3fE_MAFfhGhvtrleiwY54r',#6,$,$,(#7004),#7018);
#7022=IFCCARTESIANPOINT((20121.069507259264,-3987.3895603739966,0.));
#7023=IFCDIRECTION((-0.97437006478523525,-0.22495105434386484,0.));
#7024=IFCAXIS2PLACEMENT3D(#7022,#49,#7023);
#7025=IFCLOCALPLACEMENT(#24,#7024);
#7026=IFCCARTESIANPOINTLIST3D(((6.7679195581149543E-013,0.,0.),(7138.0371738882795,0.,0.)));
#7027=IFCINDEXEDPOLYCURVE(#7026,$,.F.);
#7028=IFCSHAPEREPRESENTATION(#14,'Axis','Curve3D',(#7027));
#7029=IFCPRODUCTDEFINITIONSHAPE($,$,(#7028,#7055));
#7030=IFCCARTESIANPOINTLIST2D(((-6.4929728260665347E-013,-49.999999999999773),(2987.4144075999366,-49.999999999999595),(3087.4144075999379,-50.000000000000142),(7138.0371738882786,-49.99999999999946),(7128.5772895485834,49.99999999999973),(6.4929728260665347E-013,49.999999999999773),(-6.4929728260665347E-013,-49.999999999999773)));
#7031=IFCINDEXEDPOLYCURVE(#7030,$,.F.);
#7032=IFCARBITRARYCLOSEDPROFILEDEF(.AREA.,$,#7031);
#7033=IFCAXIS2PLACEMENT3D(#10,$,$);
#7034=IFCEXTRUDEDAREASOLID(#7032,#7033,#49,4100.);
#7035=IFCSTYLEDITEM(#7034,(#6795),$);
#7036=IFCCOLOURRGBLIST(((0.64313725490196083,0.55686274509803924,0.30196078431372547)));
#7037=IFCINDEXEDPOLYGONALFACE((1,2,3,4,5,6,7,8,9,10,11,12,13,14));
#7038=IFCINDEXEDPOLYGONALFACE((15,16,17,18,19,20,21,22,23,24,25,26));
#7039=IFCINDEXEDPOLYGONALFACE((5,26,25,6));
#7040=IFCINDEXEDPOLYGONALFACE((4,3,2,1,16,15));
#7041=IFCINDEXEDPOLYGONALFACE((5,4,15,26));
#7042=IFCINDEXEDPOLYGONALFACE((1,14,17,16));
#7043=IFCINDEXEDPOLYGONALFACE((20,11,10,21));
#7044=IFCINDEXEDPOLYGONALFACE((11,20,19,12));
#7045=IFCINDEXEDPOLYGONALFACE((12,19,18,13));
#7046=IFCINDEXEDPOLYGONALFACE((8,23,22,9));
#7047=IFCINDEXEDPOLYGONALFACE((23,8,7,24));
#7048=IFCINDEXEDPOLYGONALFACE((24,7,6,25));
#7049=IFCINDEXEDPOLYGONALFACE((21,10,9,22));
#7050=IFCINDEXEDPOLYGONALFACE((17,14,13,18));
#7051=IFCCARTESIANPOINTLIST3D(((7138.0371738882795,-50.000000000001627,4100.0000000000009),(3087.4144075999384,-50.,4100.),(2987.4144075999384,-49.99999999999946,4100.),(8.1215034697379459E-013,-49.99999999999946,4100.0000000000009),(8.1215034697379459E-013,-49.99999999999946,0.),(1093.7072037999676,-49.99999999999892,0.),(1093.7072037999653,-49.99999999999946,2000.0000000000002),(1893.7072037999676,-49.99999999999892,2000.0000000000002),(1893.7072037999676,-50.,0.),(3787.4144075999297,-49.99999999999946,0.),(3787.4144075999297,-50.,2000.0000000000002),(4587.4144075999302,-50.,2000.0000000000002),(4587.4144075999302,-50.,0.),(7138.0371738882795,-50.000000000001627,0.),(4.060751734868973E-013,49.99999999999946,4100.0000000000009),(7128.5772895485861,49.99999999999946,4100.0000000000009),(7128.5772895485861,49.99999999999946,0.),(4587.4144075999266,49.99999999999838,0.),(4587.4144075999266,49.99999999999838,2000.0000000000002),(3787.4144075999293,49.99999999999892,2000.0000000000002),(3787.4144075999293,50.,0.),(1893.7072037999671,50.,0.),(1893.7072037999694,50.,2000.0000000000002),(1093.7072037999694,50.,2000.0000000000002),(1093.7072037999674,50.000000000000547,0.),(4.060751734868973E-013,49.99999999999946,0.)));
#7052=IFCPOLYGONALFACESET(#7051,.T.,(#7037,#7038,#7039,#7040,#7041,#7042,#7043,#7044,#7045,#7046,#7047,#7048,#7049,#7050),$);
#7053=IFCINDEXEDCOLOURMAP(#7052,1.,#7036,(1,1,1,1,1,1,1,1,1,1,1,1,1,1));
#7054=IFCSTYLEDITEM(#7052,(#6795),$);
#7055=IFCSHAPEREPRESENTATION(#15,'Body','Tessellation',(#7052));
#7056=IFCWALL('1Hx76Um7X4IO1wNJM$6rEF',#6,'Basic Wall:Castelnuovo_internal:1767979',$,$,#7025,#7029,'1767979',.NOTDEFINED.);
#7057=IFCQUANTITYLENGTH('Height',$,$,4100.,$);
#7058=IFCQUANTITYLENGTH('Length',$,$,7138.0371738882795,$);
#7059=IFCQUANTITYLENGTH('Width',$,$,100.,$);
#7060=IFCQUANTITYAREA('GrossFootprintArea',$,$,0.71333072317184021,$);
#7061=IFCQUANTITYVOLUME('GrossVolume',$,$,2.6065952412941966,$);
#7062=IFCQUANTITYAREA('GrossSideArea',$,$,2.6065952412941966,$);
#7063=IFCQUANTITYAREA('NetSideArea',$,$,26.065952412941943,$);
#7064=IFCQUANTITYVOLUME('NetVolume',$,$,2.6046559650045373,$);
#7065=IFCELEMENTQUANTITY('0scQYpfmhamD1_kssXdwwv',#6,'Qto_WallBaseQuantities',$,'BaseQuantities',(#7057,#7058,#7059,#7060,#7061,#7062,#7063,#7064));
#7066=IFCRELDEFINESBYPROPERTIES('2q7krNMtHWXjpmbr5UJvIr',#6,$,$,(#7056),#7065);
#7067=IFCPROPERTYSET('1LzYmNKaQKwTfa7nYxq7od',#6,'Pset_EnvironmentalImpactIndicators',$,(#6822));
#7068=IFCPROPERTYSINGLEVALUE('Reference',$,IFCLABEL('Castelnuovo_internal'),$);
#7069=IFCPROPERTYSET('2trCoMapOZ$8FgHGTS20Rq',#6,'Pset_ReinforcementBarPitchOfWall',$,(#7068));
#7070=IFCPROPERTYSET('2rS1qaJ2QnR4E$QMD4nZgZ',#6,'Pset_WallCommon',$,(#84,#85,#140,#6822));
#7071=IFCRELDEFINESBYPROPERTIES('23qDrzAedOdkd4D3rmYFZv',#6,$,$,(#7056),#7067);
#7072=IFCRELDEFINESBYPROPERTIES('1rNX82lvHiTof7DOPkSgZh',#6,$,$,(#7056),#7069);
#7073=IFCRELDEFINESBYPROPERTIES('1ttyCogNKn2FDcl2gyxs2O',#6,$,$,(#7056),#7070);
#7074=IFCCARTESIANPOINT((17150.256281429312,-4621.9406306035871,800.));
#7075=IFCDIRECTION((-0.22495105434386001,0.97437006478523647,-0.));
#7076=IFCAXIS2PLACEMENT3D(#7074,#49,#7075);
#7077=IFCLOCALPLACEMENT(#24,#7076);
#7078=IFCCARTESIANPOINTLIST3D(((-5.4143356464919636E-013,1.3535839116229909E-013,0.),(2786.2023706374348,-2.0303758674344865E-013,0.)));
#7079=IFCINDEXEDPOLYCURVE(#7078,$,.F.);
#7080=IFCSHAPEREPRESENTATION(#14,'Axis','Curve3D',(#7079));
#7081=IFCPRODUCTDEFINITIONSHAPE($,$,(#7080,#7088));
#7082=IFCCARTESIANPOINTLIST2D(((2786.2023706374353,49.999999999998991),(-2.4956703370548895E-013,49.999999999999375),(2.4956703370548895E-013,-49.999999999999375),(2786.2023706374362,-49.99999999999973),(2786.2023706374353,49.999999999998991)));
#7083=IFCINDEXEDPOLYCURVE(#7082,$,.F.);
#7084=IFCARBITRARYCLOSEDPROFILEDEF(.AREA.,$,#7083);
#7085=IFCAXIS2PLACEMENT3D(#10,$,$);
#7086=IFCEXTRUDEDAREASOLID(#7084,#7085,#49,3299.9999999999841);
#7087=IFCSTYLEDITEM(#7086,(#6795),$);
#7088=IFCSHAPEREPRESENTATION(#15,'Body','SweptSolid',(#7086));
#7089=IFCWALL('1Hx76Um7X4IO1wNJM$6rBZ',#6,'Basic Wall:Castelnuovo_internal:1768263',$,$,#7077,#7081,'1768263',.NOTDEFINED.);
#7090=IFCQUANTITYLENGTH('Height',$,$,3299.9999999999841,$);
#7091=IFCQUANTITYLENGTH('Length',$,$,2786.2023706374353,$);
#7092=IFCQUANTITYLENGTH('Width',$,$,100.,$);
#7093=IFCQUANTITYAREA('GrossFootprintArea',$,$,0.27862023706374023,$);
#7094=IFCQUANTITYVOLUME('GrossVolume',$,$,0.91944678231034904,$);
#7095=IFCQUANTITYAREA('GrossSideArea',$,$,0.91944678231034904,$);
#7096=IFCQUANTITYAREA('NetSideArea',$,$,9.1944678231034889,$);
#7097=IFCQUANTITYVOLUME('NetVolume',$,$,0.91944678231035737,$);
#7098=IFCELEMENTQUANTITY('2kLFBPKtuI79obK4aBeRNI',#6,'Qto_WallBaseQuantities',$,'BaseQuantities',(#7090,#7091,#7092,#7093,#7094,#7095,#7096,#7097));
#7099=IFCRELDEFINESBYPROPERTIES('08aS21fX2wnWB3gjpHd7Nn',#6,$,$,(#7089),#7098);
#7100=IFCPROPERTYSET('2SNSM4FPwaVxmNWt8LWgdH',#6,'Pset_EnvironmentalImpactIndicators',$,(#6822));
#7101=IFCPROPERTYSINGLEVALUE('Reference',$,IFCLABEL('Castelnuovo_internal'),$);
#7102=IFCPROPERTYSET('33E8iQws6Tdeuq2AepGhtN',#6,'Pset_ReinforcementBarPitchOfWall',$,(#7101));
#7103=IFCPROPERTYSET('3gfjMCfqNzZVQNh3RLJ1_B',#6,'Pset_WallCommon',$,(#84,#85,#140,#6822));
#7104=IFCRELDEFINESBYPROPERTIES('1wzmwTScdCK133DBepGLiD',#6,$,$,(#7089),#7100);
#7105=IFCRELDEFINESBYPROPERTIES('097J6VmDkMfOqxZdYToxSu',#6,$,$,(#7089),#7102);
#7106=IFCRELDEFINESBYPROPERTIES('0UyM$ERnPZPKQBjYlfuoQV',#6,$,$,(#7089),#7103);
#7107=IFCAXIS2PLACEMENT3D(#10,$,$);
#7108=IFCAXIS2PLACEMENT3D(#10,$,$);
#7109=IFCCARTESIANPOINT((13681.900955881223,870.55633575113677,0.));
#7110=IFCDIRECTION((-0.94885379301909312,-0.31571582075227084,0.));
#7111=IFCAXIS2PLACEMENT3D(#7109,#49,#7110);
#7112=IFCLOCALPLACEMENT(#24,#7111);
#7113=IFCCARTESIANPOINTLIST3D(((3.7223557569632251E-013,-1.3535839116229909E-013,0.),(2978.75377142055,1.6919798895287386E-013,0.)));
#7114=IFCINDEXEDPOLYCURVE(#7113,$,.F.);
#7115=IFCSHAPEREPRESENTATION(#14,'Axis','Curve3D',(#7114));
#7116=IFCPRODUCTDEFINITIONSHAPE($,$,(#7115,#7123));
#7117=IFCCARTESIANPOINTLIST2D(((2978.7537714205491,50.000000000000277),(2.8975155608179647E-013,49.999999999999879),(-2.8975155608179647E-013,-49.999999999999879),(2978.7537714205478,-49.99999999999946),(2978.7537714205491,50.000000000000277)));
#7118=IFCINDEXEDPOLYCURVE(#7117,$,.F.);
#7119=IFCARBITRARYCLOSEDPROFILEDEF(.AREA.,$,#7118);
#7120=IFCAXIS2PLACEMENT3D(#10,$,$);
#7121=IFCEXTRUDEDAREASOLID(#7119,#7120,#49,4100.);
#7122=IFCSTYLEDITEM(#7121,(#6795),$);
#7123=IFCSHAPEREPRESENTATION(#15,'Body','SweptSolid',(#7121));
#7124=IFCWALL('0ePUVglzn3UuI9a0JU0ykb',#6,'Basic Wall:Castelnuovo_internal:1768637',$,$,#7112,#7116,'1768637',.NOTDEFINED.);
#7125=IFCQUANTITYLENGTH('Height',$,$,4100.,$);
#7126=IFCQUANTITYLENGTH('Length',$,$,2978.7537714205496,$);
#7127=IFCQUANTITYLENGTH('Width',$,$,100.,$);
#7128=IFCQUANTITYAREA('GrossFootprintArea',$,$,0.29787537714205431,$);
#7129=IFCQUANTITYVOLUME('GrossVolume',$,$,1.2212890462824251,$);
#7130=IFCQUANTITYAREA('GrossSideArea',$,$,1.2212890462824251,$);
#7131=IFCQUANTITYAREA('NetSideArea',$,$,12.21289046282425,$);
#7132=IFCQUANTITYVOLUME('NetVolume',$,$,1.2212890462824224,$);
#7133=IFCELEMENTQUANTITY('1R5TPkToQSMak6j_iq67hR',#6,'Qto_WallBaseQuantities',$,'BaseQuantities',(#7125,#7126,#7127,#7128,#7129,#7130,#7131,#7132));
#7134=IFCRELDEFINESBYPROPERTIES('00fFv8JNc9w0uy9x4QGy4y',#6,$,$,(#7124),#7133);
#7135=IFCPROPERTYSET('3pWfKRJwQpui35gCuefrIl',#6,'Pset_EnvironmentalImpactIndicators',$,(#6822));
#7136=IFCPROPERTYSINGLEVALUE('Reference',$,IFCLABEL('Castelnuovo_internal'),$);
#7137=IFCPROPERTYSET('08zW9KqTuAc0Xm01UcamGE',#6,'Pset_ReinforcementBarPitchOfWall',$,(#7136));
#7138=IFCPROPERTYSET('3oEBSm2o9vGKdDzbQym3NU',#6,'Pset_WallCommon',$,(#84,#85,#140,#6822));
#7139=IFCRELDEFINESBYPROPERTIES('2TB2dHAgoXCIsrFA3azht2',#6,$,$,(#7124),#7135);
#7140=IFCRELDEFINESBYPROPERTIES('3k9vK1PVkI3oJTFYcwemLO',#6,$,$,(#7124),#7137);
#7141=IFCRELDEFINESBYPROPERTIES('1O8_D4mbN3aM2WZKa_5O7X',#6,$,$,(#7124),#7138);
#7142=IFCCARTESIANPOINTLIST2D(((-250.00000000048439,-600.00000000000637),(250.00000000048439,-600.00000000000637),(250.00000000048439,600.00000000000637),(-250.00000000048439,600.00000000000637),(-250.00000000048439,-600.00000000000637)));
#7143=IFCINDEXEDPOLYCURVE(#7142,$,.F.);
#7144=IFCARBITRARYCLOSEDPROFILEDEF(.AREA.,'DoorV2',#7143);
#7145=IFCCARTESIANPOINT((-0.,0.,2000.));
#7146=IFCAXIS2PLACEMENT3D(#7145,#49,#146);
#7147=IFCEXTRUDEDAREASOLID(#7144,#7146,#49,200.);
#7148=IFCCARTESIANPOINTLIST2D(((-250.00000000048439,-99.999999999998252),(250.00000000048439,-99.999999999998252),(250.00000000048439,99.999999999998252),(-250.00000000048439,99.999999999998252),(-250.00000000048439,-99.999999999998252)));
#7149=IFCINDEXEDPOLYCURVE(#7148,$,.F.);
#7150=IFCARBITRARYCLOSEDPROFILEDEF(.AREA.,'DoorV2',#7149);
#7151=IFCCARTESIANPOINT((500.,0.,0.));
#7152=IFCAXIS2PLACEMENT3D(#7151,#49,#146);
#7153=IFCEXTRUDEDAREASOLID(#7150,#7152,#49,1999.9999999999959);
#7154=IFCCARTESIANPOINTLIST2D(((-250.00000000048439,-100.00000000000129),(250.00000000048439,-100.00000000000129),(250.00000000048439,100.00000000000129),(-250.00000000048439,100.00000000000129),(-250.00000000048439,-100.00000000000129)));
#7155=IFCINDEXEDPOLYCURVE(#7154,$,.F.);
#7156=IFCARBITRARYCLOSEDPROFILEDEF(.AREA.,'DoorV2',#7155);
#7157=IFCCARTESIANPOINT((-500.,0.,0.));
#7158=IFCAXIS2PLACEMENT3D(#7157,#49,#146);
#7159=IFCEXTRUDEDAREASOLID(#7156,#7158,#49,2000.0000000000002);
#7160=IFCSTYLEDITEM(#7147,(#2438),$);
#7161=IFCSTYLEDITEM(#7153,(#2438),$);
#7162=IFCSTYLEDITEM(#7159,(#2438),$);
#7163=IFCSHAPEREPRESENTATION(#15,'Body','SweptSolid',(#7147,#7153,#7159));
#7164=IFCAXIS2PLACEMENT3D(#10,$,$);
#7165=IFCREPRESENTATIONMAP(#7164,#7163);
#7166=IFCDOORLININGPROPERTIES('0tST5p$2H8xxCcbRaOQUWP',#6,'DoorV2:DoorV2:1768706',$,$,$,$,$,$,$,$,$,$,$,$,$,$);
#7167=IFCDOORPANELPROPERTIES('0tST5p$2H8xxCcbReOQUWP',#6,'DoorV2:DoorV2:1768706:1',$,$,.NOTDEFINED.,$,.NOTDEFINED.,$);
#7168=IFCDOORTYPE('3Xhlk0uTsGNeaS9_c3iSI$',#6,'DoorV2:DoorV2',$,$,(#7166,#7167),(#7165),'1721182',$,.DOOR.,.NOTDEFINED.,$,$);
#7169=IFCMAPPEDITEM(#7165,#2557);
#7170=IFCSHAPEREPRESENTATION(#15,'Body','MappedRepresentation',(#7169));
#7171=IFCPRODUCTDEFINITIONSHAPE($,$,(#7170));
#7172=IFCCARTESIANPOINT((13393.855799156705,2312.2273530372022,-1000.));
#7173=IFCDIRECTION((-0.35836794954529877,0.93358042649720241,0.));
#7174=IFCAXIS2PLACEMENT3D(#7172,#49,#7173);
#7175=IFCLOCALPLACEMENT(#24,#7174);
#7176=IFCDOOR('0tST5p$2H8xxCcbRWOQUWP',#6,'DoorV2:DoorV2:1768706',$,$,#7175,#7171,'1768706',1170.3740868164393,2399.9999999999991,.DOOR.,$,$);
#7177=IFCPROPERTYSET('0uJPp2KsNVmugqaQ1P69Xq',#6,'Pset_DoorCommon',$,(#403,#1425));
#7178=IFCPROPERTYSET('3DguMIPkbwp5omhr73PO2H',#6,'Pset_EnvironmentalImpactIndicators',$,(#403));
#7179=IFCRELDEFINESBYPROPERTIES('1X_SkN9EGsj2ocGB3cCyAY',#6,$,$,(#7176),#7177);
#7180=IFCRELDEFINESBYPROPERTIES('1k8OfCNtiP6aEt7uNOjXlS',#6,$,$,(#7176),#7178);
#7181=IFCQUANTITYLENGTH('Width','',$,1200.,$);
#7182=IFCQUANTITYLENGTH('Height','',$,2000.0000000000002,$);
#7183=IFCQUANTITYLENGTH('Perimeter','',$,1400.0000000019427,$);
#7184=IFCQUANTITYAREA('Area','',$,3.9400000000056234,$);
#7185=IFCELEMENTQUANTITY('3mOeTiVawhcarGo5mA6LPD',#6,'Qto_DoorBaseQuantities',$,'BaseQuantities',(#7181,#7182,#7183,#7184));
#7186=IFCRELDEFINESBYPROPERTIES('0P$xdpxEVsI$KJhIJHT2xG',#6,$,$,(#7176),#7185);
#7187=IFCMAPPEDITEM(#7165,#2557);
#7188=IFCSHAPEREPRESENTATION(#15,'Body','MappedRepresentation',(#7187));
#7189=IFCPRODUCTDEFINITIONSHAPE($,$,(#7188));
#7190=IFCCARTESIANPOINT((14501.962195668732,-574.48850303354595,-1000.));
#7191=IFCDIRECTION((0.35836794954529877,-0.93358042649720241,0.));
#7192=IFCAXIS2PLACEMENT3D(#7190,#49,#7191);
#7193=IFCLOCALPLACEMENT(#24,#7192);
#7194=IFCDOOR('0tST5p$2H8xxCcbRWOQUXK',#6,'DoorV2:DoorV2:1768783',$,$,#7193,#7189,'1768783',1170.3740868164393,2399.9999999999991,.DOOR.,$,$);
#7195=IFCPROPERTYSET('1qpTN8RV$GiuuhjIjLeQaz',#6,'Pset_DoorCommon',$,(#403,#1425));
#7196=IFCPROPERTYSET('1wa7iQD_I2dn4ZZZBB_VmH',#6,'Pset_EnvironmentalImpactIndicators',$,(#403));
#7197=IFCRELDEFINESBYPROPERTIES('1whqO0y9g_a7H6keK9uvKc',#6,$,$,(#7194),#7195);
#7198=IFCRELDEFINESBYPROPERTIES('0rG1GqsnKIdXK_97OnKrgE',#6,$,$,(#7194),#7196);
#7199=IFCQUANTITYLENGTH('Width','',$,1200.,$);
#7200=IFCQUANTITYLENGTH('Height','',$,2000.0000000000002,$);
#7201=IFCQUANTITYLENGTH('Perimeter','',$,1400.0000000019427,$);
#7202=IFCQUANTITYAREA('Area','',$,3.9400000000056234,$);
#7203=IFCELEMENTQUANTITY('3iF4zEN9HT_878IyyVfLiq',#6,'Qto_DoorBaseQuantities',$,'BaseQuantities',(#7199,#7200,#7201,#7202));
#7204=IFCRELDEFINESBYPROPERTIES('3jRCIgMlH66AISbdGCk1xt',#6,$,$,(#7194),#7203);
#7205=IFCCARTESIANPOINT((11653.335171776169,-9937.9628792970598,381.13712779234601));
#7206=IFCAXIS2PLACEMENT3D(#7205,#49,#146);
#7207=IFCLOCALPLACEMENT(#40,#7206);
#7208=IFCPRODUCTDEFINITIONSHAPE($,$,(#7220));
#7209=IFCCOLOURRGBLIST(((1.,0.65098039215686276,0.82352941176470584)));
#7210=IFCINDEXEDPOLYGONALFACE((1,2,3,4));
#7211=IFCINDEXEDPOLYGONALFACE((1,4,5,6));
#7212=IFCINDEXEDPOLYGONALFACE((4,3,7,5));
#7213=IFCINDEXEDPOLYGONALFACE((3,2,8,7));
#7214=IFCINDEXEDPOLYGONALFACE((2,1,6,8));
#7215=IFCINDEXEDPOLYGONALFACE((6,5,7,8));
#7216=IFCCARTESIANPOINTLIST3D(((7480.0436672784908,-474.42689650954708,0.),(162.79288368500784,-2909.1242690540039,0.),(0.,-2436.3394054477976,0.),(7322.185756902355,0.,0.),(7322.185756902355,0.,994.73913826570788),(7480.0436672784908,-474.42689650954708,816.10308640205221),(0.,-2436.3394054477976,458.37608522425762),(162.79288368500784,-2909.1242690540039,280.10152888099401)));
#7217=IFCPOLYGONALFACESET(#7216,.T.,(#7210,#7211,#7212,#7213,#7214,#7215),$);
#7218=IFCINDEXEDCOLOURMAP(#7217,1.,#7209,(1,1,1,1,1,1));
#7219=IFCSTYLEDITEM(#7217,(#64),$);
#7220=IFCSHAPEREPRESENTATION(#15,'Body','Tessellation',(#7217));
#7221=IFCWALL('1aMTge6B9DK9$RHbrOwo4u',#6,'Wall_ontop:Wall_ontop:1770791',$,$,#7207,#7208,'1770791',.NOTDEFINED.);
#7222=IFCWALLTYPE('1aMTge6B9DK9$RHbrOwo4w',#6,'Wall_ontop:Wall_ontop',$,$,$,$,'1770789',$,.NOTDEFINED.);
#7223=IFCPROPERTYSINGLEVALUE('Reference',$,IFCIDENTIFIER('Wall_ontop'),$);
#7224=IFCPROPERTYSET('2Pmjmx2rcuJh57DsRuFJlk',#6,'Pset_EnvironmentalImpactIndicators',$,(#7223));
#7225=IFCPROPERTYSINGLEVALUE('Reference',$,IFCLABEL('Wall_ontop'),$);
#7226=IFCPROPERTYSET('1K8ahDrz1WepxTDnJHmHFN',#6,'Pset_ReinforcementBarPitchOfWall',$,(#7225));
#7227=IFCPROPERTYSET('2_ERmM2By_ymda$mEN8$NU',#6,'Pset_WallCommon',$,(#1425,#7223));
#7228=IFCRELDEFINESBYPROPERTIES('3r9ey$ODWkBzyeTnNpskEq',#6,$,$,(#7221),#7224);
#7229=IFCRELDEFINESBYPROPERTIES('067ccAhLAmR2A4Bnx38f35',#6,$,$,(#7221),#7226);
#7230=IFCRELDEFINESBYPROPERTIES('0MCJIdQIpixREXTPvxottS',#6,$,$,(#7221),#7227);
#7231=IFCQUANTITYVOLUME('NetVolume','',$,2.4583076833398469,$);
#7232=IFCELEMENTQUANTITY('0RKpbi$IR2_G09gK88bHUs',#6,'Qto_WallBaseQuantities',$,'BaseQuantities',(#7231));
#7233=IFCRELDEFINESBYPROPERTIES('1702junm5uYKWi$mwCTsrQ',#6,$,$,(#7221),#7232);
#7234=IFCRELAGGREGATES('2Sp0MWkir5FwmZLgeNIsog',#6,$,$,#5795,(#5613,#5644,#5696,#5726,#5777));
#7235=IFCCARTESIANPOINT((15562.459440830162,-13582.34720459938,2252.4791385932026));
#7236=IFCAXIS2PLACEMENT3D(#7235,$,$);
#7237=IFCCARTESIANPOINT((0.,0.,4100.));
#7238=IFCAXIS2PLACEMENT3D(#7237,$,$);
#7239=IFCCARTESIANPOINT((14589.674577223961,-15382.347204599371,1207.5994616207408));
#7240=IFCAXIS2PLACEMENT3D(#7239,$,$);
#7241=IFCAXIS2PLACEMENT3D(#10,$,$);
#7242=IFCCARTESIANPOINT((15562.459440830155,-16453.038197492911,499.06647227019727));
#7243=IFCAXIS2PLACEMENT3D(#7242,$,$);
#7244=IFCPROPERTYSINGLEVALUE('Reference',$,IFCIDENTIFIER('8mm Head'),$);
#7245=IFCPROPERTYSINGLEVALUE('AboveGround',$,IFCLOGICAL(.U.),$);
#7246=IFCPROPERTYSET('16L50AfyZF4hYq5TGET4H4',#6,'Pset_BuildingStoreyCommon',$,(#7244,#7245));
#7247=IFCRELDEFINESBYPROPERTIES('2VdfSfkgzGoZi_3SgzE8$0',#6,$,$,(#25),#7246);
#7248=IFCRELCONTAINEDINSPATIALSTRUCTURE('2JF4e6axWHqu3u0C5FZlmi',#6,$,$,(#67,#126,#253,#285,#317,#1109,#1173,#1217,#1302,#1335,#1366,#2309,#2507,#2564,#2638,#2698,#2752,#2811,#2831,#2881,#3281,#3332,#3350,#3659,#3701,#4074,#4131,#4182,#4233,#4404,#4422,#4476,#4541,#4755,#5137,#5318,#5350,#5376,#5409,#5437,#5462,#5795,#6121,#6173,#6393,#6549,#6580,#6613,#6666,#6717,#6809,#6972,#7056,#7089,#7124,#7176,#7194),#25);
#7249=IFCPROPERTYSET('1n34enW33Z_3Qq2Pm1kjQZ',#6,'Pset_BuildingStoreyCommon',$,(#7244,#7245));
#7250=IFCRELDEFINESBYPROPERTIES('36oM8gyLQ5_Z6XoGK5uP1E',#6,$,$,(#29),#7249);
#7251=IFCRELCONTAINEDINSPATIALSTRUCTURE('1ZGO8hrFCHqw0v0066FpFv',#6,$,$,(#361,#444,#499,#568,#640,#1462,#1510,#1554,#1624,#1726,#2090,#2125,#2336,#2482,#2931,#2948,#3048,#3098,#3115,#3401,#3437,#3557,#3677,#3812,#4284,#4302,#4353,#4440,#4458,#4780,#5290,#5505,#5530,#5946,#5990,#6090,#6204,#6281,#6333,#6467,#6748,#6939,#7004),#29);
#7252=IFCPROPERTYSET('3AXCvJM8Wn31yHmAEhTBzx',#6,'Pset_BuildingStoreyCommon',$,(#7244,#7245));
#7253=IFCRELDEFINESBYPROPERTIES('0k89WegfoBYkW7PQdAxkth',#6,$,$,(#33),#7252);
#7254=IFCRELCONTAINEDINSPATIALSTRUCTURE('112HIUctr2yw5OqZkr3k75',#6,$,$,(#703,#801,#921,#993,#1058,#1811,#1883,#1989,#2055,#2237,#2387,#2456,#2998,#3132,#3196,#3216,#3236,#3419,#3488,#3506,#3608,#3923,#4595,#4613,#4640,#4668,#4729,#4832,#4876,#4971,#4996,#5047,#5092,#5164,#5212,#5240,#5560,#5835,#5865,#5916,#6020,#6042,#6252,#6364,#6498,#6847,#6899),#33);
#7255=IFCPROPERTYSET('3lDFJnOpvhNUlV4yq_EUjM',#6,'Pset_BuildingStoreyCommon',$,(#7244,#7245));
#7256=IFCRELDEFINESBYPROPERTIES('1___4rqDoFkjoWe82IO25C',#6,$,$,(#37),#7255);
#7257=IFCRELCONTAINEDINSPATIALSTRUCTURE('2Pn2gPaDD7hh0SQroREd3H',#6,$,$,(#4696,#4926),#37);
#7258=IFCPROPERTYSET('28iU_kdufeeDW1fi3JlBRj',#6,'Pset_BuildingStoreyCommon',$,(#7244,#7245));
#7259=IFCRELDEFINESBYPROPERTIES('1OCtuL5yvdDINisNH3iQLn',#6,$,$,(#41),#7258);
#7260=IFCRELCONTAINEDINSPATIALSTRUCTURE('2ngzEiy0LAuAASKIvClK$R',#6,$,$,(#7221),#41);
#7261=IFCRELAGGREGATES('33YPkQ58PgGMs$32dWijNN',#6,$,$,#18,(#44));
#7262=IFCRELAGGREGATES('1Xblqr5ldFAQ2M8wEjFx7X',#6,$,$,#44,(#22));
#7263=IFCRELAGGREGATES('1yhDISh1T5aQqAoygxGIhP',#6,$,$,#22,(#25,#29,#33,#37,#41));
#7264=IFCPROPERTYSINGLEVALUE('NumberOfStoreys',$,IFCINTEGER(5),$);
#7265=IFCPROPERTYSINGLEVALUE('IsLandmarked',$,IFCLOGICAL(.U.),$);
#7266=IFCPROPERTYSET('2Z7MKWb_vc3bUrb6IY2WtU',#6,'Pset_BuildingCommon',$,(#45,#7264,#7265));
#7267=IFCRELDEFINESBYPROPERTIES('3mRssza92rjaN_EiFLamxK',#6,$,$,(#22),#7266);
#7268=IFCRELASSOCIATESMATERIAL('0EAzrSWZk_DGBHqRN8GTMv',#6,$,$,(#2620),#2631);
#7269=IFCRELASSOCIATESMATERIAL('2X$rCGG6qgFnnG9wzC_kEi',#6,$,$,(#2638),#2642);
#7270=IFCRELASSOCIATESMATERIAL('1LILtRq4$1N5zZJFDpJzmD',#6,$,$,(#2683),#2691);
#7271=IFCRELASSOCIATESMATERIAL('1yS3CWJfGxp8U$H3cKV_9d',#6,$,$,(#2698),#2701);
#7272=IFCRELASSOCIATESMATERIAL('3mOt9WmrpAB7MKTcR1rs0x',#6,$,$,(#2796),#2804);
#7273=IFCRELASSOCIATESMATERIAL('2mlA2f2rL06EnYNuyVk$eo',#6,$,$,(#2811),#2814);
#7274=IFCRELASSOCIATESMATERIAL('1owS5JORj0$qVgjLO$p1n4',#6,$,$,(#3182),#3189);
#7275=IFCRELASSOCIATESMATERIAL('2C$qzoLK$ocFlum4JRJR2_',#6,$,$,(#3196),#3199);
#7276=IFCRELASSOCIATESMATERIAL('0iKOiQYhPWzirslU035W38',#6,$,$,(#3216),#3219);
#7277=IFCRELASSOCIATESMATERIAL('0d7cvChLPk7XRvTXXjSjBa',#6,$,$,(#4058),#4068);
#7278=IFCRELASSOCIATESMATERIAL('1sNkG1AdWRfDTvP6wyadwp',#6,$,$,(#4074),#4086);
#7279=IFCRELASSOCIATESMATERIAL('1VjXMoafn3pea4Kg7o6CWM',#6,$,$,(#4526),#4533);
#7280=IFCRELASSOCIATESMATERIAL('0F5RvLQ2ImULkSTN4x2eyF',#6,$,$,(#4541),#4544);
#7281=IFCRELASSOCIATESMATERIAL('1V9XAXlnKLPpYHWN35T0vY',#6,$,$,(#67,#126,#253,#285,#317,#361,#444,#499,#568,#640,#703,#801,#921,#993,#1058,#1335,#1420,#1462,#2196,#2274,#4697,#4730,#4756,#4781,#4971,#7222),#78);
#7282=IFCRELASSOCIATESMATERIAL('0ij7OeRyx2eDOuTDTup3LJ',#6,$,$,(#1109,#1173,#1217,#1302,#1510,#1554,#1624,#1726,#5319),#1141);
#7283=IFCRELASSOCIATESMATERIAL('3NuOdn0vIh8XDTc2nm8VnD',#6,$,$,(#1811,#1883,#1989,#2055,#5165,#5213),#1822);
#7284=IFCRELASSOCIATESMATERIAL('0laijFe8f6I6w$wyZL6LRT',#6,$,$,(#2090,#2091,#5240,#5530,#5560,#5613,#5644,#5696,#5726,#5777,#5835,#5865,#5916,#5946,#5990,#6020,#6090,#6121,#6173,#6204,#6252,#6281,#6333,#6364,#6467,#6498,#6549,#6580,#6613,#6666,#6717,#6748,#6847),#2092);
#7285=IFCRELASSOCIATESMATERIAL('0rbvtq1k1XNbL9TSecVLG2',#6,$,$,(#2310,#2356,#2388,#2457,#2483,#2508,#3770,#3883,#3960,#4641,#4669,#5377,#6432),#2311);
#7286=IFCRELASSOCIATESMATERIAL('0aXcgl5phVilfJOGcNBYby',#6,$,$,(#2555,#2564,#2745,#2752,#2831,#2874,#2881,#2924,#2931,#2948,#2991,#2998,#3041,#3048,#3091,#3098,#3115,#3132,#3236,#3273,#3281,#3324,#3332,#3350,#3393,#3401,#3419,#3437,#3480,#3488,#3506,#3549,#3557,#4123,#4131,#4174,#4182,#4225,#4233,#4276,#4284,#4302,#4345,#4353,#4587,#4595,#4613,#4824,#4832,#4919,#4926,#5039,#5047),#2556);
#7287=IFCRELASSOCIATESMATERIAL('2YtcQ2UPkUY7gFAING29NC',#6,$,$,(#3600,#3608,#3651,#3659,#3677,#4396,#4404,#4422,#4440,#4458,#4476,#4869,#4876,#4996,#5084,#5092,#5129,#5137,#5282,#5290,#5498,#5505,#6042,#6891,#6899,#7168,#7176,#7194),#2797);
#7288=IFCRELASSOCIATESMATERIAL('0jFj5eHyGbwRi_TKJPT9Kw',#6,$,$,(#5409,#5437,#5462),#5411);
#7289=IFCRELASSOCIATESMATERIAL('3YWHeDC8pnwE8ZaUyY3Wxe',#6,$,$,(#6809,#6939,#6972,#7004,#7056,#7089,#7124),#6820);
#7290=IFCRELDEFINESBYTYPE('0eziQnR0o_YPwnU1goEOK7',#6,$,$,(#67,#126,#253,#285,#317,#361,#444,#499,#568,#640,#703,#801,#921,#993,#1058,#1335,#1462,#4971),#79);
#7291=IFCRELDEFINESBYTYPE('1VZQS8gz0cJTWiz9dtlLT0',#6,$,$,(#1109,#1173,#1217,#1302,#1510,#1554,#1624,#1726),#1142);
#7292=IFCRELDEFINESBYTYPE('0u8oL41NON3UxIWyHr5Zp_',#6,$,$,(#1366),#1420);
#7293=IFCRELDEFINESBYTYPE('3hMDhmGEtittcZT6G68Czh',#6,$,$,(#1811,#1883,#1989,#2055),#1823);
#7294=IFCRELDEFINESBYTYPE('3rOi_XdoILfzY2PY2068zy',#6,$,$,(#2090,#5240,#5530,#5560,#5613,#5644,#5696,#5726,#5777,#5835,#5865,#5916,#5946,#5990,#6020,#6090,#6121,#6173,#6204,#6252,#6281,#6333,#6364,#6467,#6498,#6549,#6580,#6613,#6666,#6717,#6748,#6847),#2091);
#7295=IFCRELDEFINESBYTYPE('2nVWhedcucStb1z5W2vmR_',#6,$,$,(#2125),#2196);
#7296=IFCRELDEFINESBYTYPE('1ybw9Ol4it0L7ksp60QjI3',#6,$,$,(#2237),#2274);
#7297=IFCRELDEFINESBYTYPE('3APmRtWKpTVamwGg$wUNhS',#6,$,$,(#2309),#2310);
#7298=IFCRELDEFINESBYTYPE('3xq4M46QrP5q1ZZ6LzbmPg',#6,$,$,(#2336),#2356);
#7299=IFCRELDEFINESBYTYPE('0NMzs4hHYDdGq5WOmu7jCa',#6,$,$,(#2387),#2388);
#7300=IFCRELDEFINESBYTYPE('23JI7CDvIgITL2Jk48hslX',#6,$,$,(#2456),#2457);
#7301=IFCRELDEFINESBYTYPE('3QGppyLDy17AROlAJZ1Pgg',#6,$,$,(#2482),#2483);
#7302=IFCRELDEFINESBYTYPE('0NoCD1E1nkDSyCPZDZVyn9',#6,$,$,(#2507),#2508);
#7303=IFCRELDEFINESBYTYPE('3yU2QKfXPVyPFXvzv$W86r',#6,$,$,(#2564),#2555);
#7304=IFCRELDEFINESBYTYPE('24T4gPpOcL5HvezQomu1xG',#6,$,$,(#2638),#2620);
#7305=IFCRELDEFINESBYTYPE('0lHOx4oOIj3zToYV2BvMKH',#6,$,$,(#2698),#2683);
#7306=IFCRELDEFINESBYTYPE('1YVfQqYDBwriuIUDzuWFNX',#6,$,$,(#2752,#2831,#3115),#2745);
#7307=IFCRELDEFINESBYTYPE('05T0AFk9rovB0rpyVPJ3Fe',#6,$,$,(#2811),#2796);
#7308=IFCRELDEFINESBYTYPE('1cy38PFmW_mAEbQZVpse1p',#6,$,$,(#2881),#2874);
#7309=IFCRELDEFINESBYTYPE('3aPap6q9_KqO3Ww2vf1E1k',#6,$,$,(#2931,#2948),#2924);
#7310=IFCRELDEFINESBYTYPE('1jp4kGMfnF9HNOqOoG2WPb',#6,$,$,(#2998,#3132,#3236),#2991);
#7311=IFCRELDEFINESBYTYPE('0rxaCsOxiWAcbqqlAfhH0i',#6,$,$,(#3048),#3041);
#7312=IFCRELDEFINESBYTYPE('3TZdAJ7hvU999k0oiinppz',#6,$,$,(#3098),#3091);
#7313=IFCRELDEFINESBYTYPE('0HM73cJyHvWYYxzWs4tf6U',#6,$,$,(#3196,#3216),#3182);
#7314=IFCRELDEFINESBYTYPE('275l$pkEcbbQMcFcnIntal',#6,$,$,(#3281),#3273);
#7315=IFCRELDEFINESBYTYPE('0FS685glYZ8s7ffHnWuPgK',#6,$,$,(#3332,#3350),#3324);
#7316=IFCRELDEFINESBYTYPE('2uIeJ_hYK$AbaGU$CeyHGD',#6,$,$,(#3401,#3419,#3437),#3393);
#7317=IFCRELDEFINESBYTYPE('3LKiABgm7N5lUYbDiO$$pd',#6,$,$,(#3488,#3506),#3480);
#7318=IFCRELDEFINESBYTYPE('1pnyi1ObjMLUN8iHGmCpmu',#6,$,$,(#3557),#3549);
#7319=IFCRELDEFINESBYTYPE('2ViSPcmpXYMz3KHYQ3LCgw',#6,$,$,(#3608),#3600);
#7320=IFCRELDEFINESBYTYPE('3BwoYCGb8FT21q3uIGDus6',#6,$,$,(#3659,#3677),#3651);
#7321=IFCRELDEFINESBYTYPE('3aprFb21AcncZyfYZF5I8b',#6,$,$,(#3701),#3770);
#7322=IFCRELDEFINESBYTYPE('3OiSd4uaF_YV7X4aKlq5_3',#6,$,$,(#3812),#3883);
#7323=IFCRELDEFINESBYTYPE('1o495jXU230xquLzmFDttV',#6,$,$,(#3923),#3960);
#7324=IFCRELDEFINESBYTYPE('1IHRXYNttxSRi_m8Zo0B5H',#6,$,$,(#4074),#4058);
#7325=IFCRELDEFINESBYTYPE('1cSWLaayhryqQrIURwqY54',#6,$,$,(#4131),#4123);
#7326=IFCRELDEFINESBYTYPE('1zVoqa8gN_9c9EyrTvWf$X',#6,$,$,(#4182),#4174);
#7327=IFCRELDEFINESBYTYPE('3IODVdZ5W6NlW9Jh3Y8$Jp',#6,$,$,(#4233),#4225);
#7328=IFCRELDEFINESBYTYPE('1ij9mF7Mjd9Z1pwgPTNjZ3',#6,$,$,(#4284,#4302),#4276);
#7329=IFCRELDEFINESBYTYPE('0lXkXbRvirZ9chDrSjrda4',#6,$,$,(#4353),#4345);
#7330=IFCRELDEFINESBYTYPE('06MvMWpeR$uYmFVS6ru9mk',#6,$,$,(#4404,#4422,#4440,#4458,#4476),#4396);
#7331=IFCRELDEFINESBYTYPE('3D1mdXjsX0P3fEs5pqWktC',#6,$,$,(#4541),#4526);
#7332=IFCRELDEFINESBYTYPE('2XcgWt0PdeWTnUf68LqMt5',#6,$,$,(#4595,#4613),#4587);
#7333=IFCRELDEFINESBYTYPE('3_cR9KzebVY87dPvRIajPG',#6,$,$,(#4640),#4641);
#7334=IFCRELDEFINESBYTYPE('1Hhp4c1sF8QSRYhZzrtB5u',#6,$,$,(#4668),#4669);
#7335=IFCRELDEFINESBYTYPE('3ui7oc72Fqg8eTt2I2Cy6z',#6,$,$,(#4696),#4697);
#7336=IFCRELDEFINESBYTYPE('1OeX7Sq0zJSZK3Ua5kj8a8',#6,$,$,(#4729),#4730);
#7337=IFCRELDEFINESBYTYPE('3ZEdOoCa64rUKbuNEvWAEY',#6,$,$,(#4755),#4756);
#7338=IFCRELDEFINESBYTYPE('3fRtKfR3Q_kW5D5RIM8kjZ',#6,$,$,(#4780),#4781);
#7339=IFCRELDEFINESBYTYPE('25ScEVdeGia5NoG3Pw_DnL',#6,$,$,(#4832),#4824);
#7340=IFCRELDEFINESBYTYPE('3t0NN2Z9zVuXlSJlA2m6w5',#6,$,$,(#4876,#4996),#4869);
#7341=IFCRELDEFINESBYTYPE('1GccAFAoMOBHJ1NYFCCVY8',#6,$,$,(#4926),#4919);
#7342=IFCRELDEFINESBYTYPE('3HEfUC3PseTDa2STV3O1rS',#6,$,$,(#5047),#5039);
#7343=IFCRELDEFINESBYTYPE('3wfVuAcKr_D$PRn7$LopMS',#6,$,$,(#5092),#5084);
#7344=IFCRELDEFINESBYTYPE('1DrMZnrrw9pwb6Jf5owbSv',#6,$,$,(#5137),#5129);
#7345=IFCRELDEFINESBYTYPE('3wFdMtlmLRC9n4V2YASnGx',#6,$,$,(#5164),#5165);
#7346=IFCRELDEFINESBYTYPE('10f4YVsBOC7_fwudvEJ4CA',#6,$,$,(#5212),#5213);
#7347=IFCRELDEFINESBYTYPE('0cPGvsAHnDhuZnw2p2N8Fx',#6,$,$,(#5290),#5282);
#7348=IFCRELDEFINESBYTYPE('1LXA8H3956SZfShxDPFOMb',#6,$,$,(#5318,#5350),#5319);
#7349=IFCRELDEFINESBYTYPE('2iB1_e1rcgLBZsOb9MuNu2',#6,$,$,(#5376),#5377);
#7350=IFCRELDEFINESBYTYPE('3_C0I9212jrHi$Xmu60Kcb',#6,$,$,(#5409),#5410);
#7351=IFCRELDEFINESBYTYPE('2ghWFRz6onWUjIHhD1BuDT',#6,$,$,(#5437),#5438);
#7352=IFCRELDEFINESBYTYPE('2z2Eg9M7TGZUOpibESfla4',#6,$,$,(#5462),#5463);
#7353=IFCRELDEFINESBYTYPE('3rtyWldbXhaF3Vm5aYkqBg',#6,$,$,(#5505,#6042),#5498);
#7354=IFCRELDEFINESBYTYPE('23j8klZlMyEa8K3UejupTB',#6,$,$,(#5795),#5796);
#7355=IFCRELDEFINESBYTYPE('3GrhEoBTdoUkMeMqCp43py',#6,$,$,(#6393),#6432);
#7356=IFCRELDEFINESBYTYPE('1hdh8cjt4TASr6pQ6Ujzvq',#6,$,$,(#6809,#6939,#6972,#7004,#7056,#7089,#7124),#6821);
#7357=IFCRELDEFINESBYTYPE('04IqWV8lAHQwj5oOpMfrDu',#6,$,$,(#6899),#6891);
#7358=IFCRELDEFINESBYTYPE('05iR4p0kMStriE2XYvvZYD',#6,$,$,(#7176,#7194),#7168);
#7359=IFCRELDEFINESBYTYPE('2XoFxuRkjyEF5AB7kDwTb6',#6,$,$,(#7221),#7222);
#7360=IFCPRESENTATIONLAYERASSIGNMENT('A-WALL',$,(#55,#66,#98,#125,#151,#252,#276,#284,#308,#316,#341,#360,#416,#443,#467,#498,#548,#567,#616,#639,#664,#702,#753,#800,#824,#920,#944,#992,#1016,#1057,#1082,#1108,#1164,#1172,#1197,#1216,#1266,#1301,#1326,#1334,#1365,#1453,#1461,#1486,#1509,#1534,#1553,#1604,#1623,#1698,#1725,#1750,#1810,#1840,#1882,#1932,#1988,#2013,#2054,#2124,#2236,#2308,#2335,#2386,#2455,#2481,#2506,#3700,#3811,#3922,#4639,#4667,#4695,#4728,#4754,#4779,#4943,#4970,#5163,#5211,#6392,#6770,#6808,#6915,#6938,#6963,#6971,#6995,#7003,#7028,#7055,#7080,#7088,#7115,#7123,#7220),$);
#7361=IFCPRESENTATIONLAYERASSIGNMENT('A-DOOR',$,(#376,#509,#577,#714,#1411,#1564,#1654,#1892,#2345,#2550,#2559,#2615,#2623,#2626,#2629,#2633,#2678,#2686,#2689,#2693,#3268,#3275,#3745,#3761,#4053,#4060,#4063,#4066,#4070,#4076,#4079,#4082,#4084,#4118,#4125,#4864,#4871,#4990,#5079,#5086,#5124,#5131,#5277,#5284,#5493,#5500,#6037,#6402,#6421,#6886,#6893,#7163,#7170,#7188),$);
#7362=IFCPRESENTATIONLAYERASSIGNMENT('A-GLAZ',$,(#1118,#1226,#1374,#1392,#1633,#2133,#2151,#2169,#2187,#2245,#2263,#2741,#2747,#2792,#2799,#2802,#2806,#2826,#2870,#2876,#2920,#2926,#2943,#2987,#2993,#3037,#3043,#3087,#3093,#3110,#3127,#3178,#3184,#3187,#3191,#3211,#3231,#3320,#3326,#3344,#3389,#3395,#3413,#3431,#3476,#3482,#3500,#3545,#3551,#3596,#3602,#3647,#3653,#3671,#3709,#3727,#3820,#3838,#3856,#3874,#3931,#3949,#4170,#4176,#4221,#4227,#4272,#4278,#4296,#4341,#4347,#4392,#4398,#4416,#4434,#4452,#4470,#4522,#4528,#4531,#4535,#4583,#4589,#4607,#4820,#4826,#4915,#4921,#5035,#5041),$);
#7363=IFCPRESENTATIONLAYERASSIGNMENT('A-FLOR',$,(#2085,#5235,#5525,#5555,#5608,#5639,#5691,#5721,#5772,#5830,#5860,#5911,#5941,#5988,#6015,#6085,#6116,#6168,#6199,#6250,#6276,#6328,#6359,#6462,#6493,#6544,#6575,#6608,#6661,#6712,#6743,#6842),$);
#7364=IFCPRESENTATIONLAYERASSIGNMENT('S-COLS',$,(#5317,#5349,#5375),$);
#7365=IFCPRESENTATIONLAYERASSIGNMENT('S-STRS',$,(#5404,#5432,#5457),$);
#7366=IFCCARTESIANPOINTLIST2D(((0.,161.71444324793538),(1399.9999999999984,161.71444324793544),(1399.9999999999984,61.714443247964333),(1750.0000000000011,5.4143356464919485E-013),(1750.0000000000011,1523.4288864959256),(1399.9999999999984,1461.714443247932),(1399.9999999999984,1361.7144432479331),(0.,1361.7144432479331),(0.,161.71444324793538)));
#7367=IFCINDEXEDPOLYCURVE(#7366,$,.F.);
#7368=IFCARBITRARYCLOSEDPROFILEDEF(.AREA.,$,#7367);
#7369=IFCAXIS2PLACEMENT3D(#10,#146,#49);
#7370=IFCEXTRUDEDAREASOLID(#7368,#7369,#49,500.00000000000006);
#7371=IFCSHAPEREPRESENTATION(#15,'Body','SweptSolid',(#7370));
#7372=IFCPRODUCTDEFINITIONSHAPE($,$,(#7371));
#7373=IFCCARTESIANPOINT((1938.285556752038,-250.,2112.0635322596736));
#7374=IFCAXIS2PLACEMENT3D(#7373,$,$);
#7375=IFCLOCALPLACEMENT(#95,#7374);
#7376=IFCOPENINGELEMENT('0jDSqZFgU1Ie2yrni4qe41',#6,'arch_piattabanda:StoneWindowArch:1696394:1',$,$,#7375,#7372,'1696394',.OPENING.);
#7377=IFCRELVOIDSELEMENT('2jXvyeVVHFE9GajKukYuS6',#6,$,$,#126,#7376);
#7378=IFCQUANTITYLENGTH('Depth',$,$,500.00000000000006,$);
#7379=IFCQUANTITYAREA('Area',$,$,2.1916000551367802,$);
#7380=IFCQUANTITYVOLUME('Volume',$,$,1095.8000275683903,$);
#7381=IFCELEMENTQUANTITY('1cpP5cM899RTKaeLk1dSde',#6,'Qto_OpeningElementBaseQuantities',$,'BaseQuantities',(#7378,#7379,#7380));
#7382=IFCRELDEFINESBYPROPERTIES('2WniAjy2fLRd$CL2JjtSO8',#6,$,$,(#7376),#7381);
#7383=IFCRELFILLSELEMENT('2vq2rUjo1izYi5LdtUXECl',#6,$,$,#7376,#2811);
#7384=IFCAXIS2PLACEMENT3D(#10,$,$);
#7385=IFCLOCALPLACEMENT(#7375,#7384);
#7386=IFCCARTESIANPOINTLIST2D(((1800.0000000000002,2199.9999999999991),(1800.0000000000002,1999.9999999999861),(0.,1999.9999999999861),(0.,200.00000000000111),(1800.0000000000002,200.00000000000111),(1800.0000000000002,0.),(2000.0000000000018,0.),(2000.0000000000018,2199.9999999999991),(1800.0000000000002,2199.9999999999991)));
#7387=IFCINDEXEDPOLYCURVE(#7386,$,.F.);
#7388=IFCARBITRARYCLOSEDPROFILEDEF(.AREA.,$,#7387);
#7389=IFCAXIS2PLACEMENT3D(#10,#2592,#49);
#7390=IFCEXTRUDEDAREASOLID(#7388,#7389,#49,500.00000000000006);
#7391=IFCSHAPEREPRESENTATION(#15,'Body','SweptSolid',(#7390));
#7392=IFCPRODUCTDEFINITIONSHAPE($,$,(#7391));
#7393=IFCCARTESIANPOINT((7870.6909928935347,250.,200.));
#7394=IFCAXIS2PLACEMENT3D(#7393,$,$);
#7395=IFCLOCALPLACEMENT(#148,#7394);
#7396=IFCOPENINGELEMENT('0zdX$3Mcrypz6UUlsOtVvy',#6,'Door:Door:1694236:1',$,$,#7395,#7392,'1694236',.OPENING.);
#7397=IFCRELVOIDSELEMENT('2jXvyeVVHFE9GajKukYx_G',#6,$,$,#253,#7396);
#7398=IFCQUANTITYLENGTH('Depth',$,$,500.00000000000006,$);
#7399=IFCQUANTITYAREA('Area',$,$,3.6799999999999757,$);
#7400=IFCQUANTITYVOLUME('Volume',$,$,1839.9999999999882,$);
#7401=IFCELEMENTQUANTITY('0PWDqlX8KrTOTkPomxsgZ1',#6,'Qto_OpeningElementBaseQuantities',$,'BaseQuantities',(#7398,#7399,#7400));
#7402=IFCRELDEFINESBYPROPERTIES('3lx8LpnzD8iu03$AOeGox9',#6,$,$,(#7396),#7401);
#7403=IFCRELFILLSELEMENT('3jWproYAk86VF_FP_lMqU2',#6,$,$,#7396,#2698);
#7404=IFCAXIS2PLACEMENT3D(#10,#49,#506);
#7405=IFCLOCALPLACEMENT(#7395,#7404);
#7406=IFCCARTESIANPOINTLIST2D(((0.,-3.3790422291401856E-027),(1200.,0.),(1200.,1000.0000000000001),(0.,1000.0000000000001),(0.,-3.3790422291401856E-027)));
#7407=IFCINDEXEDPOLYCURVE(#7406,$,.F.);
#7408=IFCARBITRARYCLOSEDPROFILEDEF(.AREA.,$,#7407);
#7409=IFCAXIS2PLACEMENT3D(#10,#146,#49);
#7410=IFCEXTRUDEDAREASOLID(#7408,#7409,#49,500.00000000000006);
#7411=IFCSHAPEREPRESENTATION(#15,'Body','SweptSolid',(#7410));
#7412=IFCPRODUCTDEFINITIONSHAPE($,$,(#7411));
#7413=IFCCARTESIANPOINT((4370.6909928935347,-250.,1014.7035637443724));
#7414=IFCAXIS2PLACEMENT3D(#7413,$,$);
#7415=IFCLOCALPLACEMENT(#148,#7414);
#7416=IFCOPENINGELEMENT('0nzzjTj4n4qkUzowVtIDUh',#6,'Window1:StoneWindows:1695298:1',$,$,#7415,#7412,'1695298',.OPENING.);
#7417=IFCRELVOIDSELEMENT('2jXvyeVVHFE9GajKukYxlE',#6,$,$,#253,#7416);
#7418=IFCQUANTITYLENGTH('Depth',$,$,500.00000000000006,$);
#7419=IFCQUANTITYLENGTH('Height',$,$,1000.0000000000001,$);
#7420=IFCQUANTITYLENGTH('Width',$,$,1200.,$);
#7421=IFCQUANTITYAREA('Area',$,$,1.2000000000000002,$);
#7422=IFCQUANTITYVOLUME('Volume',$,$,600.00000000000011,$);
#7423=IFCELEMENTQUANTITY('0pP6zNXgf13cEZc1yaHpAG',#6,'Qto_OpeningElementBaseQuantities',$,'BaseQuantities',(#7418,#7419,#7420,#7421,#7422));
#7424=IFCRELDEFINESBYPROPERTIES('3kaTfFzM2P8fdRh$j5Mm6V',#6,$,$,(#7416),#7423);
#7425=IFCRELFILLSELEMENT('2CQcMcTSIYXD2yMSoyIB9T',#6,$,$,#7416,#2752);
#7426=IFCAXIS2PLACEMENT3D(#10,$,$);
#7427=IFCLOCALPLACEMENT(#7415,#7426);
#7428=IFCCARTESIANPOINTLIST2D(((2199.9999999999964,184.99999999999841),(2850.0000000000014,834.9999999999967),(2200.,1485.0000000000014),(2200.,1684.999999999997),(2000.0000000000002,1684.999999999997),(2000.0000000000002,1484.9999999999861),(0.,1484.9999999999861),(0.,184.99999999999801),(2000.0000000000002,184.99999999999801),(2000.0000000000002,1.0828671292983911E-012),(2200.0000000000023,1.0828671292983911E-012)));
#7429=IFCINDEXEDPOLYCURVE(#7428,(IFCARCINDEX((1,2,3)),IFCLINEINDEX((3,4,5,6,7,8,9,10,11,1))),.F.);
#7430=IFCARBITRARYCLOSEDPROFILEDEF(.AREA.,$,#7429);
#7431=IFCAXIS2PLACEMENT3D(#10,#146,#49);
#7432=IFCEXTRUDEDAREASOLID(#7430,#7431,#49,500.00000000000006);
#7433=IFCSHAPEREPRESENTATION(#15,'Body','SweptSolid',(#7432));
#7434=IFCPRODUCTDEFINITIONSHAPE($,$,(#7433));
#7435=IFCCARTESIANPOINT((100.,-250.,800.));
#7436=IFCAXIS2PLACEMENT3D(#7435,$,$);
#7437=IFCLOCALPLACEMENT(#148,#7436);
#7438=IFCOPENINGELEMENT('31cRr43SNFPVFrI3GFJdVX',#6,'Arch1:Arch1:1692921:1',$,$,#7437,#7434,'1692921',.OPENING.);
#7439=IFCRELVOIDSELEMENT('2jXvyeVVHFE9GajKukYx5r',#6,$,$,#253,#7438);
#7440=IFCQUANTITYLENGTH('Depth',$,$,500.00000000000006,$);
#7441=IFCQUANTITYAREA('Area',$,$,3.6006703430530989,$);
#7442=IFCQUANTITYVOLUME('Volume',$,$,1800.3351715265496,$);
#7443=IFCELEMENTQUANTITY('1oTwME_sBH_OnfGknwLgd5',#6,'Qto_OpeningElementBaseQuantities',$,'BaseQuantities',(#7440,#7441,#7442));
#7444=IFCRELDEFINESBYPROPERTIES('35zGeW_b26j1xlQOcrA4iG',#6,$,$,(#7438),#7443);
#7445=IFCRELFILLSELEMENT('2YiX$iNTtZKCc3XvZd9Uq1',#6,$,$,#7438,#2564);
#7446=IFCAXIS2PLACEMENT3D(#10,$,$);
#7447=IFCLOCALPLACEMENT(#7437,#7446);
#7448=IFCCARTESIANPOINTLIST2D(((1600.000000000002,1800.0000000000059),(0.,1800.0000000000064),(0.,1.3535839116229878E-012),(1599.9999999999991,-6.0891598999064432E-027),(2500.0000000000014,900.0000000000025)));
#7449=IFCINDEXEDPOLYCURVE(#7448,(IFCLINEINDEX((1,2,3,4)),IFCARCINDEX((4,5,1))),.F.);
#7450=IFCARBITRARYCLOSEDPROFILEDEF(.AREA.,$,#7449);
#7451=IFCAXIS2PLACEMENT3D(#10,#146,#49);
#7452=IFCEXTRUDEDAREASOLID(#7450,#7451,#49,500.00000000000006);
#7453=IFCSHAPEREPRESENTATION(#15,'Body','SweptSolid',(#7452));
#7454=IFCPRODUCTDEFINITIONSHAPE($,$,(#7453));
#7455=IFCCARTESIANPOINT((1870.6909928935299,-250.,800.));
#7456=IFCAXIS2PLACEMENT3D(#7455,$,$);
#7457=IFCLOCALPLACEMENT(#148,#7456);
#7458=IFCOPENINGELEMENT('04EQzLu_nJlyKJM2HjZ2LD',#6,'enclosed_arch:enclosed_arch:1693023:1',$,$,#7457,#7454,'1693023',.OPENING.);
#7459=IFCRELVOIDSELEMENT('2jXvyeVVHFE9GajKukYx3J',#6,$,$,#253,#7458);
#7460=IFCQUANTITYLENGTH('Depth',$,$,500.00000000000006,$);
#7461=IFCQUANTITYAREA('Area',$,$,4.1527190917921839,$);
#7462=IFCQUANTITYVOLUME('Volume',$,$,2076.3595458960922,$);
#7463=IFCELEMENTQUANTITY('1iipwAb1O6uqDDyZi5$_bo',#6,'Qto_OpeningElementBaseQuantities',$,'BaseQuantities',(#7460,#7461,#7462));
#7464=IFCRELDEFINESBYPROPERTIES('3ogvbuwoM7ohLf8pk4KrEI',#6,$,$,(#7458),#7463);
#7465=IFCRELFILLSELEMENT('0imkfrft9Wdee555_byZEo',#6,$,$,#7458,#2638);
#7466=IFCAXIS2PLACEMENT3D(#10,$,$);
#7467=IFCLOCALPLACEMENT(#7457,#7466);
#7468=IFCCARTESIANPOINTLIST2D(((0.,-3.3790422291401856E-027),(1200.,0.),(1200.,1000.0000000000001),(0.,1000.0000000000001),(0.,-3.3790422291401856E-027)));
#7469=IFCINDEXEDPOLYCURVE(#7468,$,.F.);
#7470=IFCARBITRARYCLOSEDPROFILEDEF(.AREA.,$,#7469);
#7471=IFCAXIS2PLACEMENT3D(#10,#146,#49);
#7472=IFCEXTRUDEDAREASOLID(#7470,#7471,#49,500.00000000000006);
#7473=IFCSHAPEREPRESENTATION(#15,'Body','SweptSolid',(#7472));
#7474=IFCPRODUCTDEFINITIONSHAPE($,$,(#7473));
#7475=IFCCARTESIANPOINT((7170.6909928935311,-250.,2700.));
#7476=IFCAXIS2PLACEMENT3D(#7475,$,$);
#7477=IFCLOCALPLACEMENT(#148,#7476);
#7478=IFCOPENINGELEMENT('24s1RUl3z2Zk2gbMdLUlW7',#6,'Window1:StoneWindows:1697902:1',$,$,#7477,#7474,'1697902',.OPENING.);
#7479=IFCRELVOIDSELEMENT('2jXvyeVVHFE9GajKukYutY',#6,$,$,#253,#7478);
#7480=IFCQUANTITYLENGTH('Depth',$,$,500.00000000000006,$);
#7481=IFCQUANTITYLENGTH('Height',$,$,1000.0000000000001,$);
#7482=IFCQUANTITYLENGTH('Width',$,$,1200.,$);
#7483=IFCQUANTITYAREA('Area',$,$,1.2000000000000002,$);
#7484=IFCQUANTITYVOLUME('Volume',$,$,600.00000000000011,$);
#7485=IFCELEMENTQUANTITY('0SZatOgIdUhD3gMfU8q7x4',#6,'Qto_OpeningElementBaseQuantities',$,'BaseQuantities',(#7480,#7481,#7482,#7483,#7484));
#7486=IFCRELDEFINESBYPROPERTIES('2cbeA9GrTy6oHN9DQur8b7',#6,$,$,(#7478),#7485);
#7487=IFCRELFILLSELEMENT('1uytIGNs$q$P0ZDbcKQA$g',#6,$,$,#7478,#2831);
#7488=IFCAXIS2PLACEMENT3D(#10,$,$);
#7489=IFCLOCALPLACEMENT(#7477,#7488);
#7490=IFCCARTESIANPOINTLIST2D(((0.,-3.0411380062261673E-027),(900.00000000000011,0.),(900.00000000000011,900.00000000000011),(0.,900.00000000000011),(0.,-3.0411380062261673E-027)));
#7491=IFCINDEXEDPOLYCURVE(#7490,$,.F.);
#7492=IFCARBITRARYCLOSEDPROFILEDEF(.AREA.,$,#7491);
#7493=IFCAXIS2PLACEMENT3D(#10,#146,#49);
#7494=IFCEXTRUDEDAREASOLID(#7492,#7493,#49,500.00000000000006);
#7495=IFCSHAPEREPRESENTATION(#15,'Body','SweptSolid',(#7494));
#7496=IFCPRODUCTDEFINITIONSHAPE($,$,(#7495));
#7497=IFCCARTESIANPOINT((6070.6909928935338,-250.,2700.));
#7498=IFCAXIS2PLACEMENT3D(#7497,$,$);
#7499=IFCLOCALPLACEMENT(#148,#7498);
#7500=IFCOPENINGELEMENT('0NqrYpWFaUkmyTYNVjfudb',#6,'Window1:StoneWindows:1697914:1',$,$,#7499,#7496,'1697914',.OPENING.);
#7501=IFCRELVOIDSELEMENT('2jXvyeVVHFE9GajKukYuts',#6,$,$,#253,#7500);
#7502=IFCQUANTITYLENGTH('Depth',$,$,500.00000000000006,$);
#7503=IFCQUANTITYLENGTH('Height',$,$,900.00000000000011,$);
#7504=IFCQUANTITYLENGTH('Width',$,$,900.00000000000011,$);
#7505=IFCQUANTITYAREA('Area',$,$,0.81000000000000005,$);
#7506=IFCQUANTITYVOLUME('Volume',$,$,405.00000000000006,$);
#7507=IFCELEMENTQUANTITY('10RVKHkc6hpbdIuLMBBTap',#6,'Qto_OpeningElementBaseQuantities',$,'BaseQuantities',(#7502,#7503,#7504,#7505,#7506));
#7508=IFCRELDEFINESBYPROPERTIES('39YBspsCV9bUqS5xbXKOz0',#6,$,$,(#7500),#7507);
#7509=IFCRELFILLSELEMENT('2PUYuj7KftNOj70OlUD4Jm',#6,$,$,#7500,#2881);
#7510=IFCAXIS2PLACEMENT3D(#10,$,$);
#7511=IFCLOCALPLACEMENT(#7499,#7510);
#7512=IFCCARTESIANPOINTLIST2D(((0.,-4.4869944631949524E-029),(1500.,-3.8737718865582906E-027),(1500.,1000.0000000000001),(0.,1000.0000000000001),(0.,-4.4869944631949524E-029)));
#7513=IFCINDEXEDPOLYCURVE(#7512,$,.F.);
#7514=IFCARBITRARYCLOSEDPROFILEDEF(.AREA.,$,#7513);
#7515=IFCAXIS2PLACEMENT3D(#10,#2592,#49);
#7516=IFCEXTRUDEDAREASOLID(#7514,#7515,#49,500.00000000000006);
#7517=IFCSHAPEREPRESENTATION(#15,'Body','SweptSolid',(#7516));
#7518=IFCPRODUCTDEFINITIONSHAPE($,$,(#7517));
#7519=IFCCARTESIANPOINT((1900.,250.,1000.));
#7520=IFCAXIS2PLACEMENT3D(#7519,$,$);
#7521=IFCLOCALPLACEMENT(#413,#7520);
#7522=IFCOPENINGELEMENT('1AN4t0EhzUjT5SeJRu8njU',#6,'Window1:StoneWindows:1698181:1',$,$,#7521,#7518,'1698181',.OPENING.);
#7523=IFCRELVOIDSELEMENT('3Jmmvoko5D$RwQG7gPqCw5',#6,$,$,#444,#7522);
#7524=IFCQUANTITYLENGTH('Depth',$,$,500.00000000000006,$);
#7525=IFCQUANTITYLENGTH('Height',$,$,1500.,$);
#7526=IFCQUANTITYLENGTH('Width',$,$,1000.0000000000001,$);
#7527=IFCQUANTITYAREA('Area',$,$,1.5000000000000002,$);
#7528=IFCQUANTITYVOLUME('Volume',$,$,750.00000000000023,$);
#7529=IFCELEMENTQUANTITY('25zInOrm8Tlcs5mnfswuNC',#6,'Qto_OpeningElementBaseQuantities',$,'BaseQuantities',(#7524,#7525,#7526,#7527,#7528));
#7530=IFCRELDEFINESBYPROPERTIES('0CnFcSk6dv_rPjNetTD1ui',#6,$,$,(#7522),#7529);
#7531=IFCRELFILLSELEMENT('0xTlP4_mMCJ9dwJHCmoaVZ',#6,$,$,#7522,#2931);
#7532=IFCAXIS2PLACEMENT3D(#10,#49,#506);
#7533=IFCLOCALPLACEMENT(#7521,#7532);
#7534=IFCCARTESIANPOINTLIST2D(((0.,-4.4869944631949524E-029),(1500.,-3.8737718865582906E-027),(1500.,1000.0000000000001),(0.,1000.0000000000001),(0.,-4.4869944631949524E-029)));
#7535=IFCINDEXEDPOLYCURVE(#7534,$,.F.);
#7536=IFCARBITRARYCLOSEDPROFILEDEF(.AREA.,$,#7535);
#7537=IFCAXIS2PLACEMENT3D(#10,#2592,#49);
#7538=IFCEXTRUDEDAREASOLID(#7536,#7537,#49,500.00000000000006);
#7539=IFCSHAPEREPRESENTATION(#15,'Body','SweptSolid',(#7538));
#7540=IFCPRODUCTDEFINITIONSHAPE($,$,(#7539));
#7541=IFCCARTESIANPOINT((4439.2458086782472,250.,1000.));
#7542=IFCAXIS2PLACEMENT3D(#7541,$,$);
#7543=IFCLOCALPLACEMENT(#413,#7542);
#7544=IFCOPENINGELEMENT('2y8V2H6cAasklRdCZo8fif',#6,'Window1:StoneWindows:1698388:1',$,$,#7543,#7540,'1698388',.OPENING.);
#7545=IFCRELVOIDSELEMENT('3Jmmvoko5D$RwQG7gPqCrK',#6,$,$,#444,#7544);
#7546=IFCQUANTITYLENGTH('Depth',$,$,500.00000000000006,$);
#7547=IFCQUANTITYLENGTH('Height',$,$,1500.,$);
#7548=IFCQUANTITYLENGTH('Width',$,$,1000.0000000000001,$);
#7549=IFCQUANTITYAREA('Area',$,$,1.5000000000000002,$);
#7550=IFCQUANTITYVOLUME('Volume',$,$,750.00000000000023,$);
#7551=IFCELEMENTQUANTITY('2dUJsI5emLj5gY0P5VriOV',#6,'Qto_OpeningElementBaseQuantities',$,'BaseQuantities',(#7546,#7547,#7548,#7549,#7550));
#7552=IFCRELDEFINESBYPROPERTIES('3$VBg33GqOW3co$rvDTM0U',#6,$,$,(#7544),#7551);
#7553=IFCRELFILLSELEMENT('0Dym$vjvAItsKJYGgRs3Ec',#6,$,$,#7544,#2948);
#7554=IFCAXIS2PLACEMENT3D(#10,#49,#506);
#7555=IFCLOCALPLACEMENT(#7543,#7554);
#7556=IFCCARTESIANPOINTLIST2D(((0.,-4.0548506749682223E-027),(1600.,0.),(1600.,1200.),(0.,1200.),(0.,-4.0548506749682223E-027)));
#7557=IFCINDEXEDPOLYCURVE(#7556,$,.F.);
#7558=IFCARBITRARYCLOSEDPROFILEDEF(.AREA.,$,#7557);
#7559=IFCAXIS2PLACEMENT3D(#10,#146,#49);
#7560=IFCEXTRUDEDAREASOLID(#7558,#7559,#49,500.00000000000006);
#7561=IFCSHAPEREPRESENTATION(#15,'Body','SweptSolid',(#7560));
#7562=IFCPRODUCTDEFINITIONSHAPE($,$,(#7561));
#7563=IFCCARTESIANPOINT((4470.6909928935356,-250.,291.91557169220329));
#7564=IFCAXIS2PLACEMENT3D(#7563,$,$);
#7565=IFCLOCALPLACEMENT(#464,#7564);
#7566=IFCOPENINGELEMENT('15k1Pyv14ygVMgARTiO3x1',#6,'Window1:StoneWindows:1698799:1',$,$,#7565,#7562,'1698799',.OPENING.);
#7567=IFCRELVOIDSELEMENT('08pzrbE8X9reLLOne2mNlM',#6,$,$,#499,#7566);
#7568=IFCQUANTITYLENGTH('Depth',$,$,500.00000000000006,$);
#7569=IFCQUANTITYLENGTH('Height',$,$,1200.,$);
#7570=IFCQUANTITYLENGTH('Width',$,$,1600.,$);
#7571=IFCQUANTITYAREA('Area',$,$,1.9200000000000002,$);
#7572=IFCQUANTITYVOLUME('Volume',$,$,960.00000000000023,$);
#7573=IFCELEMENTQUANTITY('2Z$UqMOttl3Vj0eoSQt2jw',#6,'Qto_OpeningElementBaseQuantities',$,'BaseQuantities',(#7568,#7569,#7570,#7571,#7572));
#7574=IFCRELDEFINESBYPROPERTIES('078nxiLrXs6sO08QoDojF1',#6,$,$,(#7566),#7573);
#7575=IFCRELFILLSELEMENT('0fGZRSXkwWzYtTFVHU2pTZ',#6,$,$,#7566,#3048);
#7576=IFCAXIS2PLACEMENT3D(#10,$,$);
#7577=IFCLOCALPLACEMENT(#7565,#7576);
#7578=IFCCARTESIANPOINTLIST2D(((0.,-4.0548506749682223E-027),(1600.,0.),(1600.,1200.),(0.,1200.),(0.,-4.0548506749682223E-027)));
#7579=IFCINDEXEDPOLYCURVE(#7578,$,.F.);
#7580=IFCARBITRARYCLOSEDPROFILEDEF(.AREA.,$,#7579);
#7581=IFCAXIS2PLACEMENT3D(#10,#146,#49);
#7582=IFCEXTRUDEDAREASOLID(#7580,#7581,#49,500.00000000000006);
#7583=IFCSHAPEREPRESENTATION(#15,'Body','SweptSolid',(#7582));
#7584=IFCPRODUCTDEFINITIONSHAPE($,$,(#7583));
#7585=IFCCARTESIANPOINT((6670.6909928935356,-250.,291.91557169220977));
#7586=IFCAXIS2PLACEMENT3D(#7585,$,$);
#7587=IFCLOCALPLACEMENT(#464,#7586);
#7588=IFCOPENINGELEMENT('0OnwwmiG5FeowXd630qRh8',#6,'Window1:BrickWindow:1698974:1',$,$,#7587,#7584,'1698974',.OPENING.);
#7589=IFCRELVOIDSELEMENT('08pzrbE8X9reLLOne2mNod',#6,$,$,#499,#7588);
#7590=IFCQUANTITYLENGTH('Depth',$,$,500.00000000000006,$);
#7591=IFCQUANTITYLENGTH('Height',$,$,1200.,$);
#7592=IFCQUANTITYLENGTH('Width',$,$,1600.,$);
#7593=IFCQUANTITYAREA('Area',$,$,1.9200000000000002,$);
#7594=IFCQUANTITYVOLUME('Volume',$,$,960.00000000000023,$);
#7595=IFCELEMENTQUANTITY('12iWzj$9YUEDaa9_$6TLQd',#6,'Qto_OpeningElementBaseQuantities',$,'BaseQuantities',(#7590,#7591,#7592,#7593,#7594));
#7596=IFCRELDEFINESBYPROPERTIES('2AbNPUmJU9By1se3RVYRL$',#6,$,$,(#7588),#7595);
#7597=IFCRELFILLSELEMENT('1M$4k_IVx2Am9d6TPBsw4B',#6,$,$,#7588,#3098);
#7598=IFCAXIS2PLACEMENT3D(#10,$,$);
#7599=IFCLOCALPLACEMENT(#7587,#7598);
#7600=IFCCARTESIANPOINTLIST2D(((0.,-3.3790422291401856E-027),(1200.,0.),(1200.,1000.0000000000001),(0.,1000.0000000000001),(0.,-3.3790422291401856E-027)));
#7601=IFCINDEXEDPOLYCURVE(#7600,$,.F.);
#7602=IFCARBITRARYCLOSEDPROFILEDEF(.AREA.,$,#7601);
#7603=IFCAXIS2PLACEMENT3D(#10,#146,#49);
#7604=IFCEXTRUDEDAREASOLID(#7602,#7603,#49,500.00000000000006);
#7605=IFCSHAPEREPRESENTATION(#15,'Body','SweptSolid',(#7604));
#7606=IFCPRODUCTDEFINITIONSHAPE($,$,(#7605));
#7607=IFCCARTESIANPOINT((2970.6909928935347,-250.,512.48044712315163));
#7608=IFCAXIS2PLACEMENT3D(#7607,$,$);
#7609=IFCLOCALPLACEMENT(#464,#7608);
#7610=IFCOPENINGELEMENT('244sCFriGs29oRGRwn0GcG',#6,'Window1:StoneWindows:1699030:1',$,$,#7609,#7606,'1699030',.OPENING.);
#7611=IFCRELVOIDSELEMENT('08pzrbE8X9reLLOne2mNpl',#6,$,$,#499,#7610);
#7612=IFCQUANTITYLENGTH('Depth',$,$,500.00000000000006,$);
#7613=IFCQUANTITYLENGTH('Height',$,$,1000.0000000000001,$);
#7614=IFCQUANTITYLENGTH('Width',$,$,1200.,$);
#7615=IFCQUANTITYAREA('Area',$,$,1.2000000000000002,$);
#7616=IFCQUANTITYVOLUME('Volume',$,$,600.00000000000011,$);
#7617=IFCELEMENTQUANTITY('26rwURhy8rc3d$zYJd6AR6',#6,'Qto_OpeningElementBaseQuantities',$,'BaseQuantities',(#7612,#7613,#7614,#7615,#7616));
#7618=IFCRELDEFINESBYPROPERTIES('0urxDnkIb1E4zGFzHpLMv4',#6,$,$,(#7610),#7617);
#7619=IFCRELFILLSELEMENT('1ljEwcjQ8$hA_CN7zxF0bG',#6,$,$,#7610,#3115);
#7620=IFCAXIS2PLACEMENT3D(#10,$,$);
#7621=IFCLOCALPLACEMENT(#7609,#7620);
#7622=IFCCARTESIANPOINTLIST2D(((0.,1499.9999999999905),(5.4143356464919636E-013,0.),(2200.0000000000018,0.),(2200.0000000000018,1499.9999999999905),(0.,1499.9999999999905)));
#7623=IFCINDEXEDPOLYCURVE(#7622,$,.F.);
#7624=IFCARBITRARYCLOSEDPROFILEDEF(.AREA.,$,#7623);
#7625=IFCAXIS2PLACEMENT3D(#10,#146,#49);
#7626=IFCEXTRUDEDAREASOLID(#7624,#7625,#49,500.00000000000006);
#7627=IFCSHAPEREPRESENTATION(#15,'Body','SweptSolid',(#7626));
#7628=IFCPRODUCTDEFINITIONSHAPE($,$,(#7627));
#7629=IFCCARTESIANPOINT((4150.,-250.,-0.));
#7630=IFCAXIS2PLACEMENT3D(#7629,$,$);
#7631=IFCLOCALPLACEMENT(#613,#7630);
#7632=IFCOPENINGELEMENT('1JoK7FTi6_UuaGHbS3kVbP',#6,'DoorV2:DoorV2:1753723:1',$,$,#7631,#7628,'1753723',.OPENING.);
#7633=IFCRELVOIDSELEMENT('0aLNXoc1TDjApGVIDVMWi8',#6,$,$,#640,#7632);
#7634=IFCQUANTITYLENGTH('Depth',$,$,500.00000000000006,$);
#7635=IFCQUANTITYLENGTH('Height',$,$,2200.0000000000014,$);
#7636=IFCQUANTITYLENGTH('Width',$,$,1499.9999999999854,$);
#7637=IFCQUANTITYAREA('Area',$,$,3.299999999999979,$);
#7638=IFCQUANTITYVOLUME('Volume',$,$,1649.9999999999898,$);
#7639=IFCELEMENTQUANTITY('0muT8XAPm$fkk7OzUVG8YM',#6,'Qto_OpeningElementBaseQuantities',$,'BaseQuantities',(#7634,#7635,#7636,#7637,#7638));
#7640=IFCRELDEFINESBYPROPERTIES('02KjIf1Lihf5oDAmGADa8c',#6,$,$,(#7632),#7639);
#7641=IFCRELFILLSELEMENT('1MHIJRC2UeLAHkOzOZ2HGe',#6,$,$,#7632,#5505);
#7642=IFCAXIS2PLACEMENT3D(#10,$,$);
#7643=IFCLOCALPLACEMENT(#7631,#7642);
#7644=IFCCARTESIANPOINTLIST2D(((0.,0.),(1500.,0.),(1500.,1400.),(0.,1400.),(0.,0.)));
#7645=IFCINDEXEDPOLYCURVE(#7644,$,.F.);
#7646=IFCARBITRARYCLOSEDPROFILEDEF(.AREA.,$,#7645);
#7647=IFCAXIS2PLACEMENT3D(#10,#2592,#49);
#7648=IFCEXTRUDEDAREASOLID(#7646,#7647,#49,500.00000000000006);
#7649=IFCSHAPEREPRESENTATION(#15,'Body','SweptSolid',(#7648));
#7650=IFCPRODUCTDEFINITIONSHAPE($,$,(#7649));
#7651=IFCCARTESIANPOINT((2800.,250.,400.));
#7652=IFCAXIS2PLACEMENT3D(#7651,$,$);
#7653=IFCLOCALPLACEMENT(#750,#7652);
#7654=IFCOPENINGELEMENT('1uu2niPE7N6Xbn4tfTms5q',#6,'Window1:StoneWindows:1698403:1',$,$,#7653,#7650,'1698403',.OPENING.);
#7655=IFCRELVOIDSELEMENT('3Jmmvoko5D$RwQG7gPqCrZ',#6,$,$,#801,#7654);
#7656=IFCQUANTITYLENGTH('Depth',$,$,500.00000000000006,$);
#7657=IFCQUANTITYLENGTH('Height',$,$,1500.,$);
#7658=IFCQUANTITYLENGTH('Width',$,$,1400.,$);
#7659=IFCQUANTITYAREA('Area',$,$,2.1000000000000001,$);
#7660=IFCQUANTITYVOLUME('Volume',$,$,1050.0000000000002,$);
#7661=IFCELEMENTQUANTITY('34zJHsXYEwkUiTUv0fLXz9',#6,'Qto_OpeningElementBaseQuantities',$,'BaseQuantities',(#7656,#7657,#7658,#7659,#7660));
#7662=IFCRELDEFINESBYPROPERTIES('0crqwZkDPP_mElifILrW6U',#6,$,$,(#7654),#7661);
#7663=IFCRELFILLSELEMENT('1m8qWF3ozYiLmhyXsQTHR4',#6,$,$,#7654,#2998);
#7664=IFCAXIS2PLACEMENT3D(#10,#49,#506);
#7665=IFCLOCALPLACEMENT(#7653,#7664);
#7666=IFCCARTESIANPOINTLIST2D(((0.,0.),(1500.,0.),(1500.,1400.),(0.,1400.),(0.,0.)));
#7667=IFCINDEXEDPOLYCURVE(#7666,$,.F.);
#7668=IFCARBITRARYCLOSEDPROFILEDEF(.AREA.,$,#7667);
#7669=IFCAXIS2PLACEMENT3D(#10,#2592,#49);
#7670=IFCEXTRUDEDAREASOLID(#7668,#7669,#49,500.00000000000006);
#7671=IFCSHAPEREPRESENTATION(#15,'Body','SweptSolid',(#7670));
#7672=IFCPRODUCTDEFINITIONSHAPE($,$,(#7671));
#7673=IFCCARTESIANPOINT((5244.368262314767,250.,400.));
#7674=IFCAXIS2PLACEMENT3D(#7673,$,$);
#7675=IFCLOCALPLACEMENT(#750,#7674);
#7676=IFCOPENINGELEMENT('2voeuWqgRp_KGmxGv0AGFQ',#6,'Window1:StoneWindows:1699250:1',$,$,#7675,#7672,'1699250',.OPENING.);
#7677=IFCRELVOIDSELEMENT('08pzrbE8X9reLLOne2mNsB',#6,$,$,#801,#7676);
#7678=IFCQUANTITYLENGTH('Depth',$,$,500.00000000000006,$);
#7679=IFCQUANTITYLENGTH('Height',$,$,1500.,$);
#7680=IFCQUANTITYLENGTH('Width',$,$,1400.,$);
#7681=IFCQUANTITYAREA('Area',$,$,2.1000000000000001,$);
#7682=IFCQUANTITYVOLUME('Volume',$,$,1050.0000000000002,$);
#7683=IFCELEMENTQUANTITY('2SZjPQtl$ktLRx_n$usaJW',#6,'Qto_OpeningElementBaseQuantities',$,'BaseQuantities',(#7678,#7679,#7680,#7681,#7682));
#7684=IFCRELDEFINESBYPROPERTIES('0lTRDrrB2uDQeRLrIslg5U',#6,$,$,(#7676),#7683);
#7685=IFCRELFILLSELEMENT('2tRuT6GfwKrzSvV4JAAP_a',#6,$,$,#7676,#3132);
#7686=IFCAXIS2PLACEMENT3D(#10,#49,#506);
#7687=IFCLOCALPLACEMENT(#7675,#7686);
#7688=IFCCARTESIANPOINTLIST2D(((0.,1.0828671292983905E-012),(999.99999999999898,-4.373535944427138E-027),(1650.0000000000309,650.00000000003342),(999.99999999999818,1300.0000000000673),(1.3535839116229909E-013,1300.0000000000673)));
#7689=IFCINDEXEDPOLYCURVE(#7688,(IFCLINEINDEX((1,2)),IFCARCINDEX((2,3,4)),IFCLINEINDEX((4,5,1))),.F.);
#7690=IFCARBITRARYCLOSEDPROFILEDEF(.AREA.,$,#7689);
#7691=IFCAXIS2PLACEMENT3D(#10,#2592,#49);
#7692=IFCEXTRUDEDAREASOLID(#7690,#7691,#49,500.00000000000006);
#7693=IFCSHAPEREPRESENTATION(#15,'Body','SweptSolid',(#7692));
#7694=IFCPRODUCTDEFINITIONSHAPE($,$,(#7693));
#7695=IFCCARTESIANPOINT((3600.,250.,455.90000000016801));
#7696=IFCAXIS2PLACEMENT3D(#7695,$,$);
#7697=IFCLOCALPLACEMENT(#821,#7696);
#7698=IFCOPENINGELEMENT('3lAMZnBWoMA_MzrfjyxmP0',#6,'archi_window_closed:StoneWindowArch:1699279:1',$,$,#7697,#7694,'1699279',.OPENING.);
#7699=IFCRELVOIDSELEMENT('08pzrbE8X9reLLOne2mNts',#6,$,$,#921,#7698);
#7700=IFCQUANTITYLENGTH('Depth',$,$,500.00000000000006,$);
#7701=IFCQUANTITYAREA('Area',$,$,1.9636703198321148,$);
#7702=IFCQUANTITYVOLUME('Volume',$,$,981.83515991605748,$);
#7703=IFCELEMENTQUANTITY('1B0$JjTKNZoI_639H7CbWf',#6,'Qto_OpeningElementBaseQuantities',$,'BaseQuantities',(#7700,#7701,#7702));
#7704=IFCRELDEFINESBYPROPERTIES('347tpCwQPqkhGAwFQ_KEim',#6,$,$,(#7698),#7703);
#7705=IFCRELFILLSELEMENT('0FZVY61m$SFQBo230ObY6J',#6,$,$,#7698,#3196);
#7706=IFCAXIS2PLACEMENT3D(#10,#49,#506);
#7707=IFCLOCALPLACEMENT(#7697,#7706);
#7708=IFCCARTESIANPOINTLIST2D(((0.,-2.1771584954859052E-027),(999.99999999999898,-4.373535944427138E-027),(1650.0000000000309,650.00000000003342),(999.99999999999818,1300.0000000000662),(1.3535839116229909E-013,1300.0000000000662)));
#7709=IFCINDEXEDPOLYCURVE(#7708,(IFCLINEINDEX((1,2)),IFCARCINDEX((2,3,4)),IFCLINEINDEX((4,5,1))),.F.);
#7710=IFCARBITRARYCLOSEDPROFILEDEF(.AREA.,$,#7709);
#7711=IFCAXIS2PLACEMENT3D(#10,#2592,#49);
#7712=IFCEXTRUDEDAREASOLID(#7710,#7711,#49,500.00000000000006);
#7713=IFCSHAPEREPRESENTATION(#15,'Body','SweptSolid',(#7712));
#7714=IFCPRODUCTDEFINITIONSHAPE($,$,(#7713));
#7715=IFCCARTESIANPOINT((7570.6909928935675,250.,455.90000000016801));
#7716=IFCAXIS2PLACEMENT3D(#7715,$,$);
#7717=IFCLOCALPLACEMENT(#821,#7716);
#7718=IFCOPENINGELEMENT('3pWOkIjikI4GcNaNXJWUMz',#6,'archi_window_closed:StoneWindowArch:1700425:1',$,$,#7717,#7714,'1700425',.OPENING.);
#7719=IFCRELVOIDSELEMENT('08pzrbE8X9reLLOne2mM9m',#6,$,$,#921,#7718);
#7720=IFCQUANTITYLENGTH('Depth',$,$,500.00000000000006,$);
#7721=IFCQUANTITYAREA('Area',$,$,1.9636703198321148,$);
#7722=IFCQUANTITYVOLUME('Volume',$,$,981.83515991605748,$);
#7723=IFCELEMENTQUANTITY('3RuaSeFgXnFzR$tVJl3bTQ',#6,'Qto_OpeningElementBaseQuantities',$,'BaseQuantities',(#7720,#7721,#7722));
#7724=IFCRELDEFINESBYPROPERTIES('1DGw2UgT4Oi0whI$vtsda7',#6,$,$,(#7718),#7723);
#7725=IFCRELFILLSELEMENT('0EVZfztdqgrc4APj6lY2_E',#6,$,$,#7718,#3216);
#7726=IFCAXIS2PLACEMENT3D(#10,#49,#506);
#7727=IFCLOCALPLACEMENT(#7717,#7726);
#7728=IFCCARTESIANPOINTLIST2D(((0.,-4.7306591207962604E-027),(1500.,0.),(1500.,1400.),(0.,1400.),(0.,-4.7306591207962604E-027)));
#7729=IFCINDEXEDPOLYCURVE(#7728,$,.F.);
#7730=IFCARBITRARYCLOSEDPROFILEDEF(.AREA.,$,#7729);
#7731=IFCAXIS2PLACEMENT3D(#10,#2592,#49);
#7732=IFCEXTRUDEDAREASOLID(#7730,#7731,#49,500.00000000000006);
#7733=IFCSHAPEREPRESENTATION(#15,'Body','SweptSolid',(#7732));
#7734=IFCPRODUCTDEFINITIONSHAPE($,$,(#7733));
#7735=IFCCARTESIANPOINT((5970.6909928935374,250.,400.));
#7736=IFCAXIS2PLACEMENT3D(#7735,$,$);
#7737=IFCLOCALPLACEMENT(#821,#7736);
#7738=IFCOPENINGELEMENT('1Q3rDo2ivK3dmS0sbMoP6V',#6,'Window1:StoneWindows:1700630:1',$,$,#7737,#7734,'1700630',.OPENING.);
#7739=IFCRELVOIDSELEMENT('08pzrbE8X9reLLOne2mMCl',#6,$,$,#921,#7738);
#7740=IFCQUANTITYLENGTH('Depth',$,$,500.00000000000006,$);
#7741=IFCQUANTITYLENGTH('Height',$,$,1400.,$);
#7742=IFCQUANTITYLENGTH('Width',$,$,1500.,$);
#7743=IFCQUANTITYAREA('Area',$,$,2.1000000000000001,$);
#7744=IFCQUANTITYVOLUME('Volume',$,$,1050.0000000000002,$);
#7745=IFCELEMENTQUANTITY('18B8dmIH6sFCma63XPseiA',#6,'Qto_OpeningElementBaseQuantities',$,'BaseQuantities',(#7740,#7741,#7742,#7743,#7744));
#7746=IFCRELDEFINESBYPROPERTIES('0fbowLe$ezaYn_uhNZ72GA',#6,$,$,(#7738),#7745);
#7747=IFCRELFILLSELEMENT('2RisFI3nNAfBElXyAle4mz',#6,$,$,#7738,#3236);
#7748=IFCAXIS2PLACEMENT3D(#10,#49,#506);
#7749=IFCLOCALPLACEMENT(#7737,#7748);
#7750=IFCCARTESIANPOINTLIST2D(((0.,1399.999999999987),(5.4143356464919636E-013,0.),(2200.0000000000018,0.),(2200.0000000000018,1399.999999999987),(0.,1399.999999999987)));
#7751=IFCINDEXEDPOLYCURVE(#7750,$,.F.);
#7752=IFCARBITRARYCLOSEDPROFILEDEF(.AREA.,$,#7751);
#7753=IFCAXIS2PLACEMENT3D(#10,#2592,#49);
#7754=IFCEXTRUDEDAREASOLID(#7752,#7753,#49,500.00000000000006);
#7755=IFCSHAPEREPRESENTATION(#15,'Body','SweptSolid',(#7754));
#7756=IFCPRODUCTDEFINITIONSHAPE($,$,(#7755));
#7757=IFCCARTESIANPOINT((5900.,250.,0.));
#7758=IFCAXIS2PLACEMENT3D(#7757,$,$);
#7759=IFCLOCALPLACEMENT(#941,#7758);
#7760=IFCOPENINGELEMENT('0JDe_2vZvzYXYouQkGjplI',#6,'DoorV2:DoorV2:1721146:1',$,$,#7759,#7756,'1721146',.OPENING.);
#7761=IFCRELVOIDSELEMENT('0F0gJxCaz6DgMK0rHJiOZq',#6,$,$,#993,#7760);
#7762=IFCQUANTITYLENGTH('Depth',$,$,500.00000000000006,$);
#7763=IFCQUANTITYLENGTH('Height',$,$,2200.0000000000014,$);
#7764=IFCQUANTITYLENGTH('Width',$,$,1399.9999999999882,$);
#7765=IFCQUANTITYAREA('Area',$,$,3.0799999999999743,$);
#7766=IFCQUANTITYVOLUME('Volume',$,$,1539.9999999999873,$);
#7767=IFCELEMENTQUANTITY('0OECQDH3_7U5HwSAlmiYqC',#6,'Qto_OpeningElementBaseQuantities',$,'BaseQuantities',(#7762,#7763,#7764,#7765,#7766));
#7768=IFCRELDEFINESBYPROPERTIES('2f58xzdtoWmU2AqCZlAb_x',#6,$,$,(#7760),#7767);
#7769=IFCRELFILLSELEMENT('1sdEKpirLUOAzC6DilXkSZ',#6,$,$,#7760,#4876);
#7770=IFCAXIS2PLACEMENT3D(#10,#49,#506);
#7771=IFCLOCALPLACEMENT(#7759,#7770);
#7772=IFCCARTESIANPOINTLIST2D(((0.,-2.8593473172782392E-027),(1299.9999999999991,0.),(1300.,1200.),(0.,1200.),(0.,-2.8593473172782392E-027)));
#7773=IFCINDEXEDPOLYCURVE(#7772,$,.F.);
#7774=IFCARBITRARYCLOSEDPROFILEDEF(.AREA.,$,#7773);
#7775=IFCAXIS2PLACEMENT3D(#10,#146,#49);
#7776=IFCEXTRUDEDAREASOLID(#7774,#7775,#49,500.00000000000006);
#7777=IFCSHAPEREPRESENTATION(#15,'Body','SweptSolid',(#7776));
#7778=IFCPRODUCTDEFINITIONSHAPE($,$,(#7777));
#7779=IFCCARTESIANPOINT((4570.6909928935365,-250.,2900.));
#7780=IFCAXIS2PLACEMENT3D(#7779,$,$);
#7781=IFCLOCALPLACEMENT(#941,#7780);
#7782=IFCOPENINGELEMENT('2OHWkw1ZVJvi2FZi56$fVI',#6,'Window1:StoneWindows:1722401:1',$,$,#7781,#7778,'1722401',.OPENING.);
#7783=IFCRELVOIDSELEMENT('0F0gJxCaz6DgMK0rHJiOFl',#6,$,$,#993,#7782);
#7784=IFCQUANTITYLENGTH('Depth',$,$,500.00000000000006,$);
#7785=IFCQUANTITYLENGTH('Height',$,$,1200.,$);
#7786=IFCQUANTITYLENGTH('Width',$,$,1300.,$);
#7787=IFCQUANTITYAREA('Area',$,$,1.5599999999999996,$);
#7788=IFCQUANTITYVOLUME('Volume',$,$,779.99999999999989,$);
#7789=IFCELEMENTQUANTITY('3qqjmDT4dS0Ww_jZ0xlU7_',#6,'Qto_OpeningElementBaseQuantities',$,'BaseQuantities',(#7784,#7785,#7786,#7787,#7788));
#7790=IFCRELDEFINESBYPROPERTIES('0P2nlXpk8YcOI02Tj1ILw9',#6,$,$,(#7782),#7789);
#7791=IFCRELFILLSELEMENT('0mN4TypqgDn$T_lGUdAhPb',#6,$,$,#7782,#4926);
#7792=IFCAXIS2PLACEMENT3D(#10,$,$);
#7793=IFCLOCALPLACEMENT(#7781,#7792);
#7794=IFCCARTESIANPOINTLIST2D(((0.,1499.9999999999905),(5.4143356464919636E-013,0.),(2200.0000000000018,0.),(2200.0000000000018,1499.9999999999905),(0.,1499.9999999999905)));
#7795=IFCINDEXEDPOLYCURVE(#7794,$,.F.);
#7796=IFCARBITRARYCLOSEDPROFILEDEF(.AREA.,$,#7795);
#7797=IFCAXIS2PLACEMENT3D(#10,#146,#49);
#7798=IFCEXTRUDEDAREASOLID(#7796,#7797,#49,500.00000000000006);
#7799=IFCSHAPEREPRESENTATION(#15,'Body','SweptSolid',(#7798));
#7800=IFCPRODUCTDEFINITIONSHAPE($,$,(#7799));
#7801=IFCCARTESIANPOINT((4150.,-250.,0.));
#7802=IFCAXIS2PLACEMENT3D(#7801,$,$);
#7803=IFCLOCALPLACEMENT(#1013,#7802);
#7804=IFCOPENINGELEMENT('2mJmvY670kiuWmuSylfvHk',#6,'DoorV2:DoorV2:1757903:1',$,$,#7803,#7800,'1757903',.OPENING.);
#7805=IFCRELVOIDSELEMENT('2LX1lxEB13yROcdtoV7Vts',#6,$,$,#1058,#7804);
#7806=IFCQUANTITYLENGTH('Depth',$,$,500.00000000000006,$);
#7807=IFCQUANTITYLENGTH('Height',$,$,2200.0000000000014,$);
#7808=IFCQUANTITYLENGTH('Width',$,$,1499.9999999999854,$);
#7809=IFCQUANTITYAREA('Area',$,$,3.299999999999979,$);
#7810=IFCQUANTITYVOLUME('Volume',$,$,1649.9999999999898,$);
#7811=IFCELEMENTQUANTITY('0seIdvCN0vr6qjOXqSb$Tj',#6,'Qto_OpeningElementBaseQuantities',$,'BaseQuantities',(#7806,#7807,#7808,#7809,#7810));
#7812=IFCRELDEFINESBYPROPERTIES('3gay8RbXpHTZs_z$Ye7Cfo',#6,$,$,(#7804),#7811);
#7813=IFCRELFILLSELEMENT('2WOeJNFMqE_5MXo4vFSA$i',#6,$,$,#7804,#6042);
#7814=IFCAXIS2PLACEMENT3D(#10,$,$);
#7815=IFCLOCALPLACEMENT(#7803,#7814);
#7816=IFCCARTESIANPOINTLIST2D(((0.,0.),(1500.,0.),(1500.,1200.),(0.,1200.),(0.,0.)));
#7817=IFCINDEXEDPOLYCURVE(#7816,$,.F.);
#7818=IFCARBITRARYCLOSEDPROFILEDEF(.AREA.,$,#7817);
#7819=IFCAXIS2PLACEMENT3D(#10,#146,#49);
#7820=IFCEXTRUDEDAREASOLID(#7818,#7819,#49,500.00000000000006);
#7821=IFCSHAPEREPRESENTATION(#15,'Body','SweptSolid',(#7820));
#7822=IFCPRODUCTDEFINITIONSHAPE($,$,(#7821));
#7823=IFCCARTESIANPOINT((2200.,-250.,4036.9768528884133));
#7824=IFCAXIS2PLACEMENT3D(#7823,$,$);
#7825=IFCLOCALPLACEMENT(#1079,#7824);
#7826=IFCOPENINGELEMENT('0Jb4wXng7bivo148GBfMJN',#6,'BrickWindow:BrickWindow:1706998:1',$,$,#7825,#7822,'1706998',.OPENING.);
#7827=IFCRELVOIDSELEMENT('0cmxDOe$H0xREbbtLsIyXc',#6,$,$,#1109,#7826);
#7828=IFCQUANTITYLENGTH('Depth',$,$,500.00000000000006,$);
#7829=IFCQUANTITYLENGTH('Height',$,$,1200.,$);
#7830=IFCQUANTITYLENGTH('Width',$,$,1500.,$);
#7831=IFCQUANTITYAREA('Area',$,$,1.8,$);
#7832=IFCQUANTITYVOLUME('Volume',$,$,900.00000000000011,$);
#7833=IFCELEMENTQUANTITY('0WpdM3t4d9nGVCSSqGqZ0L',#6,'Qto_OpeningElementBaseQuantities',$,'BaseQuantities',(#7828,#7829,#7830,#7831,#7832));
#7834=IFCRELDEFINESBYPROPERTIES('2xlpnr_a0UplnArGbKHtpe',#6,$,$,(#7826),#7833);
#7835=IFCRELFILLSELEMENT('1QtHzLI32lomb3M9GN5pEW',#6,$,$,#7826,#3659);
#7836=IFCAXIS2PLACEMENT3D(#10,$,$);
#7837=IFCLOCALPLACEMENT(#7825,#7836);
#7838=IFCCARTESIANPOINTLIST2D(((0.,0.),(1500.,1.0828671292983927E-012),(1500.,1000.0000000000001),(0.,1000.0000000000001),(0.,0.)));
#7839=IFCINDEXEDPOLYCURVE(#7838,$,.F.);
#7840=IFCARBITRARYCLOSEDPROFILEDEF(.AREA.,$,#7839);
#7841=IFCAXIS2PLACEMENT3D(#10,#2592,#49);
#7842=IFCEXTRUDEDAREASOLID(#7840,#7841,#49,500.00000000000006);
#7843=IFCSHAPEREPRESENTATION(#15,'Body','SweptSolid',(#7842));
#7844=IFCPRODUCTDEFINITIONSHAPE($,$,(#7843));
#7845=IFCCARTESIANPOINT((1215.6539075886494,250.,3798.5786437626862));
#7846=IFCAXIS2PLACEMENT3D(#7845,$,$);
#7847=IFCLOCALPLACEMENT(#1263,#7846);
#7848=IFCOPENINGELEMENT('1T$v0wxHcpxfErWEsyM09T',#6,'BrickWindow:BrickWindow:1712374:1',$,$,#7847,#7844,'1712374',.OPENING.);
#7849=IFCRELVOIDSELEMENT('3PDcirDNvFvA6IW$0uYSLi',#6,$,$,#1302,#7848);
#7850=IFCQUANTITYLENGTH('Depth',$,$,500.00000000000006,$);
#7851=IFCQUANTITYLENGTH('Height',$,$,999.99999999999898,$);
#7852=IFCQUANTITYLENGTH('Width',$,$,1500.,$);
#7853=IFCQUANTITYAREA('Area',$,$,1.4999999999999991,$);
#7854=IFCQUANTITYVOLUME('Volume',$,$,749.99999999999966,$);
#7855=IFCELEMENTQUANTITY('3z1AqkLwA41oqgkqMA8DK8',#6,'Qto_OpeningElementBaseQuantities',$,'BaseQuantities',(#7850,#7851,#7852,#7853,#7854));
#7856=IFCRELDEFINESBYPROPERTIES('3g3vUD5FUyCsdcJ3H1FrNF',#6,$,$,(#7848),#7855);
#7857=IFCRELFILLSELEMENT('2xsBta51jHU9mvp$Q1Vrwi',#6,$,$,#7848,#4476);
#7858=IFCAXIS2PLACEMENT3D(#10,#49,#506);
#7859=IFCLOCALPLACEMENT(#7847,#7858);
#7860=IFCCARTESIANPOINTLIST2D(((0.,1399.9999999999882),(0.,0.),(2200.0000000000018,0.),(2200.0000000000018,1399.9999999999882),(0.,1399.9999999999882)));
#7861=IFCINDEXEDPOLYCURVE(#7860,$,.F.);
#7862=IFCARBITRARYCLOSEDPROFILEDEF(.AREA.,$,#7861);
#7863=IFCAXIS2PLACEMENT3D(#10,#146,#49);
#7864=IFCEXTRUDEDAREASOLID(#7862,#7863,#49,500.00000000000006);
#7865=IFCSHAPEREPRESENTATION(#15,'Body','SweptSolid',(#7864));
#7866=IFCPRODUCTDEFINITIONSHAPE($,$,(#7865));
#7867=IFCCARTESIANPOINT((352.97043442990321,-250.,300.));
#7868=IFCAXIS2PLACEMENT3D(#7867,$,$);
#7869=IFCLOCALPLACEMENT(#1263,#7868);
#7870=IFCOPENINGELEMENT('3CSFCKpYhxYJDlSJhi262z',#6,'DoorV2:DoorV2:1723952:1',$,$,#7869,#7866,'1723952',.OPENING.);
#7871=IFCRELVOIDSELEMENT('0F0gJxCaz6DgMK0rHJiON_',#6,$,$,#1302,#7870);
#7872=IFCQUANTITYLENGTH('Depth',$,$,500.00000000000006,$);
#7873=IFCQUANTITYLENGTH('Height',$,$,2200.0000000000018,$);
#7874=IFCQUANTITYLENGTH('Width',$,$,1399.999999999987,$);
#7875=IFCQUANTITYAREA('Area',$,$,3.0799999999999756,$);
#7876=IFCQUANTITYVOLUME('Volume',$,$,1539.9999999999879,$);
#7877=IFCELEMENTQUANTITY('2F2UHJHLkNzaHNlSExQelP',#6,'Qto_OpeningElementBaseQuantities',$,'BaseQuantities',(#7872,#7873,#7874,#7875,#7876));
#7878=IFCRELDEFINESBYPROPERTIES('2loUsDhhrdQFOoWvivrylC',#6,$,$,(#7870),#7877);
#7879=IFCRELFILLSELEMENT('0sENgNOqi4KvhZj4s2pKPV',#6,$,$,#7870,#5137);
#7880=IFCAXIS2PLACEMENT3D(#10,$,$);
#7881=IFCLOCALPLACEMENT(#7869,#7880);
#7882=IFCCARTESIANPOINTLIST2D(((0.,0.),(1500.,0.),(1500.,1000.0000000000001),(0.,1000.0000000000001),(0.,0.)));
#7883=IFCINDEXEDPOLYCURVE(#7882,$,.F.);
#7884=IFCARBITRARYCLOSEDPROFILEDEF(.AREA.,$,#7883);
#7885=IFCAXIS2PLACEMENT3D(#10,#2592,#49);
#7886=IFCEXTRUDEDAREASOLID(#7884,#7885,#49,500.00000000000006);
#7887=IFCSHAPEREPRESENTATION(#15,'Body','SweptSolid',(#7886));
#7888=IFCPRODUCTDEFINITIONSHAPE($,$,(#7887));
#7889=IFCCARTESIANPOINT((3252.9704344299098,250.,3798.5786437626939));
#7890=IFCAXIS2PLACEMENT3D(#7889,$,$);
#7891=IFCLOCALPLACEMENT(#1263,#7890);
#7892=IFCOPENINGELEMENT('2_ZMCFvzmWpcqCnADuOZDR',#6,'BrickWindow:BrickWindow:1711098:1',$,$,#7891,#7888,'1711098',.OPENING.);
#7893=IFCRELVOIDSELEMENT('2cod_9cnH6lgOHU$$V8box',#6,$,$,#1302,#7892);
#7894=IFCQUANTITYLENGTH('Depth',$,$,500.00000000000006,$);
#7895=IFCQUANTITYLENGTH('Height',$,$,1000.0000000000001,$);
#7896=IFCQUANTITYLENGTH('Width',$,$,1500.,$);
#7897=IFCQUANTITYAREA('Area',$,$,1.5000000000000002,$);
#7898=IFCQUANTITYVOLUME('Volume',$,$,750.00000000000023,$);
#7899=IFCELEMENTQUANTITY('0i3VkHOArQlyZn6oGwn9eP',#6,'Qto_OpeningElementBaseQuantities',$,'BaseQuantities',(#7894,#7895,#7896,#7897,#7898));
#7900=IFCRELDEFINESBYPROPERTIES('1WIjnveJsEn5WrTiFW0Zln',#6,$,$,(#7892),#7899);
#7901=IFCRELFILLSELEMENT('0J1M_3XICJQmEQThL$4Hw8',#6,$,$,#7892,#4422);
#7902=IFCAXIS2PLACEMENT3D(#10,#49,#506);
#7903=IFCLOCALPLACEMENT(#7891,#7902);
#7904=IFCCARTESIANPOINTLIST2D(((0.,0.),(1500.,0.),(1500.,1000.0000000000001),(0.,1000.0000000000001),(0.,0.)));
#7905=IFCINDEXEDPOLYCURVE(#7904,$,.F.);
#7906=IFCARBITRARYCLOSEDPROFILEDEF(.AREA.,$,#7905);
#7907=IFCAXIS2PLACEMENT3D(#10,#2592,#49);
#7908=IFCEXTRUDEDAREASOLID(#7906,#7907,#49,500.00000000000006);
#7909=IFCSHAPEREPRESENTATION(#15,'Body','SweptSolid',(#7908));
#7910=IFCPRODUCTDEFINITIONSHAPE($,$,(#7909));
#7911=IFCCARTESIANPOINT((3252.9704344299034,250.,1700.));
#7912=IFCAXIS2PLACEMENT3D(#7911,$,$);
#7913=IFCLOCALPLACEMENT(#1263,#7912);
#7914=IFCOPENINGELEMENT('1qvr6ucbtVfiWJEfEPyR9Z',#6,'BrickWindow:BrickWindow:1711014:1',$,$,#7913,#7910,'1711014',.OPENING.);
#7915=IFCRELVOIDSELEMENT('2cod_9cnH6lgOHU$$V8bpd',#6,$,$,#1302,#7914);
#7916=IFCQUANTITYLENGTH('Depth',$,$,500.00000000000006,$);
#7917=IFCQUANTITYLENGTH('Height',$,$,1000.0000000000001,$);
#7918=IFCQUANTITYLENGTH('Width',$,$,1500.,$);
#7919=IFCQUANTITYAREA('Area',$,$,1.5000000000000002,$);
#7920=IFCQUANTITYVOLUME('Volume',$,$,750.00000000000023,$);
#7921=IFCELEMENTQUANTITY('2jrsclb1PVa7aguSDddK2Q',#6,'Qto_OpeningElementBaseQuantities',$,'BaseQuantities',(#7916,#7917,#7918,#7919,#7920));
#7922=IFCRELDEFINESBYPROPERTIES('3$FNW6mL2AyOdyXLZfQ2iT',#6,$,$,(#7914),#7921);
#7923=IFCRELFILLSELEMENT('0B2NQQKqOFkai7X7Bdx70h',#6,$,$,#7914,#4404);
#7924=IFCAXIS2PLACEMENT3D(#10,#49,#506);
#7925=IFCLOCALPLACEMENT(#7913,#7924);
#7926=IFCCARTESIANPOINTLIST2D(((0.,0.),(1500.,0.),(1500.,1200.),(0.,1200.),(0.,0.)));
#7927=IFCINDEXEDPOLYCURVE(#7926,$,.F.);
#7928=IFCARBITRARYCLOSEDPROFILEDEF(.AREA.,$,#7927);
#7929=IFCAXIS2PLACEMENT3D(#10,#146,#49);
#7930=IFCEXTRUDEDAREASOLID(#7928,#7929,#49,500.00000000000006);
#7931=IFCSHAPEREPRESENTATION(#15,'Body','SweptSolid',(#7930));
#7932=IFCPRODUCTDEFINITIONSHAPE($,$,(#7931));
#7933=IFCCARTESIANPOINT((2100.,-250.,1500.));
#7934=IFCAXIS2PLACEMENT3D(#7933,$,$);
#7935=IFCLOCALPLACEMENT(#1483,#7934);
#7936=IFCOPENINGELEMENT('1ZE7yqbtMBqaoq3N4mY72Z',#6,'BrickWindow:BrickWindow:1707228:1',$,$,#7935,#7932,'1707228',.OPENING.);
#7937=IFCRELVOIDSELEMENT('0cmxDOe$H0xREbbtLsIyzC',#6,$,$,#1510,#7936);
#7938=IFCQUANTITYLENGTH('Depth',$,$,500.00000000000006,$);
#7939=IFCQUANTITYLENGTH('Height',$,$,1200.,$);
#7940=IFCQUANTITYLENGTH('Width',$,$,1500.,$);
#7941=IFCQUANTITYAREA('Area',$,$,1.8,$);
#7942=IFCQUANTITYVOLUME('Volume',$,$,900.00000000000011,$);
#7943=IFCELEMENTQUANTITY('19oT0su4Vst4b3ynLAYnUo',#6,'Qto_OpeningElementBaseQuantities',$,'BaseQuantities',(#7938,#7939,#7940,#7941,#7942));
#7944=IFCRELDEFINESBYPROPERTIES('1VxvlmQGisA9nslJiJeBSP',#6,$,$,(#7936),#7943);
#7945=IFCRELFILLSELEMENT('2S82sTZGuMGHOKbajOo45o',#6,$,$,#7936,#3677);
#7946=IFCAXIS2PLACEMENT3D(#10,$,$);
#7947=IFCLOCALPLACEMENT(#7935,#7946);
#7948=IFCCARTESIANPOINTLIST2D(((0.,0.),(1500.,1.0828671292983927E-012),(1500.,1000.0000000000001),(0.,1000.0000000000001),(0.,0.)));
#7949=IFCINDEXEDPOLYCURVE(#7948,$,.F.);
#7950=IFCARBITRARYCLOSEDPROFILEDEF(.AREA.,$,#7949);
#7951=IFCAXIS2PLACEMENT3D(#10,#2592,#49);
#7952=IFCEXTRUDEDAREASOLID(#7950,#7951,#49,500.00000000000006);
#7953=IFCSHAPEREPRESENTATION(#15,'Body','SweptSolid',(#7952));
#7954=IFCPRODUCTDEFINITIONSHAPE($,$,(#7953));
#7955=IFCCARTESIANPOINT((1215.6539075886581,250.,1500.));
#7956=IFCAXIS2PLACEMENT3D(#7955,$,$);
#7957=IFCLOCALPLACEMENT(#1695,#7956);
#7958=IFCOPENINGELEMENT('2aUX3NSaDt8dX_t0qAJu5y',#6,'BrickWindow:BrickWindow:1711823:1',$,$,#7957,#7954,'1711823',.OPENING.);
#7959=IFCRELVOIDSELEMENT('2cod_9cnH6lgOHU$$V8bcE',#6,$,$,#1726,#7958);
#7960=IFCQUANTITYLENGTH('Depth',$,$,500.00000000000006,$);
#7961=IFCQUANTITYLENGTH('Height',$,$,999.99999999999898,$);
#7962=IFCQUANTITYLENGTH('Width',$,$,1500.,$);
#7963=IFCQUANTITYAREA('Area',$,$,1.4999999999999991,$);
#7964=IFCQUANTITYVOLUME('Volume',$,$,749.99999999999966,$);
#7965=IFCELEMENTQUANTITY('29uZHR$ogtVBCZu6uSIGJo',#6,'Qto_OpeningElementBaseQuantities',$,'BaseQuantities',(#7960,#7961,#7962,#7963,#7964));
#7966=IFCRELDEFINESBYPROPERTIES('2VmTANoJp3fCDOONVup5gF',#6,$,$,(#7958),#7965);
#7967=IFCRELFILLSELEMENT('1AbZmXMn7BkupVPin5vnS2',#6,$,$,#7958,#4458);
#7968=IFCAXIS2PLACEMENT3D(#10,#49,#506);
#7969=IFCLOCALPLACEMENT(#7957,#7968);
#7970=IFCCARTESIANPOINTLIST2D(((0.,0.),(1500.,1.0828671292983927E-012),(1500.,1000.0000000000001),(0.,1000.0000000000001),(0.,0.)));
#7971=IFCINDEXEDPOLYCURVE(#7970,$,.F.);
#7972=IFCARBITRARYCLOSEDPROFILEDEF(.AREA.,$,#7971);
#7973=IFCAXIS2PLACEMENT3D(#10,#2592,#49);
#7974=IFCEXTRUDEDAREASOLID(#7972,#7973,#49,500.00000000000006);
#7975=IFCSHAPEREPRESENTATION(#15,'Body','SweptSolid',(#7974));
#7976=IFCPRODUCTDEFINITIONSHAPE($,$,(#7975));
#7977=IFCCARTESIANPOINT((3252.9704344299089,250.,1500.));
#7978=IFCAXIS2PLACEMENT3D(#7977,$,$);
#7979=IFCLOCALPLACEMENT(#1695,#7978);
#7980=IFCOPENINGELEMENT('2ycmlyeotds0Db8Y7bMZyR',#6,'BrickWindow:BrickWindow:1711156:1',$,$,#7979,#7976,'1711156',.OPENING.);
#7981=IFCRELVOIDSELEMENT('2cod_9cnH6lgOHU$$V8bjr',#6,$,$,#1726,#7980);
#7982=IFCQUANTITYLENGTH('Depth',$,$,500.00000000000006,$);
#7983=IFCQUANTITYLENGTH('Height',$,$,999.99999999999898,$);
#7984=IFCQUANTITYLENGTH('Width',$,$,1500.,$);
#7985=IFCQUANTITYAREA('Area',$,$,1.4999999999999991,$);
#7986=IFCQUANTITYVOLUME('Volume',$,$,749.99999999999966,$);
#7987=IFCELEMENTQUANTITY('125iXQ8nbJQh3_J5iGRmGJ',#6,'Qto_OpeningElementBaseQuantities',$,'BaseQuantities',(#7982,#7983,#7984,#7985,#7986));
#7988=IFCRELDEFINESBYPROPERTIES('1YDyuiezLtIW4WxROjiL3H',#6,$,$,(#7980),#7987);
#7989=IFCRELFILLSELEMENT('3gsNJaf0i4YnfnxAXl82aw',#6,$,$,#7980,#4440);
#7990=IFCAXIS2PLACEMENT3D(#10,#49,#506);
#7991=IFCLOCALPLACEMENT(#7979,#7990);
#7992=IFCCARTESIANPOINTLIST2D(((0.,0.),(1500.0000000000011,0.),(1500.,1200.),(0.,1200.),(0.,0.)));
#7993=IFCINDEXEDPOLYCURVE(#7992,$,.F.);
#7994=IFCARBITRARYCLOSEDPROFILEDEF(.AREA.,$,#7993);
#7995=IFCAXIS2PLACEMENT3D(#10,#146,#49);
#7996=IFCEXTRUDEDAREASOLID(#7994,#7995,#49,500.00000000000006);
#7997=IFCSHAPEREPRESENTATION(#15,'Body','SweptSolid',(#7996));
#7998=IFCPRODUCTDEFINITIONSHAPE($,$,(#7997));
#7999=IFCCARTESIANPOINT((900.,-250.,852.40978850007809));
#8000=IFCAXIS2PLACEMENT3D(#7999,$,$);
#8001=IFCLOCALPLACEMENT(#1747,#8000);
#8002=IFCOPENINGELEMENT('0aWUNe9bVhmo9tcJ4Hxvpo',#6,'BrickWindow:BrickWindow:1706885:1',$,$,#8001,#7998,'1706885',.OPENING.);
#8003=IFCRELVOIDSELEMENT('0cmxDOe$H0xREbbtLsIyWL',#6,$,$,#1811,#8002);
#8004=IFCQUANTITYLENGTH('Depth',$,$,500.00000000000006,$);
#8005=IFCQUANTITYLENGTH('Height',$,$,1200.,$);
#8006=IFCQUANTITYLENGTH('Width',$,$,1500.,$);
#8007=IFCQUANTITYAREA('Area',$,$,1.8000000000000007,$);
#8008=IFCQUANTITYVOLUME('Volume',$,$,900.00000000000045,$);
#8009=IFCELEMENTQUANTITY('0kVV2PbJ1nPVHYqkkUuqff',#6,'Qto_OpeningElementBaseQuantities',$,'BaseQuantities',(#8004,#8005,#8006,#8007,#8008));
#8010=IFCRELDEFINESBYPROPERTIES('3LIxexRIgoGplIkECQuCrO',#6,$,$,(#8002),#8009);
#8011=IFCRELFILLSELEMENT('0OnK1Kr7SFPomIf8AE8IvV',#6,$,$,#8002,#3608);
#8012=IFCAXIS2PLACEMENT3D(#10,$,$);
#8013=IFCLOCALPLACEMENT(#8001,#8012);
#8014=IFCCARTESIANPOINTLIST2D(((0.,1399.9999999999886),(5.4143356464919636E-013,0.),(2200.0000000000018,0.),(2200.0000000000018,1399.9999999999886),(0.,1399.9999999999886)));
#8015=IFCINDEXEDPOLYCURVE(#8014,$,.F.);
#8016=IFCARBITRARYCLOSEDPROFILEDEF(.AREA.,$,#8015);
#8017=IFCAXIS2PLACEMENT3D(#10,#2592,#49);
#8018=IFCEXTRUDEDAREASOLID(#8016,#8017,#49,499.99999999999983);
#8019=IFCSHAPEREPRESENTATION(#15,'Body','SweptSolid',(#8018));
#8020=IFCPRODUCTDEFINITIONSHAPE($,$,(#8019));
#8021=IFCCARTESIANPOINT((3152.9704344299084,250.,0.));
#8022=IFCAXIS2PLACEMENT3D(#8021,$,$);
#8023=IFCLOCALPLACEMENT(#1837,#8022);
#8024=IFCOPENINGELEMENT('18sJPTd8MtHmdMwiTJZZz2',#6,'DoorV2:DoorV2:1723660:1',$,$,#8023,#8020,'1723660',.OPENING.);
#8025=IFCRELVOIDSELEMENT('0F0gJxCaz6DgMK0rHJiOR2',#6,$,$,#1883,#8024);
#8026=IFCQUANTITYLENGTH('Depth',$,$,500.00000000000006,$);
#8027=IFCQUANTITYLENGTH('Height',$,$,2200.0000000000014,$);
#8028=IFCQUANTITYLENGTH('Width',$,$,1399.9999999999866,$);
#8029=IFCQUANTITYAREA('Area',$,$,3.0799999999999756,$);
#8030=IFCQUANTITYVOLUME('Volume',$,$,1539.9999999999879,$);
#8031=IFCELEMENTQUANTITY('2gj6EkvB5B8xNsR56OxJwl',#6,'Qto_OpeningElementBaseQuantities',$,'BaseQuantities',(#8026,#8027,#8028,#8029,#8030));
#8032=IFCRELDEFINESBYPROPERTIES('3JbX3oeh3Q5xfoY6W4uPd4',#6,$,$,(#8024),#8031);
#8033=IFCRELFILLSELEMENT('35$ixlhNiWfZXmPcdzVhpE',#6,$,$,#8024,#5092);
#8034=IFCAXIS2PLACEMENT3D(#10,#49,#506);
#8035=IFCLOCALPLACEMENT(#8023,#8034);
#8036=IFCCARTESIANPOINTLIST2D(((0.,1199.9999999999877),(5.4143356464919636E-013,2.4364510409213838E-012),(2200.0000000000018,2.4364510409213838E-012),(2200.0000000000018,1199.9999999999877),(0.,1199.9999999999877)));
#8037=IFCINDEXEDPOLYCURVE(#8036,$,.F.);
#8038=IFCARBITRARYCLOSEDPROFILEDEF(.AREA.,$,#8037);
#8039=IFCAXIS2PLACEMENT3D(#10,#2592,#49);
#8040=IFCEXTRUDEDAREASOLID(#8038,#8039,#49,500.00000000000006);
#8041=IFCSHAPEREPRESENTATION(#15,'Body','SweptSolid',(#8040));
#8042=IFCPRODUCTDEFINITIONSHAPE($,$,(#8041));
#8043=IFCCARTESIANPOINT((1800.,250.,0.));
#8044=IFCAXIS2PLACEMENT3D(#8043,$,$);
#8045=IFCLOCALPLACEMENT(#1929,#8044);
#8046=IFCOPENINGELEMENT('0p7rJZA6R22EhyvSWQj3dk',#6,'DoorV2:DoorV2:1765621:1',$,$,#8045,#8042,'1765621',.OPENING.);
#8047=IFCRELVOIDSELEMENT('1L7Qk_WJzBIfm4Xql$3Aef',#6,$,$,#1989,#8046);
#8048=IFCQUANTITYLENGTH('Depth',$,$,500.00000000000006,$);
#8049=IFCQUANTITYLENGTH('Height',$,$,2200.0000000000014,$);
#8050=IFCQUANTITYLENGTH('Width',$,$,1199.9999999999898,$);
#8051=IFCQUANTITYAREA('Area',$,$,2.6399999999999721,$);
#8052=IFCQUANTITYVOLUME('Volume',$,$,1319.9999999999861,$);
#8053=IFCELEMENTQUANTITY('2NX8agsoiG$aA6nd3mWF$Z',#6,'Qto_OpeningElementBaseQuantities',$,'BaseQuantities',(#8048,#8049,#8050,#8051,#8052));
#8054=IFCRELDEFINESBYPROPERTIES('2jyHHLg0KNjHXB3luq53cr',#6,$,$,(#8046),#8053);
#8055=IFCRELFILLSELEMENT('1e8bozEJrKj4I0SboPZsW7',#6,$,$,#8046,#6899);
#8056=IFCAXIS2PLACEMENT3D(#10,#49,#506);
#8057=IFCLOCALPLACEMENT(#8045,#8056);
#8058=IFCCARTESIANPOINTLIST2D(((0.,0.),(1100.,0.),(1100.,1000.0000000000001),(0.,1000.0000000000001),(0.,0.)));
#8059=IFCINDEXEDPOLYCURVE(#8058,$,.F.);
#8060=IFCARBITRARYCLOSEDPROFILEDEF(.AREA.,$,#8059);
#8061=IFCAXIS2PLACEMENT3D(#10,#2592,#49);
#8062=IFCEXTRUDEDAREASOLID(#8060,#8061,#49,500.00000000000006);
#8063=IFCSHAPEREPRESENTATION(#15,'Body','SweptSolid',(#8062));
#8064=IFCPRODUCTDEFINITIONSHAPE($,$,(#8063));
#8065=IFCCARTESIANPOINT((2100.,250.,404.29638336525295));
#8066=IFCAXIS2PLACEMENT3D(#8065,$,$);
#8067=IFCLOCALPLACEMENT(#2010,#8066);
#8068=IFCOPENINGELEMENT('24uSIDQ25zm7yqL4oB0qU$',#6,'Window1:StoneWindows:1720808:1',$,$,#8067,#8064,'1720808',.OPENING.);
#8069=IFCRELVOIDSELEMENT('1ViGEvFsn0QResAUQTv4Um',#6,$,$,#2055,#8068);
#8070=IFCQUANTITYLENGTH('Depth',$,$,500.00000000000006,$);
#8071=IFCQUANTITYLENGTH('Height',$,$,1000.0000000000001,$);
#8072=IFCQUANTITYLENGTH('Width',$,$,1100.,$);
#8073=IFCQUANTITYAREA('Area',$,$,1.1000000000000001,$);
#8074=IFCQUANTITYVOLUME('Volume',$,$,550.00000000000011,$);
#8075=IFCELEMENTQUANTITY('2e6MubG1_bGPbxEJb53pRn',#6,'Qto_OpeningElementBaseQuantities',$,'BaseQuantities',(#8070,#8071,#8072,#8073,#8074));
#8076=IFCRELDEFINESBYPROPERTIES('1JiKzL3dZRe_Qjm7ounWlJ',#6,$,$,(#8068),#8075);
#8077=IFCRELFILLSELEMENT('29Bl$crv2nV016KhsURbQi',#6,$,$,#8068,#4832);
#8078=IFCAXIS2PLACEMENT3D(#10,#49,#506);
#8079=IFCLOCALPLACEMENT(#8067,#8078);
#8080=IFCCARTESIANPOINTLIST2D(((0.,1399.9999999999877),(5.4143356464919636E-013,1.6243006939475892E-012),(2200.0000000000018,1.6243006939475892E-012),(2200.0000000000018,1399.9999999999877),(0.,1399.9999999999877)));
#8081=IFCINDEXEDPOLYCURVE(#8080,$,.F.);
#8082=IFCARBITRARYCLOSEDPROFILEDEF(.AREA.,$,#8081);
#8083=IFCAXIS2PLACEMENT3D(#10,#146,#49);
#8084=IFCEXTRUDEDAREASOLID(#8082,#8083,#49,500.00000000000006);
#8085=IFCSHAPEREPRESENTATION(#15,'Body','SweptSolid',(#8084));
#8086=IFCPRODUCTDEFINITIONSHAPE($,$,(#8085));
#8087=IFCCARTESIANPOINT((4700.,-250.,0.));
#8088=IFCAXIS2PLACEMENT3D(#8087,$,$);
#8089=IFCLOCALPLACEMENT(#4940,#8088);
#8090=IFCOPENINGELEMENT('2_hdAa31VQD$HSEM2NfkaS',#6,'DoorV2:DoorV2:1722979:1',$,$,#8089,#8086,'1722979',.OPENING.);
#8091=IFCRELVOIDSELEMENT('0F0gJxCaz6DgMK0rHJiO6j',#6,$,$,#4971,#8090);
#8092=IFCQUANTITYLENGTH('Depth',$,$,500.00000000000006,$);
#8093=IFCQUANTITYLENGTH('Height',$,$,2200.0000000000014,$);
#8094=IFCQUANTITYLENGTH('Width',$,$,1399.9999999999893,$);
#8095=IFCQUANTITYAREA('Area',$,$,3.079999999999973,$);
#8096=IFCQUANTITYVOLUME('Volume',$,$,1539.9999999999866,$);
#8097=IFCELEMENTQUANTITY('3pP76c4e$_s6S1F1M3qgFB',#6,'Qto_OpeningElementBaseQuantities',$,'BaseQuantities',(#8092,#8093,#8094,#8095,#8096));
#8098=IFCRELDEFINESBYPROPERTIES('2QBB82OU_T$kmBVif14_Hv',#6,$,$,(#8090),#8097);
#8099=IFCRELFILLSELEMENT('3jAd4tyeQGAmNnsAuT9$cg',#6,$,$,#8090,#4996);
#8100=IFCAXIS2PLACEMENT3D(#10,$,$);
#8101=IFCLOCALPLACEMENT(#8089,#8100);
#8102=IFCCARTESIANPOINTLIST2D(((0.,0.),(1500.,5.4143356464919636E-013),(1500.,1200.),(0.,1200.),(0.,0.)));
#8103=IFCINDEXEDPOLYCURVE(#8102,$,.F.);
#8104=IFCARBITRARYCLOSEDPROFILEDEF(.AREA.,$,#8103);
#8105=IFCAXIS2PLACEMENT3D(#10,#2592,#49);
#8106=IFCEXTRUDEDAREASOLID(#8104,#8105,#49,500.00000000000006);
#8107=IFCSHAPEREPRESENTATION(#15,'Body','SweptSolid',(#8106));
#8108=IFCPRODUCTDEFINITIONSHAPE($,$,(#8107));
#8109=IFCCARTESIANPOINT((2100.,250.,570.38044307789016));
#8110=IFCAXIS2PLACEMENT3D(#8109,$,$);
#8111=IFCLOCALPLACEMENT(#4940,#8110);
#8112=IFCOPENINGELEMENT('14K73_1X_fdLuafarIx_$C',#6,'Window1:BrickWindow:1723151:1',$,$,#8111,#8108,'1723151',.OPENING.);
#8113=IFCRELVOIDSELEMENT('0F0gJxCaz6DgMK0rHJiO31',#6,$,$,#4971,#8112);
#8114=IFCQUANTITYLENGTH('Depth',$,$,500.00000000000006,$);
#8115=IFCQUANTITYLENGTH('Height',$,$,1199.9999999999995,$);
#8116=IFCQUANTITYLENGTH('Width',$,$,1500.,$);
#8117=IFCQUANTITYAREA('Area',$,$,1.7999999999999998,$);
#8118=IFCQUANTITYVOLUME('Volume',$,$,900.,$);
#8119=IFCELEMENTQUANTITY('1tep10ybo3UrGHSwVv2lBu',#6,'Qto_OpeningElementBaseQuantities',$,'BaseQuantities',(#8114,#8115,#8116,#8117,#8118));
#8120=IFCRELDEFINESBYPROPERTIES('3Gb5t1AbvID5JImmjMlWsT',#6,$,$,(#8112),#8119);
#8121=IFCRELFILLSELEMENT('0FrllufIgOf3rys_lI6Svj',#6,$,$,#8112,#5047);
#8122=IFCAXIS2PLACEMENT3D(#10,#49,#506);
#8123=IFCLOCALPLACEMENT(#8111,#8122);
#8124=IFCAXIS2PLACEMENT3D(#10,$,$);
#8126=IFCAXIS2PLACEMENT3D(#10,$,$);
#8128=IFCCARTESIANPOINTLIST2D(((-400.,-1000.0000000000001),(400.,-1000.0000000000001),(400.,1000.0000000000001),(-400.,1000.0000000000001),(-400.,-1000.0000000000001)));
#8129=IFCINDEXEDPOLYCURVE(#8128,$,.F.);
#8130=IFCARBITRARYCLOSEDPROFILEDEF(.AREA.,'empty_door',#8129);
#8131=IFCCARTESIANPOINT((19213.67457722397,-11225.147204599387,1000.));
#8132=IFCAXIS2PLACEMENT3D(#8131,#506,#2592);
#8133=IFCEXTRUDEDAREASOLID(#8130,#8132,#49,3048.);
#8134=IFCSHAPEREPRESENTATION(#15,'Body','SweptSolid',(#8133));
#8135=IFCPRODUCTDEFINITIONSHAPE($,$,(#8134));
#8136=IFCCARTESIANPOINT((12082.347204599382,17639.674577223966,0.));
#8137=IFCAXIS2PLACEMENT3D(#8136,#49,#2592);
#8138=IFCLOCALPLACEMENT(#6912,#8137);
#8139=IFCOPENINGELEMENT('0zn25IN$rRYgPRteCYnCZg',#6,'Basic Wall:Castelnuovo_internal:1765980',$,$,#8138,#8135,'1767076',.OPENING.);
#8140=IFCQUANTITYLENGTH('Depth',$,$,3048.,$);
#8141=IFCQUANTITYLENGTH('Height',$,$,2000.0000000000002,$);
#8142=IFCQUANTITYLENGTH('Width',$,$,800.,$);
#8143=IFCQUANTITYAREA('Area',$,$,1.6000000000000003,$);
#8144=IFCQUANTITYVOLUME('Volume',$,$,4876.8000000000011,$);
#8145=IFCELEMENTQUANTITY('0VV2vVqPLA0qs9ROWACYW5',#6,'Qto_OpeningElementBaseQuantities',$,'BaseQuantities',(#8140,#8141,#8142,#8143,#8144));
#8146=IFCRELDEFINESBYPROPERTIES('3x3SJTtAYSnZem_8w5c6$k',#6,$,$,(#8139),#8145);
#8147=IFCRELVOIDSELEMENT('1rFJRfmRN_kxRJgS8Ds4GD',#6,$,$,#6939,#8139);
#8148=IFCAXIS2PLACEMENT3D(#10,$,$);
#8150=IFCAXIS2PLACEMENT3D(#10,$,$);
#8152=IFCCARTESIANPOINTLIST2D(((-1000.0000000000001,-400.00000000000171),(1000.0000000000001,-400.00000000000171),(1000.0000000000001,399.99999999999943),(-1000.0000000000001,399.99999999999943),(-1000.0000000000001,-400.00000000000171)));
#8153=IFCINDEXEDPOLYCURVE(#8152,$,.F.);
#8154=IFCARBITRARYCLOSEDPROFILEDEF(.AREA.,'empty_door',#8153);
#8155=IFCCARTESIANPOINT((15709.40040554064,-3493.1313708448542,1000.));
#8156=IFCDIRECTION((0.22495105434386506,-0.97437006478523525,0.));
#8157=IFCAXIS2PLACEMENT3D(#8155,#8156,#49);
#8158=IFCEXTRUDEDAREASOLID(#8154,#8157,#49,3048.0000000000014);
#8159=IFCSHAPEREPRESENTATION(#15,'Body','SweptSolid',(#8158));
#8160=IFCPRODUCTDEFINITIONSHAPE($,$,(#8159));
#8161=IFCCARTESIANPOINT((18708.400313650582,-8411.4488244497425,0.));
#8162=IFCDIRECTION((-0.97437006478523525,0.22495105434386484,0.));
#8163=IFCAXIS2PLACEMENT3D(#8161,#49,#8162);
#8164=IFCLOCALPLACEMENT(#7025,#8163);
#8165=IFCOPENINGELEMENT('1vIuLJR8hyrFar2qr7ff7H',#6,'Basic Wall:Castelnuovo_internal:1767979',$,$,#8164,#8160,'1768338',.OPENING.);
#8166=IFCQUANTITYLENGTH('Depth',$,$,3048.0000000000014,$);
#8167=IFCQUANTITYLENGTH('Height',$,$,2000.0000000000002,$);
#8168=IFCQUANTITYLENGTH('Width',$,$,799.99999999999886,$);
#8169=IFCQUANTITYAREA('Area',$,$,1.5999999999999999,$);
#8170=IFCQUANTITYVOLUME('Volume',$,$,4876.800000000002,$);
#8171=IFCELEMENTQUANTITY('0vohfZ5Ilrv9JukVyOeRPW',#6,'Qto_OpeningElementBaseQuantities',$,'BaseQuantities',(#8166,#8167,#8168,#8169,#8170));
#8172=IFCRELDEFINESBYPROPERTIES('2sykDIC2fi$Ws5HHKSzqxC',#6,$,$,(#8165),#8171);
#8173=IFCRELVOIDSELEMENT('0OZRN1hDdhMi4V9nTRtNfR',#6,$,$,#7056,#8165);
#8174=IFCAXIS2PLACEMENT3D(#10,$,$);
#8176=IFCAXIS2PLACEMENT3D(#10,$,$);
#8178=IFCCARTESIANPOINTLIST2D(((-399.99999999999943,-1000.0000000000001),(399.99999999999943,-1000.0000000000001),(399.99999999999943,1000.0000000000001),(-399.99999999999943,1000.0000000000001),(-399.99999999999943,-1000.0000000000001)));
#8179=IFCINDEXEDPOLYCURVE(#8178,$,.F.);
#8180=IFCARBITRARYCLOSEDPROFILEDEF(.AREA.,'empty_door',#8179);
#8181=IFCCARTESIANPOINT((18311.572962785278,-2789.7420887778653,1000.));
#8182=IFCDIRECTION((0.22495105434386509,-0.97437006478523525,0.));
#8183=IFCDIRECTION((0.97437006478523525,0.22495105434386509,0.));
#8184=IFCAXIS2PLACEMENT3D(#8181,#8182,#8183);
#8185=IFCEXTRUDEDAREASOLID(#8180,#8184,#49,3047.9999999999977);
#8186=IFCSHAPEREPRESENTATION(#15,'Body','SweptSolid',(#8185));
#8187=IFCPRODUCTDEFINITIONSHAPE($,$,(#8186));
#8188=IFCCARTESIANPOINT((18708.400313650582,-8411.4488244497425,0.));
#8189=IFCDIRECTION((-0.97437006478523525,0.22495105434386484,0.));
#8190=IFCAXIS2PLACEMENT3D(#8188,#49,#8189);
#8191=IFCLOCALPLACEMENT(#7025,#8190);
#8192=IFCOPENINGELEMENT('1REmh$39DFvFvTiaMoRXav',#6,'Basic Wall:Castelnuovo_internal:1767979',$,$,#8191,#8187,'1768398',.OPENING.);
#8193=IFCQUANTITYLENGTH('Depth',$,$,3047.9999999999977,$);
#8194=IFCQUANTITYLENGTH('Height',$,$,2000.0000000000002,$);
#8195=IFCQUANTITYLENGTH('Width',$,$,800.00000000000114,$);
#8196=IFCQUANTITYAREA('Area',$,$,1.5999999999999999,$);
#8197=IFCQUANTITYVOLUME('Volume',$,$,4876.7999999999956,$);
#8198=IFCELEMENTQUANTITY('2jw4Kv7m$5Bt7q4FcX9yGb',#6,'Qto_OpeningElementBaseQuantities',$,'BaseQuantities',(#8193,#8194,#8195,#8196,#8197));
#8199=IFCRELDEFINESBYPROPERTIES('0rLtLvy0rE6b2FXm9RbnUF',#6,$,$,(#8192),#8198);
#8200=IFCRELVOIDSELEMENT('3QsS1rjHbf5Z_VZHBeYDTB',#6,$,$,#7056,#8192);
#8201=IFCUNITASSIGNMENT((#7,#8,#9,#375));
#8202=IFCAXIS2PLACEMENT3D(#10,$,$);
#8203=IFCAXIS2PLACEMENT3D(#10,$,$);
#8204=IFCAXIS2PLACEMENT3D(#10,$,$);
#8205=IFCAXIS2PLACEMENT3D(#10,$,$);
#8206=IFCAXIS2PLACEMENT3D(#10,$,$);
#8207=IFCAXIS2PLACEMENT3D(#10,$,$);
ENDSEC;

END-ISO-10303-21;