ISO-10303-21;
HEADER;
FILE_DESCRIPTION(('ViewDefinition [ReferenceView_V1.2]','RevitIdentifiers [ContentGUID: 401d5330-9d8a-43e1-bf0e-de9218fac677, VersionGUID: de9c7d39-0360-46c3-a062-88214ffaef31, NumberOfSaves: 191]','CoordinateReference [CoordinateBase: Shared Coordinates, ProjectSite: Default Site]','ExchangeRequirement [Architecture]'),'2;1');
FILE_NAME('example_19_5.ifc','2026-05-19T09:52:41+00:00',(''),(''),'ODA SDAI 25.12','Autodesk - Revit 27.0.20.10 (ENU) - 27.0.20.10','');
FILE_SCHEMA(('IFC4'));
ENDSEC;

DATA;
#1=IFCORGANIZATION($,'Autodesk Revit 2027 (ENU)',$,$,$);
#2=IFCAPPLICATION(#1,'2027','Autodesk Revit 2027 (ENU)','Revit');
#3=IFCPERSON($,'','mlauraleonardiT9JLN',$,$,$,$,$);
#4=IFCORGANIZATION($,'Organization Name','Organization Description',$,$);
#5=IFCPERSONANDORGANIZATION(#3,#4,$);
#6=IFCOWNERHISTORY(#5,#2,$,.NOCHANGE.,$,$,$,1778484477);
#7=IFCSIUNIT(*,.LENGTHUNIT.,.MILLI.,.METRE.);
#8=IFCSIUNIT(*,.AREAUNIT.,$,.SQUARE_METRE.);
#9=IFCSIUNIT(*,.VOLUMEUNIT.,$,.CUBIC_METRE.);
#10=IFCCARTESIANPOINT((0.,0.,0.));
#11=IFCAXIS2PLACEMENT3D(#10,$,$);
#12=IFCDIRECTION((0.,1.));
#13=IFCGEOMETRICREPRESENTATIONCONTEXT($,'Model',3,0.01,#11,#12);
#14=IFCGEOMETRICREPRESENTATIONSUBCONTEXT('Axis','Model',*,*,*,*,#13,$,.GRAPH_VIEW.,$);
#15=IFCGEOMETRICREPRESENTATIONSUBCONTEXT('Body','Model',*,*,*,*,#13,$,.MODEL_VIEW.,$);
#16=IFCGEOMETRICREPRESENTATIONSUBCONTEXT('Box','Model',*,*,*,*,#13,$,.MODEL_VIEW.,$);
#17=IFCGEOMETRICREPRESENTATIONSUBCONTEXT('FootPrint','Model',*,*,*,*,#13,$,.MODEL_VIEW.,$);
#18=IFCPROJECT('107LCmdOf3uRyEtfBd1Jc7',#6,'Project Number',$,$,'Project Name','Project Status',(#13),#6958);
#19=IFCPOSTALADDRESS($,$,$,$,('Enter address here\X\0D\X\0AAddress Line 2'),$,'','Boston','','MA');
#20=IFCAXIS2PLACEMENT3D(#10,$,$);
#21=IFCLOCALPLACEMENT(#43,#20);
#22=IFCBUILDING('107LCmdOf3uRyEtfBd1Jc6',#6,'Building Name',$,$,#21,$,'Building Name',.ELEMENT.,$,$,#19);
#23=IFCAXIS2PLACEMENT3D(#10,$,$);
#24=IFCLOCALPLACEMENT(#21,#23);
#25=IFCBUILDINGSTOREY('2JF4e6axWHqu3u0C1FZlmi',#6,'L1',$,$,#24,$,'L1',.ELEMENT.,0.);
#26=IFCCARTESIANPOINT((0.,0.,4100.));
#27=IFCAXIS2PLACEMENT3D(#26,$,$);
#28=IFCLOCALPLACEMENT(#21,#27);
#29=IFCBUILDINGSTOREY('1ZGO8hrFCHqw0v0026FpFv',#6,'L2',$,$,#28,$,'L2',.ELEMENT.,4100.);
#30=IFCCARTESIANPOINT((0.,0.,7600.));
#31=IFCAXIS2PLACEMENT3D(#30,$,$);
#32=IFCLOCALPLACEMENT(#21,#31);
#33=IFCBUILDINGSTOREY('112HIUctr2yw5OqZgr3k75',#6,'L3',$,$,#32,$,'L3',.ELEMENT.,7600.0000000001683);
#34=IFCCARTESIANPOINT((0.,0.,10000.));
#35=IFCAXIS2PLACEMENT3D(#34,$,$);
#36=IFCLOCALPLACEMENT(#21,#35);
#37=IFCBUILDINGSTOREY('2Pn2gPaDD7hh0SQrsREd3H',#6,'L4',$,$,#36,$,'L4',.ELEMENT.,10000.);
#38=IFCCARTESIANPOINT((0.,0.,12300.));
#39=IFCAXIS2PLACEMENT3D(#38,$,$);
#40=IFCLOCALPLACEMENT(#21,#39);
#41=IFCBUILDINGSTOREY('2ngzEiy0LAuAASKIzClK$R',#6,'L5',$,$,#40,$,'L5',.ELEMENT.,12300.000000000002);
#42=IFCAXIS2PLACEMENT3D(#10,$,$);
#43=IFCLOCALPLACEMENT($,#42);
#44=IFCSITE('107LCmdOf3uRyEtfBd1Jc5',#6,'Default',$,$,#43,$,$,.ELEMENT.,(42,21,31,401672),(-71,-3,-24,-345703),0.,$,$);
#45=IFCPROPERTYSINGLEVALUE('Reference',$,IFCIDENTIFIER('Project Information'),$);
#46=IFCPROPERTYSET('0IvnnS_YeHmG2jv$y67X0l',#6,'Pset_SiteCommon',$,(#45));
#47=IFCRELDEFINESBYPROPERTIES('1XUdfESHrbvdws5kTtn8AT',#6,$,$,(#44),#46);
#48=IFCCARTESIANPOINT((14008.282538609679,-10230.393575990563,-1500.));
#49=IFCDIRECTION((0.,0.,1.));
#50=IFCDIRECTION((0.94551857559931674,0.32556815445715664,0.));
#51=IFCAXIS2PLACEMENT3D(#48,#49,#50);
#52=IFCLOCALPLACEMENT(#24,#51);
#53=IFCCARTESIANPOINTLIST3D(((-5.4143356464919636E-013,-1.0828671292983927E-012,0.),(7575.5085749515347,2.1657342585967854E-012,0.)));
#54=IFCINDEXEDPOLYCURVE(#53,$,.F.);
#55=IFCSHAPEREPRESENTATION(#14,'Axis','Curve3D',(#54));
#56=IFCPRODUCTDEFINITIONSHAPE($,$,(#55,#66));
#57=IFCCARTESIANPOINTLIST2D(((7403.3447683067052,-249.99999999999838),(7575.5085749515374,250.00000000000219),(672.19085614677192,250.00000000000139),(172.16380664483381,250.00000000000242),(6.9371175470678287E-013,-249.99999999999898),(7403.3447683067052,-249.99999999999838)));
#58=IFCINDEXEDPOLYCURVE(#57,$,.F.);
#59=IFCARBITRARYCLOSEDPROFILEDEF(.AREA.,$,#58);
#60=IFCAXIS2PLACEMENT3D(#10,$,$);
#61=IFCEXTRUDEDAREASOLID(#59,#60,#49,5600.);
#62=IFCCOLOURRGB($,1.,0.65098039215686276,0.82352941176470584);
#63=IFCSURFACESTYLERENDERING(#62,0.,$,$,$,$,IFCNORMALISEDRATIOMEASURE(0.5),IFCSPECULAREXPONENT(64.),.NOTDEFINED.);
#64=IFCSURFACESTYLE('Tufelli_masonry_typeA',.BOTH.,(#63));
#65=IFCSTYLEDITEM(#61,(#64),$);
#66=IFCSHAPEREPRESENTATION(#15,'Body','SweptSolid',(#61));
#67=IFCWALL('0GisCWViz2PeUrBi4wgVRW',#6,'Basic Wall:Castelnuovo_typeA:1674798',$,$,#52,#56,'1674798',.NOTDEFINED.);
#68=IFCMATERIAL('Tufelli_masonry_typeA',$,$);
#69=IFCWALLTYPE('07a_aHESvFN8L9kMI1aXUe',#6,'Basic Wall:Castelnuovo_typeA',$,$,(#82),$,'1772251',$,.STANDARD.);
#70=IFCPROPERTYSINGLEVALUE('Reference',$,IFCIDENTIFIER('Castelnuovo_typeA'),$);
#71=IFCPROPERTYSET('11Oc9SN$HrSzmuCKcgBRj2',#6,'Pset_EnvironmentalImpactIndicators',$,(#70));
#72=IFCPROPERTYSINGLEVALUE('Reference',$,IFCLABEL('Castelnuovo_typeA'),$);
#73=IFCPROPERTYSET('0Eil2cEwft_YZTGkkb21IT',#6,'Pset_ReinforcementBarPitchOfWall',$,(#72));
#74=IFCPROPERTYSINGLEVALUE('IsExternal',$,IFCBOOLEAN(.T.),$);
#75=IFCPROPERTYSINGLEVALUE('LoadBearing',$,IFCBOOLEAN(.F.),$);
#76=IFCPROPERTYSINGLEVALUE('ExtendToStructure',$,IFCBOOLEAN(.T.),$);
#77=IFCPROPERTYSET('3Ya6UyKsJ_L5U9RySPPiFb',#6,'Pset_WallCommon',$,(#70,#74,#75,#76));
#78=IFCRELDEFINESBYPROPERTIES('0byueXiT$kwB1Z$vJVMP$1',#6,$,$,(#67),#71);
#79=IFCRELDEFINESBYPROPERTIES('1DwH2Eo_Y$Hb1E62Dl3lE5',#6,$,$,(#67),#73);
#80=IFCRELDEFINESBYPROPERTIES('2vieFEZmwD5cUF8Hpg6Bo9',#6,$,$,(#67),#77);
#81=IFCPROPERTYSINGLEVALUE('Description',$,IFCTEXT('Generic Wall (Material By Category), 200mm thick'),$);
#82=IFCPROPERTYSET('3T8H4hAKpzRp_BGgc7rI$E',#6,'Pset_ReinforcementBarPitchOfWall',$,(#81));
#83=IFCCARTESIANPOINT((14089.674577223957,-16703.038197492904,0.));
#84=IFCAXIS2PLACEMENT3D(#83,$,$);
#85=IFCLOCALPLACEMENT(#24,#84);
#86=IFCCARTESIANPOINTLIST3D(((-2.9999071066416131E-013,0.,0.),(7000.0000000000027,0.,0.)));
#87=IFCINDEXEDPOLYCURVE(#86,$,.F.);
#88=IFCSHAPEREPRESENTATION(#14,'Axis','Curve3D',(#87));
#89=IFCPRODUCTDEFINITIONSHAPE($,$,(#88,#115));
#90=IFCCARTESIANPOINTLIST2D(((7000.0000000000036,-250.00000000000165),(7000.0000000000018,249.99999999999949),(6500.0000000000027,250.00000000000009),(499.99999999999818,249.99999999999886),(-7.7347652092742176E-013,249.99999999999949),(7.7347652092742842E-013,-250.00000000000165),(7000.0000000000036,-250.00000000000165)));
#91=IFCINDEXEDPOLYCURVE(#90,$,.F.);
#92=IFCARBITRARYCLOSEDPROFILEDEF(.AREA.,$,#91);
#93=IFCAXIS2PLACEMENT3D(#10,$,$);
#94=IFCEXTRUDEDAREASOLID(#92,#93,#49,4100.);
#95=IFCSTYLEDITEM(#94,(#64),$);
#96=IFCCOLOURRGBLIST(((1.,0.65098039215686276,0.82352941176470584)));
#97=IFCINDEXEDPOLYGONALFACEWITHVOIDS((1,2,3,4),((5,6,7,8,9,10,11,12)));
#98=IFCINDEXEDPOLYGONALFACEWITHVOIDS((13,14,15,16,17,18,19,20),((21,22,23,24,25,26,27,28)));
#99=IFCINDEXEDPOLYGONALFACE((2,1,13,20,19,18));
#100=IFCINDEXEDPOLYGONALFACE((4,3,17,16,15,14));
#101=IFCINDEXEDPOLYGONALFACE((3,2,18,17));
#102=IFCINDEXEDPOLYGONALFACE((1,4,14,13));
#103=IFCINDEXEDPOLYGONALFACE((6,5,21,28));
#104=IFCINDEXEDPOLYGONALFACE((7,6,28,27));
#105=IFCINDEXEDPOLYGONALFACE((8,7,27,26));
#106=IFCINDEXEDPOLYGONALFACE((9,8,26,25));
#107=IFCINDEXEDPOLYGONALFACE((10,9,25,24));
#108=IFCINDEXEDPOLYGONALFACE((11,10,24,23));
#109=IFCINDEXEDPOLYGONALFACE((12,11,23,22));
#110=IFCINDEXEDPOLYGONALFACE((5,12,22,21));
#111=IFCCARTESIANPOINTLIST3D(((4.7348581026327085E-013,-250.00000000000381,0.),(7000.0000000000027,-250.00000000000165,0.),(7000.0000000000027,-250.00000000000165,4100.0000000000009),(4.7348581026327085E-013,-250.00000000000381,4100.0000000000009),(2099.9999999999736,-250.00000000000165,2112.0635322596736),(2099.9999999999736,-250.00000000000165,3512.0635322596722),(2000.0000000000027,-250.00000000000165,3512.0635322596722),(1938.285556752036,-250.00000000000165,3862.063532259675),(3461.7144432479631,-250.00000000000165,3862.063532259675),(3399.9999999999704,-250.00000000000165,3512.0635322596722),(3299.9999999999714,-250.00000000000165,3512.0635322596722),(3299.9999999999714,-250.00000000000165,2112.0635322596736),(-1.0734672315915857E-012,249.99999999999949,0.),(-1.0734672315915857E-012,249.99999999999949,4100.0000000000009),(499.99999999999784,249.99999999999949,4100.),(6500.0000000000027,249.99999999999949,4100.),(7000.0000000000018,249.99999999999949,4100.0000000000009),(7000.0000000000018,249.99999999999949,0.),(6500.0000000000027,249.99999999999949,0.),(499.99999999999784,249.99999999999949,0.),(2099.9999999999741,249.99999999999949,2112.0635322596736),(3299.9999999999741,249.9999999999973,2112.0635322596736),(3299.9999999999741,249.9999999999973,3512.0635322596722),(3399.9999999999709,249.9999999999973,3512.0635322596722),(3461.7144432479658,249.9999999999973,3862.063532259675),(1938.2855567520387,249.99999999999949,3862.063532259675),(2000.0000000000034,249.99999999999949,3512.0635322596722),(2099.9999999999741,249.99999999999949,3512.0635322596722)));
#112=IFCPOLYGONALFACESET(#111,.T.,(#97,#98,#99,#100,#101,#102,#103,#104,#105,#106,#107,#108,#109,#110),$);
#113=IFCINDEXEDCOLOURMAP(#112,1.,#96,(1,1,1,1,1,1,1,1,1,1,1,1,1,1));
#114=IFCSTYLEDITEM(#112,(#64),$);
#115=IFCSHAPEREPRESENTATION(#15,'Body','Tessellation',(#112));
#116=IFCWALL('0GisCWViz2PeUrBi4wgVUt',#6,'Basic Wall:Castelnuovo_typeA:1675129',$,$,#85,#89,'1675129',.NOTDEFINED.);
#117=IFCPROPERTYSET('0lRDp_sUO35hweBR8a9lTg',#6,'Pset_EnvironmentalImpactIndicators',$,(#70));
#118=IFCPROPERTYSINGLEVALUE('Reference',$,IFCLABEL('Castelnuovo_typeA'),$);
#119=IFCPROPERTYSET('3rV4c1mIUYyPox2x_bQaz6',#6,'Pset_ReinforcementBarPitchOfWall',$,(#118));
#120=IFCPROPERTYSINGLEVALUE('ExtendToStructure',$,IFCBOOLEAN(.F.),$);
#121=IFCPROPERTYSET('3keeA7o9oYwYcIk6RFdnbV',#6,'Pset_WallCommon',$,(#70,#74,#75,#120));
#122=IFCRELDEFINESBYPROPERTIES('2B5AN0OiqeTujXkuJABPga',#6,$,$,(#116),#117);
#123=IFCRELDEFINESBYPROPERTIES('2ASouFBum2UdSsbzIuSvg3',#6,$,$,(#116),#119);
#124=IFCRELDEFINESBYPROPERTIES('28f4$EBRSMudsIMJECR6Y0',#6,$,$,(#116),#121);
#125=IFCCARTESIANPOINT((20839.674577223959,-16453.038197492926,0.));
#126=IFCDIRECTION((0.,1.,0.));
#127=IFCAXIS2PLACEMENT3D(#125,#49,#126);
#128=IFCLOCALPLACEMENT(#24,#127);
#129=IFCCARTESIANPOINTLIST3D(((0.,7.6022910962397071E-014,0.),(8396.5582706301957,-1.8151538840275732E-012,0.)));
#130=IFCINDEXEDPOLYCURVE(#129,$,.F.);
#131=IFCSHAPEREPRESENTATION(#14,'Axis','Curve3D',(#130));
#132=IFCPRODUCTDEFINITIONSHAPE($,$,(#131,#232));
#133=IFCCARTESIANPOINTLIST2D(((8396.5582706301957,-250.00000000000136),(8224.3944639853635,249.99999999999727),(4370.6909928935338,249.99999999999883),(3870.6909928935333,249.99999999999793),(1.7061799752729753E-012,249.99999999999949),(4.595542833238101E-013,-249.99999999999949),(8396.5582706301957,-250.00000000000136)));
#134=IFCINDEXEDPOLYCURVE(#133,$,.F.);
#135=IFCARBITRARYCLOSEDPROFILEDEF(.AREA.,$,#134);
#136=IFCAXIS2PLACEMENT3D(#10,$,$);
#137=IFCEXTRUDEDAREASOLID(#135,#136,#49,4100.);
#138=IFCSTYLEDITEM(#137,(#64),$);
#139=IFCCOLOURRGBLIST(((1.,0.65098039215686276,0.82352941176470584)));
#140=IFCINDEXEDPOLYGONALFACEWITHVOIDS((1,2,3,4),((54,55,56,57,58,59,60,61,62,63,64,65,66,37,38,39,40,41,42,43,44,45,46,47,48,49,50,51,52,53),(73,74,67,68,69,70,71,72),(82,79,80,81),(84,85,86,83),(76,77,78,75),(36,5,6,7,8,9,10,11,12,13,14,15,16,17,18,19,20,21,22,23,24,25,26,27,28,29,30,31,32,33,34,35)));
#141=IFCINDEXEDPOLYGONALFACEWITHVOIDS((87,88,89,90,91,92,93,94),((173,174,175,176),(168,165,166,167),(156,127,128,129,130,131,132,133,134,135,136,137,138,139,140,141,142,143,144,145,146,147,148,149,150,151,152,153,154,155),(100,101,102,103,104,105,106,107,108,109,110,111,112,113,114,115,116,117,118,119,120,121,122,123,124,125,126,95,96,97,98,99),(162,163,164,157,158,159,160,161),(171,172,169,170)));
#142=IFCINDEXEDPOLYGONALFACE((2,1,90,89,88,87));
#143=IFCINDEXEDPOLYGONALFACE((96,95,6,5));
#144=IFCINDEXEDPOLYGONALFACE((104,103,30,29));
#145=IFCINDEXEDPOLYGONALFACE((18,17,116,115));
#146=IFCINDEXEDPOLYGONALFACE((141,140,54,53));
#147=IFCINDEXEDPOLYGONALFACE((164,163,69,68));
#148=IFCINDEXEDPOLYGONALFACE((76,165,168,77));
#149=IFCINDEXEDPOLYGONALFACE((81,80,169,172));
#150=IFCINDEXEDPOLYGONALFACE((85,84,173,176));
#151=IFCINDEXEDPOLYGONALFACE((4,3,94,93,92,91));
#152=IFCINDEXEDPOLYGONALFACE((98,97,36,35));
#153=IFCINDEXEDPOLYGONALFACE((100,99,34,33));
#154=IFCINDEXEDPOLYGONALFACE((102,101,32,31));
#155=IFCINDEXEDPOLYGONALFACE((39,38,156,155));
#156=IFCINDEXEDPOLYGONALFACE((158,157,67,74));
#157=IFCINDEXEDPOLYGONALFACE((160,159,73,72));
#158=IFCINDEXEDPOLYGONALFACE((162,161,71,70));
#159=IFCINDEXEDPOLYGONALFACE((78,167,166,75));
#160=IFCINDEXEDPOLYGONALFACE((79,82,171,170));
#161=IFCINDEXEDPOLYGONALFACE((83,86,175,174));
#162=IFCINDEXEDPOLYGONALFACE((90,1,4,91));
#163=IFCINDEXEDPOLYGONALFACE((101,100,33,32));
#164=IFCINDEXEDPOLYGONALFACE((103,102,31,30));
#165=IFCINDEXEDPOLYGONALFACE((38,37,127,156));
#166=IFCINDEXEDPOLYGONALFACE((161,160,72,71));
#167=IFCINDEXEDPOLYGONALFACE((163,162,70,69));
#168=IFCINDEXEDPOLYGONALFACE((77,168,167,78));
#169=IFCINDEXEDPOLYGONALFACE((82,81,172,171));
#170=IFCINDEXEDPOLYGONALFACE((86,85,176,175));
#171=IFCINDEXEDPOLYGONALFACE((2,87,94,3));
#172=IFCINDEXEDPOLYGONALFACE((97,96,5,36));
#173=IFCINDEXEDPOLYGONALFACE((99,98,35,34));
#174=IFCINDEXEDPOLYGONALFACE((40,39,155,154));
#175=IFCINDEXEDPOLYGONALFACE((159,158,74,73));
#176=IFCINDEXEDPOLYGONALFACE((157,164,68,67));
#177=IFCINDEXEDPOLYGONALFACE((75,166,165,76));
#178=IFCINDEXEDPOLYGONALFACE((80,79,170,169));
#179=IFCINDEXEDPOLYGONALFACE((84,83,174,173));
#180=IFCINDEXEDPOLYGONALFACE((106,27,26,107));
#181=IFCINDEXEDPOLYGONALFACE((107,26,25,108));
#182=IFCINDEXEDPOLYGONALFACE((105,104,29,28));
#183=IFCINDEXEDPOLYGONALFACE((105,28,27,106));
#184=IFCINDEXEDPOLYGONALFACE((109,108,25,24));
#185=IFCINDEXEDPOLYGONALFACE((113,112,21,20));
#186=IFCINDEXEDPOLYGONALFACE((114,113,20,19));
#187=IFCINDEXEDPOLYGONALFACE((111,110,23,22));
#188=IFCINDEXEDPOLYGONALFACE((112,111,22,21));
#189=IFCINDEXEDPOLYGONALFACE((109,24,23,110));
#190=IFCINDEXEDPOLYGONALFACE((115,114,19,18));
#191=IFCINDEXEDPOLYGONALFACE((118,15,14,119));
#192=IFCINDEXEDPOLYGONALFACE((119,14,13,120));
#193=IFCINDEXEDPOLYGONALFACE((117,116,17,16));
#194=IFCINDEXEDPOLYGONALFACE((117,16,15,118));
#195=IFCINDEXEDPOLYGONALFACE((121,120,13,12));
#196=IFCINDEXEDPOLYGONALFACE((125,124,9,8));
#197=IFCINDEXEDPOLYGONALFACE((126,125,8,7));
#198=IFCINDEXEDPOLYGONALFACE((123,122,11,10));
#199=IFCINDEXEDPOLYGONALFACE((124,123,10,9));
#200=IFCINDEXEDPOLYGONALFACE((121,12,11,122));
#201=IFCINDEXEDPOLYGONALFACE((95,126,7,6));
#202=IFCINDEXEDPOLYGONALFACE((41,40,154,153));
#203=IFCINDEXEDPOLYGONALFACE((41,153,152,42));
#204=IFCINDEXEDPOLYGONALFACE((43,42,152,151));
#205=IFCINDEXEDPOLYGONALFACE((46,45,149,148));
#206=IFCINDEXEDPOLYGONALFACE((149,45,44,150));
#207=IFCINDEXEDPOLYGONALFACE((44,43,151,150));
#208=IFCINDEXEDPOLYGONALFACE((51,50,144,143));
#209=IFCINDEXEDPOLYGONALFACE((52,51,143,142));
#210=IFCINDEXEDPOLYGONALFACE((48,47,147,146));
#211=IFCINDEXEDPOLYGONALFACE((49,48,146,145));
#212=IFCINDEXEDPOLYGONALFACE((49,145,144,50));
#213=IFCINDEXEDPOLYGONALFACE((46,148,147,47));
#214=IFCINDEXEDPOLYGONALFACE((52,142,141,53));
#215=IFCINDEXEDPOLYGONALFACE((57,137,136,58));
#216=IFCINDEXEDPOLYGONALFACE((58,136,135,59));
#217=IFCINDEXEDPOLYGONALFACE((55,54,140,139));
#218=IFCINDEXEDPOLYGONALFACE((56,55,139,138));
#219=IFCINDEXEDPOLYGONALFACE((56,138,137,57));
#220=IFCINDEXEDPOLYGONALFACE((60,59,135,134));
#221=IFCINDEXEDPOLYGONALFACE((65,64,130,129));
#222=IFCINDEXEDPOLYGONALFACE((66,65,129,128));
#223=IFCINDEXEDPOLYGONALFACE((62,61,133,132));
#224=IFCINDEXEDPOLYGONALFACE((131,63,62,132));
#225=IFCINDEXEDPOLYGONALFACE((64,63,131,130));
#226=IFCINDEXEDPOLYGONALFACE((61,60,134,133));
#227=IFCINDEXEDPOLYGONALFACE((37,66,128,127));
#228=IFCCARTESIANPOINTLIST3D(((0.,-249.9999999999994,0.),(8396.5582706301957,-250.00000000000131,0.),(8396.5582706301957,-250.00000000000131,4100.),(0.,-249.9999999999994,4100.),(100.00000000000541,-249.9999999999992,3000.0000000000023),(285.00000000000233,-249.99999999999886,3000.0000000000009),(291.05413507638735,-249.99999999999886,3088.5083219125613),(309.10376322393245,-249.99999999999883,3175.3679012520665),(338.81265402145874,-249.99999999999878,3258.9607084000581),(379.62738704478664,-249.99999999999869,3337.7295675230334),(430.78766104213105,-249.99999999999861,3410.207163811936),(491.34045690787946,-249.99999999999849,3475.0433767807822),(560.15779062534068,-249.99999999999835,3531.030430456789),(635.95772547475462,-249.99999999999821,3577.1253919615456),(717.32825208886266,-250.00000000000242,3612.4695993772352),(802.75359151579289,-250.00000000000225,3636.4046569935117),(890.64243131297007,-250.00000000000207,3648.484699973852),(979.35756868704232,-250.00000000000193,3648.4846999738515),(1067.2464084842172,-250.00000000000176,3636.4046569935113),(1152.6717479111476,-250.00000000000162,3612.4695993772343),(1234.0422745252556,-250.00000000000148,3577.1253919615447),(1309.8422093746697,-250.00000000000134,3531.0304304567871),(1378.6595430921307,-250.00000000000119,3475.0433767807804),(1439.2123389578792,-250.00000000000111,3410.2071638119337),(1490.3726129552235,-250.00000000000099,3337.7295675230312),(1531.1873459785515,-250.00000000000094,3258.9607084000559),(1560.8962367760755,-250.00000000000085,3175.3679012520638),(1578.9458649236205,-250.00000000000082,3088.5083219125586),(1585.0000000000057,-250.00000000000082,3000.),(1785.0000000000014,-250.00000000000045,3000.),(1785.0000000000014,-250.00000000000045,2800.),(1584.9999999999905,-250.00000000000082,2800.),(1584.9999999999905,-250.00000000000082,800.),(285.00000000000233,-249.99999999999886,800.),(285.00000000000233,-249.99999999999886,2800.),(100.00000000000541,-249.9999999999992,2800.),(3670.6909928935356,-250.00000000000131,2400.0000000000023),(3670.6909928935356,-250.00000000000131,800.),(1870.6909928935313,-250.00000000000028,800.),(1870.6909928935293,-250.00000000000028,2399.9999999999991),(1876.7764709257804,-250.00000000000028,2504.4836227127066),(1894.9506093716891,-250.00000000000026,2607.5542836681957),(1924.9676341862132,-250.0000000000002,2707.8181289931022),(1966.4216166024598,-250.00000000000011,2803.9192621804164),(2018.7519626218871,-250.00000000000003,2894.5580802637255),(2081.2509940864497,-249.99999999999991,2978.5088487178864),(2153.0735188116714,-249.99999999999977,3054.6362774157446),(2233.2482603610242,-249.9999999999996,3121.9108734795404),(2320.6909928935311,-249.99999999999949,3179.4228634059959),(2414.2192034582908,-249.99999999999932,3226.394496192248),(2512.5680834535506,-249.99999999999909,3262.1905610839412),(2614.4076329932936,-249.99999999999892,3286.3269777109886),(2718.3606468741032,-249.99999999999872,3298.4773424441428),(2823.0213389129599,-249.99999999999852,3298.4773424441428),(2926.9743527937712,-249.99999999999835,3286.3269777109886),(3028.8139023335148,-249.99999999999815,3262.1905610839412),(3127.162782328774,-250.00000000000233,3226.394496192248),(3220.6909928935343,-250.00000000000216,3179.4228634059964),(3308.1337254260407,-250.00000000000199,3121.9108734795404),(3388.3084669753939,-250.00000000000185,3054.6362774157446),(3460.1309917006156,-250.00000000000171,2978.5088487178864),(3522.630023165178,-250.00000000000156,2894.558080263726),(3574.960369184605,-250.00000000000151,2803.9192621804164),(3616.4143516008521,-250.00000000000139,2707.8181289931022),(3646.4313764153758,-250.00000000000136,2607.5542836681957),(3664.6055148612845,-250.00000000000134,2504.4836227127066),(5670.6909928935356,-250.00000000000199,2000.0000000000002),(5670.6909928935356,-250.00000000000199,2200.0000000000018),(7870.6909928935338,-250.00000000000225,2200.0000000000018),(7870.6909928935338,-250.00000000000225,2000.0000000000002),(7670.6909928935329,-249.99999999999829,2000.0000000000002),(7670.6909928935329,-249.99999999999829,200.),(5870.6909928935493,-250.00000000000162,200.),(5870.6909928935493,-250.00000000000162,2000.0000000000002),(4370.6909928935347,-250.00000000000003,1014.7035637443724),(4370.6909928935347,-250.00000000000003,2214.7035637443723),(5370.6909928935347,-249.99999999999818,2214.7035637443723),(5370.6909928935374,-249.99999999999818,1014.7035637443724),(7170.6909928935311,-249.9999999999992,2700.),(7170.6909928935311,-249.9999999999992,3900.0000000000005),(8170.6909928935311,-250.00000000000171,3900.0000000000005),(8170.6909928935311,-250.00000000000171,2700.),(6070.6909928935338,-250.00000000000122,2700.),(6070.6909928935338,-250.00000000000122,3600.0000000000005),(6970.6909928935338,-249.99999999999957,3600.0000000000005),(6970.6909928935338,-249.99999999999957,2700.),(8224.3944639853617,249.99999999999736,-2.0169972056493028E-021),(4370.6909928935329,249.99999999999892,4.0339944112986055E-021),(3870.6909928935315,249.99999999999801,-4.0339944112986055E-021),(0.,249.99999999999955,0.),(0.,249.99999999999955,4100.),(3870.6909928935315,249.99999999999801,4100.),(4370.6909928935329,249.99999999999892,4100.),(8224.3944639853617,249.99999999999736,4100.),(285.00000000000233,250.00000000000009,3000.0000000000023),(100.00000000000325,249.99999999999974,3000.0000000000023),(100.00000000000325,249.99999999999974,2800.),(285.00000000000017,250.00000000000009,2800.),(285.00000000000017,250.00000000000009,800.),(1584.9999999999884,249.99999999999812,800.),(1584.9999999999884,249.99999999999812,2800.),(1784.9999999999991,249.99999999999849,2800.),(1784.9999999999991,249.99999999999849,3000.),(1585.0000000000034,249.99999999999812,2999.9999999999973),(1578.9458649236185,249.99999999999812,3088.5083219125586),(1560.8962367760735,249.9999999999981,3175.3679012520638),(1531.1873459785493,249.99999999999801,3258.9607084000559),(1490.3726129552213,249.99999999999795,3337.7295675230312),(1439.2123389578769,249.99999999999784,3410.2071638119337),(1378.6595430921286,249.99999999999775,3475.0433767807804),(1309.8422093746674,249.99999999999761,3531.0304304567871),(1234.0422745252533,249.99999999999747,3577.1253919615447),(1152.6717479111453,249.99999999999736,3612.4695993772343),(1067.2464084842152,249.99999999999719,3636.4046569935113),(979.35756868704016,249.99999999999702,3648.4846999738515),(890.64243131296791,249.99999999999687,3648.484699973852),(802.75359151579073,249.9999999999967,3636.4046569935117),(717.32825208886049,249.99999999999653,3612.4695993772352),(635.95772547475246,250.00000000000074,3577.1253919615456),(560.15779062533841,250.0000000000006,3531.030430456789),(491.3404569078773,250.00000000000045,3475.0433767807822),(430.78766104212889,250.00000000000034,3410.207163811936),(379.62738704478448,250.00000000000026,3337.7295675230334),(338.81265402145658,250.0000000000002,3258.9607084000581),(309.10376322393029,250.00000000000011,3175.3679012520665),(291.05413507638519,250.00000000000009,3088.5083219125613),(3670.6909928935338,249.99999999999764,2399.9999999999991),(3664.6055148612827,249.99999999999761,2504.4836227127066),(3646.431376415374,249.99999999999758,2607.5542836681957),(3616.4143516008498,249.99999999999756,2707.8181289931022),(3574.9603691846032,249.99999999999744,2803.9192621804164),(3522.6300231651758,249.99999999999739,2894.558080263726),(3460.1309917006133,249.99999999999724,2978.5088487178864),(3388.3084669753916,249.9999999999971,3054.6362774157446),(3308.1337254260384,249.99999999999696,3121.9108734795404),(3220.690992893532,249.99999999999679,3179.4228634059964),(3127.1627823287722,249.99999999999665,3226.394496192248),(3028.8139023335125,250.0000000000008,3262.1905610839412),(2926.974352793769,250.0000000000006,3286.3269777109886),(2823.0213389129576,250.00000000000043,3298.4773424441428),(2718.3606468741009,250.00000000000023,3298.4773424441428),(2614.4076329932918,250.00000000000003,3286.3269777109886),(2512.5680834535483,249.99999999999986,3262.1905610839412),(2414.2192034582886,249.99999999999963,3226.394496192248),(2320.6909928935288,249.99999999999949,3179.4228634059959),(2233.2482603610219,249.99999999999935,3121.9108734795404),(2153.0735188116691,249.99999999999918,3054.6362774157446),(2081.2509940864475,249.99999999999903,2978.5088487178864),(2018.751962621885,249.99999999999892,2894.5580802637255),(1966.4216166024576,249.99999999999883,2803.9192621804164),(1924.9676341862109,249.99999999999878,2707.8181289931022),(1894.9506093716871,249.99999999999869,2607.5542836681957),(1876.7764709257783,249.99999999999866,2504.4836227127066),(1870.6909928935293,249.99999999999866,2399.9999999999991),(1870.6909928935293,249.99999999999866,800.),(3670.6909928935338,249.99999999999764,800.),(5670.6909928935338,249.99999999999696,2000.0000000000002),(5870.6909928935465,249.99999999999736,2000.0000000000002),(5870.6909928935465,249.99999999999736,200.),(7670.690992893532,250.00000000000065,200.),(7670.690992893532,250.00000000000065,2000.0000000000002),(7870.6909928935329,249.9999999999967,2000.0000000000002),(7870.6909928935329,249.9999999999967,2200.0000000000018),(5670.6909928935338,249.99999999999696,2200.0000000000018),(4370.6909928935347,249.99999999999892,2214.7035637443723),(4370.6909928935347,249.99999999999892,1014.7035637443724),(5370.6909928935347,250.00000000000077,1014.7035637443724),(5370.6909928935347,250.00000000000077,2214.7035637443723),(7170.6909928935293,249.99999999999974,3900.0000000000005),(7170.6909928935293,249.99999999999974,2700.),(8170.6909928935293,249.99999999999724,2700.),(8170.6909928935293,249.99999999999724,3900.0000000000005),(6070.690992893532,249.99999999999773,3600.0000000000005),(6070.690992893532,249.99999999999773,2700.),(6970.6909928935329,249.99999999999937,2700.),(6970.6909928935329,249.99999999999937,3600.0000000000005)));
#229=IFCPOLYGONALFACESET(#228,.T.,(#140,#141,#142,#143,#144,#145,#146,#147,#148,#149,#150,#151,#152,#153,#154,#155,#156,#157,#158,#159,#160,#161,#162,#163,#164,#165,#166,#167,#168,#169,#170,#171,#172,#173,#174,#175,#176,#177,#178,#179,#180,#181,#182,#183,#184,#185,#186,#187,#188,#189,#190,#191,#192,#193,#194,#195,#196,#197,#198,#199,#200,#201,#202,#203,#204,#205,#206,#207,#208,#209,#210,#211,#212,#213,#214,#215,#216,#217,#218,#219,#220,#221,#222,#223,#224,#225,#226,#227),$);
#230=IFCINDEXEDCOLOURMAP(#229,1.,#139,(1,1,1,1,1,1,1,1,1,1,1,1,1,1,1,1,1,1,1,1,1,1,1,1,1,1,1,1,1,1,1,1,1,1,1,1,1,1,1,1,1,1,1,1,1,1,1,1,1,1,1,1,1,1,1,1,1,1,1,1,1,1,1,1,1,1,1,1,1,1,1,1,1,1,1,1,1,1,1,1,1,1,1,1,1,1,1,1));
#231=IFCSTYLEDITEM(#229,(#64),$);
#232=IFCSHAPEREPRESENTATION(#15,'Body','Tessellation',(#229));
#233=IFCWALL('0GisCWViz2PeUrBi4wgUZp',#6,'Basic Wall:Castelnuovo_typeA:1675325',$,$,#128,#132,'1675325',.NOTDEFINED.);
#234=IFCPROPERTYSET('1dkQzfO7pGsMyIkGuHS_VQ',#6,'Pset_EnvironmentalImpactIndicators',$,(#70));
#235=IFCPROPERTYSINGLEVALUE('Reference',$,IFCLABEL('Castelnuovo_typeA'),$);
#236=IFCPROPERTYSET('0cRsSepOXjQ1IuEUYfD5uW',#6,'Pset_ReinforcementBarPitchOfWall',$,(#235));
#237=IFCPROPERTYSET('3qYftd0I_UQk0GEee1MOnd',#6,'Pset_WallCommon',$,(#70,#74,#75,#76));
#238=IFCRELDEFINESBYPROPERTIES('0x0M1pJXJL1trVDQ0lJOnA',#6,$,$,(#233),#234);
#239=IFCRELDEFINESBYPROPERTIES('3lRUVD2bOtgxRJcwn8FIwP',#6,$,$,(#233),#236);
#240=IFCRELDEFINESBYPROPERTIES('3TxBDJAlKk6Z$ZJkkmyf3n',#6,$,$,(#233),#237);
#241=IFCCARTESIANPOINT((14339.674577223957,-16453.038197492908,0.));
#242=IFCAXIS2PLACEMENT3D(#241,#49,#126);
#243=IFCLOCALPLACEMENT(#24,#242);
#244=IFCCARTESIANPOINTLIST3D(((0.,5.9142984491142686E-013,0.),(6158.4287842473477,-7.309142939093166E-013,0.)));
#245=IFCINDEXEDPOLYCURVE(#244,$,.F.);
#246=IFCSHAPEREPRESENTATION(#14,'Axis','Curve3D',(#245));
#247=IFCPRODUCTDEFINITIONSHAPE($,$,(#246,#254));
#248=IFCCARTESIANPOINTLIST2D(((6158.4287842473477,-250.0000000000008),(5986.2649776025155,249.9999999999979),(1.7798270943181546E-012,249.99999999999949),(3.8590716427863102E-013,-249.99999999999949),(3870.6909928935343,-249.99999999999997),(4370.6909928935374,-249.99999999999923),(6158.4287842473477,-250.0000000000008)));
#249=IFCINDEXEDPOLYCURVE(#248,$,.F.);
#250=IFCARBITRARYCLOSEDPROFILEDEF(.AREA.,$,#249);
#251=IFCAXIS2PLACEMENT3D(#10,$,$);
#252=IFCEXTRUDEDAREASOLID(#250,#251,#49,4100.);
#253=IFCSTYLEDITEM(#252,(#64),$);
#254=IFCSHAPEREPRESENTATION(#15,'Body','SweptSolid',(#252));
#255=IFCWALL('0GisCWViz2PeUrBi4wgUdW',#6,'Basic Wall:Castelnuovo_typeA:1675566',$,$,#243,#247,'1675566',.NOTDEFINED.);
#256=IFCPROPERTYSET('1tgtNrZyDSKIsP6DJtA8f$',#6,'Pset_EnvironmentalImpactIndicators',$,(#70));
#257=IFCPROPERTYSINGLEVALUE('Reference',$,IFCLABEL('Castelnuovo_typeA'),$);
#258=IFCPROPERTYSET('2ew2F$Ncp1BkN$VBHHub$Q',#6,'Pset_ReinforcementBarPitchOfWall',$,(#257));
#259=IFCPROPERTYSET('0QWZJEvzsA78KHGu3olK6J',#6,'Pset_WallCommon',$,(#70,#74,#75,#120));
#260=IFCRELDEFINESBYPROPERTIES('2fD61ZXZ1ywFFdzd4ojYT9',#6,$,$,(#255),#256);
#261=IFCRELDEFINESBYPROPERTIES('11ruDsfHnVNeV68GN17P8Y',#6,$,$,(#255),#258);
#262=IFCRELDEFINESBYPROPERTIES('3pvz8TSBKX937Fl0geqyhN',#6,$,$,(#255),#259);
#263=IFCCARTESIANPOINT((14589.674577223963,-12332.347204599371,0.));
#264=IFCAXIS2PLACEMENT3D(#263,$,$);
#265=IFCLOCALPLACEMENT(#24,#264);
#266=IFCCARTESIANPOINTLIST3D(((-3.0555939360497073E-013,0.,0.),(6000.0000000000073,0.,0.)));
#267=IFCINDEXEDPOLYCURVE(#266,$,.F.);
#268=IFCSHAPEREPRESENTATION(#14,'Axis','Curve3D',(#267));
#269=IFCPRODUCTDEFINITIONSHAPE($,$,(#268,#276));
#270=IFCCARTESIANPOINTLIST2D(((6000.0000000000055,249.99999999999881),(-7.8406925744663155E-013,249.99999999999949),(7.8406925744663155E-013,-249.99999999999949),(6000.0000000000082,-250.00000000000014),(6000.0000000000055,249.99999999999881)));
#271=IFCINDEXEDPOLYCURVE(#270,$,.F.);
#272=IFCARBITRARYCLOSEDPROFILEDEF(.AREA.,$,#271);
#273=IFCAXIS2PLACEMENT3D(#10,$,$);
#274=IFCEXTRUDEDAREASOLID(#272,#273,#49,4100.);
#275=IFCSTYLEDITEM(#274,(#64),$);
#276=IFCSHAPEREPRESENTATION(#15,'Body','SweptSolid',(#274));
#277=IFCWALL('0GisCWViz2PeUrBi4wgUa5',#6,'Basic Wall:Castelnuovo_typeA:1675723',$,$,#265,#269,'1675723',.NOTDEFINED.);
#278=IFCPROPERTYSET('3MCZdwe6WvE$tiyuCmgZTh',#6,'Pset_EnvironmentalImpactIndicators',$,(#70));
#279=IFCPROPERTYSINGLEVALUE('Reference',$,IFCLABEL('Castelnuovo_typeA'),$);
#280=IFCPROPERTYSET('30tYg8tPPDdxCb098lP69R',#6,'Pset_ReinforcementBarPitchOfWall',$,(#279));
#281=IFCPROPERTYSET('2W_xr0XKI3GSeHe8ptf0eX',#6,'Pset_WallCommon',$,(#70,#74,#75,#120));
#282=IFCRELDEFINESBYPROPERTIES('3cc8qPBxIwYL6e7WKI17QE',#6,$,$,(#277),#278);
#283=IFCRELDEFINESBYPROPERTIES('1tV1EtjnuQ5wB$m07nOeu0',#6,$,$,(#277),#280);
#284=IFCRELDEFINESBYPROPERTIES('2yxD5I_IZ7cdNGxhZv6XmY',#6,$,$,(#277),#281);
#285=IFCCARTESIANPOINT((14008.282538609679,-10230.393575990563,0.));
#286=IFCDIRECTION((0.94551857559931674,0.32556815445715664,0.));
#287=IFCAXIS2PLACEMENT3D(#285,#49,#286);
#288=IFCLOCALPLACEMENT(#28,#287);
#289=IFCCARTESIANPOINTLIST3D(((-5.4143356464919636E-013,-1.0828671292983927E-012,0.),(7575.5085749515347,1.0828671292983927E-012,0.)));
#290=IFCINDEXEDPOLYCURVE(#289,$,.F.);
#291=IFCSHAPEREPRESENTATION(#14,'Axis','Curve3D',(#290));
#292=IFCPRODUCTDEFINITIONSHAPE($,$,(#291,#310));
#293=IFCCARTESIANPOINTLIST2D(((7403.3447683067052,-249.99999999999838),(7575.5085749515374,250.00000000000219),(672.19085614677192,250.00000000000139),(172.16380664483381,250.00000000000242),(6.9371175470678287E-013,-249.99999999999898),(528.81034059333479,-249.99999999999906),(3701.6723841533521,-249.99999999999827),(3807.4344522720176,-249.99999999999812),(6874.53442771337,-249.99999999999838),(7403.3447683067052,-249.99999999999838)));
#294=IFCINDEXEDPOLYCURVE(#293,$,.F.);
#295=IFCARBITRARYCLOSEDPROFILEDEF(.AREA.,$,#294);
#296=IFCAXIS2PLACEMENT3D(#10,$,$);
#297=IFCEXTRUDEDAREASOLID(#295,#296,#49,3500.0000000001683);
#298=IFCSTYLEDITEM(#297,(#64),$);
#299=IFCCOLOURRGBLIST(((1.,0.65098039215686276,0.82352941176470584)));
#300=IFCINDEXEDPOLYGONALFACE((1,2,3,4,5,6,7,8,9,10,11,12));
#301=IFCINDEXEDPOLYGONALFACE((13,14,15,16,17,18));
#302=IFCINDEXEDPOLYGONALFACE((6,5,4,3,2,1,13,18,17));
#303=IFCINDEXEDPOLYGONALFACE((12,11,10,9,8,7,16,15,14));
#304=IFCINDEXEDPOLYGONALFACE((1,12,14,13));
#305=IFCINDEXEDPOLYGONALFACE((7,6,17,16));
#306=IFCCARTESIANPOINTLIST3D(((-5.4143356464919636E-013,-249.99999999999949,5.4143356464919636E-013),(528.81034059333467,-249.99999999999949,0.),(3701.6723841533503,-249.99999999999838,0.),(3807.4344522720166,-249.99999999999838,0.),(6874.53442771337,-249.99999999999838,0.),(7403.3447683067052,-249.99999999999838,5.4143356464919636E-013),(7403.3447683067052,-249.99999999999838,3500.0000000001683),(6874.53442771337,-249.99999999999838,3500.0000000001683),(3807.4344522720166,-249.99999999999838,3500.0000000001683),(3701.6723841533503,-249.99999999999838,3500.0000000001683),(528.81034059333467,-249.99999999999949,3500.0000000001683),(-5.4143356464919636E-013,-249.99999999999949,3500.0000000001683),(172.16380664483265,250.00000000000273,5.4143356464919636E-013),(172.16380664483265,250.00000000000273,3500.0000000001683),(672.19085614677419,250.00000000000273,3500.0000000001683),(7575.5085749515383,250.00000000000165,3500.0000000001683),(7575.5085749515383,250.00000000000165,5.4143356464919636E-013),(672.19085614677147,250.00000000000057,0.)));
#307=IFCPOLYGONALFACESET(#306,.T.,(#300,#301,#302,#303,#304,#305),$);
#308=IFCINDEXEDCOLOURMAP(#307,1.,#299,(1,1,1,1,1,1));
#309=IFCSTYLEDITEM(#307,(#64),$);
#310=IFCSHAPEREPRESENTATION(#15,'Body','Tessellation',(#307));
#311=IFCWALL('112HIUctr2yw5OqZgr3kPn',#6,'Basic Wall:Castelnuovo_typeA:1676333',$,$,#288,#292,'1676333',.NOTDEFINED.);
#312=IFCAXIS2PLACEMENT3D(#10,$,$);
#314=IFCCARTESIANPOINTLIST2D(((-249.99999999999949,-1100.0000000000011),(249.99999999999949,-1100.0000000000011),(249.99999999999949,1100.0000000000011),(-249.99999999999949,1100.0000000000011),(-249.99999999999949,-1100.0000000000011)));
#315=IFCINDEXEDPOLYCURVE(#314,$,.F.);
#316=IFCARBITRARYCLOSEDPROFILEDEF(.AREA.,'DoorV2',#315);
#317=IFCCARTESIANPOINT((-247.50090189252558,-1736.6831832001551,4600.));
#318=IFCDIRECTION((0.32556815445715664,0.94551857559931674,0.));
#319=IFCDIRECTION((-0.94551857559931674,0.32556815445715664,0.));
#320=IFCAXIS2PLACEMENT3D(#317,#318,#319);
#321=IFCEXTRUDEDAREASOLID(#316,#320,#49,1399.9999999999866);
#322=IFCSIUNIT(*,.PLANEANGLEUNIT.,$,.RADIAN.);
#323=IFCDIMENSIONALEXPONENTS(0,0,0,0,0,0,0);
#324=IFCMEASUREWITHUNIT(IFCPLANEANGLEMEASURE(0.017453292519943278),#322);
#325=IFCCONVERSIONBASEDUNIT(#323,.PLANEANGLEUNIT.,'DEGREE',#324);
#326=IFCSHAPEREPRESENTATION(#15,'Body','SweptSolid',(#321));
#327=IFCPRODUCTDEFINITIONSHAPE($,$,(#326));
#328=IFCAXIS2PLACEMENT3D(#10,$,$);
#329=IFCLOCALPLACEMENT(#288,#328);
#330=IFCOPENINGELEMENT('0OQW$LUq$WuhcFGilYXcWN',#6,'Basic Wall:Castelnuovo_typeA:1676333',$,$,#329,#327,'1721146',.OPENING.);
#331=IFCRELVOIDSELEMENT('2Pdi2vAUfeVxzD85C1YVPh',#6,$,$,#311,#330);
#332=IFCPROPERTYSET('0cuSS8RXfk7M$jJYyE7H3_',#6,'Pset_EnvironmentalImpactIndicators',$,(#70));
#333=IFCPROPERTYSINGLEVALUE('Reference',$,IFCLABEL('Castelnuovo_typeA'),$);
#334=IFCPROPERTYSET('2Lyp7$xYowsxnqL5ck3epo',#6,'Pset_ReinforcementBarPitchOfWall',$,(#333));
#335=IFCPROPERTYSET('3RhBpkittMkp_cq3M5EStk',#6,'Pset_WallCommon',$,(#70,#74,#75,#120));
#336=IFCPROPERTYSINGLEVALUE('Reference',$,IFCIDENTIFIER('DoorV2'),$);
#337=IFCPROPERTYSET('2_JBo5O0$7OLzPLrST5iUo',#6,'Pset_EnvironmentalImpactIndicators',$,(#336));
#338=IFCPROPERTYSET('0ZD8Y8VpxcxMgafABvPf6q',#6,'Pset_OpeningElementCommon',$,(#336));
#339=IFCRELDEFINESBYPROPERTIES('3gvav5WUgtA5nUxPeoix$J',#6,$,$,(#311),#332);
#340=IFCRELDEFINESBYPROPERTIES('3G8R5sbXbi7VzAr_56FYxr',#6,$,$,(#311),#334);
#341=IFCRELDEFINESBYPROPERTIES('2ZyEuerPEwGW$6a4nf4YT8',#6,$,$,(#311),#335);
#342=IFCRELDEFINESBYPROPERTIES('3ca9j4SHm9g47_V6WQ1J7m',#6,$,$,(#330),#337);
#343=IFCRELDEFINESBYPROPERTIES('2vFwhQlDlDduTDJEQ2Seqn',#6,$,$,(#330),#338);
#344=IFCCARTESIANPOINT((14089.674577223957,-16703.038197492904,0.));
#345=IFCAXIS2PLACEMENT3D(#344,$,$);
#346=IFCLOCALPLACEMENT(#28,#345);
#347=IFCCARTESIANPOINTLIST3D(((-2.9999071066416131E-013,0.,0.),(7000.0000000000027,0.,0.)));
#348=IFCINDEXEDPOLYCURVE(#347,$,.F.);
#349=IFCSHAPEREPRESENTATION(#14,'Axis','Curve3D',(#348));
#350=IFCPRODUCTDEFINITIONSHAPE($,$,(#349,#376));
#351=IFCCARTESIANPOINTLIST2D(((7000.0000000000036,-250.00000000000165),(7000.0000000000018,249.99999999999949),(6500.0000000000027,250.00000000000009),(499.99999999999818,249.99999999999886),(-7.7347652092742176E-013,249.99999999999949),(7.7347652092742842E-013,-250.00000000000165),(7000.0000000000036,-250.00000000000165)));
#352=IFCINDEXEDPOLYCURVE(#351,$,.F.);
#353=IFCARBITRARYCLOSEDPROFILEDEF(.AREA.,$,#352);
#354=IFCAXIS2PLACEMENT3D(#10,$,$);
#355=IFCEXTRUDEDAREASOLID(#353,#354,#49,3500.0000000001683);
#356=IFCSTYLEDITEM(#355,(#64),$);
#357=IFCCOLOURRGBLIST(((1.,0.65098039215686276,0.82352941176470584)));
#358=IFCINDEXEDPOLYGONALFACEWITHVOIDS((1,2,3,4),((5,6,7,8),(9,10,11,12)));
#359=IFCINDEXEDPOLYGONALFACEWITHVOIDS((13,14,15,16,17,18,19,20),((21,22,23,24),(25,26,27,28)));
#360=IFCINDEXEDPOLYGONALFACE((2,1,13,20,19,18));
#361=IFCINDEXEDPOLYGONALFACE((4,3,17,16,15,14));
#362=IFCINDEXEDPOLYGONALFACE((3,2,18,17));
#363=IFCINDEXEDPOLYGONALFACE((1,4,14,13));
#364=IFCINDEXEDPOLYGONALFACE((22,21,5,8));
#365=IFCINDEXEDPOLYGONALFACE((23,22,8,7));
#366=IFCINDEXEDPOLYGONALFACE((24,23,7,6));
#367=IFCINDEXEDPOLYGONALFACE((21,24,6,5));
#368=IFCINDEXEDPOLYGONALFACE((26,25,9,12));
#369=IFCINDEXEDPOLYGONALFACE((27,26,12,11));
#370=IFCINDEXEDPOLYGONALFACE((28,27,11,10));
#371=IFCINDEXEDPOLYGONALFACE((25,28,10,9));
#372=IFCCARTESIANPOINTLIST3D(((4.7348581026327085E-013,-250.00000000000381,5.4143356464919636E-013),(7000.0000000000027,-250.00000000000165,5.4143356464919636E-013),(7000.0000000000027,-250.00000000000165,3500.0000000001683),(4.7348581026327085E-013,-250.00000000000381,3500.0000000001683),(1900.0000000000018,-250.00000000000165,1000.0000000000001),(900.00000000000159,-250.00000000000165,1000.0000000000001),(900.00000000000159,-250.00000000000165,2500.0000000000014),(1900.0000000000018,-250.00000000000165,2500.0000000000014),(4439.2458086782462,-250.00000000000165,1000.0000000000001),(3439.2458086782458,-250.00000000000165,1000.0000000000001),(3439.2458086782458,-250.00000000000165,2500.0000000000014),(4439.2458086782462,-250.00000000000165,2500.0000000000014),(-1.0734672315915857E-012,249.99999999999949,5.4143356464919636E-013),(-1.0734672315915857E-012,249.99999999999949,3500.0000000001683),(499.99999999999784,249.99999999999949,3500.0000000001683),(6500.0000000000027,249.99999999999949,3500.0000000001683),(7000.0000000000018,249.99999999999949,3500.0000000001683),(7000.0000000000018,249.99999999999949,5.4143356464919636E-013),(6500.0000000000027,249.99999999999949,0.),(499.99999999999784,249.99999999999949,0.),(1900.0000000000023,249.99999999999949,1000.0000000000001),(1900.0000000000023,249.99999999999949,2500.0000000000014),(900.00000000000227,250.00000000000165,2500.0000000000014),(900.00000000000227,250.00000000000165,1000.0000000000001),(4439.2458086782444,249.99999999999949,1000.0000000000001),(4439.2458086782444,249.99999999999949,2500.0000000000014),(3439.2458086782462,249.9999999999973,2500.0000000000014),(3439.2458086782462,249.9999999999973,1000.0000000000001)));
#373=IFCPOLYGONALFACESET(#372,.T.,(#358,#359,#360,#361,#362,#363,#364,#365,#366,#367,#368,#369,#370,#371),$);
#374=IFCINDEXEDCOLOURMAP(#373,1.,#357,(1,1,1,1,1,1,1,1,1,1,1,1,1,1));
#375=IFCSTYLEDITEM(#373,(#64),$);
#376=IFCSHAPEREPRESENTATION(#15,'Body','Tessellation',(#373));
#377=IFCWALL('112HIUctr2yw5OqZgr3kPo',#6,'Basic Wall:Castelnuovo_typeA:1676334',$,$,#346,#350,'1676334',.NOTDEFINED.);
#378=IFCPROPERTYSET('049cSCyD$IezK2LY0rHmzi',#6,'Pset_EnvironmentalImpactIndicators',$,(#70));
#379=IFCPROPERTYSINGLEVALUE('Reference',$,IFCLABEL('Castelnuovo_typeA'),$);
#380=IFCPROPERTYSET('1PVqGG6Up8ZElLWadofBry',#6,'Pset_ReinforcementBarPitchOfWall',$,(#379));
#381=IFCPROPERTYSET('2qLpV5dESHU0K1P_aK8rp9',#6,'Pset_WallCommon',$,(#70,#74,#75,#120));
#382=IFCRELDEFINESBYPROPERTIES('2JLraoP27ZUThL3Y7Lv7rO',#6,$,$,(#377),#378);
#383=IFCRELDEFINESBYPROPERTIES('3Gft7l_VhV_RCj2YI4cmHS',#6,$,$,(#377),#380);
#384=IFCRELDEFINESBYPROPERTIES('3ueM$vNezHww4ihckqxYRF',#6,$,$,(#377),#381);
#385=IFCCARTESIANPOINT((20839.674577223959,-16453.038197492926,0.));
#386=IFCAXIS2PLACEMENT3D(#385,#49,#126);
#387=IFCLOCALPLACEMENT(#28,#386);
#388=IFCCARTESIANPOINTLIST3D(((0.,7.6022910962397071E-014,0.),(8396.5582706301957,-1.8151538840275732E-012,0.)));
#389=IFCINDEXEDPOLYCURVE(#388,$,.F.);
#390=IFCSHAPEREPRESENTATION(#14,'Axis','Curve3D',(#389));
#391=IFCPRODUCTDEFINITIONSHAPE($,$,(#390,#421));
#392=IFCCARTESIANPOINTLIST2D(((8396.5582706301957,-250.00000000000136),(8224.3944639853635,249.99999999999727),(4370.6909928935338,249.99999999999883),(3870.6909928935333,249.99999999999793),(1.7061799752729753E-012,249.99999999999949),(4.595542833238101E-013,-249.99999999999949),(8396.5582706301957,-250.00000000000136)));
#393=IFCINDEXEDPOLYCURVE(#392,$,.F.);
#394=IFCARBITRARYCLOSEDPROFILEDEF(.AREA.,$,#393);
#395=IFCAXIS2PLACEMENT3D(#10,$,$);
#396=IFCEXTRUDEDAREASOLID(#394,#395,#49,3500.0000000001683);
#397=IFCSTYLEDITEM(#396,(#64),$);
#398=IFCCOLOURRGBLIST(((1.,0.65098039215686276,0.82352941176470584)));
#399=IFCINDEXEDPOLYGONALFACEWITHVOIDS((1,2,3,4),((5,6,7,8),(9,10,11,12),(13,14,15,16)));
#400=IFCINDEXEDPOLYGONALFACEWITHVOIDS((17,18,19,20,21,22,23,24),((25,26,27,28),(29,30,31,32),(33,34,35,36)));
#401=IFCINDEXEDPOLYGONALFACE((2,1,17,24,23,22));
#402=IFCINDEXEDPOLYGONALFACE((4,3,21,20,19,18));
#403=IFCINDEXEDPOLYGONALFACE((1,4,18,17));
#404=IFCINDEXEDPOLYGONALFACE((3,2,22,21));
#405=IFCINDEXEDPOLYGONALFACE((6,5,25,28));
#406=IFCINDEXEDPOLYGONALFACE((7,6,28,27));
#407=IFCINDEXEDPOLYGONALFACE((8,7,27,26));
#408=IFCINDEXEDPOLYGONALFACE((5,8,26,25));
#409=IFCINDEXEDPOLYGONALFACE((10,9,29,32));
#410=IFCINDEXEDPOLYGONALFACE((11,10,32,31));
#411=IFCINDEXEDPOLYGONALFACE((12,11,31,30));
#412=IFCINDEXEDPOLYGONALFACE((9,12,30,29));
#413=IFCINDEXEDPOLYGONALFACE((14,13,33,36));
#414=IFCINDEXEDPOLYGONALFACE((15,14,36,35));
#415=IFCINDEXEDPOLYGONALFACE((16,15,35,34));
#416=IFCINDEXEDPOLYGONALFACE((13,16,34,33));
#417=IFCCARTESIANPOINTLIST3D(((0.,-249.9999999999994,5.4143356464919636E-013),(8396.5582706301957,-250.00000000000131,5.4143356464919636E-013),(8396.5582706301957,-250.00000000000131,3500.0000000001683),(0.,-249.9999999999994,3500.0000000001683),(4470.6909928935356,-249.99999999999986,291.91557169220329),(4470.6909928935356,-249.99999999999986,1891.9155716922035),(5670.6909928935356,-250.00000000000199,1891.9155716922035),(5670.6909928935356,-250.00000000000199,291.91557169220329),(6670.6909928935356,-250.00000000000011,291.91557169220977),(6670.6909928935356,-250.00000000000011,1891.9155716922098),(7870.6909928935365,-250.00000000000225,1891.9155716922098),(7870.6909928935365,-250.00000000000225,291.91557169220977),(2970.6909928935347,-249.99999999999827,512.48044712315163),(2970.6909928935347,-249.99999999999827,1712.4804471231516),(3970.6909928935347,-250.00000000000077,1712.4804471231516),(3970.6909928935347,-250.00000000000077,512.48044712315163),(2.1657342585967854E-012,249.99999999999955,5.4143356464919636E-013),(2.1657342585967854E-012,249.99999999999955,3500.0000000001683),(3870.6909928935315,249.99999999999801,3500.0000000001683),(4370.6909928935329,249.99999999999892,3500.0000000001683),(8224.3944639853617,249.99999999999736,3500.0000000001683),(8224.3944639853617,249.99999999999736,5.4143356464919636E-013),(4370.6909928935329,249.99999999999892,0.),(3870.6909928935315,249.99999999999801,0.),(4470.6909928935338,249.99999999999909,291.91557169220329),(5670.6909928935338,249.99999999999696,291.91557169220329),(5670.6909928935338,249.99999999999696,1891.9155716922035),(4470.6909928935338,249.99999999999909,1891.9155716922035),(6670.6909928935338,249.99999999999883,291.91557169220977),(7870.6909928935347,249.9999999999967,291.91557169220977),(7870.6909928935347,249.9999999999967,1891.9155716922098),(6670.6909928935338,249.99999999999883,1891.9155716922098),(2970.6909928935324,250.00000000000068,512.48044712315163),(3970.6909928935324,249.99999999999818,512.48044712315163),(3970.6909928935324,249.99999999999818,1712.4804471231516),(2970.6909928935324,250.00000000000068,1712.4804471231516)));
#418=IFCPOLYGONALFACESET(#417,.T.,(#399,#400,#401,#402,#403,#404,#405,#406,#407,#408,#409,#410,#411,#412,#413,#414,#415,#416),$);
#419=IFCINDEXEDCOLOURMAP(#418,1.,#398,(1,1,1,1,1,1,1,1,1,1,1,1,1,1,1,1,1,1));
#420=IFCSTYLEDITEM(#418,(#64),$);
#421=IFCSHAPEREPRESENTATION(#15,'Body','Tessellation',(#418));
#422=IFCWALL('112HIUctr2yw5OqZgr3kPp',#6,'Basic Wall:Castelnuovo_typeA:1676335',$,$,#387,#391,'1676335',.NOTDEFINED.);
#423=IFCAXIS2PLACEMENT3D(#10,$,$);
#425=IFCCARTESIANPOINTLIST2D(((-250.00000000000165,-1100.0000000000007),(249.99999999999949,-1100.0000000000007),(249.99999999999949,1100.0000000000011),(-250.00000000000165,1100.0000000000011),(-250.00000000000165,-1100.0000000000007)));
#426=IFCINDEXEDPOLYCURVE(#425,$,.F.);
#427=IFCARBITRARYCLOSEDPROFILEDEF(.AREA.,'DoorV2',#426);
#428=IFCCARTESIANPOINT((4120.6909928935329,600.,1100.));
#429=IFCDIRECTION((-1.,0.,0.));
#430=IFCAXIS2PLACEMENT3D(#428,#126,#429);
#431=IFCEXTRUDEDAREASOLID(#427,#430,#49,1499.9999999999882);
#432=IFCSHAPEREPRESENTATION(#15,'Body','SweptSolid',(#431));
#433=IFCPRODUCTDEFINITIONSHAPE($,$,(#432));
#434=IFCAXIS2PLACEMENT3D(#10,$,$);
#435=IFCLOCALPLACEMENT(#387,#434);
#436=IFCOPENINGELEMENT('0ol1bBPXuXHzE958xq3JSU',#6,'Basic Wall:Castelnuovo_typeA:1676335',$,$,#435,#433,'1753723',.OPENING.);
#437=IFCRELVOIDSELEMENT('31oFtthznNEg7uRhWn7Qr8',#6,$,$,#422,#436);
#438=IFCPROPERTYSET('2fldV6J5O$i31sLe$a2gLP',#6,'Pset_EnvironmentalImpactIndicators',$,(#70));
#439=IFCPROPERTYSINGLEVALUE('Reference',$,IFCLABEL('Castelnuovo_typeA'),$);
#440=IFCPROPERTYSET('0vfMoht3iS1zbVoZVtxT1f',#6,'Pset_ReinforcementBarPitchOfWall',$,(#439));
#441=IFCPROPERTYSET('0ymfz9Lo3Wsn07d9cXMCjI',#6,'Pset_WallCommon',$,(#70,#74,#75,#120));
#442=IFCPROPERTYSET('2x8GCQPNFBsr_pRS5iIb70',#6,'Pset_EnvironmentalImpactIndicators',$,(#336));
#443=IFCPROPERTYSET('1bmtvqAAsp$KZfD6RHPFmi',#6,'Pset_OpeningElementCommon',$,(#336));
#444=IFCRELDEFINESBYPROPERTIES('0g8UK5ZF07FTLGcLXz1tax',#6,$,$,(#422),#438);
#445=IFCRELDEFINESBYPROPERTIES('1ap25gzNtBO$YvU4XziAdW',#6,$,$,(#422),#440);
#446=IFCRELDEFINESBYPROPERTIES('1dBkpVrJgTuPdsNTpvEv$D',#6,$,$,(#422),#441);
#447=IFCRELDEFINESBYPROPERTIES('0753JMfj3hZ37_MDfn2iX2',#6,$,$,(#436),#442);
#448=IFCRELDEFINESBYPROPERTIES('2S3KFr6NtZX1iy2kxm9z_P',#6,$,$,(#436),#443);
#449=IFCCARTESIANPOINT((14339.674577223957,-16453.038197492908,0.));
#450=IFCAXIS2PLACEMENT3D(#449,#49,#126);
#451=IFCLOCALPLACEMENT(#28,#450);
#452=IFCCARTESIANPOINTLIST3D(((0.,5.9142984491142686E-013,0.),(6158.4287842473477,-7.309142939093166E-013,0.)));
#453=IFCINDEXEDPOLYCURVE(#452,$,.F.);
#454=IFCSHAPEREPRESENTATION(#14,'Axis','Curve3D',(#453));
#455=IFCPRODUCTDEFINITIONSHAPE($,$,(#454,#473));
#456=IFCCARTESIANPOINTLIST2D(((6158.4287842473477,-250.0000000000008),(5986.2649776025155,249.9999999999979),(1.7798270943181546E-012,249.99999999999949),(3.8590716427863102E-013,-249.99999999999949),(3870.6909928935343,-249.99999999999997),(4370.6909928935374,-249.99999999999923),(6158.4287842473477,-250.0000000000008)));
#457=IFCINDEXEDPOLYCURVE(#456,$,.F.);
#458=IFCARBITRARYCLOSEDPROFILEDEF(.AREA.,$,#457);
#459=IFCAXIS2PLACEMENT3D(#10,$,$);
#460=IFCEXTRUDEDAREASOLID(#458,#459,#49,3500.0000000001683);
#461=IFCSTYLEDITEM(#460,(#64),$);
#462=IFCCOLOURRGBLIST(((1.,0.65098039215686276,0.82352941176470584)));
#463=IFCINDEXEDPOLYGONALFACE((1,2,3,4,5,6,7,8,9,10));
#464=IFCINDEXEDPOLYGONALFACE((11,12,13,14,15,16));
#465=IFCINDEXEDPOLYGONALFACE((4,3,2,1,11,16));
#466=IFCINDEXEDPOLYGONALFACE((10,9,8,7,6,5,15,14,13,12));
#467=IFCINDEXEDPOLYGONALFACE((5,4,16,15));
#468=IFCINDEXEDPOLYGONALFACE((1,10,12,11));
#469=IFCCARTESIANPOINTLIST3D(((2.1657342585967854E-012,-249.99999999999889,5.4143356464919636E-013),(3870.6909928935338,-249.9999999999994,0.),(4370.6909928935365,-249.99999999999864,0.),(6158.4287842473477,-250.00000000000023,5.4143356464919636E-013),(6158.4287842473477,-250.00000000000023,3500.0000000001683),(5900.0000000000018,-250.0000000000006,3500.0000000001683),(4500.0000000000146,-250.0000000000006,3500.0000000001683),(4370.6909928935347,-249.99999999999864,3500.0000000001683),(3870.6909928935338,-249.9999999999994,3500.0000000001683),(2.1657342585967854E-012,-249.99999999999889,3500.0000000001683),(2.1657342585967854E-012,250.00000000000006,5.4143356464919636E-013),(2.1657342585967854E-012,250.00000000000006,3500.0000000001683),(4500.0000000000146,249.99999999999835,3500.0000000001683),(5900.0000000000018,249.99999999999835,3500.0000000001683),(5986.2649776025155,249.99999999999849,3500.0000000001683),(5986.2649776025155,249.99999999999849,5.4143356464919636E-013)));
#470=IFCPOLYGONALFACESET(#469,.T.,(#463,#464,#465,#466,#467,#468),$);
#471=IFCINDEXEDCOLOURMAP(#470,1.,#462,(1,1,1,1,1,1));
#472=IFCSTYLEDITEM(#470,(#64),$);
#473=IFCSHAPEREPRESENTATION(#15,'Body','Tessellation',(#470));
#474=IFCWALL('112HIUctr2yw5OqZgr3kPi',#6,'Basic Wall:Castelnuovo_typeA:1676336',$,$,#451,#455,'1676336',.NOTDEFINED.);
#475=IFCAXIS2PLACEMENT3D(#10,$,$);
#477=IFCCARTESIANPOINTLIST2D(((-1100.,-699.9999999999925),(1100.0000000000011,-699.9999999999925),(1100.0000000000011,699.99999999999466),(-1100.,699.99999999999466),(-1100.,-699.9999999999925)));
#478=IFCINDEXEDPOLYCURVE(#477,$,.F.);
#479=IFCARBITRARYCLOSEDPROFILEDEF(.AREA.,'DoorV2',#478);
#480=IFCCARTESIANPOINT((5200.,-1274.,4600.));
#481=IFCAXIS2PLACEMENT3D(#480,#126,#49);
#482=IFCEXTRUDEDAREASOLID(#479,#481,#49,3048.);
#483=IFCSHAPEREPRESENTATION(#15,'Body','SweptSolid',(#482));
#484=IFCPRODUCTDEFINITIONSHAPE($,$,(#483));
#485=IFCAXIS2PLACEMENT3D(#10,$,$);
#486=IFCLOCALPLACEMENT(#451,#485);
#487=IFCOPENINGELEMENT('3XqI_hInOxrgaVuvnGTGPl',#6,'Basic Wall:Castelnuovo_typeA:1676336',$,$,#486,#484,'1721146',.OPENING.);
#488=IFCRELVOIDSELEMENT('2K6ihX535Q7ZOzG7bl1ftc',#6,$,$,#474,#487);
#489=IFCPROPERTYSET('2FizWRv3SxlJLdnelMuJBi',#6,'Pset_EnvironmentalImpactIndicators',$,(#70));
#490=IFCPROPERTYSINGLEVALUE('Reference',$,IFCLABEL('Castelnuovo_typeA'),$);
#491=IFCPROPERTYSET('0Tg$sM4rLFgwvaxadmsxmp',#6,'Pset_ReinforcementBarPitchOfWall',$,(#490));
#492=IFCPROPERTYSET('0ASoObDfysReMrfBn15zn0',#6,'Pset_WallCommon',$,(#70,#74,#75,#120));
#493=IFCPROPERTYSET('13I97NB$MrRCH81_aZ8k0x',#6,'Pset_EnvironmentalImpactIndicators',$,(#336));
#494=IFCPROPERTYSET('3kyx0deWguqJLQmNFj1H7c',#6,'Pset_OpeningElementCommon',$,(#336));
#495=IFCRELDEFINESBYPROPERTIES('0oEjTbfKXBR38VBEpNTgwn',#6,$,$,(#474),#489);
#496=IFCRELDEFINESBYPROPERTIES('1CRpQOnNs9FKaqwX4tPnrn',#6,$,$,(#474),#491);
#497=IFCRELDEFINESBYPROPERTIES('3a7T5AhWQkhnJpBxkQPhVb',#6,$,$,(#474),#492);
#498=IFCRELDEFINESBYPROPERTIES('3sIWB8ak21piy8B_VnOp_n',#6,$,$,(#487),#493);
#499=IFCRELDEFINESBYPROPERTIES('2D1VggH2Pq4YeY7Ok_aplm',#6,$,$,(#487),#494);
#500=IFCCARTESIANPOINT((14589.674577223963,-12332.347204599371,0.));
#501=IFCAXIS2PLACEMENT3D(#500,$,$);
#502=IFCLOCALPLACEMENT(#28,#501);
#503=IFCCARTESIANPOINTLIST3D(((-3.0555939360497073E-013,0.,0.),(6000.0000000000073,0.,0.)));
#504=IFCINDEXEDPOLYCURVE(#503,$,.F.);
#505=IFCSHAPEREPRESENTATION(#14,'Axis','Curve3D',(#504));
#506=IFCPRODUCTDEFINITIONSHAPE($,$,(#505,#528));
#507=IFCCARTESIANPOINTLIST2D(((7.8406925744663841E-013,-250.00000000000165),(6000.0000000000082,-250.00000000000233),(6000.0000000000055,249.99999999999881),(3100.0000000000027,249.99999999999835),(3000.0000000000041,249.99999999999807),(-7.8406925744663155E-013,249.99999999999949),(7.8406925744663841E-013,-250.00000000000165)));
#508=IFCINDEXEDPOLYCURVE(#507,$,.F.);
#509=IFCARBITRARYCLOSEDPROFILEDEF(.AREA.,$,#508);
#510=IFCAXIS2PLACEMENT3D(#10,$,$);
#511=IFCEXTRUDEDAREASOLID(#509,#510,#49,3500.0000000001683);
#512=IFCSTYLEDITEM(#511,(#64),$);
#513=IFCCOLOURRGBLIST(((1.,0.65098039215686276,0.82352941176470584)));
#514=IFCINDEXEDPOLYGONALFACE((1,2,3,4,5,6,7,8));
#515=IFCINDEXEDPOLYGONALFACE((9,10,11,12,13,14,15,16,17,18,19,20));
#516=IFCINDEXEDPOLYGONALFACE((3,20,19,18,17,4));
#517=IFCINDEXEDPOLYGONALFACE((2,1,12,11,10,9));
#518=IFCINDEXEDPOLYGONALFACE((1,8,13,12));
#519=IFCINDEXEDPOLYGONALFACE((3,2,9,20));
#520=IFCINDEXEDPOLYGONALFACE((16,5,4,17));
#521=IFCINDEXEDPOLYGONALFACE((5,16,15,6));
#522=IFCINDEXEDPOLYGONALFACE((6,15,14,7));
#523=IFCINDEXEDPOLYGONALFACE((13,8,7,14));
#524=IFCCARTESIANPOINTLIST3D(((6000.0000000000073,-250.00000000000165,3500.0000000001683),(4.7850986384166673E-013,-250.00000000000165,3500.0000000001683),(4.7850986384166673E-013,-250.00000000000165,5.4143356464919636E-013),(4149.9999999999973,-250.00000000000165,5.4143356464919636E-013),(4149.9999999999973,-250.00000000000165,2200.0000000000014),(5649.9999999999873,-250.00000000000165,2200.0000000000014),(5649.9999999999873,-250.00000000000165,5.4143356464919636E-013),(6000.0000000000073,-250.00000000000165,5.4143356464919636E-013),(-1.0896286510516005E-012,249.99999999999949,3500.0000000001683),(3000.0000000000036,249.9999999999973,3500.0000000001683),(3100.0000000000023,249.99999999999949,3500.0000000001683),(6000.0000000000055,249.99999999999949,3500.0000000001683),(6000.0000000000055,249.99999999999949,5.4143356464919636E-013),(5649.9999999999854,249.99999999999949,5.4143356464919636E-013),(5649.99999999999,249.99999999999949,2200.0000000000014),(4149.9999999999955,249.99999999999949,2200.0000000000014),(4149.9999999999955,249.99999999999949,5.4143356464919636E-013),(3100.0000000000023,249.99999999999949,0.),(3000.0000000000036,249.9999999999973,0.),(1.0761056075451849E-012,249.99999999999949,5.4143356464919636E-013)));
#525=IFCPOLYGONALFACESET(#524,.T.,(#514,#515,#516,#517,#518,#519,#520,#521,#522,#523),$);
#526=IFCINDEXEDCOLOURMAP(#525,1.,#513,(1,1,1,1,1,1,1,1,1,1));
#527=IFCSTYLEDITEM(#525,(#64),$);
#528=IFCSHAPEREPRESENTATION(#15,'Body','Tessellation',(#525));
#529=IFCWALL('112HIUctr2yw5OqZgr3kPj',#6,'Basic Wall:Castelnuovo_typeA:1676337',$,$,#502,#506,'1676337',.NOTDEFINED.);
#530=IFCPROPERTYSET('1iOKwYb4DlZxoy$dKADwfA',#6,'Pset_EnvironmentalImpactIndicators',$,(#70));
#531=IFCPROPERTYSINGLEVALUE('Reference',$,IFCLABEL('Castelnuovo_typeA'),$);
#532=IFCPROPERTYSET('0xEHUT8Znu24OYd_9vhrJ3',#6,'Pset_ReinforcementBarPitchOfWall',$,(#531));
#533=IFCPROPERTYSET('2YIpWtWUN8iDJtbzNl7JSH',#6,'Pset_WallCommon',$,(#70,#74,#75,#120));
#534=IFCRELDEFINESBYPROPERTIES('3SShllBQZFfbAvpAhOwF1m',#6,$,$,(#529),#530);
#535=IFCRELDEFINESBYPROPERTIES('2B6fmU9smI7_zX6hF8QNMc',#6,$,$,(#529),#532);
#536=IFCRELDEFINESBYPROPERTIES('1EiaSfLfSXP_8tIOPXXiLr',#6,$,$,(#529),#533);
#537=IFCCARTESIANPOINT((14008.282538609674,-10230.393575990563,0.));
#538=IFCDIRECTION((0.94551857559931674,0.32556815445715664,0.));
#539=IFCAXIS2PLACEMENT3D(#537,#49,#538);
#540=IFCLOCALPLACEMENT(#32,#539);
#541=IFCCARTESIANPOINTLIST3D(((-5.4143356464919636E-013,1.0828671292983927E-012,0.),(7575.5085749515392,1.0828671292983927E-012,0.)));
#542=IFCINDEXEDPOLYCURVE(#541,$,.F.);
#543=IFCSHAPEREPRESENTATION(#14,'Axis','Curve3D',(#542));
#544=IFCPRODUCTDEFINITIONSHAPE($,$,(#543,#581));
#564=IFCCARTESIANPOINTLIST2D(((7403.3447683067097,-249.99999999999974),(7575.508574951541,250.00000000000082),(672.19085614677806,249.99999999999932),(172.16380664483583,250.00000000000171),(4.7883030873663306E-012,-250.00000000000034),(528.81034059333899,-250.00000000000048),(6874.5344277133736,-249.99999999999974),(7403.3447683067097,-249.99999999999974)));
#565=IFCINDEXEDPOLYCURVE(#564,$,.F.);
#566=IFCARBITRARYCLOSEDPROFILEDEF(.AREA.,$,#565);
#567=IFCAXIS2PLACEMENT3D(#10,$,$);
#568=IFCEXTRUDEDAREASOLID(#566,#567,#49,5564.2859498666321);
#569=IFCSTYLEDITEM(#568,(#64),$);
#570=IFCCOLOURRGBLIST(((1.,0.65098039215686276,0.82352941176470584)));
#571=IFCINDEXEDPOLYGONALFACE((1,2,3,4,5,6,7,8));
#572=IFCINDEXEDPOLYGONALFACE((9,10,11,12,13));
#573=IFCINDEXEDPOLYGONALFACE((4,3,2,1,9,13,12));
#574=IFCINDEXEDPOLYGONALFACE((6,5,4,12,11));
#575=IFCINDEXEDPOLYGONALFACE((1,8,7,10,9));
#576=IFCINDEXEDPOLYGONALFACE((7,6,11,10));
#577=IFCCARTESIANPOINTLIST3D(((3.7900349525443742E-012,-249.99999999999949,0.),(528.81034059333899,-249.99999999999949,0.),(6874.5344277133745,-249.99999999999838,0.),(7403.3447683067097,-249.99999999999838,0.),(7403.3447683067097,-249.99999999999838,2399.9999999998322),(7403.3447683067097,-249.99999999999838,2924.7727368500214),(1.6243006939475892E-012,-249.99999999999949,5564.2859498666321),(-5.4143356464919636E-013,-249.99999999999949,4674.4378736301987),(172.16380664483427,250.00000000000057,0.),(172.16380664483808,250.00000000000489,5539.5132130164375),(7575.5085749515374,250.00000000000165,2899.999999999829),(7575.5085749515429,250.00000000000165,0.),(672.19085614677795,250.00000000000057,0.)));
#578=IFCPOLYGONALFACESET(#577,.T.,(#571,#572,#573,#574,#575,#576),$);
#579=IFCINDEXEDCOLOURMAP(#578,1.,#570,(1,1,1,1,1,1));
#580=IFCSTYLEDITEM(#578,(#64),$);
#581=IFCSHAPEREPRESENTATION(#15,'Body','Tessellation',(#578));
#582=IFCWALL('112HIUctr2yw5OqZgr3kPe',#6,'Basic Wall:Castelnuovo_typeA:1676340',$,$,#540,#544,'1676340',.NOTDEFINED.);
#583=IFCAXIS2PLACEMENT3D(#10,$,$);
#585=IFCCARTESIANPOINTLIST2D(((-249.99999999999949,-1100.0000000000011),(249.99999999999949,-1100.0000000000011),(249.99999999999949,1100.0000000000011),(-249.99999999999949,1100.0000000000011),(-249.99999999999949,-1100.0000000000011)));
#586=IFCINDEXEDPOLYCURVE(#585,$,.F.);
#587=IFCARBITRARYCLOSEDPROFILEDEF(.AREA.,'DoorV2',#586);
#588=IFCCARTESIANPOINT((-247.50090189252126,-1736.6831832001551,1100.));
#589=IFCDIRECTION((0.32556815445715664,0.94551857559931674,0.));
#590=IFCDIRECTION((-0.94551857559931674,0.32556815445715664,0.));
#591=IFCAXIS2PLACEMENT3D(#588,#589,#590);
#592=IFCEXTRUDEDAREASOLID(#587,#591,#49,1399.9999999999866);
#593=IFCSHAPEREPRESENTATION(#15,'Body','SweptSolid',(#592));
#594=IFCPRODUCTDEFINITIONSHAPE($,$,(#593));
#595=IFCAXIS2PLACEMENT3D(#10,$,$);
#596=IFCLOCALPLACEMENT(#540,#595);
#597=IFCOPENINGELEMENT('27ydn4ZgWIIGkFEiaMHmdU',#6,'Basic Wall:Castelnuovo_typeA:1676340',$,$,#596,#594,'1721146',.OPENING.);
#598=IFCRELVOIDSELEMENT('1g3uq5SVfLwT9v61w5YSMb',#6,$,$,#582,#597);
#599=IFCPROPERTYSET('0dDl8a1QeBiDKxs6RrSww1',#6,'Pset_EnvironmentalImpactIndicators',$,(#70));
#600=IFCPROPERTYSINGLEVALUE('Reference',$,IFCLABEL('Castelnuovo_typeA'),$);
#601=IFCPROPERTYSET('0UBLSIlW6gGYdTHmMbDDwt',#6,'Pset_ReinforcementBarPitchOfWall',$,(#600));
#602=IFCPROPERTYSET('3ixhS7P1aUFo8pF7yOoHAz',#6,'Pset_WallCommon',$,(#70,#74,#75,#76));
#603=IFCPROPERTYSET('2G_bzVoI_EK8ceF$OixgBw',#6,'Pset_EnvironmentalImpactIndicators',$,(#336));
#604=IFCPROPERTYSET('3zau4x8cSDU0n0L$XYJTfh',#6,'Pset_OpeningElementCommon',$,(#336));
#605=IFCRELDEFINESBYPROPERTIES('1jL$PERj_E8QbzvRlb51uC',#6,$,$,(#582),#599);
#606=IFCRELDEFINESBYPROPERTIES('3JN2u_nEKOGRCqQ74Tfley',#6,$,$,(#582),#601);
#607=IFCRELDEFINESBYPROPERTIES('2qdzwARn_BJ8n8H32gJJOP',#6,$,$,(#582),#602);
#608=IFCRELDEFINESBYPROPERTIES('0b2xpuOX09q0fnsajdPvbK',#6,$,$,(#597),#603);
#609=IFCRELDEFINESBYPROPERTIES('2j2wCM2KKDjiej14hrdmjZ',#6,$,$,(#597),#604);
#610=IFCCARTESIANPOINT((14089.674577223957,-16703.038197492904,0.));
#611=IFCAXIS2PLACEMENT3D(#610,$,$);
#612=IFCLOCALPLACEMENT(#32,#611);
#613=IFCCARTESIANPOINTLIST3D(((-2.9999071066416131E-013,0.,-1.0828671292983927E-012),(7000.00000000002,0.,-1.0828671292983927E-012)));
#614=IFCINDEXEDPOLYCURVE(#613,$,.F.);
#615=IFCSHAPEREPRESENTATION(#14,'Axis','Curve3D',(#614));
#616=IFCPRODUCTDEFINITIONSHAPE($,$,(#615,#662));
#637=IFCCARTESIANPOINTLIST2D(((7000.0000000000036,-250.00000000000165),(7000.0000000000018,249.99999999999949),(6500.0000000000027,250.00000000000009),(499.99999999999818,249.99999999999886),(-7.7347652092742176E-013,249.99999999999949),(7.7347652092742842E-013,-250.00000000000165),(7000.0000000000036,-250.00000000000165)));
#638=IFCINDEXEDPOLYCURVE(#637,$,.F.);
#639=IFCARBITRARYCLOSEDPROFILEDEF(.AREA.,$,#638);
#640=IFCAXIS2PLACEMENT3D(#10,$,$);
#641=IFCEXTRUDEDAREASOLID(#639,#640,#49,4674.4378736302024);
#642=IFCSTYLEDITEM(#641,(#64),$);
#643=IFCCOLOURRGBLIST(((1.,0.65098039215686276,0.82352941176470584)));
#644=IFCINDEXEDPOLYGONALFACEWITHVOIDS((1,2,3,4),((5,6,7,8),(9,10,11,12)));
#645=IFCINDEXEDPOLYGONALFACEWITHVOIDS((13,14,15,16,17,18,19,20),((21,22,23,24),(25,26,27,28)));
#646=IFCINDEXEDPOLYGONALFACE((2,1,13,20,19,18));
#647=IFCINDEXEDPOLYGONALFACE((3,2,18,17));
#648=IFCINDEXEDPOLYGONALFACE((1,4,14,13));
#649=IFCINDEXEDPOLYGONALFACE((4,3,17,16,15,14));
#650=IFCINDEXEDPOLYGONALFACE((22,21,5,8));
#651=IFCINDEXEDPOLYGONALFACE((23,22,8,7));
#652=IFCINDEXEDPOLYGONALFACE((24,23,7,6));
#653=IFCINDEXEDPOLYGONALFACE((21,24,6,5));
#654=IFCINDEXEDPOLYGONALFACE((26,25,9,12));
#655=IFCINDEXEDPOLYGONALFACE((27,26,12,11));
#656=IFCINDEXEDPOLYGONALFACE((28,27,11,10));
#657=IFCINDEXEDPOLYGONALFACE((25,28,10,9));
#658=IFCCARTESIANPOINTLIST3D(((4.7348581026327085E-013,-250.00000000000381,-1.0828671292983927E-012),(7000.0000000000027,-250.00000000000165,-1.0828671292983927E-012),(7000.0000000000027,-250.00000000000165,2399.9999999998377),(4.7348581026327085E-013,-250.00000000000381,4674.4378736302024),(2800.0000000000027,-249.99999999999949,399.99999999999892),(1400.0000000000007,-250.00000000000165,399.99999999999892),(1400.0000000000007,-250.00000000000165,1899.999999999998),(2800.0000000000027,-249.99999999999949,1899.999999999998),(5244.3682623147624,-249.99999999999949,399.99999999999892),(3844.3682623147652,-249.99999999999949,399.99999999999892),(3844.3682623147652,-249.99999999999949,1899.999999999998),(5244.3682623147624,-249.99999999999949,1899.999999999998),(-1.0734672315915857E-012,249.99999999999949,-1.0828671292983927E-012),(-1.0734672315915857E-012,249.99999999999949,4674.4378736302024),(499.99999999999784,249.99999999999949,4511.9780255137484),(6500.0000000000027,249.99999999999949,2562.4598481162916),(7000.0000000000146,249.99999999999949,2399.9999999998336),(7000.0000000000018,249.99999999999949,-1.0828671292983927E-012),(6500.0000000000027,249.99999999999949,-1.0828671292983927E-012),(499.99999999999784,249.99999999999949,-1.0828671292983927E-012),(2800.0000000000014,249.99999999999949,399.99999999999892),(2800.0000000000014,249.99999999999949,1899.999999999998),(1400.0000000000011,249.99999999999949,1899.999999999998),(1400.0000000000011,249.99999999999949,399.99999999999892),(5244.3682623147661,250.00000000000165,399.99999999999892),(5244.3682623147661,250.00000000000165,1899.999999999998),(3844.3682623147656,249.99999999999949,1899.999999999998),(3844.3682623147656,249.99999999999949,399.99999999999892)));
#659=IFCPOLYGONALFACESET(#658,.T.,(#644,#645,#646,#647,#648,#649,#650,#651,#652,#653,#654,#655,#656,#657),$);
#660=IFCINDEXEDCOLOURMAP(#659,1.,#643,(1,1,1,1,1,1,1,1,1,1,1,1,1,1));
#661=IFCSTYLEDITEM(#659,(#64),$);
#662=IFCSHAPEREPRESENTATION(#15,'Body','Tessellation',(#659));
#663=IFCWALL('112HIUctr2yw5OqZgr3kPf',#6,'Basic Wall:Castelnuovo_typeA:1676341',$,$,#612,#616,'1676341',.NOTDEFINED.);
#664=IFCPROPERTYSET('1bCz1d3$pgoRZu4LqawQYQ',#6,'Pset_EnvironmentalImpactIndicators',$,(#70));
#665=IFCPROPERTYSINGLEVALUE('Reference',$,IFCLABEL('Castelnuovo_typeA'),$);
#666=IFCPROPERTYSET('1CWypeiSJw4u4SeVXcsKwS',#6,'Pset_ReinforcementBarPitchOfWall',$,(#665));
#667=IFCPROPERTYSET('2a$TFAb1rHlJCq9VtAirdT',#6,'Pset_WallCommon',$,(#70,#74,#75,#76));
#668=IFCRELDEFINESBYPROPERTIES('1ofk5zm4hb7OFOyhUZlCCN',#6,$,$,(#663),#664);
#669=IFCRELDEFINESBYPROPERTIES('0qaljqZZA6M_acN326ODAL',#6,$,$,(#663),#666);
#670=IFCRELDEFINESBYPROPERTIES('1jnXWwERHWJh$hjjPb77oH',#6,$,$,(#663),#667);
#671=IFCCARTESIANPOINT((20839.674577223959,-16453.038197492926,0.));
#672=IFCAXIS2PLACEMENT3D(#671,#49,#126);
#673=IFCLOCALPLACEMENT(#32,#672);
#674=IFCCARTESIANPOINTLIST3D(((0.,7.6022910962397071E-014,0.),(8396.5582706301957,-1.815153884027575E-012,0.)));
#675=IFCINDEXEDPOLYCURVE(#674,$,.F.);
#676=IFCSHAPEREPRESENTATION(#14,'Axis','Curve3D',(#675));
#677=IFCPRODUCTDEFINITIONSHAPE($,$,(#676,#772));
#699=IFCCARTESIANPOINTLIST2D(((8396.5582706301957,-250.00000000000136),(8224.3944639853635,249.99999999999727),(4370.6909928935338,249.99999999999883),(3870.6909928935333,249.99999999999793),(1.7061799752729753E-012,249.99999999999949),(4.595542833238101E-013,-249.99999999999949),(8396.5582706301957,-250.00000000000136)));
#700=IFCINDEXEDPOLYCURVE(#699,$,.F.);
#701=IFCARBITRARYCLOSEDPROFILEDEF(.AREA.,$,#700);
#702=IFCAXIS2PLACEMENT3D(#10,$,$);
#703=IFCEXTRUDEDAREASOLID(#701,#702,#49,2562.4598481162925);
#704=IFCSTYLEDITEM(#703,(#64),$);
#705=IFCCOLOURRGBLIST(((1.,0.65098039215686276,0.82352941176470584)));
#706=IFCINDEXEDPOLYGONALFACEWITHVOIDS((1,2,3,4),((7,8,9,10,11,12,13,14,15,16,17,18,19,20,21,22,23,24,25,26,27,28,29,30,5,6),(58,59,60,57),(32,33,34,35,36,37,38,39,40,41,42,43,44,45,46,47,48,49,50,51,52,53,54,55,56,31)));
#707=IFCINDEXEDPOLYGONALFACEWITHVOIDS((66,67,68,61,62,63,64,65),((96,97,98,99,100,101,102,103,104,105,106,107,108,109,110,111,112,113,114,115,116,117,118,119,120,95),(121,122,123,124),(69,70,71,72,73,74,75,76,77,78,79,80,81,82,83,84,85,86,87,88,89,90,91,92,93,94)));
#708=IFCINDEXEDPOLYGONALFACE((2,1,61,68,67,66));
#709=IFCINDEXEDPOLYGONALFACE((19,18,82,81));
#710=IFCINDEXEDPOLYGONALFACE((45,44,108,107));
#711=IFCINDEXEDPOLYGONALFACE((123,122,60,59));
#712=IFCINDEXEDPOLYGONALFACE((3,2,66,65));
#713=IFCINDEXEDPOLYGONALFACE((61,1,4,62));
#714=IFCINDEXEDPOLYGONALFACE((70,69,5,30));
#715=IFCINDEXEDPOLYGONALFACE((96,95,31,56));
#716=IFCINDEXEDPOLYGONALFACE((122,121,57,60));
#717=IFCINDEXEDPOLYGONALFACE((62,4,3,65,64,63));
#718=IFCINDEXEDPOLYGONALFACE((72,28,27,73));
#719=IFCINDEXEDPOLYGONALFACE((98,54,53,99));
#720=IFCINDEXEDPOLYGONALFACE((73,27,26,74));
#721=IFCINDEXEDPOLYGONALFACE((99,53,52,100));
#722=IFCINDEXEDPOLYGONALFACE((71,70,30,29));
#723=IFCINDEXEDPOLYGONALFACE((97,96,56,55));
#724=IFCINDEXEDPOLYGONALFACE((71,29,28,72));
#725=IFCINDEXEDPOLYGONALFACE((97,55,54,98));
#726=IFCINDEXEDPOLYGONALFACE((75,74,26,25));
#727=IFCINDEXEDPOLYGONALFACE((101,100,52,51));
#728=IFCINDEXEDPOLYGONALFACE((79,78,22,21));
#729=IFCINDEXEDPOLYGONALFACE((105,104,48,47));
#730=IFCINDEXEDPOLYGONALFACE((80,79,21,20));
#731=IFCINDEXEDPOLYGONALFACE((106,105,47,46));
#732=IFCINDEXEDPOLYGONALFACE((77,76,24,23));
#733=IFCINDEXEDPOLYGONALFACE((103,102,50,49));
#734=IFCINDEXEDPOLYGONALFACE((78,77,23,22));
#735=IFCINDEXEDPOLYGONALFACE((104,103,49,48));
#736=IFCINDEXEDPOLYGONALFACE((75,25,24,76));
#737=IFCINDEXEDPOLYGONALFACE((101,51,50,102));
#738=IFCINDEXEDPOLYGONALFACE((81,80,20,19));
#739=IFCINDEXEDPOLYGONALFACE((107,106,46,45));
#740=IFCINDEXEDPOLYGONALFACE((84,16,15,85));
#741=IFCINDEXEDPOLYGONALFACE((110,42,41,111));
#742=IFCINDEXEDPOLYGONALFACE((85,15,14,86));
#743=IFCINDEXEDPOLYGONALFACE((111,41,40,112));
#744=IFCINDEXEDPOLYGONALFACE((83,82,18,17));
#745=IFCINDEXEDPOLYGONALFACE((109,108,44,43));
#746=IFCINDEXEDPOLYGONALFACE((83,17,16,84));
#747=IFCINDEXEDPOLYGONALFACE((109,43,42,110));
#748=IFCINDEXEDPOLYGONALFACE((87,86,14,13));
#749=IFCINDEXEDPOLYGONALFACE((113,112,40,39));
#750=IFCINDEXEDPOLYGONALFACE((91,90,10,9));
#751=IFCINDEXEDPOLYGONALFACE((117,116,36,35));
#752=IFCINDEXEDPOLYGONALFACE((92,91,9,8));
#753=IFCINDEXEDPOLYGONALFACE((118,117,35,34));
#754=IFCINDEXEDPOLYGONALFACE((89,88,12,11));
#755=IFCINDEXEDPOLYGONALFACE((115,114,38,37));
#756=IFCINDEXEDPOLYGONALFACE((90,89,11,10));
#757=IFCINDEXEDPOLYGONALFACE((116,115,37,36));
#758=IFCINDEXEDPOLYGONALFACE((87,13,12,88));
#759=IFCINDEXEDPOLYGONALFACE((113,39,38,114));
#760=IFCINDEXEDPOLYGONALFACE((93,92,8,7));
#761=IFCINDEXEDPOLYGONALFACE((119,118,34,33));
#762=IFCINDEXEDPOLYGONALFACE((94,93,7,6));
#763=IFCINDEXEDPOLYGONALFACE((120,119,33,32));
#764=IFCINDEXEDPOLYGONALFACE((124,123,59,58));
#765=IFCINDEXEDPOLYGONALFACE((69,94,6,5));
#766=IFCINDEXEDPOLYGONALFACE((95,120,32,31));
#767=IFCINDEXEDPOLYGONALFACE((121,124,58,57));
#768=IFCCARTESIANPOINTLIST3D(((0.,-249.9999999999994,0.),(8396.5582706301957,-250.00000000000131,0.),(8396.5582706301957,-250.00000000000131,2399.9999999998322),(0.,-249.9999999999994,2399.999999999839),(3600.000000000035,-250.00000000000145,455.90000000000032),(2299.9999999999686,-249.99999999999952,455.90000000000032),(2299.9999999999686,-249.99999999999952,1455.8999999999983),(2306.054135076356,-249.99999999999949,1544.408321912563),(2324.1037632239008,-249.99999999999949,1631.2679012520728),(2353.8126540214271,-249.9999999999994,1714.8607084000682),(2394.6273870447576,-249.99999999999935,1793.6295675230469),(2445.787661042104,-249.99999999999923,1866.1071638119529),(2506.3404569078543,-249.99999999999915,1930.9433767808032),(2575.1577906253201,-249.99999999999901,1986.9304304568122),(2650.9577254747383,-249.99999999999886,2033.0253919615709),(2732.3282520888506,-249.99999999999869,2068.3695993772626),(2817.7535915157832,-249.99999999999855,2092.3046569935404),(2905.6424313129646,-249.99999999999838,2104.3846999738821),(2994.3575686870413,-249.99999999999821,2104.3846999738821),(3082.2464084842204,-250.00000000000239,2092.3046569935404),(3167.6717479111553,-250.00000000000225,2068.3695993772626),(3249.0422745252672,-250.00000000000207,2033.0253919615718),(3324.8422093746858,-250.00000000000193,1986.9304304568134),(3393.6595430921493,-250.00000000000182,1930.9433767808032),(3454.2123389579019,-250.00000000000171,1866.107163811954),(3505.3726129552483,-250.00000000000162,1793.6295675230481),(3546.1873459785766,-250.00000000000153,1714.8607084000694),(3575.8962367761046,-250.00000000000151,1631.2679012520739),(3593.9458649236499,-250.00000000000148,1544.4083219125641),(3600.000000000035,-250.00000000000145,1455.9000000000003),(7570.6909928935665,-249.99999999999849,455.90000000000032),(6270.6909928935011,-250.00000000000085,455.90000000000032),(6270.6909928935011,-250.00000000000085,1455.8999999999983),(6276.7451279698862,-250.00000000000085,1544.408321912563),(6294.7947561174333,-250.00000000000082,1631.2679012520728),(6324.50364691496,-250.00000000000077,1714.8607084000682),(6365.3183799382878,-250.00000000000068,1793.6295675230469),(6416.4786539356364,-250.0000000000006,1866.1071638119529),(6477.0314498013868,-250.00000000000048,1930.9433767808032),(6545.8487835188507,-250.00000000000034,1986.9304304568122),(6621.6487183682711,-250.00000000000023,2033.0253919615709),(6703.0192449823808,-250.00000000000009,2068.3695993772626),(6788.4445844093143,-249.99999999999991,2092.3046569935404),(6876.3334242064948,-249.99999999999974,2104.3846999738821),(6965.0485615805719,-249.99999999999957,2104.3846999738821),(7052.9374013777524,-249.99999999999943,2092.3046569935404),(7138.3627408046841,-249.99999999999926,2068.3695993772626),(7219.7332674187965,-249.99999999999915,2033.0253919615718),(7295.5332022682151,-249.99999999999898,1986.9304304568134),(7364.3505359856808,-249.99999999999886,1930.9433767808032),(7424.9033318514312,-249.99999999999872,1866.107163811954),(7476.0636058487789,-249.99999999999866,1793.6295675230481),(7516.8783388721076,-249.99999999999855,1714.8607084000694),(7546.5872296696343,-249.99999999999852,1631.2679012520739),(7564.6368578171814,-249.99999999999849,1544.4083219125641),(7570.6909928935665,-249.99999999999849,1455.9000000000003),(5970.6909928935374,-250.00000000000139,399.99999999999892),(4570.6909928935365,-249.99999999999963,399.99999999999892),(4570.6909928935365,-249.99999999999963,1899.9999999999991),(5970.6909928935374,-250.00000000000139,1899.9999999999991),(0.,249.99999999999955,0.),(0.,249.99999999999955,2562.4598481162925),(3870.6909928935315,249.99999999999801,2562.4598481162907),(4370.6909928935329,249.99999999999892,2562.4598481162907),(8224.3944639853617,249.99999999999736,2562.4598481162861),(8224.3944639853617,249.99999999999736,0.),(4370.6909928935329,249.99999999999892,0.),(3870.6909928935315,249.99999999999801,0.),(3600.0000000000327,249.9999999999975,455.90000000000032),(3600.000000000035,249.9999999999975,1455.8999999999994),(3593.9458649236476,249.99999999999747,1544.4083219125641),(3575.8962367761028,249.99999999999744,1631.2679012520739),(3546.1873459785743,249.99999999999741,1714.8607084000694),(3505.372612955246,249.99999999999736,1793.6295675230481),(3454.2123389578996,249.99999999999724,1866.107163811954),(3393.659543092147,249.99999999999713,1930.9433767808032),(3324.8422093746835,249.99999999999702,1986.9304304568134),(3249.0422745252654,249.99999999999687,2033.0253919615718),(3167.671747911153,249.9999999999967,2068.3695993772626),(3082.2464084842181,249.99999999999656,2092.3046569935404),(2994.357568687039,250.00000000000074,2104.3846999738821),(2905.6424313129623,250.00000000000057,2104.3846999738821),(2817.753591515781,250.0000000000004,2092.3046569935404),(2732.3282520888483,250.00000000000026,2068.3695993772626),(2650.9577254747364,250.00000000000009,2033.0253919615709),(2575.1577906253178,249.99999999999994,1986.9304304568122),(2506.3404569078525,249.9999999999998,1930.9433767808032),(2445.7876610421017,249.99999999999972,1866.1071638119529),(2394.6273870447553,249.9999999999996,1793.6295675230469),(2353.8126540214253,249.99999999999955,1714.8607084000682),(2324.103763223899,249.99999999999949,1631.2679012520728),(2306.0541350763538,249.99999999999949,1544.408321912563),(2299.9999999999668,249.99999999999943,1455.8999999999983),(2299.9999999999668,249.99999999999943,455.90000000000032),(7570.6909928935656,250.00000000000045,455.90000000000032),(7570.6909928935656,250.00000000000045,1455.8999999999994),(7564.6368578171805,250.00000000000045,1544.4083219125641),(7546.5872296696334,250.00000000000043,1631.2679012520739),(7516.8783388721067,250.0000000000004,1714.8607084000694),(7476.063605848778,250.00000000000028,1793.6295675230481),(7424.9033318514303,250.00000000000023,1866.107163811954),(7364.3505359856799,250.00000000000009,1930.9433767808032),(7295.5332022682142,249.99999999999997,1986.9304304568134),(7219.7332674187955,249.9999999999998,2033.0253919615718),(7138.3627408046832,249.99999999999969,2068.3695993772626),(7052.9374013777506,249.99999999999952,2092.3046569935404),(6965.048561580571,249.99999999999937,2104.3846999738821),(6876.3334242064939,249.9999999999992,2104.3846999738821),(6788.4445844093134,249.99999999999903,2092.3046569935404),(6703.0192449823799,249.99999999999886,2068.3695993772626),(6621.6487183682684,249.99999999999872,2033.0253919615709),(6545.848783518848,249.99999999999861,1986.9304304568122),(6477.031449801385,249.99999999999847,1930.9433767808032),(6416.4786539356346,249.99999999999835,1866.1071638119529),(6365.3183799382859,249.99999999999827,1793.6295675230469),(6324.5036469149582,249.99999999999818,1714.8607084000682),(6294.7947561174315,249.99999999999812,1631.2679012520728),(6276.7451279698844,249.9999999999981,1544.408321912563),(6270.6909928934992,249.9999999999981,1455.8999999999983),(6270.6909928934992,249.9999999999981,455.90000000000032),(5970.6909928935347,249.99999999999756,399.99999999999892),(5970.6909928935347,249.99999999999756,1899.9999999999991),(4570.6909928935347,249.99999999999932,1899.9999999999991),(4570.6909928935347,249.99999999999932,399.99999999999892)));
#769=IFCPOLYGONALFACESET(#768,.T.,(#706,#707,#708,#709,#710,#711,#712,#713,#714,#715,#716,#717,#718,#719,#720,#721,#722,#723,#724,#725,#726,#727,#728,#729,#730,#731,#732,#733,#734,#735,#736,#737,#738,#739,#740,#741,#742,#743,#744,#745,#746,#747,#748,#749,#750,#751,#752,#753,#754,#755,#756,#757,#758,#759,#760,#761,#762,#763,#764,#765,#766,#767),$);
#770=IFCINDEXEDCOLOURMAP(#769,1.,#705,(1,1,1,1,1,1,1,1,1,1,1,1,1,1,1,1,1,1,1,1,1,1,1,1,1,1,1,1,1,1,1,1,1,1,1,1,1,1,1,1,1,1,1,1,1,1,1,1,1,1,1,1,1,1,1,1,1,1,1,1,1,1));
#771=IFCSTYLEDITEM(#769,(#64),$);
#772=IFCSHAPEREPRESENTATION(#15,'Body','Tessellation',(#769));
#773=IFCWALL('112HIUctr2yw5OqZgr3kPg',#6,'Basic Wall:Castelnuovo_typeA:1676342',$,$,#673,#677,'1676342',.NOTDEFINED.);
#774=IFCPROPERTYSET('0Mdluu1RV6Y35x6e_xIGgZ',#6,'Pset_EnvironmentalImpactIndicators',$,(#70));
#775=IFCPROPERTYSINGLEVALUE('Reference',$,IFCLABEL('Castelnuovo_typeA'),$);
#776=IFCPROPERTYSET('1aqUdJf_ozYDgnbNcqa8gs',#6,'Pset_ReinforcementBarPitchOfWall',$,(#775));
#777=IFCPROPERTYSET('1L9gLh7lfDjJ_xri0a4JNq',#6,'Pset_WallCommon',$,(#70,#74,#75,#76));
#778=IFCRELDEFINESBYPROPERTIES('2BahE99$7g72qHNTkFto5w',#6,$,$,(#773),#774);
#779=IFCRELDEFINESBYPROPERTIES('1HUoCZZaQCqKPoYCDMj4CM',#6,$,$,(#773),#776);
#780=IFCRELDEFINESBYPROPERTIES('1odNgyUn3TUiHkxSHAgBUp',#6,$,$,(#773),#777);
#781=IFCCARTESIANPOINT((14339.674577223957,-16453.038197492908,0.));
#782=IFCAXIS2PLACEMENT3D(#781,#49,#126);
#783=IFCLOCALPLACEMENT(#32,#782);
#784=IFCCARTESIANPOINTLIST3D(((0.,5.9142984491142686E-013,-1.0828671292983927E-012),(6158.4287842473477,-7.309142939093166E-013,-1.0828671292983927E-012)));
#785=IFCINDEXEDPOLYCURVE(#784,$,.F.);
#786=IFCSHAPEREPRESENTATION(#14,'Axis','Curve3D',(#785));
#787=IFCPRODUCTDEFINITIONSHAPE($,$,(#786,#834));
#809=IFCCARTESIANPOINTLIST2D(((3.8590716427863102E-013,-249.99999999999949),(3870.6909928935343,-249.99999999999997),(4370.6909928935356,-249.99999999999923),(6158.4287842473477,-250.0000000000008),(5986.2649776025155,249.9999999999979),(1.7798270943181812E-012,249.99999999998215),(3.8590716427863102E-013,-249.99999999999949)));
#810=IFCINDEXEDPOLYCURVE(#809,$,.F.);
#811=IFCARBITRARYCLOSEDPROFILEDEF(.AREA.,$,#810);
#812=IFCAXIS2PLACEMENT3D(#10,$,$);
#813=IFCEXTRUDEDAREASOLID(#811,#812,#49,4674.4378736302024);
#814=IFCSTYLEDITEM(#813,(#64),$);
#815=IFCCOLOURRGBLIST(((1.,0.65098039215686276,0.82352941176470584)));
#816=IFCINDEXEDPOLYGONALFACEWITHVOIDS((1,2,3,4,5,6,7,8,9,10,11,12),((13,14,15,16)));
#817=IFCINDEXEDPOLYGONALFACEWITHVOIDS((17,18,19,20,21,22,23,24),((25,26,27,28)));
#818=IFCINDEXEDPOLYGONALFACE((6,23,22,9,8,7));
#819=IFCINDEXEDPOLYGONALFACE((1,18,17,2));
#820=IFCINDEXEDPOLYGONALFACE((23,6,5,24));
#821=IFCINDEXEDPOLYGONALFACE((5,4,3,2,17,24));
#822=IFCINDEXEDPOLYGONALFACE((11,20,19,12));
#823=IFCINDEXEDPOLYGONALFACE((20,11,10,21));
#824=IFCINDEXEDPOLYGONALFACE((21,10,9,22));
#825=IFCINDEXEDPOLYGONALFACE((14,13,25,28));
#826=IFCINDEXEDPOLYGONALFACE((15,14,28,27));
#827=IFCINDEXEDPOLYGONALFACE((16,15,27,26));
#828=IFCINDEXEDPOLYGONALFACE((13,16,26,25));
#829=IFCINDEXEDPOLYGONALFACE((18,1,12,19));
#830=IFCCARTESIANPOINTLIST3D(((6158.4287842473477,-250.00000000000023,-1.0828671292983927E-012),(6158.4287842473477,-250.00000000000023,4511.9780255137439),(4370.6909928935347,-249.99999999999864,4511.9780255137439),(3870.6909928935338,-249.9999999999994,4511.9780255137457),(2.1657342585967854E-012,-249.99999999999889,4511.9780255137484),(2.1657342585967854E-012,-249.99999999999889,-1.0828671292983927E-012),(3870.6909928935338,-249.9999999999994,-1.0828671292983927E-012),(4370.6909928935347,-249.99999999999864,-1.0828671292983927E-012),(4500.0000000000118,-250.0000000000006,-1.0828671292983927E-012),(4500.0000000000118,-250.0000000000006,2200.),(5900.0000000000018,-250.0000000000006,2200.),(5899.9999999999991,-250.0000000000006,-1.0828671292983927E-012),(4570.6909928935347,-250.00000000000048,2899.9999999998304),(4570.6909928935347,-250.00000000000048,4199.999999999829),(5770.6909928935347,-249.99999999999864,4199.999999999829),(5770.6909928935347,-249.99999999999864,2899.9999999998304),(5986.2649776025155,249.99999999999849,4674.4378736301978),(5986.2649776025155,249.99999999999849,-1.0828671292983927E-012),(5900.0000000000018,249.99999999999835,-1.0828671292983927E-012),(5900.0000000000018,250.00000000000051,2200.),(4500.0000000000146,249.99999999999835,2200.),(4500.0000000000146,249.99999999999835,-1.0828671292983927E-012),(2.1657342585967854E-012,250.00000000000006,-1.0828671292983927E-012),(2.1657342585967854E-012,249.99999999999355,4674.4378736301996),(4570.6909928935347,249.99999999999847,2899.9999999998304),(5770.6909928935347,250.00000000000031,2899.9999999998304),(5770.6909928935347,250.00000000000031,4199.999999999829),(4570.6909928935347,249.99999999999847,4199.999999999829)));
#831=IFCPOLYGONALFACESET(#830,.T.,(#816,#817,#818,#819,#820,#821,#822,#823,#824,#825,#826,#827,#828,#829),$);
#832=IFCINDEXEDCOLOURMAP(#831,1.,#815,(1,1,1,1,1,1,1,1,1,1,1,1,1,1));
#833=IFCSTYLEDITEM(#831,(#64),$);
#834=IFCSHAPEREPRESENTATION(#15,'Body','Tessellation',(#831));
#835=IFCWALL('112HIUctr2yw5OqZgr3kPh',#6,'Basic Wall:Castelnuovo_typeA:1676343',$,$,#783,#787,'1676343',.NOTDEFINED.);
#836=IFCPROPERTYSET('0IuEBFxX3FJAFB1Qg4v7HH',#6,'Pset_EnvironmentalImpactIndicators',$,(#70));
#837=IFCPROPERTYSINGLEVALUE('Reference',$,IFCLABEL('Castelnuovo_typeA'),$);
#838=IFCPROPERTYSET('34zj_g1GYk5Xvo6jKgKTKu',#6,'Pset_ReinforcementBarPitchOfWall',$,(#837));
#839=IFCPROPERTYSET('2UxjbPqX6jCoGQqr8nslm9',#6,'Pset_WallCommon',$,(#70,#74,#75,#76));
#840=IFCRELDEFINESBYPROPERTIES('0RZfAhd6lWEztCQKjx36P3',#6,$,$,(#835),#836);
#841=IFCRELDEFINESBYPROPERTIES('0kx$wgLSkejv736LRFOw9U',#6,$,$,(#835),#838);
#842=IFCRELDEFINESBYPROPERTIES('0fEn3wLyr4jx6osVyGgFgi',#6,$,$,(#835),#839);
#843=IFCCARTESIANPOINT((14589.674577223963,-12332.347204599371,-0.));
#844=IFCAXIS2PLACEMENT3D(#843,$,$);
#845=IFCLOCALPLACEMENT(#32,#844);
#846=IFCCARTESIANPOINTLIST3D(((-3.0555939360497073E-013,0.,1.0828671292983927E-012),(6000.0000000000073,0.,1.0828671292983927E-012)));
#847=IFCINDEXEDPOLYCURVE(#846,$,.F.);
#848=IFCSHAPEREPRESENTATION(#14,'Axis','Curve3D',(#847));
#849=IFCPRODUCTDEFINITIONSHAPE($,$,(#848,#889));
#868=IFCCARTESIANPOINTLIST2D(((7.8406925744663841E-013,-250.00000000000165),(6000.0000000000082,-250.00000000000233),(6000.0000000000055,249.99999999999881),(-7.8406925744663155E-013,249.99999999999949),(7.8406925744663841E-013,-250.00000000000165)));
#869=IFCINDEXEDPOLYCURVE(#868,$,.F.);
#870=IFCARBITRARYCLOSEDPROFILEDEF(.AREA.,$,#869);
#871=IFCAXIS2PLACEMENT3D(#10,$,$);
#872=IFCEXTRUDEDAREASOLID(#870,#871,#49,4511.9780255137484);
#873=IFCSTYLEDITEM(#872,(#64),$);
#874=IFCCOLOURRGBLIST(((1.,0.65098039215686276,0.82352941176470584)));
#875=IFCINDEXEDPOLYGONALFACE((1,2,3,4,5,6,7,8));
#876=IFCINDEXEDPOLYGONALFACE((9,10,11,12,13,14,15,16));
#877=IFCINDEXEDPOLYGONALFACE((11,10,2,1));
#878=IFCINDEXEDPOLYGONALFACE((7,6,14,13));
#879=IFCINDEXEDPOLYGONALFACE((1,8,12,11));
#880=IFCINDEXEDPOLYGONALFACE((8,7,13,12));
#881=IFCINDEXEDPOLYGONALFACE((3,2,10,9));
#882=IFCINDEXEDPOLYGONALFACE((4,3,9,16));
#883=IFCINDEXEDPOLYGONALFACE((5,4,16,15));
#884=IFCINDEXEDPOLYGONALFACE((15,14,6,5));
#885=IFCCARTESIANPOINTLIST3D(((4.7850986384166673E-013,-250.00000000000165,1.0828671292983927E-012),(4149.9999999999973,-250.00000000000165,1.0828671292983927E-012),(4149.9999999999973,-250.00000000000165,2200.0000000000023),(5649.9999999999873,-250.00000000000165,2200.0000000000023),(5649.9999999999873,-250.00000000000165,1.0828671292983927E-012),(6000.0000000000073,-250.00000000000165,1.0828671292983927E-012),(6000.0000000000073,-250.00000000000165,2562.4598481162916),(4.7850986384166673E-013,-250.00000000000165,4511.9780255137484),(4149.9999999999955,249.99999999999949,2200.0000000000023),(4149.9999999999955,249.99999999999949,1.0828671292983927E-012),(1.0761056075451849E-012,249.99999999999949,1.0828671292983927E-012),(-1.0896286510516005E-012,249.99999999999949,4511.9780255137484),(6000.0000000000055,249.99999999999949,2562.4598481162916),(6000.0000000000055,249.99999999999949,1.0828671292983927E-012),(5649.9999999999854,249.99999999999949,1.0828671292983927E-012),(5649.9999999999854,249.99999999999949,2200.0000000000023)));
#886=IFCPOLYGONALFACESET(#885,.T.,(#875,#876,#877,#878,#879,#880,#881,#882,#883,#884),$);
#887=IFCINDEXEDCOLOURMAP(#886,1.,#874,(1,1,1,1,1,1,1,1,1,1));
#888=IFCSTYLEDITEM(#886,(#64),$);
#889=IFCSHAPEREPRESENTATION(#15,'Body','Tessellation',(#886));
#890=IFCWALL('112HIUctr2yw5OqZgr3kPa',#6,'Basic Wall:Castelnuovo_typeA:1676344',$,$,#845,#849,'1676344',.NOTDEFINED.);
#891=IFCPROPERTYSET('0h$B24I4jL7ie_NxkdtbHE',#6,'Pset_EnvironmentalImpactIndicators',$,(#70));
#892=IFCPROPERTYSINGLEVALUE('Reference',$,IFCLABEL('Castelnuovo_typeA'),$);
#893=IFCPROPERTYSET('3UQ9R1li3C8TS3AuF8DVcQ',#6,'Pset_ReinforcementBarPitchOfWall',$,(#892));
#894=IFCPROPERTYSET('1oV_wGozNXFECzDQNy0_6d',#6,'Pset_WallCommon',$,(#70,#74,#75,#76));
#895=IFCRELDEFINESBYPROPERTIES('3iBlygosH3avMsoDJp6JDd',#6,$,$,(#890),#891);
#896=IFCRELDEFINESBYPROPERTIES('3dxfxdHWnYBfidRzFIuG6i',#6,$,$,(#890),#893);
#897=IFCRELDEFINESBYPROPERTIES('0xvpxab5hdBpIeDNSJu7Z4',#6,$,$,(#890),#894);
#898=IFCCARTESIANPOINT((6253.026350501952,7455.0449953661391,-1500.));
#899=IFCDIRECTION((0.88140092832803951,0.47236892736765629,0.));
#900=IFCAXIS2PLACEMENT3D(#898,#49,#899);
#901=IFCLOCALPLACEMENT(#24,#900);
#902=IFCCARTESIANPOINTLIST3D(((0.,0.,0.),(7212.0660127070778,-1.0828671292983927E-012,0.)));
#903=IFCINDEXEDPOLYCURVE(#902,$,.F.);
#904=IFCSHAPEREPRESENTATION(#14,'Axis','Curve3D',(#903));
#905=IFCPRODUCTDEFINITIONSHAPE($,$,(#904,#930));
#906=IFCCARTESIANPOINTLIST2D(((7212.066012707076,249.99999999999949),(6.5987215691620808E-013,250.00000000000023),(-6.5987215691620808E-013,-250.00000000000023),(7212.0660127070751,-250.00000000000057),(7212.066012707076,249.99999999999949)));
#907=IFCINDEXEDPOLYCURVE(#906,$,.F.);
#908=IFCARBITRARYCLOSEDPROFILEDEF(.AREA.,$,#907);
#909=IFCAXIS2PLACEMENT3D(#10,$,$);
#910=IFCEXTRUDEDAREASOLID(#908,#909,#49,5600.);
#911=IFCCOLOURRGB($,0.,0.80784313725490198,0.40392156862745099);
#912=IFCSURFACESTYLERENDERING(#911,0.,$,$,$,$,IFCNORMALISEDRATIOMEASURE(0.5),IFCSPECULAREXPONENT(64.),.NOTDEFINED.);
#913=IFCSURFACESTYLE('Tufelli_masonry_typeC',.BOTH.,(#912));
#914=IFCSTYLEDITEM(#910,(#913),$);
#915=IFCCOLOURRGBLIST(((0.,0.80784313725490198,0.40392156862745099)));
#916=IFCINDEXEDPOLYGONALFACEWITHVOIDS((1,2,3,4,5,6,7,8),((9,10,11,12)));
#917=IFCINDEXEDPOLYGONALFACEWITHVOIDS((13,14,15,16),((17,18,19,20)));
#918=IFCINDEXEDPOLYGONALFACE((4,3,2,1,14,13));
#919=IFCINDEXEDPOLYGONALFACE((8,7,6,5,16,15));
#920=IFCINDEXEDPOLYGONALFACE((1,8,15,14));
#921=IFCINDEXEDPOLYGONALFACE((5,4,13,16));
#922=IFCINDEXEDPOLYGONALFACE((9,18,17,10));
#923=IFCINDEXEDPOLYGONALFACE((11,20,19,12));
#924=IFCINDEXEDPOLYGONALFACE((18,9,12,19));
#925=IFCINDEXEDPOLYGONALFACE((20,11,10,17));
#926=IFCCARTESIANPOINTLIST3D(((2.1657342585967854E-012,-250.00000000000057,0.),(500.00000000000222,-250.00000000000057,0.),(6712.0660127070732,-249.99999999999949,0.),(7212.066012707076,-250.00000000000057,0.),(7212.066012707076,-250.00000000000057,5600.),(6712.0660127070732,-249.99999999999949,5600.),(500.00000000000222,-250.00000000000057,5600.),(2.1657342585967854E-012,-250.00000000000057,5600.),(2200.0000000000023,-250.00000000000057,4036.9768528884133),(2200.0000000000023,-250.00000000000057,5536.9768528884133),(3400.0000000000023,-249.99999999999949,5536.9768528884133),(3400.0000000000023,-249.99999999999949,4036.9768528884133),(7212.0660127070723,249.99999999999838,0.),(5.4143356464919636E-013,249.99999999999838,0.),(1.6243006939475892E-012,250.00000000000057,5600.),(7212.0660127070723,249.99999999999838,5600.),(2200.0000000000018,250.00000000000057,5536.9768528884133),(2200.0000000000018,250.00000000000057,4036.9768528884133),(3400.0000000000023,249.99999999999838,4036.9768528884133),(3400.0000000000023,249.99999999999838,5536.9768528884133)));
#927=IFCPOLYGONALFACESET(#926,.T.,(#916,#917,#918,#919,#920,#921,#922,#923,#924,#925),$);
#928=IFCINDEXEDCOLOURMAP(#927,1.,#915,(1,1,1,1,1,1,1,1,1,1));
#929=IFCSTYLEDITEM(#927,(#913),$);
#930=IFCSHAPEREPRESENTATION(#15,'Body','Tessellation',(#927));
#931=IFCWALL('112HIUctr2yw5OqZgr3kla',#6,'Basic Wall:Castelnuovo_typeC:1677752',$,$,#901,#905,'1677752',.NOTDEFINED.);
#932=IFCAXIS2PLACEMENT3D(#10,$,$);
#934=IFCCARTESIANPOINTLIST2D(((-249.99999999999832,-750.),(249.99999999999832,-750.),(249.99999999999832,750.),(-249.99999999999832,750.),(-249.99999999999832,-750.)));
#935=IFCINDEXEDPOLYCURVE(#934,$,.F.);
#936=IFCARBITRARYCLOSEDPROFILEDEF(.AREA.,'BrickWindow',#935);
#937=IFCCARTESIANPOINT((6962.0660127070769,-1650.,4548.5786437626939));
#938=IFCAXIS2PLACEMENT3D(#937,#126,#429);
#939=IFCEXTRUDEDAREASOLID(#936,#938,#49,1000.0000000000011);
#940=IFCSHAPEREPRESENTATION(#15,'Body','SweptSolid',(#939));
#941=IFCPRODUCTDEFINITIONSHAPE($,$,(#940));
#942=IFCAXIS2PLACEMENT3D(#10,$,$);
#943=IFCLOCALPLACEMENT(#901,#942);
#944=IFCOPENINGELEMENT('3_XuqGPwSahakbX5DRjBjD',#6,'Basic Wall:Castelnuovo_typeC:1677752',$,$,#943,#941,'1711098',.OPENING.);
#945=IFCRELVOIDSELEMENT('1yBtOha0KYuvKzZVoxVqg8',#6,$,$,#931,#944);
#946=IFCMATERIAL('Tufelli_masonry_typeC',$,$);
#947=IFCWALLTYPE('2trg1iOov8P8a83pz2q$bM',#6,'Basic Wall:Castelnuovo_typeC',$,$,(#962),$,'1783198',$,.STANDARD.);
#948=IFCPROPERTYSINGLEVALUE('Reference',$,IFCIDENTIFIER('Castelnuovo_typeC'),$);
#949=IFCPROPERTYSET('2DqXZ0Kpn87B2T_eWFLo66',#6,'Pset_EnvironmentalImpactIndicators',$,(#948));
#950=IFCPROPERTYSINGLEVALUE('Reference',$,IFCLABEL('Castelnuovo_typeC'),$);
#951=IFCPROPERTYSET('28jFmst2iGhp5f3jdbhor4',#6,'Pset_ReinforcementBarPitchOfWall',$,(#950));
#952=IFCPROPERTYSET('3$vI9jRGrI8ZyMXP1vIu7R',#6,'Pset_WallCommon',$,(#74,#75,#120,#948));
#953=IFCPROPERTYSINGLEVALUE('Reference',$,IFCIDENTIFIER('BrickWindow'),$);
#954=IFCPROPERTYSET('36KrGR4BAWxCiP4dPsVQl9',#6,'Pset_EnvironmentalImpactIndicators',$,(#953));
#955=IFCPROPERTYSET('2g7n9qSj5mbJJZej0AS4UE',#6,'Pset_OpeningElementCommon',$,(#953));
#956=IFCRELDEFINESBYPROPERTIES('3pFUOgwUUcR7OcZ2bTnBHq',#6,$,$,(#931),#949);
#957=IFCRELDEFINESBYPROPERTIES('30Eg9EGTVs1BRzfexb7qxv',#6,$,$,(#931),#951);
#958=IFCRELDEFINESBYPROPERTIES('27PKDmpz$Y9jeZ7sbKz30v',#6,$,$,(#931),#952);
#959=IFCRELDEFINESBYPROPERTIES('0xFm2p4fuRAaYOJfohL1hD',#6,$,$,(#944),#954);
#960=IFCRELDEFINESBYPROPERTIES('3Cx0bzMbdUFltrxAzHshO7',#6,$,$,(#944),#955);
#961=IFCPROPERTYSINGLEVALUE('Description',$,IFCTEXT('Generic Wall (Material By Category), 200mm thick'),$);
#962=IFCPROPERTYSET('2fufPgr1f0xSm$6nPk$ipy',#6,'Pset_ReinforcementBarPitchOfWall',$,(#961));
#963=IFCCARTESIANPOINT((8553.2030039271267,3692.3549989006269,-1500.));
#964=IFCDIRECTION((-0.47236892736765773,0.88140092832803885,0.));
#965=IFCAXIS2PLACEMENT3D(#963,#49,#964);
#966=IFCLOCALPLACEMENT(#24,#965);
#967=IFCCARTESIANPOINTLIST3D(((0.,0.,0.),(4152.9704344299053,-5.4143356464919636E-013,0.)));
#968=IFCINDEXEDPOLYCURVE(#967,$,.F.);
#969=IFCSHAPEREPRESENTATION(#14,'Axis','Curve3D',(#968));
#970=IFCPRODUCTDEFINITIONSHAPE($,$,(#969,#977));
#971=IFCCARTESIANPOINTLIST2D(((4152.9704344299053,249.9999999999992),(-4.060751734868973E-013,249.99999999999977),(4.060751734868973E-013,-249.99999999999977),(4152.9704344299071,-250.00000000000028),(4152.9704344299053,249.9999999999992)));
#972=IFCINDEXEDPOLYCURVE(#971,$,.F.);
#973=IFCARBITRARYCLOSEDPROFILEDEF(.AREA.,$,#972);
#974=IFCAXIS2PLACEMENT3D(#10,$,$);
#975=IFCEXTRUDEDAREASOLID(#973,#974,#49,5600.);
#976=IFCSTYLEDITEM(#975,(#913),$);
#977=IFCSHAPEREPRESENTATION(#15,'Body','SweptSolid',(#975));
#978=IFCWALL('112HIUctr2yw5OqZgr3kXe',#6,'Basic Wall:Castelnuovo_typeC:1677876',$,$,#966,#970,'1677876',.NOTDEFINED.);
#979=IFCPROPERTYSET('2m1B9fpDAF7x6iWdUAu1lr',#6,'Pset_EnvironmentalImpactIndicators',$,(#948));
#980=IFCPROPERTYSINGLEVALUE('Reference',$,IFCLABEL('Castelnuovo_typeC'),$);
#981=IFCPROPERTYSET('0FTJb664wDK_M2yO6McHWZ',#6,'Pset_ReinforcementBarPitchOfWall',$,(#980));
#982=IFCPROPERTYSET('3HX2JlGJKsVqLwscAtJdk6',#6,'Pset_WallCommon',$,(#74,#75,#120,#948));
#983=IFCRELDEFINESBYPROPERTIES('3tVF7gwUGttua8cSoYzLQQ',#6,$,$,(#978),#979);
#984=IFCRELDEFINESBYPROPERTIES('3WBWsQ6dOoGnUjNRLqYik7',#6,$,$,(#978),#981);
#985=IFCRELDEFINESBYPROPERTIES('3L5KRHuJJlbMSRpIo6JmTE',#6,$,$,(#978),#982);
#986=IFCCARTESIANPOINT((8655.4610041672204,4030.7974628245506,-1500.));
#987=IFCDIRECTION((0.88140092832803951,0.47236892736765623,0.));
#988=IFCAXIS2PLACEMENT3D(#986,#49,#987);
#989=IFCLOCALPLACEMENT(#24,#988);
#990=IFCCARTESIANPOINTLIST3D(((2.7071678232459818E-013,0.,0.),(6712.0660127070714,-2.1657342585967854E-012,0.)));
#991=IFCINDEXEDPOLYCURVE(#990,$,.F.);
#992=IFCSHAPEREPRESENTATION(#14,'Axis','Curve3D',(#991));
#993=IFCPRODUCTDEFINITIONSHAPE($,$,(#992,#1011));
#994=IFCCARTESIANPOINTLIST2D(((6712.0660127070732,-250.00000000000057),(6712.0660127070723,250.00000000000003),(6212.0660127070742,250.00000000000003),(6.4295235802092064E-013,250.00000000000023),(1.7765788840051755E-012,-250.00000000000026),(6712.0660127070732,-250.00000000000057)));
#995=IFCINDEXEDPOLYCURVE(#994,$,.F.);
#996=IFCARBITRARYCLOSEDPROFILEDEF(.AREA.,$,#995);
#997=IFCAXIS2PLACEMENT3D(#10,$,$);
#998=IFCEXTRUDEDAREASOLID(#996,#997,#49,5600.);
#999=IFCSTYLEDITEM(#998,(#913),$);
#1000=IFCCOLOURRGBLIST(((0.,0.80784313725490198,0.40392156862745099)));
#1001=IFCINDEXEDPOLYGONALFACE((1,2,3,4));
#1002=IFCINDEXEDPOLYGONALFACE((5,6,7,8,9,10));
#1003=IFCINDEXEDPOLYGONALFACE((2,1,7,6,5));
#1004=IFCINDEXEDPOLYGONALFACE((4,3,10,9,8));
#1005=IFCINDEXEDPOLYGONALFACE((3,2,5,10));
#1006=IFCINDEXEDPOLYGONALFACE((1,4,8,7));
#1007=IFCCARTESIANPOINTLIST3D(((1.8950174762721871E-012,-250.00000000000111,0.),(6712.066012707076,-249.99999999999949,0.),(6712.0660127070742,-250.00000000000057,5600.),(2.1657342585967854E-012,-250.00000000000057,5600.),(6712.0660127070723,250.00000000000057,0.),(6212.0660127070742,249.99999999999949,0.),(0.,249.99999999999949,0.),(0.,249.99999999999949,5600.),(6212.0660127070742,249.99999999999949,5600.),(6712.0660127070723,250.00000000000057,5600.)));
#1008=IFCPOLYGONALFACESET(#1007,.T.,(#1001,#1002,#1003,#1004,#1005,#1006),$);
#1009=IFCINDEXEDCOLOURMAP(#1008,1.,#1000,(1,1,1,1,1,1));
#1010=IFCSTYLEDITEM(#1008,(#913),$);
#1011=IFCSHAPEREPRESENTATION(#15,'Body','Tessellation',(#1008));
#1012=IFCWALL('112HIUctr2yw5OqZgr3kYs',#6,'Basic Wall:Castelnuovo_typeC:1678058',$,$,#989,#993,'1678058',.NOTDEFINED.);
#1013=IFCAXIS2PLACEMENT3D(#10,$,$);
#1015=IFCCARTESIANPOINTLIST2D(((-250.00000000000074,-750.),(250.00000000000074,-750.),(250.00000000000074,750.),(-250.00000000000074,750.),(-250.00000000000074,-750.)));
#1016=IFCINDEXEDPOLYCURVE(#1015,$,.F.);
#1017=IFCARBITRARYCLOSEDPROFILEDEF(.AREA.,'BrickWindow',#1016);
#1018=IFCCARTESIANPOINT((6462.0660127070714,465.65390758864879,4548.5786437626866));
#1019=IFCAXIS2PLACEMENT3D(#1018,#126,#429);
#1020=IFCEXTRUDEDAREASOLID(#1017,#1019,#49,999.99999999999795);
#1021=IFCSHAPEREPRESENTATION(#15,'Body','SweptSolid',(#1020));
#1022=IFCPRODUCTDEFINITIONSHAPE($,$,(#1021));
#1023=IFCAXIS2PLACEMENT3D(#10,$,$);
#1024=IFCLOCALPLACEMENT(#989,#1023);
#1025=IFCOPENINGELEMENT('002v6OQgG0Lvwjik7kTQjC',#6,'Basic Wall:Castelnuovo_typeC:1678058',$,$,#1024,#1022,'1712374',.OPENING.);
#1026=IFCRELVOIDSELEMENT('1$EJaL_LjP5$o1Yw1VK85B',#6,$,$,#1012,#1025);
#1027=IFCPROPERTYSET('2hpIdqROFO5o0EOF4qn8Pv',#6,'Pset_EnvironmentalImpactIndicators',$,(#948));
#1028=IFCPROPERTYSINGLEVALUE('Reference',$,IFCLABEL('Castelnuovo_typeC'),$);
#1029=IFCPROPERTYSET('2JF5KBsX2uh6LrP6vgEMtf',#6,'Pset_ReinforcementBarPitchOfWall',$,(#1028));
#1030=IFCPROPERTYSET('2GKUv8aK2Npt1gRospYKhu',#6,'Pset_WallCommon',$,(#74,#75,#120,#948));
#1031=IFCPROPERTYSET('0rkcEDzu279BSPvWBgURKp',#6,'Pset_EnvironmentalImpactIndicators',$,(#953));
#1032=IFCPROPERTYSET('2JaHR9ruOsZq_3BA9TG3EN',#6,'Pset_OpeningElementCommon',$,(#953));
#1033=IFCRELDEFINESBYPROPERTIES('3E9gKmy8Grmq5Qf41dNm2W',#6,$,$,(#1012),#1027);
#1034=IFCRELDEFINESBYPROPERTIES('20ByJxmyy197ImSsMrrzPQ',#6,$,$,(#1012),#1029);
#1035=IFCRELDEFINESBYPROPERTIES('2SNWnDdhtz5FezqpU06Gz1',#6,$,$,(#1012),#1030);
#1036=IFCRELDEFINESBYPROPERTIES('1QccfNYk0GTzhfg9ptnZuk',#6,$,$,(#1025),#1031);
#1037=IFCRELDEFINESBYPROPERTIES('0xrMDDyeyIt5IRYYvBibfo',#6,$,$,(#1025),#1032);
#1038=IFCCARTESIANPOINT((14233.039754842395,7303.6268859079883,-1500.));
#1039=IFCDIRECTION((-0.4723689273676574,0.88140092832803896,0.));
#1040=IFCAXIS2PLACEMENT3D(#1038,#49,#1039);
#1041=IFCLOCALPLACEMENT(#24,#1040);
#1042=IFCCARTESIANPOINTLIST3D(((0.,1.0828671292983927E-012,0.),(3652.9704344299057,-1.0828671292983927E-012,0.)));
#1043=IFCINDEXEDPOLYCURVE(#1042,$,.F.);
#1044=IFCSHAPEREPRESENTATION(#14,'Axis','Curve3D',(#1043));
#1045=IFCPRODUCTDEFINITIONSHAPE($,$,(#1044,#1079));
#1046=IFCCARTESIANPOINTLIST2D(((3652.9704344299057,250.0000000000019),(0.,250.00000000000074),(0.,-250.00000000000074),(3652.9704344299062,-249.99999999999949),(3652.9704344299057,250.0000000000019)));
#1047=IFCINDEXEDPOLYCURVE(#1046,$,.F.);
#1048=IFCARBITRARYCLOSEDPROFILEDEF(.AREA.,$,#1047);
#1049=IFCAXIS2PLACEMENT3D(#10,$,$);
#1050=IFCEXTRUDEDAREASOLID(#1048,#1049,#49,5600.);
#1051=IFCSTYLEDITEM(#1050,(#913),$);
#1052=IFCCOLOURRGBLIST(((0.,0.80784313725490198,0.40392156862745099)));
#1053=IFCINDEXEDPOLYGONALFACEWITHVOIDS((1,2,3,4),((5,6,7,8),(9,10,11,12),(13,14,15,16),(17,18,19,20)));
#1054=IFCINDEXEDPOLYGONALFACEWITHVOIDS((21,22,23,24),((25,26,27,28),(29,30,31,32),(33,34,35,36),(37,38,39,40)));
#1055=IFCINDEXEDPOLYGONALFACE((2,1,22,21));
#1056=IFCINDEXEDPOLYGONALFACE((4,3,24,23));
#1057=IFCINDEXEDPOLYGONALFACE((3,2,21,24));
#1058=IFCINDEXEDPOLYGONALFACE((1,4,23,22));
#1059=IFCINDEXEDPOLYGONALFACE((26,25,6,5));
#1060=IFCINDEXEDPOLYGONALFACE((27,26,5,8));
#1061=IFCINDEXEDPOLYGONALFACE((28,27,8,7));
#1062=IFCINDEXEDPOLYGONALFACE((25,28,7,6));
#1063=IFCINDEXEDPOLYGONALFACE((29,10,9,30));
#1064=IFCINDEXEDPOLYGONALFACE((11,32,31,12));
#1065=IFCINDEXEDPOLYGONALFACE((10,29,32,11));
#1066=IFCINDEXEDPOLYGONALFACE((12,31,30,9));
#1067=IFCINDEXEDPOLYGONALFACE((33,14,13,34));
#1068=IFCINDEXEDPOLYGONALFACE((34,13,16,35));
#1069=IFCINDEXEDPOLYGONALFACE((35,16,15,36));
#1070=IFCINDEXEDPOLYGONALFACE((14,33,36,15));
#1071=IFCINDEXEDPOLYGONALFACE((37,18,17,38));
#1072=IFCINDEXEDPOLYGONALFACE((18,37,40,19));
#1073=IFCINDEXEDPOLYGONALFACE((19,40,39,20));
#1074=IFCINDEXEDPOLYGONALFACE((38,17,20,39));
#1075=IFCCARTESIANPOINTLIST3D(((1.0828671292983927E-012,-249.9999999999973,0.),(3652.9704344299034,-249.99999999999949,0.),(3652.9704344299034,-249.99999999999949,5600.),(1.0828671292983927E-012,-249.9999999999973,5600.),(3252.9704344299012,-249.99999999999838,3200.),(3252.9704344299012,-249.99999999999838,1700.),(2252.9704344299034,-249.99999999999892,1700.),(2252.9704344299034,-249.99999999999892,3200.),(3252.9704344299098,-249.9999999999973,5298.5786437626939),(3252.9704344299098,-249.9999999999973,3798.5786437626939),(2252.9704344299075,-249.99999999999838,3798.5786437626939),(2252.9704344299075,-249.99999999999838,5298.5786437626939),(1215.6539075886451,-250.00000000000057,5298.5786437626866),(1215.6539075886451,-250.00000000000057,3798.5786437626862),(215.65390758864933,-249.99999999999676,3798.5786437626862),(215.65390758864933,-249.99999999999676,5298.5786437626866),(352.97043442990537,-249.99999999999892,300.),(352.97043442990537,-249.99999999999892,2500.0000000000018),(1752.9704344298925,-249.99999999999838,2500.0000000000018),(1752.9704344298925,-249.99999999999838,300.),(3652.9704344299043,250.00000000000057,0.),(1.0828671292983927E-012,250.00000000000273,0.),(0.,250.00000000000327,5600.),(3652.9704344299057,250.00000000000273,5600.),(3252.9704344299043,250.00000000000111,1700.),(3252.9704344299043,250.00000000000111,3200.),(2252.9704344299021,250.00000000000219,3200.),(2252.9704344299021,250.00000000000219,1700.),(3252.9704344299089,250.00000000000111,3798.5786437626939),(3252.9704344299089,250.00000000000111,5298.5786437626939),(2252.9704344299089,249.99999999999892,5298.5786437626939),(2252.9704344299089,249.99999999999892,3798.5786437626939),(1215.6539075886494,250.00000000000111,3798.5786437626862),(1215.6539075886494,250.00000000000111,5298.5786437626866),(215.65390758864714,250.00000000000165,5298.5786437626866),(215.65390758864714,250.00000000000165,3798.5786437626862),(352.97043442990429,249.99999999999892,2500.0000000000018),(352.97043442990429,249.99999999999892,300.),(1752.9704344298925,250.00000000000165,300.),(1752.9704344298925,250.00000000000165,2500.0000000000018)));
#1076=IFCPOLYGONALFACESET(#1075,.T.,(#1053,#1054,#1055,#1056,#1057,#1058,#1059,#1060,#1061,#1062,#1063,#1064,#1065,#1066,#1067,#1068,#1069,#1070,#1071,#1072,#1073,#1074),$);
#1077=IFCINDEXEDCOLOURMAP(#1076,1.,#1052,(1,1,1,1,1,1,1,1,1,1,1,1,1,1,1,1,1,1,1,1,1,1));
#1078=IFCSTYLEDITEM(#1076,(#913),$);
#1079=IFCSHAPEREPRESENTATION(#15,'Body','Tessellation',(#1076));
#1080=IFCWALL('112HIUctr2yw5OqZgr3kaS',#6,'Basic Wall:Castelnuovo_typeC:1678144',$,$,#1041,#1045,'1678144',.NOTDEFINED.);
#1081=IFCPROPERTYSET('3wWpiMnOPL$wt11pASs4on',#6,'Pset_EnvironmentalImpactIndicators',$,(#948));
#1082=IFCPROPERTYSINGLEVALUE('Reference',$,IFCLABEL('Castelnuovo_typeC'),$);
#1083=IFCPROPERTYSET('1BIeT5ZtJxO_olk6GjwV71',#6,'Pset_ReinforcementBarPitchOfWall',$,(#1082));
#1084=IFCPROPERTYSET('2VJSkxTjf9SwTXwwSSj0yi',#6,'Pset_WallCommon',$,(#74,#75,#120,#948));
#1085=IFCRELDEFINESBYPROPERTIES('3cf4wSVkM$ihg_X1gpDOjR',#6,$,$,(#1080),#1081);
#1086=IFCRELDEFINESBYPROPERTIES('3wF8kOR2S$G0iLRrLrfkD1',#6,$,$,(#1080),#1083);
#1087=IFCRELDEFINESBYPROPERTIES('1wybpWnccErNwsz9xZSiYi',#6,$,$,(#1080),#1084);
#1088=IFCCARTESIANPOINT((11890.548620030942,-2536.8481672066355,-1500.));
#1089=IFCDIRECTION((0.31571582075227245,-0.94885379301909256,0.));
#1090=IFCAXIS2PLACEMENT3D(#1088,#49,#1089);
#1091=IFCLOCALPLACEMENT(#24,#1090);
#1092=IFCCARTESIANPOINTLIST3D(((-2.7071678232459818E-013,-8.1215034697379459E-013,0.),(7716.8746236492261,-1.6243006939475892E-012,0.)));
#1093=IFCINDEXEDPOLYCURVE(#1092,$,.F.);
#1094=IFCSHAPEREPRESENTATION(#14,'Axis','Curve3D',(#1093));
#1095=IFCPRODUCTDEFINITIONSHAPE($,$,(#1094,#1102));
#1096=IFCCARTESIANPOINTLIST2D(((7716.874623649227,-250.00000000000111),(7711.6736397408804,249.99999999999974),(5.0759396685862157E-013,249.99999999999872),(3.4685587735339144E-013,-250.00000000000128),(7716.874623649227,-250.00000000000111)));
#1097=IFCINDEXEDPOLYCURVE(#1096,$,.F.);
#1098=IFCARBITRARYCLOSEDPROFILEDEF(.AREA.,$,#1097);
#1099=IFCAXIS2PLACEMENT3D(#10,$,$);
#1100=IFCEXTRUDEDAREASOLID(#1098,#1099,#49,5600.);
#1101=IFCSTYLEDITEM(#1100,(#64),$);
#1102=IFCSHAPEREPRESENTATION(#15,'Body','SweptSolid',(#1100));
#1103=IFCWALL('112HIUctr2yw5OqZgr3ksc',#6,'Basic Wall:Castelnuovo_typeA:1679354',$,$,#1091,#1095,'1679354',.NOTDEFINED.);
#1104=IFCPROPERTYSET('3glvCGvuG3AMZa1OHdXB81',#6,'Pset_EnvironmentalImpactIndicators',$,(#70));
#1105=IFCPROPERTYSINGLEVALUE('Reference',$,IFCLABEL('Castelnuovo_typeA'),$);
#1106=IFCPROPERTYSET('18z_ZnYCoktUs0sBmDuus8',#6,'Pset_ReinforcementBarPitchOfWall',$,(#1105));
#1107=IFCPROPERTYSET('0KR$Ccqiu9RecOvmrrocvf',#6,'Pset_WallCommon',$,(#70,#74,#75,#76));
#1108=IFCRELDEFINESBYPROPERTIES('294hYNlMQjAZNi7ZXCUj1W',#6,$,$,(#1103),#1104);
#1109=IFCRELDEFINESBYPROPERTIES('1wZNFItP2ek8J$vbedA9wR',#6,$,$,(#1103),#1106);
#1110=IFCRELDEFINESBYPROPERTIES('2vs6TWIlV3kj3L1xEINjtB',#6,$,$,(#1103),#1107);
#1111=IFCCARTESIANPOINT((19750.273584565075,-7693.8507991891329,-1500.));
#1112=IFCAXIS2PLACEMENT3D(#1111,#49,#126);
#1113=IFCLOCALPLACEMENT(#24,#1112);
#1114=IFCPRODUCTDEFINITIONSHAPE($,$,(#1123));
#1115=IFCCARTESIANPOINTLIST2D(((-929.14485474026401,-3281.6607854815393),(-418.71037076310182,-3281.6607854815388),(937.9139165763022,3324.3613453165876),(409.94130892706323,3238.9602256464891),(-929.14485474026401,-3281.6607854815393)));
#1116=IFCINDEXEDPOLYCURVE(#1115,$,.F.);
#1117=IFCARBITRARYCLOSEDPROFILEDEF(.AREA.,'Castelnuovo',#1116);
#1118=IFCCARTESIANPOINT((3405.3712070697907,-666.8951805278341,0.));
#1119=IFCDIRECTION((0.32556815445715881,-0.94551857559931607,0.));
#1120=IFCAXIS2PLACEMENT3D(#1118,#49,#1119);
#1121=IFCEXTRUDEDAREASOLID(#1117,#1120,#49,5599.9999999999827);
#1122=IFCSTYLEDITEM(#1121,(#64),$);
#1123=IFCSHAPEREPRESENTATION(#15,'Body','SweptSolid',(#1121));
#1124=IFCWALL('0M1S9S_Qr3IPBMDqinoabk',#6,'Castelnuovo:Castelnuovo:1680661',$,$,#1113,#1114,'1680661',.NOTDEFINED.);
#1125=IFCCARTESIANPOINTLIST2D(((-600.,-599.99999999999966),(600.,-600.00000000000068),(600.,599.99999999999966),(-600.,599.99999999999966),(-600.,-599.99999999999966)));
#1126=IFCINDEXEDPOLYCURVE(#1125,$,.F.);
#1127=IFCARBITRARYCLOSEDPROFILEDEF(.AREA.,$,#1126);
#1128=IFCCARTESIANPOINT((1994.4774134441918,-577.74811633265915,3800.));
#1129=IFCDIRECTION((0.12870878250531753,-0.99168243369840881,0.));
#1130=IFCAXIS2PLACEMENT3D(#1128,#1129,#49);
#1131=IFCEXTRUDEDAREASOLID(#1127,#1130,#49,590.00000000000989);
#1132=IFCSHAPEREPRESENTATION(#15,'Body','SweptSolid',(#1131));
#1133=IFCPRODUCTDEFINITIONSHAPE($,$,(#1132));
#1134=IFCAXIS2PLACEMENT3D(#10,$,$);
#1135=IFCLOCALPLACEMENT(#1113,#1134);
#1136=IFCOPENINGELEMENT('1pcD6Kjq8Vo9OvYddvV4u5',#6,'Castelnuovo',$,$,#1135,#1133,'1702018',.OPENING.);
#1137=IFCRELVOIDSELEMENT('1SKwDmZPXEPB1u5rXLxJB$',#6,$,$,#1124,#1136);
#1138=IFCCARTESIANPOINTLIST2D(((-600.,-599.99999999999966),(600.,-600.),(600.,600.00000000000023),(-600.,600.00000000000023),(-600.,-599.99999999999966)));
#1139=IFCINDEXEDPOLYCURVE(#1138,$,.F.);
#1140=IFCARBITRARYCLOSEDPROFILEDEF(.AREA.,$,#1139);
#1141=IFCCARTESIANPOINT((4738.1000100857755,-221.65798902158241,4500.));
#1142=IFCDIRECTION((0.12870878250531792,-0.99168243369840869,0.));
#1143=IFCAXIS2PLACEMENT3D(#1141,#1142,#49);
#1144=IFCEXTRUDEDAREASOLID(#1140,#1143,#49,590.00000000001251);
#1145=IFCSHAPEREPRESENTATION(#15,'Body','SweptSolid',(#1144));
#1146=IFCPRODUCTDEFINITIONSHAPE($,$,(#1145));
#1147=IFCAXIS2PLACEMENT3D(#10,$,$);
#1148=IFCLOCALPLACEMENT(#1113,#1147);
#1149=IFCOPENINGELEMENT('1jawSegPrRBnYMgcbxWqfm',#6,'Castelnuovo',$,$,#1148,#1146,'1702223',.OPENING.);
#1150=IFCRELVOIDSELEMENT('0SBCE0yD7OfxKmfM6hmkFn',#6,$,$,#1124,#1149);
#1151=IFCCARTESIANPOINTLIST2D(((-800.00000000000171,-900.00000000000296),(800.00000000000034,-900.00000000000205),(800.00000000000034,900.00000000000261),(-799.99999999999875,900.00000000000205),(-1700.0000000000011,-5.3693015507731982E-013)));
#1152=IFCINDEXEDPOLYCURVE(#1151,(IFCLINEINDEX((1,2,3,4)),IFCARCINDEX((4,5,1))),.F.);
#1153=IFCARBITRARYCLOSEDPROFILEDEF(.AREA.,$,#1152);
#1154=IFCCARTESIANPOINT((5375.088165486487,-683.51353317995029,2100.));
#1155=IFCDIRECTION((-0.12870878250531712,0.99168243369840881,0.));
#1156=IFCDIRECTION((0.,0.,-1.));
#1157=IFCAXIS2PLACEMENT3D(#1154,#1155,#1156);
#1158=IFCEXTRUDEDAREASOLID(#1153,#1157,#49,1589.9999999999861);
#1159=IFCSHAPEREPRESENTATION(#15,'Body','SweptSolid',(#1158));
#1160=IFCPRODUCTDEFINITIONSHAPE($,$,(#1159));
#1161=IFCAXIS2PLACEMENT3D(#10,$,$);
#1162=IFCLOCALPLACEMENT(#1113,#1161);
#1163=IFCOPENINGELEMENT('3xhyNsz3HhlfpQ85JoSDqX',#6,'Castelnuovo',$,$,#1162,#1160,'1700736',.OPENING.);
#1164=IFCRELVOIDSELEMENT('0TsHWXR_fERMzAdN_X2QHJ',#6,$,$,#1124,#1163);
#1165=IFCWALLTYPE('0M1S9S_Qr3IPBMDqinoabe',#6,'Castelnuovo:Castelnuovo',$,$,$,$,'1680659',$,.NOTDEFINED.);
#1166=IFCPROPERTYSINGLEVALUE('Reference',$,IFCIDENTIFIER('Castelnuovo'),$);
#1167=IFCPROPERTYSET('0vkeLnyU_ihOb7TOQGphvI',#6,'Pset_EnvironmentalImpactIndicators',$,(#1166));
#1168=IFCPROPERTYSINGLEVALUE('Reference',$,IFCLABEL('Castelnuovo'),$);
#1169=IFCPROPERTYSET('2lkIG9ZjNUAbP9ebRmkBfH',#6,'Pset_ReinforcementBarPitchOfWall',$,(#1168));
#1170=IFCPROPERTYSINGLEVALUE('IsExternal',$,IFCBOOLEAN(.F.),$);
#1171=IFCPROPERTYSET('3UBx$22tXWZx8j5na8piJR',#6,'Pset_WallCommon',$,(#1166,#1170));
#1172=IFCPROPERTYSINGLEVALUE('Reference',$,IFCIDENTIFIER('StoneWindows'),$);
#1173=IFCPROPERTYSET('2AMKv8bFG9qdcOJUvDUZWq',#6,'Pset_EnvironmentalImpactIndicators',$,(#1172));
#1174=IFCPROPERTYSET('1xGyfSw1R2eRQw_sC1ltah',#6,'Pset_OpeningElementCommon',$,(#1172));
#1175=IFCPROPERTYSET('0kDe_tlN$NPNdTn573CJfd',#6,'Pset_EnvironmentalImpactIndicators',$,(#1172));
#1176=IFCPROPERTYSET('1VhWIt1ct2VgN57xe5nyBu',#6,'Pset_OpeningElementCommon',$,(#1172));
#1177=IFCPROPERTYSINGLEVALUE('Reference',$,IFCIDENTIFIER('simple_arch_door'),$);
#1178=IFCPROPERTYSET('1kTN87IOFuv3$dVqdykPVk',#6,'Pset_EnvironmentalImpactIndicators',$,(#1177));
#1179=IFCPROPERTYSET('13kjJZZ70OEQG1$OBjj2xG',#6,'Pset_OpeningElementCommon',$,(#1177));
#1180=IFCRELDEFINESBYPROPERTIES('1YfT8yob28w4WM7q$0DsqD',#6,$,$,(#1124),#1167);
#1181=IFCRELDEFINESBYPROPERTIES('0kErwqdPTgFh8B7o7gTyY4',#6,$,$,(#1124),#1169);
#1182=IFCRELDEFINESBYPROPERTIES('3B4uhZu6_Ne2Wwq3eRf_Pf',#6,$,$,(#1124),#1171);
#1183=IFCRELDEFINESBYPROPERTIES('219b_hYC5oyZtq8mLl69W8',#6,$,$,(#1136),#1173);
#1184=IFCRELDEFINESBYPROPERTIES('1ECLnt8sDZKXsqGElR_JCd',#6,$,$,(#1136),#1174);
#1185=IFCRELDEFINESBYPROPERTIES('3EBKDyKIR$jzE9fYWd$rsZ',#6,$,$,(#1149),#1175);
#1186=IFCRELDEFINESBYPROPERTIES('0kj52N00Sfl3bti9oV4_40',#6,$,$,(#1149),#1176);
#1187=IFCRELDEFINESBYPROPERTIES('2YVixXYp1iT2VYaiVxD$fQ',#6,$,$,(#1163),#1178);
#1188=IFCRELDEFINESBYPROPERTIES('3CIzcLf6iGKSLr7blXRi8f',#6,$,$,(#1163),#1179);
#1189=IFCCARTESIANPOINT((11890.548620030942,-2536.8481672066355,0.));
#1190=IFCDIRECTION((0.31571582075227245,-0.94885379301909256,0.));
#1191=IFCAXIS2PLACEMENT3D(#1189,#49,#1190);
#1192=IFCLOCALPLACEMENT(#28,#1191);
#1193=IFCCARTESIANPOINTLIST3D(((-2.7071678232459818E-013,-8.1215034697379459E-013,0.),(7716.8746236492261,-1.6243006939475892E-012,0.)));
#1194=IFCINDEXEDPOLYCURVE(#1193,$,.F.);
#1195=IFCSHAPEREPRESENTATION(#14,'Axis','Curve3D',(#1194));
#1196=IFCPRODUCTDEFINITIONSHAPE($,$,(#1195,#1203));
#1197=IFCCARTESIANPOINTLIST2D(((7716.874623649227,-250.00000000000111),(7711.6736397408804,249.99999999999974),(5.0759396685862157E-013,249.99999999999872),(3.4685587735339144E-013,-250.00000000000128),(7716.874623649227,-250.00000000000111)));
#1198=IFCINDEXEDPOLYCURVE(#1197,$,.F.);
#1199=IFCARBITRARYCLOSEDPROFILEDEF(.AREA.,$,#1198);
#1200=IFCAXIS2PLACEMENT3D(#10,$,$);
#1201=IFCEXTRUDEDAREASOLID(#1199,#1200,#49,3500.0000000001683);
#1202=IFCSTYLEDITEM(#1201,(#64),$);
#1203=IFCSHAPEREPRESENTATION(#15,'Body','SweptSolid',(#1201));
#1204=IFCWALL('37gWW_uGL459BrbCF$MAq8',#6,'Basic Wall:Castelnuovo_typeA:1682705',$,$,#1192,#1196,'1682705',.NOTDEFINED.);
#1205=IFCPROPERTYSET('1OO7fadQXxqYQjITqXY5YM',#6,'Pset_EnvironmentalImpactIndicators',$,(#70));
#1206=IFCPROPERTYSINGLEVALUE('Reference',$,IFCLABEL('Castelnuovo_typeA'),$);
#1207=IFCPROPERTYSET('2Bg5$nisqBooNE42K4u3Xa',#6,'Pset_ReinforcementBarPitchOfWall',$,(#1206));
#1208=IFCPROPERTYSET('0oaOfNeJGAzfJZ2CKYt2sp',#6,'Pset_WallCommon',$,(#70,#74,#75,#120));
#1209=IFCRELDEFINESBYPROPERTIES('1E71FDLb6nKLAQYDqLxx3s',#6,$,$,(#1204),#1205);
#1210=IFCRELDEFINESBYPROPERTIES('2s27cD3gHMzpQGMFNiOc6T',#6,$,$,(#1204),#1207);
#1211=IFCRELDEFINESBYPROPERTIES('0DfffcOFZVsR1T5rpzV1wJ',#6,$,$,(#1204),#1208);
#1212=IFCCARTESIANPOINT((6253.026350501952,7455.0449953661391,0.));
#1213=IFCDIRECTION((0.88140092832803951,0.47236892736765629,0.));
#1214=IFCAXIS2PLACEMENT3D(#1212,#49,#1213);
#1215=IFCLOCALPLACEMENT(#28,#1214);
#1216=IFCCARTESIANPOINTLIST3D(((0.,0.,0.),(7212.0660127070778,-1.0828671292983927E-012,0.)));
#1217=IFCINDEXEDPOLYCURVE(#1216,$,.F.);
#1218=IFCSHAPEREPRESENTATION(#14,'Axis','Curve3D',(#1217));
#1219=IFCPRODUCTDEFINITIONSHAPE($,$,(#1218,#1241));
#1220=IFCCARTESIANPOINTLIST2D(((7212.066012707076,249.99999999999949),(6.5987215691620808E-013,250.00000000000023),(-6.5987215691620808E-013,-250.00000000000023),(7212.0660127070751,-250.00000000000057),(7212.066012707076,249.99999999999949)));
#1221=IFCINDEXEDPOLYCURVE(#1220,$,.F.);
#1222=IFCARBITRARYCLOSEDPROFILEDEF(.AREA.,$,#1221);
#1223=IFCAXIS2PLACEMENT3D(#10,$,$);
#1224=IFCEXTRUDEDAREASOLID(#1222,#1223,#49,3500.0000000001683);
#1225=IFCSTYLEDITEM(#1224,(#913),$);
#1226=IFCCOLOURRGBLIST(((0.,0.80784313725490198,0.40392156862745099)));
#1227=IFCINDEXEDPOLYGONALFACEWITHVOIDS((1,2,3,4,5,6,7,8),((9,10,11,12)));
#1228=IFCINDEXEDPOLYGONALFACEWITHVOIDS((13,14,15,16),((17,18,19,20)));
#1229=IFCINDEXEDPOLYGONALFACE((4,3,2,1,13,16));
#1230=IFCINDEXEDPOLYGONALFACE((8,7,6,5,15,14));
#1231=IFCINDEXEDPOLYGONALFACE((1,8,14,13));
#1232=IFCINDEXEDPOLYGONALFACE((5,4,16,15));
#1233=IFCINDEXEDPOLYGONALFACE((10,9,17,20));
#1234=IFCINDEXEDPOLYGONALFACE((11,10,20,19));
#1235=IFCINDEXEDPOLYGONALFACE((12,11,19,18));
#1236=IFCINDEXEDPOLYGONALFACE((9,12,18,17));
#1237=IFCCARTESIANPOINTLIST3D(((2.1657342585967854E-012,-250.00000000000057,5.4143356464919636E-013),(500.00000000000222,-250.00000000000057,0.),(6712.0660127070732,-249.99999999999949,0.),(7212.066012707076,-250.00000000000057,5.4143356464919636E-013),(7212.066012707076,-250.00000000000057,3500.0000000001683),(6712.0660127070732,-249.99999999999949,3500.0000000001683),(500.00000000000222,-250.00000000000057,3500.0000000001683),(2.1657342585967854E-012,-250.00000000000057,3500.0000000001683),(2099.9999999999995,-249.99999999999949,1500.),(2099.9999999999995,-249.99999999999949,3000.),(3299.9999999999991,-250.00000000000057,3000.),(3299.9999999999991,-250.00000000000057,1500.),(5.4143356464919636E-013,249.99999999999838,5.4143356464919636E-013),(1.6243006939475892E-012,250.00000000000057,3500.0000000001683),(7212.0660127070723,249.99999999999838,3500.0000000001683),(7212.0660127070723,249.99999999999838,5.4143356464919636E-013),(2099.9999999999982,250.00000000000057,1500.),(3299.9999999999986,250.00000000000057,1500.),(3299.9999999999986,250.00000000000057,3000.),(2099.9999999999982,250.00000000000057,3000.)));
#1238=IFCPOLYGONALFACESET(#1237,.T.,(#1227,#1228,#1229,#1230,#1231,#1232,#1233,#1234,#1235,#1236),$);
#1239=IFCINDEXEDCOLOURMAP(#1238,1.,#1226,(1,1,1,1,1,1,1,1,1,1));
#1240=IFCSTYLEDITEM(#1238,(#913),$);
#1241=IFCSHAPEREPRESENTATION(#15,'Body','Tessellation',(#1238));
#1242=IFCWALL('3c8HC29$17vfNgcUAdeh3J',#6,'Basic Wall:Castelnuovo_typeC:1683056',$,$,#1215,#1219,'1683056',.NOTDEFINED.);
#1243=IFCPROPERTYSET('15X8aI$72ifBYIGEAC7hDC',#6,'Pset_EnvironmentalImpactIndicators',$,(#948));
#1244=IFCPROPERTYSINGLEVALUE('Reference',$,IFCLABEL('Castelnuovo_typeC'),$);
#1245=IFCPROPERTYSET('2pMsh9tBnxNKDIWt9JxutK',#6,'Pset_ReinforcementBarPitchOfWall',$,(#1244));
#1246=IFCPROPERTYSET('1WInnJUmKA8GgFvAFVcY1H',#6,'Pset_WallCommon',$,(#74,#75,#120,#948));
#1247=IFCRELDEFINESBYPROPERTIES('2j6ZzDtauaQ$0taJbRcXmb',#6,$,$,(#1242),#1243);
#1248=IFCRELDEFINESBYPROPERTIES('39CuMHxD$gTbM_5zsPQeHJ',#6,$,$,(#1242),#1245);
#1249=IFCRELDEFINESBYPROPERTIES('1uYhE1rFAs6EROITyHDzdz',#6,$,$,(#1242),#1246);
#1250=IFCCARTESIANPOINT((8553.2030039271267,3692.3549989006269,0.));
#1251=IFCDIRECTION((-0.47236892736765773,0.88140092832803885,0.));
#1252=IFCAXIS2PLACEMENT3D(#1250,#49,#1251);
#1253=IFCLOCALPLACEMENT(#28,#1252);
#1254=IFCCARTESIANPOINTLIST3D(((0.,0.,0.),(4152.9704344299053,-5.4143356464919636E-013,0.)));
#1255=IFCINDEXEDPOLYCURVE(#1254,$,.F.);
#1256=IFCSHAPEREPRESENTATION(#14,'Axis','Curve3D',(#1255));
#1257=IFCPRODUCTDEFINITIONSHAPE($,$,(#1256,#1275));
#1258=IFCCARTESIANPOINTLIST2D(((4152.9704344299043,-250.00000000000082),(4152.9704344299053,249.9999999999992),(1.0321077326125305E-012,249.99999999999901),(-1.0151879337172432E-013,-250.00000000000074),(500.00000000000091,-250.00000000000065),(4152.9704344299043,-250.00000000000082)));
#1259=IFCINDEXEDPOLYCURVE(#1258,$,.F.);
#1260=IFCARBITRARYCLOSEDPROFILEDEF(.AREA.,$,#1259);
#1261=IFCAXIS2PLACEMENT3D(#10,$,$);
#1262=IFCEXTRUDEDAREASOLID(#1260,#1261,#49,3500.0000000001683);
#1263=IFCSTYLEDITEM(#1262,(#913),$);
#1264=IFCCOLOURRGBLIST(((0.,0.80784313725490198,0.40392156862745099)));
#1265=IFCINDEXEDPOLYGONALFACE((1,2,3,4,5,6));
#1266=IFCINDEXEDPOLYGONALFACE((7,8,9,10));
#1267=IFCINDEXEDPOLYGONALFACE((3,2,1,7,10));
#1268=IFCINDEXEDPOLYGONALFACE((6,5,4,9,8));
#1269=IFCINDEXEDPOLYGONALFACE((4,3,10,9));
#1270=IFCINDEXEDPOLYGONALFACE((1,6,8,7));
#1271=IFCCARTESIANPOINTLIST3D(((0.,-250.00000000000165,5.4143356464919636E-013),(500.00000000000057,-250.00000000000111,0.),(4152.9704344299053,-250.00000000000111,5.4143356464919636E-013),(4152.9704344299053,-250.00000000000111,3500.0000000001683),(500.00000000000057,-250.00000000000111,3500.0000000001683),(0.,-250.00000000000165,3500.0000000001683),(2.1657342585967854E-012,249.9999999999992,5.4143356464919636E-013),(5.4143356464919636E-013,250.00000000000003,3500.0000000001683),(4152.9704344299053,249.99999999999838,3500.0000000001683),(4152.9704344299053,249.99999999999838,5.4143356464919636E-013)));
#1272=IFCPOLYGONALFACESET(#1271,.T.,(#1265,#1266,#1267,#1268,#1269,#1270),$);
#1273=IFCINDEXEDCOLOURMAP(#1272,1.,#1264,(1,1,1,1,1,1));
#1274=IFCSTYLEDITEM(#1272,(#913),$);
#1275=IFCSHAPEREPRESENTATION(#15,'Body','Tessellation',(#1272));
#1276=IFCWALL('3c8HC29$17vfNgcUAdeh3I',#6,'Basic Wall:Castelnuovo_typeC:1683057',$,$,#1253,#1257,'1683057',.NOTDEFINED.);
#1277=IFCAXIS2PLACEMENT3D(#10,$,$);
#1279=IFCCARTESIANPOINTLIST2D(((-249.99999999999881,-1100.),(250.00000000000077,-1100.),(250.00000000000077,1100.0000000000011),(-249.99999999999881,1100.0000000000011),(-249.99999999999881,-1100.)));
#1280=IFCINDEXEDPOLYCURVE(#1279,$,.F.);
#1281=IFCARBITRARYCLOSEDPROFILEDEF(.AREA.,'DoorV2',#1280);
#1282=IFCCARTESIANPOINT((250.,-2050.,4600.));
#1283=IFCDIRECTION((1.,0.,0.));
#1284=IFCAXIS2PLACEMENT3D(#1282,#126,#1283);
#1285=IFCEXTRUDEDAREASOLID(#1281,#1284,#49,1199.9999999999843);
#1286=IFCSHAPEREPRESENTATION(#15,'Body','SweptSolid',(#1285));
#1287=IFCPRODUCTDEFINITIONSHAPE($,$,(#1286));
#1288=IFCAXIS2PLACEMENT3D(#10,$,$);
#1289=IFCLOCALPLACEMENT(#1253,#1288);
#1290=IFCOPENINGELEMENT('1fd4BeeoCyvx$OXPBDOvSt',#6,'Basic Wall:Castelnuovo_typeC:1683057',$,$,#1289,#1287,'1765621',.OPENING.);
#1291=IFCRELVOIDSELEMENT('0Tvd6ZE_75aQq9QTsPKb_c',#6,$,$,#1276,#1290);
#1292=IFCPROPERTYSET('3ncKDdVkA5LPtE_sXdkDmk',#6,'Pset_EnvironmentalImpactIndicators',$,(#948));
#1293=IFCPROPERTYSINGLEVALUE('Reference',$,IFCLABEL('Castelnuovo_typeC'),$);
#1294=IFCPROPERTYSET('1aklx6MTMrZO9vrcdJthfO',#6,'Pset_ReinforcementBarPitchOfWall',$,(#1293));
#1295=IFCPROPERTYSET('2tz43Q4Lgr2nkZgaCxmb_7',#6,'Pset_WallCommon',$,(#74,#75,#120,#948));
#1296=IFCPROPERTYSET('3o5WO2UvLC9jowkY5POkbF',#6,'Pset_EnvironmentalImpactIndicators',$,(#336));
#1297=IFCPROPERTYSET('10GOjXlexsQ8xT0_Zfqhn0',#6,'Pset_OpeningElementCommon',$,(#336));
#1298=IFCRELDEFINESBYPROPERTIES('06$ssqpWME9mt_NPkbiG0x',#6,$,$,(#1276),#1292);
#1299=IFCRELDEFINESBYPROPERTIES('03_g74ptcf2tiHhnqsYtJK',#6,$,$,(#1276),#1294);
#1300=IFCRELDEFINESBYPROPERTIES('2h$QqqBEGYkc$HbcxblHTm',#6,$,$,(#1276),#1295);
#1301=IFCRELDEFINESBYPROPERTIES('2iSivxDCpGLI9bIMaxDIuM',#6,$,$,(#1290),#1296);
#1302=IFCRELDEFINESBYPROPERTIES('2PgQzMPLYYN8nfX3iyM_hS',#6,$,$,(#1290),#1297);
#1303=IFCCARTESIANPOINT((8655.4610041672204,4030.7974628245506,0.));
#1304=IFCDIRECTION((0.88140092832803951,0.47236892736765623,0.));
#1305=IFCAXIS2PLACEMENT3D(#1303,#49,#1304);
#1306=IFCLOCALPLACEMENT(#28,#1305);
#1307=IFCCARTESIANPOINTLIST3D(((2.7071678232459818E-013,0.,0.),(6712.0660127070714,-2.1657342585967854E-012,0.)));
#1308=IFCINDEXEDPOLYCURVE(#1307,$,.F.);
#1309=IFCSHAPEREPRESENTATION(#14,'Axis','Curve3D',(#1308));
#1310=IFCPRODUCTDEFINITIONSHAPE($,$,(#1309,#1328));
#1311=IFCCARTESIANPOINTLIST2D(((6712.0660127070732,-250.00000000000057),(6712.0660127070723,250.00000000000003),(6212.0660127070742,250.00000000000003),(6.4295235802092064E-013,250.00000000000023),(1.7765788840051755E-012,-250.00000000000026),(6712.0660127070732,-250.00000000000057)));
#1312=IFCINDEXEDPOLYCURVE(#1311,$,.F.);
#1313=IFCARBITRARYCLOSEDPROFILEDEF(.AREA.,$,#1312);
#1314=IFCAXIS2PLACEMENT3D(#10,$,$);
#1315=IFCEXTRUDEDAREASOLID(#1313,#1314,#49,3500.0000000001683);
#1316=IFCSTYLEDITEM(#1315,(#913),$);
#1317=IFCCOLOURRGBLIST(((0.,0.80784313725490198,0.40392156862745099)));
#1318=IFCINDEXEDPOLYGONALFACE((1,2,3,4));
#1319=IFCINDEXEDPOLYGONALFACE((5,6,7,8,9,10));
#1320=IFCINDEXEDPOLYGONALFACE((2,1,7,6,5));
#1321=IFCINDEXEDPOLYGONALFACE((4,3,10,9,8));
#1322=IFCINDEXEDPOLYGONALFACE((2,5,10,3));
#1323=IFCINDEXEDPOLYGONALFACE((1,4,8,7));
#1324=IFCCARTESIANPOINTLIST3D(((1.8950174762721871E-012,-250.00000000000111,5.4143356464919636E-013),(6712.066012707076,-249.99999999999949,5.4143356464919636E-013),(6712.0660127070742,-250.00000000000057,3500.0000000001683),(2.1657342585967854E-012,-250.00000000000057,3500.0000000001683),(6712.0660127070723,250.00000000000057,5.4143356464919636E-013),(6212.0660127070742,249.99999999999949,0.),(0.,249.99999999999949,5.4143356464919636E-013),(0.,249.99999999999949,3500.0000000001683),(6212.0660127070742,249.99999999999949,3500.0000000001683),(6712.0660127070723,250.00000000000057,3500.0000000001683)));
#1325=IFCPOLYGONALFACESET(#1324,.T.,(#1318,#1319,#1320,#1321,#1322,#1323),$);
#1326=IFCINDEXEDCOLOURMAP(#1325,1.,#1317,(1,1,1,1,1,1));
#1327=IFCSTYLEDITEM(#1325,(#913),$);
#1328=IFCSHAPEREPRESENTATION(#15,'Body','Tessellation',(#1325));
#1329=IFCWALL('3c8HC29$17vfNgcUAdeh3H',#6,'Basic Wall:Castelnuovo_typeC:1683058',$,$,#1306,#1310,'1683058',.NOTDEFINED.);
#1330=IFCAXIS2PLACEMENT3D(#10,$,$);
#1332=IFCCARTESIANPOINTLIST2D(((-249.99999999999832,-750.00000000000057),(250.00000000000077,-750.00000000000057),(250.00000000000077,749.99999999999955),(-249.99999999999832,749.99999999999955),(-249.99999999999832,-750.00000000000057)));
#1333=IFCINDEXEDPOLYCURVE(#1332,$,.F.);
#1334=IFCARBITRARYCLOSEDPROFILEDEF(.AREA.,'BrickWindow',#1333);
#1335=IFCCARTESIANPOINT((6462.0660127070742,465.65390758865743,2250.));
#1336=IFCAXIS2PLACEMENT3D(#1335,#126,#429);
#1337=IFCEXTRUDEDAREASOLID(#1334,#1336,#49,999.99999999999773);
#1338=IFCSHAPEREPRESENTATION(#15,'Body','SweptSolid',(#1337));
#1339=IFCPRODUCTDEFINITIONSHAPE($,$,(#1338));
#1340=IFCAXIS2PLACEMENT3D(#10,$,$);
#1341=IFCLOCALPLACEMENT(#1306,#1340);
#1342=IFCOPENINGELEMENT('14v6W9Sf94MBFkzvy_U7pi',#6,'Basic Wall:Castelnuovo_typeC:1683058',$,$,#1341,#1339,'1711823',.OPENING.);
#1343=IFCRELVOIDSELEMENT('1zbqZRz6GWGdmy5k9s9KiF',#6,$,$,#1329,#1342);
#1344=IFCAXIS2PLACEMENT3D(#10,$,$);
#1346=IFCCARTESIANPOINTLIST2D(((-1100.,-599.99999999999386),(1100.0000000000011,-599.99999999999648),(1100.0000000000011,599.9999999999917),(-1100.,599.99999999999409),(-1100.,-599.99999999999386)));
#1347=IFCINDEXEDPOLYCURVE(#1346,$,.F.);
#1348=IFCARBITRARYCLOSEDPROFILEDEF(.AREA.,'DoorV2',#1347);
#1349=IFCCARTESIANPOINT((1200.,-1274.,4600.));
#1350=IFCAXIS2PLACEMENT3D(#1349,#126,#49);
#1351=IFCEXTRUDEDAREASOLID(#1348,#1350,#49,3048.);
#1352=IFCSHAPEREPRESENTATION(#15,'Body','SweptSolid',(#1351));
#1353=IFCPRODUCTDEFINITIONSHAPE($,$,(#1352));
#1354=IFCAXIS2PLACEMENT3D(#10,$,$);
#1355=IFCLOCALPLACEMENT(#1306,#1354);
#1356=IFCOPENINGELEMENT('2uuRMObnC9$4yncD6P$cU7',#6,'Basic Wall:Castelnuovo_typeC:1683058',$,$,#1355,#1353,'1765621',.OPENING.);
#1357=IFCRELVOIDSELEMENT('0Yatajt7_7aYRP8EIqWxl6',#6,$,$,#1329,#1356);
#1358=IFCPROPERTYSET('3QGU5C4OKBRkVoi0LySjlN',#6,'Pset_EnvironmentalImpactIndicators',$,(#948));
#1359=IFCPROPERTYSINGLEVALUE('Reference',$,IFCLABEL('Castelnuovo_typeC'),$);
#1360=IFCPROPERTYSET('0g_HTbOEP4y7mAT1dCboJN',#6,'Pset_ReinforcementBarPitchOfWall',$,(#1359));
#1361=IFCPROPERTYSET('2Y_XT8Kq5PU2Bx6i_QYNrB',#6,'Pset_WallCommon',$,(#74,#75,#120,#948));
#1362=IFCPROPERTYSET('3ElNQEGd2pjb2xbytYVWbN',#6,'Pset_EnvironmentalImpactIndicators',$,(#953));
#1363=IFCPROPERTYSET('0TyAek337nv4eucutSdbVo',#6,'Pset_OpeningElementCommon',$,(#953));
#1364=IFCPROPERTYSET('274cDp9bc6Tqy9g11vfwy5',#6,'Pset_EnvironmentalImpactIndicators',$,(#336));
#1365=IFCPROPERTYSET('1Mzq6Z1ji4r6kJhJ58LJ$k',#6,'Pset_OpeningElementCommon',$,(#336));
#1366=IFCRELDEFINESBYPROPERTIES('2GxIYcZMNnZ181wexKgiOe',#6,$,$,(#1329),#1358);
#1367=IFCRELDEFINESBYPROPERTIES('1Q2ir7eqcf6IoDHtLCWaVn',#6,$,$,(#1329),#1360);
#1368=IFCRELDEFINESBYPROPERTIES('1TBNRT29UbeZcwQcuTEgY7',#6,$,$,(#1329),#1361);
#1369=IFCRELDEFINESBYPROPERTIES('0LzF$2hCc2uAUNcf_7$e8z',#6,$,$,(#1342),#1362);
#1370=IFCRELDEFINESBYPROPERTIES('3kOoU$tEGJ_panVi4XxPYW',#6,$,$,(#1342),#1363);
#1371=IFCRELDEFINESBYPROPERTIES('0wvMmX6GreXEM_dx02ccW3',#6,$,$,(#1356),#1364);
#1372=IFCRELDEFINESBYPROPERTIES('26nxkVekjN5v_oq2TWpFGg',#6,$,$,(#1356),#1365);
#1373=IFCCARTESIANPOINT((14233.039754842395,7303.6268859079883,0.));
#1374=IFCDIRECTION((-0.4723689273676574,0.88140092832803896,0.));
#1375=IFCAXIS2PLACEMENT3D(#1373,#49,#1374);
#1376=IFCLOCALPLACEMENT(#28,#1375);
#1377=IFCCARTESIANPOINTLIST3D(((0.,1.0828671292983927E-012,0.),(3652.9704344299057,-1.0828671292983927E-012,0.)));
#1378=IFCINDEXEDPOLYCURVE(#1377,$,.F.);
#1379=IFCSHAPEREPRESENTATION(#14,'Axis','Curve3D',(#1378));
#1380=IFCPRODUCTDEFINITIONSHAPE($,$,(#1379,#1406));
#1381=IFCCARTESIANPOINTLIST2D(((3652.9704344299057,250.0000000000019),(0.,250.00000000000074),(0.,-250.00000000000074),(3652.9704344299062,-249.99999999999949),(3652.9704344299057,250.0000000000019)));
#1382=IFCINDEXEDPOLYCURVE(#1381,$,.F.);
#1383=IFCARBITRARYCLOSEDPROFILEDEF(.AREA.,$,#1382);
#1384=IFCAXIS2PLACEMENT3D(#10,$,$);
#1385=IFCEXTRUDEDAREASOLID(#1383,#1384,#49,3500.0000000001683);
#1386=IFCSTYLEDITEM(#1385,(#913),$);
#1387=IFCCOLOURRGBLIST(((0.,0.80784313725490198,0.40392156862745099)));
#1388=IFCINDEXEDPOLYGONALFACEWITHVOIDS((1,2,3,4),((5,6,7,8),(9,10,11,12)));
#1389=IFCINDEXEDPOLYGONALFACEWITHVOIDS((13,14,15,16),((17,18,19,20),(21,22,23,24)));
#1390=IFCINDEXEDPOLYGONALFACE((2,1,14,13));
#1391=IFCINDEXEDPOLYGONALFACE((4,3,16,15));
#1392=IFCINDEXEDPOLYGONALFACE((2,13,16,3));
#1393=IFCINDEXEDPOLYGONALFACE((14,1,4,15));
#1394=IFCINDEXEDPOLYGONALFACE((18,17,6,5));
#1395=IFCINDEXEDPOLYGONALFACE((19,18,5,8));
#1396=IFCINDEXEDPOLYGONALFACE((20,19,8,7));
#1397=IFCINDEXEDPOLYGONALFACE((17,20,7,6));
#1398=IFCINDEXEDPOLYGONALFACE((21,10,9,22));
#1399=IFCINDEXEDPOLYGONALFACE((22,9,12,23));
#1400=IFCINDEXEDPOLYGONALFACE((23,12,11,24));
#1401=IFCINDEXEDPOLYGONALFACE((10,21,24,11));
#1402=IFCCARTESIANPOINTLIST3D(((1.0828671292983927E-012,-249.9999999999973,5.4143356464919636E-013),(3652.9704344299034,-249.99999999999949,5.4143356464919636E-013),(3652.9704344299034,-249.99999999999949,3500.0000000001683),(1.0828671292983927E-012,-249.9999999999973,3500.0000000001683),(3252.9704344299066,-249.99999999999838,3000.),(3252.9704344299066,-249.99999999999838,1500.),(2252.9704344299075,-249.99999999999838,1500.),(2252.9704344299075,-249.99999999999838,3000.),(1215.6539075886558,-249.99999999999784,3000.),(1215.6539075886558,-249.99999999999784,1500.),(215.65390758865797,-249.99999999999892,1500.),(215.65390758865797,-249.99999999999892,3000.),(3652.9704344299043,250.00000000000057,5.4143356464919636E-013),(1.0828671292983927E-012,250.00000000000273,5.4143356464919636E-013),(0.,250.00000000000327,3500.0000000001683),(3652.9704344299057,250.00000000000273,3500.0000000001683),(3252.9704344299089,250.00000000000111,1500.),(3252.9704344299089,250.00000000000111,3000.),(2252.9704344299089,249.99999999999892,3000.),(2252.9704344299089,249.99999999999892,1500.),(1215.6539075886569,249.99999999999949,1500.),(1215.6539075886569,249.99999999999949,3000.),(215.65390758865797,250.00000000000219,3000.),(215.65390758865797,250.00000000000219,1500.)));
#1403=IFCPOLYGONALFACESET(#1402,.T.,(#1388,#1389,#1390,#1391,#1392,#1393,#1394,#1395,#1396,#1397,#1398,#1399,#1400,#1401),$);
#1404=IFCINDEXEDCOLOURMAP(#1403,1.,#1387,(1,1,1,1,1,1,1,1,1,1,1,1,1,1));
#1405=IFCSTYLEDITEM(#1403,(#913),$);
#1406=IFCSHAPEREPRESENTATION(#15,'Body','Tessellation',(#1403));
#1407=IFCWALL('3c8HC29$17vfNgcUAdeh3G',#6,'Basic Wall:Castelnuovo_typeC:1683059',$,$,#1376,#1380,'1683059',.NOTDEFINED.);
#1408=IFCPROPERTYSET('3rbwgNNZz9AVXVhR7r4fEi',#6,'Pset_EnvironmentalImpactIndicators',$,(#948));
#1409=IFCPROPERTYSINGLEVALUE('Reference',$,IFCLABEL('Castelnuovo_typeC'),$);
#1410=IFCPROPERTYSET('0rabl81eGSJmPcpW8y9KXL',#6,'Pset_ReinforcementBarPitchOfWall',$,(#1409));
#1411=IFCPROPERTYSET('21TU8NOrID2z5IOw5IrfPZ',#6,'Pset_WallCommon',$,(#74,#75,#120,#948));
#1412=IFCRELDEFINESBYPROPERTIES('2WE6TFtfARbUbvND3tM$9q',#6,$,$,(#1407),#1408);
#1413=IFCRELDEFINESBYPROPERTIES('2C13Dvk4QvZXurbtUIoEdp',#6,$,$,(#1407),#1410);
#1414=IFCRELDEFINESBYPROPERTIES('3$zxfnGin5y1csOYuE2$Ys',#6,$,$,(#1407),#1411);
#1415=IFCCARTESIANPOINT((6253.026350501952,7455.0449953661391,-0.));
#1416=IFCDIRECTION((0.88140092832803951,0.47236892736765629,0.));
#1417=IFCAXIS2PLACEMENT3D(#1415,#49,#1416);
#1418=IFCLOCALPLACEMENT(#32,#1417);
#1419=IFCCARTESIANPOINTLIST3D(((0.,0.,1.0828671292983927E-012),(7212.0660127070778,-1.0828671292983927E-012,1.0828671292983927E-012)));
#1420=IFCINDEXEDPOLYCURVE(#1419,$,.F.);
#1421=IFCSHAPEREPRESENTATION(#14,'Axis','Curve3D',(#1420));
#1422=IFCPRODUCTDEFINITIONSHAPE($,$,(#1421,#1481));
#1456=IFCCARTESIANPOINTLIST2D(((7212.066012707076,249.99999999999949),(6.5987215691620808E-013,250.00000000000023),(-6.5987215691620808E-013,-250.00000000000023),(7212.0660127070751,-250.00000000000057),(7212.066012707076,249.99999999999949)));
#1457=IFCINDEXEDPOLYCURVE(#1456,$,.F.);
#1458=IFCARBITRARYCLOSEDPROFILEDEF(.AREA.,$,#1457);
#1459=IFCAXIS2PLACEMENT3D(#10,$,$);
#1460=IFCEXTRUDEDAREASOLID(#1458,#1459,#49,3571.67114903007);
#1461=IFCCOLOURRGB($,0.92549019607843142,0.67843137254901964,0.30980392156862746);
#1462=IFCSURFACESTYLERENDERING(#1461,0.,$,$,$,$,IFCNORMALISEDRATIOMEASURE(0.5),IFCSPECULAREXPONENT(64.),.NOTDEFINED.);
#1463=IFCSURFACESTYLE('Tufelli_masonry_typeD',.BOTH.,(#1462));
#1464=IFCSTYLEDITEM(#1460,(#1463),$);
#1465=IFCCOLOURRGBLIST(((0.92549019607843142,0.67843137254901964,0.30980392156862746)));
#1466=IFCINDEXEDPOLYGONALFACEWITHVOIDS((1,2,3,4,5,6,7,8,9),((10,11,12,13)));
#1467=IFCINDEXEDPOLYGONALFACEWITHVOIDS((14,15,16,17,18),((19,20,21,22)));
#1468=IFCINDEXEDPOLYGONALFACE((4,3,2,1,14,18));
#1469=IFCINDEXEDPOLYGONALFACE((5,4,18,17));
#1470=IFCINDEXEDPOLYGONALFACE((1,9,15,14));
#1471=IFCINDEXEDPOLYGONALFACE((9,8,7,16,15));
#1472=IFCINDEXEDPOLYGONALFACE((7,6,5,17,16));
#1473=IFCINDEXEDPOLYGONALFACE((11,10,19,22));
#1474=IFCINDEXEDPOLYGONALFACE((12,11,22,21));
#1475=IFCINDEXEDPOLYGONALFACE((13,12,21,20));
#1476=IFCINDEXEDPOLYGONALFACE((10,13,20,19));
#1477=IFCCARTESIANPOINTLIST3D(((2.1657342585967854E-012,-250.00000000000057,1.0828671292983927E-012),(500.00000000000222,-250.00000000000057,1.0828671292983927E-012),(6712.0660127070732,-249.99999999999949,1.0828671292983927E-012),(7212.066012707076,-250.00000000000057,1.0828671292983927E-012),(7212.0660127070769,-249.99999999999949,2399.9999999998336),(6712.0660127070732,-249.99999999999949,2562.459848116287),(3606.0330063535357,-250.00000000000057,3571.67114903007),(500.0000000000033,-250.00000000000057,2562.4598481162893),(1.6243006939475892E-012,-249.99999999999949,2399.9999999998336),(900.00000000000057,-249.99999999999949,852.40978849991131),(900.00000000000057,-249.99999999999949,2352.4097884999123),(2100.0000000000018,-250.00000000000057,2352.4097884999123),(2100.0000000000018,-250.00000000000057,852.40978849991131),(5.4143356464919636E-013,249.99999999999838,1.0828671292983927E-012),(1.6243006939475892E-012,250.00000000000057,2399.9999999998336),(3606.0330063535353,249.99999999999949,3571.67114903007),(7212.0660127070723,249.99999999999838,2399.9999999998336),(7212.0660127070723,249.99999999999838,1.0828671292983927E-012),(900.00000000000057,250.00000000000057,852.40978849991131),(2100.,249.99999999999838,852.40978849991131),(2100.,249.99999999999838,2352.4097884999123),(900.00000000000057,250.00000000000057,2352.4097884999123)));
#1478=IFCPOLYGONALFACESET(#1477,.T.,(#1466,#1467,#1468,#1469,#1470,#1471,#1472,#1473,#1474,#1475,#1476),$);
#1479=IFCINDEXEDCOLOURMAP(#1478,1.,#1465,(1,1,1,1,1,1,1,1,1,1,1));
#1480=IFCSTYLEDITEM(#1478,(#1463),$);
#1481=IFCSHAPEREPRESENTATION(#15,'Body','Tessellation',(#1478));
#1482=IFCWALL('3c8HC29$17vfNgcUAdeh01',#6,'Basic Wall:Castelnuovo_typeD:1683106',$,$,#1418,#1422,'1683106',.NOTDEFINED.);
#1483=IFCMATERIAL('Tufelli_masonry_typeD',$,$);
#1484=IFCWALLTYPE('2XlFkFcVPAPhI6yYNClphk',#6,'Basic Wall:Castelnuovo_typeD',$,$,(#1494),$,'1785632',$,.STANDARD.);
#1485=IFCPROPERTYSINGLEVALUE('Reference',$,IFCIDENTIFIER('Castelnuovo_typeD'),$);
#1486=IFCPROPERTYSET('14RBkdMWkRXVe9wLSpfn6T',#6,'Pset_EnvironmentalImpactIndicators',$,(#1485));
#1487=IFCPROPERTYSINGLEVALUE('Reference',$,IFCLABEL('Castelnuovo_typeD'),$);
#1488=IFCPROPERTYSET('3Go4efHtHrPTVUxFAtZvOl',#6,'Pset_ReinforcementBarPitchOfWall',$,(#1487));
#1489=IFCPROPERTYSET('0pa2xf4paLWf2WZQg2pVGr',#6,'Pset_WallCommon',$,(#74,#75,#76,#1485));
#1490=IFCRELDEFINESBYPROPERTIES('03Bdr1CHfQgSJjGQxa4arS',#6,$,$,(#1482),#1486);
#1491=IFCRELDEFINESBYPROPERTIES('1KFpS9csswIGmvEbrCRKp7',#6,$,$,(#1482),#1488);
#1492=IFCRELDEFINESBYPROPERTIES('1TjK1emuIA8jibI8fOSWZy',#6,$,$,(#1482),#1489);
#1493=IFCPROPERTYSINGLEVALUE('Description',$,IFCTEXT('Generic Wall (Material By Category), 200mm thick'),$);
#1494=IFCPROPERTYSET('3V6i_naQ7aUDxH_6RGP_nN',#6,'Pset_ReinforcementBarPitchOfWall',$,(#1493));
#1495=IFCCARTESIANPOINT((8553.2030039271267,3692.3549989006265,-0.));
#1496=IFCDIRECTION((-0.47236892736765773,0.88140092832803885,0.));
#1497=IFCAXIS2PLACEMENT3D(#1495,#49,#1496);
#1498=IFCLOCALPLACEMENT(#32,#1497);
#1499=IFCCARTESIANPOINTLIST3D(((0.,2.7071678232459818E-013,1.0828671292983927E-012),(4152.9704344299062,-5.4143356464919636E-013,1.0828671292983927E-012)));
#1500=IFCINDEXEDPOLYCURVE(#1499,$,.F.);
#1501=IFCSHAPEREPRESENTATION(#14,'Axis','Curve3D',(#1500));
#1502=IFCPRODUCTDEFINITIONSHAPE($,$,(#1501,#1543));
#1522=IFCCARTESIANPOINTLIST2D(((3.7223557569632251E-013,-250.00000000000099),(500.00000000000136,-250.00000000000094),(4152.9704344299053,-250.00000000000111),(4152.9704344299053,249.99999999999892),(1.0321077326125305E-012,249.99999999999901),(3.7223557569632251E-013,-250.00000000000099)));
#1523=IFCINDEXEDPOLYCURVE(#1522,$,.F.);
#1524=IFCARBITRARYCLOSEDPROFILEDEF(.AREA.,$,#1523);
#1525=IFCAXIS2PLACEMENT3D(#10,$,$);
#1526=IFCEXTRUDEDAREASOLID(#1524,#1525,#49,2562.4598481162893);
#1527=IFCSTYLEDITEM(#1526,(#1463),$);
#1528=IFCCOLOURRGBLIST(((0.92549019607843142,0.67843137254901964,0.30980392156862746)));
#1529=IFCINDEXEDPOLYGONALFACE((1,2,3,4,5,6,7,8,9,10));
#1530=IFCINDEXEDPOLYGONALFACE((11,12,13,14,15,16,17,18));
#1531=IFCINDEXEDPOLYGONALFACE((9,8,7,16,15));
#1532=IFCINDEXEDPOLYGONALFACE((4,3,11,18));
#1533=IFCINDEXEDPOLYGONALFACE((6,5,4,18,17));
#1534=IFCINDEXEDPOLYGONALFACE((13,12,2,1));
#1535=IFCINDEXEDPOLYGONALFACE((14,13,1,10));
#1536=IFCINDEXEDPOLYGONALFACE((15,14,10,9));
#1537=IFCINDEXEDPOLYGONALFACE((7,6,17,16));
#1538=IFCINDEXEDPOLYGONALFACE((3,2,12,11));
#1539=IFCCARTESIANPOINTLIST3D(((3152.9704344299089,-250.00000000000219,2200.0000000000023),(3152.9704344299089,-250.00000000000219,1.0828671292983927E-012),(4152.9704344299062,-250.00000000000111,1.0828671292983927E-012),(4152.9704344299062,-250.00000000000111,2562.4598481162893),(500.00000000000114,-250.00000000000111,2562.4598481162893),(5.4143356464919636E-013,-250.00000000000165,2562.4598481162893),(5.4143356464919636E-013,-250.00000000000165,1.0828671292983927E-012),(500.00000000000114,-250.00000000000111,1.0828671292983927E-012),(1752.97043442992,-250.00000000000057,1.0828671292983927E-012),(1752.97043442992,-250.00000000000057,2200.0000000000023),(4152.9704344299062,249.99999999999838,1.0828671292983927E-012),(3152.9704344299084,250.00000000000057,1.0828671292983927E-012),(3152.9704344299093,250.00000000000003,2200.0000000000023),(1752.9704344299196,250.00000000000028,2200.0000000000023),(1752.9704344299196,250.00000000000028,1.0828671292983927E-012),(2.7071678232459817E-012,249.9999999999992,1.0828671292983927E-012),(1.6243006939475892E-012,249.99999999999974,2399.9999999998336),(4152.9704344299062,249.99999999999838,2399.9999999998336)));
#1540=IFCPOLYGONALFACESET(#1539,.T.,(#1529,#1530,#1531,#1532,#1533,#1534,#1535,#1536,#1537,#1538),$);
#1541=IFCINDEXEDCOLOURMAP(#1540,1.,#1528,(1,1,1,1,1,1,1,1,1,1));
#1542=IFCSTYLEDITEM(#1540,(#1463),$);
#1543=IFCSHAPEREPRESENTATION(#15,'Body','Tessellation',(#1540));
#1544=IFCWALL('3c8HC29$17vfNgcUAdeh00',#6,'Basic Wall:Castelnuovo_typeD:1683107',$,$,#1498,#1502,'1683107',.NOTDEFINED.);
#1545=IFCAXIS2PLACEMENT3D(#10,$,$);
#1547=IFCCARTESIANPOINTLIST2D(((-249.99999999999881,-1100.),(250.00000000000077,-1100.),(250.00000000000077,1100.0000000000011),(-249.99999999999881,1100.0000000000011),(-249.99999999999881,-1100.)));
#1548=IFCINDEXEDPOLYCURVE(#1547,$,.F.);
#1549=IFCARBITRARYCLOSEDPROFILEDEF(.AREA.,'DoorV2',#1548);
#1550=IFCCARTESIANPOINT((250.,-2050.,1100.));
#1551=IFCAXIS2PLACEMENT3D(#1550,#126,#1283);
#1552=IFCEXTRUDEDAREASOLID(#1549,#1551,#49,1199.9999999999843);
#1553=IFCSHAPEREPRESENTATION(#15,'Body','SweptSolid',(#1552));
#1554=IFCPRODUCTDEFINITIONSHAPE($,$,(#1553));
#1555=IFCAXIS2PLACEMENT3D(#10,$,$);
#1556=IFCLOCALPLACEMENT(#1498,#1555);
#1557=IFCOPENINGELEMENT('2O1GjAkVz3fXA5GdjpI2$C',#6,'Basic Wall:Castelnuovo_typeD:1683107',$,$,#1556,#1554,'1765621',.OPENING.);
#1558=IFCRELVOIDSELEMENT('2yrdEkdHHsqFzPll6DjZWN',#6,$,$,#1544,#1557);
#1559=IFCPROPERTYSET('2uZlAyF3HWevX0gaQK10U_',#6,'Pset_EnvironmentalImpactIndicators',$,(#1485));
#1560=IFCPROPERTYSINGLEVALUE('Reference',$,IFCLABEL('Castelnuovo_typeD'),$);
#1561=IFCPROPERTYSET('1EOugUa2KDSTp_8ko1O$IX',#6,'Pset_ReinforcementBarPitchOfWall',$,(#1560));
#1562=IFCPROPERTYSET('3t6lTvIWnYCBJx4dNN$Pob',#6,'Pset_WallCommon',$,(#74,#75,#76,#1485));
#1563=IFCPROPERTYSET('3gDDI56nkLGh$2hB6uxRnq',#6,'Pset_EnvironmentalImpactIndicators',$,(#336));
#1564=IFCPROPERTYSET('1H5ff$rSEA1ptKlMs$eVK_',#6,'Pset_OpeningElementCommon',$,(#336));
#1565=IFCRELDEFINESBYPROPERTIES('2gBdWTVOXfRD1p4YN$60dj',#6,$,$,(#1544),#1559);
#1566=IFCRELDEFINESBYPROPERTIES('2aMrrLUgbD3TLrv6niJQRb',#6,$,$,(#1544),#1561);
#1567=IFCRELDEFINESBYPROPERTIES('3z39JgWu0R2CeU2q_RzXUF',#6,$,$,(#1544),#1562);
#1568=IFCRELDEFINESBYPROPERTIES('0d_2OWLvJQrewmg2RlBDIj',#6,$,$,(#1557),#1563);
#1569=IFCRELDEFINESBYPROPERTIES('1PFduXzXC2HovDG3QRwGIq',#6,$,$,(#1557),#1564);
#1570=IFCCARTESIANPOINT((8655.4610041672204,4030.7974628245506,-0.));
#1571=IFCDIRECTION((0.88140092832803951,0.47236892736765623,0.));
#1572=IFCAXIS2PLACEMENT3D(#1570,#49,#1571);
#1573=IFCLOCALPLACEMENT(#32,#1572);
#1574=IFCCARTESIANPOINTLIST3D(((2.7071678232459818E-013,0.,1.0828671292983927E-012),(6712.0660127070723,-1.0828671292983927E-012,1.0828671292983927E-012)));
#1575=IFCINDEXEDPOLYCURVE(#1574,$,.F.);
#1576=IFCSHAPEREPRESENTATION(#14,'Axis','Curve3D',(#1575));
#1577=IFCPRODUCTDEFINITIONSHAPE($,$,(#1576,#1632));
#1610=IFCCARTESIANPOINTLIST2D(((1.7765788840051755E-012,-250.00000000000026),(6712.0660127070732,-249.99999999999949),(6712.0660127070732,249.99999999999892),(6.4295235802092064E-013,250.00000000000023),(1.7765788840051755E-012,-250.00000000000026)));
#1611=IFCINDEXEDPOLYCURVE(#1610,$,.F.);
#1612=IFCARBITRARYCLOSEDPROFILEDEF(.AREA.,$,#1611);
#1613=IFCAXIS2PLACEMENT3D(#10,$,$);
#1614=IFCEXTRUDEDAREASOLID(#1612,#1613,#49,3571.67114903007);
#1615=IFCSTYLEDITEM(#1614,(#1463),$);
#1616=IFCCOLOURRGBLIST(((0.92549019607843142,0.67843137254901964,0.30980392156862746)));
#1617=IFCINDEXEDPOLYGONALFACE((1,2,3,4,5,6,7,8,9));
#1618=IFCINDEXEDPOLYGONALFACE((10,11,12,13,14,15,16,17,18,19,20));
#1619=IFCINDEXEDPOLYGONALFACE((5,17,16,6));
#1620=IFCINDEXEDPOLYGONALFACE((1,11,10,2));
#1621=IFCINDEXEDPOLYGONALFACE((4,3,19,18));
#1622=IFCINDEXEDPOLYGONALFACE((2,10,20,19,3));
#1623=IFCINDEXEDPOLYGONALFACE((17,5,4,18));
#1624=IFCINDEXEDPOLYGONALFACE((8,14,13,9));
#1625=IFCINDEXEDPOLYGONALFACE((14,8,7,15));
#1626=IFCINDEXEDPOLYGONALFACE((15,7,6,16));
#1627=IFCINDEXEDPOLYGONALFACE((11,1,9,13,12));
#1628=IFCCARTESIANPOINTLIST3D(((6712.066012707076,-249.99999999999949,1.0828671292983927E-012),(6712.0660127070742,-250.00000000000057,2399.9999999998336),(3106.0330063535325,-250.00000000000057,3571.67114903007),(2.1657342585967854E-012,-250.00000000000057,2562.4598481162893),(1.8950174762721871E-012,-250.00000000000111,1.0828671292983927E-012),(600.00000000001603,-250.00000000000057,1.0828671292983927E-012),(600.00000000001603,-250.00000000000057,2200.0000000000023),(1800.0000000000014,-250.00000000000111,2200.0000000000023),(1800.0000000000014,-250.00000000000111,1.0828671292983927E-012),(6712.0660127070742,249.99999999999949,2399.9999999998336),(6712.0660127070723,250.00000000000057,1.0828671292983927E-012),(6212.0660127070742,249.99999999999949,1.0828671292983927E-012),(1799.9999999999989,249.99999999999949,1.0828671292983927E-012),(1799.9999999999989,249.99999999999949,2200.0000000000023),(600.00000000001546,249.99999999999949,2200.0000000000023),(600.00000000001546,249.99999999999949,1.0828671292983927E-012),(0.,249.99999999999949,1.0828671292983927E-012),(0.,249.99999999999949,2562.459848116287),(3106.0330063535339,249.99999999999949,3571.67114903007),(6212.0660127070742,249.99999999999949,2562.459848116287)));
#1629=IFCPOLYGONALFACESET(#1628,.T.,(#1617,#1618,#1619,#1620,#1621,#1622,#1623,#1624,#1625,#1626,#1627),$);
#1630=IFCINDEXEDCOLOURMAP(#1629,1.,#1616,(1,1,1,1,1,1,1,1,1,1,1));
#1631=IFCSTYLEDITEM(#1629,(#1463),$);
#1632=IFCSHAPEREPRESENTATION(#15,'Body','Tessellation',(#1629));
#1633=IFCWALL('3c8HC29$17vfNgcUAdeh07',#6,'Basic Wall:Castelnuovo_typeD:1683108',$,$,#1573,#1577,'1683108',.NOTDEFINED.);
#1634=IFCPROPERTYSET('3KuTO1qGyyLKmYxrcACw1d',#6,'Pset_EnvironmentalImpactIndicators',$,(#1485));
#1635=IFCPROPERTYSINGLEVALUE('Reference',$,IFCLABEL('Castelnuovo_typeD'),$);
#1636=IFCPROPERTYSET('0avG3CdHWlJfV6BFi0WIUE',#6,'Pset_ReinforcementBarPitchOfWall',$,(#1635));
#1637=IFCPROPERTYSET('35BKKiUCNXYiGAZZpWW_oe',#6,'Pset_WallCommon',$,(#74,#75,#76,#1485));
#1638=IFCRELDEFINESBYPROPERTIES('0FBAMePPftVbW7eo5Q_MCc',#6,$,$,(#1633),#1634);
#1639=IFCRELDEFINESBYPROPERTIES('0u9VwuJ__gHVES1gTT00qI',#6,$,$,(#1633),#1636);
#1640=IFCRELDEFINESBYPROPERTIES('0omNvMHKt6aI8$1Km0J8KZ',#6,$,$,(#1633),#1637);
#1641=IFCCARTESIANPOINT((14233.039754842395,7303.6268859079883,0.));
#1642=IFCDIRECTION((-0.4723689273676574,0.88140092832803896,0.));
#1643=IFCAXIS2PLACEMENT3D(#1641,#49,#1642);
#1644=IFCLOCALPLACEMENT(#32,#1643);
#1645=IFCCARTESIANPOINTLIST3D(((0.,1.0828671292983927E-012,-1.0828671292983927E-012),(3652.9704344299057,-1.0828671292983927E-012,-1.0828671292983927E-012)));
#1646=IFCINDEXEDPOLYCURVE(#1645,$,.F.);
#1647=IFCSHAPEREPRESENTATION(#14,'Axis','Curve3D',(#1646));
#1648=IFCPRODUCTDEFINITIONSHAPE($,$,(#1647,#1688));
#1667=IFCCARTESIANPOINTLIST2D(((3652.9704344299057,250.0000000000019),(0.,250.00000000000074),(0.,-250.00000000000074),(3652.9704344299062,-249.99999999999949),(3652.9704344299057,250.0000000000019)));
#1668=IFCINDEXEDPOLYCURVE(#1667,$,.F.);
#1669=IFCARBITRARYCLOSEDPROFILEDEF(.AREA.,$,#1668);
#1670=IFCAXIS2PLACEMENT3D(#10,$,$);
#1671=IFCEXTRUDEDAREASOLID(#1669,#1670,#49,2562.4598481162852);
#1672=IFCSTYLEDITEM(#1671,(#1463),$);
#1673=IFCCOLOURRGBLIST(((0.92549019607843142,0.67843137254901964,0.30980392156862746)));
#1674=IFCINDEXEDPOLYGONALFACEWITHVOIDS((1,2,3,4),((5,6,7,8)));
#1675=IFCINDEXEDPOLYGONALFACEWITHVOIDS((9,10,11,12),((13,14,15,16)));
#1676=IFCINDEXEDPOLYGONALFACE((2,1,10,9));
#1677=IFCINDEXEDPOLYGONALFACE((2,9,12,3));
#1678=IFCINDEXEDPOLYGONALFACE((10,1,4,11));
#1679=IFCINDEXEDPOLYGONALFACE((4,3,12,11));
#1680=IFCINDEXEDPOLYGONALFACE((14,13,6,5));
#1681=IFCINDEXEDPOLYGONALFACE((15,14,5,8));
#1682=IFCINDEXEDPOLYGONALFACE((16,15,8,7));
#1683=IFCINDEXEDPOLYGONALFACE((13,16,7,6));
#1684=IFCCARTESIANPOINTLIST3D(((1.0828671292983927E-012,-249.9999999999973,-1.0828671292983927E-012),(3652.9704344299034,-249.99999999999949,-1.0828671292983927E-012),(3652.9704344299034,-249.99999999999949,2399.9999999998313),(1.0828671292983927E-012,-249.9999999999973,2399.9999999998313),(2100.0000000000032,-249.99999999999892,1504.296383365084),(2100.0000000000032,-249.99999999999892,404.29638336508401),(1100.0000000000055,-249.9999999999946,404.29638336508401),(1100.0000000000055,-249.9999999999946,1504.296383365084),(3652.9704344299043,250.00000000000057,-1.0828671292983927E-012),(1.0828671292983927E-012,250.00000000000273,-1.0828671292983927E-012),(1.0828671292983927E-012,250.00000000000273,2562.4598481162852),(3652.9704344299057,250.00000000000273,2562.4598481162852),(2100.0000000000045,250.00000000000381,404.29638336508401),(2100.0000000000045,250.00000000000381,1504.296383365084),(1100.0000000000023,249.99999999999676,1504.296383365084),(1100.0000000000023,249.99999999999676,404.29638336508401)));
#1685=IFCPOLYGONALFACESET(#1684,.T.,(#1674,#1675,#1676,#1677,#1678,#1679,#1680,#1681,#1682,#1683),$);
#1686=IFCINDEXEDCOLOURMAP(#1685,1.,#1673,(1,1,1,1,1,1,1,1,1,1));
#1687=IFCSTYLEDITEM(#1685,(#1463),$);
#1688=IFCSHAPEREPRESENTATION(#15,'Body','Tessellation',(#1685));
#1689=IFCWALL('3c8HC29$17vfNgcUAdeh06',#6,'Basic Wall:Castelnuovo_typeD:1683109',$,$,#1644,#1648,'1683109',.NOTDEFINED.);
#1690=IFCPROPERTYSET('08CynUK0ODsBd5Sr4vzGkW',#6,'Pset_EnvironmentalImpactIndicators',$,(#1485));
#1691=IFCPROPERTYSINGLEVALUE('Reference',$,IFCLABEL('Castelnuovo_typeD'),$);
#1692=IFCPROPERTYSET('22vxEFwMEFiT$sSE3ZWG65',#6,'Pset_ReinforcementBarPitchOfWall',$,(#1691));
#1693=IFCPROPERTYSET('2yFw_2NMc6FDZpNGrFzVuB',#6,'Pset_WallCommon',$,(#74,#75,#76,#1485));
#1694=IFCRELDEFINESBYPROPERTIES('1UhJ$BRmz2Ex3Kxr9MEAm7',#6,$,$,(#1689),#1690);
#1695=IFCRELDEFINESBYPROPERTIES('1kVDEmfbqDG2Z4LtRNVxqG',#6,$,$,(#1689),#1692);
#1696=IFCRELDEFINESBYPROPERTIES('28cHAs33A0$n3FF02$5YjO',#6,$,$,(#1689),#1693);
#1697=IFCAXIS2PLACEMENT3D(#10,$,$);
#1698=IFCLOCALPLACEMENT(#28,#1697);
#1699=IFCCARTESIANPOINTLIST2D(((-1953.0182446701508,-2736.3924318030986),(-882.32725177661519,-2736.3924318030986),(-882.3272517766153,-1763.6075681969016),(917.67274822339562,-1763.6075681969032),(917.67274822338425,1236.392431803097),(1917.6727482233778,1236.3924318030972),(1917.6727482233753,3263.6075681969073),(-1953.018244670156,3263.6075681969064),(-1953.0182446701508,-2736.3924318030986)));
#1700=IFCINDEXEDPOLYCURVE(#1699,$,.F.);
#1701=IFCARBITRARYCLOSEDPROFILEDEF(.AREA.,$,#1700);
#1702=IFCCARTESIANPOINT((17326.067009027058,-14500.019952822762,-0.));
#1703=IFCAXIS2PLACEMENT3D(#1702,#1156,#126);
#1704=IFCEXTRUDEDAREASOLID(#1701,#1703,#49,100.);
#1705=IFCCOLOURRGB($,0.44313725490196076,0.33725490196078434,0.24313725490196078);
#1706=IFCSURFACESTYLERENDERING(#1705,0.,$,$,$,$,IFCNORMALISEDRATIOMEASURE(0.5),IFCSPECULAREXPONENT(64.),.NOTDEFINED.);
#1707=IFCSURFACESTYLE('Timber_beams_assembly',.BOTH.,(#1706));
#1708=IFCSTYLEDITEM(#1704,(#1707),$);
#1709=IFCSHAPEREPRESENTATION(#15,'Body','SweptSolid',(#1704));
#1710=IFCCARTESIANPOINTLIST2D(((14589.674577223956,-16453.038197492908),(14589.674577223959,-15382.347204599371),(15562.459440830155,-15382.347204599373),(15562.459440830156,-13582.347204599362),(18562.459440830156,-13582.34720459938),(18562.45944083016,-12582.347204599386),(20589.67457722397,-12582.347204599393),(20589.674577223963,-16453.038197492922),(14589.674577223956,-16453.038197492908)));
#1711=IFCINDEXEDPOLYCURVE(#1710,$,.F.);
#1712=IFCSHAPEREPRESENTATION(#17,'FootPrint','Curve2D',(#1711));
#1713=IFCPRODUCTDEFINITIONSHAPE($,$,(#1709,#1712));
#1714=IFCSLAB('2ZoDGSMBbEOf6SBMxlu$bS',#6,'Floor:Historic_timber_floor:1686129',$,$,#1698,#1713,'1686129',.FLOOR.);
#1715=IFCSLABTYPE('3GK1LrCGz5JRM7wkxRTYEk',#6,'Floor:Historic_timber_floor',$,$,(#1727),$,'1789223',$,.FLOOR.);
#1716=IFCMATERIAL('Timber_beams_assembly',$,$);
#1717=IFCPROPERTYSINGLEVALUE('Reference',$,IFCIDENTIFIER('Historic_timber_floor'),$);
#1718=IFCPROPERTYSET('0RfPwpSIfh89TfALZdbbP0',#6,'Pset_EnvironmentalImpactIndicators',$,(#1717));
#1719=IFCPROPERTYSINGLEVALUE('Reference',$,IFCLABEL('Historic_timber_floor'),$);
#1720=IFCPROPERTYSET('38CCtaGoQNBtopkdMjudlP',#6,'Pset_ReinforcementBarPitchOfSlab',$,(#1719));
#1721=IFCPROPERTYSINGLEVALUE('PitchAngle',$,IFCPLANEANGLEMEASURE(0.),$);
#1722=IFCPROPERTYSET('2QMgfuSCO6gV62oIwN7sDA',#6,'Pset_SlabCommon',$,(#75,#1170,#1717,#1721));
#1723=IFCRELDEFINESBYPROPERTIES('34MI6Lon0pkix3yNS4bXRh',#6,$,$,(#1714),#1718);
#1724=IFCRELDEFINESBYPROPERTIES('0Vhb9hB65HammonGplgGnv',#6,$,$,(#1714),#1720);
#1725=IFCRELDEFINESBYPROPERTIES('1yLmcyTavu9Mb28kD20md9',#6,$,$,(#1714),#1722);
#1726=IFCPROPERTYSINGLEVALUE('Description',$,IFCTEXT('Generic Floor (Material By Category), 300mm thick'),$);
#1727=IFCPROPERTYSET('3mMIxP8Rr$9o0mLK_bsu8x',#6,'Pset_ReinforcementBarPitchOfSlab',$,(#1726));
#1728=IFCCARTESIANPOINT((19750.273584565075,-7693.8507991891329,-0.));
#1729=IFCAXIS2PLACEMENT3D(#1728,#49,#126);
#1730=IFCLOCALPLACEMENT(#28,#1729);
#1731=IFCPRODUCTDEFINITIONSHAPE($,$,(#1740));
#1732=IFCCARTESIANPOINTLIST2D(((-929.14485474026401,-3281.6607854815393),(-418.71037076310182,-3281.6607854815388),(937.9139165763022,3324.3613453165876),(409.94130892706323,3238.9602256464891),(-929.14485474026401,-3281.6607854815393)));
#1733=IFCINDEXEDPOLYCURVE(#1732,$,.F.);
#1734=IFCARBITRARYCLOSEDPROFILEDEF(.AREA.,'Castelnuovo',#1733);
#1735=IFCCARTESIANPOINT((3405.3712070697907,-666.8951805278341,0.));
#1736=IFCDIRECTION((0.32556815445715881,-0.94551857559931607,0.));
#1737=IFCAXIS2PLACEMENT3D(#1735,#49,#1736);
#1738=IFCEXTRUDEDAREASOLID(#1734,#1737,#49,3500.0000000001919);
#1739=IFCSTYLEDITEM(#1738,(#64),$);
#1740=IFCSHAPEREPRESENTATION(#15,'Body','SweptSolid',(#1738));
#1741=IFCWALL('2XzZEtRJH75fftbZbcqwY_',#6,'Castelnuovo1:Castelnuovo:1689217',$,$,#1730,#1731,'1689217',.NOTDEFINED.);
#1742=IFCCARTESIANPOINTLIST2D(((-750.00000000000057,-499.99999999999852),(749.99999999999955,-499.9999999999996),(749.99999999999955,500.00000000000131),(-750.00000000000057,500.00000000000131),(-750.00000000000057,-499.99999999999852)));
#1743=IFCINDEXEDPOLYCURVE(#1742,$,.F.);
#1744=IFCARBITRARYCLOSEDPROFILEDEF(.AREA.,$,#1743);
#1745=IFCCARTESIANPOINT((1683.5124160122175,-618.10773636945896,1065.5953809424052));
#1746=IFCDIRECTION((0.12870878250531792,-0.99168243369840869,0.));
#1747=IFCAXIS2PLACEMENT3D(#1745,#1746,#49);
#1748=IFCEXTRUDEDAREASOLID(#1744,#1747,#49,590.00000000001251);
#1749=IFCSHAPEREPRESENTATION(#15,'Body','SweptSolid',(#1748));
#1750=IFCPRODUCTDEFINITIONSHAPE($,$,(#1749));
#1751=IFCAXIS2PLACEMENT3D(#10,$,$);
#1752=IFCLOCALPLACEMENT(#1730,#1751);
#1753=IFCOPENINGELEMENT('23$c4ODFZtBAJM9PKKF0vp',#6,'Castelnuovo',$,$,#1752,#1750,'1702342',.OPENING.);
#1754=IFCRELVOIDSELEMENT('2fZi9lFxkKjQE0_aBfpGZO',#6,$,$,#1741,#1753);
#1755=IFCCARTESIANPOINTLIST2D(((-750.00000000000057,-499.99999999999864),(749.99999999999955,-499.9999999999996),(749.99999999999955,500.00000000000068),(-750.00000000000057,500.00000000000068),(-750.00000000000057,-499.99999999999864)));
#1756=IFCINDEXEDPOLYCURVE(#1755,$,.F.);
#1757=IFCARBITRARYCLOSEDPROFILEDEF(.AREA.,$,#1756);
#1758=IFCCARTESIANPOINT((1753.0151585650724,-1153.6162505666102,1065.5953809424052));
#1759=IFCDIRECTION((-0.12870878250531753,0.99168243369840881,0.));
#1760=IFCAXIS2PLACEMENT3D(#1758,#1759,#49);
#1761=IFCEXTRUDEDAREASOLID(#1757,#1760,#49,590.00000000000739);
#1762=IFCSHAPEREPRESENTATION(#15,'Body','SweptSolid',(#1761));
#1763=IFCPRODUCTDEFINITIONSHAPE($,$,(#1762));
#1764=IFCAXIS2PLACEMENT3D(#10,$,$);
#1765=IFCLOCALPLACEMENT(#1730,#1764);
#1766=IFCOPENINGELEMENT('2SpeLs7Khgd6bqIO3r1OWM',#6,'Castelnuovo',$,$,#1765,#1763,'1702352',.OPENING.);
#1767=IFCRELVOIDSELEMENT('1u7_3IcB24xewHSm6eQchg',#6,$,$,#1741,#1766);
#1768=IFCCARTESIANPOINTLIST2D(((-750.00000000000057,-499.9999999999996),(749.99999999999955,-500.00000000000131),(749.99999999999955,499.9999999999996),(-750.00000000000057,499.9999999999996),(-750.00000000000057,-499.9999999999996)));
#1769=IFCINDEXEDPOLYCURVE(#1768,$,.F.);
#1770=IFCARBITRARYCLOSEDPROFILEDEF(.AREA.,$,#1769);
#1771=IFCCARTESIANPOINT((1683.5124160122152,-618.10773636945896,1065.5953809424052));
#1772=IFCDIRECTION((0.12870878250531792,-0.99168243369840869,0.));
#1773=IFCAXIS2PLACEMENT3D(#1771,#1772,#49);
#1774=IFCEXTRUDEDAREASOLID(#1770,#1773,#49,590.00000000001251);
#1775=IFCSHAPEREPRESENTATION(#15,'Body','SweptSolid',(#1774));
#1776=IFCPRODUCTDEFINITIONSHAPE($,$,(#1775));
#1777=IFCAXIS2PLACEMENT3D(#10,$,$);
#1778=IFCLOCALPLACEMENT(#1730,#1777);
#1779=IFCOPENINGELEMENT('30IW1TDhZOvs4Fzdl9tJru',#6,'Castelnuovo',$,$,#1778,#1776,'1702389',.OPENING.);
#1780=IFCRELVOIDSELEMENT('01x_fKU5nPjZ9bda$Xwr19',#6,$,$,#1741,#1779);
#1781=IFCCARTESIANPOINTLIST2D(((-499.99999999999949,-600.00000000003376),(499.99999999999949,-600.00000000003274),(1100.0000000000309,5.3693015507731942E-013),(499.99999999999841,600.00000000003297),(-500.00000000000006,600.00000000003297)));
#1782=IFCINDEXEDPOLYCURVE(#1781,(IFCLINEINDEX((1,2)),IFCARCINDEX((2,3,4)),IFCLINEINDEX((4,5,1))),.F.);
#1783=IFCARBITRARYCLOSEDPROFILEDEF(.AREA.,$,#1782);
#1784=IFCCARTESIANPOINT((5024.7295542918719,-184.4568262186568,741.98859677615667));
#1785=IFCDIRECTION((0.12870878250532231,-0.99168243369840814,0.));
#1786=IFCAXIS2PLACEMENT3D(#1784,#1785,#49);
#1787=IFCEXTRUDEDAREASOLID(#1783,#1786,#49,590.00000000001512);
#1788=IFCSHAPEREPRESENTATION(#15,'Body','SweptSolid',(#1787));
#1789=IFCPRODUCTDEFINITIONSHAPE($,$,(#1788));
#1790=IFCAXIS2PLACEMENT3D(#10,$,$);
#1791=IFCLOCALPLACEMENT(#1730,#1790);
#1792=IFCOPENINGELEMENT('2l6uuZeXQAwFyvJPcxyLs5',#6,'Castelnuovo',$,$,#1791,#1789,'1702440',.OPENING.);
#1793=IFCRELVOIDSELEMENT('0NnYTagpkkk6SG4NaCoIZk',#6,$,$,#1741,#1792);
#1794=IFCWALLTYPE('2XzZEtRJH75fftbZbcqwX0',#6,'Castelnuovo1:Castelnuovo',$,$,$,$,'1689215',$,.NOTDEFINED.);
#1795=IFCPROPERTYSET('3yOwtJVi_zG9DektUQPG6V',#6,'Pset_EnvironmentalImpactIndicators',$,(#1166));
#1796=IFCPROPERTYSINGLEVALUE('Reference',$,IFCLABEL('Castelnuovo'),$);
#1797=IFCPROPERTYSET('24GP1j3j8jseAexgbpT807',#6,'Pset_ReinforcementBarPitchOfWall',$,(#1796));
#1798=IFCPROPERTYSET('18xarsRn9KiE2oHMF2BT_S',#6,'Pset_WallCommon',$,(#1166,#1170));
#1799=IFCPROPERTYSET('2yJ6iF47dzO8kknNfLBSz7',#6,'Pset_EnvironmentalImpactIndicators',$,(#1172));
#1800=IFCPROPERTYSET('2fBICoL5ioX1HKeDQYsER$',#6,'Pset_OpeningElementCommon',$,(#1172));
#1801=IFCPROPERTYSET('0aO2srwFNDwiTv$Oel7JgY',#6,'Pset_EnvironmentalImpactIndicators',$,(#1172));
#1802=IFCPROPERTYSET('1KxVPtXdCREH7uxZ5Cx_8E',#6,'Pset_OpeningElementCommon',$,(#1172));
#1803=IFCPROPERTYSET('0WqxJjRNv7zRfEo2SCpZAz',#6,'Pset_EnvironmentalImpactIndicators',$,(#1172));
#1804=IFCPROPERTYSET('0XdOk3Zvu10kJNg$yKZPPy',#6,'Pset_OpeningElementCommon',$,(#1172));
#1805=IFCPROPERTYSINGLEVALUE('Reference',$,IFCIDENTIFIER('StoneWindowArch'),$);
#1806=IFCPROPERTYSET('2jAW_6q8CWiB3nj6mlBGkd',#6,'Pset_EnvironmentalImpactIndicators',$,(#1805));
#1807=IFCPROPERTYSET('1PX12hetc0FVol1TvCQT56',#6,'Pset_OpeningElementCommon',$,(#1805));
#1808=IFCRELDEFINESBYPROPERTIES('23MMtoZITwNlWmX$x$vC0p',#6,$,$,(#1741),#1795);
#1809=IFCRELDEFINESBYPROPERTIES('1qGPxODPqnpwVPA4MQbFYD',#6,$,$,(#1741),#1797);
#1810=IFCRELDEFINESBYPROPERTIES('1DzRItqCRqw8eOPbRBOMB3',#6,$,$,(#1741),#1798);
#1811=IFCRELDEFINESBYPROPERTIES('347krxhNv8yjw3ByH1BluW',#6,$,$,(#1753),#1799);
#1812=IFCRELDEFINESBYPROPERTIES('0arp_lV2pxUN3tOihfvY9U',#6,$,$,(#1753),#1800);
#1813=IFCRELDEFINESBYPROPERTIES('0n6Zo72Q6FATi1TPl6L1Tm',#6,$,$,(#1766),#1801);
#1814=IFCRELDEFINESBYPROPERTIES('1TcI2xydYiSSdW4fUveQEC',#6,$,$,(#1766),#1802);
#1815=IFCRELDEFINESBYPROPERTIES('1LQBxPRXLbYIp9MWHQObPd',#6,$,$,(#1779),#1803);
#1816=IFCRELDEFINESBYPROPERTIES('0hYOeHHI6EovEynfgfbpoc',#6,$,$,(#1779),#1804);
#1817=IFCRELDEFINESBYPROPERTIES('3YcFkQSEFH1vQ0pza8gP9e',#6,$,$,(#1792),#1806);
#1818=IFCRELDEFINESBYPROPERTIES('2a1ygt0sRIYb$75kMkokhK',#6,$,$,(#1792),#1807);
#1819=IFCCARTESIANPOINT((19750.273584565075,-7693.8507991891329,-0.));
#1820=IFCAXIS2PLACEMENT3D(#1819,#49,#126);
#1821=IFCLOCALPLACEMENT(#32,#1820);
#1822=IFCPRODUCTDEFINITIONSHAPE($,$,(#1831));
#1823=IFCCARTESIANPOINTLIST2D(((-929.14485474026401,-3281.6607854815393),(-418.71037076310182,-3281.6607854815388),(937.9139165763022,3324.3613453165876),(409.94130892706323,3238.9602256464891),(-929.14485474026401,-3281.6607854815393)));
#1824=IFCINDEXEDPOLYCURVE(#1823,$,.F.);
#1825=IFCARBITRARYCLOSEDPROFILEDEF(.AREA.,'Castelnuovo',#1824);
#1826=IFCCARTESIANPOINT((3405.3712070697907,-666.8951805278341,0.));
#1827=IFCDIRECTION((0.32556815445715881,-0.94551857559931607,0.));
#1828=IFCAXIS2PLACEMENT3D(#1826,#49,#1827);
#1829=IFCEXTRUDEDAREASOLID(#1825,#1828,#49,2399.9999999998549);
#1830=IFCSTYLEDITEM(#1829,(#64),$);
#1831=IFCSHAPEREPRESENTATION(#15,'Body','SweptSolid',(#1829));
#1832=IFCWALL('2XzZEtRJH75fftbZbcqwZb',#6,'Castelnuovo4:Castelnuovo:1689306',$,$,#1821,#1822,'1689306',.NOTDEFINED.);
#1833=IFCCARTESIANPOINTLIST2D(((-749.99999999999955,-599.99999999999966),(750.00000000000057,-600.00000000000068),(750.00000000000057,599.99999999999966),(-749.99999999999955,599.99999999999966),(-749.99999999999955,-599.99999999999966)));
#1834=IFCINDEXEDPOLYCURVE(#1833,$,.F.);
#1835=IFCARBITRARYCLOSEDPROFILEDEF(.AREA.,$,#1834);
#1836=IFCCARTESIANPOINT((1704.023346842605,-615.4456574160323,1250.));
#1837=IFCDIRECTION((0.12870878250531792,-0.99168243369840869,0.));
#1838=IFCAXIS2PLACEMENT3D(#1836,#1837,#49);
#1839=IFCEXTRUDEDAREASOLID(#1835,#1838,#49,590.0000000000075);
#1840=IFCSHAPEREPRESENTATION(#15,'Body','SweptSolid',(#1839));
#1841=IFCPRODUCTDEFINITIONSHAPE($,$,(#1840));
#1842=IFCAXIS2PLACEMENT3D(#10,$,$);
#1843=IFCLOCALPLACEMENT(#1821,#1842);
#1844=IFCOPENINGELEMENT('0dYmTN_p_ZZlQmlH7OXf5Z',#6,'Castelnuovo',$,$,#1843,#1841,'1702400',.OPENING.);
#1845=IFCRELVOIDSELEMENT('14bkFKSXJTS97P1SzP5y8o',#6,$,$,#1832,#1844);
#1846=IFCCARTESIANPOINTLIST2D(((-749.99999999999955,-599.99999999999966),(750.00000000000057,-600.),(750.00000000000057,600.00000000000023),(-749.99999999999955,600.00000000000023),(-749.99999999999955,-599.99999999999966)));
#1847=IFCINDEXEDPOLYCURVE(#1846,$,.F.);
#1848=IFCARBITRARYCLOSEDPROFILEDEF(.AREA.,$,#1847);
#1849=IFCCARTESIANPOINT((4845.8280355309089,-207.67615116141766,1250.));
#1850=IFCDIRECTION((0.12870878250531792,-0.99168243369840869,0.));
#1851=IFCAXIS2PLACEMENT3D(#1849,#1850,#49);
#1852=IFCEXTRUDEDAREASOLID(#1848,#1851,#49,590.00000000001251);
#1853=IFCSHAPEREPRESENTATION(#15,'Body','SweptSolid',(#1852));
#1854=IFCPRODUCTDEFINITIONSHAPE($,$,(#1853));
#1855=IFCAXIS2PLACEMENT3D(#10,$,$);
#1856=IFCLOCALPLACEMENT(#1821,#1855);
#1857=IFCOPENINGELEMENT('2$NLJu2Cxb7IuASzEOSsBW',#6,'Castelnuovo',$,$,#1856,#1854,'1702403',.OPENING.);
#1858=IFCRELVOIDSELEMENT('1nOA$DhmxJ2E2Hu0Q9KntY',#6,$,$,#1832,#1857);
#1859=IFCWALLTYPE('2XzZEtRJH75fftbZbcqwZd',#6,'Castelnuovo4:Castelnuovo',$,$,$,$,'1689304',$,.NOTDEFINED.);
#1860=IFCPROPERTYSET('3by9hFH0YhWDXRpv_tAynp',#6,'Pset_EnvironmentalImpactIndicators',$,(#1166));
#1861=IFCPROPERTYSINGLEVALUE('Reference',$,IFCLABEL('Castelnuovo'),$);
#1862=IFCPROPERTYSET('1pBAk7NNc6Jolw8ZNn9Hxn',#6,'Pset_ReinforcementBarPitchOfWall',$,(#1861));
#1863=IFCPROPERTYSET('352dHiNt23Mk2E3QahvvOM',#6,'Pset_WallCommon',$,(#1166,#1170));
#1864=IFCPROPERTYSET('3Rrw6mz171DY6Jhd28N5b8',#6,'Pset_EnvironmentalImpactIndicators',$,(#1172));
#1865=IFCPROPERTYSET('29Fue3IPR_5qvjtIE7A6wD',#6,'Pset_OpeningElementCommon',$,(#1172));
#1866=IFCPROPERTYSET('3ZOJj2$wq_qRQOBo4MwzmY',#6,'Pset_EnvironmentalImpactIndicators',$,(#1172));
#1867=IFCPROPERTYSET('3uiCEr7uwrkBhb6Gd90vha',#6,'Pset_OpeningElementCommon',$,(#1172));
#1868=IFCRELDEFINESBYPROPERTIES('0V_JUyy7sRCJNIg__I5cX5',#6,$,$,(#1832),#1860);
#1869=IFCRELDEFINESBYPROPERTIES('3qeKhVr_P2ew9GJwmKsKG6',#6,$,$,(#1832),#1862);
#1870=IFCRELDEFINESBYPROPERTIES('0i_DVrRP0Yn_eLFciU6HqE',#6,$,$,(#1832),#1863);
#1871=IFCRELDEFINESBYPROPERTIES('1Lpge1gKVbGpggE4CABPs0',#6,$,$,(#1844),#1864);
#1872=IFCRELDEFINESBYPROPERTIES('1qAMNnkzRqO6gVGkvsIYfZ',#6,$,$,(#1844),#1865);
#1873=IFCRELDEFINESBYPROPERTIES('3QI_XdF3cqk6lijUFp9k49',#6,$,$,(#1857),#1866);
#1874=IFCRELDEFINESBYPROPERTIES('3OihEjEt8juOmVF3W8yojo',#6,$,$,(#1857),#1867);
#1875=IFCCARTESIANPOINT((8914.6440133858068,2030.6101604381226,-1500.));
#1876=IFCAXIS2PLACEMENT3D(#1875,$,$);
#1877=IFCLOCALPLACEMENT(#24,#1876);
#1878=IFCPRODUCTDEFINITIONSHAPE($,$,(#1890));
#1879=IFCCARTESIANPOINTLIST2D(((-91.007186015032275,-4781.2798324199512),(424.93912782199465,-4781.2798324199484),(89.558199743286877,4822.773370301049),(-423.49014155025247,4739.7862945388488),(-91.007186015032275,-4781.2798324199512)));
#1880=IFCINDEXEDPOLYCURVE(#1879,$,.F.);
#1881=IFCARBITRARYCLOSEDPROFILEDEF(.AREA.,'Castelnuovo_wall',#1880);
#1882=IFCCARTESIANPOINT((4589.1791053322931,1943.5412718532832,0.));
#1883=IFCDIRECTION((-0.32556815445715609,0.94551857559931707,0.));
#1884=IFCAXIS2PLACEMENT3D(#1882,#49,#1883);
#1885=IFCEXTRUDEDAREASOLID(#1881,#1884,#49,5599.9999999999454);
#1886=IFCCOLOURRGB($,1.,1.,0.);
#1887=IFCSURFACESTYLERENDERING(#1886,0.,$,$,$,$,IFCNORMALISEDRATIOMEASURE(0.5),IFCSPECULAREXPONENT(64.),.NOTDEFINED.);
#1888=IFCSURFACESTYLE('Tufelli_masonry_typeB',.BOTH.,(#1887));
#1889=IFCSTYLEDITEM(#1885,(#1888),$);
#1890=IFCSHAPEREPRESENTATION(#15,'Body','SweptSolid',(#1885));
#1891=IFCWALL('2XzZEtRJH75fftbZbcqwO2',#6,'Castelnuovo_wall:Castelnuovo_wall:1689661',$,$,#1877,#1878,'1689661',.NOTDEFINED.);
#1892=IFCWALLTYPE('2XzZEtRJH75fftbZbcqwO4',#6,'Castelnuovo_wall:Castelnuovo_wall',$,$,$,$,'1689659',$,.NOTDEFINED.);
#1893=IFCMATERIAL('Tufelli_masonry_typeB',$,$);
#1894=IFCPROPERTYSINGLEVALUE('Reference',$,IFCIDENTIFIER('Castelnuovo_wall'),$);
#1895=IFCPROPERTYSET('259QB4bkLy4eYjxvsoguUf',#6,'Pset_EnvironmentalImpactIndicators',$,(#1894));
#1896=IFCPROPERTYSINGLEVALUE('Reference',$,IFCLABEL('Castelnuovo_wall'),$);
#1897=IFCPROPERTYSET('0GRTnFvPpuTQqpziR_wNuJ',#6,'Pset_ReinforcementBarPitchOfWall',$,(#1896));
#1898=IFCPROPERTYSET('3sIoGRt8N0Seur_cje9djQ',#6,'Pset_WallCommon',$,(#1170,#1894));
#1899=IFCRELDEFINESBYPROPERTIES('3QXl3JdOomu5T4qZpPW9TH',#6,$,$,(#1891),#1895);
#1900=IFCRELDEFINESBYPROPERTIES('2BQTIhgW47v2VbVCEEECe$',#6,$,$,(#1891),#1897);
#1901=IFCRELDEFINESBYPROPERTIES('0vQbZEFCPYI$D7R0SbiLba',#6,$,$,(#1891),#1898);
#1902=IFCCARTESIANPOINT((8914.644013385805,2030.6101604381215,-0.));
#1903=IFCAXIS2PLACEMENT3D(#1902,$,$);
#1904=IFCLOCALPLACEMENT(#28,#1903);
#1905=IFCPRODUCTDEFINITIONSHAPE($,$,(#1914));
#1906=IFCCARTESIANPOINTLIST2D(((-91.007186015034705,-4781.2798324199512),(424.93912782199192,-4781.2798324199512),(89.558199743291212,4822.7733703010508),(-423.49014155024815,4739.786294538847),(-91.007186015034705,-4781.2798324199512)));
#1907=IFCINDEXEDPOLYCURVE(#1906,$,.F.);
#1908=IFCARBITRARYCLOSEDPROFILEDEF(.AREA.,'Castelnuovo_wall',#1907);
#1909=IFCCARTESIANPOINT((4589.1791053322959,1943.5412718532821,0.));
#1910=IFCDIRECTION((-0.3255681544571567,0.94551857559931685,0.));
#1911=IFCAXIS2PLACEMENT3D(#1909,#49,#1910);
#1912=IFCEXTRUDEDAREASOLID(#1908,#1911,#49,3500.000000000322);
#1913=IFCSTYLEDITEM(#1912,(#1888),$);
#1914=IFCSHAPEREPRESENTATION(#15,'Body','SweptSolid',(#1912));
#1915=IFCWALL('2XzZEtRJH75fftbZbcqwH8',#6,'Castelnuovo_wall1:Castelnuovo_wall:1690231',$,$,#1904,#1905,'1690231',.NOTDEFINED.);
#1916=IFCCARTESIANPOINTLIST2D(((-699.99999999999454,-1100.0000000000007),(699.99999999999454,-1100.),(699.99999999999454,1100.0000000000011),(-699.99999999999454,1100.0000000000011),(-699.99999999999454,-1100.0000000000007)));
#1917=IFCINDEXEDPOLYCURVE(#1916,$,.F.);
#1918=IFCARBITRARYCLOSEDPROFILEDEF(.AREA.,$,#1917);
#1919=IFCCARTESIANPOINT((2019.0607975687146,658.7142969397197,1227.5230160273079));
#1920=IFCDIRECTION((-0.35836794954530005,0.93358042649720185,0.));
#1921=IFCDIRECTION((-0.93358042649720185,-0.35836794954530005,0.));
#1922=IFCAXIS2PLACEMENT3D(#1919,#1920,#1921);
#1923=IFCEXTRUDEDAREASOLID(#1918,#1922,#49,608.44577567399006);
#1924=IFCSHAPEREPRESENTATION(#15,'Body','SweptSolid',(#1923));
#1925=IFCPRODUCTDEFINITIONSHAPE($,$,(#1924));
#1926=IFCAXIS2PLACEMENT3D(#10,$,$);
#1927=IFCLOCALPLACEMENT(#1904,#1926);
#1928=IFCOPENINGELEMENT('0BEMjRp5Z8kJ4ZP_zM$WI_',#6,'Castelnuovo_wall',$,$,#1927,#1925,'1727402',.OPENING.);
#1929=IFCRELVOIDSELEMENT('2jDIBQgeXtlc6A0R8JkrIp',#6,$,$,#1915,#1928);
#1930=IFCWALLTYPE('2XzZEtRJH75fftbZbcqwHA',#6,'Castelnuovo_wall1:Castelnuovo_wall',$,$,$,$,'1690229',$,.NOTDEFINED.);
#1931=IFCPROPERTYSET('0gMp9DFsPrAOAgYRRbosos',#6,'Pset_EnvironmentalImpactIndicators',$,(#1894));
#1932=IFCPROPERTYSINGLEVALUE('Reference',$,IFCLABEL('Castelnuovo_wall'),$);
#1933=IFCPROPERTYSET('2e5cMDGX5TSkjNiexRZOrK',#6,'Pset_ReinforcementBarPitchOfWall',$,(#1932));
#1934=IFCPROPERTYSET('3UGulm_9jI6fPiVap6DN4E',#6,'Pset_WallCommon',$,(#1170,#1894));
#1935=IFCPROPERTYSET('23V8TQwdsoafRoYkcO0PU2',#6,'Pset_EnvironmentalImpactIndicators',$,(#336));
#1936=IFCPROPERTYSET('2cEIrhK4lmIOsU7sOXQS$g',#6,'Pset_OpeningElementCommon',$,(#336));
#1937=IFCRELDEFINESBYPROPERTIES('3vc6eWZz3feQ8TbazLTqm2',#6,$,$,(#1915),#1931);
#1938=IFCRELDEFINESBYPROPERTIES('2aDo9_8JYS7X6M08RmeFoP',#6,$,$,(#1915),#1933);
#1939=IFCRELDEFINESBYPROPERTIES('22BEZo6YX9deY160rYJF6l',#6,$,$,(#1915),#1934);
#1940=IFCRELDEFINESBYPROPERTIES('3tTqTQtwjwi8fxR8EJwvke',#6,$,$,(#1928),#1935);
#1941=IFCRELDEFINESBYPROPERTIES('3wMhA4nbRORLW1mYIbSwyO',#6,$,$,(#1928),#1936);
#1942=IFCCARTESIANPOINT((8914.644013385805,2030.6101604381222,0.));
#1943=IFCAXIS2PLACEMENT3D(#1942,$,$);
#1944=IFCLOCALPLACEMENT(#32,#1943);
#1945=IFCPRODUCTDEFINITIONSHAPE($,$,(#1957));
#1946=IFCCOLOURRGBLIST(((1.,1.,0.)));
#1947=IFCINDEXEDPOLYGONALFACE((1,2,3,4));
#1948=IFCINDEXEDPOLYGONALFACE((1,4,5,6));
#1949=IFCINDEXEDPOLYGONALFACE((4,3,7,5));
#1950=IFCINDEXEDPOLYGONALFACE((3,2,8,7));
#1951=IFCINDEXEDPOLYGONALFACE((2,1,6,8));
#1952=IFCINDEXEDPOLYGONALFACE((6,5,7,8));
#1953=IFCCARTESIANPOINTLIST3D(((9139.5970436170028,3414.1247379472325,0.),(245.49802329007434,4.5474735088646412E-013,0.),(3.637978807091713E-012,458.07878777376504,0.),(8971.6213544221064,3901.9615616921355,0.),(8971.6213544221064,3901.9615616921365,2402.8609983533033),(9139.5970436170028,3414.1247379472306,2570.3999954771907),(3.637978807091713E-012,458.07878777376504,2402.8609983533033),(245.49802329007434,1.3642420526593924E-012,2570.3999954771907)));
#1954=IFCPOLYGONALFACESET(#1953,.T.,(#1947,#1948,#1949,#1950,#1951,#1952),$);
#1955=IFCINDEXEDCOLOURMAP(#1954,1.,#1946,(1,1,1,1,1,1));
#1956=IFCSTYLEDITEM(#1954,(#1888),$);
#1957=IFCSHAPEREPRESENTATION(#15,'Body','Tessellation',(#1954));
#1958=IFCWALL('2XzZEtRJH75fftbZbcqwJ5',#6,'Castelnuovo_wall2:Castelnuovo_wall:1690362',$,$,#1944,#1945,'1690362',.NOTDEFINED.);
#1959=IFCWALLTYPE('2XzZEtRJH75fftbZbcqwJ7',#6,'Castelnuovo_wall2:Castelnuovo_wall',$,$,$,$,'1690360',$,.NOTDEFINED.);
#1960=IFCPROPERTYSET('2PL1N_fTZWlIcm2uLsZywy',#6,'Pset_EnvironmentalImpactIndicators',$,(#1894));
#1961=IFCPROPERTYSINGLEVALUE('Reference',$,IFCLABEL('Castelnuovo_wall'),$);
#1962=IFCPROPERTYSET('3AcuZK8ZAeF$cuQsrnbIpi',#6,'Pset_ReinforcementBarPitchOfWall',$,(#1961));
#1963=IFCPROPERTYSET('3mMXoGm2HX3kD9DxWCFHxF',#6,'Pset_WallCommon',$,(#1170,#1894));
#1964=IFCRELDEFINESBYPROPERTIES('3dHVuMwvJlW_BzGcC0Cu1F',#6,$,$,(#1958),#1960);
#1965=IFCRELDEFINESBYPROPERTIES('2jyHPNreepxBwQ6FDAMOBE',#6,$,$,(#1958),#1962);
#1966=IFCRELDEFINESBYPROPERTIES('35naxpXx8Pok6NwV6aFiKv',#6,$,$,(#1958),#1963);
#1967=IFCCARTESIANPOINT((9160.1420366758812,-2616.6401398325165,-0.));
#1968=IFCAXIS2PLACEMENT3D(#1967,#49,#126);
#1969=IFCLOCALPLACEMENT(#32,#1968);
#1970=IFCPRODUCTDEFINITIONSHAPE($,$,(#2023));
#1971=IFCCOLOURRGBLIST(((1.,1.,0.)));
#1972=IFCINDEXEDPOLYGONALFACE((1,2,3,4));
#1973=IFCINDEXEDPOLYGONALFACE((5,6,7,8));
#1974=IFCINDEXEDPOLYGONALFACE((2,1,6,5));
#1975=IFCINDEXEDPOLYGONALFACEWITHVOIDS((3,2,5,8,9,10,11,12),((13,14,15,16)));
#1976=IFCINDEXEDPOLYGONALFACE((4,3,12,17));
#1977=IFCINDEXEDPOLYGONALFACEWITHVOIDS((1,4,17,18,19,20,7,6),((21,22,23,24)));
#1978=IFCINDEXEDPOLYGONALFACE((10,19,18,11));
#1979=IFCINDEXEDPOLYGONALFACE((20,9,8,7));
#1980=IFCINDEXEDPOLYGONALFACE((19,10,9,20));
#1981=IFCINDEXEDPOLYGONALFACE((13,22,21,14));
#1982=IFCINDEXEDPOLYGONALFACE((14,21,24,15));
#1983=IFCINDEXEDPOLYGONALFACE((15,24,23,16));
#1984=IFCINDEXEDPOLYGONALFACE((22,13,16,23));
#1985=IFCINDEXEDPOLYGONALFACE((17,12,11,18));
#1986=IFCCARTESIANPOINTLIST3D(((4825.5364397563762,-464.45127236076587,2215.8072539634722),(4647.2503002706408,-1.8189894035458565E-012,2215.8072539634722),(0.,-2490.5994184871743,2215.8072539634722),(158.13251601315642,-2965.8516160527415,2215.8072539634722),(4647.2503002706408,-1.8189894035458565E-012,9.0949470177292824E-013),(4825.5364397563762,-464.45127236076587,9.0949470177292824E-013),(1928.9122076159815,-2016.8382026977415,9.0949470177292824E-013),(1695.7581724182296,-1581.792264744292,9.0949470177292824E-013),(1695.7581724182321,-1581.792264744292,1870.3804430777236),(666.10506816732573,-2133.613934978297,1870.3804430777236),(666.105068167323,-2133.6139349782989,9.0949470177292824E-013),(0.,-2490.5994184871743,9.0949470177292824E-013),(3926.3167119070035,-386.36971540822378,562.26688816406204),(3926.3167119070058,-386.36971540822378,1670.1705151457936),(2956.7756907461635,-905.97553551264718,1670.1705151457991),(2956.7756907461608,-905.97553551264718,562.26688816406386),(158.13251601315642,-2965.8516160527415,9.0949470177292824E-013),(899.25910336507536,-2568.6598729317466,9.0949470177292824E-013),(899.25910336507741,-2568.6598729317429,1870.3804430777236),(1928.9122076159845,-2016.8382026977397,1870.3804430777236),(4159.4707471047577,-821.4156533616715,1670.1705151457936),(4159.4707471047559,-821.4156533616715,562.26688816406204),(3189.9297259439136,-1341.0214734660949,562.26688816406386),(3189.9297259439154,-1341.0214734660949,1670.1705151457991)));
#1987=IFCPOLYGONALFACESET(#1986,.T.,(#1972,#1973,#1974,#1975,#1976,#1977,#1978,#1979,#1980,#1981,#1982,#1983,#1984,#1985),$);
#1988=IFCINDEXEDCOLOURMAP(#1987,1.,#1971,(1,1,1,1,1,1,1,1,1,1,1,1,1,1));
#1989=IFCSTYLEDITEM(#1987,(#1888),$);
#1990=IFCCOLOURRGBLIST(((1.,0.50196078431372548,0.25098039215686274)));
#1991=IFCINDEXEDPOLYGONALFACE((1,2,3,4,5,6,7,8));
#1992=IFCINDEXEDPOLYGONALFACE((9,10,11,12,13,14,15,16));
#1993=IFCINDEXEDPOLYGONALFACE((2,1,9,16));
#1994=IFCINDEXEDPOLYGONALFACE((3,2,16,15));
#1995=IFCINDEXEDPOLYGONALFACE((4,3,15,14));
#1996=IFCINDEXEDPOLYGONALFACE((5,4,14,13));
#1997=IFCINDEXEDPOLYGONALFACE((6,5,13,12));
#1998=IFCINDEXEDPOLYGONALFACE((7,6,12,11));
#1999=IFCINDEXEDPOLYGONALFACE((8,7,11,10));
#2000=IFCINDEXEDPOLYGONALFACE((1,8,10,9));
#2001=IFCCARTESIANPOINTLIST3D(((1697.0306241766937,-1584.1665533483574,9.0949470177292824E-013),(1520.7504385110853,-1678.6403388218896,-9.0949470177292824E-013),(1520.7504385110885,-1678.6403388218878,1670.3804430777218),(843.6577055913981,-2041.5144381088267,1670.3804430777236),(843.6577055913956,-2041.5144381088303,9.0949470177292824E-013),(667.37751992578728,-2135.9882235823625,-9.0949470177292824E-013),(667.37751992579024,-2135.9882235823588,1870.3804430777236),(1697.0306241766971,-1584.1665533483556,1870.3804430777236),(1929.7797748258863,-2018.457010582626,9.0949470177292824E-013),(1929.7797748258899,-2018.4570105826242,1870.3804430777236),(900.12667057498265,-2570.2786808166275,1870.3804430777236),(900.12667057498129,-2570.2786808166275,-9.0949470177292824E-013),(1076.4068562405885,-2475.8048953430989,9.0949470177292824E-013),(1076.4068562405912,-2475.8048953430953,1670.3804430777236),(1753.4995891602812,-2112.9307960561564,1670.3804430777218),(1753.499589160278,-2112.9307960561582,-9.0949470177292824E-013)));
#2002=IFCPOLYGONALFACESET(#2001,.T.,(#1991,#1992,#1993,#1994,#1995,#1996,#1997,#1998,#1999,#2000),$);
#2003=IFCINDEXEDCOLOURMAP(#2002,1.,#1990,(1,1,1,1,1,1,1,1,1,1));
#2004=IFCCOLOURRGB($,1.,0.50196078431372548,0.25098039215686274);
#2005=IFCSURFACESTYLERENDERING(#2004,0.,$,$,$,$,IFCNORMALISEDRATIOMEASURE(0.5),IFCSPECULAREXPONENT(64.),.NOTDEFINED.);
#2006=IFCSURFACESTYLE('Bricks',.BOTH.,(#2005));
#2007=IFCSTYLEDITEM(#2002,(#2006),$);
#2008=IFCCOLOURRGBLIST(((1.,0.50196078431372548,0.25098039215686274)));
#2009=IFCINDEXEDPOLYGONALFACEWITHVOIDS((1,2,3,4),((5,6,7,8)));
#2010=IFCINDEXEDPOLYGONALFACEWITHVOIDS((9,10,11,12),((13,14,15,16)));
#2011=IFCINDEXEDPOLYGONALFACE((2,1,9,12));
#2012=IFCINDEXEDPOLYGONALFACE((3,2,12,11));
#2013=IFCINDEXEDPOLYGONALFACE((4,3,11,10));
#2014=IFCINDEXEDPOLYGONALFACE((1,4,10,9));
#2015=IFCINDEXEDPOLYGONALFACE((6,5,13,16));
#2016=IFCINDEXEDPOLYGONALFACE((7,6,16,15));
#2017=IFCINDEXEDPOLYGONALFACE((8,7,15,14));
#2018=IFCINDEXEDPOLYGONALFACE((5,8,14,13));
#2019=IFCCARTESIANPOINTLIST3D(((3927.5891636654715,-388.74400401229104,1670.1705151457954),(3927.5891636654696,-388.74400401229286,562.26688816406204),(2958.0481425046287,-908.34982411671444,562.26688816406386),(2958.0481425046301,-908.34982411671444,1670.1705151457991),(3751.3089779998627,-483.21778948582323,762.26688816406204),(3751.3089779998645,-483.21778948582323,1470.1705151457954),(3134.3283281702379,-813.87603864318226,1470.1705151457973),(3134.3283281702361,-813.87603864318407,762.26688816406386),(4160.3383143146621,-823.0344612465542,1670.1705151457954),(3190.7972931538193,-1342.6402813509776,1670.1705151457991),(3190.7972931538184,-1342.6402813509776,562.26688816406386),(4160.3383143146602,-823.0344612465542,562.26688816406204),(3984.0581286490524,-917.50824672008639,762.26688816406204),(3367.0774788194262,-1248.1664958774454,762.26688816406386),(3367.0774788194276,-1248.1664958774454,1470.1705151457973),(3984.0581286490537,-917.50824672008639,1470.1705151457954)));
#2020=IFCPOLYGONALFACESET(#2019,.T.,(#2009,#2010,#2011,#2012,#2013,#2014,#2015,#2016,#2017,#2018),$);
#2021=IFCINDEXEDCOLOURMAP(#2020,1.,#2008,(1,1,1,1,1,1,1,1,1,1));
#2022=IFCSTYLEDITEM(#2020,(#2006),$);
#2023=IFCSHAPEREPRESENTATION(#15,'Body','Tessellation',(#1987,#2002,#2020));
#2024=IFCWALL('2XzZEtRJH75fftbZbcqwNS',#6,'Castelnuovo_wall3:Castelnuovo_wall3:1690595',$,$,#1969,#1970,'1690595',.NOTDEFINED.);
#2025=IFCWALLTYPE('2XzZEtRJH75fftbZbcqwNU',#6,'Castelnuovo_wall3:Castelnuovo_wall3',$,$,$,$,'1690593',$,.NOTDEFINED.);
#2026=IFCPROPERTYSINGLEVALUE('Reference',$,IFCIDENTIFIER('Castelnuovo_wall3'),$);
#2027=IFCPROPERTYSET('2dRqC5VfH_jKeZTYqIAGvB',#6,'Pset_EnvironmentalImpactIndicators',$,(#2026));
#2028=IFCPROPERTYSINGLEVALUE('Reference',$,IFCLABEL('Castelnuovo_wall3'),$);
#2029=IFCPROPERTYSET('1wGI1pPyRWIdS5JBiiGRJT',#6,'Pset_ReinforcementBarPitchOfWall',$,(#2028));
#2030=IFCPROPERTYSET('1FD6tqRJSQlHfuyKVU5gW_',#6,'Pset_WallCommon',$,(#1170,#2026));
#2031=IFCRELDEFINESBYPROPERTIES('1gzH8A_J4tJ8FmirVwBkWC',#6,$,$,(#2024),#2027);
#2032=IFCRELDEFINESBYPROPERTIES('26HoCe8GDAuKKn01dqrQ0u',#6,$,$,(#2024),#2029);
#2033=IFCRELDEFINESBYPROPERTIES('2_pm3c56xBpKXoy5_ge5CG',#6,$,$,(#2024),#2030);
#2034=IFCCARTESIANPOINT((9160.1420366758812,-2616.6401398325165,0.));
#2035=IFCAXIS2PLACEMENT3D(#2034,#49,#126);
#2036=IFCLOCALPLACEMENT(#28,#2035);
#2037=IFCPRODUCTDEFINITIONSHAPE($,$,(#2046));
#2038=IFCCARTESIANPOINTLIST2D(((81.842605427670136,-2621.2378955078962),(579.33726060525419,-2621.2378955078975),(-80.412045607926231,2609.8950285999808),(-580.7678204249944,2632.5807624158128),(81.842605427670136,-2621.2378955078962)));
#2039=IFCINDEXEDPOLYCURVE(#2038,$,.F.);
#2040=IFCARBITRARYCLOSEDPROFILEDEF(.AREA.,'Castelnuovo_wall3',#2039);
#2041=IFCCARTESIANPOINT((2407.7298140100434,-1480.2255767251715,0.));
#2042=IFCDIRECTION((-0.35836794954529816,0.93358042649720263,0.));
#2043=IFCAXIS2PLACEMENT3D(#2041,#49,#2042);
#2044=IFCEXTRUDEDAREASOLID(#2040,#2043,#49,3500.0000000001678);
#2045=IFCSTYLEDITEM(#2044,(#1888),$);
#2046=IFCSHAPEREPRESENTATION(#15,'Body','SweptSolid',(#2044));
#2047=IFCWALL('2XzZEtRJH75fftbZbcqwCR',#6,'Castelnuovo_wall4:Castelnuovo_wall3:1690916',$,$,#2036,#2037,'1690916',.NOTDEFINED.);
#2048=IFCWALLTYPE('2XzZEtRJH75fftbZbcqwCT',#6,'Castelnuovo_wall4:Castelnuovo_wall3',$,$,$,$,'1690914',$,.NOTDEFINED.);
#2049=IFCPROPERTYSET('27mFwoZyrwsQjEFFkdvoY5',#6,'Pset_EnvironmentalImpactIndicators',$,(#2026));
#2050=IFCPROPERTYSINGLEVALUE('Reference',$,IFCLABEL('Castelnuovo_wall3'),$);
#2051=IFCPROPERTYSET('1L0XdohYsIpn1tEUK_gUo6',#6,'Pset_ReinforcementBarPitchOfWall',$,(#2050));
#2052=IFCPROPERTYSET('0yf$PHpUYRk35N45vy1TVQ',#6,'Pset_WallCommon',$,(#1170,#2026));
#2053=IFCRELDEFINESBYPROPERTIES('3piqVbpsDSJYRD$DdEMJOc',#6,$,$,(#2047),#2049);
#2054=IFCRELDEFINESBYPROPERTIES('3ocPuMyug8TNq$4IJTf7HF',#6,$,$,(#2047),#2051);
#2055=IFCRELDEFINESBYPROPERTIES('3fHcODkLfwjvi0$1Zkbvv7',#6,$,$,(#2047),#2052);
#2056=IFCCARTESIANPOINT((9160.1420366758812,-2616.6401398325165,-1500.));
#2057=IFCAXIS2PLACEMENT3D(#2056,#49,#126);
#2058=IFCLOCALPLACEMENT(#24,#2057);
#2059=IFCPRODUCTDEFINITIONSHAPE($,$,(#2068));
#2060=IFCCARTESIANPOINTLIST2D(((81.842605427670136,-2621.2378955078962),(579.33726060525419,-2621.2378955078975),(-80.412045607926231,2609.8950285999808),(-580.7678204249944,2632.5807624158128),(81.842605427670136,-2621.2378955078962)));
#2061=IFCINDEXEDPOLYCURVE(#2060,$,.F.);
#2062=IFCARBITRARYCLOSEDPROFILEDEF(.AREA.,'Castelnuovo_wall3',#2061);
#2063=IFCCARTESIANPOINT((2407.7298140100434,-1480.2255767251715,0.));
#2064=IFCDIRECTION((-0.35836794954529816,0.93358042649720263,0.));
#2065=IFCAXIS2PLACEMENT3D(#2063,#49,#2064);
#2066=IFCEXTRUDEDAREASOLID(#2062,#2065,#49,5599.9999999999782);
#2067=IFCSTYLEDITEM(#2066,(#1888),$);
#2068=IFCSHAPEREPRESENTATION(#15,'Body','SweptSolid',(#2066));
#2069=IFCWALL('2XzZEtRJH75fftbZbcqwCB',#6,'Castelnuovo_wall5:Castelnuovo_wall3:1690932',$,$,#2058,#2059,'1690932',.NOTDEFINED.);
#2070=IFCWALLTYPE('2XzZEtRJH75fftbZbcqwCD',#6,'Castelnuovo_wall5:Castelnuovo_wall3',$,$,$,$,'1690930',$,.NOTDEFINED.);
#2071=IFCPROPERTYSET('1tAJMAfxNIdhjvrtL93vev',#6,'Pset_EnvironmentalImpactIndicators',$,(#2026));
#2072=IFCPROPERTYSINGLEVALUE('Reference',$,IFCLABEL('Castelnuovo_wall3'),$);
#2073=IFCPROPERTYSET('2lOtlZcfLttYddmP6JyKUb',#6,'Pset_ReinforcementBarPitchOfWall',$,(#2072));
#2074=IFCPROPERTYSET('0h6WGZ5oPQZO0Li4ybhH1I',#6,'Pset_WallCommon',$,(#1170,#2026));
#2075=IFCRELDEFINESBYPROPERTIES('07mL6iuGpkEqtPT$FlyePy',#6,$,$,(#2069),#2071);
#2076=IFCRELDEFINESBYPROPERTIES('1bgMbaIoJ7UBqbVUdmkOH_',#6,$,$,(#2069),#2073);
#2077=IFCRELDEFINESBYPROPERTIES('0NAEM9imIVbEJImA0rYBmi',#6,$,$,(#2069),#2074);
#2078=IFCCARTESIANPOINTLIST2D(((-250.0000000004849,-842.49999999999795),(250.00000000048496,-842.49999999999795),(250.0000000004849,842.49999999999795),(-250.00000000048496,842.49999999999795),(-250.0000000004849,-842.49999999999795)));
#2079=IFCINDEXEDPOLYCURVE(#2078,$,.F.);
#2080=IFCARBITRARYCLOSEDPROFILEDEF(.AREA.,'Arch1',#2079);
#2081=IFCCARTESIANPOINT((842.49999999999716,250.,2000.));
#2082=IFCAXIS2PLACEMENT3D(#2081,#49,#126);
#2083=IFCEXTRUDEDAREASOLID(#2080,#2082,#49,200.);
#2084=IFCCARTESIANPOINTLIST2D(((-250.00000000048493,-99.999999999998522),(250.00000000048493,-99.999999999998522),(250.00000000048493,99.999999999998522),(-250.00000000048493,99.999999999998522),(-250.00000000048493,-99.999999999998522)));
#2085=IFCINDEXEDPOLYCURVE(#2084,$,.F.);
#2086=IFCARBITRARYCLOSEDPROFILEDEF(.AREA.,'Arch1',#2085);
#2087=IFCCARTESIANPOINT((1385.,250.,0.));
#2088=IFCAXIS2PLACEMENT3D(#2087,#49,#126);
#2089=IFCEXTRUDEDAREASOLID(#2086,#2088,#49,2000.0000000000002);
#2090=IFCCARTESIANPOINTLIST2D(((-250.00000000048493,-100.00000000000021),(250.00000000048493,-100.00000000000021),(250.00000000048493,100.00000000000021),(-250.00000000048493,100.00000000000021),(-250.00000000048493,-100.00000000000021)));
#2091=IFCINDEXEDPOLYCURVE(#2090,$,.F.);
#2092=IFCARBITRARYCLOSEDPROFILEDEF(.AREA.,'Arch1',#2091);
#2093=IFCCARTESIANPOINT((285.,250.,0.));
#2094=IFCAXIS2PLACEMENT3D(#2093,#49,#126);
#2095=IFCEXTRUDEDAREASOLID(#2092,#2094,#49,2000.0000000000002);
#2096=IFCCARTESIANPOINTLIST2D(((-650.00000000001342,-1.3535839116229909E-012),(3.5111368581269596E-012,-650.00000000001444),(650.00000000001342,-8.1215034697379459E-013),(450.00000000000006,3.2486013878951784E-012),(1.6337157087651527E-012,-449.9999999999992),(-450.00000000000006,-8.1215034697379459E-013)));
#2097=IFCINDEXEDPOLYCURVE(#2096,(IFCARCINDEX((1,2,3)),IFCLINEINDEX((3,4)),IFCARCINDEX((4,5,6)),IFCLINEINDEX((6,1))),.F.);
#2098=IFCARBITRARYCLOSEDPROFILEDEF(.AREA.,'Arch1',#2097);
#2099=IFCCARTESIANPOINT((835.,0.,2200.));
#2100=IFCAXIS2PLACEMENT3D(#2099,#126,#1283);
#2101=IFCEXTRUDEDAREASOLID(#2098,#2100,#49,500.00000000096986);
#2102=IFCCOLOURRGB($,0.57647058823529407,0.55686274509803924,0.88235294117647056);
#2103=IFCSURFACESTYLERENDERING(#2102,0.,$,$,$,$,IFCNORMALISEDRATIOMEASURE(0.5),IFCSPECULAREXPONENT(64.),.NOTDEFINED.);
#2104=IFCSURFACESTYLE('Stone',.BOTH.,(#2103));
#2105=IFCSTYLEDITEM(#2083,(#2104),$);
#2106=IFCSTYLEDITEM(#2089,(#2104),$);
#2107=IFCSTYLEDITEM(#2095,(#2104),$);
#2108=IFCSTYLEDITEM(#2101,(#2104),$);
#2109=IFCSHAPEREPRESENTATION(#15,'Body','SweptSolid',(#2083,#2089,#2095,#2101));
#2110=IFCAXIS2PLACEMENT3D(#10,$,$);
#2111=IFCREPRESENTATIONMAP(#2110,#2109);
#2112=IFCDOORLININGPROPERTIES('2jXvyeVVHFE9GajLikYx5r',#6,'Arch1:Arch1:1692921',$,$,$,$,$,$,$,$,$,$,$,$,$,$);
#2113=IFCDOORPANELPROPERTIES('2jXvyeVVHFE9GajLWkYx5r',#6,'Arch1:Arch1:1692921:1',$,$,.NOTDEFINED.,$,.NOTDEFINED.,$);
#2114=IFCDOORTYPE('1ahMUjHQ9DE5Ifdu8H7Xcn',#6,'Arch1:Arch1',$,$,(#2112,#2113),(#2111),'1691921',$,.DOOR.,.NOTDEFINED.,$,$);
#2115=IFCMATERIAL('Stone',$,$);
#2116=IFCCARTESIANTRANSFORMATIONOPERATOR3D($,$,#10,1.,$);
#2117=IFCMAPPEDITEM(#2111,#2116);
#2118=IFCSHAPEREPRESENTATION(#15,'Body','MappedRepresentation',(#2117));
#2119=IFCPRODUCTDEFINITIONSHAPE($,$,(#2118));
#2120=IFCCARTESIANPOINT((21089.674577223963,-16353.038197492921,800.));
#2121=IFCAXIS2PLACEMENT3D(#2120,#49,#126);
#2123=IFCDOOR('2jXvyeVVHFE9GajLekYx5r',#6,'Arch1:Arch1:1692921',$,$,#6436,#2119,'1692921',2850.0000000000014,1684.9999999999959,.DOOR.,$,$);
#2124=IFCPROPERTYSINGLEVALUE('Reference',$,IFCIDENTIFIER('Arch1'),$);
#2125=IFCPROPERTYSET('20mFJv1o05671AF$W0OO4Q',#6,'Pset_DoorCommon',$,(#1170,#2124));
#2126=IFCPROPERTYSET('1HjgsObFuP0sGFgouSwNQD',#6,'Pset_EnvironmentalImpactIndicators',$,(#2124));
#2127=IFCRELDEFINESBYPROPERTIES('2SytMhdy6i90H7VpAwzt1C',#6,$,$,(#2123),#2125);
#2128=IFCRELDEFINESBYPROPERTIES('2KyW9TrjwrtOA6wxZfA4wT',#6,$,$,(#2123),#2126);
#2129=IFCCARTESIANPOINTLIST2D(((-99.99999999999838,-250.00000000048877),(99.99999999999838,-250.0000000004888),(99.99999999999838,250.0000000004888),(-99.99999999999838,250.00000000048882),(-99.99999999999838,-250.00000000048877)));
#2130=IFCINDEXEDPOLYCURVE(#2129,$,.F.);
#2131=IFCARBITRARYCLOSEDPROFILEDEF(.AREA.,'enclosed_arch',#2130);
#2132=IFCCARTESIANPOINT((100.,250.,0.));
#2133=IFCAXIS2PLACEMENT3D(#2132,$,$);
#2134=IFCEXTRUDEDAREASOLID(#2131,#2133,#49,1599.9999999999948);
#2135=IFCCARTESIANPOINTLIST2D(((-100.00000000000041,-250.0000000004888),(100.00000000000028,-250.00000000048882),(100.00000000000028,250.00000000048877),(-100.00000000000041,250.0000000004888),(-100.00000000000041,-250.0000000004888)));
#2136=IFCINDEXEDPOLYCURVE(#2135,$,.F.);
#2137=IFCARBITRARYCLOSEDPROFILEDEF(.AREA.,'enclosed_arch',#2136);
#2138=IFCCARTESIANPOINT((1700.,250.,0.));
#2139=IFCAXIS2PLACEMENT3D(#2138,$,$);
#2140=IFCEXTRUDEDAREASOLID(#2137,#2139,#49,1599.9999999999991);
#2141=IFCCARTESIANPOINTLIST2D(((-750.00000000000898,-740.88326226144261),(849.99999999999216,-740.88326226144261),(849.99999999999216,-455.88326226145875),(-949.99999999997135,-455.88326226145875),(-949.99999999997169,537.64978678433715),(849.99999999999216,537.64978678433692),(849.99999999999216,659.11673773856398),(-750.00000000001603,659.11673773856398),(-1450.0000000000123,-40.88326226144487)));
#2142=IFCINDEXEDPOLYCURVE(#2141,(IFCLINEINDEX((1,2,3,4,5,6,7,8)),IFCARCINDEX((8,9,1))),.F.);
#2143=IFCARBITRARYCLOSEDPROFILEDEF(.AREA.,'enclosed_arch',#2142);
#2144=IFCCARTESIANPOINT((940.88326226146319,130.,850.));
#2145=IFCDIRECTION((0.,-1.,0.));
#2146=IFCAXIS2PLACEMENT3D(#2144,#2145,#1156);
#2147=IFCEXTRUDEDAREASOLID(#2143,#2146,#49,129.99999999999523);
#2148=IFCCARTESIANPOINTLIST2D(((-900.00000000001376,-1.0828671292983927E-012),(4.8408352072361254E-012,-900.00000000001387),(900.00000000001387,-2.7071678232459818E-013),(700.0000000000033,4.0607517348689726E-012),(2.5193248480242623E-012,-700.00000000000352),(-700.0000000000033,-2.4364510409213838E-012)));
#2149=IFCINDEXEDPOLYCURVE(#2148,(IFCARCINDEX((1,2,3)),IFCLINEINDEX((3,4)),IFCARCINDEX((4,5,6)),IFCLINEINDEX((6,1))),.F.);
#2150=IFCARBITRARYCLOSEDPROFILEDEF(.AREA.,'enclosed_arch',#2149);
#2151=IFCCARTESIANPOINT((900.,500.,1600.));
#2152=IFCAXIS2PLACEMENT3D(#2151,#2145,#429);
#2153=IFCEXTRUDEDAREASOLID(#2150,#2152,#49,500.00000000097759);
#2154=IFCCARTESIANPOINTLIST2D(((-496.76652452289881,-64.999999999998536),(496.76652452289881,-64.999999999998408),(496.76652452289881,64.999999999998593),(-496.76652452289881,64.999999999998479),(-496.76652452289881,-64.999999999998536)));
#2155=IFCINDEXEDPOLYCURVE(#2154,$,.F.);
#2156=IFCARBITRARYCLOSEDPROFILEDEF(.AREA.,'enclosed_arch',#2155);
#2157=IFCCARTESIANPOINT((981.76652452290432,65.,1748.4252841960667));
#2158=IFCAXIS2PLACEMENT3D(#2157,$,$);
#2159=IFCEXTRUDEDAREASOLID(#2156,#2158,#49,51.574715803897369);
#2160=IFCSTYLEDITEM(#2134,(#2104),$);
#2161=IFCSTYLEDITEM(#2140,(#2104),$);
#2162=IFCSTYLEDITEM(#2147,(#1463),$);
#2163=IFCSTYLEDITEM(#2153,(#2104),$);
#2164=IFCCOLOURRGB($,0.15686274509803921,0.86274509803921573,0.078431372549019607);
#2165=IFCSURFACESTYLERENDERING(#2164,0.,$,$,$,$,IFCNORMALISEDRATIOMEASURE(0.5),IFCSPECULAREXPONENT(64.),.NOTDEFINED.);
#2166=IFCSURFACESTYLE('Timber',.BOTH.,(#2165));
#2167=IFCSTYLEDITEM(#2159,(#2166),$);
#2168=IFCSHAPEREPRESENTATION(#15,'Body','SweptSolid',(#2134,#2140,#2147,#2153,#2159));
#2169=IFCAXIS2PLACEMENT3D(#10,$,$);
#2170=IFCREPRESENTATIONMAP(#2169,#2168);
#2171=IFCDOORLININGPROPERTIES('2jXvyeVVHFE9GajLikYx3J',#6,'enclosed_arch:enclosed_arch:1693023',$,$,$,$,$,$,$,$,$,$,$,$,$,$);
#2172=IFCDOORPANELPROPERTIES('2jXvyeVVHFE9GajLWkYx3J',#6,'enclosed_arch:enclosed_arch:1693023:1',$,$,.NOTDEFINED.,$,.NOTDEFINED.,$);
#2173=IFCDOORTYPE('2aQANVhjVp_WB8$dun$z_$',#6,'enclosed_arch:enclosed_arch',$,$,(#2171,#2172),(#2170),'1693059',$,.DOOR.,.NOTDEFINED.,$,$);
#2174=IFCMATERIAL('Timber',$,$);
#2175=IFCMATERIALCONSTITUENT('Stone',$,#2115,0.,'');
#2176=IFCSHAPEREPRESENTATION(#15,'Body','SweptSolid',(#2134,#2140,#2153));
#2177=IFCSHAPEASPECT((#2176),'Stone',$,.U.,#2170);
#2178=IFCMATERIALCONSTITUENT('Tufelli_masonry_typeD',$,#1483,0.95973425955123159,'');
#2179=IFCSHAPEREPRESENTATION(#15,'Body','SweptSolid',(#2147));
#2180=IFCSHAPEASPECT((#2179),'Tufelli_masonry_typeD',$,.U.,#2170);
#2181=IFCMATERIALCONSTITUENT('Timber',$,#2174,0.040265740448768454,'');
#2182=IFCSHAPEREPRESENTATION(#15,'Body','SweptSolid',(#2159));
#2183=IFCSHAPEASPECT((#2182),'Timber',$,.U.,#2170);
#2184=IFCMATERIALCONSTITUENTSET($,$,(#2175,#2178,#2181));
#2185=IFCMAPPEDITEM(#2170,#2116);
#2186=IFCSHAPEREPRESENTATION(#15,'Body','MappedRepresentation',(#2185));
#2187=IFCPRODUCTDEFINITIONSHAPE($,$,(#2186));
#2188=IFCCARTESIANPOINT((21089.674577223963,-14582.347204599415,800.));
#2189=IFCAXIS2PLACEMENT3D(#2188,#49,#126);
#2191=IFCDOOR('2jXvyeVVHFE9GajLekYx3J',#6,'enclosed_arch:enclosed_arch:1693023',$,$,#6451,#2187,'1693023',2500.0000000000014,1800.0000000000066,.DOOR.,$,$);
#2192=IFCMATERIALCONSTITUENT('Stone',$,#2115,0.77546300739163743,'');
#2193=IFCMATERIALCONSTITUENT('Tufelli_masonry_typeD',$,#1483,0.21549584434284719,'');
#2194=IFCMATERIALCONSTITUENT('Timber',$,#2174,0.0090411482655154973,'');
#2195=IFCMATERIALCONSTITUENTSET($,$,(#2192,#2193,#2194));
#2196=IFCPROPERTYSINGLEVALUE('Reference',$,IFCIDENTIFIER('enclosed_arch'),$);
#2197=IFCPROPERTYSET('1X_8cdNbXfqeavLbG1cTsP',#6,'Pset_DoorCommon',$,(#1170,#2196));
#2198=IFCPROPERTYSET('2JbWFq4RLyW8oTGh5Vc6Mr',#6,'Pset_EnvironmentalImpactIndicators',$,(#2196));
#2199=IFCRELDEFINESBYPROPERTIES('09ALaagouk1CTdcsJcm63T',#6,$,$,(#2191),#2197);
#2200=IFCRELDEFINESBYPROPERTIES('1I7b$LASKVcz_LwGjglCJ$',#6,$,$,(#2191),#2198);
#2201=IFCCARTESIANPOINTLIST2D(((-250.0000000004849,-1099.9999999999998),(250.00000000048496,-1099.9999999999998),(250.0000000004849,1099.9999999999998),(-250.00000000048496,1099.9999999999998),(-250.0000000004849,-1099.9999999999998)));
#2202=IFCINDEXEDPOLYCURVE(#2201,$,.F.);
#2203=IFCARBITRARYCLOSEDPROFILEDEF(.AREA.,'Door',#2202);
#2204=IFCCARTESIANPOINT((1100.,250.,1800.));
#2205=IFCAXIS2PLACEMENT3D(#2204,#49,#126);
#2206=IFCEXTRUDEDAREASOLID(#2203,#2205,#49,200.);
#2207=IFCCARTESIANPOINTLIST2D(((-250.00000000048493,-99.99999999999865),(250.00000000048493,-99.99999999999865),(250.00000000048493,99.99999999999865),(-250.00000000048493,99.99999999999865),(-250.00000000048493,-99.99999999999865)));
#2208=IFCINDEXEDPOLYCURVE(#2207,$,.F.);
#2209=IFCARBITRARYCLOSEDPROFILEDEF(.AREA.,'Door',#2208);
#2210=IFCCARTESIANPOINT((1900.,250.,0.));
#2211=IFCAXIS2PLACEMENT3D(#2210,#49,#126);
#2212=IFCEXTRUDEDAREASOLID(#2209,#2211,#49,1800.0000000000002);
#2213=IFCCARTESIANPOINTLIST2D(((-250.00000000048493,-99.999999999999602),(250.00000000048493,-99.999999999999602),(250.00000000048493,99.999999999999602),(-250.00000000048493,99.999999999999602),(-250.00000000048493,-99.999999999999602)));
#2214=IFCINDEXEDPOLYCURVE(#2213,$,.F.);
#2215=IFCARBITRARYCLOSEDPROFILEDEF(.AREA.,'Door',#2214);
#2216=IFCCARTESIANPOINT((300.,250.,0.));
#2217=IFCAXIS2PLACEMENT3D(#2216,#49,#126);
#2218=IFCEXTRUDEDAREASOLID(#2215,#2217,#49,1800.0000000000002);
#2219=IFCCOLOURRGB($,0.27843137254901962,0.13725490196078433,0.12941176470588237);
#2220=IFCSURFACESTYLERENDERING(#2219,0.,$,$,$,$,IFCNORMALISEDRATIOMEASURE(0.5),IFCSPECULAREXPONENT(64.),.NOTDEFINED.);
#2221=IFCSURFACESTYLE('Steel',.BOTH.,(#2220));
#2222=IFCSTYLEDITEM(#2206,(#2221),$);
#2223=IFCSTYLEDITEM(#2212,(#2104),$);
#2224=IFCSTYLEDITEM(#2218,(#2104),$);
#2225=IFCSHAPEREPRESENTATION(#15,'Body','SweptSolid',(#2206,#2212,#2218));
#2226=IFCAXIS2PLACEMENT3D(#10,$,$);
#2227=IFCREPRESENTATIONMAP(#2226,#2225);
#2228=IFCDOORLININGPROPERTIES('2jXvyeVVHFE9GajLikYx_G',#6,'Door:Door:1694236',$,$,$,$,$,$,$,$,$,$,$,$,$,$);
#2229=IFCDOORPANELPROPERTIES('2jXvyeVVHFE9GajLWkYx_G',#6,'Door:Door:1694236:1',$,$,.NOTDEFINED.,$,.NOTDEFINED.,$);
#2230=IFCDOORTYPE('0Yh0FDmQDSqqWK9M3Pze89',#6,'Door:Door',$,$,(#2228,#2229),(#2227),'1694272',$,.DOOR.,.NOTDEFINED.,$,$);
#2231=IFCMATERIAL('Steel',$,'Metal');
#2232=IFCMATERIALCONSTITUENT('Steel',$,#2231,0.,'Metal');
#2233=IFCSHAPEREPRESENTATION(#15,'Body','SweptSolid',(#2206));
#2234=IFCSHAPEASPECT((#2233),'Steel',$,.U.,#2227);
#2235=IFCMATERIALCONSTITUENT('Stone',$,#2115,0.,'');
#2236=IFCSHAPEREPRESENTATION(#15,'Body','SweptSolid',(#2212,#2218));
#2237=IFCSHAPEASPECT((#2236),'Stone',$,.U.,#2227);
#2238=IFCMATERIALCONSTITUENTSET($,$,(#2232,#2235));
#2239=IFCMAPPEDITEM(#2227,#2116);
#2240=IFCSHAPEREPRESENTATION(#15,'Body','MappedRepresentation',(#2239));
#2241=IFCPRODUCTDEFINITIONSHAPE($,$,(#2240));
#2242=IFCCARTESIANPOINT((20589.674577223974,-8582.3472045993913,200.));
#2243=IFCAXIS2PLACEMENT3D(#2242,#49,#2145);
#2245=IFCDOOR('2jXvyeVVHFE9GajLekYx_G',#6,'Door:Door:1694236',$,$,#6406,#2241,'1694236',2000.0000000000018,2199.9999999999991,.DOOR.,$,$);
#2246=IFCMATERIALCONSTITUENT('Steel',$,#2231,0.37931034482758824,'Metal');
#2247=IFCMATERIALCONSTITUENT('Stone',$,#2115,0.6206896551724117,'');
#2248=IFCMATERIALCONSTITUENTSET($,$,(#2246,#2247));
#2249=IFCPROPERTYSINGLEVALUE('Reference',$,IFCIDENTIFIER('Door'),$);
#2250=IFCPROPERTYSET('0GatjCkCPXwK_WtpefeKvz',#6,'Pset_DoorCommon',$,(#1170,#2249));
#2251=IFCPROPERTYSET('3XDqhy2cTPHDQsTzz9ew7X',#6,'Pset_EnvironmentalImpactIndicators',$,(#2249));
#2252=IFCRELDEFINESBYPROPERTIES('1lzcJ0S6SG63gLDUdjdmj$',#6,$,$,(#2245),#2250);
#2253=IFCRELDEFINESBYPROPERTIES('20mTuck1DmQ$701fIscmx1',#6,$,$,(#2245),#2251);
#2254=IFCCARTESIANPOINTLIST2D(((-250.00000000000003,-499.99999999999977),(250.00000000000003,-499.99999999999977),(250.00000000000003,499.99999999999977),(-250.00000000000003,499.99999999999977),(-250.00000000000003,-499.99999999999977)));
#2255=IFCINDEXEDPOLYCURVE(#2254,$,.F.);
#2256=IFCARBITRARYCLOSEDPROFILEDEF(.AREA.,'StoneWindows',#2255);
#2257=IFCCARTESIANPOINT((500.,250.,1000.));
#2258=IFCAXIS2PLACEMENT3D(#2257,#49,#126);
#2259=IFCEXTRUDEDAREASOLID(#2256,#2258,#49,200.);
#2260=IFCCARTESIANPOINTLIST2D(((-250.00000000000003,-499.99999999999977),(250.00000000000003,-499.99999999999977),(250.00000000000003,499.99999999999977),(-250.00000000000003,499.99999999999977),(-250.00000000000003,-499.99999999999977)));
#2261=IFCINDEXEDPOLYCURVE(#2260,$,.F.);
#2262=IFCARBITRARYCLOSEDPROFILEDEF(.AREA.,'StoneWindows',#2261);
#2263=IFCCARTESIANPOINT((500.,250.,-0.));
#2264=IFCAXIS2PLACEMENT3D(#2263,#49,#126);
#2265=IFCEXTRUDEDAREASOLID(#2262,#2264,#49,165.03507693617399);
#2266=IFCCARTESIANPOINTLIST2D(((-250.00000000000003,-100.),(250.00000000000003,-100.),(250.00000000000003,100.),(-250.00000000000003,100.),(-250.00000000000003,-100.)));
#2267=IFCINDEXEDPOLYCURVE(#2266,$,.F.);
#2268=IFCARBITRARYCLOSEDPROFILEDEF(.AREA.,'StoneWindows',#2267);
#2269=IFCCARTESIANPOINT((100.,250.,165.03507693617371));
#2270=IFCAXIS2PLACEMENT3D(#2269,#49,#126);
#2271=IFCEXTRUDEDAREASOLID(#2268,#2270,#49,834.9649230638264);
#2272=IFCCARTESIANPOINTLIST2D(((-250.00000000000003,-100.),(250.00000000000003,-100.),(250.00000000000003,100.),(-250.00000000000003,100.),(-250.00000000000003,-100.)));
#2273=IFCINDEXEDPOLYCURVE(#2272,$,.F.);
#2274=IFCARBITRARYCLOSEDPROFILEDEF(.AREA.,'StoneWindows',#2273);
#2275=IFCCARTESIANPOINT((900.,250.,165.03507693617371));
#2276=IFCAXIS2PLACEMENT3D(#2275,#49,#126);
#2277=IFCEXTRUDEDAREASOLID(#2274,#2276,#49,834.9649230638264);
#2278=IFCSTYLEDITEM(#2259,(#2104),$);
#2279=IFCSTYLEDITEM(#2265,(#2104),$);
#2280=IFCSTYLEDITEM(#2271,(#2104),$);
#2281=IFCSTYLEDITEM(#2277,(#2104),$);
#2282=IFCSHAPEREPRESENTATION(#15,'Body','SweptSolid',(#2259,#2265,#2271,#2277));
#2283=IFCAXIS2PLACEMENT3D(#10,$,$);
#2284=IFCREPRESENTATIONMAP(#2283,#2282);
#2285=IFCWINDOWLININGPROPERTIES('2jXvyeVVHFE9GajLikYxlE',#6,'Window1:StoneWindows:1695298',$,$,$,$,$,$,$,$,$,$,$,$,$);
#2286=IFCWINDOWTYPE('1UCi3mc9A$Jhou6jIrtFGr',#6,'Window1:StoneWindows',$,$,(#2285),(#2284),'1695326',$,.WINDOW.,.NOTDEFINED.,$,$);
#2287=IFCMAPPEDITEM(#2284,#2116);
#2288=IFCSHAPEREPRESENTATION(#15,'Body','MappedRepresentation',(#2287));
#2289=IFCPRODUCTDEFINITIONSHAPE($,$,(#2288));
#2290=IFCCARTESIANPOINT((21089.67457722397,-12082.347204599391,1014.7035637443724));
#2291=IFCAXIS2PLACEMENT3D(#2290,#49,#126);
#2293=IFCWINDOW('2jXvyeVVHFE9GajLekYxlE',#6,'Window1:StoneWindows:1695298',$,$,#6421,#2289,'1695298',1200.,1000.0000000000001,.WINDOW.,.NOTDEFINED.,$);
#2294=IFCPROPERTYSET('0iGSayUE7qHi023ZLjQ4Xb',#6,'Pset_EnvironmentalImpactIndicators',$,(#1172));
#2295=IFCPROPERTYSET('3_xUtWfuY2np9eWkcfqPzl',#6,'Pset_WindowCommon',$,(#74,#1172));
#2296=IFCRELDEFINESBYPROPERTIES('3LcrwK7CnHfE$gaXWYKS8k',#6,$,$,(#2293),#2294);
#2297=IFCRELDEFINESBYPROPERTIES('2HcL9u0FL0HGpWqChtFxQF',#6,$,$,(#2293),#2295);
#2298=IFCCARTESIANPOINTLIST2D(((-250.00000000000003,-99.999999999984709),(250.00000000000003,-99.999999999984709),(250.00000000000003,99.999999999984709),(-250.00000000000003,99.999999999984709),(-250.00000000000003,-99.999999999984709)));
#2299=IFCINDEXEDPOLYCURVE(#2298,$,.F.);
#2300=IFCARBITRARYCLOSEDPROFILEDEF(.AREA.,'StoneWindowArch',#2299);
#2301=IFCCARTESIANPOINT((1261.7144432479479,250.,0.));
#2302=IFCAXIS2PLACEMENT3D(#2301,#49,#126);
#2303=IFCEXTRUDEDAREASOLID(#2300,#2302,#49,1400.0000000000027);
#2304=IFCCARTESIANPOINTLIST2D(((-250.00000000000003,-100.00000000001428),(250.00000000000003,-100.00000000001428),(250.00000000000003,100.00000000001428),(-250.00000000000003,100.00000000001428),(-250.00000000000003,-100.00000000001428)));
#2305=IFCINDEXEDPOLYCURVE(#2304,$,.F.);
#2306=IFCARBITRARYCLOSEDPROFILEDEF(.AREA.,'StoneWindowArch',#2305);
#2307=IFCCARTESIANPOINT((261.71444324794953,250.,-0.));
#2308=IFCAXIS2PLACEMENT3D(#2307,#49,#126);
#2309=IFCEXTRUDEDAREASOLID(#2306,#2308,#49,1400.0000000000043);
#2310=IFCCARTESIANPOINTLIST2D(((-250.00000000000003,-399.9999999999996),(250.00000000000003,-399.9999999999996),(250.00000000000003,399.9999999999996),(-250.00000000000003,399.9999999999996),(-250.00000000000003,-399.9999999999996)));
#2311=IFCINDEXEDPOLYCURVE(#2310,$,.F.);
#2312=IFCARBITRARYCLOSEDPROFILEDEF(.AREA.,'StoneWindowArch',#2311);
#2313=IFCCARTESIANPOINT((761.71444324796346,250.,0.));
#2314=IFCAXIS2PLACEMENT3D(#2313,#49,#126);
#2315=IFCEXTRUDEDAREASOLID(#2312,#2314,#49,200.);
#2316=IFCCARTESIANPOINTLIST2D(((-304.61168174978809,-719.75385820023916),(50.787632410230728,-719.75385820023916),(293.89508114404231,658.97699601679881),(-40.071031804484967,780.53072038367975),(-304.61168174978809,-719.75385820023916)));
#2317=IFCINDEXEDPOLYCURVE(#2316,$,.F.);
#2318=IFCARBITRARYCLOSEDPROFILEDEF(.AREA.,'StoneWindowArch',#2317);
#2319=IFCCARTESIANPOINT((761.714443247953,0.,1575.));
#2320=IFCDIRECTION((-0.17364817766701243,0.,-0.9848077530121937));
#2321=IFCAXIS2PLACEMENT3D(#2319,#126,#2320);
#2322=IFCEXTRUDEDAREASOLID(#2318,#2321,#49,500.00000000000006);
#2323=IFCSTYLEDITEM(#2303,(#2104),$);
#2324=IFCSTYLEDITEM(#2309,(#2104),$);
#2325=IFCSTYLEDITEM(#2315,(#2104),$);
#2326=IFCSTYLEDITEM(#2322,(#2006),$);
#2327=IFCSHAPEREPRESENTATION(#15,'Body','SweptSolid',(#2303,#2309,#2315,#2322));
#2328=IFCAXIS2PLACEMENT3D(#10,$,$);
#2329=IFCREPRESENTATIONMAP(#2328,#2327);
#2330=IFCWINDOWLININGPROPERTIES('2jXvyeVVHFE9GajLikYuS6',#6,'arch_piattabanda:StoneWindowArch:1696394',$,$,$,$,$,$,$,$,$,$,$,$,$);
#2331=IFCWINDOWTYPE('3wHrfcO8KTBljBQVp5zBDY',#6,'arch_piattabanda:StoneWindowArch',$,$,(#2330),(#2329),'1696418',$,.WINDOW.,.NOTDEFINED.,$,$);
#2332=IFCMATERIAL('Bricks',$,$);
#2333=IFCMATERIALCONSTITUENT('Stone',$,#2115,0.57903877249106694,'');
#2334=IFCSHAPEREPRESENTATION(#15,'Body','SweptSolid',(#2303,#2309,#2315));
#2335=IFCSHAPEASPECT((#2334),'Stone',$,.U.,#2329);
#2336=IFCMATERIALCONSTITUENT('Bricks',$,#2332,0.42096122750893311,'');
#2337=IFCSHAPEREPRESENTATION(#15,'Body','SweptSolid',(#2322));
#2338=IFCSHAPEASPECT((#2337),'Bricks',$,.U.,#2329);
#2339=IFCMATERIALCONSTITUENTSET($,$,(#2333,#2336));
#2340=IFCMAPPEDITEM(#2329,#2116);
#2341=IFCSHAPEREPRESENTATION(#15,'Body','MappedRepresentation',(#2340));
#2342=IFCPRODUCTDEFINITIONSHAPE($,$,(#2341));
#2343=IFCCARTESIANPOINT((16027.960133975996,-16953.038197492911,2112.0635322596736));
#2344=IFCAXIS2PLACEMENT3D(#2343,$,$);
#2346=IFCWINDOW('2jXvyeVVHFE9GajLekYuS6',#6,'arch_piattabanda:StoneWindowArch:1696394',$,$,#6391,#2342,'1696394',1750.0000000000011,1523.4288864959249,.WINDOW.,.NOTDEFINED.,$);
#2347=IFCMATERIALCONSTITUENT('Stone',$,#2115,0.58460536518897299,'');
#2348=IFCMATERIALCONSTITUENT('Bricks',$,#2332,0.41539463481102706,'');
#2349=IFCMATERIALCONSTITUENTSET($,$,(#2347,#2348));
#2350=IFCPROPERTYSET('2rljorxAHBmC_vm$J46VyI',#6,'Pset_EnvironmentalImpactIndicators',$,(#1805));
#2351=IFCPROPERTYSET('0Yb05la5_UmFmPjWfRWAbo',#6,'Pset_WindowCommon',$,(#74,#1805));
#2352=IFCRELDEFINESBYPROPERTIES('0Hz6fBfbhTBJQYsFj8CiUN',#6,$,$,(#2346),#2350);
#2353=IFCRELDEFINESBYPROPERTIES('2_eQIlVUIIRGhSH05A$5aC',#6,$,$,(#2346),#2351);
#2354=IFCMAPPEDITEM(#2284,#2116);
#2355=IFCSHAPEREPRESENTATION(#15,'Body','MappedRepresentation',(#2354));
#2356=IFCPRODUCTDEFINITIONSHAPE($,$,(#2355));
#2357=IFCCARTESIANPOINT((21089.674577223974,-9282.3472045993949,2700.));
#2358=IFCAXIS2PLACEMENT3D(#2357,#49,#126);
#2360=IFCWINDOW('2jXvyeVVHFE9GajLekYutY',#6,'Window1:StoneWindows:1697902',$,$,#6466,#2356,'1697902',1200.,1000.0000000000001,.WINDOW.,.NOTDEFINED.,$);
#2361=IFCPROPERTYSET('2eU$xjFQoqqCi5q5wX1rhQ',#6,'Pset_EnvironmentalImpactIndicators',$,(#1172));
#2362=IFCPROPERTYSET('1CV0xGIg6RqmSOQwKm3VC_',#6,'Pset_WindowCommon',$,(#74,#1172));
#2363=IFCRELDEFINESBYPROPERTIES('1JmZbq0noROG0RNuzBxWL4',#6,$,$,(#2360),#2361);
#2364=IFCRELDEFINESBYPROPERTIES('1mVabTO_YAVUm59chVe6NZ',#6,$,$,(#2360),#2362);
#2365=IFCCARTESIANPOINTLIST2D(((-250.00000000000003,-450.00000000000006),(250.00000000000003,-450.00000000000006),(250.00000000000003,450.00000000000006),(-250.00000000000003,450.00000000000006),(-250.00000000000003,-450.00000000000006)));
#2366=IFCINDEXEDPOLYCURVE(#2365,$,.F.);
#2367=IFCARBITRARYCLOSEDPROFILEDEF(.AREA.,'StoneWindows',#2366);
#2368=IFCCARTESIANPOINT((450.,250.,700.));
#2369=IFCAXIS2PLACEMENT3D(#2368,#49,#126);
#2370=IFCEXTRUDEDAREASOLID(#2367,#2369,#49,200.);
#2371=IFCCARTESIANPOINTLIST2D(((-250.00000000000003,-450.00000000000006),(250.00000000000003,-450.00000000000006),(250.00000000000003,450.00000000000006),(-250.00000000000003,450.00000000000006),(-250.00000000000003,-450.00000000000006)));
#2372=IFCINDEXEDPOLYCURVE(#2371,$,.F.);
#2373=IFCARBITRARYCLOSEDPROFILEDEF(.AREA.,'StoneWindows',#2372);
#2374=IFCCARTESIANPOINT((450.,250.,0.));
#2375=IFCAXIS2PLACEMENT3D(#2374,#49,#126);
#2376=IFCEXTRUDEDAREASOLID(#2373,#2375,#49,165.03507693617399);
#2377=IFCCARTESIANPOINTLIST2D(((-250.00000000000003,-100.),(250.00000000000003,-100.),(250.00000000000003,100.),(-250.00000000000003,100.),(-250.00000000000003,-100.)));
#2378=IFCINDEXEDPOLYCURVE(#2377,$,.F.);
#2379=IFCARBITRARYCLOSEDPROFILEDEF(.AREA.,'StoneWindows',#2378);
#2380=IFCCARTESIANPOINT((100.,250.,165.03507693617399));
#2381=IFCAXIS2PLACEMENT3D(#2380,#49,#126);
#2382=IFCEXTRUDEDAREASOLID(#2379,#2381,#49,534.96492306382606);
#2383=IFCCARTESIANPOINTLIST2D(((-250.00000000000003,-100.),(250.00000000000003,-100.),(250.00000000000003,100.),(-250.00000000000003,100.),(-250.00000000000003,-100.)));
#2384=IFCINDEXEDPOLYCURVE(#2383,$,.F.);
#2385=IFCARBITRARYCLOSEDPROFILEDEF(.AREA.,'StoneWindows',#2384);
#2386=IFCCARTESIANPOINT((800.,250.,165.03507693617399));
#2387=IFCAXIS2PLACEMENT3D(#2386,#49,#126);
#2388=IFCEXTRUDEDAREASOLID(#2385,#2387,#49,534.96492306382606);
#2389=IFCSTYLEDITEM(#2370,(#2104),$);
#2390=IFCSTYLEDITEM(#2376,(#2104),$);
#2391=IFCSTYLEDITEM(#2382,(#2104),$);
#2392=IFCSTYLEDITEM(#2388,(#2104),$);
#2393=IFCSHAPEREPRESENTATION(#15,'Body','SweptSolid',(#2370,#2376,#2382,#2388));
#2394=IFCAXIS2PLACEMENT3D(#10,$,$);
#2395=IFCREPRESENTATIONMAP(#2394,#2393);
#2396=IFCWINDOWLININGPROPERTIES('2jXvyeVVHFE9GajLikYuts',#6,'Window1:StoneWindows:1697914',$,$,$,$,$,$,$,$,$,$,$,$,$);
#2397=IFCWINDOWTYPE('2HWl2FtM_leDyCwsp3uWJ3',#6,'Window1:StoneWindows',$,$,(#2396),(#2395),'1695326',$,.WINDOW.,.NOTDEFINED.,$,$);
#2398=IFCMAPPEDITEM(#2395,#2116);
#2399=IFCSHAPEREPRESENTATION(#15,'Body','MappedRepresentation',(#2398));
#2400=IFCPRODUCTDEFINITIONSHAPE($,$,(#2399));
#2401=IFCCARTESIANPOINT((21089.674577223974,-10382.347204599393,2700.));
#2402=IFCAXIS2PLACEMENT3D(#2401,#49,#126);
#2404=IFCWINDOW('2jXvyeVVHFE9GajLekYuts',#6,'Window1:StoneWindows:1697914',$,$,#6481,#2400,'1697914',900.00000000000011,900.00000000000011,.WINDOW.,.NOTDEFINED.,$);
#2405=IFCPROPERTYSET('1l0Iq0G3dYJnt$0AVnNW__',#6,'Pset_EnvironmentalImpactIndicators',$,(#1172));
#2406=IFCPROPERTYSET('0UQIbSGK0Dgaad5QZW4bb3',#6,'Pset_WindowCommon',$,(#74,#1172));
#2407=IFCRELDEFINESBYPROPERTIES('2Gx$wo3AoGKmci8Rg2r5w$',#6,$,$,(#2404),#2405);
#2408=IFCRELDEFINESBYPROPERTIES('0bpMtZaS9jaf5TpRbVqlo0',#6,$,$,(#2404),#2406);
#2409=IFCCARTESIANPOINTLIST2D(((-250.00000000000003,-499.99999999999977),(250.00000000000003,-499.99999999999977),(250.00000000000003,499.99999999999977),(-250.00000000000003,499.99999999999977),(-250.00000000000003,-499.99999999999977)));
#2410=IFCINDEXEDPOLYCURVE(#2409,$,.F.);
#2411=IFCARBITRARYCLOSEDPROFILEDEF(.AREA.,'StoneWindows',#2410);
#2412=IFCCARTESIANPOINT((500.,250.,1300.));
#2413=IFCAXIS2PLACEMENT3D(#2412,#49,#126);
#2414=IFCEXTRUDEDAREASOLID(#2411,#2413,#49,200.);
#2415=IFCCARTESIANPOINTLIST2D(((-250.00000000000003,-499.99999999999977),(250.00000000000003,-499.99999999999977),(250.00000000000003,499.99999999999977),(-250.00000000000003,499.99999999999977),(-250.00000000000003,-499.99999999999977)));
#2416=IFCINDEXEDPOLYCURVE(#2415,$,.F.);
#2417=IFCARBITRARYCLOSEDPROFILEDEF(.AREA.,'StoneWindows',#2416);
#2418=IFCCARTESIANPOINT((500.,250.,0.));
#2419=IFCAXIS2PLACEMENT3D(#2418,#49,#126);
#2420=IFCEXTRUDEDAREASOLID(#2417,#2419,#49,165.03507693617399);
#2421=IFCCARTESIANPOINTLIST2D(((-250.00000000000003,-100.),(250.00000000000003,-100.),(250.00000000000003,100.),(-250.00000000000003,100.),(-250.00000000000003,-100.)));
#2422=IFCINDEXEDPOLYCURVE(#2421,$,.F.);
#2423=IFCARBITRARYCLOSEDPROFILEDEF(.AREA.,'StoneWindows',#2422);
#2424=IFCCARTESIANPOINT((100.,250.,165.03507693617399));
#2425=IFCAXIS2PLACEMENT3D(#2424,#49,#126);
#2426=IFCEXTRUDEDAREASOLID(#2423,#2425,#49,1134.9649230638261);
#2427=IFCCARTESIANPOINTLIST2D(((-250.00000000000003,-100.),(250.00000000000003,-100.),(250.00000000000003,100.),(-250.00000000000003,100.),(-250.00000000000003,-100.)));
#2428=IFCINDEXEDPOLYCURVE(#2427,$,.F.);
#2429=IFCARBITRARYCLOSEDPROFILEDEF(.AREA.,'StoneWindows',#2428);
#2430=IFCCARTESIANPOINT((900.,250.,165.03507693617399));
#2431=IFCAXIS2PLACEMENT3D(#2430,#49,#126);
#2432=IFCEXTRUDEDAREASOLID(#2429,#2431,#49,1134.9649230638261);
#2433=IFCSTYLEDITEM(#2414,(#2104),$);
#2434=IFCSTYLEDITEM(#2420,(#2104),$);
#2435=IFCSTYLEDITEM(#2426,(#2104),$);
#2436=IFCSTYLEDITEM(#2432,(#2104),$);
#2437=IFCSHAPEREPRESENTATION(#15,'Body','SweptSolid',(#2414,#2420,#2426,#2432));
#2438=IFCAXIS2PLACEMENT3D(#10,$,$);
#2439=IFCREPRESENTATIONMAP(#2438,#2437);
#2440=IFCWINDOWLININGPROPERTIES('3Jmmvoko5D$RwQG6_PqCw5',#6,'Window1:StoneWindows:1698181',$,$,$,$,$,$,$,$,$,$,$,$,$);
#2441=IFCWINDOWTYPE('1Pqc1IjPkTMpuP$sDFNWqZ',#6,'Window1:StoneWindows',$,$,(#2440),(#2439),'1695326',$,.WINDOW.,.NOTDEFINED.,$,$);
#2442=IFCMAPPEDITEM(#2439,#2116);
#2443=IFCSHAPEREPRESENTATION(#15,'Body','MappedRepresentation',(#2442));
#2444=IFCPRODUCTDEFINITIONSHAPE($,$,(#2443));
#2445=IFCCARTESIANPOINT((15989.674577223961,-16453.038197492911,1000.));
#2446=IFCAXIS2PLACEMENT3D(#2445,#49,#429);
#2448=IFCWINDOW('3Jmmvoko5D$RwQG6wPqCw5',#6,'Window1:StoneWindows:1698181',$,$,#6496,#2444,'1698181',1500.,999.99999999999795,.WINDOW.,.NOTDEFINED.,$);
#2449=IFCPROPERTYSET('0DHorKdDmjMtpic2AKP1Ql',#6,'Pset_EnvironmentalImpactIndicators',$,(#1172));
#2450=IFCPROPERTYSET('0yro$tuUq9VPEWPSwD2UCZ',#6,'Pset_WindowCommon',$,(#74,#1172));
#2451=IFCRELDEFINESBYPROPERTIES('0zOKkHWO856ZXYphAoH3k_',#6,$,$,(#2448),#2449);
#2452=IFCRELDEFINESBYPROPERTIES('1DaqiK5lV$qlCxj14M_GFA',#6,$,$,(#2448),#2450);
#2453=IFCMAPPEDITEM(#2439,#2116);
#2454=IFCSHAPEREPRESENTATION(#15,'Body','MappedRepresentation',(#2453));
#2455=IFCPRODUCTDEFINITIONSHAPE($,$,(#2454));
#2456=IFCCARTESIANPOINT((18528.920385902205,-16453.038197492919,1000.));
#2457=IFCAXIS2PLACEMENT3D(#2456,#49,#429);
#2459=IFCWINDOW('3Jmmvoko5D$RwQG6wPqCrK',#6,'Window1:StoneWindows:1698388',$,$,#6511,#2455,'1698388',1500.,1000.0000000000023,.WINDOW.,.NOTDEFINED.,$);
#2460=IFCPROPERTYSET('3EIm0d3Ybz2JoNtlWD4vE$',#6,'Pset_EnvironmentalImpactIndicators',$,(#1172));
#2461=IFCPROPERTYSET('2aSNfn_GosSJyMxoN_ScHD',#6,'Pset_WindowCommon',$,(#74,#1172));
#2462=IFCRELDEFINESBYPROPERTIES('0PqVNQ8aSCVs3aHeuyayRm',#6,$,$,(#2459),#2460);
#2463=IFCRELDEFINESBYPROPERTIES('3zWYVkk_wL$fRmsOsA7QRA',#6,$,$,(#2459),#2461);
#2464=IFCCARTESIANPOINTLIST2D(((-250.00000000000003,-699.99999999999977),(250.00000000000003,-699.99999999999977),(250.00000000000003,699.99999999999977),(-250.00000000000003,699.99999999999977),(-250.00000000000003,-699.99999999999977)));
#2465=IFCINDEXEDPOLYCURVE(#2464,$,.F.);
#2466=IFCARBITRARYCLOSEDPROFILEDEF(.AREA.,'StoneWindows',#2465);
#2467=IFCCARTESIANPOINT((700.,250.,1300.));
#2468=IFCAXIS2PLACEMENT3D(#2467,#49,#126);
#2469=IFCEXTRUDEDAREASOLID(#2466,#2468,#49,200.);
#2470=IFCCARTESIANPOINTLIST2D(((-250.00000000000003,-699.99999999999977),(250.00000000000003,-699.99999999999977),(250.00000000000003,699.99999999999977),(-250.00000000000003,699.99999999999977),(-250.00000000000003,-699.99999999999977)));
#2471=IFCINDEXEDPOLYCURVE(#2470,$,.F.);
#2472=IFCARBITRARYCLOSEDPROFILEDEF(.AREA.,'StoneWindows',#2471);
#2473=IFCCARTESIANPOINT((700.,250.,0.));
#2474=IFCAXIS2PLACEMENT3D(#2473,#49,#126);
#2475=IFCEXTRUDEDAREASOLID(#2472,#2474,#49,165.03507693617399);
#2476=IFCCARTESIANPOINTLIST2D(((-250.00000000000003,-100.),(250.00000000000003,-100.),(250.00000000000003,100.),(-250.00000000000003,100.),(-250.00000000000003,-100.)));
#2477=IFCINDEXEDPOLYCURVE(#2476,$,.F.);
#2478=IFCARBITRARYCLOSEDPROFILEDEF(.AREA.,'StoneWindows',#2477);
#2479=IFCCARTESIANPOINT((100.,250.,165.03507693617399));
#2480=IFCAXIS2PLACEMENT3D(#2479,#49,#126);
#2481=IFCEXTRUDEDAREASOLID(#2478,#2480,#49,1134.9649230638261);
#2482=IFCCARTESIANPOINTLIST2D(((-250.00000000000003,-100.),(250.00000000000003,-100.),(250.00000000000003,100.),(-250.00000000000003,100.),(-250.00000000000003,-100.)));
#2483=IFCINDEXEDPOLYCURVE(#2482,$,.F.);
#2484=IFCARBITRARYCLOSEDPROFILEDEF(.AREA.,'StoneWindows',#2483);
#2485=IFCCARTESIANPOINT((1300.,250.,165.03507693617399));
#2486=IFCAXIS2PLACEMENT3D(#2485,#49,#126);
#2487=IFCEXTRUDEDAREASOLID(#2484,#2486,#49,1134.9649230638261);
#2488=IFCSTYLEDITEM(#2469,(#2104),$);
#2489=IFCSTYLEDITEM(#2475,(#2104),$);
#2490=IFCSTYLEDITEM(#2481,(#2104),$);
#2491=IFCSTYLEDITEM(#2487,(#2104),$);
#2492=IFCSHAPEREPRESENTATION(#15,'Body','SweptSolid',(#2469,#2475,#2481,#2487));
#2493=IFCAXIS2PLACEMENT3D(#10,$,$);
#2494=IFCREPRESENTATIONMAP(#2493,#2492);
#2495=IFCWINDOWLININGPROPERTIES('3Jmmvoko5D$RwQG6_PqCrZ',#6,'Window1:StoneWindows:1698403',$,$,$,$,$,$,$,$,$,$,$,$,$);
#2496=IFCWINDOWTYPE('1E5vIZc_cMOgZWGtM6ZfG5',#6,'Window1:StoneWindows',$,$,(#2495),(#2494),'1695326',$,.WINDOW.,.NOTDEFINED.,$,$);
#2497=IFCMAPPEDITEM(#2494,#2116);
#2498=IFCSHAPEREPRESENTATION(#15,'Body','MappedRepresentation',(#2497));
#2499=IFCPRODUCTDEFINITIONSHAPE($,$,(#2498));
#2500=IFCCARTESIANPOINT((16889.674577223959,-16453.038197492915,400.));
#2501=IFCAXIS2PLACEMENT3D(#2500,#49,#429);
#2503=IFCWINDOW('3Jmmvoko5D$RwQG6wPqCrZ',#6,'Window1:StoneWindows:1698403',$,$,#6586,#2499,'1698403',1500.,1399.999999999998,.WINDOW.,.NOTDEFINED.,$);
#2504=IFCPROPERTYSET('2rNHDAwg3jxGfBnk7Xxqy$',#6,'Pset_EnvironmentalImpactIndicators',$,(#1172));
#2505=IFCPROPERTYSET('0I0hJ9MzuG_oV5h109vJ9R',#6,'Pset_WindowCommon',$,(#74,#1172));
#2506=IFCRELDEFINESBYPROPERTIES('1DRMrjLTJcuUWsoARMb9Db',#6,$,$,(#2503),#2504);
#2507=IFCRELDEFINESBYPROPERTIES('0evh3WuxOCfTXFjZxdIewL',#6,$,$,(#2503),#2505);
#2508=IFCCARTESIANPOINTLIST2D(((-250.00000000000003,-599.99999999999977),(250.00000000000003,-599.99999999999977),(250.00000000000003,599.99999999999977),(-250.00000000000003,599.99999999999977),(-250.00000000000003,-599.99999999999977)));
#2509=IFCINDEXEDPOLYCURVE(#2508,$,.F.);
#2510=IFCARBITRARYCLOSEDPROFILEDEF(.AREA.,'StoneWindows',#2509);
#2511=IFCCARTESIANPOINT((600.,250.,1400.));
#2512=IFCAXIS2PLACEMENT3D(#2511,#49,#126);
#2513=IFCEXTRUDEDAREASOLID(#2510,#2512,#49,200.);
#2514=IFCCARTESIANPOINTLIST2D(((-250.00000000000003,-599.99999999999977),(250.00000000000003,-599.99999999999977),(250.00000000000003,599.99999999999977),(-250.00000000000003,599.99999999999977),(-250.00000000000003,-599.99999999999977)));
#2515=IFCINDEXEDPOLYCURVE(#2514,$,.F.);
#2516=IFCARBITRARYCLOSEDPROFILEDEF(.AREA.,'StoneWindows',#2515);
#2517=IFCCARTESIANPOINT((600.,250.,0.));
#2518=IFCAXIS2PLACEMENT3D(#2517,#49,#126);
#2519=IFCEXTRUDEDAREASOLID(#2516,#2518,#49,165.03507693617399);
#2520=IFCCARTESIANPOINTLIST2D(((-250.00000000000003,-100.),(250.00000000000003,-100.),(250.00000000000003,100.),(-250.00000000000003,100.),(-250.00000000000003,-100.)));
#2521=IFCINDEXEDPOLYCURVE(#2520,$,.F.);
#2522=IFCARBITRARYCLOSEDPROFILEDEF(.AREA.,'StoneWindows',#2521);
#2523=IFCCARTESIANPOINT((100.,250.,165.03507693617399));
#2524=IFCAXIS2PLACEMENT3D(#2523,#49,#126);
#2525=IFCEXTRUDEDAREASOLID(#2522,#2524,#49,1234.9649230638261);
#2526=IFCCARTESIANPOINTLIST2D(((-250.00000000000003,-100.),(250.00000000000003,-100.),(250.00000000000003,100.),(-250.00000000000003,100.),(-250.00000000000003,-100.)));
#2527=IFCINDEXEDPOLYCURVE(#2526,$,.F.);
#2528=IFCARBITRARYCLOSEDPROFILEDEF(.AREA.,'StoneWindows',#2527);
#2529=IFCCARTESIANPOINT((1100.,250.,165.03507693617399));
#2530=IFCAXIS2PLACEMENT3D(#2529,#49,#126);
#2531=IFCEXTRUDEDAREASOLID(#2528,#2530,#49,1234.9649230638261);
#2532=IFCSTYLEDITEM(#2513,(#2104),$);
#2533=IFCSTYLEDITEM(#2519,(#2104),$);
#2534=IFCSTYLEDITEM(#2525,(#2104),$);
#2535=IFCSTYLEDITEM(#2531,(#2104),$);
#2536=IFCSHAPEREPRESENTATION(#15,'Body','SweptSolid',(#2513,#2519,#2525,#2531));
#2537=IFCAXIS2PLACEMENT3D(#10,$,$);
#2538=IFCREPRESENTATIONMAP(#2537,#2536);
#2539=IFCWINDOWLININGPROPERTIES('08pzrbE8X9reLLOmy2mNlM',#6,'Window1:StoneWindows:1698799',$,$,$,$,$,$,$,$,$,$,$,$,$);
#2540=IFCWINDOWTYPE('2iXOgsk0m537xBBRzCSq52',#6,'Window1:StoneWindows',$,$,(#2539),(#2538),'1695326',$,.WINDOW.,.NOTDEFINED.,$,$);
#2541=IFCMAPPEDITEM(#2538,#2116);
#2542=IFCSHAPEREPRESENTATION(#15,'Body','MappedRepresentation',(#2541));
#2543=IFCPRODUCTDEFINITIONSHAPE($,$,(#2542));
#2544=IFCCARTESIANPOINT((21089.67457722397,-11982.347204599391,291.91557169220329));
#2545=IFCAXIS2PLACEMENT3D(#2544,#49,#126);
#2547=IFCWINDOW('08pzrbE8X9reLLOmu2mNlM',#6,'Window1:StoneWindows:1698799',$,$,#6526,#2543,'1698799',1600.,1200.,.WINDOW.,.NOTDEFINED.,$);
#2548=IFCPROPERTYSET('1pQmjwTG36fQrLSy3j3pJF',#6,'Pset_EnvironmentalImpactIndicators',$,(#1172));
#2549=IFCPROPERTYSET('1BVqpO0RMoVNnTyM$1K1H$',#6,'Pset_WindowCommon',$,(#74,#1172));
#2550=IFCRELDEFINESBYPROPERTIES('2x8x58bqjDeEz6MIzGcr2c',#6,$,$,(#2547),#2548);
#2551=IFCRELDEFINESBYPROPERTIES('0B7Pclilu20_qoftWVPo$P',#6,$,$,(#2547),#2549);
#2552=IFCCARTESIANPOINTLIST2D(((-250.00000000000003,-599.99999999999977),(250.00000000000003,-599.99999999999977),(250.00000000000003,599.99999999999977),(-250.00000000000003,599.99999999999977),(-250.00000000000003,-599.99999999999977)));
#2553=IFCINDEXEDPOLYCURVE(#2552,$,.F.);
#2554=IFCARBITRARYCLOSEDPROFILEDEF(.AREA.,'BrickWindow',#2553);
#2555=IFCCARTESIANPOINT((600.,250.,1400.));
#2556=IFCAXIS2PLACEMENT3D(#2555,#49,#126);
#2557=IFCEXTRUDEDAREASOLID(#2554,#2556,#49,200.);
#2558=IFCCARTESIANPOINTLIST2D(((-250.00000000000003,-599.99999999999977),(250.00000000000003,-599.99999999999977),(250.00000000000003,599.99999999999977),(-250.00000000000003,599.99999999999977),(-250.00000000000003,-599.99999999999977)));
#2559=IFCINDEXEDPOLYCURVE(#2558,$,.F.);
#2560=IFCARBITRARYCLOSEDPROFILEDEF(.AREA.,'BrickWindow',#2559);
#2561=IFCCARTESIANPOINT((600.,250.,0.));
#2562=IFCAXIS2PLACEMENT3D(#2561,#49,#126);
#2563=IFCEXTRUDEDAREASOLID(#2560,#2562,#49,165.03507693617399);
#2564=IFCCARTESIANPOINTLIST2D(((-250.00000000000003,-100.),(250.00000000000003,-100.),(250.00000000000003,100.),(-250.00000000000003,100.),(-250.00000000000003,-100.)));
#2565=IFCINDEXEDPOLYCURVE(#2564,$,.F.);
#2566=IFCARBITRARYCLOSEDPROFILEDEF(.AREA.,'BrickWindow',#2565);
#2567=IFCCARTESIANPOINT((100.,250.,165.03507693617399));
#2568=IFCAXIS2PLACEMENT3D(#2567,#49,#126);
#2569=IFCEXTRUDEDAREASOLID(#2566,#2568,#49,1234.9649230638261);
#2570=IFCCARTESIANPOINTLIST2D(((-250.00000000000003,-100.),(250.00000000000003,-100.),(250.00000000000003,100.),(-250.00000000000003,100.),(-250.00000000000003,-100.)));
#2571=IFCINDEXEDPOLYCURVE(#2570,$,.F.);
#2572=IFCARBITRARYCLOSEDPROFILEDEF(.AREA.,'BrickWindow',#2571);
#2573=IFCCARTESIANPOINT((1100.,250.,165.03507693617399));
#2574=IFCAXIS2PLACEMENT3D(#2573,#49,#126);
#2575=IFCEXTRUDEDAREASOLID(#2572,#2574,#49,1234.9649230638261);
#2576=IFCSTYLEDITEM(#2557,(#2104),$);
#2577=IFCSTYLEDITEM(#2563,(#2104),$);
#2578=IFCSTYLEDITEM(#2569,(#2104),$);
#2579=IFCSTYLEDITEM(#2575,(#2104),$);
#2580=IFCSHAPEREPRESENTATION(#15,'Body','SweptSolid',(#2557,#2563,#2569,#2575));
#2581=IFCAXIS2PLACEMENT3D(#10,$,$);
#2582=IFCREPRESENTATIONMAP(#2581,#2580);
#2583=IFCWINDOWLININGPROPERTIES('08pzrbE8X9reLLOmy2mNod',#6,'Window1:BrickWindow:1698974',$,$,$,$,$,$,$,$,$,$,$,$,$);
#2584=IFCWINDOWTYPE('1JVNSj$$aUaP9bMRnnS5qu',#6,'Window1:BrickWindow',$,$,(#2583),(#2582),'1778279',$,.WINDOW.,.NOTDEFINED.,$,$);
#2585=IFCMAPPEDITEM(#2582,#2116);
#2586=IFCSHAPEREPRESENTATION(#15,'Body','MappedRepresentation',(#2585));
#2587=IFCPRODUCTDEFINITIONSHAPE($,$,(#2586));
#2588=IFCCARTESIANPOINT((21089.674577223974,-9782.3472045993894,291.91557169220977));
#2589=IFCAXIS2PLACEMENT3D(#2588,#49,#126);
#2591=IFCWINDOW('08pzrbE8X9reLLOmu2mNod',#6,'Window1:BrickWindow:1698974',$,$,#6541,#2587,'1698974',1600.,1200.,.WINDOW.,.NOTDEFINED.,$);
#2592=IFCPROPERTYSET('0fxsVZVIu2lPBUcX7dD6gl',#6,'Pset_EnvironmentalImpactIndicators',$,(#953));
#2593=IFCPROPERTYSET('3UlxlRLdKaPb_frvr8FZ7Q',#6,'Pset_WindowCommon',$,(#74,#953));
#2594=IFCRELDEFINESBYPROPERTIES('2WD2JkNZKr47u79__C7mhQ',#6,$,$,(#2591),#2592);
#2595=IFCRELDEFINESBYPROPERTIES('26aZAopLxuioGa4KHpbJQr',#6,$,$,(#2591),#2593);
#2596=IFCMAPPEDITEM(#2284,#2116);
#2597=IFCSHAPEREPRESENTATION(#15,'Body','MappedRepresentation',(#2596));
#2598=IFCPRODUCTDEFINITIONSHAPE($,$,(#2597));
#2599=IFCCARTESIANPOINT((21089.67457722397,-13482.347204599391,512.48044712315163));
#2600=IFCAXIS2PLACEMENT3D(#2599,#49,#126);
#2602=IFCWINDOW('08pzrbE8X9reLLOmu2mNpl',#6,'Window1:StoneWindows:1699030',$,$,#6556,#2598,'1699030',1200.,1000.0000000000001,.WINDOW.,.NOTDEFINED.,$);
#2603=IFCPROPERTYSET('2tewmlNqtWKDmwytPcUZeL',#6,'Pset_EnvironmentalImpactIndicators',$,(#1172));
#2604=IFCPROPERTYSET('2VH86LR4zFg6YgEbYnMJPI',#6,'Pset_WindowCommon',$,(#74,#1172));
#2605=IFCRELDEFINESBYPROPERTIES('1EiXQxnPVHiCcNIXiP3PUR',#6,$,$,(#2602),#2603);
#2606=IFCRELDEFINESBYPROPERTIES('06El758OJ99SD03L4pQodV',#6,$,$,(#2602),#2604);
#2607=IFCMAPPEDITEM(#2494,#2116);
#2608=IFCSHAPEREPRESENTATION(#15,'Body','MappedRepresentation',(#2607));
#2609=IFCPRODUCTDEFINITIONSHAPE($,$,(#2608));
#2610=IFCCARTESIANPOINT((19334.042839538724,-16453.038197492922,400.));
#2611=IFCAXIS2PLACEMENT3D(#2610,#49,#429);
#2613=IFCWINDOW('08pzrbE8X9reLLOmu2mNsB',#6,'Window1:StoneWindows:1699250',$,$,#6601,#2609,'1699250',1500.,1399.999999999998,.WINDOW.,.NOTDEFINED.,$);
#2614=IFCPROPERTYSET('1k6IEnoOBkZwnkA5DdtE6Y',#6,'Pset_EnvironmentalImpactIndicators',$,(#1172));
#2615=IFCPROPERTYSET('2w53d$CJc_mmCQP91Mhd6L',#6,'Pset_WindowCommon',$,(#74,#1172));
#2616=IFCRELDEFINESBYPROPERTIES('2sKpprZjpICYG3fmaGu3sT',#6,$,$,(#2613),#2614);
#2617=IFCRELDEFINESBYPROPERTIES('2g0DaUQhpIlhGNTo6JDpi6',#6,$,$,(#2613),#2615);
#2618=IFCCARTESIANPOINTLIST2D(((449.99999999999977,8.1215034697379459E-013),(650.00000000002603,-7.3093531227641509E-012),(6.6304855981120094E-012,650.00000000002444),(-650.00000000002581,1.3535839116229909E-012),(-449.9999999999996,-2.97788460557058E-012),(-3.1991011774684861E-012,449.99999999999841)));
#2619=IFCINDEXEDPOLYCURVE(#2618,(IFCLINEINDEX((1,2)),IFCARCINDEX((2,3,4)),IFCLINEINDEX((4,5)),IFCARCINDEX((5,6,1))),.F.);
#2620=IFCARBITRARYCLOSEDPROFILEDEF(.AREA.,'StoneWindowArch',#2619);
#2621=IFCCARTESIANPOINT((650.,0.,1000.));
#2622=IFCAXIS2PLACEMENT3D(#2621,#2145,#1283);
#2623=IFCEXTRUDEDAREASOLID(#2620,#2622,#1156,500.00000000000006);
#2624=IFCCARTESIANPOINTLIST2D(((-250.00000000000003,-100.00000000001639),(250.00000000000003,-100.00000000001639),(250.00000000000003,100.00000000001639),(-250.00000000000003,100.00000000001639),(-250.00000000000003,-100.00000000001639)));
#2625=IFCINDEXEDPOLYCURVE(#2624,$,.F.);
#2626=IFCARBITRARYCLOSEDPROFILEDEF(.AREA.,'StoneWindowArch',#2625);
#2627=IFCCARTESIANPOINT((1200.,250.,0.));
#2628=IFCAXIS2PLACEMENT3D(#2627,#49,#126);
#2629=IFCEXTRUDEDAREASOLID(#2626,#2628,#49,1000.0000000000026);
#2630=IFCCARTESIANPOINTLIST2D(((-250.00000000000003,-100.0000000000168),(250.00000000000003,-100.0000000000168),(250.00000000000003,100.0000000000168),(-250.00000000000003,100.0000000000168),(-250.00000000000003,-100.0000000000168)));
#2631=IFCINDEXEDPOLYCURVE(#2630,$,.F.);
#2632=IFCARBITRARYCLOSEDPROFILEDEF(.AREA.,'StoneWindowArch',#2631);
#2633=IFCCARTESIANPOINT((100.,250.,0.));
#2634=IFCAXIS2PLACEMENT3D(#2633,#49,#126);
#2635=IFCEXTRUDEDAREASOLID(#2632,#2634,#49,999.99999999999966);
#2636=IFCCARTESIANPOINTLIST2D(((-250.00000000000003,-449.9999999999996),(250.00000000000003,-449.9999999999996),(250.00000000000003,449.9999999999996),(-250.00000000000003,449.9999999999996),(-250.00000000000003,-449.9999999999996)));
#2637=IFCINDEXEDPOLYCURVE(#2636,$,.F.);
#2638=IFCARBITRARYCLOSEDPROFILEDEF(.AREA.,'StoneWindowArch',#2637);
#2639=IFCCARTESIANPOINT((650.,250.,0.));
#2640=IFCAXIS2PLACEMENT3D(#2639,#49,#126);
#2641=IFCEXTRUDEDAREASOLID(#2638,#2640,#49,200.00000000000014);
#2642=IFCCARTESIANPOINTLIST2D(((-400.00000000000114,-449.99999999999949),(400.00000000000301,-449.99999999999949),(400.00000000000301,449.99999999999949),(-400.0000000000046,449.99999999999949),(-850.00000000000057,-3.245956055585553E-012)));
#2643=IFCINDEXEDPOLYCURVE(#2642,(IFCLINEINDEX((1,2,3,4)),IFCARCINDEX((4,5,1))),.F.);
#2644=IFCARBITRARYCLOSEDPROFILEDEF(.AREA.,'StoneWindowArch',#2643);
#2645=IFCCARTESIANPOINT((650.,320.,600.));
#2646=IFCAXIS2PLACEMENT3D(#2645,#126,#1156);
#2647=IFCEXTRUDEDAREASOLID(#2644,#2646,#49,180.00000000001171);
#2648=IFCSTYLEDITEM(#2623,(#2104),$);
#2649=IFCSTYLEDITEM(#2629,(#2104),$);
#2650=IFCSTYLEDITEM(#2635,(#2104),$);
#2651=IFCSTYLEDITEM(#2641,(#2104),$);
#2652=IFCSTYLEDITEM(#2647,(#1463),$);
#2653=IFCSHAPEREPRESENTATION(#15,'Body','SweptSolid',(#2623,#2629,#2635,#2641,#2647));
#2654=IFCAXIS2PLACEMENT3D(#10,$,$);
#2655=IFCREPRESENTATIONMAP(#2654,#2653);
#2656=IFCWINDOWLININGPROPERTIES('08pzrbE8X9reLLOmy2mNts',#6,'archi_window_closed:StoneWindowArch:1699279',$,$,$,$,$,$,$,$,$,$,$,$,$);
#2657=IFCWINDOWTYPE('1L2wExHnOaSSY8$KSbdm8w',#6,'archi_window_closed:StoneWindowArch',$,$,(#2656),(#2655),'1699303',$,.WINDOW.,.NOTDEFINED.,$,$);
#2658=IFCMATERIALCONSTITUENT('Stone',$,#2115,1.,'');
#2659=IFCSHAPEREPRESENTATION(#15,'Body','SweptSolid',(#2623,#2629,#2635,#2641));
#2660=IFCSHAPEASPECT((#2659),'Stone',$,.U.,#2655);
#2661=IFCMATERIALCONSTITUENT('Tufelli_masonry_typeD',$,#1483,0.,'');
#2662=IFCSHAPEREPRESENTATION(#15,'Body','SweptSolid',(#2647));
#2663=IFCSHAPEASPECT((#2662),'Tufelli_masonry_typeD',$,.U.,#2655);
#2664=IFCMATERIALCONSTITUENTSET($,$,(#2658,#2661));
#2665=IFCMAPPEDITEM(#2655,#2116);
#2666=IFCSHAPEREPRESENTATION(#15,'Body','MappedRepresentation',(#2665));
#2667=IFCPRODUCTDEFINITIONSHAPE($,$,(#2666));
#2668=IFCCARTESIANPOINT((20589.674577223966,-12853.038197492891,455.90000000000032));
#2669=IFCAXIS2PLACEMENT3D(#2668,#49,#2145);
#2671=IFCWINDOW('08pzrbE8X9reLLOmu2mNts',#6,'archi_window_closed:StoneWindowArch:1699279',$,$,#6616,#2667,'1699279',1650.0000000000309,1300.0000000000682,.WINDOW.,.NOTDEFINED.,$);
#2672=IFCMATERIALCONSTITUENT('Stone',$,#2115,0.71237122003384179,'');
#2673=IFCMATERIALCONSTITUENT('Tufelli_masonry_typeD',$,#1483,0.28762877996615827,'');
#2674=IFCMATERIALCONSTITUENTSET($,$,(#2672,#2673));
#2675=IFCPROPERTYSET('00yv7Vc0I5VjPhRXh9DWcP',#6,'Pset_EnvironmentalImpactIndicators',$,(#1805));
#2676=IFCPROPERTYSET('1HZcgo$tpCwPCgG1kA0QEi',#6,'Pset_WindowCommon',$,(#74,#1805));
#2677=IFCRELDEFINESBYPROPERTIES('0QKQnRQUIHkpv1pdlwezYT',#6,$,$,(#2671),#2675);
#2678=IFCRELDEFINESBYPROPERTIES('0G$2nqLBDPqYLVx7_UzmoV',#6,$,$,(#2671),#2676);
#2679=IFCMAPPEDITEM(#2655,#2116);
#2680=IFCSHAPEREPRESENTATION(#15,'Body','MappedRepresentation',(#2679));
#2681=IFCPRODUCTDEFINITIONSHAPE($,$,(#2680));
#2682=IFCCARTESIANPOINT((20589.674577223974,-8882.3472045993585,455.90000000000032));
#2683=IFCAXIS2PLACEMENT3D(#2682,#49,#2145);
#2685=IFCWINDOW('08pzrbE8X9reLLOmu2mM9m',#6,'archi_window_closed:StoneWindowArch:1700425',$,$,#6631,#2681,'1700425',1650.0000000000309,1300.0000000000662,.WINDOW.,.NOTDEFINED.,$);
#2686=IFCMATERIALCONSTITUENT('Stone',$,#2115,0.71237122003384179,'');
#2687=IFCMATERIALCONSTITUENT('Tufelli_masonry_typeD',$,#1483,0.28762877996615827,'');
#2688=IFCMATERIALCONSTITUENTSET($,$,(#2686,#2687));
#2689=IFCPROPERTYSET('2TjRNfYTvNvXBGs779yk7E',#6,'Pset_EnvironmentalImpactIndicators',$,(#1805));
#2690=IFCPROPERTYSET('273zHzvaPbfXi5jarVi_Iq',#6,'Pset_WindowCommon',$,(#74,#1805));
#2691=IFCRELDEFINESBYPROPERTIES('35YXw6kkIdS45A6LtPCjP8',#6,$,$,(#2685),#2689);
#2692=IFCRELDEFINESBYPROPERTIES('2YQBa_0Bj6wjNjNVaOcB1l',#6,$,$,(#2685),#2690);
#2693=IFCMAPPEDITEM(#2494,#2116);
#2694=IFCSHAPEREPRESENTATION(#15,'Body','MappedRepresentation',(#2693));
#2695=IFCPRODUCTDEFINITIONSHAPE($,$,(#2694));
#2696=IFCCARTESIANPOINT((20589.67457722397,-10482.347204599389,400.));
#2697=IFCAXIS2PLACEMENT3D(#2696,#49,#2145);
#2699=IFCWINDOW('08pzrbE8X9reLLOmu2mMCl',#6,'Window1:StoneWindows:1700630',$,$,#6646,#2695,'1700630',1500.,1400.,.WINDOW.,.NOTDEFINED.,$);
#2700=IFCPROPERTYSET('2zwHFB8mau$06ekpGr7ral',#6,'Pset_EnvironmentalImpactIndicators',$,(#1172));
#2701=IFCPROPERTYSET('0hR2fn2g2uBbq2ZPaoigRd',#6,'Pset_WindowCommon',$,(#74,#1172));
#2702=IFCRELDEFINESBYPROPERTIES('0WqEYYywb4yzs_fPvLg$UK',#6,$,$,(#2699),#2700);
#2703=IFCRELDEFINESBYPROPERTIES('3XJNQ6jFNvhT5Qh6JCwk2o',#6,$,$,(#2699),#2701);
#2704=IFCCARTESIANPOINTLIST2D(((-250.00000000048394,-99.99999999999838),(250.00000000048394,-99.99999999999838),(250.00000000048394,99.99999999999838),(-250.00000000048394,99.99999999999838),(-250.00000000048394,-99.99999999999838)));
#2705=IFCINDEXEDPOLYCURVE(#2704,$,.F.);
#2706=IFCARBITRARYCLOSEDPROFILEDEF(.AREA.,'simple_arch_door',#2705);
#2707=IFCCARTESIANPOINT((800.,0.,0.));
#2708=IFCAXIS2PLACEMENT3D(#2707,#49,#126);
#2709=IFCEXTRUDEDAREASOLID(#2706,#2708,#49,1599.9999999999948);
#2710=IFCCARTESIANPOINTLIST2D(((-250.00000000048394,-100.00000000000041),(250.00000000048394,-100.00000000000041),(250.00000000048394,100.00000000000028),(-250.00000000048394,100.00000000000028),(-250.00000000048394,-100.00000000000041)));
#2711=IFCINDEXEDPOLYCURVE(#2710,$,.F.);
#2712=IFCARBITRARYCLOSEDPROFILEDEF(.AREA.,'simple_arch_door',#2711);
#2713=IFCCARTESIANPOINT((-800.,0.,0.));
#2714=IFCAXIS2PLACEMENT3D(#2713,#49,#126);
#2715=IFCEXTRUDEDAREASOLID(#2712,#2714,#49,1599.9999999999991);
#2716=IFCCARTESIANPOINTLIST2D(((-900.00000000001376,-1.0828671292983927E-012),(4.8492951066806224E-012,-900.00000000001387),(900.00000000001387,-2.7071678232459818E-013),(700.0000000000033,4.0607517348689726E-012),(2.527784747468763E-012,-700.00000000000352),(-700.0000000000033,-2.4364510409213838E-012)));
#2717=IFCINDEXEDPOLYCURVE(#2716,(IFCARCINDEX((1,2,3)),IFCLINEINDEX((3,4)),IFCARCINDEX((4,5,6)),IFCLINEINDEX((6,1))),.F.);
#2718=IFCARBITRARYCLOSEDPROFILEDEF(.AREA.,'simple_arch_door',#2717);
#2719=IFCCARTESIANPOINT((-0.,-250.,1600.));
#2720=IFCAXIS2PLACEMENT3D(#2719,#126,#1283);
#2721=IFCEXTRUDEDAREASOLID(#2718,#2720,#49,500.00000000096787);
#2722=IFCSTYLEDITEM(#2709,(#2104),$);
#2723=IFCSTYLEDITEM(#2715,(#2104),$);
#2724=IFCSTYLEDITEM(#2721,(#2104),$);
#2725=IFCSHAPEREPRESENTATION(#15,'Body','SweptSolid',(#2709,#2715,#2721));
#2726=IFCAXIS2PLACEMENT3D(#10,$,$);
#2727=IFCREPRESENTATIONMAP(#2726,#2725);
#2728=IFCDOORLININGPROPERTIES('08pzrbE8X9reLLOmy2mMEv',#6,'simple_arch_door:simple_arch_door:1700736',$,$,$,$,$,$,$,$,$,$,$,$,$,$);
#2729=IFCDOORPANELPROPERTIES('08pzrbE8X9reLLOmm2mMEv',#6,'simple_arch_door:simple_arch_door:1700736:1',$,$,.NOTDEFINED.,$,.NOTDEFINED.,$);
#2730=IFCDOORTYPE('3wC$IJHpt9aqZQ_vKvdcJx',#6,'simple_arch_door:simple_arch_door',$,$,(#2728,#2729),(#2727),'1700772',$,.DOOR.,.NOTDEFINED.,$,$);
#2731=IFCMAPPEDITEM(#2727,#2116);
#2732=IFCSHAPEREPRESENTATION(#15,'Body','MappedRepresentation',(#2731));
#2733=IFCPRODUCTDEFINITIONSHAPE($,$,(#2732));
#2734=IFCCARTESIANPOINT((20166.032860646457,-2353.5140049790898,-200.));
#2735=IFCDIRECTION((0.12870878250531753,-0.99168243369840881,0.));
#2736=IFCAXIS2PLACEMENT3D(#2734,#49,#2735);
#2737=IFCLOCALPLACEMENT(#24,#2736);
#2738=IFCDOOR('08pzrbE8X9reLLOmu2mMEv',#6,'simple_arch_door:simple_arch_door:1700736',$,$,#2737,#2733,'1700736',1170.3740868164359,2150.0000000000023,.DOOR.,$,$);
#2739=IFCPROPERTYSET('31TF68xI_$PqssrIeEZkX6',#6,'Pset_DoorCommon',$,(#1170,#1177));
#2740=IFCPROPERTYSET('0wa$75aIqFljZsrolEFaGC',#6,'Pset_EnvironmentalImpactIndicators',$,(#1177));
#2741=IFCRELDEFINESBYPROPERTIES('334LS_eLnSfSyO51f9I3G1',#6,$,$,(#2738),#2739);
#2742=IFCRELDEFINESBYPROPERTIES('1rYFpBtVusbHdd8Zzmn6N9',#6,$,$,(#2738),#2740);
#2743=IFCCARTESIANPOINTLIST2D(((-249.99999999999622,-599.99999999999977),(249.99999999999622,-599.99999999999977),(249.99999999999622,599.99999999999977),(-249.99999999999622,599.99999999999977),(-249.99999999999622,-599.99999999999977)));
#2744=IFCINDEXEDPOLYCURVE(#2743,$,.F.);
#2745=IFCARBITRARYCLOSEDPROFILEDEF(.AREA.,'StoneWindows',#2744);
#2746=IFCCARTESIANPOINT((-0.,0.,1800.));
#2747=IFCAXIS2PLACEMENT3D(#2746,#49,#126);
#2748=IFCEXTRUDEDAREASOLID(#2745,#2747,#49,200.);
#2749=IFCCARTESIANPOINTLIST2D(((-249.99999999999622,-599.99999999999977),(249.99999999999622,-599.99999999999977),(249.99999999999622,599.99999999999977),(-249.99999999999622,599.99999999999977),(-249.99999999999622,-599.99999999999977)));
#2750=IFCINDEXEDPOLYCURVE(#2749,$,.F.);
#2751=IFCARBITRARYCLOSEDPROFILEDEF(.AREA.,'StoneWindows',#2750);
#2752=IFCCARTESIANPOINT((-0.,0.,800.));
#2753=IFCAXIS2PLACEMENT3D(#2752,#49,#126);
#2754=IFCEXTRUDEDAREASOLID(#2751,#2753,#49,165.03507693617399);
#2755=IFCCARTESIANPOINTLIST2D(((-249.99999999999622,-100.),(249.99999999999622,-100.),(249.99999999999622,100.),(-249.99999999999622,100.),(-249.99999999999622,-100.)));
#2756=IFCINDEXEDPOLYCURVE(#2755,$,.F.);
#2757=IFCARBITRARYCLOSEDPROFILEDEF(.AREA.,'StoneWindows',#2756);
#2758=IFCCARTESIANPOINT((-500.,0.,965.03507693617291));
#2759=IFCAXIS2PLACEMENT3D(#2758,#49,#126);
#2760=IFCEXTRUDEDAREASOLID(#2757,#2759,#49,834.96492306382606);
#2761=IFCCARTESIANPOINTLIST2D(((-249.99999999999622,-100.),(249.99999999999622,-100.),(249.99999999999622,100.),(-249.99999999999622,100.),(-249.99999999999622,-100.)));
#2762=IFCINDEXEDPOLYCURVE(#2761,$,.F.);
#2763=IFCARBITRARYCLOSEDPROFILEDEF(.AREA.,'StoneWindows',#2762);
#2764=IFCCARTESIANPOINT((500.,0.,965.03507693617291));
#2765=IFCAXIS2PLACEMENT3D(#2764,#49,#126);
#2766=IFCEXTRUDEDAREASOLID(#2763,#2765,#49,834.96492306382606);
#2767=IFCSTYLEDITEM(#2748,(#2104),$);
#2768=IFCSTYLEDITEM(#2754,(#2104),$);
#2769=IFCSTYLEDITEM(#2760,(#2104),$);
#2770=IFCSTYLEDITEM(#2766,(#2104),$);
#2771=IFCSHAPEREPRESENTATION(#15,'Body','SweptSolid',(#2748,#2754,#2760,#2766));
#2772=IFCAXIS2PLACEMENT3D(#10,$,$);
#2773=IFCREPRESENTATIONMAP(#2772,#2771);
#2774=IFCWINDOWLININGPROPERTIES('2cVTFzTer1sumg7ajXGJKn',#6,'Window1:StoneWindows:1702018',$,$,$,$,$,$,$,$,$,$,$,$,$);
#2775=IFCWINDOWTYPE('17qLG9T9Tt0ugKiF2jKm3l',#6,'Window1:StoneWindows',$,$,(#2774),(#2773),'1695326',$,.WINDOW.,.NOTDEFINED.,$,$);
#2776=IFCMAPPEDITEM(#2773,#2116);
#2777=IFCSHAPEREPRESENTATION(#15,'Body','MappedRepresentation',(#2776));
#2778=IFCPRODUCTDEFINITIONSHAPE($,$,(#2777));
#2779=IFCCARTESIANPOINT((20595.775957996306,-5664.622014468514,900.));
#2780=IFCDIRECTION((0.12870878250531753,-0.99168243369840881,0.));
#2781=IFCAXIS2PLACEMENT3D(#2779,#49,#2780);
#2782=IFCLOCALPLACEMENT(#24,#2781);
#2783=IFCWINDOW('2cVTFzTer1sumg7afXGJKn',#6,'Window1:StoneWindows:1702018',$,$,#2782,#2778,'1702018',721.15266599151278,1199.9999999999995,.WINDOW.,.NOTDEFINED.,$);
#2784=IFCPROPERTYSET('2KKKxuCTcwHScsGKEXW0NU',#6,'Pset_EnvironmentalImpactIndicators',$,(#1172));
#2785=IFCPROPERTYSET('0H7TY$x6ZMBAGwAKF4oqFu',#6,'Pset_WindowCommon',$,(#1170,#1172));
#2786=IFCRELDEFINESBYPROPERTIES('1LeTQco2RGWbt1OmIzknUn',#6,$,$,(#2783),#2784);
#2787=IFCRELDEFINESBYPROPERTIES('1IlzJCpskVuvkVh2byIJrO',#6,$,$,(#2783),#2785);
#2788=IFCMAPPEDITEM(#2773,#2116);
#2789=IFCSHAPEREPRESENTATION(#15,'Body','MappedRepresentation',(#2788));
#2790=IFCPRODUCTDEFINITIONSHAPE($,$,(#2789));
#2791=IFCCARTESIANPOINT((20239.685830685234,-2920.9994178269299,1600.));
#2792=IFCDIRECTION((0.12870878250531792,-0.99168243369840869,0.));
#2793=IFCAXIS2PLACEMENT3D(#2791,#49,#2792);
#2794=IFCLOCALPLACEMENT(#24,#2793);
#2795=IFCWINDOW('1b6LOlXV9B9POL9jHQJdDQ',#6,'Window1:StoneWindows:1702223',$,$,#2794,#2790,'1702223',721.15266599151278,1199.9999999999995,.WINDOW.,.NOTDEFINED.,$);
#2796=IFCPROPERTYSET('0cTjsOIjelQ3hHrBSX0DMh',#6,'Pset_EnvironmentalImpactIndicators',$,(#1172));
#2797=IFCPROPERTYSET('1h5cnIbdc5VeBlfLAeFM77',#6,'Pset_WindowCommon',$,(#1170,#1172));
#2798=IFCRELDEFINESBYPROPERTIES('2ZYcit4jubqdL5ILxqoNsL',#6,$,$,(#2795),#2796);
#2799=IFCRELDEFINESBYPROPERTIES('2GQcVLYXNen08ntrbhF4sW',#6,$,$,(#2795),#2797);
#2800=IFCCARTESIANPOINTLIST2D(((-249.99999999999622,-499.99999999999977),(249.99999999999622,-499.99999999999977),(249.99999999999622,499.99999999999977),(-249.99999999999622,499.99999999999977),(-249.99999999999622,-499.99999999999977)));
#2801=IFCINDEXEDPOLYCURVE(#2800,$,.F.);
#2802=IFCARBITRARYCLOSEDPROFILEDEF(.AREA.,'StoneWindows',#2801);
#2803=IFCCARTESIANPOINT((-0.,0.,2100.));
#2804=IFCAXIS2PLACEMENT3D(#2803,#49,#126);
#2805=IFCEXTRUDEDAREASOLID(#2802,#2804,#49,200.);
#2806=IFCCARTESIANPOINTLIST2D(((-249.99999999999622,-499.99999999999977),(249.99999999999622,-499.99999999999977),(249.99999999999622,499.99999999999977),(-249.99999999999622,499.99999999999977),(-249.99999999999622,-499.99999999999977)));
#2807=IFCINDEXEDPOLYCURVE(#2806,$,.F.);
#2808=IFCARBITRARYCLOSEDPROFILEDEF(.AREA.,'StoneWindows',#2807);
#2809=IFCCARTESIANPOINT((-0.,0.,800.));
#2810=IFCAXIS2PLACEMENT3D(#2809,#49,#126);
#2811=IFCEXTRUDEDAREASOLID(#2808,#2810,#49,165.03507693617399);
#2812=IFCCARTESIANPOINTLIST2D(((-249.99999999999622,-100.),(249.99999999999622,-100.),(249.99999999999622,100.),(-249.99999999999622,100.),(-249.99999999999622,-100.)));
#2813=IFCINDEXEDPOLYCURVE(#2812,$,.F.);
#2814=IFCARBITRARYCLOSEDPROFILEDEF(.AREA.,'StoneWindows',#2813);
#2815=IFCCARTESIANPOINT((-400.,0.,965.03507693617269));
#2816=IFCAXIS2PLACEMENT3D(#2815,#49,#126);
#2817=IFCEXTRUDEDAREASOLID(#2814,#2816,#49,1134.9649230638261);
#2818=IFCCARTESIANPOINTLIST2D(((-249.99999999999622,-100.),(249.99999999999622,-100.),(249.99999999999622,100.),(-249.99999999999622,100.),(-249.99999999999622,-100.)));
#2819=IFCINDEXEDPOLYCURVE(#2818,$,.F.);
#2820=IFCARBITRARYCLOSEDPROFILEDEF(.AREA.,'StoneWindows',#2819);
#2821=IFCCARTESIANPOINT((400.,0.,965.03507693617269));
#2822=IFCAXIS2PLACEMENT3D(#2821,#49,#126);
#2823=IFCEXTRUDEDAREASOLID(#2820,#2822,#49,1134.9649230638261);
#2824=IFCSTYLEDITEM(#2805,(#2104),$);
#2825=IFCSTYLEDITEM(#2811,(#2104),$);
#2826=IFCSTYLEDITEM(#2817,(#2104),$);
#2827=IFCSTYLEDITEM(#2823,(#2104),$);
#2828=IFCSHAPEREPRESENTATION(#15,'Body','SweptSolid',(#2805,#2811,#2817,#2823));
#2829=IFCAXIS2PLACEMENT3D(#10,$,$);
#2830=IFCREPRESENTATIONMAP(#2829,#2828);
#2831=IFCWINDOWLININGPROPERTIES('1b6LOlXV9B9POL9jLQJdFJ',#6,'Window1:StoneWindows:1702342',$,$,$,$,$,$,$,$,$,$,$,$,$);
#2832=IFCWINDOWTYPE('0arvCOa5G6_iJaRMLq125U',#6,'Window1:StoneWindows',$,$,(#2831),(#2830),'1695326',$,.WINDOW.,.NOTDEFINED.,$,$);
#2833=IFCMAPPEDITEM(#2830,#2116);
#2834=IFCSHAPEREPRESENTATION(#15,'Body','MappedRepresentation',(#2833));
#2835=IFCPRODUCTDEFINITIONSHAPE($,$,(#2834));
#2836=IFCCARTESIANPOINT((20636.135578033103,-5975.5870119004876,-484.4046190576172));
#2837=IFCDIRECTION((0.12870878250531792,-0.99168243369840869,0.));
#2838=IFCAXIS2PLACEMENT3D(#2836,#49,#2837);
#2839=IFCLOCALPLACEMENT(#28,#2838);
#2840=IFCWINDOW('1b6LOlXV9B9POL9jHQJdFJ',#6,'Window1:StoneWindows:1702342',$,$,#2839,#2835,'1702342',721.15266599151278,999.99999999999955,.WINDOW.,.NOTDEFINED.,$);
#2841=IFCPROPERTYSET('1jOlEOwmr774W742c$V9mZ',#6,'Pset_EnvironmentalImpactIndicators',$,(#1172));
#2842=IFCPROPERTYSET('0GN2Hwa1$L4EAk$qnz3TlA',#6,'Pset_WindowCommon',$,(#1170,#1172));
#2843=IFCRELDEFINESBYPROPERTIES('0a91NrYZ5Rgq3S$ZCtYGrh',#6,$,$,(#2840),#2841);
#2844=IFCRELDEFINESBYPROPERTIES('2Truv2ztvluINb70QoFGjc',#6,$,$,(#2840),#2842);
#2845=IFCMAPPEDITEM(#2830,#2116);
#2846=IFCSHAPEREPRESENTATION(#15,'Body','MappedRepresentation',(#2845));
#2847=IFCPRODUCTDEFINITIONSHAPE($,$,(#2846));
#2848=IFCCARTESIANPOINT((20636.135578033107,-5975.5870119004876,-3984.4046190577851));
#2849=IFCDIRECTION((-0.12870878250531753,0.99168243369840881,0.));
#2850=IFCAXIS2PLACEMENT3D(#2848,#49,#2849);
#2851=IFCLOCALPLACEMENT(#32,#2850);
#2852=IFCWINDOW('1b6LOlXV9B9POL9jHQJdF5',#6,'Window1:StoneWindows:1702352',$,$,#2851,#2847,'1702352',721.15266599151278,999.99999999999955,.WINDOW.,.NOTDEFINED.,$);
#2853=IFCPROPERTYSET('029JELUR1ntJHRuE1Magkc',#6,'Pset_EnvironmentalImpactIndicators',$,(#1172));
#2854=IFCPROPERTYSET('1l2AjqemVD6tc3jdcfy45n',#6,'Pset_WindowCommon',$,(#1170,#1172));
#2855=IFCRELDEFINESBYPROPERTIES('3Kec5xvAnkguuB_BGzsbDo',#6,$,$,(#2852),#2853);
#2856=IFCRELDEFINESBYPROPERTIES('0R7tOU97hnt8bkKvXK19hv',#6,$,$,(#2852),#2854);
#2857=IFCMAPPEDITEM(#2830,#2116);
#2858=IFCSHAPEREPRESENTATION(#15,'Body','MappedRepresentation',(#2857));
#2859=IFCPRODUCTDEFINITIONSHAPE($,$,(#2858));
#2860=IFCCARTESIANPOINT((20636.135578033103,-5975.5870119004885,-484.4046190576172));
#2861=IFCDIRECTION((0.12870878250531792,-0.99168243369840869,0.));
#2862=IFCAXIS2PLACEMENT3D(#2860,#49,#2861);
#2863=IFCLOCALPLACEMENT(#28,#2862);
#2864=IFCWINDOW('1b6LOlXV9B9POL9jHQJdFW',#6,'Window1:StoneWindows:1702389',$,$,#2863,#2859,'1702389',721.15266599151278,999.99999999999955,.WINDOW.,.NOTDEFINED.,$);
#2865=IFCPROPERTYSET('0h92EoVbRJL14XBusfl5EK',#6,'Pset_EnvironmentalImpactIndicators',$,(#1172));
#2866=IFCPROPERTYSET('21fixowy8B1kA782mVI1jU',#6,'Pset_WindowCommon',$,(#1170,#1172));
#2867=IFCRELDEFINESBYPROPERTIES('0FGg9ERHxhuNv9knnPdBUs',#6,$,$,(#2864),#2865);
#2868=IFCRELDEFINESBYPROPERTIES('3BBdsmskKk9y4Gn297WfQJ',#6,$,$,(#2864),#2866);
#2869=IFCCARTESIANPOINTLIST2D(((-249.99999999999622,-599.99999999999977),(249.99999999999622,-599.99999999999977),(249.99999999999622,599.99999999999977),(-249.99999999999622,599.99999999999977),(-249.99999999999622,-599.99999999999977)));
#2870=IFCINDEXEDPOLYCURVE(#2869,$,.F.);
#2871=IFCARBITRARYCLOSEDPROFILEDEF(.AREA.,'StoneWindows',#2870);
#2872=IFCCARTESIANPOINT((-0.,0.,2100.));
#2873=IFCAXIS2PLACEMENT3D(#2872,#49,#126);
#2874=IFCEXTRUDEDAREASOLID(#2871,#2873,#49,200.);
#2875=IFCCARTESIANPOINTLIST2D(((-249.99999999999622,-599.99999999999977),(249.99999999999622,-599.99999999999977),(249.99999999999622,599.99999999999977),(-249.99999999999622,599.99999999999977),(-249.99999999999622,-599.99999999999977)));
#2876=IFCINDEXEDPOLYCURVE(#2875,$,.F.);
#2877=IFCARBITRARYCLOSEDPROFILEDEF(.AREA.,'StoneWindows',#2876);
#2878=IFCCARTESIANPOINT((-0.,0.,800.));
#2879=IFCAXIS2PLACEMENT3D(#2878,#49,#126);
#2880=IFCEXTRUDEDAREASOLID(#2877,#2879,#49,165.03507693617399);
#2881=IFCCARTESIANPOINTLIST2D(((-249.99999999999622,-100.),(249.99999999999622,-100.),(249.99999999999622,100.),(-249.99999999999622,100.),(-249.99999999999622,-100.)));
#2882=IFCINDEXEDPOLYCURVE(#2881,$,.F.);
#2883=IFCARBITRARYCLOSEDPROFILEDEF(.AREA.,'StoneWindows',#2882);
#2884=IFCCARTESIANPOINT((-500.,0.,965.03507693617291));
#2885=IFCAXIS2PLACEMENT3D(#2884,#49,#126);
#2886=IFCEXTRUDEDAREASOLID(#2883,#2885,#49,1134.9649230638261);
#2887=IFCCARTESIANPOINTLIST2D(((-249.99999999999622,-100.),(249.99999999999622,-100.),(249.99999999999622,100.),(-249.99999999999622,100.),(-249.99999999999622,-100.)));
#2888=IFCINDEXEDPOLYCURVE(#2887,$,.F.);
#2889=IFCARBITRARYCLOSEDPROFILEDEF(.AREA.,'StoneWindows',#2888);
#2890=IFCCARTESIANPOINT((500.,0.,965.03507693617291));
#2891=IFCAXIS2PLACEMENT3D(#2890,#49,#126);
#2892=IFCEXTRUDEDAREASOLID(#2889,#2891,#49,1134.9649230638261);
#2893=IFCSTYLEDITEM(#2874,(#2104),$);
#2894=IFCSTYLEDITEM(#2880,(#2104),$);
#2895=IFCSTYLEDITEM(#2886,(#2104),$);
#2896=IFCSTYLEDITEM(#2892,(#2104),$);
#2897=IFCSHAPEREPRESENTATION(#15,'Body','SweptSolid',(#2874,#2880,#2886,#2892));
#2898=IFCAXIS2PLACEMENT3D(#10,$,$);
#2899=IFCREPRESENTATIONMAP(#2898,#2897);
#2900=IFCWINDOWLININGPROPERTIES('1b6LOlXV9B9POL9jLQJd0L',#6,'Window1:StoneWindows:1702400',$,$,$,$,$,$,$,$,$,$,$,$,$);
#2901=IFCWINDOWTYPE('1WGunhpEGR4Ce_hVGUB0Fm',#6,'Window1:StoneWindows',$,$,(#2900),(#2899),'1695326',$,.WINDOW.,.NOTDEFINED.,$,$);
#2902=IFCMAPPEDITEM(#2899,#2116);
#2903=IFCSHAPEREPRESENTATION(#15,'Body','MappedRepresentation',(#2902));
#2904=IFCPRODUCTDEFINITIONSHAPE($,$,(#2903));
#2905=IFCCARTESIANPOINT((20633.473499079682,-5955.0760810700995,-300.));
#2906=IFCDIRECTION((0.12870878250531792,-0.99168243369840869,0.));
#2907=IFCAXIS2PLACEMENT3D(#2905,#49,#2906);
#2908=IFCLOCALPLACEMENT(#32,#2907);
#2909=IFCWINDOW('1b6LOlXV9B9POL9jHQJd0L',#6,'Window1:StoneWindows:1702400',$,$,#2908,#2904,'1702400',721.15266599151278,1199.9999999999995,.WINDOW.,.NOTDEFINED.,$);
#2910=IFCPROPERTYSET('1ZDew8mqA6mtNMSsz1$up_',#6,'Pset_EnvironmentalImpactIndicators',$,(#1172));
#2911=IFCPROPERTYSET('17AH5CV66d3i3Q4ThLaQZJ',#6,'Pset_WindowCommon',$,(#1170,#1172));
#2912=IFCRELDEFINESBYPROPERTIES('0rHZgVQNimdr2wAVIr2Vjo',#6,$,$,(#2909),#2910);
#2913=IFCRELDEFINESBYPROPERTIES('0XLsed$mGGVIPwDAb4YnoU',#6,$,$,(#2909),#2911);
#2914=IFCMAPPEDITEM(#2899,#2116);
#2915=IFCSHAPEREPRESENTATION(#15,'Body','MappedRepresentation',(#2914));
#2916=IFCPRODUCTDEFINITIONSHAPE($,$,(#2915));
#2917=IFCCARTESIANPOINT((20225.703992825067,-2813.271392381796,-300.));
#2918=IFCDIRECTION((0.12870878250531792,-0.99168243369840869,0.));
#2919=IFCAXIS2PLACEMENT3D(#2917,#49,#2918);
#2920=IFCLOCALPLACEMENT(#32,#2919);
#2921=IFCWINDOW('1b6LOlXV9B9POL9jHQJd0M',#6,'Window1:StoneWindows:1702403',$,$,#2920,#2916,'1702403',721.15266599151278,1199.9999999999995,.WINDOW.,.NOTDEFINED.,$);
#2922=IFCPROPERTYSET('2nXwe3suXNMIghSinN2npl',#6,'Pset_EnvironmentalImpactIndicators',$,(#1172));
#2923=IFCPROPERTYSET('0j8lrORwUZ9wT8Fh5Yl$dk',#6,'Pset_WindowCommon',$,(#1170,#1172));
#2924=IFCRELDEFINESBYPROPERTIES('3RxZyzj9zRPOae2MCF9Rl1',#6,$,$,(#2921),#2922);
#2925=IFCRELDEFINESBYPROPERTIES('0thF45tm3ceOC6LPUcc4aR',#6,$,$,(#2921),#2923);
#2926=IFCCARTESIANPOINTLIST2D(((399.99999999999983,1.3535839116229909E-012),(600.00000000002603,-7.3093531227641509E-012),(6.5749874396312617E-012,600.00000000002467),(-600.00000000002603,1.0828671292983927E-012),(-399.99999999999983,-2.7071678232459817E-012),(-3.2745153209513195E-012,399.99999999999841)));
#2927=IFCINDEXEDPOLYCURVE(#2926,(IFCLINEINDEX((1,2)),IFCARCINDEX((2,3,4)),IFCLINEINDEX((4,5)),IFCARCINDEX((5,6,1))),.F.);
#2928=IFCARBITRARYCLOSEDPROFILEDEF(.AREA.,'StoneWindowArch',#2927);
#2929=IFCCARTESIANPOINT((-0.,-250.,1800.));
#2930=IFCAXIS2PLACEMENT3D(#2929,#2145,#1283);
#2931=IFCEXTRUDEDAREASOLID(#2928,#2930,#1156,500.00000000000006);
#2932=IFCCARTESIANPOINTLIST2D(((-250.00000000000003,-100.00000000001666),(250.00000000000003,-100.00000000001666),(250.00000000000003,100.00000000001666),(-250.00000000000003,100.00000000001666),(-250.00000000000003,-100.00000000001666)));
#2933=IFCINDEXEDPOLYCURVE(#2932,$,.F.);
#2934=IFCARBITRARYCLOSEDPROFILEDEF(.AREA.,'StoneWindowArch',#2933);
#2935=IFCCARTESIANPOINT((500.,0.,800.));
#2936=IFCAXIS2PLACEMENT3D(#2935,#49,#126);
#2937=IFCEXTRUDEDAREASOLID(#2934,#2936,#49,1000.0000000000024);
#2938=IFCCARTESIANPOINTLIST2D(((-250.00000000000003,-100.00000000001673),(250.00000000000003,-100.00000000001673),(250.00000000000003,100.00000000001673),(-250.00000000000003,100.00000000001673),(-250.00000000000003,-100.00000000001673)));
#2939=IFCINDEXEDPOLYCURVE(#2938,$,.F.);
#2940=IFCARBITRARYCLOSEDPROFILEDEF(.AREA.,'StoneWindowArch',#2939);
#2941=IFCCARTESIANPOINT((-500.,0.,800.));
#2942=IFCAXIS2PLACEMENT3D(#2941,#49,#126);
#2943=IFCEXTRUDEDAREASOLID(#2940,#2942,#49,999.99999999999966);
#2944=IFCCARTESIANPOINTLIST2D(((-250.00000000000003,-399.99999999999977),(250.00000000000003,-399.99999999999977),(250.00000000000003,399.99999999999977),(-250.00000000000003,399.99999999999977),(-250.00000000000003,-399.99999999999977)));
#2945=IFCINDEXEDPOLYCURVE(#2944,$,.F.);
#2946=IFCARBITRARYCLOSEDPROFILEDEF(.AREA.,'StoneWindowArch',#2945);
#2947=IFCCARTESIANPOINT((-0.,0.,800.));
#2948=IFCAXIS2PLACEMENT3D(#2947,#49,#126);
#2949=IFCEXTRUDEDAREASOLID(#2946,#2948,#49,200.00000000000014);
#2950=IFCSTYLEDITEM(#2931,(#2104),$);
#2951=IFCSTYLEDITEM(#2937,(#2104),$);
#2952=IFCSTYLEDITEM(#2943,(#2104),$);
#2953=IFCSTYLEDITEM(#2949,(#2104),$);
#2954=IFCSHAPEREPRESENTATION(#15,'Body','SweptSolid',(#2931,#2937,#2943,#2949));
#2955=IFCAXIS2PLACEMENT3D(#10,$,$);
#2956=IFCREPRESENTATIONMAP(#2955,#2954);
#2957=IFCWINDOWLININGPROPERTIES('1b6LOlXV9B9POL9jLQJd0z',#6,'archi_window:StoneWindowArch:1702440',$,$,$,$,$,$,$,$,$,$,$,$,$);
#2958=IFCWINDOWTYPE('1aQt_FbTsa1DRKsz00adqD',#6,'archi_window:StoneWindowArch',$,$,(#2957),(#2956),'1702464',$,.WINDOW.,.NOTDEFINED.,$,$);
#2959=IFCMAPPEDITEM(#2956,#2116);
#2960=IFCSHAPEREPRESENTATION(#15,'Body','MappedRepresentation',(#2959));
#2961=IFCPRODUCTDEFINITIONSHAPE($,$,(#2960));
#2962=IFCCARTESIANPOINT((20202.484667882301,-2634.369873620833,-558.01140322386516));
#2963=IFCDIRECTION((0.12870878250531792,-0.99168243369840869,0.));
#2964=IFCAXIS2PLACEMENT3D(#2962,#49,#2963);
#2965=IFCLOCALPLACEMENT(#28,#2964);
#2966=IFCWINDOW('1b6LOlXV9B9POL9jHQJd0z',#6,'archi_window:StoneWindowArch:1702440',$,$,#2965,#2961,'1702440',721.15266599151664,1200.0000000000662,.WINDOW.,.NOTDEFINED.,$);
#2967=IFCPROPERTYSET('1QHyyJsD0J9cHXWEqXNOCI',#6,'Pset_EnvironmentalImpactIndicators',$,(#1805));
#2968=IFCPROPERTYSET('3Ma$1djw57hN2v6CYH4DBp',#6,'Pset_WindowCommon',$,(#1170,#1805));
#2969=IFCRELDEFINESBYPROPERTIES('2d1JFJ9E1GQu8kenF1WOXF',#6,$,$,(#2966),#2967);
#2970=IFCRELDEFINESBYPROPERTIES('1BOAQ1Q8q7aI0FMrexAn9Q',#6,$,$,(#2966),#2968);
#2971=IFCCARTESIANPOINTLIST2D(((-250.00000000000003,-599.99999999999977),(250.00000000000003,-599.99999999999977),(250.00000000000003,599.99999999999977),(-250.00000000000003,599.99999999999977),(-250.00000000000003,-599.99999999999977)));
#2972=IFCINDEXEDPOLYCURVE(#2971,$,.F.);
#2973=IFCARBITRARYCLOSEDPROFILEDEF(.AREA.,'BrickWindow',#2972);
#2974=IFCCARTESIANPOINT((600.,250.,1300.));
#2975=IFCAXIS2PLACEMENT3D(#2974,#49,#126);
#2976=IFCEXTRUDEDAREASOLID(#2973,#2975,#49,200.);
#2977=IFCCARTESIANPOINTLIST2D(((-250.00000000000003,-599.99999999999977),(250.00000000000003,-599.99999999999977),(250.00000000000003,599.99999999999977),(-250.00000000000003,599.99999999999977),(-250.00000000000003,-599.99999999999977)));
#2978=IFCINDEXEDPOLYCURVE(#2977,$,.F.);
#2979=IFCARBITRARYCLOSEDPROFILEDEF(.AREA.,'BrickWindow',#2978);
#2980=IFCCARTESIANPOINT((600.,250.,0.));
#2981=IFCAXIS2PLACEMENT3D(#2980,#49,#126);
#2982=IFCEXTRUDEDAREASOLID(#2979,#2981,#49,165.03507693617399);
#2983=IFCCARTESIANPOINTLIST2D(((-250.00000000000003,-100.),(250.00000000000003,-100.),(250.00000000000003,100.),(-250.00000000000003,100.),(-250.00000000000003,-100.)));
#2984=IFCINDEXEDPOLYCURVE(#2983,$,.F.);
#2985=IFCARBITRARYCLOSEDPROFILEDEF(.AREA.,'BrickWindow',#2984);
#2986=IFCCARTESIANPOINT((100.,250.,165.03507693617399));
#2987=IFCAXIS2PLACEMENT3D(#2986,#49,#126);
#2988=IFCEXTRUDEDAREASOLID(#2985,#2987,#49,1134.9649230638261);
#2989=IFCCARTESIANPOINTLIST2D(((-250.00000000000003,-100.),(250.00000000000003,-100.),(250.00000000000003,100.),(-250.00000000000003,100.),(-250.00000000000003,-100.)));
#2990=IFCINDEXEDPOLYCURVE(#2989,$,.F.);
#2991=IFCARBITRARYCLOSEDPROFILEDEF(.AREA.,'BrickWindow',#2990);
#2992=IFCCARTESIANPOINT((1100.,250.,165.03507693617399));
#2993=IFCAXIS2PLACEMENT3D(#2992,#49,#126);
#2994=IFCEXTRUDEDAREASOLID(#2991,#2993,#49,1134.9649230638261);
#2995=IFCSTYLEDITEM(#2976,(#2006),$);
#2996=IFCSTYLEDITEM(#2982,(#2006),$);
#2997=IFCSTYLEDITEM(#2988,(#2006),$);
#2998=IFCSTYLEDITEM(#2994,(#2006),$);
#2999=IFCSHAPEREPRESENTATION(#15,'Body','SweptSolid',(#2976,#2982,#2988,#2994));
#3000=IFCAXIS2PLACEMENT3D(#10,$,$);
#3001=IFCREPRESENTATIONMAP(#3000,#2999);
#3002=IFCWINDOWLININGPROPERTIES('0cmxDOe$H0xREbbs1sIyWL',#6,'BrickWindow:BrickWindow:1706885',$,$,$,$,$,$,$,$,$,$,$,$,$);
#3003=IFCWINDOWTYPE('1zEK6RqgdqqbYdFzIjeRZ1',#6,'BrickWindow:BrickWindow',$,$,(#3002),(#3001),'1784395',$,.WINDOW.,.NOTDEFINED.,$,$);
#3004=IFCMAPPEDITEM(#3001,#2116);
#3005=IFCSHAPEREPRESENTATION(#15,'Body','MappedRepresentation',(#3004));
#3006=IFCPRODUCTDEFINITIONSHAPE($,$,(#3005));
#3007=IFCCARTESIANPOINT((7164.3794178391017,7659.8267979150196,852.40978849991018));
#3008=IFCDIRECTION((0.88140092832803951,0.47236892736765629,0.));
#3009=IFCAXIS2PLACEMENT3D(#3007,#49,#3008);
#3011=IFCWINDOW('0cmxDOe$H0xREbbs5sIyWL',#6,'BrickWindow:BrickWindow:1706885',$,$,#6826,#3006,'1706885',1500.0000000000011,1200.0000000000002,.WINDOW.,.NOTDEFINED.,$);
#3012=IFCPROPERTYSET('2ZAjT5S2s0zfiQ6r9tQ4oX',#6,'Pset_EnvironmentalImpactIndicators',$,(#953));
#3013=IFCPROPERTYSET('2PzoKVAuhSMzj2_am5cYoX',#6,'Pset_WindowCommon',$,(#74,#953));
#3014=IFCRELDEFINESBYPROPERTIES('2_zVVJhTDoSLRpnG$FEQBx',#6,$,$,(#3011),#3012);
#3015=IFCRELDEFINESBYPROPERTIES('3MMwcsZYhVxVbkPFsi4xEi',#6,$,$,(#3011),#3013);
#3016=IFCCARTESIANPOINTLIST2D(((-250.00000000000003,-599.99999999999977),(250.00000000000003,-599.99999999999977),(250.00000000000003,599.99999999999977),(-250.00000000000003,599.99999999999977),(-250.00000000000003,-599.99999999999977)));
#3017=IFCINDEXEDPOLYCURVE(#3016,$,.F.);
#3018=IFCARBITRARYCLOSEDPROFILEDEF(.AREA.,'BrickWindow',#3017);
#3019=IFCCARTESIANPOINT((600.,250.,1300.));
#3020=IFCAXIS2PLACEMENT3D(#3019,#49,#126);
#3021=IFCEXTRUDEDAREASOLID(#3018,#3020,#49,200.);
#3022=IFCCARTESIANPOINTLIST2D(((-250.00000000000003,-599.99999999999977),(250.00000000000003,-599.99999999999977),(250.00000000000003,599.99999999999977),(-250.00000000000003,599.99999999999977),(-250.00000000000003,-599.99999999999977)));
#3023=IFCINDEXEDPOLYCURVE(#3022,$,.F.);
#3024=IFCARBITRARYCLOSEDPROFILEDEF(.AREA.,'BrickWindow',#3023);
#3025=IFCCARTESIANPOINT((600.,250.,0.));
#3026=IFCAXIS2PLACEMENT3D(#3025,#49,#126);
#3027=IFCEXTRUDEDAREASOLID(#3024,#3026,#49,165.03507693617399);
#3028=IFCCARTESIANPOINTLIST2D(((-250.00000000000003,-100.),(250.00000000000003,-100.),(250.00000000000003,100.),(-250.00000000000003,100.),(-250.00000000000003,-100.)));
#3029=IFCINDEXEDPOLYCURVE(#3028,$,.F.);
#3030=IFCARBITRARYCLOSEDPROFILEDEF(.AREA.,'BrickWindow',#3029);
#3031=IFCCARTESIANPOINT((100.,250.,165.03507693617399));
#3032=IFCAXIS2PLACEMENT3D(#3031,#49,#126);
#3033=IFCEXTRUDEDAREASOLID(#3030,#3032,#49,1134.9649230638261);
#3034=IFCCARTESIANPOINTLIST2D(((-250.00000000000003,-100.),(250.00000000000003,-100.),(250.00000000000003,100.),(-250.00000000000003,100.),(-250.00000000000003,-100.)));
#3035=IFCINDEXEDPOLYCURVE(#3034,$,.F.);
#3036=IFCARBITRARYCLOSEDPROFILEDEF(.AREA.,'BrickWindow',#3035);
#3037=IFCCARTESIANPOINT((1100.,250.,165.03507693617399));
#3038=IFCAXIS2PLACEMENT3D(#3037,#49,#126);
#3039=IFCEXTRUDEDAREASOLID(#3036,#3038,#49,1134.9649230638261);
#3040=IFCSTYLEDITEM(#3021,(#2006),$);
#3041=IFCSTYLEDITEM(#3027,(#2006),$);
#3042=IFCSTYLEDITEM(#3033,(#2006),$);
#3043=IFCSTYLEDITEM(#3039,(#2006),$);
#3044=IFCSHAPEREPRESENTATION(#15,'Body','SweptSolid',(#3021,#3027,#3033,#3039));
#3045=IFCAXIS2PLACEMENT3D(#10,$,$);
#3046=IFCREPRESENTATIONMAP(#3045,#3044);
#3047=IFCWINDOWLININGPROPERTIES('0cmxDOe$H0xREbbs1sIyXc',#6,'BrickWindow:BrickWindow:1706998',$,$,$,$,$,$,$,$,$,$,$,$,$);
#3048=IFCWINDOWTYPE('19lT6OfoXhFbdAjo4Brj5V',#6,'BrickWindow:BrickWindow',$,$,(#3047),(#3046),'1784395',$,.WINDOW.,.NOTDEFINED.,$,$);
#3049=IFCMAPPEDITEM(#3046,#2116);
#3050=IFCSHAPEREPRESENTATION(#15,'Body','MappedRepresentation',(#3049));
#3051=IFCPRODUCTDEFINITIONSHAPE($,$,(#3050));
#3052=IFCCARTESIANPOINT((8310.2006246655546,8273.9064034929725,2536.9768528884129));
#3053=IFCDIRECTION((0.88140092832803951,0.47236892736765629,0.));
#3054=IFCAXIS2PLACEMENT3D(#3052,#49,#3053);
#3056=IFCWINDOW('0cmxDOe$H0xREbbs5sIyXc',#6,'BrickWindow:BrickWindow:1706998',$,$,#6706,#3051,'1706998',1500.,1199.9999999999993,.WINDOW.,.NOTDEFINED.,$);
#3057=IFCPROPERTYSET('2IiGi48z9BYkwjH7hkMB4j',#6,'Pset_EnvironmentalImpactIndicators',$,(#953));
#3058=IFCPROPERTYSET('3oFVwAl8RKCU7DS0vMSvua',#6,'Pset_WindowCommon',$,(#74,#953));
#3059=IFCRELDEFINESBYPROPERTIES('2l$Yx4acCIYHu2AnZKszoD',#6,$,$,(#3056),#3057);
#3060=IFCRELDEFINESBYPROPERTIES('3alhUoTpzJN4Q3wfNHDa8h',#6,$,$,(#3056),#3058);
#3061=IFCMAPPEDITEM(#3046,#2116);
#3062=IFCSHAPEREPRESENTATION(#15,'Body','MappedRepresentation',(#3061));
#3063=IFCPRODUCTDEFINITIONSHAPE($,$,(#3062));
#3064=IFCCARTESIANPOINT((8222.0605318327489,8226.6695107562064,1500.));
#3065=IFCDIRECTION((0.88140092832803951,0.47236892736765629,0.));
#3066=IFCAXIS2PLACEMENT3D(#3064,#49,#3065);
#3068=IFCWINDOW('0cmxDOe$H0xREbbs5sIyzC',#6,'BrickWindow:BrickWindow:1707228',$,$,#6781,#3063,'1707228',1500.,1200.0000000000002,.WINDOW.,.NOTDEFINED.,$);
#3069=IFCPROPERTYSET('1mmNB_LX3JXqaFXQY6CEx9',#6,'Pset_EnvironmentalImpactIndicators',$,(#953));
#3070=IFCPROPERTYSET('1WQMCavOBF5Sf0eIZBx5gr',#6,'Pset_WindowCommon',$,(#74,#953));
#3071=IFCRELDEFINESBYPROPERTIES('1oyivoi__k6NMXmhaVFZ4M',#6,$,$,(#3068),#3069);
#3072=IFCRELDEFINESBYPROPERTIES('0_1$6goGKi78_Dtshy3dyg',#6,$,$,(#3068),#3070);
#3073=IFCCARTESIANPOINT((17569.020458692212,-1089.019125806801,-1500.));
#3074=IFCAXIS2PLACEMENT3D(#3073,#49,#126);
#3075=IFCLOCALPLACEMENT(#24,#3074);
#3076=IFCPRODUCTDEFINITIONSHAPE($,$,(#3085));
#3077=IFCCARTESIANPOINTLIST2D(((-376.44040296821561,-3338.1164653539049),(143.30121172174134,-3338.1164653539054),(377.58998887541293,3371.0362985628822),(-144.45079762893869,3305.196632144929),(-376.44040296821561,-3338.1164653539049)));
#3078=IFCINDEXEDPOLYCURVE(#3077,$,.F.);
#3079=IFCARBITRARYCLOSEDPROFILEDEF(.AREA.,'Castelnuovo3',#3078);
#3080=IFCCARTESIANPOINT((3282.4496554319981,-1330.0571593890359,0.));
#3081=IFCDIRECTION((-0.3583679495452996,0.93358042649720197,0.));
#3082=IFCAXIS2PLACEMENT3D(#3080,#49,#3081);
#3083=IFCEXTRUDEDAREASOLID(#3079,#3082,#49,5599.9999999999454);
#3084=IFCSTYLEDITEM(#3083,(#1888),$);
#3085=IFCSHAPEREPRESENTATION(#15,'Body','SweptSolid',(#3083));
#3086=IFCWALL('0CvVHHujLB8fkhpCAWbiT3',#6,'Castelnuovo3:Castelnuovo3:1707835',$,$,#3075,#3076,'1707835',.NOTDEFINED.);
#3087=IFCCARTESIANPOINTLIST2D(((-500.00000000000006,-500.00000000000011),(500.00000000000006,-500.00000000000011),(500.00000000000006,499.99999999999955),(-500.00000000000006,499.99999999999955),(-500.00000000000006,-500.00000000000011)));
#3088=IFCINDEXEDPOLYCURVE(#3087,$,.F.);
#3089=IFCARBITRARYCLOSEDPROFILEDEF(.AREA.,$,#3088);
#3090=IFCCARTESIANPOINT((3099.0064648906591,-1096.5702180837732,4750.));
#3091=IFCDIRECTION((0.3255681544571547,-0.94551857559931751,0.));
#3092=IFCAXIS2PLACEMENT3D(#3090,#3091,#49);
#3093=IFCEXTRUDEDAREASOLID(#3089,#3092,#49,612.9215025266634);
#3094=IFCSHAPEREPRESENTATION(#15,'Body','SweptSolid',(#3093));
#3095=IFCPRODUCTDEFINITIONSHAPE($,$,(#3094));
#3096=IFCAXIS2PLACEMENT3D(#10,$,$);
#3097=IFCLOCALPLACEMENT(#3075,#3096);
#3098=IFCOPENINGELEMENT('3pnMpboeEowUMrlghr$aeN',#6,'Castelnuovo3',$,$,#3097,#3095,'1709231',.OPENING.);
#3099=IFCRELVOIDSELEMENT('2_m9TPtu5uzHEQFdPjqO5y',#6,$,$,#3086,#3098);
#3100=IFCCARTESIANPOINTLIST2D(((-500.00000000000006,-549.99999999999989),(500.00000000000006,-550.00000000000034),(500.00000000000006,550.0000000000008),(-500.00000000000006,550.0000000000008),(-500.00000000000006,-549.99999999999989)));
#3101=IFCINDEXEDPOLYCURVE(#3100,$,.F.);
#3102=IFCARBITRARYCLOSEDPROFILEDEF(.AREA.,$,#3101);
#3103=IFCCARTESIANPOINT((5163.3100295083377,-385.77349857362202,4400.));
#3104=IFCDIRECTION((0.32556815445715476,-0.94551857559931751,0.));
#3105=IFCAXIS2PLACEMENT3D(#3103,#3104,#49);
#3106=IFCEXTRUDEDAREASOLID(#3102,#3105,#49,612.9215025266609);
#3107=IFCSHAPEREPRESENTATION(#15,'Body','SweptSolid',(#3106));
#3108=IFCPRODUCTDEFINITIONSHAPE($,$,(#3107));
#3109=IFCAXIS2PLACEMENT3D(#10,$,$);
#3110=IFCLOCALPLACEMENT(#3075,#3109);
#3111=IFCOPENINGELEMENT('0knkgRrp4uxF7TO0ozeIfg',#6,'Castelnuovo3',$,$,#3110,#3108,'1709200',.OPENING.);
#3112=IFCRELVOIDSELEMENT('00HKhAmiMpXg3rBI34iwn8',#6,$,$,#3086,#3111);
#3113=IFCCARTESIANPOINTLIST2D(((-800.00000000000193,-1000.0000000000019),(800.00000000000034,-1000.000000000003),(800.00000000000034,1000.0000000000025),(-799.99999999999875,1000.0000000000034),(-1800.0000000000011,5.1193549282876905E-013)));
#3114=IFCINDEXEDPOLYCURVE(#3113,(IFCLINEINDEX((1,2,3,4)),IFCARCINDEX((4,5,1))),.F.);
#3115=IFCARBITRARYCLOSEDPROFILEDEF(.AREA.,$,#3114);
#3116=IFCCARTESIANPOINT((5124.9162992054125,-398.99352009411666,1300.));
#3117=IFCDIRECTION((0.32556815445715509,-0.9455185755993174,0.));
#3118=IFCAXIS2PLACEMENT3D(#3116,#3117,#1156);
#3119=IFCEXTRUDEDAREASOLID(#3115,#3118,#49,612.92150252667034);
#3120=IFCSHAPEREPRESENTATION(#15,'Body','SweptSolid',(#3119));
#3121=IFCPRODUCTDEFINITIONSHAPE($,$,(#3120));
#3122=IFCAXIS2PLACEMENT3D(#10,$,$);
#3123=IFCLOCALPLACEMENT(#3075,#3122);
#3124=IFCOPENINGELEMENT('3ZmXWkmRdoCuwF6DQAWlWV',#6,'Castelnuovo3',$,$,#3123,#3121,'1709129',.OPENING.);
#3125=IFCRELVOIDSELEMENT('0ICs2sx9XcUDEWs1nmG4F0',#6,$,$,#3086,#3124);
#3126=IFCCARTESIANPOINTLIST2D(((-800.00000000000171,-1450.000000000002),(799.99999999999977,-1450.0000000000025),(799.99999999999977,1450.0000000000041),(-799.99999999999818,1450.0000000000039),(-2250.0000000000014,1.5358064784863077E-012)));
#3127=IFCINDEXEDPOLYCURVE(#3126,(IFCLINEINDEX((1,2,3,4)),IFCARCINDEX((4,5,1))),.F.);
#3128=IFCARBITRARYCLOSEDPROFILEDEF(.AREA.,$,#3127);
#3129=IFCCARTESIANPOINT((1905.5987064311323,-2100.7964577927119,2300.));
#3130=IFCDIRECTION((-0.32556815445715415,0.94551857559931773,0.));
#3131=IFCAXIS2PLACEMENT3D(#3129,#3130,#1156);
#3132=IFCEXTRUDEDAREASOLID(#3128,#3131,#49,612.92150252667454);
#3133=IFCSHAPEREPRESENTATION(#15,'Body','SweptSolid',(#3132));
#3134=IFCPRODUCTDEFINITIONSHAPE($,$,(#3133));
#3135=IFCAXIS2PLACEMENT3D(#10,$,$);
#3136=IFCLOCALPLACEMENT(#3075,#3135);
#3137=IFCOPENINGELEMENT('2WUQKxgIiNjAHL4ZveyUus',#6,'Castelnuovo3',$,$,#3136,#3134,'1707972',.OPENING.);
#3138=IFCRELVOIDSELEMENT('1jBytvwJcDWuMHuuKHWaJQ',#6,$,$,#3086,#3137);
#3139=IFCWALLTYPE('0CvVHHujLB8fkhpCAWbiT1',#6,'Castelnuovo3:Castelnuovo3',$,$,$,$,'1707833',$,.NOTDEFINED.);
#3140=IFCPROPERTYSINGLEVALUE('Reference',$,IFCIDENTIFIER('Castelnuovo3'),$);
#3141=IFCPROPERTYSET('3CS3Xs85kTffA0p12DbAIj',#6,'Pset_EnvironmentalImpactIndicators',$,(#3140));
#3142=IFCPROPERTYSINGLEVALUE('Reference',$,IFCLABEL('Castelnuovo3'),$);
#3143=IFCPROPERTYSET('03tiMrDSZvpRJuX5i8G0bB',#6,'Pset_ReinforcementBarPitchOfWall',$,(#3142));
#3144=IFCPROPERTYSET('2bLhr4YeCLTehlgoKjaL3I',#6,'Pset_WallCommon',$,(#1170,#3140));
#3145=IFCPROPERTYSET('2LYWrJgJJUJJxhZYYzx$_k',#6,'Pset_EnvironmentalImpactIndicators',$,(#1172));
#3146=IFCPROPERTYSET('1lHUIkb0tgh64S5uyIjc13',#6,'Pset_OpeningElementCommon',$,(#1172));
#3147=IFCPROPERTYSET('0S1PukoToQ215p0kPJzjTv',#6,'Pset_EnvironmentalImpactIndicators',$,(#1172));
#3148=IFCPROPERTYSET('2oayK$n9t6hv_FeDAlCfTc',#6,'Pset_OpeningElementCommon',$,(#1172));
#3149=IFCPROPERTYSET('0hEvBdbTh9d5sr$xJWDXs7',#6,'Pset_EnvironmentalImpactIndicators',$,(#1177));
#3150=IFCPROPERTYSET('1QlPgp3lL28PRVu_ts7swk',#6,'Pset_OpeningElementCommon',$,(#1177));
#3151=IFCPROPERTYSINGLEVALUE('Reference',$,IFCIDENTIFIER('enclosed_archv2'),$);
#3152=IFCPROPERTYSET('3XkTe_npKV$8lCTlKW$blF',#6,'Pset_EnvironmentalImpactIndicators',$,(#3151));
#3153=IFCPROPERTYSET('2EKy66WDkdMPAfTWoc7Eag',#6,'Pset_OpeningElementCommon',$,(#3151));
#3154=IFCRELDEFINESBYPROPERTIES('37WfG2uDG7Rm1g0rnZz2EM',#6,$,$,(#3086),#3141);
#3155=IFCRELDEFINESBYPROPERTIES('1mX5oElK$aULblTzV9vWt$',#6,$,$,(#3086),#3143);
#3156=IFCRELDEFINESBYPROPERTIES('1scAd08encyrXmlVMFkraQ',#6,$,$,(#3086),#3144);
#3157=IFCRELDEFINESBYPROPERTIES('1v0MnkV6n1$Qh1jw5gIQUN',#6,$,$,(#3098),#3145);
#3158=IFCRELDEFINESBYPROPERTIES('2LbV80AacNobVZAVmofs9T',#6,$,$,(#3098),#3146);
#3159=IFCRELDEFINESBYPROPERTIES('30Mw3nQCWmwMmjk86INHEf',#6,$,$,(#3111),#3147);
#3160=IFCRELDEFINESBYPROPERTIES('3sm9KU1AWjNJmo6Dy1B8hH',#6,$,$,(#3111),#3148);
#3161=IFCRELDEFINESBYPROPERTIES('0O$IZUGUHQGsbXaRnnCZec',#6,$,$,(#3124),#3149);
#3162=IFCRELDEFINESBYPROPERTIES('1wpRiwfmSMfq0TbGvaNGbu',#6,$,$,(#3124),#3150);
#3163=IFCRELDEFINESBYPROPERTIES('2UU_ybevH$lFjjPXDl6UF5',#6,$,$,(#3137),#3152);
#3164=IFCRELDEFINESBYPROPERTIES('3l$q9fE1eGr0xp6rps6Pyo',#6,$,$,(#3137),#3153);
#3165=IFCCARTESIANPOINT((17569.020458692212,-1089.019125806801,0.));
#3166=IFCAXIS2PLACEMENT3D(#3165,#49,#126);
#3167=IFCLOCALPLACEMENT(#28,#3166);
#3168=IFCPRODUCTDEFINITIONSHAPE($,$,(#3177));
#3169=IFCCARTESIANPOINTLIST2D(((-376.44040296821561,-3338.1164653539049),(143.30121172174134,-3338.1164653539054),(377.58998887541293,3371.0362985628822),(-144.45079762893869,3305.196632144929),(-376.44040296821561,-3338.1164653539049)));
#3170=IFCINDEXEDPOLYCURVE(#3169,$,.F.);
#3171=IFCARBITRARYCLOSEDPROFILEDEF(.AREA.,'Castelnuovo3',#3170);
#3172=IFCCARTESIANPOINT((3282.4496554319981,-1330.0571593890359,0.));
#3173=IFCDIRECTION((-0.3583679495452996,0.93358042649720197,0.));
#3174=IFCAXIS2PLACEMENT3D(#3172,#49,#3173);
#3175=IFCEXTRUDEDAREASOLID(#3171,#3174,#49,3500.0000000001655);
#3176=IFCSTYLEDITEM(#3175,(#1888),$);
#3177=IFCSHAPEREPRESENTATION(#15,'Body','SweptSolid',(#3175));
#3178=IFCWALL('1HfLPk$M547Aaac6ue3X37',#6,'Castelnuovo2:Castelnuovo3:1707893',$,$,#3167,#3168,'1707893',.NOTDEFINED.);
#3179=IFCCARTESIANPOINTLIST2D(((-900.00000000000011,-550.0000000000008),(900.00000000000011,-550.0000000000008),(900.00000000000011,549.99999999999989),(-900.00000000000011,549.99999999999989),(-900.00000000000011,-550.0000000000008)));
#3180=IFCINDEXEDPOLYCURVE(#3179,$,.F.);
#3181=IFCARBITRARYCLOSEDPROFILEDEF(.AREA.,$,#3180);
#3182=IFCCARTESIANPOINT((5382.5503467560065,-310.28300339886493,1300.));
#3183=IFCDIRECTION((0.3255681544571547,-0.94551857559931751,0.));
#3184=IFCAXIS2PLACEMENT3D(#3182,#3183,#49);
#3185=IFCEXTRUDEDAREASOLID(#3181,#3184,#49,612.9215025266634);
#3186=IFCSHAPEREPRESENTATION(#15,'Body','SweptSolid',(#3185));
#3187=IFCPRODUCTDEFINITIONSHAPE($,$,(#3186));
#3188=IFCAXIS2PLACEMENT3D(#10,$,$);
#3189=IFCLOCALPLACEMENT(#3167,#3188);
#3190=IFCOPENINGELEMENT('1_9PU3scx69thDExaDQMPx',#6,'Castelnuovo3',$,$,#3189,#3187,'1709432',.OPENING.);
#3191=IFCRELVOIDSELEMENT('22kJ5DYAeps0gFkNjgsYBF',#6,$,$,#3178,#3190);
#3192=IFCCARTESIANPOINTLIST2D(((-900.00000000000011,-549.9999999999992),(900.00000000000011,-550.00000000000068),(900.00000000000011,550.00000000000068),(-900.00000000000011,550.00000000000068),(-900.00000000000011,-549.9999999999992)));
#3193=IFCINDEXEDPOLYCURVE(#3192,$,.F.);
#3194=IFCARBITRARYCLOSEDPROFILEDEF(.AREA.,$,#3193);
#3195=IFCCARTESIANPOINT((1301.857848933086,-1715.3781117432668,1300.));
#3196=IFCDIRECTION((0.3255681544571547,-0.94551857559931751,0.));
#3197=IFCAXIS2PLACEMENT3D(#3195,#3196,#49);
#3198=IFCEXTRUDEDAREASOLID(#3194,#3197,#49,612.9215025266634);
#3199=IFCSHAPEREPRESENTATION(#15,'Body','SweptSolid',(#3198));
#3200=IFCPRODUCTDEFINITIONSHAPE($,$,(#3199));
#3201=IFCAXIS2PLACEMENT3D(#10,$,$);
#3202=IFCLOCALPLACEMENT(#3167,#3201);
#3203=IFCOPENINGELEMENT('0x1LSHfG7MFgzQDEl70NJ0',#6,'Castelnuovo3',$,$,#3202,#3200,'1709442',.OPENING.);
#3204=IFCRELVOIDSELEMENT('3JMZoN6ivsDqQx___Go4KT',#6,$,$,#3178,#3203);
#3205=IFCCARTESIANPOINTLIST2D(((-549.99999999999955,-450.00000000000051),(550.00000000000057,-449.99999999999994),(550.00000000000057,449.99999999999994),(-549.99999999999955,449.99999999999994),(-549.99999999999955,-450.00000000000051)));
#3206=IFCINDEXEDPOLYCURVE(#3205,$,.F.);
#3207=IFCARBITRARYCLOSEDPROFILEDEF(.AREA.,$,#3206);
#3208=IFCCARTESIANPOINT((3937.1740190596884,-807.9659846199188,2350.));
#3209=IFCDIRECTION((0.3255681544571547,-0.94551857559931751,0.));
#3210=IFCAXIS2PLACEMENT3D(#3208,#3209,#49);
#3211=IFCEXTRUDEDAREASOLID(#3207,#3210,#49,612.9215025266634);
#3212=IFCSHAPEREPRESENTATION(#15,'Body','SweptSolid',(#3211));
#3213=IFCPRODUCTDEFINITIONSHAPE($,$,(#3212));
#3214=IFCAXIS2PLACEMENT3D(#10,$,$);
#3215=IFCLOCALPLACEMENT(#3167,#3214);
#3216=IFCOPENINGELEMENT('3iFV4ylkRGAAo0KRNslLzk',#6,'Castelnuovo3',$,$,#3215,#3213,'1709877',.OPENING.);
#3217=IFCRELVOIDSELEMENT('3Pk_8Q_gZSUGZNEfVaTKke',#6,$,$,#3178,#3216);
#3218=IFCCARTESIANPOINTLIST2D(((-300.00000000000057,-500.00000000003308),(300.,-500.0000000000328),(800.00000000003149,2.5596774641438468E-013),(299.99999999999892,500.00000000003291),(-300.,500.00000000003291)));
#3219=IFCINDEXEDPOLYCURVE(#3218,(IFCLINEINDEX((1,2)),IFCARCINDEX((2,3,4)),IFCLINEINDEX((4,5,1))),.F.);
#3220=IFCARBITRARYCLOSEDPROFILEDEF(.AREA.,$,#3219);
#3221=IFCCARTESIANPOINT((2432.1007396585164,-1326.2042747421692,600.));
#3222=IFCDIRECTION((0.32556815445715381,-0.94551857559931785,0.));
#3223=IFCAXIS2PLACEMENT3D(#3221,#3222,#49);
#3224=IFCEXTRUDEDAREASOLID(#3220,#3223,#49,612.92150252667022);
#3225=IFCSHAPEREPRESENTATION(#15,'Body','SweptSolid',(#3224));
#3226=IFCPRODUCTDEFINITIONSHAPE($,$,(#3225));
#3227=IFCAXIS2PLACEMENT3D(#10,$,$);
#3228=IFCLOCALPLACEMENT(#3167,#3227);
#3229=IFCOPENINGELEMENT('1IwVUuoD73zDNsiASIbrHo',#6,'Castelnuovo3',$,$,#3228,#3226,'1712441',.OPENING.);
#3230=IFCRELVOIDSELEMENT('24kXkd4fGsAa$mXi8HKlc9',#6,$,$,#3178,#3229);
#3231=IFCWALLTYPE('1HfLPk$M547Aaac6ue3X31',#6,'Castelnuovo2:Castelnuovo3',$,$,$,$,'1707891',$,.NOTDEFINED.);
#3232=IFCPROPERTYSET('0_qFI7tUmlSgnTnEWBnuIr',#6,'Pset_EnvironmentalImpactIndicators',$,(#3140));
#3233=IFCPROPERTYSINGLEVALUE('Reference',$,IFCLABEL('Castelnuovo3'),$);
#3234=IFCPROPERTYSET('2XVSxAWmBdlY5ELI8SZsuo',#6,'Pset_ReinforcementBarPitchOfWall',$,(#3233));
#3235=IFCPROPERTYSET('0ul2WeZ7UmNy3zmXHNhRoZ',#6,'Pset_WallCommon',$,(#1170,#3140));
#3236=IFCPROPERTYSET('3pWQggKTDQYL81sCc33KIu',#6,'Pset_EnvironmentalImpactIndicators',$,(#1172));
#3237=IFCPROPERTYSET('0tdh2WiDYUvLVHS2JVrHNo',#6,'Pset_OpeningElementCommon',$,(#1172));
#3238=IFCPROPERTYSET('1crEMW7TllUAuePmEpcdlR',#6,'Pset_EnvironmentalImpactIndicators',$,(#1172));
#3239=IFCPROPERTYSET('2ye0j$pBHEsKFy2E_XbYpg',#6,'Pset_OpeningElementCommon',$,(#1172));
#3240=IFCPROPERTYSET('0TAtlDHX0A3N5a_yLvFpG_',#6,'Pset_EnvironmentalImpactIndicators',$,(#1172));
#3241=IFCPROPERTYSET('2nr1k4ENfvONIjye6NTnsZ',#6,'Pset_OpeningElementCommon',$,(#1172));
#3242=IFCPROPERTYSET('0EDpGup2KJHlrHxBZJZW6A',#6,'Pset_EnvironmentalImpactIndicators',$,(#1805));
#3243=IFCPROPERTYSET('2rg3E7FA_pwIblXz2KwWMF',#6,'Pset_OpeningElementCommon',$,(#1805));
#3244=IFCRELDEFINESBYPROPERTIES('3xNwLNAK1qdfXb90A$tp7E',#6,$,$,(#3178),#3232);
#3245=IFCRELDEFINESBYPROPERTIES('1XlLzBZWhnoURwTiz1B8Ko',#6,$,$,(#3178),#3234);
#3246=IFCRELDEFINESBYPROPERTIES('1Ykwjr$siep46lepHGypJg',#6,$,$,(#3178),#3235);
#3247=IFCRELDEFINESBYPROPERTIES('2boqkFzqYXUTeE5mcUFJbU',#6,$,$,(#3190),#3236);
#3248=IFCRELDEFINESBYPROPERTIES('3Bbj6oavq7ghLSBRTdFC_K',#6,$,$,(#3190),#3237);
#3249=IFCRELDEFINESBYPROPERTIES('0kjAspBzE4Glfs_C$UVv8j',#6,$,$,(#3203),#3238);
#3250=IFCRELDEFINESBYPROPERTIES('3NGi$mNi1H$9IF3VFKhCEN',#6,$,$,(#3203),#3239);
#3251=IFCRELDEFINESBYPROPERTIES('1vXRCdkFs61glXWdYeNGt5',#6,$,$,(#3216),#3240);
#3252=IFCRELDEFINESBYPROPERTIES('1$QQApuycBCR6tR0JZ0Lz5',#6,$,$,(#3216),#3241);
#3253=IFCRELDEFINESBYPROPERTIES('3ijuBRHSfI2heIydWVbYFp',#6,$,$,(#3229),#3242);
#3254=IFCRELDEFINESBYPROPERTIES('2NqHoM9Tns$LQ5iHgWCj3p',#6,$,$,(#3229),#3243);
#3255=IFCCARTESIANPOINT((17569.020458692212,-1089.019125806801,0.));
#3256=IFCAXIS2PLACEMENT3D(#3255,#49,#126);
#3257=IFCLOCALPLACEMENT(#32,#3256);
#3258=IFCPRODUCTDEFINITIONSHAPE($,$,(#3267));
#3259=IFCCARTESIANPOINTLIST2D(((-376.44040296821561,-3338.1164653539049),(143.30121172174134,-3338.1164653539054),(377.58998887541293,3371.0362985628822),(-144.45079762893869,3305.196632144929),(-376.44040296821561,-3338.1164653539049)));
#3260=IFCINDEXEDPOLYCURVE(#3259,$,.F.);
#3261=IFCARBITRARYCLOSEDPROFILEDEF(.AREA.,'Castelnuovo3',#3260);
#3262=IFCCARTESIANPOINT((3282.4496554319981,-1330.0571593890359,0.));
#3263=IFCDIRECTION((-0.3583679495452996,0.93358042649720197,0.));
#3264=IFCAXIS2PLACEMENT3D(#3262,#49,#3263);
#3265=IFCEXTRUDEDAREASOLID(#3261,#3264,#49,2215.8072539634672);
#3266=IFCSTYLEDITEM(#3265,(#1888),$);
#3267=IFCSHAPEREPRESENTATION(#15,'Body','SweptSolid',(#3265));
#3268=IFCWALL('1HfLPk$M547Aaac6ue3X0L',#6,'Castelnuovo5:Castelnuovo3:1707943',$,$,#3257,#3258,'1707943',.NOTDEFINED.);
#3269=IFCCARTESIANPOINTLIST2D(((-750.00000000000057,-599.99999999999898),(749.99999999999955,-600.00000000000034),(749.99999999999955,600.00000000000091),(-750.00000000000057,600.00000000000091),(-750.00000000000057,-599.99999999999898)));
#3270=IFCINDEXEDPOLYCURVE(#3269,$,.F.);
#3271=IFCARBITRARYCLOSEDPROFILEDEF(.AREA.,$,#3270);
#3272=IFCCARTESIANPOINT((2111.0530861470224,-2030.0528415852352,1250.));
#3273=IFCDIRECTION((-0.32556815445715476,0.94551857559931751,0.));
#3274=IFCAXIS2PLACEMENT3D(#3272,#3273,#49);
#3275=IFCEXTRUDEDAREASOLID(#3271,#3274,#49,612.92150252666954);
#3276=IFCSHAPEREPRESENTATION(#15,'Body','SweptSolid',(#3275));
#3277=IFCPRODUCTDEFINITIONSHAPE($,$,(#3276));
#3278=IFCAXIS2PLACEMENT3D(#10,$,$);
#3279=IFCLOCALPLACEMENT(#3257,#3278);
#3280=IFCOPENINGELEMENT('165EKiDUhRHP47VOpu1vC8',#6,'Castelnuovo3',$,$,#3279,#3277,'1716506',.OPENING.);
#3281=IFCRELVOIDSELEMENT('0hejvp3_8ZJGOuvGal9M8O',#6,$,$,#3268,#3280);
#3282=IFCCARTESIANPOINTLIST2D(((-750.00000000000057,-600.00000000000023),(749.99999999999955,-600.00000000000023),(749.99999999999955,600.00000000000023),(-750.00000000000057,600.00000000000023),(-750.00000000000057,-600.00000000000023)));
#3283=IFCINDEXEDPOLYCURVE(#3282,$,.F.);
#3284=IFCARBITRARYCLOSEDPROFILEDEF(.AREA.,$,#3283);
#3285=IFCCARTESIANPOINT((4709.5069856141472,-542.03041758129837,1250.));
#3286=IFCDIRECTION((0.3255681544571547,-0.94551857559931751,0.));
#3287=IFCAXIS2PLACEMENT3D(#3285,#3286,#49);
#3288=IFCEXTRUDEDAREASOLID(#3284,#3287,#49,612.9215025266609);
#3289=IFCSHAPEREPRESENTATION(#15,'Body','SweptSolid',(#3288));
#3290=IFCPRODUCTDEFINITIONSHAPE($,$,(#3289));
#3291=IFCAXIS2PLACEMENT3D(#10,$,$);
#3292=IFCLOCALPLACEMENT(#3257,#3291);
#3293=IFCOPENINGELEMENT('2NtSCYpvUlCHbIBcLww9gN',#6,'Castelnuovo3',$,$,#3292,#3290,'1716515',.OPENING.);
#3294=IFCRELVOIDSELEMENT('06QZRj_4fe2R0_cxhUzZBc',#6,$,$,#3268,#3293);
#3295=IFCWALLTYPE('1HfLPk$M547Aaac6ue3X0N',#6,'Castelnuovo5:Castelnuovo3',$,$,$,$,'1707941',$,.NOTDEFINED.);
#3296=IFCPROPERTYSET('3XIANmHbEKu$7f1RLRG8Gr',#6,'Pset_EnvironmentalImpactIndicators',$,(#3140));
#3297=IFCPROPERTYSINGLEVALUE('Reference',$,IFCLABEL('Castelnuovo3'),$);
#3298=IFCPROPERTYSET('2B3Ja7HLE4BEWUSQbGSjOe',#6,'Pset_ReinforcementBarPitchOfWall',$,(#3297));
#3299=IFCPROPERTYSET('3Ssp3D$aZ55T8V0mXEnitn',#6,'Pset_WallCommon',$,(#1170,#3140));
#3300=IFCPROPERTYSET('3tfeiZf_m8TfCAYE74ravj',#6,'Pset_EnvironmentalImpactIndicators',$,(#1172));
#3301=IFCPROPERTYSET('21hK_MMDn9uh7EJSfLNrVf',#6,'Pset_OpeningElementCommon',$,(#1172));
#3302=IFCPROPERTYSET('0Y_KjDdPNNBW2E2pLS0xNB',#6,'Pset_EnvironmentalImpactIndicators',$,(#1172));
#3303=IFCPROPERTYSET('3d5gIuFeQMEKCCMiZGbn_E',#6,'Pset_OpeningElementCommon',$,(#1172));
#3304=IFCRELDEFINESBYPROPERTIES('0oiQrtigNAQ7JnzjoCh0lN',#6,$,$,(#3268),#3296);
#3305=IFCRELDEFINESBYPROPERTIES('0zmzRmMJGteqcbpSNtyGTY',#6,$,$,(#3268),#3298);
#3306=IFCRELDEFINESBYPROPERTIES('3XrtwZqO4ljhjbLI7g3Y7G',#6,$,$,(#3268),#3299);
#3307=IFCRELDEFINESBYPROPERTIES('0_PaWI4sBH_qA9HohrRjyt',#6,$,$,(#3280),#3300);
#3308=IFCRELDEFINESBYPROPERTIES('2verVoRs4IX19HkyBnsjkz',#6,$,$,(#3280),#3301);
#3309=IFCRELDEFINESBYPROPERTIES('1ysrWEBKAbNDcNgnfJ12Ni',#6,$,$,(#3293),#3302);
#3310=IFCRELDEFINESBYPROPERTIES('3xLFyxqBYr$OmEjD4u3Xqw',#6,$,$,(#3293),#3303);
#3311=IFCCARTESIANPOINTLIST2D(((-366.76652452289858,-69.85625053530319),(366.76652452289977,-69.856250535305705),(366.76652452289909,69.856250535305264),(-366.76652452289812,69.856250535309712),(-366.76652452289858,-69.85625053530319)));
#3312=IFCINDEXEDPOLYCURVE(#3311,$,.F.);
#3313=IFCARBITRARYCLOSEDPROFILEDEF(.AREA.,'enclosed_archv2',#3312);
#3314=IFCCARTESIANPOINT((19515.177057891138,987.30146311370834,1748.425284196064));
#3315=IFCDIRECTION((-0.32556815445715831,0.94551857559931629,0.));
#3316=IFCAXIS2PLACEMENT3D(#3314,#49,#3315);
#3317=IFCEXTRUDEDAREASOLID(#3313,#3316,#49,51.574715803898705);
#3318=IFCCARTESIANPOINTLIST2D(((-1449.9999999999961,-5.1436188641673651E-012),(1.3568656165915247E-011,-1450.000000000007),(1449.9999999999743,6.2264859934657584E-012),(1050.0000000000232,-2.7071678232459818E-013),(1.2928736799879287E-011,-1050.0000000000196),(-1050.0000000000027,-5.4143356464919636E-013)));
#3319=IFCINDEXEDPOLYCURVE(#3318,(IFCARCINDEX((1,2,3)),IFCLINEINDEX((3,4)),IFCARCINDEX((4,5,6)),IFCLINEINDEX((6,1))),.F.);
#3320=IFCARBITRARYCLOSEDPROFILEDEF(.AREA.,'enclosed_archv2',#3319);
#3321=IFCCARTESIANPOINT((19159.045888802539,640.70701172494489,1600.));
#3322=IFCDIRECTION((0.94551857559931651,0.32556815445715775,0.));
#3323=IFCDIRECTION((0.32556815445715775,-0.94551857559931651,0.));
#3324=IFCAXIS2PLACEMENT3D(#3321,#3322,#3323);
#3325=IFCEXTRUDEDAREASOLID(#3320,#3324,#49,519.42500214220865);
#3326=IFCCARTESIANPOINTLIST2D(((-1050.0000000000155,-1.3535839116229909E-012),(6.5923522731468351E-012,-1050.000000000015),(1050.0000000000157,-2.7071678232459818E-013),(650.00000000000784,3.7900349525443742E-012),(2.4316935909366509E-012,-650.00000000000762),(-650.00000000000705,-2.4364510409213838E-012)));
#3327=IFCINDEXEDPOLYCURVE(#3326,(IFCARCINDEX((1,2,3)),IFCLINEINDEX((3,4)),IFCARCINDEX((4,5,6)),IFCLINEINDEX((6,1))),.F.);
#3328=IFCARBITRARYCLOSEDPROFILEDEF(.AREA.,'enclosed_archv2',#3327);
#3329=IFCCARTESIANPOINT((19159.045888802535,640.70701172495228,1600.));
#3330=IFCDIRECTION((0.94551857559931651,0.32556815445715775,0.));
#3331=IFCDIRECTION((0.32556815445715775,-0.94551857559931651,0.));
#3332=IFCAXIS2PLACEMENT3D(#3329,#3330,#3331);
#3333=IFCEXTRUDEDAREASOLID(#3328,#3332,#49,519.42500214220865);
#3334=IFCCARTESIANPOINTLIST2D(((-199.9999999999998,-259.71250107110529),(199.99999999999804,-259.71250107110529),(199.99999999999915,259.71250107110325),(-199.99999999999901,259.71250107110336),(-199.9999999999998,-259.71250107110529)));
#3335=IFCINDEXEDPOLYCURVE(#3334,$,.F.);
#3336=IFCARBITRARYCLOSEDPROFILEDEF(.AREA.,'enclosed_archv2',#3335);
#3337=IFCCARTESIANPOINT((19127.875951592036,1528.9519206475431,-0.));
#3338=IFCDIRECTION((-0.32556815445715864,0.94551857559931618,0.));
#3339=IFCAXIS2PLACEMENT3D(#3337,#49,#3338);
#3340=IFCEXTRUDEDAREASOLID(#3336,#3339,#49,1599.9999999999991);
#3341=IFCCARTESIANPOINTLIST2D(((-199.99999999999531,-259.71250107110427),(199.99999999999304,-259.71250107110433),(199.99999999999446,259.71250107110228),(-199.99999999999307,259.71250107110438),(-199.99999999999531,-259.71250107110427)));
#3342=IFCINDEXEDPOLYCURVE(#3341,$,.F.);
#3343=IFCARBITRARYCLOSEDPROFILEDEF(.AREA.,'enclosed_archv2',#3342);
#3344=IFCCARTESIANPOINT((19811.569075952062,-456.63708811101071,-0.));
#3345=IFCDIRECTION((-0.32556815445716109,0.94551857559931529,0.));
#3346=IFCAXIS2PLACEMENT3D(#3344,#49,#3345);
#3347=IFCEXTRUDEDAREASOLID(#3343,#3346,#49,1599.9999999999905);
#3348=IFCCARTESIANPOINTLIST2D(((-642.1878094062472,-247.49999999999406),(957.81219059375826,-247.49999999999403),(957.81219059375826,247.49999999998977),(-1273.4365717812691,247.49999999999451),(-1043.2800681198696,-108.99291295187676)));
#3349=IFCINDEXEDPOLYCURVE(#3348,(IFCLINEINDEX((1,2,3,4)),IFCARCINDEX((4,5,1))),.F.);
#3350=IFCARBITRARYCLOSEDPROFILEDEF(.AREA.,'enclosed_archv2',#3349);
#3351=IFCCARTESIANPOINT((19649.112294122013,383.75808324440561,957.81219059375826));
#3352=IFCDIRECTION((0.94551857559931707,0.32556815445715614,0.));
#3353=IFCAXIS2PLACEMENT3D(#3351,#3352,#1156);
#3354=IFCEXTRUDEDAREASOLID(#3350,#3353,#49,139.71250107060843);
#3355=IFCCARTESIANPOINTLIST2D(((-874.07745573123532,-35.733475477116755),(725.92254426876343,-35.733475477115988),(878.32582198983482,-17.614192812179621),(1022.2323671937071,35.733475477116784),(-874.07745573123532,35.733475477115455)));
#3356=IFCINDEXEDPOLYCURVE(#3355,(IFCLINEINDEX((1,2)),IFCARCINDEX((2,3,4)),IFCLINEINDEX((4,5,1))),.F.);
#3357=IFCARBITRARYCLOSEDPROFILEDEF(.AREA.,'enclosed_archv2',#3356);
#3358=IFCCARTESIANPOINT((19318.085493219274,1345.129719228368,874.07745573123532));
#3359=IFCDIRECTION((0.94551857559931551,0.32556815445716053,-0.));
#3360=IFCAXIS2PLACEMENT3D(#3358,#3359,#49);
#3361=IFCEXTRUDEDAREASOLID(#3357,#3360,#49,139.71250107060843);
#3362=IFCCARTESIANPOINTLIST2D(((-199.99999999999832,-259.71250107110126),(199.99999999999974,-259.71250107110126),(199.99999999999974,259.71250107110535),(-199.99999999999835,259.71250107110535),(-199.99999999999832,-259.71250107110126)));
#3363=IFCINDEXEDPOLYCURVE(#3362,$,.F.);
#3364=IFCARBITRARYCLOSEDPROFILEDEF(.AREA.,'enclosed_archv2',#3363);
#3365=IFCCARTESIANPOINT((18997.648689809175,1907.1593508872679,0.));
#3366=IFCDIRECTION((-0.32556815445715842,0.94551857559931618,0.));
#3367=IFCAXIS2PLACEMENT3D(#3365,#49,#3366);
#3368=IFCEXTRUDEDAREASOLID(#3364,#3367,#49,1599.9999999999991);
#3369=IFCCARTESIANPOINTLIST2D(((-199.99999999999383,-259.71250107110018),(199.9999999999944,-259.71250107110023),(199.99999999999454,259.71250107110222),(-199.99999999999159,259.71250107110842),(-199.99999999999383,-259.71250107110018)));
#3370=IFCINDEXEDPOLYCURVE(#3369,$,.F.);
#3371=IFCARBITRARYCLOSEDPROFILEDEF(.AREA.,'enclosed_archv2',#3370);
#3372=IFCCARTESIANPOINT((19681.341814169205,-78.429657871295845,0.));
#3373=IFCDIRECTION((-0.32556815445716109,0.94551857559931529,0.));
#3374=IFCAXIS2PLACEMENT3D(#3372,#49,#3373);
#3375=IFCEXTRUDEDAREASOLID(#3371,#3374,#49,1599.9999999999905);
#3376=IFCSTYLEDITEM(#3317,(#2166),$);
#3377=IFCSTYLEDITEM(#3325,(#2104),$);
#3378=IFCSTYLEDITEM(#3333,(#2104),$);
#3379=IFCSTYLEDITEM(#3340,(#2104),$);
#3380=IFCSTYLEDITEM(#3347,(#2104),$);
#3381=IFCSTYLEDITEM(#3354,(#1463),$);
#3382=IFCSTYLEDITEM(#3361,(#1463),$);
#3383=IFCSTYLEDITEM(#3368,(#2104),$);
#3384=IFCSTYLEDITEM(#3375,(#2104),$);
#3385=IFCSHAPEREPRESENTATION(#15,'Body','SweptSolid',(#3317,#3325,#3333,#3340,#3347,#3354,#3361,#3368,#3375));
#3386=IFCAXIS2PLACEMENT3D(#10,$,$);
#3387=IFCREPRESENTATIONMAP(#3386,#3385);
#3388=IFCDOORLININGPROPERTIES('1HfLPk$M547Aaac6ye3X1s',#6,'enclosed_archv2:enclosed_archv2:1707972',$,$,$,$,$,$,$,$,$,$,$,$,$,$);
#3389=IFCDOORPANELPROPERTIES('1HfLPk$M547Aaac6me3X1s',#6,'enclosed_archv2:enclosed_archv2:1707972:1',$,$,.NOTDEFINED.,$,.NOTDEFINED.,$);
#3390=IFCDOORTYPE('1HfLPk$M547Aaaa6ue3X1s',#6,'enclosed_archv2:enclosed_archv2',$,$,(#3388,#3389),(#3387),'1708011',$,.DOOR.,.NOTDEFINED.,$,$);
#3391=IFCMATERIALCONSTITUENT('Timber',$,#2174,0.,'');
#3392=IFCSHAPEREPRESENTATION(#15,'Body','SweptSolid',(#3317));
#3393=IFCSHAPEASPECT((#3392),'Timber',$,.U.,#3387);
#3394=IFCMATERIALCONSTITUENT('Stone',$,#2115,0.,'');
#3395=IFCSHAPEREPRESENTATION(#15,'Body','SweptSolid',(#3325,#3333,#3340,#3347,#3368,#3375));
#3396=IFCSHAPEASPECT((#3395),'Stone',$,.U.,#3387);
#3397=IFCMATERIALCONSTITUENT('Tufelli_masonry_typeD',$,#1483,1.,'');
#3398=IFCSHAPEREPRESENTATION(#15,'Body','SweptSolid',(#3354,#3361));
#3399=IFCSHAPEASPECT((#3398),'Tufelli_masonry_typeD',$,.U.,#3387);
#3400=IFCMATERIALCONSTITUENTSET($,$,(#3391,#3394,#3397));
#3401=IFCMAPPEDITEM(#3387,#2116);
#3402=IFCSHAPEREPRESENTATION(#15,'Body','MappedRepresentation',(#3401));
#3403=IFCPRODUCTDEFINITIONSHAPE($,$,(#3402));
#3404=IFCAXIS2PLACEMENT3D(#10,$,$);
#3405=IFCLOCALPLACEMENT(#24,#3404);
#3406=IFCDOOR('1HfLPk$M547Aaac6ue3X1s',#6,'enclosed_archv2:enclosed_archv2:1707972',$,$,#3405,#3403,'1707972',1180.0865878870577,2900.0000000000214,.DOOR.,$,$);
#3407=IFCMATERIALCONSTITUENT('Timber',$,#2174,0.0017456630290319203,'');
#3408=IFCSHAPEREPRESENTATION(#15,'Body','SweptSolid',(#3317));
#3409=IFCSHAPEASPECT((#3408),'Timber',$,.U.,#3403);
#3410=IFCMATERIALCONSTITUENT('Stone',$,#2115,0.89187953622997751,'');
#3411=IFCSHAPEREPRESENTATION(#15,'Body','SweptSolid',(#3325,#3333,#3340,#3347,#3368,#3375));
#3412=IFCSHAPEASPECT((#3411),'Stone',$,.U.,#3403);
#3413=IFCMATERIALCONSTITUENT('Tufelli_masonry_typeD',$,#1483,0.053187400370495241,'');
#3414=IFCSHAPEREPRESENTATION(#15,'Body','SweptSolid',(#3354));
#3415=IFCSHAPEASPECT((#3414),'Tufelli_masonry_typeD',$,.U.,#3403);
#3416=IFCSHAPEREPRESENTATION(#15,'Body','SweptSolid',(#3361));
#3417=IFCSHAPEASPECT((#3416),'Tufelli_masonry_typeD',$,.U.,#3403);
#3418=IFCMATERIALCONSTITUENTSET($,$,(#3407,#3410,#3413));
#3419=IFCPROPERTYSET('1wNnJcABgvTicdUWYQ4NH5',#6,'Pset_DoorCommon',$,(#1170,#3151));
#3420=IFCPROPERTYSET('16Cuf9naXvaMHujp11Cd83',#6,'Pset_EnvironmentalImpactIndicators',$,(#3151));
#3421=IFCRELDEFINESBYPROPERTIES('0PwqGcYlj13jvjeHJF0upS',#6,$,$,(#3406),#3419);
#3422=IFCRELDEFINESBYPROPERTIES('2Zaqq5RKM4Z0EcHkjLKIpp',#6,$,$,(#3406),#3420);
#3423=IFCCARTESIANPOINTLIST2D(((-99.999999999998394,-259.71250107110382),(99.999999999998366,-259.71250107110376),(99.999999999998394,259.71250107110376),(-99.999999999998366,259.71250107110376),(-99.999999999998394,-259.71250107110382)));
#3424=IFCINDEXEDPOLYCURVE(#3423,$,.F.);
#3425=IFCARBITRARYCLOSEDPROFILEDEF(.AREA.,'simple_arch_door',#3424);
#3426=IFCCARTESIANPOINT((900.,-0.,0.));
#3427=IFCAXIS2PLACEMENT3D(#3426,#49,#429);
#3428=IFCEXTRUDEDAREASOLID(#3425,#3427,#49,1599.9999999999968);
#3429=IFCCARTESIANPOINTLIST2D(((-100.0000000000003,-259.71250107110382),(100.00000000000053,-259.71250107110376),(100.00000000000057,259.71250107110376),(-100.00000000000026,259.71250107110376),(-100.0000000000003,-259.71250107110382)));
#3430=IFCINDEXEDPOLYCURVE(#3429,$,.F.);
#3431=IFCARBITRARYCLOSEDPROFILEDEF(.AREA.,'simple_arch_door',#3430);
#3432=IFCCARTESIANPOINT((-900.,-0.,0.));
#3433=IFCAXIS2PLACEMENT3D(#3432,#49,#429);
#3434=IFCEXTRUDEDAREASOLID(#3431,#3433,#49,1599.9999999999991);
#3435=IFCCARTESIANPOINTLIST2D(((-1000.0000000000131,-1.3535839116229909E-012),(5.4112532039449797E-012,-1000.0000000000133),(1000.0000000000132,-2.7071678232459818E-013),(800.00000000000102,4.6021852995181692E-012),(2.9121071607930896E-012,-800.00000000000136),(-800.00000000000102,-2.97788460557058E-012)));
#3436=IFCINDEXEDPOLYCURVE(#3435,(IFCARCINDEX((1,2,3)),IFCLINEINDEX((3,4)),IFCARCINDEX((4,5,6)),IFCLINEINDEX((6,1))),.F.);
#3437=IFCARBITRARYCLOSEDPROFILEDEF(.AREA.,'simple_arch_door',#3436);
#3438=IFCCARTESIANPOINT((-0.,-259.71250107159256,1600.));
#3439=IFCAXIS2PLACEMENT3D(#3438,#126,#1283);
#3440=IFCEXTRUDEDAREASOLID(#3437,#3439,#49,519.42500214220752);
#3441=IFCSTYLEDITEM(#3428,(#2104),$);
#3442=IFCSTYLEDITEM(#3434,(#2104),$);
#3443=IFCSTYLEDITEM(#3440,(#2104),$);
#3444=IFCSHAPEREPRESENTATION(#15,'Body','SweptSolid',(#3428,#3434,#3440));
#3445=IFCAXIS2PLACEMENT3D(#10,$,$);
#3446=IFCREPRESENTATIONMAP(#3445,#3444);
#3447=IFCDOORLININGPROPERTIES('1HfLPk$M547Aaac6ye3Wlx',#6,'simple_arch_door:simple_arch_door:1709129',$,$,$,$,$,$,$,$,$,$,$,$,$,$);
#3448=IFCDOORPANELPROPERTIES('1HfLPk$M547Aaac6me3Wlx',#6,'simple_arch_door:simple_arch_door:1709129:1',$,$,.NOTDEFINED.,$,.NOTDEFINED.,$);
#3449=IFCDOORTYPE('3WUNrwbsc4YSidq40J$WeD',#6,'simple_arch_door:simple_arch_door',$,$,(#3447,#3448),(#3446),'1700772',$,.DOOR.,.NOTDEFINED.,$,$);
#3450=IFCMAPPEDITEM(#3446,#2116);
#3451=IFCSHAPEREPRESENTATION(#15,'Body','MappedRepresentation',(#3450));
#3452=IFCPRODUCTDEFINITIONSHAPE($,$,(#3451));
#3453=IFCCARTESIANPOINT((18233.222012390164,4127.2156226346751,-1000.));
#3454=IFCDIRECTION((-0.32556815445715476,0.94551857559931751,0.));
#3455=IFCAXIS2PLACEMENT3D(#3453,#49,#3454);
#3456=IFCLOCALPLACEMENT(#24,#3455);
#3457=IFCDOOR('1HfLPk$M547Aaac6ue3Wlx',#6,'simple_arch_door:simple_arch_door:1709129',$,$,#3456,#3452,'1709129',1180.0865878870563,2350.0000000000027,.DOOR.,$,$);
#3458=IFCPROPERTYSET('1sVeR_NhqLEZatf791axyO',#6,'Pset_DoorCommon',$,(#1170,#1177));
#3459=IFCPROPERTYSET('1mvBJIAkG3TopVhJEcElN2',#6,'Pset_EnvironmentalImpactIndicators',$,(#1177));
#3460=IFCRELDEFINESBYPROPERTIES('19YEzkXyBBvn4zKEs29RZ_',#6,$,$,(#3457),#3458);
#3461=IFCRELDEFINESBYPROPERTIES('0eXaS5DqW8XJUCgi4WxSAO',#6,$,$,(#3457),#3459);
#3462=IFCCARTESIANPOINTLIST2D(((-259.71250107061718,-550.),(259.71250107061718,-550.),(259.71250107061718,550.),(-259.71250107061718,550.),(-259.71250107061718,-550.)));
#3463=IFCINDEXEDPOLYCURVE(#3462,$,.F.);
#3464=IFCARBITRARYCLOSEDPROFILEDEF(.AREA.,'StoneWindows',#3463);
#3465=IFCCARTESIANPOINT((-0.,0.,1600.));
#3466=IFCAXIS2PLACEMENT3D(#3465,#49,#126);
#3467=IFCEXTRUDEDAREASOLID(#3464,#3466,#49,200.);
#3468=IFCCARTESIANPOINTLIST2D(((-259.71250107061718,-550.),(259.71250107061718,-550.),(259.71250107061718,550.),(-259.71250107061718,550.),(-259.71250107061718,-550.)));
#3469=IFCINDEXEDPOLYCURVE(#3468,$,.F.);
#3470=IFCARBITRARYCLOSEDPROFILEDEF(.AREA.,'StoneWindows',#3469);
#3471=IFCCARTESIANPOINT((-0.,0.,800.));
#3472=IFCAXIS2PLACEMENT3D(#3471,#49,#126);
#3473=IFCEXTRUDEDAREASOLID(#3470,#3472,#49,165.03507693617399);
#3474=IFCCARTESIANPOINTLIST2D(((-259.71250107061718,-100.),(259.71250107061718,-100.),(259.71250107061718,100.),(-259.71250107061718,100.),(-259.71250107061718,-100.)));
#3475=IFCINDEXEDPOLYCURVE(#3474,$,.F.);
#3476=IFCARBITRARYCLOSEDPROFILEDEF(.AREA.,'StoneWindows',#3475);
#3477=IFCCARTESIANPOINT((-450.,0.,965.03507693617291));
#3478=IFCAXIS2PLACEMENT3D(#3477,#49,#126);
#3479=IFCEXTRUDEDAREASOLID(#3476,#3478,#49,634.96492306382606);
#3480=IFCCARTESIANPOINTLIST2D(((-259.71250107061718,-100.),(259.71250107061718,-100.),(259.71250107061718,100.),(-259.71250107061718,100.),(-259.71250107061718,-100.)));
#3481=IFCINDEXEDPOLYCURVE(#3480,$,.F.);
#3482=IFCARBITRARYCLOSEDPROFILEDEF(.AREA.,'StoneWindows',#3481);
#3483=IFCCARTESIANPOINT((450.,0.,965.03507693617291));
#3484=IFCAXIS2PLACEMENT3D(#3483,#49,#126);
#3485=IFCEXTRUDEDAREASOLID(#3482,#3484,#49,634.96492306382606);
#3486=IFCSTYLEDITEM(#3467,(#2104),$);
#3487=IFCSTYLEDITEM(#3473,(#2104),$);
#3488=IFCSTYLEDITEM(#3479,(#2104),$);
#3489=IFCSTYLEDITEM(#3485,(#2104),$);
#3490=IFCSHAPEREPRESENTATION(#15,'Body','SweptSolid',(#3467,#3473,#3479,#3485));
#3491=IFCAXIS2PLACEMENT3D(#10,$,$);
#3492=IFCREPRESENTATIONMAP(#3491,#3490);
#3493=IFCWINDOWLININGPROPERTIES('0RG6S63Pr48vit9siLUt1n',#6,'Window1:StoneWindows:1709200',$,$,$,$,$,$,$,$,$,$,$,$,$);
#3494=IFCWINDOWTYPE('0wnS7rrEag91i$_PSExRWa',#6,'Window1:StoneWindows',$,$,(#3493),(#3492),'1695326',$,.WINDOW.,.NOTDEFINED.,$,$);
#3495=IFCMAPPEDITEM(#3492,#2116);
#3496=IFCSHAPEREPRESENTATION(#15,'Body','MappedRepresentation',(#3495));
#3497=IFCPRODUCTDEFINITIONSHAPE($,$,(#3496));
#3498=IFCCARTESIANPOINT((18220.001990869674,4165.6093529375839,1600.));
#3499=IFCDIRECTION((0.32556815445715476,-0.94551857559931751,0.));
#3500=IFCAXIS2PLACEMENT3D(#3498,#49,#3499);
#3501=IFCLOCALPLACEMENT(#24,#3500);
#3502=IFCWINDOW('0RG6S63Pr48vit9seLUt1n',#6,'Window1:StoneWindows:1709200',$,$,#3501,#3497,'1709200',730.86516706213365,1100.,.WINDOW.,.NOTDEFINED.,$);
#3503=IFCPROPERTYSET('0NjLOTeeU8jyGnrwPl6Tso',#6,'Pset_EnvironmentalImpactIndicators',$,(#1172));
#3504=IFCPROPERTYSET('1oYg4IO5v3ssw3NlC8bhYk',#6,'Pset_WindowCommon',$,(#1170,#1172));
#3505=IFCRELDEFINESBYPROPERTIES('3o525YWopIt8r_l_wPfHKk',#6,$,$,(#3502),#3503);
#3506=IFCRELDEFINESBYPROPERTIES('3_1vb4pYVTrgUIEjxhWR$2',#6,$,$,(#3502),#3504);
#3507=IFCCARTESIANPOINTLIST2D(((-259.71250107061718,-499.99999999999977),(259.71250107061718,-499.99999999999977),(259.71250107061718,499.99999999999977),(-259.71250107061718,499.99999999999977),(-259.71250107061718,-499.99999999999977)));
#3508=IFCINDEXEDPOLYCURVE(#3507,$,.F.);
#3509=IFCARBITRARYCLOSEDPROFILEDEF(.AREA.,'StoneWindows',#3508);
#3510=IFCCARTESIANPOINT((-0.,0.,1600.));
#3511=IFCAXIS2PLACEMENT3D(#3510,#49,#126);
#3512=IFCEXTRUDEDAREASOLID(#3509,#3511,#49,200.);
#3513=IFCCARTESIANPOINTLIST2D(((-259.71250107061718,-499.99999999999977),(259.71250107061718,-499.99999999999977),(259.71250107061718,499.99999999999977),(-259.71250107061718,499.99999999999977),(-259.71250107061718,-499.99999999999977)));
#3514=IFCINDEXEDPOLYCURVE(#3513,$,.F.);
#3515=IFCARBITRARYCLOSEDPROFILEDEF(.AREA.,'StoneWindows',#3514);
#3516=IFCCARTESIANPOINT((-0.,0.,800.));
#3517=IFCAXIS2PLACEMENT3D(#3516,#49,#126);
#3518=IFCEXTRUDEDAREASOLID(#3515,#3517,#49,165.03507693617399);
#3519=IFCCARTESIANPOINTLIST2D(((-259.71250107061718,-100.),(259.71250107061718,-100.),(259.71250107061718,100.),(-259.71250107061718,100.),(-259.71250107061718,-100.)));
#3520=IFCINDEXEDPOLYCURVE(#3519,$,.F.);
#3521=IFCARBITRARYCLOSEDPROFILEDEF(.AREA.,'StoneWindows',#3520);
#3522=IFCCARTESIANPOINT((-400.,0.,965.03507693617269));
#3523=IFCAXIS2PLACEMENT3D(#3522,#49,#126);
#3524=IFCEXTRUDEDAREASOLID(#3521,#3523,#49,634.96492306382629);
#3525=IFCCARTESIANPOINTLIST2D(((-259.71250107061718,-100.),(259.71250107061718,-100.),(259.71250107061718,100.),(-259.71250107061718,100.),(-259.71250107061718,-100.)));
#3526=IFCINDEXEDPOLYCURVE(#3525,$,.F.);
#3527=IFCARBITRARYCLOSEDPROFILEDEF(.AREA.,'StoneWindows',#3526);
#3528=IFCCARTESIANPOINT((400.,0.,965.03507693617269));
#3529=IFCAXIS2PLACEMENT3D(#3528,#49,#126);
#3530=IFCEXTRUDEDAREASOLID(#3527,#3529,#49,634.96492306382629);
#3531=IFCSTYLEDITEM(#3512,(#2104),$);
#3532=IFCSTYLEDITEM(#3518,(#2104),$);
#3533=IFCSTYLEDITEM(#3524,(#2104),$);
#3534=IFCSTYLEDITEM(#3530,(#2104),$);
#3535=IFCSHAPEREPRESENTATION(#15,'Body','SweptSolid',(#3512,#3518,#3524,#3530));
#3536=IFCAXIS2PLACEMENT3D(#10,$,$);
#3537=IFCREPRESENTATIONMAP(#3536,#3535);
#3538=IFCWINDOWLININGPROPERTIES('0RG6S63Pr48vit9siLUt1E',#6,'Window1:StoneWindows:1709231',$,$,$,$,$,$,$,$,$,$,$,$,$);
#3539=IFCWINDOWTYPE('3MzyabAMfLltNW2dFEydRV',#6,'Window1:StoneWindows',$,$,(#3538),(#3537),'1695326',$,.WINDOW.,.NOTDEFINED.,$,$);
#3540=IFCMAPPEDITEM(#3537,#2116);
#3541=IFCSHAPEREPRESENTATION(#15,'Body','MappedRepresentation',(#3540));
#3542=IFCPRODUCTDEFINITIONSHAPE($,$,(#3541));
#3543=IFCCARTESIANPOINT((18930.798710379822,2101.3057883199044,1950.));
#3544=IFCDIRECTION((0.3255681544571547,-0.94551857559931751,0.));
#3545=IFCAXIS2PLACEMENT3D(#3543,#49,#3544);
#3546=IFCLOCALPLACEMENT(#24,#3545);
#3547=IFCWINDOW('0RG6S63Pr48vit9seLUt1E',#6,'Window1:StoneWindows:1709231',$,$,#3546,#3542,'1709231',730.86516706213365,999.99999999999955,.WINDOW.,.NOTDEFINED.,$);
#3548=IFCPROPERTYSET('0xaSYZwBQk8RThb4dDmla9',#6,'Pset_EnvironmentalImpactIndicators',$,(#1172));
#3549=IFCPROPERTYSET('1hyouKy05xbmKEVed951bU',#6,'Pset_WindowCommon',$,(#1170,#1172));
#3550=IFCRELDEFINESBYPROPERTIES('08FZ5c1iI2C5bqdq8VSwbu',#6,$,$,(#3547),#3548);
#3551=IFCRELDEFINESBYPROPERTIES('3SrLRJFGvPocr27xZzJgNF',#6,$,$,(#3547),#3549);
#3552=IFCCARTESIANPOINTLIST2D(((-259.7125010706161,-550.),(259.7125010706161,-550.),(259.7125010706161,550.),(-259.7125010706161,550.),(-259.7125010706161,-550.)));
#3553=IFCINDEXEDPOLYCURVE(#3552,$,.F.);
#3554=IFCARBITRARYCLOSEDPROFILEDEF(.AREA.,'StoneWindows',#3553);
#3555=IFCCARTESIANPOINT((-0.,0.,2400.));
#3556=IFCAXIS2PLACEMENT3D(#3555,#49,#126);
#3557=IFCEXTRUDEDAREASOLID(#3554,#3556,#49,200.);
#3558=IFCCARTESIANPOINTLIST2D(((-259.7125010706161,-550.),(259.7125010706161,-550.),(259.7125010706161,550.),(-259.7125010706161,550.),(-259.7125010706161,-550.)));
#3559=IFCINDEXEDPOLYCURVE(#3558,$,.F.);
#3560=IFCARBITRARYCLOSEDPROFILEDEF(.AREA.,'StoneWindows',#3559);
#3561=IFCCARTESIANPOINT((-0.,0.,800.));
#3562=IFCAXIS2PLACEMENT3D(#3561,#49,#126);
#3563=IFCEXTRUDEDAREASOLID(#3560,#3562,#49,165.03507693617399);
#3564=IFCCARTESIANPOINTLIST2D(((-259.7125010706161,-100.),(259.7125010706161,-100.),(259.7125010706161,100.),(-259.7125010706161,100.),(-259.7125010706161,-100.)));
#3565=IFCINDEXEDPOLYCURVE(#3564,$,.F.);
#3566=IFCARBITRARYCLOSEDPROFILEDEF(.AREA.,'StoneWindows',#3565);
#3567=IFCCARTESIANPOINT((-450.,0.,965.03507693617291));
#3568=IFCAXIS2PLACEMENT3D(#3567,#49,#126);
#3569=IFCEXTRUDEDAREASOLID(#3566,#3568,#49,1434.9649230638261);
#3570=IFCCARTESIANPOINTLIST2D(((-259.7125010706161,-100.),(259.7125010706161,-100.),(259.7125010706161,100.),(-259.7125010706161,100.),(-259.7125010706161,-100.)));
#3571=IFCINDEXEDPOLYCURVE(#3570,$,.F.);
#3572=IFCARBITRARYCLOSEDPROFILEDEF(.AREA.,'StoneWindows',#3571);
#3573=IFCCARTESIANPOINT((450.,0.,965.03507693617291));
#3574=IFCAXIS2PLACEMENT3D(#3573,#49,#126);
#3575=IFCEXTRUDEDAREASOLID(#3572,#3574,#49,1434.9649230638261);
#3576=IFCSTYLEDITEM(#3557,(#2104),$);
#3577=IFCSTYLEDITEM(#3563,(#2104),$);
#3578=IFCSTYLEDITEM(#3569,(#2104),$);
#3579=IFCSTYLEDITEM(#3575,(#2104),$);
#3580=IFCSHAPEREPRESENTATION(#15,'Body','SweptSolid',(#3557,#3563,#3569,#3575));
#3581=IFCAXIS2PLACEMENT3D(#10,$,$);
#3582=IFCREPRESENTATIONMAP(#3581,#3580);
#3583=IFCWINDOWLININGPROPERTIES('0RG6S63Pr48vit9siLUt6P',#6,'Window1:StoneWindows:1709432',$,$,$,$,$,$,$,$,$,$,$,$,$);
#3584=IFCWINDOWTYPE('39WnRxPRDNPcpEWrdp9Y0U',#6,'Window1:StoneWindows',$,$,(#3583),(#3582),'1695326',$,.WINDOW.,.NOTDEFINED.,$,$);
#3585=IFCMAPPEDITEM(#3582,#2116);
#3586=IFCSHAPEREPRESENTATION(#15,'Body','MappedRepresentation',(#3585));
#3587=IFCPRODUCTDEFINITIONSHAPE($,$,(#3586));
#3588=IFCCARTESIANPOINT((18144.511495694915,4384.8496701852528,-400.));
#3589=IFCDIRECTION((0.3255681544571547,-0.94551857559931751,0.));
#3590=IFCAXIS2PLACEMENT3D(#3588,#49,#3589);
#3591=IFCLOCALPLACEMENT(#28,#3590);
#3592=IFCWINDOW('0RG6S63Pr48vit9seLUt6P',#6,'Window1:StoneWindows:1709432',$,$,#3591,#3587,'1709432',730.86516706213263,1100.,.WINDOW.,.NOTDEFINED.,$);
#3593=IFCPROPERTYSET('0d2p2U5HfslcMhpJN45j0t',#6,'Pset_EnvironmentalImpactIndicators',$,(#1172));
#3594=IFCPROPERTYSET('16NL7bCfjhn3q94nHbh2RI',#6,'Pset_WindowCommon',$,(#1170,#1172));
#3595=IFCRELDEFINESBYPROPERTIES('3qwzosHHQOtB3lzp4PGNKy',#6,$,$,(#3592),#3593);
#3596=IFCRELDEFINESBYPROPERTIES('1gQsKGpk_02m4NioeHPolU',#6,$,$,(#3592),#3594);
#3597=IFCMAPPEDITEM(#3582,#2116);
#3598=IFCSHAPEREPRESENTATION(#15,'Body','MappedRepresentation',(#3597));
#3599=IFCPRODUCTDEFINITIONSHAPE($,$,(#3598));
#3600=IFCCARTESIANPOINT((19549.606604039316,304.15717236233121,-400.));
#3601=IFCDIRECTION((0.3255681544571547,-0.94551857559931751,0.));
#3602=IFCAXIS2PLACEMENT3D(#3600,#49,#3601);
#3603=IFCLOCALPLACEMENT(#28,#3602);
#3604=IFCWINDOW('0RG6S63Pr48vit9seLUt5Z',#6,'Window1:StoneWindows:1709442',$,$,#3603,#3599,'1709442',730.86516706213263,1100.,.WINDOW.,.NOTDEFINED.,$);
#3605=IFCPROPERTYSET('2KyE6cH41tSXhryba8A_MR',#6,'Pset_EnvironmentalImpactIndicators',$,(#1172));
#3606=IFCPROPERTYSET('0gDGIBbRnkZEjBb0qFpYZD',#6,'Pset_WindowCommon',$,(#1170,#1172));
#3607=IFCRELDEFINESBYPROPERTIES('1MPRGsnpOv6$DCo5mk1$kC',#6,$,$,(#3604),#3605);
#3608=IFCRELDEFINESBYPROPERTIES('1g58AmQnzUid9UGXNIjwLJ',#6,$,$,(#3604),#3606);
#3609=IFCCARTESIANPOINTLIST2D(((-259.7125010706161,-450.00000000000006),(259.7125010706161,-450.00000000000006),(259.7125010706161,450.00000000000006),(-259.7125010706161,450.00000000000006),(-259.7125010706161,-450.00000000000006)));
#3610=IFCINDEXEDPOLYCURVE(#3609,$,.F.);
#3611=IFCARBITRARYCLOSEDPROFILEDEF(.AREA.,'StoneWindows',#3610);
#3612=IFCCARTESIANPOINT((-0.,0.,1700.));
#3613=IFCAXIS2PLACEMENT3D(#3612,#49,#126);
#3614=IFCEXTRUDEDAREASOLID(#3611,#3613,#49,200.);
#3615=IFCCARTESIANPOINTLIST2D(((-259.7125010706161,-450.00000000000006),(259.7125010706161,-450.00000000000006),(259.7125010706161,450.00000000000006),(-259.7125010706161,450.00000000000006),(-259.7125010706161,-450.00000000000006)));
#3616=IFCINDEXEDPOLYCURVE(#3615,$,.F.);
#3617=IFCARBITRARYCLOSEDPROFILEDEF(.AREA.,'StoneWindows',#3616);
#3618=IFCCARTESIANPOINT((-0.,0.,800.));
#3619=IFCAXIS2PLACEMENT3D(#3618,#49,#126);
#3620=IFCEXTRUDEDAREASOLID(#3617,#3619,#49,165.03507693617399);
#3621=IFCCARTESIANPOINTLIST2D(((-259.7125010706161,-100.),(259.7125010706161,-100.),(259.7125010706161,100.),(-259.7125010706161,100.),(-259.7125010706161,-100.)));
#3622=IFCINDEXEDPOLYCURVE(#3621,$,.F.);
#3623=IFCARBITRARYCLOSEDPROFILEDEF(.AREA.,'StoneWindows',#3622);
#3624=IFCCARTESIANPOINT((-350.,0.,965.03507693617291));
#3625=IFCAXIS2PLACEMENT3D(#3624,#49,#126);
#3626=IFCEXTRUDEDAREASOLID(#3623,#3625,#49,734.96492306382606);
#3627=IFCCARTESIANPOINTLIST2D(((-259.7125010706161,-100.),(259.7125010706161,-100.),(259.7125010706161,100.),(-259.7125010706161,100.),(-259.7125010706161,-100.)));
#3628=IFCINDEXEDPOLYCURVE(#3627,$,.F.);
#3629=IFCARBITRARYCLOSEDPROFILEDEF(.AREA.,'StoneWindows',#3628);
#3630=IFCCARTESIANPOINT((350.,0.,965.03507693617291));
#3631=IFCAXIS2PLACEMENT3D(#3630,#49,#126);
#3632=IFCEXTRUDEDAREASOLID(#3629,#3631,#49,734.96492306382606);
#3633=IFCSTYLEDITEM(#3614,(#2104),$);
#3634=IFCSTYLEDITEM(#3620,(#2104),$);
#3635=IFCSTYLEDITEM(#3626,(#2104),$);
#3636=IFCSTYLEDITEM(#3632,(#2104),$);
#3637=IFCSHAPEREPRESENTATION(#15,'Body','SweptSolid',(#3614,#3620,#3626,#3632));
#3638=IFCAXIS2PLACEMENT3D(#10,$,$);
#3639=IFCREPRESENTATIONMAP(#3638,#3637);
#3640=IFCWINDOWLININGPROPERTIES('1_Iq6xIsv1xeO7O4rZAM7L',#6,'Window1:StoneWindows:1709877',$,$,$,$,$,$,$,$,$,$,$,$,$);
#3641=IFCWINDOWTYPE('2QxRlu8xA$0aMqhPPvJeke',#6,'Window1:StoneWindows',$,$,(#3640),(#3639),'1695326',$,.WINDOW.,.NOTDEFINED.,$,$);
#3642=IFCMAPPEDITEM(#3639,#2116);
#3643=IFCSHAPEREPRESENTATION(#15,'Body','MappedRepresentation',(#3642));
#3644=IFCPRODUCTDEFINITIONSHAPE($,$,(#3643));
#3645=IFCCARTESIANPOINT((18642.194476915971,2939.4733424889341,1000.));
#3646=IFCDIRECTION((0.3255681544571547,-0.94551857559931751,0.));
#3647=IFCAXIS2PLACEMENT3D(#3645,#49,#3646);
#3648=IFCLOCALPLACEMENT(#28,#3647);
#3649=IFCWINDOW('1_Iq6xIsv1xeO7O4nZAM7L',#6,'Window1:StoneWindows:1709877',$,$,#3648,#3644,'1709877',730.86516706213263,900.00000000000011,.WINDOW.,.NOTDEFINED.,$);
#3650=IFCPROPERTYSET('31yd2LKO_turY3nLp2Hmnc',#6,'Pset_EnvironmentalImpactIndicators',$,(#1172));
#3651=IFCPROPERTYSET('1dW0ERlEi0UeZMwJsXc1Yz',#6,'Pset_WindowCommon',$,(#1170,#1172));
#3652=IFCRELDEFINESBYPROPERTIES('1RcP_b1iB28ysS9UCjfbkZ',#6,$,$,(#3649),#3650);
#3653=IFCRELDEFINESBYPROPERTIES('1dS$4kAHg9_gAj8k6qPsBV',#6,$,$,(#3649),#3651);
#3654=IFCCARTESIANPOINTLIST2D(((-250.00000000000003,-499.99999999999977),(250.00000000000003,-499.99999999999977),(250.00000000000003,499.99999999999977),(-250.00000000000003,499.99999999999977),(-250.00000000000003,-499.99999999999977)));
#3655=IFCINDEXEDPOLYCURVE(#3654,$,.F.);
#3656=IFCARBITRARYCLOSEDPROFILEDEF(.AREA.,'BrickWindow',#3655);
#3657=IFCCARTESIANPOINT((500.,250.,1300.));
#3658=IFCAXIS2PLACEMENT3D(#3657,#49,#126);
#3659=IFCEXTRUDEDAREASOLID(#3656,#3658,#49,200.);
#3660=IFCCARTESIANPOINTLIST2D(((-250.00000000000003,-499.99999999999977),(250.00000000000003,-499.99999999999977),(250.00000000000003,499.99999999999977),(-250.00000000000003,499.99999999999977),(-250.00000000000003,-499.99999999999977)));
#3661=IFCINDEXEDPOLYCURVE(#3660,$,.F.);
#3662=IFCARBITRARYCLOSEDPROFILEDEF(.AREA.,'BrickWindow',#3661);
#3663=IFCCARTESIANPOINT((500.,250.,0.));
#3664=IFCAXIS2PLACEMENT3D(#3663,#49,#126);
#3665=IFCEXTRUDEDAREASOLID(#3662,#3664,#49,165.03507693617399);
#3666=IFCCARTESIANPOINTLIST2D(((-250.00000000000003,-100.),(250.00000000000003,-100.),(250.00000000000003,100.),(-250.00000000000003,100.),(-250.00000000000003,-100.)));
#3667=IFCINDEXEDPOLYCURVE(#3666,$,.F.);
#3668=IFCARBITRARYCLOSEDPROFILEDEF(.AREA.,'BrickWindow',#3667);
#3669=IFCCARTESIANPOINT((100.,250.,165.03507693617399));
#3670=IFCAXIS2PLACEMENT3D(#3669,#49,#126);
#3671=IFCEXTRUDEDAREASOLID(#3668,#3670,#49,1134.9649230638261);
#3672=IFCCARTESIANPOINTLIST2D(((-250.00000000000003,-100.),(250.00000000000003,-100.),(250.00000000000003,100.),(-250.00000000000003,100.),(-250.00000000000003,-100.)));
#3673=IFCINDEXEDPOLYCURVE(#3672,$,.F.);
#3674=IFCARBITRARYCLOSEDPROFILEDEF(.AREA.,'BrickWindow',#3673);
#3675=IFCCARTESIANPOINT((900.,250.,165.03507693617399));
#3676=IFCAXIS2PLACEMENT3D(#3675,#49,#126);
#3677=IFCEXTRUDEDAREASOLID(#3674,#3676,#49,1134.9649230638261);
#3678=IFCSTYLEDITEM(#3659,(#2006),$);
#3679=IFCSTYLEDITEM(#3665,(#2006),$);
#3680=IFCSTYLEDITEM(#3671,(#2006),$);
#3681=IFCSTYLEDITEM(#3677,(#2006),$);
#3682=IFCSHAPEREPRESENTATION(#15,'Body','SweptSolid',(#3659,#3665,#3671,#3677));
#3683=IFCAXIS2PLACEMENT3D(#10,$,$);
#3684=IFCREPRESENTATIONMAP(#3683,#3682);
#3685=IFCWINDOWLININGPROPERTIES('2cod_9cnH6lgOHU_hV8bpd',#6,'BrickWindow:BrickWindow:1711014',$,$,$,$,$,$,$,$,$,$,$,$,$);
#3686=IFCWINDOWTYPE('3pAD12nIg72WLsuZ1EDbsg',#6,'BrickWindow:BrickWindow',$,$,(#3685),(#3684),'1784395',$,.WINDOW.,.NOTDEFINED.,$,$);
#3687=IFCMAPPEDITEM(#3684,#2116);
#3688=IFCSHAPEREPRESENTATION(#15,'Body','MappedRepresentation',(#3687));
#3689=IFCPRODUCTDEFINITIONSHAPE($,$,(#3688));
#3690=IFCCARTESIANPOINT((12476.08736789003,10052.705814796254,200.));
#3691=IFCDIRECTION((0.4723689273676574,-0.88140092832803896,0.));
#3692=IFCAXIS2PLACEMENT3D(#3690,#49,#3691);
#3694=IFCWINDOW('2cod_9cnH6lgOHU_lV8bpd',#6,'BrickWindow:BrickWindow:1711014',$,$,#6766,#3689,'1711014',1500.,1000.000000000001,.WINDOW.,.NOTDEFINED.,$);
#3695=IFCPROPERTYSET('0c4GQ_NDUn8RAbTsst$yi0',#6,'Pset_EnvironmentalImpactIndicators',$,(#953));
#3696=IFCPROPERTYSET('0UCPRSzamc3SZQYzxZ9m4f',#6,'Pset_WindowCommon',$,(#74,#953));
#3697=IFCRELDEFINESBYPROPERTIES('3i5l2Thx13xrdYenzPyMkc',#6,$,$,(#3694),#3695);
#3698=IFCRELDEFINESBYPROPERTIES('3JLFBzEX9nkA8nCQ7CxuW1',#6,$,$,(#3694),#3696);
#3699=IFCMAPPEDITEM(#3684,#2116);
#3700=IFCSHAPEREPRESENTATION(#15,'Body','MappedRepresentation',(#3699));
#3701=IFCPRODUCTDEFINITIONSHAPE($,$,(#3700));
#3702=IFCCARTESIANPOINT((12476.087367890028,10052.705814796262,2298.5786437626939));
#3703=IFCDIRECTION((0.4723689273676574,-0.88140092832803896,0.));
#3704=IFCAXIS2PLACEMENT3D(#3702,#49,#3703);
#3706=IFCWINDOW('2cod_9cnH6lgOHU_lV8box',#6,'BrickWindow:BrickWindow:1711098',$,$,#6751,#3701,'1711098',1500.,999.99999999999898,.WINDOW.,.NOTDEFINED.,$);
#3707=IFCPROPERTYSET('3hBvIRZTaYgWT$oCGd$IHj',#6,'Pset_EnvironmentalImpactIndicators',$,(#953));
#3708=IFCPROPERTYSET('0TuU_5_1j5mW4JTQq75L1E',#6,'Pset_WindowCommon',$,(#74,#953));
#3709=IFCRELDEFINESBYPROPERTIES('0BgLWwjsHyrgCsBNy6Jpl4',#6,$,$,(#3706),#3707);
#3710=IFCRELDEFINESBYPROPERTIES('3Fb7cun3FpzsO3xwtcy0v0',#6,$,$,(#3706),#3708);
#3711=IFCMAPPEDITEM(#3684,#2116);
#3712=IFCSHAPEREPRESENTATION(#15,'Body','MappedRepresentation',(#3711));
#3713=IFCPRODUCTDEFINITIONSHAPE($,$,(#3712));
#3714=IFCCARTESIANPOINT((12476.087367890028,10052.70581479626,1500.));
#3715=IFCDIRECTION((0.4723689273676574,-0.88140092832803896,0.));
#3716=IFCAXIS2PLACEMENT3D(#3714,#49,#3715);
#3718=IFCWINDOW('2cod_9cnH6lgOHU_lV8bjr',#6,'BrickWindow:BrickWindow:1711156',$,$,#6811,#3713,'1711156',1500.,1000.0000000000001,.WINDOW.,.NOTDEFINED.,$);
#3719=IFCPROPERTYSET('3RwIMdsf4mK3zVHtvEaFPo',#6,'Pset_EnvironmentalImpactIndicators',$,(#953));
#3720=IFCPROPERTYSET('1cZyZLEpO92SfzKMS3ay4j',#6,'Pset_WindowCommon',$,(#74,#953));
#3721=IFCRELDEFINESBYPROPERTIES('3YfYyJfqvp0Qg1xEm_iDga',#6,$,$,(#3718),#3719);
#3722=IFCRELDEFINESBYPROPERTIES('3JAgCa0hmSyAnuqZSe8nFV',#6,$,$,(#3718),#3720);
#3723=IFCMAPPEDITEM(#3684,#2116);
#3724=IFCSHAPEREPRESENTATION(#15,'Body','MappedRepresentation',(#3723));
#3725=IFCPRODUCTDEFINITIONSHAPE($,$,(#3724));
#3726=IFCCARTESIANPOINT((13438.45239038243,8257.0131367403246,1500.));
#3727=IFCDIRECTION((0.4723689273676574,-0.88140092832803896,0.));
#3728=IFCAXIS2PLACEMENT3D(#3726,#49,#3727);
#3730=IFCWINDOW('2cod_9cnH6lgOHU_lV8bcE',#6,'BrickWindow:BrickWindow:1711823',$,$,#6796,#3725,'1711823',1500.,1000.0000000000019,.WINDOW.,.NOTDEFINED.,$);
#3731=IFCPROPERTYSET('1A0uHNE0mXGaY5rr7xF_mQ',#6,'Pset_EnvironmentalImpactIndicators',$,(#953));
#3732=IFCPROPERTYSET('0zRj31Io$fSn$yMVDPqq4A',#6,'Pset_WindowCommon',$,(#74,#953));
#3733=IFCRELDEFINESBYPROPERTIES('1a2leDdtZGIGW4V7ewp7iu',#6,$,$,(#3730),#3731);
#3734=IFCRELDEFINESBYPROPERTIES('2Wh46MITULikSOOOPctpb5',#6,$,$,(#3730),#3732);
#3735=IFCMAPPEDITEM(#3684,#2116);
#3736=IFCSHAPEREPRESENTATION(#15,'Body','MappedRepresentation',(#3735));
#3737=IFCPRODUCTDEFINITIONSHAPE($,$,(#3736));
#3738=IFCCARTESIANPOINT((13438.452390382436,8257.0131367403173,2298.5786437626862));
#3739=IFCDIRECTION((0.4723689273676574,-0.88140092832803896,0.));
#3740=IFCAXIS2PLACEMENT3D(#3738,#49,#3739);
#3742=IFCWINDOW('3PDcirDNvFvA6IW_GuYSLi',#6,'BrickWindow:BrickWindow:1712374',$,$,#6721,#3737,'1712374',1500.,1000.0000000000019,.WINDOW.,.NOTDEFINED.,$);
#3743=IFCPROPERTYSET('2WMpUjPSXXc54U83viFjca',#6,'Pset_EnvironmentalImpactIndicators',$,(#953));
#3744=IFCPROPERTYSET('36_kUWFdxRajDwjEwZgV_$',#6,'Pset_WindowCommon',$,(#74,#953));
#3745=IFCRELDEFINESBYPROPERTIES('1bzk4RKLATTZuSd5ZsytWU',#6,$,$,(#3742),#3743);
#3746=IFCRELDEFINESBYPROPERTIES('0PnMNAiX0sjRlzW1HPmDUG',#6,$,$,(#3742),#3744);
#3747=IFCCARTESIANPOINTLIST2D(((299.99999999999989,8.1215034697379459E-013),(500.00000000002609,-5.9557692111411601E-012),(5.4785571660124274E-012,500.00000000002495),(-500.00000000002615,1.0828671292983927E-012),(-299.99999999999989,-2.4364510409213838E-012),(-2.7232385671440339E-012,299.99999999999869)));
#3748=IFCINDEXEDPOLYCURVE(#3747,(IFCLINEINDEX((1,2)),IFCARCINDEX((2,3,4)),IFCLINEINDEX((4,5)),IFCARCINDEX((5,6,1))),.F.);
#3749=IFCARBITRARYCLOSEDPROFILEDEF(.AREA.,'StoneWindowArch',#3748);
#3750=IFCCARTESIANPOINT((-0.,-259.71250107061502,1400.));
#3751=IFCAXIS2PLACEMENT3D(#3750,#2145,#1283);
#3752=IFCEXTRUDEDAREASOLID(#3749,#3751,#1156,519.42500214123004);
#3753=IFCCARTESIANPOINTLIST2D(((-200.00000000000165,-299.99999999999977),(200.00000000000273,-299.99999999999977),(200.00000000000273,299.99999999999977),(-200.00000000000406,299.99999999999977),(-500.00000000000136,-2.1371175031611703E-012)));
#3754=IFCINDEXEDPOLYCURVE(#3753,(IFCLINEINDEX((1,2,3,4)),IFCARCINDEX((4,5,1))),.F.);
#3755=IFCARBITRARYCLOSEDPROFILEDEF(.AREA.,'StoneWindowArch',#3754);
#3756=IFCCARTESIANPOINT((-0.,70.,1200.));
#3757=IFCAXIS2PLACEMENT3D(#3756,#126,#1156);
#3758=IFCEXTRUDEDAREASOLID(#3755,#3757,#49,189.71250107162322);
#3759=IFCCARTESIANPOINTLIST2D(((-259.71250107061502,-100.00000000001653),(259.71250107061502,-100.00000000001653),(259.71250107061502,100.00000000001666),(-259.71250107061502,100.00000000001666),(-259.71250107061502,-100.00000000001653)));
#3760=IFCINDEXEDPOLYCURVE(#3759,$,.F.);
#3761=IFCARBITRARYCLOSEDPROFILEDEF(.AREA.,'StoneWindowArch',#3760);
#3762=IFCCARTESIANPOINT((400.,0.,800.));
#3763=IFCAXIS2PLACEMENT3D(#3762,#49,#126);
#3764=IFCEXTRUDEDAREASOLID(#3761,#3763,#49,600.00000000000205);
#3765=IFCCARTESIANPOINTLIST2D(((-259.71250107061502,-100.00000000001673),(259.71250107061502,-100.00000000001673),(259.71250107061502,100.00000000001666),(-259.71250107061502,100.00000000001666),(-259.71250107061502,-100.00000000001673)));
#3766=IFCINDEXEDPOLYCURVE(#3765,$,.F.);
#3767=IFCARBITRARYCLOSEDPROFILEDEF(.AREA.,'StoneWindowArch',#3766);
#3768=IFCCARTESIANPOINT((-400.,0.,800.));
#3769=IFCAXIS2PLACEMENT3D(#3768,#49,#126);
#3770=IFCEXTRUDEDAREASOLID(#3767,#3769,#49,599.99999999999989);
#3771=IFCCARTESIANPOINTLIST2D(((-259.71250107061502,-299.99999999999977),(259.71250107061502,-299.99999999999977),(259.71250107061502,299.99999999999977),(-259.71250107061502,299.99999999999977),(-259.71250107061502,-299.99999999999977)));
#3772=IFCINDEXEDPOLYCURVE(#3771,$,.F.);
#3773=IFCARBITRARYCLOSEDPROFILEDEF(.AREA.,'StoneWindowArch',#3772);
#3774=IFCCARTESIANPOINT((-0.,0.,800.));
#3775=IFCAXIS2PLACEMENT3D(#3774,#49,#126);
#3776=IFCEXTRUDEDAREASOLID(#3773,#3775,#49,200.00000000000014);
#3777=IFCSTYLEDITEM(#3752,(#2104),$);
#3778=IFCSTYLEDITEM(#3758,(#1463),$);
#3779=IFCSTYLEDITEM(#3764,(#2104),$);
#3780=IFCSTYLEDITEM(#3770,(#2104),$);
#3781=IFCSTYLEDITEM(#3776,(#2104),$);
#3782=IFCSHAPEREPRESENTATION(#15,'Body','SweptSolid',(#3752,#3758,#3764,#3770,#3776));
#3783=IFCAXIS2PLACEMENT3D(#10,$,$);
#3784=IFCREPRESENTATIONMAP(#3783,#3782);
#3785=IFCWINDOWLININGPROPERTIES('3PDcirDNvFvA6IW_KuYSIZ',#6,'archi_window_closed:StoneWindowArch:1712441',$,$,$,$,$,$,$,$,$,$,$,$,$);
#3786=IFCWINDOWTYPE('2Nc5M1BoPG$UZayqVDo0d3',#6,'archi_window_closed:StoneWindowArch',$,$,(#3785),(#3784),'1699303',$,.WINDOW.,.NOTDEFINED.,$,$);
#3787=IFCMATERIALCONSTITUENT('Stone',$,#2115,1.,'');
#3788=IFCSHAPEREPRESENTATION(#15,'Body','SweptSolid',(#3752,#3764,#3770,#3776));
#3789=IFCSHAPEASPECT((#3788),'Stone',$,.U.,#3784);
#3790=IFCMATERIALCONSTITUENT('Tufelli_masonry_typeD',$,#1483,0.,'');
#3791=IFCSHAPEREPRESENTATION(#15,'Body','SweptSolid',(#3758));
#3792=IFCSHAPEASPECT((#3791),'Tufelli_masonry_typeD',$,.U.,#3784);
#3793=IFCMATERIALCONSTITUENTSET($,$,(#3787,#3790));
#3794=IFCMAPPEDITEM(#3784,#2116);
#3795=IFCSHAPEREPRESENTATION(#15,'Body','MappedRepresentation',(#3794));
#3796=IFCPRODUCTDEFINITIONSHAPE($,$,(#3795));
#3797=IFCCARTESIANPOINT((19160.432767038219,1434.4000630877622,3600.));
#3798=IFCDIRECTION((0.3255681544571547,-0.94551857559931751,0.));
#3799=IFCAXIS2PLACEMENT3D(#3797,#49,#3798);
#3800=IFCLOCALPLACEMENT(#24,#3799);
#3801=IFCWINDOW('3PDcirDNvFvA6IW_GuYSIZ',#6,'archi_window_closed:StoneWindowArch:1712441',$,$,#3800,#3796,'1712441',730.8651670621316,1000.0000000000662,.WINDOW.,.NOTDEFINED.,$);
#3802=IFCMATERIALCONSTITUENT('Stone',$,#2115,0.81443280301324461,'');
#3803=IFCMATERIALCONSTITUENT('Tufelli_masonry_typeD',$,#1483,0.18556719698675544,'');
#3804=IFCMATERIALCONSTITUENTSET($,$,(#3802,#3803));
#3805=IFCPROPERTYSET('1o9KEX4bWJpTy10H$6ymGK',#6,'Pset_EnvironmentalImpactIndicators',$,(#1805));
#3806=IFCPROPERTYSET('3fuveVE0JLTNwi9qIxxW9q',#6,'Pset_WindowCommon',$,(#1170,#1805));
#3807=IFCRELDEFINESBYPROPERTIES('1fOAJGm2f$HP3rIRLjphkL',#6,$,$,(#3801),#3805);
#3808=IFCRELDEFINESBYPROPERTIES('1d3tW37VyrblLrzBkcqomU',#6,$,$,(#3801),#3806);
#3809=IFCCARTESIANPOINTLIST2D(((-259.71250107061502,-599.99999999999977),(259.71250107061502,-599.99999999999977),(259.71250107061502,599.99999999999977),(-259.71250107061502,599.99999999999977),(-259.71250107061502,-599.99999999999977)));
#3810=IFCINDEXEDPOLYCURVE(#3809,$,.F.);
#3811=IFCARBITRARYCLOSEDPROFILEDEF(.AREA.,'StoneWindows',#3810);
#3812=IFCCARTESIANPOINT((-0.,0.,2100.));
#3813=IFCAXIS2PLACEMENT3D(#3812,#49,#126);
#3814=IFCEXTRUDEDAREASOLID(#3811,#3813,#49,200.);
#3815=IFCCARTESIANPOINTLIST2D(((-259.71250107061502,-599.99999999999977),(259.71250107061502,-599.99999999999977),(259.71250107061502,599.99999999999977),(-259.71250107061502,599.99999999999977),(-259.71250107061502,-599.99999999999977)));
#3816=IFCINDEXEDPOLYCURVE(#3815,$,.F.);
#3817=IFCARBITRARYCLOSEDPROFILEDEF(.AREA.,'StoneWindows',#3816);
#3818=IFCCARTESIANPOINT((-0.,0.,800.));
#3819=IFCAXIS2PLACEMENT3D(#3818,#49,#126);
#3820=IFCEXTRUDEDAREASOLID(#3817,#3819,#49,165.03507693617399);
#3821=IFCCARTESIANPOINTLIST2D(((-259.71250107061502,-100.),(259.71250107061502,-100.),(259.71250107061502,100.),(-259.71250107061502,100.),(-259.71250107061502,-100.)));
#3822=IFCINDEXEDPOLYCURVE(#3821,$,.F.);
#3823=IFCARBITRARYCLOSEDPROFILEDEF(.AREA.,'StoneWindows',#3822);
#3824=IFCCARTESIANPOINT((-500.,0.,965.03507693617291));
#3825=IFCAXIS2PLACEMENT3D(#3824,#49,#126);
#3826=IFCEXTRUDEDAREASOLID(#3823,#3825,#49,1134.9649230638261);
#3827=IFCCARTESIANPOINTLIST2D(((-259.71250107061502,-100.),(259.71250107061502,-100.),(259.71250107061502,100.),(-259.71250107061502,100.),(-259.71250107061502,-100.)));
#3828=IFCINDEXEDPOLYCURVE(#3827,$,.F.);
#3829=IFCARBITRARYCLOSEDPROFILEDEF(.AREA.,'StoneWindows',#3828);
#3830=IFCCARTESIANPOINT((500.,0.,965.03507693617291));
#3831=IFCAXIS2PLACEMENT3D(#3830,#49,#126);
#3832=IFCEXTRUDEDAREASOLID(#3829,#3831,#49,1134.9649230638261);
#3833=IFCSTYLEDITEM(#3814,(#2104),$);
#3834=IFCSTYLEDITEM(#3820,(#2104),$);
#3835=IFCSTYLEDITEM(#3826,(#2104),$);
#3836=IFCSTYLEDITEM(#3832,(#2104),$);
#3837=IFCSHAPEREPRESENTATION(#15,'Body','SweptSolid',(#3814,#3820,#3826,#3832));
#3838=IFCAXIS2PLACEMENT3D(#10,$,$);
#3839=IFCREPRESENTATIONMAP(#3838,#3837);
#3840=IFCWINDOWLININGPROPERTIES('2QEzj1Im5478gG84HIeYV0',#6,'Window1:StoneWindows:1716506',$,$,$,$,$,$,$,$,$,$,$,$,$);
#3841=IFCWINDOWTYPE('1moqpuGjfIVz5nretFXCh_',#6,'Window1:StoneWindows',$,$,(#3840),(#3839),'1695326',$,.WINDOW.,.NOTDEFINED.,$,$);
#3842=IFCMAPPEDITEM(#3839,#2116);
#3843=IFCSHAPEREPRESENTATION(#15,'Body','MappedRepresentation',(#3842));
#3844=IFCPRODUCTDEFINITIONSHAPE($,$,(#3843));
#3845=IFCCARTESIANPOINT((19333.865266673602,930.7155111041742,-300.));
#3846=IFCDIRECTION((-0.32556815445715476,0.94551857559931751,0.));
#3847=IFCAXIS2PLACEMENT3D(#3845,#49,#3846);
#3848=IFCLOCALPLACEMENT(#32,#3847);
#3849=IFCWINDOW('2QEzj1Im5478gG84LIeYV0',#6,'Window1:StoneWindows:1716506',$,$,#3848,#3844,'1716506',730.86516706213149,1199.9999999999995,.WINDOW.,.NOTDEFINED.,$);
#3850=IFCPROPERTYSET('0nOMQ2eOZTVizv$Pdk0tNL',#6,'Pset_EnvironmentalImpactIndicators',$,(#1172));
#3851=IFCPROPERTYSET('1XU653n8Y3XfUKYGRPdFJr',#6,'Pset_WindowCommon',$,(#1170,#1172));
#3852=IFCRELDEFINESBYPROPERTIES('2B3I9EMUGmP4UM1k_Cycb9',#6,$,$,(#3849),#3850);
#3853=IFCRELDEFINESBYPROPERTIES('2zfVALW9dRw1_MOYVpD7ND',#6,$,$,(#3849),#3851);
#3854=IFCMAPPEDITEM(#3839,#2116);
#3855=IFCSHAPEREPRESENTATION(#15,'Body','MappedRepresentation',(#3854));
#3856=IFCPRODUCTDEFINITIONSHAPE($,$,(#3855));
#3857=IFCCARTESIANPOINT((18376.258909877346,3711.806309043392,-300.));
#3858=IFCDIRECTION((0.3255681544571547,-0.94551857559931751,0.));
#3859=IFCAXIS2PLACEMENT3D(#3857,#49,#3858);
#3860=IFCLOCALPLACEMENT(#32,#3859);
#3861=IFCWINDOW('2QEzj1Im5478gG84LIeYVv',#6,'Window1:StoneWindows:1716515',$,$,#3860,#3856,'1716515',730.86516706213149,1199.9999999999995,.WINDOW.,.NOTDEFINED.,$);
#3862=IFCPROPERTYSET('037IQYi5iOKDj1ksJdbqRG',#6,'Pset_EnvironmentalImpactIndicators',$,(#1172));
#3863=IFCPROPERTYSET('1$kScZeVvQrx93SVk32xer',#6,'Pset_WindowCommon',$,(#1170,#1172));
#3864=IFCRELDEFINESBYPROPERTIES('3pymd$UUVZuHzG8FDwInXz',#6,$,$,(#3861),#3862);
#3865=IFCRELDEFINESBYPROPERTIES('3IeHEFZRvnmLagIerRaHRY',#6,$,$,(#3861),#3863);
#3866=IFCCARTESIANPOINT((17569.020458692212,-1089.0191258068053,2215.8072539634704));
#3867=IFCAXIS2PLACEMENT3D(#3866,#49,#126);
#3868=IFCLOCALPLACEMENT(#32,#3867);
#3869=IFCPRODUCTDEFINITIONSHAPE($,$,(#3881));
#3870=IFCCOLOURRGBLIST(((1.,1.,0.)));
#3871=IFCINDEXEDPOLYGONALFACE((1,2,3,4));
#3872=IFCINDEXEDPOLYGONALFACE((1,4,5,6));
#3873=IFCINDEXEDPOLYGONALFACE((4,3,7,5));
#3874=IFCINDEXEDPOLYGONALFACE((3,2,8,7));
#3875=IFCINDEXEDPOLYGONALFACE((2,1,6,8));
#3876=IFCINDEXEDPOLYGONALFACE((6,5,7,8));
#3877=IFCCARTESIANPOINTLIST3D(((6533.7540241921597,-485.22059831059596,0.),(248.54931009349002,-2649.3901365531274,0.),(4.3200998334214091E-012,-2185.6179026924074,0.),(6347.4952874423552,0.,0.),(6347.4952874423579,-3.637978807091713E-012,354.59274151371937),(6533.7540241921597,-485.22059831059596,354.59274151371937),(3.1832314562052488E-012,-2185.6179026924074,2534.5286195457429),(248.54931009349036,-2649.3901365531274,2513.1360151331464)));
#3878=IFCPOLYGONALFACESET(#3877,.T.,(#3871,#3872,#3873,#3874,#3875,#3876),$);
#3879=IFCINDEXEDCOLOURMAP(#3878,1.,#3870,(1,1,1,1,1,1));
#3880=IFCSTYLEDITEM(#3878,(#1888),$);
#3881=IFCSHAPEREPRESENTATION(#15,'Body','Tessellation',(#3878));
#3882=IFCWALL('2QEzj1Im5478gG84LIeYU2',#6,'Castelnuovo6:Castelnuovo3:1716568',$,$,#3868,#3869,'1716568',.NOTDEFINED.);
#3883=IFCWALLTYPE('2QEzj1Im5478gG84LIeYUC',#6,'Castelnuovo6:Castelnuovo3',$,$,$,$,'1716566',$,.NOTDEFINED.);
#3884=IFCPROPERTYSET('2utLOmVwrDXCTheYeu9b_L',#6,'Pset_EnvironmentalImpactIndicators',$,(#3140));
#3885=IFCPROPERTYSINGLEVALUE('Reference',$,IFCLABEL('Castelnuovo3'),$);
#3886=IFCPROPERTYSET('1fWVXUne40NS0YAVqgEPnR',#6,'Pset_ReinforcementBarPitchOfWall',$,(#3885));
#3887=IFCPROPERTYSET('3Xx6mEiu6NV8MXrkb2mF5z',#6,'Pset_WallCommon',$,(#1170,#3140));
#3888=IFCRELDEFINESBYPROPERTIES('3bD_2CIJf5u558g_fvxhLc',#6,$,$,(#3882),#3884);
#3889=IFCRELDEFINESBYPROPERTIES('2TPBipUBmuZ8iYytP5HUZ9',#6,$,$,(#3882),#3886);
#3890=IFCRELDEFINESBYPROPERTIES('0NTsE_7rajibxwAyUckyNy',#6,$,$,(#3882),#3887);
#3891=IFCCARTESIANPOINT((9160.1420366758812,-2616.6401398325197,2215.8072539634704));
#3892=IFCAXIS2PLACEMENT3D(#3891,#49,#126);
#3893=IFCLOCALPLACEMENT(#32,#3892);
#3894=IFCPRODUCTDEFINITIONSHAPE($,$,(#3906));
#3895=IFCCOLOURRGBLIST(((1.,1.,0.)));
#3896=IFCINDEXEDPOLYGONALFACE((1,2,3,4));
#3897=IFCINDEXEDPOLYGONALFACE((1,4,5,6));
#3898=IFCINDEXEDPOLYGONALFACE((4,3,7,5));
#3899=IFCINDEXEDPOLYGONALFACE((3,2,8,7));
#3900=IFCINDEXEDPOLYGONALFACE((2,1,6,8));
#3901=IFCINDEXEDPOLYGONALFACE((6,5,7,8));
#3902=IFCCARTESIANPOINTLIST3D(((4825.536439756379,-464.45127236076769,0.),(158.13251601315824,-2965.8516160527415,0.),(3.1832314562052488E-012,-2490.5994184871743,0.),(4647.2503002706444,-1.8189894035458565E-012,0.),(4647.2503002706444,-1.8189894035458565E-012,354.59274151371937),(4825.5364397563808,-464.45127236076769,354.59274151371937),(3.637978807091713E-012,-2490.5994184871743,2054.2908621688202),(158.13251601315778,-2965.8516160527415,2061.661903909082)));
#3903=IFCPOLYGONALFACESET(#3902,.T.,(#3896,#3897,#3898,#3899,#3900,#3901),$);
#3904=IFCINDEXEDCOLOURMAP(#3903,1.,#3895,(1,1,1,1,1,1));
#3905=IFCSTYLEDITEM(#3903,(#1888),$);
#3906=IFCSHAPEREPRESENTATION(#15,'Body','Tessellation',(#3903));
#3907=IFCWALL('2QEzj1Im5478gG84LIeYTv',#6,'Castelnuovo_wall6:Castelnuovo_wall3:1716643',$,$,#3893,#3894,'1716643',.NOTDEFINED.);
#3908=IFCWALLTYPE('2QEzj1Im5478gG84LIeYTx',#6,'Castelnuovo_wall6:Castelnuovo_wall3',$,$,$,$,'1716641',$,.NOTDEFINED.);
#3909=IFCPROPERTYSET('0eNQMIwglhB$2_3Vo_YCIm',#6,'Pset_EnvironmentalImpactIndicators',$,(#2026));
#3910=IFCPROPERTYSINGLEVALUE('Reference',$,IFCLABEL('Castelnuovo_wall3'),$);
#3911=IFCPROPERTYSET('2P6wK3uinzdF4QGOobMJN2',#6,'Pset_ReinforcementBarPitchOfWall',$,(#3910));
#3912=IFCPROPERTYSET('1tcrvIkGr2s1AmAnUcMrN4',#6,'Pset_WallCommon',$,(#1170,#2026));
#3913=IFCRELDEFINESBYPROPERTIES('1emNEiHEHLuCoiT1fOs6r7',#6,$,$,(#3907),#3909);
#3914=IFCRELDEFINESBYPROPERTIES('31ELfFfMQbV1Heq44_Fmp2',#6,$,$,(#3907),#3911);
#3915=IFCRELDEFINESBYPROPERTIES('1fFaURyLBO7ZvsLjwIh4C4',#6,$,$,(#3907),#3912);
#3916=IFCCARTESIANPOINT((19750.273584565075,-7693.8507991891347,-0.));
#3917=IFCAXIS2PLACEMENT3D(#3916,#49,#126);
#3918=IFCLOCALPLACEMENT(#36,#3917);
#3919=IFCPRODUCTDEFINITIONSHAPE($,$,(#3931));
#3920=IFCCOLOURRGBLIST(((1.,0.65098039215686276,0.82352941176470584)));
#3921=IFCINDEXEDPOLYGONALFACE((1,2,3,4));
#3922=IFCINDEXEDPOLYGONALFACE((1,4,5,6));
#3923=IFCINDEXEDPOLYGONALFACE((4,3,7,5));
#3924=IFCINDEXEDPOLYGONALFACE((2,1,6,8));
#3925=IFCINDEXEDPOLYGONALFACE((3,2,8,7));
#3926=IFCINDEXEDPOLYGONALFACE((6,5,7,8));
#3927=IFCCARTESIANPOINTLIST3D(((3.637978807091713E-012,-856.77570643203944,0.),(6601.3321014290359,0.,0.),(6853.9715139303908,-471.40402302039365,0.),(166.18121291973966,-1339.4009926588988,0.),(166.18121291973966,-1339.4009926588988,500.00000000001091),(1.8189894035458565E-012,-856.77570643203944,681.98511713311018),(6853.9715139303917,-471.40402302039365,500.00000000000546),(6601.3321014290359,0.,681.98511713310654)));
#3928=IFCPOLYGONALFACESET(#3927,.T.,(#3921,#3922,#3923,#3924,#3925,#3926),$);
#3929=IFCINDEXEDCOLOURMAP(#3928,1.,#3920,(1,1,1,1,1,1));
#3930=IFCSTYLEDITEM(#3928,(#64),$);
#3931=IFCSHAPEREPRESENTATION(#15,'Body','Tessellation',(#3928));
#3932=IFCWALL('2SDwapJ$z32OyuRGCv33co',#6,'Castelnuovo7:Castelnuovo:1718527',$,$,#3918,#3919,'1718527',.NOTDEFINED.);
#3933=IFCWALLTYPE('2SDwapJ$z32OyuRGCv33cm',#6,'Castelnuovo7:Castelnuovo',$,$,$,$,'1718525',$,.NOTDEFINED.);
#3934=IFCPROPERTYSET('3gqmEocKGMu8TaRIuZIye7',#6,'Pset_EnvironmentalImpactIndicators',$,(#1166));
#3935=IFCPROPERTYSINGLEVALUE('Reference',$,IFCLABEL('Castelnuovo'),$);
#3936=IFCPROPERTYSET('0n3MoCejnJhp4muZMtdYvI',#6,'Pset_ReinforcementBarPitchOfWall',$,(#3935));
#3937=IFCPROPERTYSET('06X_LEzPf$$KEwNYrEQceh',#6,'Pset_WallCommon',$,(#1166,#1170));
#3938=IFCRELDEFINESBYPROPERTIES('16mH_Mn7Ktzb7ZtvJgsD_G',#6,$,$,(#3932),#3934);
#3939=IFCRELDEFINESBYPROPERTIES('0mFnpD6KGit$KFied02OGj',#6,$,$,(#3932),#3936);
#3940=IFCRELDEFINESBYPROPERTIES('1puf5cUHY0xApf9b0eeV6H',#6,$,$,(#3932),#3937);
#3941=IFCCARTESIANPOINT((12005.293471320596,-2680.8467535626282,0.));
#3942=IFCAXIS2PLACEMENT3D(#3941,$,$);
#3943=IFCLOCALPLACEMENT(#32,#3942);
#3944=IFCPRODUCTDEFINITIONSHAPE($,$,(#3961));
#3945=IFCCOLOURRGBLIST(((1.,0.65098039215686276,0.82352941176470584)));
#3946=IFCINDEXEDPOLYGONALFACE((1,2,3,4,5,6));
#3947=IFCINDEXEDPOLYGONALFACE((1,6,7,8));
#3948=IFCINDEXEDPOLYGONALFACE((6,5,9,7));
#3949=IFCINDEXEDPOLYGONALFACE((5,4,10,11,12,9));
#3950=IFCINDEXEDPOLYGONALFACE((4,3,13,10));
#3951=IFCINDEXEDPOLYGONALFACE((3,2,14,13));
#3952=IFCINDEXEDPOLYGONALFACE((2,1,8,15,16,14));
#3953=IFCINDEXEDPOLYGONALFACE((12,17,18,15,8,7,9));
#3954=IFCINDEXEDPOLYGONALFACE((17,12,11));
#3955=IFCINDEXEDPOLYGONALFACE((16,15,18));
#3956=IFCINDEXEDPOLYGONALFACE((10,13,14,16,18,17,11));
#3957=IFCCARTESIANPOINTLIST3D(((7643.3067719236005,1913.2230234020967,0.),(7732.036716448305,1655.5325533378661,0.),(7761.7305965955329,1426.7455291956867,0.),(200.79317925585929,9.0949470177292824E-013,0.),(116.30687744954957,253.91552357452292,0.),(1.8189894035458565E-012,470.93443361635263,0.),(1.8189894035458565E-012,470.93443361635354,4188.0061630551309),(7643.3067719236005,1913.2230234020972,4640.4970582346659),(116.30687744954957,253.91552357452201,4267.3792567581395),(200.79317925585929,1.8189894035458565E-012,5885.3441415246079),(126.47462749794067,223.35732038756032,5896.8314340875486),(126.47462749794067,223.35732038756305,4277.8326824310507),(7761.7305965955329,1426.7455291956865,3089.4399988069081),(7732.036716448305,1655.5325533378661,3084.627384411785),(7725.5632789062311,1674.3327810635087,4722.5397201986552),(7725.5632789062311,1674.3327810635087,3085.672110513985),(3874.9976967852363,884.32307531100309,4513.8172552467704),(3909.8758356591388,954.31425690855144,4496.6474619862247)));
#3958=IFCPOLYGONALFACESET(#3957,.T.,(#3946,#3947,#3948,#3949,#3950,#3951,#3952,#3953,#3954,#3955,#3956),$);
#3959=IFCINDEXEDCOLOURMAP(#3958,1.,#3945,(1,1,1,1,1,1,1,1,1,1,1));
#3960=IFCSTYLEDITEM(#3958,(#64),$);
#3961=IFCSHAPEREPRESENTATION(#15,'Body','Tessellation',(#3958));
#3962=IFCWALL('3_wR1BNVfAMeWWIaQS4y2L',#6,'Castelnuovo_inside:Castelnuovo_inside:1719200',$,$,#3943,#3944,'1719200',.NOTDEFINED.);
#3963=IFCWALLTYPE('3_wR1BNVfAMeWWIaQS4y2h',#6,'Castelnuovo_inside:Castelnuovo_inside',$,$,$,$,'1719198',$,.NOTDEFINED.);
#3964=IFCPROPERTYSINGLEVALUE('Reference',$,IFCIDENTIFIER('Castelnuovo_inside'),$);
#3965=IFCPROPERTYSET('2VDlTJnQ5_dFLFxxDTAKUt',#6,'Pset_EnvironmentalImpactIndicators',$,(#3964));
#3966=IFCPROPERTYSINGLEVALUE('Reference',$,IFCLABEL('Castelnuovo_inside'),$);
#3967=IFCPROPERTYSET('0rhuJNVpigCVseoATrFy7a',#6,'Pset_ReinforcementBarPitchOfWall',$,(#3966));
#3968=IFCPROPERTYSET('2uf0i78J2WsJ7Kp8pFDHRo',#6,'Pset_WallCommon',$,(#1170,#3964));
#3969=IFCRELDEFINESBYPROPERTIES('34pUVt8_jgLD1xjcrED4BF',#6,$,$,(#3962),#3965);
#3970=IFCRELDEFINESBYPROPERTIES('02Xb9NHyUBWy4EJcMxEK60',#6,$,$,(#3962),#3967);
#3971=IFCRELDEFINESBYPROPERTIES('0J5I5IDbJedmawanKvOySg',#6,$,$,(#3962),#3968);
#3972=IFCCARTESIANPOINT((12014.867360658374,-2722.0896866136368,-1500.));
#3973=IFCAXIS2PLACEMENT3D(#3972,$,$);
#3974=IFCLOCALPLACEMENT(#24,#3973);
#3975=IFCPRODUCTDEFINITIONSHAPE($,$,(#3984));
#3976=IFCCARTESIANPOINTLIST2D(((-3847.4967103100057,-250.74939465458741),(3930.6994035687921,-250.74939465458863),(3856.6507118313025,-15.927572181064537),(3820.7123970578868,249.250605345411),(-3873.6607050217776,249.2506053454112),(-3886.9050971262013,18.925150799421456),(-3847.4967103100057,-250.74939465458741)));
#3977=IFCINDEXEDPOLYCURVE(#3976,$,.F.);
#3978=IFCARBITRARYCLOSEDPROFILEDEF(.AREA.,'Castelnuovo_inside',#3977);
#3979=IFCCARTESIANPOINT((3909.0290236121423,953.39184385441672,0.));
#3980=IFCDIRECTION((-0.98265801736285396,-0.18542713100435179,0.));
#3981=IFCAXIS2PLACEMENT3D(#3979,#49,#3980);
#3982=IFCEXTRUDEDAREASOLID(#3978,#3981,#49,5599.9999999999891);
#3983=IFCSTYLEDITEM(#3982,(#64),$);
#3984=IFCSHAPEREPRESENTATION(#15,'Body','SweptSolid',(#3982));
#3985=IFCWALL('3_wR1BNVfAMeWWIaQS4ySL',#6,'Castelnuovo_inside1:Castelnuovo_inside:1719328',$,$,#3974,#3975,'1719328',.NOTDEFINED.);
#3986=IFCWALLTYPE('3_wR1BNVfAMeWWIaQS4ySh',#6,'Castelnuovo_inside1:Castelnuovo_inside',$,$,$,$,'1719326',$,.NOTDEFINED.);
#3987=IFCPROPERTYSET('1QXljh1IUmdIlhfRDiIsD8',#6,'Pset_EnvironmentalImpactIndicators',$,(#3964));
#3988=IFCPROPERTYSINGLEVALUE('Reference',$,IFCLABEL('Castelnuovo_inside'),$);
#3989=IFCPROPERTYSET('2erwk6J4IQwLgIsitW1I9U',#6,'Pset_ReinforcementBarPitchOfWall',$,(#3988));
#3990=IFCPROPERTYSET('31g7ALSszGca7K5dfQmHET',#6,'Pset_WallCommon',$,(#1170,#3964));
#3991=IFCRELDEFINESBYPROPERTIES('0MTNcyNyCF2eREa6A29TkU',#6,$,$,(#3985),#3987);
#3992=IFCRELDEFINESBYPROPERTIES('0baxR_azN$NiW_XoJvnuOX',#6,$,$,(#3985),#3989);
#3993=IFCRELDEFINESBYPROPERTIES('1t9jJJWOqc7O2FXcvv43O4',#6,$,$,(#3985),#3990);
#3994=IFCCARTESIANPOINT((12014.867360658374,-2722.0896866136363,0.));
#3995=IFCAXIS2PLACEMENT3D(#3994,$,$);
#3996=IFCLOCALPLACEMENT(#28,#3995);
#3997=IFCPRODUCTDEFINITIONSHAPE($,$,(#4006));
#3998=IFCCARTESIANPOINTLIST2D(((-3847.4967103100048,-250.74939465458348),(3930.6994035687931,-250.74939465458382),(3856.6507118313029,-15.927572181083892),(3820.7123970578878,249.25060534541586),(-3873.6607050217722,249.25060534541552),(-3886.9050971262018,18.925150799419697),(-3847.4967103100048,-250.74939465458348)));
#3999=IFCINDEXEDPOLYCURVE(#3998,$,.F.);
#4000=IFCARBITRARYCLOSEDPROFILEDEF(.AREA.,'Castelnuovo_inside',#3999);
#4001=IFCCARTESIANPOINT((3909.0290236121423,953.39184385442115,-0.));
#4002=IFCDIRECTION((-0.98265801736285396,-0.18542713100435165,0.));
#4003=IFCAXIS2PLACEMENT3D(#4001,#49,#4002);
#4004=IFCEXTRUDEDAREASOLID(#4000,#4003,#49,3500.0000000001683);
#4005=IFCSTYLEDITEM(#4004,(#64),$);
#4006=IFCSHAPEREPRESENTATION(#15,'Body','SweptSolid',(#4004));
#4007=IFCWALL('3_wR1BNVfAMeWWIaQS4yS9',#6,'Castelnuovo_inside2:Castelnuovo_inside:1719356',$,$,#3996,#3997,'1719356',.NOTDEFINED.);
#4008=IFCWALLTYPE('3_wR1BNVfAMeWWIaQS4ySF',#6,'Castelnuovo_inside2:Castelnuovo_inside',$,$,$,$,'1719354',$,.NOTDEFINED.);
#4009=IFCPROPERTYSET('2KfIR9Q0tVsb3M5UQcIz6m',#6,'Pset_EnvironmentalImpactIndicators',$,(#3964));
#4010=IFCPROPERTYSINGLEVALUE('Reference',$,IFCLABEL('Castelnuovo_inside'),$);
#4011=IFCPROPERTYSET('0PGbD0ym$cCZiOcew2KEUW',#6,'Pset_ReinforcementBarPitchOfWall',$,(#4010));
#4012=IFCPROPERTYSET('2KmeURJH5d2_btaW_K3_Zv',#6,'Pset_WallCommon',$,(#1170,#3964));
#4013=IFCRELDEFINESBYPROPERTIES('0XXSgRDeHfPulULz8jMzWV',#6,$,$,(#4007),#4009);
#4014=IFCRELDEFINESBYPROPERTIES('2jHSp9g7qZ5lAE$lkggBTi',#6,$,$,(#4007),#4011);
#4015=IFCRELDEFINESBYPROPERTIES('2UQ1ZBoJDBhcXN5wzcIPnC',#6,$,$,(#4007),#4012);
#4016=IFCCARTESIANPOINTLIST2D(((-250.00000000000003,-499.99999999999977),(250.00000000000003,-499.99999999999977),(250.00000000000003,499.99999999999977),(-250.00000000000003,499.99999999999977),(-250.00000000000003,-499.99999999999977)));
#4017=IFCINDEXEDPOLYCURVE(#4016,$,.F.);
#4018=IFCARBITRARYCLOSEDPROFILEDEF(.AREA.,'StoneWindows',#4017);
#4019=IFCCARTESIANPOINT((500.,250.,900.));
#4020=IFCAXIS2PLACEMENT3D(#4019,#49,#126);
#4021=IFCEXTRUDEDAREASOLID(#4018,#4020,#49,200.);
#4022=IFCCARTESIANPOINTLIST2D(((-250.00000000000003,-499.99999999999977),(250.00000000000003,-499.99999999999977),(250.00000000000003,499.99999999999977),(-250.00000000000003,499.99999999999977),(-250.00000000000003,-499.99999999999977)));
#4023=IFCINDEXEDPOLYCURVE(#4022,$,.F.);
#4024=IFCARBITRARYCLOSEDPROFILEDEF(.AREA.,'StoneWindows',#4023);
#4025=IFCCARTESIANPOINT((500.,250.,-0.));
#4026=IFCAXIS2PLACEMENT3D(#4025,#49,#126);
#4027=IFCEXTRUDEDAREASOLID(#4024,#4026,#49,165.03507693617399);
#4028=IFCCARTESIANPOINTLIST2D(((-250.00000000000003,-100.),(250.00000000000003,-100.),(250.00000000000003,100.),(-250.00000000000003,100.),(-250.00000000000003,-100.)));
#4029=IFCINDEXEDPOLYCURVE(#4028,$,.F.);
#4030=IFCARBITRARYCLOSEDPROFILEDEF(.AREA.,'StoneWindows',#4029);
#4031=IFCCARTESIANPOINT((100.,250.,165.03507693617371));
#4032=IFCAXIS2PLACEMENT3D(#4031,#49,#126);
#4033=IFCEXTRUDEDAREASOLID(#4030,#4032,#49,734.9649230638264);
#4034=IFCCARTESIANPOINTLIST2D(((-250.00000000000003,-100.),(250.00000000000003,-100.),(250.00000000000003,100.),(-250.00000000000003,100.),(-250.00000000000003,-100.)));
#4035=IFCINDEXEDPOLYCURVE(#4034,$,.F.);
#4036=IFCARBITRARYCLOSEDPROFILEDEF(.AREA.,'StoneWindows',#4035);
#4037=IFCCARTESIANPOINT((900.,250.,165.03507693617371));
#4038=IFCAXIS2PLACEMENT3D(#4037,#49,#126);
#4039=IFCEXTRUDEDAREASOLID(#4036,#4038,#49,734.9649230638264);
#4040=IFCSTYLEDITEM(#4021,(#2104),$);
#4041=IFCSTYLEDITEM(#4027,(#2104),$);
#4042=IFCSTYLEDITEM(#4033,(#2104),$);
#4043=IFCSTYLEDITEM(#4039,(#2104),$);
#4044=IFCSHAPEREPRESENTATION(#15,'Body','SweptSolid',(#4021,#4027,#4033,#4039));
#4045=IFCAXIS2PLACEMENT3D(#10,$,$);
#4046=IFCREPRESENTATIONMAP(#4045,#4044);
#4047=IFCWINDOWLININGPROPERTIES('1ViGEvFsn0QResAVETv4Um',#6,'Window1:StoneWindows:1720808',$,$,$,$,$,$,$,$,$,$,$,$,$);
#4048=IFCWINDOWTYPE('3aSyTEj$LvFK5IU4dbXfjO',#6,'Window1:StoneWindows',$,$,(#4047),(#4046),'1695326',$,.WINDOW.,.NOTDEFINED.,$,$);
#4049=IFCMAPPEDITEM(#4046,#2116);
#4050=IFCSHAPEREPRESENTATION(#15,'Body','MappedRepresentation',(#4049));
#4051=IFCPRODUCTDEFINITIONSHAPE($,$,(#4050));
#4052=IFCCARTESIANPOINT((13020.714775288305,9036.4766035549601,404.29638336508509));
#4053=IFCDIRECTION((0.4723689273676574,-0.88140092832803896,0.));
#4054=IFCAXIS2PLACEMENT3D(#4052,#49,#4053);
#4056=IFCWINDOW('1ViGEvFsn0QResAVATv4Um',#6,'Window1:StoneWindows:1720808',$,$,#6871,#4051,'1720808',1100.,999.99999999999989,.WINDOW.,.NOTDEFINED.,$);
#4057=IFCPROPERTYSET('3XKjvngpvVBCPBTb6XMbc8',#6,'Pset_EnvironmentalImpactIndicators',$,(#1172));
#4058=IFCPROPERTYSET('2X4AeG$8tZ_np45OWUUboZ',#6,'Pset_WindowCommon',$,(#74,#1172));
#4059=IFCRELDEFINESBYPROPERTIES('3AkdGQU0T9b9Xy9qixUuNj',#6,$,$,(#4056),#4057);
#4060=IFCRELDEFINESBYPROPERTIES('1zws2Vl5mD86QKHqY4DVod',#6,$,$,(#4056),#4058);
#4061=IFCCARTESIANPOINTLIST2D(((-250.00000000048493,-700.00000000000659),(250.00000000048493,-700.00000000000659),(250.00000000048493,700.00000000000659),(-250.00000000048493,700.00000000000659),(-250.00000000048493,-700.00000000000659)));
#4062=IFCINDEXEDPOLYCURVE(#4061,$,.F.);
#4063=IFCARBITRARYCLOSEDPROFILEDEF(.AREA.,'DoorV2',#4062);
#4064=IFCCARTESIANPOINT((700.,250.,2000.));
#4065=IFCAXIS2PLACEMENT3D(#4064,#49,#126);
#4066=IFCEXTRUDEDAREASOLID(#4063,#4065,#49,200.);
#4067=IFCCARTESIANPOINTLIST2D(((-250.00000000048493,-99.999999999998252),(250.00000000048493,-99.999999999998252),(250.00000000048493,99.999999999998309),(-250.00000000048493,99.999999999998309),(-250.00000000048493,-99.999999999998252)));
#4068=IFCINDEXEDPOLYCURVE(#4067,$,.F.);
#4069=IFCARBITRARYCLOSEDPROFILEDEF(.AREA.,'DoorV2',#4068);
#4070=IFCCARTESIANPOINT((1300.,250.,0.));
#4071=IFCAXIS2PLACEMENT3D(#4070,#49,#126);
#4072=IFCEXTRUDEDAREASOLID(#4069,#4071,#49,1999.9999999999959);
#4073=IFCCARTESIANPOINTLIST2D(((-250.00000000048493,-100.00000000000156),(250.00000000048493,-100.00000000000156),(250.00000000048493,100.00000000000149),(-250.00000000048493,100.00000000000149),(-250.00000000048493,-100.00000000000156)));
#4074=IFCINDEXEDPOLYCURVE(#4073,$,.F.);
#4075=IFCARBITRARYCLOSEDPROFILEDEF(.AREA.,'DoorV2',#4074);
#4076=IFCCARTESIANPOINT((100.,250.,0.));
#4077=IFCAXIS2PLACEMENT3D(#4076,#49,#126);
#4078=IFCEXTRUDEDAREASOLID(#4075,#4077,#49,2000.0000000000002);
#4079=IFCSTYLEDITEM(#4066,(#2006),$);
#4080=IFCSTYLEDITEM(#4072,(#2006),$);
#4081=IFCSTYLEDITEM(#4078,(#2006),$);
#4082=IFCSHAPEREPRESENTATION(#15,'Body','SweptSolid',(#4066,#4072,#4078));
#4083=IFCAXIS2PLACEMENT3D(#10,$,$);
#4084=IFCREPRESENTATIONMAP(#4083,#4082);
#4085=IFCDOORLININGPROPERTIES('0F0gJxCaz6DgMK0q5JiOZq',#6,'DoorV2:DoorV2:1721146',$,$,$,$,$,$,$,$,$,$,$,$,$,$);
#4086=IFCDOORPANELPROPERTIES('0F0gJxCaz6DgMK0q9JiOZq',#6,'DoorV2:DoorV2:1721146:1',$,$,.NOTDEFINED.,$,.NOTDEFINED.,$);
#4087=IFCDOORTYPE('0xEPvhYZdS1LCYL4rZleSg',#6,'DoorV2:DoorV2',$,$,(#4085,#4086),(#4084),'1721182',$,.DOOR.,.NOTDEFINED.,$,$);
#4088=IFCMAPPEDITEM(#4084,#2116);
#4089=IFCSHAPEREPRESENTATION(#15,'Body','MappedRepresentation',(#4088));
#4090=IFCPRODUCTDEFINITIONSHAPE($,$,(#4089));
#4091=IFCCARTESIANPOINT((14089.674577223966,-10553.038197492906,0.));
#4092=IFCAXIS2PLACEMENT3D(#4091,#49,#2145);
#4094=IFCDOOR('0F0gJxCaz6DgMK0q1JiOZq',#6,'DoorV2:DoorV2:1721146',$,$,#6661,#4090,'1721146',2200.0000000000023,1399.999999999987,.DOOR.,$,$);
#4095=IFCPROPERTYSET('3CSuEkFmu2sEpSIGGvNXyB',#6,'Pset_DoorCommon',$,(#336,#1170));
#4096=IFCPROPERTYSET('159is8tjQvYhLytjtYzAiQ',#6,'Pset_EnvironmentalImpactIndicators',$,(#336));
#4097=IFCRELDEFINESBYPROPERTIES('0yUQSAvz5sol2TLrNhTb1q',#6,$,$,(#4094),#4095);
#4098=IFCRELDEFINESBYPROPERTIES('1V1VN1ocRwzB0uygaf0hn1',#6,$,$,(#4094),#4096);
#4099=IFCCARTESIANPOINTLIST2D(((-250.00000000000003,-599.99999999999977),(250.00000000000003,-599.99999999999977),(250.00000000000003,599.99999999999977),(-250.00000000000003,599.99999999999977),(-250.00000000000003,-599.99999999999977)));
#4100=IFCINDEXEDPOLYCURVE(#4099,$,.F.);
#4101=IFCARBITRARYCLOSEDPROFILEDEF(.AREA.,'StoneWindows',#4100);
#4102=IFCCARTESIANPOINT((600.,250.,1100.));
#4103=IFCAXIS2PLACEMENT3D(#4102,#49,#126);
#4104=IFCEXTRUDEDAREASOLID(#4101,#4103,#49,200.);
#4105=IFCCARTESIANPOINTLIST2D(((-250.00000000000003,-599.99999999999977),(250.00000000000003,-599.99999999999977),(250.00000000000003,599.99999999999977),(-250.00000000000003,599.99999999999977),(-250.00000000000003,-599.99999999999977)));
#4106=IFCINDEXEDPOLYCURVE(#4105,$,.F.);
#4107=IFCARBITRARYCLOSEDPROFILEDEF(.AREA.,'StoneWindows',#4106);
#4108=IFCCARTESIANPOINT((600.,250.,0.));
#4109=IFCAXIS2PLACEMENT3D(#4108,#49,#126);
#4110=IFCEXTRUDEDAREASOLID(#4107,#4109,#49,165.03507693617399);
#4111=IFCCARTESIANPOINTLIST2D(((-250.00000000000003,-100.),(250.00000000000003,-100.),(250.00000000000003,100.),(-250.00000000000003,100.),(-250.00000000000003,-100.)));
#4112=IFCINDEXEDPOLYCURVE(#4111,$,.F.);
#4113=IFCARBITRARYCLOSEDPROFILEDEF(.AREA.,'StoneWindows',#4112);
#4114=IFCCARTESIANPOINT((100.,250.,165.03507693617399));
#4115=IFCAXIS2PLACEMENT3D(#4114,#49,#126);
#4116=IFCEXTRUDEDAREASOLID(#4113,#4115,#49,934.96492306382606);
#4117=IFCCARTESIANPOINTLIST2D(((-250.00000000000003,-100.),(250.00000000000003,-100.),(250.00000000000003,100.),(-250.00000000000003,100.),(-250.00000000000003,-100.)));
#4118=IFCINDEXEDPOLYCURVE(#4117,$,.F.);
#4119=IFCARBITRARYCLOSEDPROFILEDEF(.AREA.,'StoneWindows',#4118);
#4120=IFCCARTESIANPOINT((1100.,250.,165.03507693617399));
#4121=IFCAXIS2PLACEMENT3D(#4120,#49,#126);
#4122=IFCEXTRUDEDAREASOLID(#4119,#4121,#49,934.96492306382606);
#4123=IFCSTYLEDITEM(#4104,(#2104),$);
#4124=IFCSTYLEDITEM(#4110,(#2104),$);
#4125=IFCSTYLEDITEM(#4116,(#2104),$);
#4126=IFCSTYLEDITEM(#4122,(#2104),$);
#4127=IFCSHAPEREPRESENTATION(#15,'Body','SweptSolid',(#4104,#4110,#4116,#4122));
#4128=IFCAXIS2PLACEMENT3D(#10,$,$);
#4129=IFCREPRESENTATIONMAP(#4128,#4127);
#4130=IFCWINDOWLININGPROPERTIES('0F0gJxCaz6DgMK0q5JiOFl',#6,'Window1:StoneWindows:1722401',$,$,$,$,$,$,$,$,$,$,$,$,$);
#4131=IFCWINDOWTYPE('3je7tBMSz1vUoZqa6_zpM8',#6,'Window1:StoneWindows',$,$,(#4130),(#4129),'1695326',$,.WINDOW.,.NOTDEFINED.,$,$);
#4132=IFCMAPPEDITEM(#4129,#2116);
#4133=IFCSHAPEREPRESENTATION(#15,'Body','MappedRepresentation',(#4132));
#4134=IFCPRODUCTDEFINITIONSHAPE($,$,(#4133));
#4135=IFCCARTESIANPOINT((14589.674577223965,-11882.347204599371,500.));
#4136=IFCAXIS2PLACEMENT3D(#4135,#49,#126);
#4138=IFCWINDOW('0F0gJxCaz6DgMK0q1JiOFl',#6,'Window1:StoneWindows:1722401',$,$,#6676,#4134,'1722401',1299.9999999999991,1200.,.WINDOW.,.NOTDEFINED.,$);
#4139=IFCPROPERTYSET('1OAmxl$IOYr6BBFnfOqoG0',#6,'Pset_EnvironmentalImpactIndicators',$,(#1172));
#4140=IFCPROPERTYSET('2RDvtIbqdROkQdc_Wj$aBG',#6,'Pset_WindowCommon',$,(#74,#1172));
#4141=IFCRELDEFINESBYPROPERTIES('0tBNR__C13HO4OwntzRfFz',#6,$,$,(#4138),#4139);
#4142=IFCRELDEFINESBYPROPERTIES('1CUddC$CELZkz$Ncn7cF7p',#6,$,$,(#4138),#4140);
#4143=IFCCARTESIANPOINT((11890.548620030942,-2536.8481672066355,-0.));
#4144=IFCDIRECTION((0.31571582075227245,-0.94885379301909256,0.));
#4145=IFCAXIS2PLACEMENT3D(#4143,#49,#4144);
#4146=IFCLOCALPLACEMENT(#32,#4145);
#4147=IFCCARTESIANPOINTLIST3D(((-2.7071678232459818E-013,-8.1215034697379459E-013,1.0828671292983927E-012),(7716.8746236492261,-1.6243006939475892E-012,1.0828671292983927E-012)));
#4148=IFCINDEXEDPOLYCURVE(#4147,$,.F.);
#4149=IFCSHAPEREPRESENTATION(#14,'Axis','Curve3D',(#4148));
#4150=IFCPRODUCTDEFINITIONSHAPE($,$,(#4149,#4176));
#4151=IFCCARTESIANPOINTLIST2D(((3.4685587735339144E-013,-250.00000000000128),(7716.874623649227,-250.00000000000111),(7711.6736397408786,250.00000000000028),(5.0759396685862157E-013,249.99999999999872),(3.4685587735339144E-013,-250.00000000000128)));
#4152=IFCINDEXEDPOLYCURVE(#4151,$,.F.);
#4153=IFCARBITRARYCLOSEDPROFILEDEF(.AREA.,$,#4152);
#4154=IFCAXIS2PLACEMENT3D(#10,$,$);
#4155=IFCEXTRUDEDAREASOLID(#4153,#4154,#49,5081.1371277921808);
#4156=IFCSTYLEDITEM(#4155,(#64),$);
#4157=IFCCOLOURRGBLIST(((1.,0.65098039215686276,0.82352941176470584)));
#4158=IFCINDEXEDPOLYGONALFACEWITHVOIDS((1,2,3,4,5,6,7,8),((9,10,11,12)));
#4159=IFCINDEXEDPOLYGONALFACEWITHVOIDS((13,14,15,16,17,18,19,20),((21,22,23,24)));
#4160=IFCINDEXEDPOLYGONALFACE((15,14,2,1));
#4161=IFCINDEXEDPOLYGONALFACE((8,7,17,16));
#4162=IFCINDEXEDPOLYGONALFACE((1,8,16,15));
#4163=IFCINDEXEDPOLYGONALFACE((6,18,17,7));
#4164=IFCINDEXEDPOLYGONALFACE((3,2,14,13));
#4165=IFCINDEXEDPOLYGONALFACE((4,3,13,20));
#4166=IFCINDEXEDPOLYGONALFACE((5,4,20,19));
#4167=IFCINDEXEDPOLYGONALFACE((22,21,9,12));
#4168=IFCINDEXEDPOLYGONALFACE((23,22,12,11));
#4169=IFCINDEXEDPOLYGONALFACE((24,23,11,10));
#4170=IFCINDEXEDPOLYGONALFACE((21,24,10,9));
#4171=IFCINDEXEDPOLYGONALFACE((19,18,6,5));
#4172=IFCCARTESIANPOINTLIST3D(((0.,-250.00000000000287,1.0828671292983927E-012),(4700.0000000000055,-250.00000000000244,1.0828671292983927E-012),(4700.0000000000055,-250.00000000000244,2200.0000000000023),(6099.9999999999918,-249.99999999999892,2200.0000000000023),(6099.9999999999918,-249.99999999999892,1.0828671292983927E-012),(7716.8746236492261,-250.00000000000111,1.0828671292983927E-012),(7716.8746236492261,-250.00000000000111,5081.1371277921808),(0.,-250.00000000000287,5081.1371277921808),(2100.0000000000023,-250.00000000000273,570.38044307772441),(900.00000000000273,-250.00000000000205,570.38044307772441),(900.00000000000273,-250.00000000000205,2070.3804430777236),(2100.0000000000023,-250.00000000000273,2070.3804430777236),(4700.0000000000018,249.99999999999974,2200.0000000000023),(4700.0000000000018,249.99999999999974,1.0828671292983927E-012),(0.,249.99999999999852,1.0828671292983927E-012),(0.,249.99999999999852,5081.1371277921808),(7711.6736397408786,249.99999999999892,5081.1371277921808),(7711.6736397408786,249.99999999999838,1.0828671292983927E-012),(6099.9999999999909,249.99999999999784,1.0828671292983927E-012),(6099.9999999999882,249.99999999999892,2200.0000000000023),(2100.0000000000023,249.99999999999866,570.38044307772441),(2100.0000000000023,249.99999999999866,2070.3804430777236),(900.0000000000033,249.99999999999935,2070.3804430777236),(900.0000000000033,249.99999999999935,570.38044307772441)));
#4173=IFCPOLYGONALFACESET(#4172,.T.,(#4158,#4159,#4160,#4161,#4162,#4163,#4164,#4165,#4166,#4167,#4168,#4169,#4170,#4171),$);
#4174=IFCINDEXEDCOLOURMAP(#4173,1.,#4157,(1,1,1,1,1,1,1,1,1,1,1,1,1,1));
#4175=IFCSTYLEDITEM(#4173,(#64),$);
#4176=IFCSHAPEREPRESENTATION(#15,'Body','Tessellation',(#4173));
#4177=IFCWALL('0F0gJxCaz6DgMK0q1JiO7L',#6,'Basic Wall:Castelnuovo_typeA:1722907',$,$,#4146,#4150,'1722907',.NOTDEFINED.);
#4178=IFCPROPERTYSET('2Y08YA0nwTtw8GB981pEM9',#6,'Pset_EnvironmentalImpactIndicators',$,(#70));
#4179=IFCPROPERTYSINGLEVALUE('Reference',$,IFCLABEL('Castelnuovo_typeA'),$);
#4180=IFCPROPERTYSET('1Tdaooux$RD1GImfHbU9Zg',#6,'Pset_ReinforcementBarPitchOfWall',$,(#4179));
#4181=IFCPROPERTYSET('2Mg$OV72QhCRGzQrGeghOo',#6,'Pset_WallCommon',$,(#70,#74,#75,#120));
#4182=IFCRELDEFINESBYPROPERTIES('1uo120Ha20h5DlZoLWIi_2',#6,$,$,(#4177),#4178);
#4183=IFCRELDEFINESBYPROPERTIES('0A707ctjWJqAqSA3K6Qiaj',#6,$,$,(#4177),#4180);
#4184=IFCRELDEFINESBYPROPERTIES('2jw9_BW4zFHicDzvJeU$5Z',#6,$,$,(#4177),#4181);
#4185=IFCMAPPEDITEM(#4084,#2116);
#4186=IFCSHAPEREPRESENTATION(#15,'Body','MappedRepresentation',(#4185));
#4187=IFCPRODUCTDEFINITIONSHAPE($,$,(#4186));
#4188=IFCCARTESIANPOINT((13137.199529311854,-7075.3899495844416,0.));
#4189=IFCDIRECTION((0.31571582075227245,-0.94885379301909256,0.));
#4190=IFCAXIS2PLACEMENT3D(#4188,#49,#4189);
#4192=IFCDOOR('0F0gJxCaz6DgMK0q1JiO6j',#6,'DoorV2:DoorV2:1722979',$,$,#6886,#4187,'1722979',2200.0000000000023,1399.9999999999873,.DOOR.,$,$);
#4193=IFCPROPERTYSET('0O9ZNST7PV0UPZ$eBPnbqo',#6,'Pset_DoorCommon',$,(#336,#1170));
#4194=IFCPROPERTYSET('29vq8xXKJ5Zy$1o_fT8jPH',#6,'Pset_EnvironmentalImpactIndicators',$,(#336));
#4195=IFCRELDEFINESBYPROPERTIES('070IasSsAyaXddEvWkKwGz',#6,$,$,(#4192),#4193);
#4196=IFCRELDEFINESBYPROPERTIES('1hBNH6kFSVEQe4wMe7feIW',#6,$,$,(#4192),#4194);
#4197=IFCCARTESIANPOINTLIST2D(((-250.00000000000003,-599.99999999999977),(250.00000000000003,-599.99999999999977),(250.00000000000003,599.99999999999977),(-250.00000000000003,599.99999999999977),(-250.00000000000003,-599.99999999999977)));
#4198=IFCINDEXEDPOLYCURVE(#4197,$,.F.);
#4199=IFCARBITRARYCLOSEDPROFILEDEF(.AREA.,'BrickWindow',#4198);
#4200=IFCCARTESIANPOINT((600.,250.,1300.));
#4201=IFCAXIS2PLACEMENT3D(#4200,#49,#126);
#4202=IFCEXTRUDEDAREASOLID(#4199,#4201,#49,200.);
#4203=IFCCARTESIANPOINTLIST2D(((-250.00000000000003,-599.99999999999977),(250.00000000000003,-599.99999999999977),(250.00000000000003,599.99999999999977),(-250.00000000000003,599.99999999999977),(-250.00000000000003,-599.99999999999977)));
#4204=IFCINDEXEDPOLYCURVE(#4203,$,.F.);
#4205=IFCARBITRARYCLOSEDPROFILEDEF(.AREA.,'BrickWindow',#4204);
#4206=IFCCARTESIANPOINT((600.,250.,0.));
#4207=IFCAXIS2PLACEMENT3D(#4206,#49,#126);
#4208=IFCEXTRUDEDAREASOLID(#4205,#4207,#49,165.03507693617399);
#4209=IFCCARTESIANPOINTLIST2D(((-250.00000000000003,-100.),(250.00000000000003,-100.),(250.00000000000003,100.),(-250.00000000000003,100.),(-250.00000000000003,-100.)));
#4210=IFCINDEXEDPOLYCURVE(#4209,$,.F.);
#4211=IFCARBITRARYCLOSEDPROFILEDEF(.AREA.,'BrickWindow',#4210);
#4212=IFCCARTESIANPOINT((100.,250.,165.03507693617399));
#4213=IFCAXIS2PLACEMENT3D(#4212,#49,#126);
#4214=IFCEXTRUDEDAREASOLID(#4211,#4213,#49,1134.9649230638261);
#4215=IFCCARTESIANPOINTLIST2D(((-250.00000000000003,-100.),(250.00000000000003,-100.),(250.00000000000003,100.),(-250.00000000000003,100.),(-250.00000000000003,-100.)));
#4216=IFCINDEXEDPOLYCURVE(#4215,$,.F.);
#4217=IFCARBITRARYCLOSEDPROFILEDEF(.AREA.,'BrickWindow',#4216);
#4218=IFCCARTESIANPOINT((1100.,250.,165.03507693617399));
#4219=IFCAXIS2PLACEMENT3D(#4218,#49,#126);
#4220=IFCEXTRUDEDAREASOLID(#4217,#4219,#49,1134.9649230638261);
#4221=IFCSTYLEDITEM(#4202,(#2104),$);
#4222=IFCSTYLEDITEM(#4208,(#2104),$);
#4223=IFCSTYLEDITEM(#4214,(#2104),$);
#4224=IFCSTYLEDITEM(#4220,(#2104),$);
#4225=IFCSHAPEREPRESENTATION(#15,'Body','SweptSolid',(#4202,#4208,#4214,#4220));
#4226=IFCAXIS2PLACEMENT3D(#10,$,$);
#4227=IFCREPRESENTATIONMAP(#4226,#4225);
#4228=IFCWINDOWLININGPROPERTIES('0F0gJxCaz6DgMK0q5JiO31',#6,'Window1:BrickWindow:1723151',$,$,$,$,$,$,$,$,$,$,$,$,$);
#4229=IFCWINDOWTYPE('0W$cu1J1HVr7g_pcFyPRyd',#6,'Window1:BrickWindow',$,$,(#4228),(#4227),'1778279',$,.WINDOW.,.NOTDEFINED.,$,$);
#4230=IFCMAPPEDITEM(#4227,#2116);
#4231=IFCSHAPEREPRESENTATION(#15,'Body','MappedRepresentation',(#4230));
#4232=IFCPRODUCTDEFINITIONSHAPE($,$,(#4231));
#4233=IFCCARTESIANPOINT((12790.765291865488,-4450.5121773586652,570.38044307772225));
#4234=IFCDIRECTION((-0.31571582075227245,0.94885379301909256,0.));
#4235=IFCAXIS2PLACEMENT3D(#4233,#49,#4234);
#4237=IFCWINDOW('0F0gJxCaz6DgMK0q1JiO31',#6,'Window1:BrickWindow:1723151',$,$,#6901,#4232,'1723151',1500.,1199.9999999999993,.WINDOW.,.NOTDEFINED.,$);
#4238=IFCPROPERTYSET('0I5p6jBavWS2RRDT6O_BOw',#6,'Pset_EnvironmentalImpactIndicators',$,(#953));
#4239=IFCPROPERTYSET('3g5EP4LjY7Po2Y7ZGaK8nd',#6,'Pset_WindowCommon',$,(#74,#953));
#4240=IFCRELDEFINESBYPROPERTIES('2cVsTqly9WzD14t7XCmLv8',#6,$,$,(#4237),#4238);
#4241=IFCRELDEFINESBYPROPERTIES('2jCA7hd63jnd8BXhdp61CH',#6,$,$,(#4237),#4239);
#4242=IFCCARTESIANPOINTLIST2D(((-250.00000000048493,-700.00000000000659),(250.00000000048493,-700.00000000000659),(250.00000000048493,700.00000000000659),(-250.00000000048493,700.00000000000659),(-250.00000000048493,-700.00000000000659)));
#4243=IFCINDEXEDPOLYCURVE(#4242,$,.F.);
#4244=IFCARBITRARYCLOSEDPROFILEDEF(.AREA.,'DoorV2',#4243);
#4245=IFCCARTESIANPOINT((700.,250.,2000.));
#4246=IFCAXIS2PLACEMENT3D(#4245,#49,#126);
#4247=IFCEXTRUDEDAREASOLID(#4244,#4246,#49,200.);
#4248=IFCCARTESIANPOINTLIST2D(((-250.00000000048493,-99.999999999998252),(250.00000000048493,-99.999999999998252),(250.00000000048493,99.999999999998309),(-250.00000000048493,99.999999999998309),(-250.00000000048493,-99.999999999998252)));
#4249=IFCINDEXEDPOLYCURVE(#4248,$,.F.);
#4250=IFCARBITRARYCLOSEDPROFILEDEF(.AREA.,'DoorV2',#4249);
#4251=IFCCARTESIANPOINT((1300.,250.,0.));
#4252=IFCAXIS2PLACEMENT3D(#4251,#49,#126);
#4253=IFCEXTRUDEDAREASOLID(#4250,#4252,#49,1999.9999999999959);
#4254=IFCCARTESIANPOINTLIST2D(((-250.00000000048493,-100.00000000000156),(250.00000000048493,-100.00000000000156),(250.00000000048493,100.00000000000149),(-250.00000000048493,100.00000000000149),(-250.00000000048493,-100.00000000000156)));
#4255=IFCINDEXEDPOLYCURVE(#4254,$,.F.);
#4256=IFCARBITRARYCLOSEDPROFILEDEF(.AREA.,'DoorV2',#4255);
#4257=IFCCARTESIANPOINT((100.,250.,0.));
#4258=IFCAXIS2PLACEMENT3D(#4257,#49,#126);
#4259=IFCEXTRUDEDAREASOLID(#4256,#4258,#49,2000.0000000000002);
#4260=IFCSTYLEDITEM(#4247,(#2006),$);
#4261=IFCSTYLEDITEM(#4253,(#2006),$);
#4262=IFCSTYLEDITEM(#4259,(#2006),$);
#4263=IFCSHAPEREPRESENTATION(#15,'Body','SweptSolid',(#4247,#4253,#4259));
#4264=IFCAXIS2PLACEMENT3D(#10,$,$);
#4265=IFCREPRESENTATIONMAP(#4264,#4263);
#4266=IFCDOORLININGPROPERTIES('0F0gJxCaz6DgMK0q5JiOR2',#6,'DoorV2:DoorV2:1723660',$,$,$,$,$,$,$,$,$,$,$,$,$,$);
#4267=IFCDOORPANELPROPERTIES('0F0gJxCaz6DgMK0q9JiOR2',#6,'DoorV2:DoorV2:1723660:1',$,$,.NOTDEFINED.,$,.NOTDEFINED.,$);
#4268=IFCDOORTYPE('17$bMY4lx9OUOM1U5roG7h',#6,'DoorV2:DoorV2',$,$,(#4266,#4267),(#4265),'1721182',$,.DOOR.,.NOTDEFINED.,$,$);
#4269=IFCMAPPEDITEM(#4265,#2116);
#4270=IFCSHAPEREPRESENTATION(#15,'Body','MappedRepresentation',(#4269));
#4271=IFCPRODUCTDEFINITIONSHAPE($,$,(#4270));
#4272=IFCCARTESIANPOINT((6843.4875097115246,6353.2938349560927,0.));
#4273=IFCDIRECTION((0.47236892736765773,-0.88140092832803885,0.));
#4274=IFCAXIS2PLACEMENT3D(#4272,#49,#4273);
#4276=IFCDOOR('0F0gJxCaz6DgMK0q1JiOR2',#6,'DoorV2:DoorV2:1723660',$,$,#6841,#4271,'1723660',2200.0000000000023,1399.9999999999891,.DOOR.,$,$);
#4277=IFCPROPERTYSET('1nPiClX16ww6oF004BZDPC',#6,'Pset_DoorCommon',$,(#336,#1170));
#4278=IFCPROPERTYSET('3KFLhjOHde7knmN62Ns3JZ',#6,'Pset_EnvironmentalImpactIndicators',$,(#336));
#4279=IFCRELDEFINESBYPROPERTIES('1YNCyA6VxoqudiaGeme8kB',#6,$,$,(#4276),#4277);
#4280=IFCRELDEFINESBYPROPERTIES('3sKOo2IY2CO0N5He6E7iBF',#6,$,$,(#4276),#4278);
#4281=IFCCARTESIANPOINTLIST2D(((-250.00000000048493,-700.00000000000659),(250.00000000048493,-700.00000000000659),(250.00000000048493,700.00000000000659),(-250.00000000048493,700.00000000000659),(-250.00000000048493,-700.00000000000659)));
#4282=IFCINDEXEDPOLYCURVE(#4281,$,.F.);
#4283=IFCARBITRARYCLOSEDPROFILEDEF(.AREA.,'DoorV2',#4282);
#4284=IFCCARTESIANPOINT((700.,250.,2000.));
#4285=IFCAXIS2PLACEMENT3D(#4284,#49,#126);
#4286=IFCEXTRUDEDAREASOLID(#4283,#4285,#49,200.);
#4287=IFCCARTESIANPOINTLIST2D(((-250.00000000048493,-99.999999999998252),(250.00000000048493,-99.999999999998252),(250.00000000048493,99.999999999998309),(-250.00000000048493,99.999999999998309),(-250.00000000048493,-99.999999999998252)));
#4288=IFCINDEXEDPOLYCURVE(#4287,$,.F.);
#4289=IFCARBITRARYCLOSEDPROFILEDEF(.AREA.,'DoorV2',#4288);
#4290=IFCCARTESIANPOINT((1300.,250.,0.));
#4291=IFCAXIS2PLACEMENT3D(#4290,#49,#126);
#4292=IFCEXTRUDEDAREASOLID(#4289,#4291,#49,1999.9999999999959);
#4293=IFCCARTESIANPOINTLIST2D(((-250.00000000048493,-100.00000000000156),(250.00000000048493,-100.00000000000156),(250.00000000048493,100.00000000000149),(-250.00000000048493,100.00000000000149),(-250.00000000048493,-100.00000000000156)));
#4294=IFCINDEXEDPOLYCURVE(#4293,$,.F.);
#4295=IFCARBITRARYCLOSEDPROFILEDEF(.AREA.,'DoorV2',#4294);
#4296=IFCCARTESIANPOINT((100.,250.,0.));
#4297=IFCAXIS2PLACEMENT3D(#4296,#49,#126);
#4298=IFCEXTRUDEDAREASOLID(#4295,#4297,#49,2000.0000000000002);
#4299=IFCSTYLEDITEM(#4286,(#2006),$);
#4300=IFCSTYLEDITEM(#4292,(#2006),$);
#4301=IFCSTYLEDITEM(#4298,(#2006),$);
#4302=IFCSHAPEREPRESENTATION(#15,'Body','SweptSolid',(#4286,#4292,#4298));
#4303=IFCAXIS2PLACEMENT3D(#10,$,$);
#4304=IFCREPRESENTATIONMAP(#4303,#4302);
#4305=IFCDOORLININGPROPERTIES('0F0gJxCaz6DgMK0q5JiON_',#6,'DoorV2:DoorV2:1723952',$,$,$,$,$,$,$,$,$,$,$,$,$,$);
#4306=IFCDOORPANELPROPERTIES('0F0gJxCaz6DgMK0q9JiON_',#6,'DoorV2:DoorV2:1723952:1',$,$,.NOTDEFINED.,$,.NOTDEFINED.,$);
#4307=IFCDOORTYPE('0x5QxSEXM5nn9$oEVTYKwQ',#6,'DoorV2:DoorV2',$,$,(#4305,#4306),(#4304),'1721182',$,.DOOR.,.NOTDEFINED.,$,$);
#4308=IFCMAPPEDITEM(#4304,#2116);
#4309=IFCSHAPEREPRESENTATION(#15,'Body','MappedRepresentation',(#4308));
#4310=IFCPRODUCTDEFINITIONSHAPE($,$,(#4309));
#4311=IFCCARTESIANPOINT((14286.657721420255,7732.8275863287708,-1200.));
#4312=IFCDIRECTION((-0.4723689273676574,0.88140092832803896,0.));
#4313=IFCAXIS2PLACEMENT3D(#4311,#49,#4312);
#4315=IFCDOOR('0F0gJxCaz6DgMK0q1JiON_',#6,'DoorV2:DoorV2:1723952',$,$,#6736,#4310,'1723952',2200.0000000000018,1399.9999999999879,.DOOR.,$,$);
#4316=IFCPROPERTYSET('1CHskibxj49CM8ZFWspD4Z',#6,'Pset_DoorCommon',$,(#336,#1170));
#4317=IFCPROPERTYSET('3AxBZv9Px53kxIhLW59BW1',#6,'Pset_EnvironmentalImpactIndicators',$,(#336));
#4318=IFCRELDEFINESBYPROPERTIES('27MvfvpyzCOot$Yltebt2I',#6,$,$,(#4315),#4316);
#4319=IFCRELDEFINESBYPROPERTIES('1xS4FbMdXd8FCYyi2IoscE',#6,$,$,(#4315),#4317);
#4320=IFCAXIS2PLACEMENT3D(#4322,$,$);
#4321=IFCLOCALPLACEMENT(#36,#4320);
#4322=IFCCARTESIANPOINT((6811.819046507886,4251.1476949065582,-74.119152337158084));
#4323=IFCAXIS2PLACEMENT3D(#10,$,$);
#4325=IFCCARTESIANPOINTLIST2D(((-525.93941320240003,-2392.8901153119164),(2319.2899935680543,-789.57538972049474),(525.93941320240015,2392.8901153119159),(-2319.2899935680543,789.57538972049372),(-525.93941320240003,-2392.8901153119164)));
#4326=IFCINDEXEDPOLYCURVE(#4325,$,.F.);
#4327=IFCARBITRARYCLOSEDPROFILEDEF(.AREA.,$,#4326);
#4328=IFCCARTESIANPOINT((2231.605050517479,2343.4625058205775,504.6056504568902));
#4329=IFCDIRECTION((-0.27236786571122151,-0.14597002617127278,0.95105651629515275));
#4330=IFCDIRECTION((0.96219319563584216,-0.04131971070509171,0.26921540776733693));
#4331=IFCAXIS2PLACEMENT3D(#4328,#4329,#4330);
#4332=IFCDIRECTION((0.26921540776733693,0.15170552736533541,0.95105651629515275));
#4333=IFCEXTRUDEDAREASOLID(#4327,#4331,#4332,236.57900045361109);
#4334=IFCSTYLEDITEM(#4333,(#1707),$);
#4335=IFCSHAPEREPRESENTATION(#15,'Body','SweptSolid',(#4333));
#4336=IFCPRODUCTDEFINITIONSHAPE($,$,(#4335));
#4337=IFCAXIS2PLACEMENT3D(#10,$,$);
#4338=IFCLOCALPLACEMENT(#4321,#6959);
#4339=IFCSLAB('3WzFmAPhXCevWKHmxAYtdD',#6,'Basic Roof:Generic - 225mm:1724390',$,$,#4338,#4336,'1724390',.ROOF.);
#4340=IFCSLABTYPE('2JF4e6axWHqu3u0C1FZlpI',#6,'Basic Roof:Generic - 225mm',$,$,(#4381),$,'224',$,.ROOF.);
#4341=IFCAXIS2PLACEMENT3D(#10,$,$);
#4343=IFCCARTESIANPOINTLIST2D(((-2319.2899935680584,789.5753897204919),(-525.93941320240458,-2392.8901153119168),(2319.2899935680562,-789.5753897204919),(525.93941320240447,2392.8901153119182),(-2319.2899935680584,789.5753897204919)));
#4344=IFCINDEXEDPOLYCURVE(#4343,$,.F.);
#4345=IFCARBITRARYCLOSEDPROFILEDEF(.AREA.,$,#4344);
#4346=IFCCARTESIANPOINT((4969.2654257350187,3810.6559854003344,504.6056504568902));
#4347=IFCDIRECTION((0.2723678657112209,0.14597002617127225,0.95105651629515309));
#4348=IFCDIRECTION((0.96219319563584238,-0.04131971070509146,-0.26921540776733638));
#4349=IFCAXIS2PLACEMENT3D(#4346,#4347,#4348);
#4350=IFCDIRECTION((-0.26921540776733638,-0.15170552736533482,0.95105651629515309));
#4351=IFCEXTRUDEDAREASOLID(#4345,#4349,#4350,236.57900045361106);
#4352=IFCSTYLEDITEM(#4351,(#1707),$);
#4353=IFCSHAPEREPRESENTATION(#15,'Body','SweptSolid',(#4351));
#4354=IFCPRODUCTDEFINITIONSHAPE($,$,(#4353));
#4355=IFCAXIS2PLACEMENT3D(#10,$,$);
#4356=IFCLOCALPLACEMENT(#4321,#6960);
#4357=IFCSLAB('3WzFmAPhXCevWKHm$AYtdD',#6,'Basic Roof:Generic - 225mm:1724390',$,$,#4356,#4354,'1724390',.ROOF.);
#4358=IFCROOF('3WzFmAPhXCevWKHmpAYtdD',#6,'Basic Roof:Generic - 225mm:1724390',$,$,#4321,$,'1724390',.NOTDEFINED.);
#4359=IFCRELAGGREGATES('1fKyXgH0GEXuako7bvOW1H',#6,$,$,#4358,(#4339,#4357));
#4360=IFCPROPERTYSINGLEVALUE('Reference',$,IFCIDENTIFIER('Generic - 225mm'),$);
#4361=IFCPROPERTYSET('09x4Zy4G4p7d_WqDc7$n2h',#6,'Pset_EnvironmentalImpactIndicators',$,(#4360));
#4362=IFCPROPERTYSINGLEVALUE('Reference',$,IFCLABEL('Generic - 225mm'),$);
#4363=IFCPROPERTYSET('3rNArFK557hlBFPjkKTyxe',#6,'Pset_ReinforcementBarPitchOfSlab',$,(#4362));
#4364=IFCPROPERTYSINGLEVALUE('PitchAngle',$,IFCPLANEANGLEMEASURE(18.),$);
#4365=IFCPROPERTYSET('1zXjQQW723Q8nG7T14HmZy',#6,'Pset_SlabCommon',$,(#74,#4360,#4364));
#4366=IFCPROPERTYSET('0D1VtmIQz7rNJLo1y6PpOW',#6,'Pset_EnvironmentalImpactIndicators',$,(#4360));
#4367=IFCPROPERTYSINGLEVALUE('Reference',$,IFCLABEL('Generic - 225mm'),$);
#4368=IFCPROPERTYSET('2mszhTRlpCPpGpu7LAqr88',#6,'Pset_ReinforcementBarPitchOfSlab',$,(#4367));
#4369=IFCPROPERTYSET('119khwKpnrfRGBTlOXT3v0',#6,'Pset_SlabCommon',$,(#74,#4360,#4364));
#4370=IFCPROPERTYSET('3TK11HN1c2UvgsiGHBXWAb',#6,'Pset_EnvironmentalImpactIndicators',$,(#4360));
#4371=IFCPROPERTYSET('3XgnFQO7vm5Ee8iFITZXE2',#6,'Pset_RoofCommon',$,(#74,#4360));
#4372=IFCRELDEFINESBYPROPERTIES('0_5XnHahL48hUhPUoEIgl4',#6,$,$,(#4339),#4361);
#4373=IFCRELDEFINESBYPROPERTIES('1YC8OKKRzmoP28sp71rhGe',#6,$,$,(#4339),#4363);
#4374=IFCRELDEFINESBYPROPERTIES('194oKmrG6RnHKACMtgvP67',#6,$,$,(#4339),#4365);
#4375=IFCRELDEFINESBYPROPERTIES('3gVuZjiTfALE4WpbWE5qa6',#6,$,$,(#4357),#4366);
#4376=IFCRELDEFINESBYPROPERTIES('3STmwjLn4OsgmjXy_rUid6',#6,$,$,(#4357),#4368);
#4377=IFCRELDEFINESBYPROPERTIES('1vwPd17WC6P6hkJahw526h',#6,$,$,(#4357),#4369);
#4378=IFCRELDEFINESBYPROPERTIES('19r$b9bHfa7HTDfcO6Hg35',#6,$,$,(#4358),#4370);
#4379=IFCRELDEFINESBYPROPERTIES('3mUT14zUG2pZN__ne5Kiii',#6,$,$,(#4358),#4371);
#4380=IFCPROPERTYSINGLEVALUE('Description',$,IFCTEXT('Generic Roof (Material By Category), 225mm thick'),$);
#4381=IFCPROPERTYSET('27zdD_VwT$ZuL2M0zSbP6S',#6,'Pset_ReinforcementBarPitchOfSlab',$,(#4380));
#4382=IFCAXIS2PLACEMENT3D(#4384,$,$);
#4383=IFCLOCALPLACEMENT(#36,#4382);
#4384=IFCCARTESIANPOINT((14589.674577223956,-16453.038197492926,-74.119152337158084));
#4385=IFCAXIS2PLACEMENT3D(#10,$,$);
#4387=IFCCARTESIANPOINTLIST2D(((-3154.3866727148129,-1935.3454964467583),(3154.3866727148129,-1935.3454964467776),(3154.3866727148129,1935.345496446756),(-3154.3866727148043,1935.3454964467755),(-3154.3866727148129,-1935.3454964467583)));
#4388=IFCINDEXEDPOLYCURVE(#4387,$,.F.);
#4389=IFCARBITRARYCLOSEDPROFILEDEF(.AREA.,$,#4388);
#4390=IFCCARTESIANPOINT((3000.,1935.3454964467776,974.75908869872944));
#4391=IFCDIRECTION((0.30901699437494984,0.,0.95105651629515275));
#4392=IFCDIRECTION((0.95105651629515275,0.,-0.30901699437494984));
#4393=IFCAXIS2PLACEMENT3D(#4390,#4391,#4392);
#4394=IFCDIRECTION((-0.30901699437494984,0.,0.95105651629515275));
#4395=IFCEXTRUDEDAREASOLID(#4389,#4393,#4394,236.57900045361109);
#4396=IFCSTYLEDITEM(#4395,(#1707),$);
#4397=IFCSHAPEREPRESENTATION(#15,'Body','SweptSolid',(#4395));
#4398=IFCPRODUCTDEFINITIONSHAPE($,$,(#4397));
#4399=IFCAXIS2PLACEMENT3D(#10,$,$);
#4400=IFCLOCALPLACEMENT(#4383,#6961);
#4401=IFCSLAB('1fpX6xoFr7Jfc$lfZpOLWb',#6,'Basic Roof:Generic - 225mm:1724890',$,$,#4400,#4398,'1724890',.ROOF.);
#4402=IFCROOF('1fpX6xoFr7Jfc$lfhpOLWb',#6,'Basic Roof:Generic - 225mm:1724890',$,$,#4383,$,'1724890',.NOTDEFINED.);
#4403=IFCRELAGGREGATES('2xfaOt2du0ik4$B4mHd62D',#6,$,$,#4402,(#4401));
#4404=IFCPROPERTYSET('0YsKhFE9ZnPZIX4A3hw$Oi',#6,'Pset_EnvironmentalImpactIndicators',$,(#4360));
#4405=IFCPROPERTYSINGLEVALUE('Reference',$,IFCLABEL('Generic - 225mm'),$);
#4406=IFCPROPERTYSET('29dSFw03ez5II803TuKkl0',#6,'Pset_ReinforcementBarPitchOfSlab',$,(#4405));
#4407=IFCPROPERTYSET('3rs48eYIChDnu$IlRqeP29',#6,'Pset_SlabCommon',$,(#74,#4360,#4364));
#4408=IFCPROPERTYSET('1Hk486W8hKAf8bYKNOSfAh',#6,'Pset_EnvironmentalImpactIndicators',$,(#4360));
#4409=IFCPROPERTYSET('0Lk8QwimQd9lwssqFEUoxn',#6,'Pset_RoofCommon',$,(#74,#4360));
#4410=IFCRELDEFINESBYPROPERTIES('2D_ig5y3CZEb8LkgepuvZk',#6,$,$,(#4401),#4404);
#4411=IFCRELDEFINESBYPROPERTIES('2jf9uCMH7Pl6LdyzP3klQo',#6,$,$,(#4401),#4406);
#4412=IFCRELDEFINESBYPROPERTIES('1s9_g3JrAB0oU2BI7_5XfL',#6,$,$,(#4401),#4407);
#4413=IFCRELDEFINESBYPROPERTIES('1fUvTKwxoLwNDAS7xmzKyR',#6,$,$,(#4402),#4408);
#4414=IFCRELDEFINESBYPROPERTIES('0n9LZ2WqCd23n0ZrQ_W201',#6,$,$,(#4402),#4409);
#4415=IFCAXIS2PLACEMENT3D(#4417,$,$);
#4416=IFCLOCALPLACEMENT(#36,#4415);
#4417=IFCCARTESIANPOINT((14589.674577223965,-12082.347204599377,-74.119152337154446));
#4418=IFCAXIS2PLACEMENT3D(#10,$,$);
#4420=IFCCARTESIANPOINTLIST2D(((-3154.3866727148065,-139.11394419209077),(-3154.3866727148065,-1926.8517355459055),(3154.3866727148065,-1926.8517355459055),(3154.3866727148065,1926.8517355459044),(-3154.3866727148065,-139.11394419209077)));
#4421=IFCINDEXEDPOLYCURVE(#4420,$,.F.);
#4422=IFCARBITRARYCLOSEDPROFILEDEF(.AREA.,$,#4421);
#4423=IFCCARTESIANPOINT((3000.,1926.8517355459055,974.75908869872728));
#4424=IFCDIRECTION((0.30901699437494984,0.,0.95105651629515275));
#4425=IFCDIRECTION((0.95105651629515275,0.,-0.30901699437494984));
#4426=IFCAXIS2PLACEMENT3D(#4423,#4424,#4425);
#4427=IFCDIRECTION((-0.30901699437494984,0.,0.95105651629515275));
#4428=IFCEXTRUDEDAREASOLID(#4422,#4426,#4427,236.57900045361322);
#4429=IFCSTYLEDITEM(#4428,(#1707),$);
#4430=IFCSHAPEREPRESENTATION(#15,'Body','SweptSolid',(#4428));
#4431=IFCPRODUCTDEFINITIONSHAPE($,$,(#4430));
#4432=IFCAXIS2PLACEMENT3D(#10,$,$);
#4433=IFCLOCALPLACEMENT(#4416,#6962);
#4434=IFCSLAB('1fpX6xoFr7Jfc$lfZpOLpx',#6,'Basic Roof:Generic - 225mm:1725700',$,$,#4433,#4431,'1725700',.ROOF.);
#4435=IFCROOF('1fpX6xoFr7Jfc$lfhpOLpx',#6,'Basic Roof:Generic - 225mm:1725700',$,$,#4416,$,'1725700',.NOTDEFINED.);
#4436=IFCRELAGGREGATES('0bixvo0qcPPNfCpPgTm4tW',#6,$,$,#4435,(#4434));
#4437=IFCPROPERTYSET('07j9Xr5wIXMoMQwrkp36GD',#6,'Pset_EnvironmentalImpactIndicators',$,(#4360));
#4438=IFCPROPERTYSINGLEVALUE('Reference',$,IFCLABEL('Generic - 225mm'),$);
#4439=IFCPROPERTYSET('258hElaogCpEyOUTfUNuGy',#6,'Pset_ReinforcementBarPitchOfSlab',$,(#4438));
#4440=IFCPROPERTYSET('3rpuiGDQb2QJe$k_ijsRPA',#6,'Pset_SlabCommon',$,(#74,#4360,#4364));
#4441=IFCPROPERTYSET('2_F2YayXcpdZT4bmPcG5io',#6,'Pset_EnvironmentalImpactIndicators',$,(#4360));
#4442=IFCPROPERTYSET('2P$9hPh$vhPFlsiojGg0Gw',#6,'Pset_RoofCommon',$,(#74,#4360));
#4443=IFCRELDEFINESBYPROPERTIES('3hPaQ5uLxFXCC3h5lx8uQE',#6,$,$,(#4434),#4437);
#4444=IFCRELDEFINESBYPROPERTIES('3nDna9iKbpfAUcmhJjzesb',#6,$,$,(#4434),#4439);
#4445=IFCRELDEFINESBYPROPERTIES('0Sa0A$DU3fkNZ6fxMusUwe',#6,$,$,(#4434),#4440);
#4446=IFCRELDEFINESBYPROPERTIES('1wtt3S9kkvkVJOW9wjy9T_',#6,$,$,(#4435),#4441);
#4447=IFCRELDEFINESBYPROPERTIES('06docAp6$4qSIo4znRwBey',#6,$,$,(#4435),#4442);
#4448=IFCAXIS2PLACEMENT3D(#4462,$,$);
#4449=IFCLOCALPLACEMENT(#36,#4448);
#4450=IFCCOLOURRGBLIST(((0.44313725490196076,0.33725490196078434,0.24313725490196078)));
#4451=IFCINDEXEDPOLYGONALFACE((1,2,3,4,5));
#4452=IFCINDEXEDPOLYGONALFACE((6,7,8,9,10));
#4453=IFCINDEXEDPOLYGONALFACE((7,1,5,8));
#4454=IFCINDEXEDPOLYGONALFACE((2,1,7,6));
#4455=IFCINDEXEDPOLYGONALFACE((5,4,9,8));
#4456=IFCINDEXEDPOLYGONALFACE((2,6,10,9,4,3));
#4457=IFCCARTESIANPOINTLIST3D(((7944.4271496555721,7470.5356369702604,0.),(10019.662049418528,1443.6158673461441,2069.8398415224419),(2380.7001622839507,2.1471553884321111,1617.6061675779401),(2369.3214635706772,1.3642420526593924E-012,1616.932537993207),(0.,4420.9557752585688,0.),(10019.662049418528,1443.615867346145,2306.4188419760503),(7944.4271496555721,7470.5356369702604,236.57900045361203),(0.,4420.9557752585688,236.57900045361203),(2369.3214635706754,1.3642420526593924E-012,1853.511538446819),(2380.7001622839507,2.1471553884321111,1854.1851680315503)));
#4458=IFCPOLYGONALFACESET(#4457,.T.,(#4451,#4452,#4453,#4454,#4455,#4456),$);
#4459=IFCINDEXEDCOLOURMAP(#4458,1.,#4450,(1,1,1,1,1,1));
#4460=IFCSTYLEDITEM(#4458,(#1707),$);
#4461=IFCSHAPEREPRESENTATION(#15,'Body','Tessellation',(#4458));
#4462=IFCCARTESIANPOINT((9624.593309036647,-2212.0594753347077,-69.040003329722822));
#4463=IFCPRODUCTDEFINITIONSHAPE($,$,(#4461));
#4464=IFCROOF('3QbZ93HSz5$9iJiguPcV5P',#6,'Basic Roof:Generic - 225mm:1725990',$,$,#4449,#4463,'1725990',.NOTDEFINED.);
#4465=IFCROOFTYPE('3MxrkIZBYgbXX0IBRyfpBo',#6,'Basic Roof:Generic - 225mm',$,$,$,$,'224',$,.NOTDEFINED.);
#4466=IFCPROPERTYSET('3A9gjh9zAcCgyhoq4apGAD',#6,'Pset_EnvironmentalImpactIndicators',$,(#4360));
#4467=IFCPROPERTYSET('3X_Z68Ho_rH6XQ_Dq3gAFN',#6,'Pset_RoofCommon',$,(#74,#4360));
#4468=IFCRELDEFINESBYPROPERTIES('27zxbbyyEu67A9JPfg5NgO',#6,$,$,(#4464),#4466);
#4469=IFCRELDEFINESBYPROPERTIES('30cR7ZjzpxrdYNPacm17R4',#6,$,$,(#4464),#4467);
#4470=IFCCARTESIANPOINT((8332.8527718451151,2488.6889482118872,0.));
#4471=IFCAXIS2PLACEMENT3D(#4470,#49,#126);
#4472=IFCLOCALPLACEMENT(#32,#4471);
#4473=IFCPRODUCTDEFINITIONSHAPE($,$,(#4485));
#4474=IFCCOLOURRGBLIST(((0.92549019607843142,0.67843137254901964,0.30980392156862746)));
#4475=IFCINDEXEDPOLYGONALFACE((1,2,3,4));
#4476=IFCINDEXEDPOLYGONALFACE((1,4,5,6));
#4477=IFCINDEXEDPOLYGONALFACE((4,3,7,5));
#4478=IFCINDEXEDPOLYGONALFACE((3,2,8,7));
#4479=IFCINDEXEDPOLYGONALFACE((2,1,6,8));
#4480=IFCINDEXEDPOLYGONALFACE((6,5,7,8));
#4481=IFCCARTESIANPOINTLIST3D(((1318.7278540445782,-435.04593795345136,0.),(178.28613948573775,-1046.2425139014595,0.),(1.3642420526593924E-012,-581.79124154069723,0.),(1085.5738188468272,0.,0.),(1085.5738188468258,0.,2197.0407575460422),(1318.7278540445773,-435.04593795345136,2217.1082927981433),(1.3642420526593924E-012,-581.79124154069723,1799.9999999998317),(178.28613948573775,-1046.2425139014595,1799.9999999998317)));
#4482=IFCPOLYGONALFACESET(#4481,.T.,(#4475,#4476,#4477,#4478,#4479,#4480),$);
#4483=IFCINDEXEDCOLOURMAP(#4482,1.,#4474,(1,1,1,1,1,1));
#4484=IFCSTYLEDITEM(#4482,(#1463),$);
#4485=IFCSHAPEREPRESENTATION(#15,'Body','Tessellation',(#4482));
#4486=IFCWALL('0QfxonMDT2A8cO_M93$yye',#6,'Castelnuovo9:Castelnuovo9:1726864',$,$,#4472,#4473,'1726864',.NOTDEFINED.);
#4487=IFCWALLTYPE('0QfxonMDT2A8cO_M93$yys',#6,'Castelnuovo9:Castelnuovo9',$,$,$,$,'1726862',$,.NOTDEFINED.);
#4488=IFCPROPERTYSINGLEVALUE('Reference',$,IFCIDENTIFIER('Castelnuovo9'),$);
#4489=IFCPROPERTYSET('01k29973YxBIXK6tINeHPD',#6,'Pset_EnvironmentalImpactIndicators',$,(#4488));
#4490=IFCPROPERTYSINGLEVALUE('Reference',$,IFCLABEL('Castelnuovo9'),$);
#4491=IFCPROPERTYSET('2Ufv6AVd7jPoZskHpV0mO5',#6,'Pset_ReinforcementBarPitchOfWall',$,(#4490));
#4492=IFCPROPERTYSET('20k8bW8hMUpYqwlZ8lhw_9',#6,'Pset_WallCommon',$,(#1170,#4488));
#4493=IFCRELDEFINESBYPROPERTIES('0inTcl3bEELNbgFwINgxwK',#6,$,$,(#4486),#4489);
#4494=IFCRELDEFINESBYPROPERTIES('24NQuw6QUqC8haFPfGOusW',#6,$,$,(#4486),#4491);
#4495=IFCRELDEFINESBYPROPERTIES('02deSPdrnjd3gVY5K_WA2X',#6,$,$,(#4486),#4492);
#4496=IFCCARTESIANPOINT((10977.055556829237,3572.3094706099023,0.));
#4497=IFCAXIS2PLACEMENT3D(#4496,#49,#126);
#4498=IFCLOCALPLACEMENT(#32,#4497);
#4499=IFCPRODUCTDEFINITIONSHAPE($,$,(#4530));
#4500=IFCCOLOURRGBLIST(((0.92549019607843142,0.67843137254901964,0.30980392156862746)));
#4501=IFCINDEXEDPOLYGONALFACE((1,2,3,4));
#4502=IFCINDEXEDPOLYGONALFACE((1,4,5,6));
#4503=IFCINDEXEDPOLYGONALFACEWITHVOIDS((4,3,7,5),((8,9,10,11)));
#4504=IFCINDEXEDPOLYGONALFACE((3,2,12,7));
#4505=IFCINDEXEDPOLYGONALFACEWITHVOIDS((2,1,6,12),((13,14,15,16)));
#4506=IFCINDEXEDPOLYGONALFACE((6,5,7,12));
#4507=IFCINDEXEDPOLYGONALFACE((9,8,14,13));
#4508=IFCINDEXEDPOLYGONALFACE((8,11,15,14));
#4509=IFCINDEXEDPOLYGONALFACE((11,10,16,15));
#4510=IFCINDEXEDPOLYGONALFACE((10,9,13,16));
#4511=IFCCARTESIANPOINTLIST3D(((1652.2141137495332,-435.04593795344954,0.),(178.28613948573729,-1224.9677020941945,0.),(4.5474735088646412E-013,-760.51642973342678,0.),(1419.0600785517813,0.,0.),(1419.0600785517813,0.,2319.010940398427),(1652.2141137495332,-435.04593795344954,2339.0784756505263),(4.5474735088646412E-013,-760.51642973342678,1799.9999999998317),(1121.3454270703919,-159.55412124272516,1582.1481293567495),(328.08459157515654,-584.68615587361637,1582.1481293567495),(328.08459157515654,-584.68615587361637,665.03507693617667),(1121.3454270703937,-159.55412124272334,665.03507693618212),(178.28613948573729,-1224.9677020941945,1799.9999999998317),(561.23862677290845,-1019.7320938270641,1582.1481293567513),(1354.4994622681438,-594.60005919617288,1582.1481293567495),(1354.4994622681456,-594.60005919617288,665.03507693618212),(561.23862677290936,-1019.7320938270641,665.03507693617667)));
#4512=IFCPOLYGONALFACESET(#4511,.T.,(#4501,#4502,#4503,#4504,#4505,#4506,#4507,#4508,#4509,#4510),$);
#4513=IFCINDEXEDCOLOURMAP(#4512,1.,#4500,(1,1,1,1,1,1,1,1,1,1));
#4514=IFCSTYLEDITEM(#4512,(#1463),$);
#4515=IFCCOLOURRGBLIST(((0.57647058823529407,0.55686274509803924,0.88235294117647056)));
#4516=IFCINDEXEDPOLYGONALFACEWITHVOIDS((1,2,3,4),((5,6,7,8)));
#4517=IFCINDEXEDPOLYGONALFACEWITHVOIDS((9,10,11,12),((13,14,15,16)));
#4518=IFCINDEXEDPOLYGONALFACE((2,1,9,12));
#4519=IFCINDEXEDPOLYGONALFACE((3,2,12,11));
#4520=IFCINDEXEDPOLYGONALFACE((4,3,11,10));
#4521=IFCINDEXEDPOLYGONALFACE((1,4,10,9));
#4522=IFCINDEXEDPOLYGONALFACE((6,5,13,16));
#4523=IFCINDEXEDPOLYGONALFACE((7,6,16,15));
#4524=IFCINDEXEDPOLYGONALFACE((8,7,15,14));
#4525=IFCINDEXEDPOLYGONALFACE((5,8,14,13));
#4526=IFCCARTESIANPOINTLIST3D(((1354.4994622681447,-594.6000591961747,665.03507693618212),(1354.4994622681447,-594.6000591961747,1582.1481293567495),(561.23862677291118,-1019.7320938270659,1582.1481293567495),(561.23862677291027,-1019.7320938270659,665.03507693617848),(1178.219276602536,-689.07384466970689,865.0350769361803),(737.51881243851903,-925.25830835353372,865.0350769361803),(737.51881243851903,-925.25830835353372,1382.1481293567495),(1178.219276602536,-689.07384466970689,1382.1481293567495),(1121.3454270703928,-159.55412124272516,665.03507693618212),(328.0845915751579,-584.68615587361637,665.03507693617848),(328.08459157515836,-584.68615587361637,1582.1481293567495),(1121.345427070391,-159.55412124272516,1582.1481293567495),(945.06524140478405,-254.02790671625735,865.0350769361803),(945.06524140478405,-254.02790671625735,1382.1481293567495),(504.36477724076622,-490.21237040008418,1382.1481293567495),(504.36477724076667,-490.21237040008418,865.0350769361803)));
#4527=IFCPOLYGONALFACESET(#4526,.T.,(#4516,#4517,#4518,#4519,#4520,#4521,#4522,#4523,#4524,#4525),$);
#4528=IFCINDEXEDCOLOURMAP(#4527,1.,#4515,(1,1,1,1,1,1,1,1,1,1));
#4529=IFCSTYLEDITEM(#4527,(#2104),$);
#4530=IFCSHAPEREPRESENTATION(#15,'Body','Tessellation',(#4512,#4527));
#4531=IFCWALL('0QfxonMDT2A8cO_M93$yp8',#6,'Castelnuovo10:Castelnuovo10:1727088',$,$,#4498,#4499,'1727088',.NOTDEFINED.);
#4532=IFCWALLTYPE('0QfxonMDT2A8cO_M93$ypM',#6,'Castelnuovo10:Castelnuovo10',$,$,$,$,'1727086',$,.NOTDEFINED.);
#4533=IFCPROPERTYSINGLEVALUE('Reference',$,IFCIDENTIFIER('Castelnuovo10'),$);
#4534=IFCPROPERTYSET('1Cn5dizxRGmZ46S7cDbRU9',#6,'Pset_EnvironmentalImpactIndicators',$,(#4533));
#4535=IFCPROPERTYSINGLEVALUE('Reference',$,IFCLABEL('Castelnuovo10'),$);
#4536=IFCPROPERTYSET('268oHR3CIV7xe7R7YCjenI',#6,'Pset_ReinforcementBarPitchOfWall',$,(#4535));
#4537=IFCPROPERTYSET('2FbCW_7muw2Vulm8W3h_MW',#6,'Pset_WallCommon',$,(#1170,#4533));
#4538=IFCRELDEFINESBYPROPERTIES('1cK09Kq_sUTmWbebDC7J7g',#6,$,$,(#4531),#4534);
#4539=IFCRELDEFINESBYPROPERTIES('2l6LqFClVwOVcfej8rLhwJ',#6,$,$,(#4531),#4536);
#4540=IFCRELDEFINESBYPROPERTIES('3RkdxSvrXoenb0Eug0RY8Z',#6,$,$,(#4531),#4537);
#4541=IFCAXIS2PLACEMENT3D(#10,$,$);
#4542=IFCLOCALPLACEMENT(#32,#4541);
#4543=IFCCARTESIANPOINTLIST2D(((-725.97546441374516,-1253.2076924523431),(884.02973633371323,-1253.2076924523431),(567.92119249378106,1253.2076924523408),(-725.97546441374834,1253.2076924523431),(-725.97546441374516,-1253.2076924523431)));
#4544=IFCINDEXEDPOLYCURVE(#4543,$,.F.);
#4545=IFCARBITRARYCLOSEDPROFILEDEF(.AREA.,$,#4544);
#4546=IFCCARTESIANPOINT((10215.40538473426,3759.5177274314192,100.));
#4547=IFCDIRECTION((0.47236892736765734,-0.88140092832803896,0.));
#4548=IFCAXIS2PLACEMENT3D(#4546,#1156,#4547);
#4549=IFCEXTRUDEDAREASOLID(#4545,#4548,#49,100.);
#4550=IFCSTYLEDITEM(#4549,(#1707),$);
#4551=IFCSHAPEREPRESENTATION(#15,'Body','SweptSolid',(#4549));
#4552=IFCCARTESIANPOINTLIST2D(((10977.055556829237,4991.3695491616836),(11737.571986562663,3572.3094706099027),(9379.0952857465745,2666.9750876976241),(8767.8987097985664,3807.4168022564654),(10977.055556829237,4991.3695491616836)));
#4553=IFCINDEXEDPOLYCURVE(#4552,$,.F.);
#4554=IFCSHAPEREPRESENTATION(#17,'FootPrint','Curve2D',(#4553));
#4555=IFCPRODUCTDEFINITIONSHAPE($,$,(#4551,#4554));
#4556=IFCSLAB('1WUN27PtDFEf9VO7IMxZ4N',#6,'Floor:Historic_timber_floor:1727125',$,$,#4542,#4555,'1727125',.FLOOR.);
#4557=IFCPROPERTYSET('3UTRijuI2Aci9iOVWKvoGa',#6,'Pset_EnvironmentalImpactIndicators',$,(#1717));
#4558=IFCPROPERTYSINGLEVALUE('Reference',$,IFCLABEL('Historic_timber_floor'),$);
#4559=IFCPROPERTYSET('2LJpKg6_q8QvEbBiZ6RMxk',#6,'Pset_ReinforcementBarPitchOfSlab',$,(#4558));
#4560=IFCPROPERTYSET('3MVhi57SSGMaf6ql3azfTs',#6,'Pset_SlabCommon',$,(#75,#1170,#1717,#1721));
#4561=IFCRELDEFINESBYPROPERTIES('2gM0UJCWx6pOmT8kO3WCAn',#6,$,$,(#4556),#4557);
#4562=IFCRELDEFINESBYPROPERTIES('3jgNuAuuYPCtv$WFHNUjHe',#6,$,$,(#4556),#4559);
#4563=IFCRELDEFINESBYPROPERTIES('3QrNU9SfTAFd8j1SJerqG_',#6,$,$,(#4556),#4560);
#4564=IFCCARTESIANPOINTLIST2D(((-257.81600664200471,-700.00000000000659),(257.81600664200454,-700.00000000000659),(257.81600664200471,700.00000000000659),(-257.81600664200454,700.00000000000659),(-257.81600664200471,-700.00000000000659)));
#4565=IFCINDEXEDPOLYCURVE(#4564,$,.F.);
#4566=IFCARBITRARYCLOSEDPROFILEDEF(.AREA.,'DoorV2',#4565);
#4567=IFCCARTESIANPOINT((-0.,0.,2000.));
#4568=IFCAXIS2PLACEMENT3D(#4567,#49,#126);
#4569=IFCEXTRUDEDAREASOLID(#4566,#4568,#49,200.);
#4570=IFCCARTESIANPOINTLIST2D(((-257.81600664200465,-99.999999999998252),(257.8160066420046,-99.999999999998252),(257.81600664200465,99.999999999998309),(-257.8160066420046,99.99999999999838),(-257.81600664200465,-99.999999999998252)));
#4571=IFCINDEXEDPOLYCURVE(#4570,$,.F.);
#4572=IFCARBITRARYCLOSEDPROFILEDEF(.AREA.,'DoorV2',#4571);
#4573=IFCCARTESIANPOINT((600.,0.,0.));
#4574=IFCAXIS2PLACEMENT3D(#4573,#49,#126);
#4575=IFCEXTRUDEDAREASOLID(#4572,#4574,#49,1999.9999999999959);
#4576=IFCCARTESIANPOINTLIST2D(((-257.81600664200465,-100.00000000000153),(257.81600664200465,-100.00000000000153),(257.81600664200465,100.00000000000153),(-257.81600664200465,100.00000000000146),(-257.81600664200465,-100.00000000000153)));
#4577=IFCINDEXEDPOLYCURVE(#4576,$,.F.);
#4578=IFCARBITRARYCLOSEDPROFILEDEF(.AREA.,'DoorV2',#4577);
#4579=IFCCARTESIANPOINT((-600.,0.,0.));
#4580=IFCAXIS2PLACEMENT3D(#4579,#49,#126);
#4581=IFCEXTRUDEDAREASOLID(#4578,#4580,#49,2000.0000000000002);
#4582=IFCSTYLEDITEM(#4569,(#2006),$);
#4583=IFCSTYLEDITEM(#4575,(#2006),$);
#4584=IFCSTYLEDITEM(#4581,(#2006),$);
#4585=IFCSHAPEREPRESENTATION(#15,'Body','SweptSolid',(#4569,#4575,#4581));
#4586=IFCAXIS2PLACEMENT3D(#10,$,$);
#4587=IFCREPRESENTATIONMAP(#4586,#4585);
#4588=IFCDOORLININGPROPERTIES('0$ZVtLQ75EtvwV7Ahme$6k',#6,'DoorV2:DoorV2:1727402',$,$,$,$,$,$,$,$,$,$,$,$,$,$);
#4589=IFCDOORPANELPROPERTIES('0$ZVtLQ75EtvwV7Adme$6k',#6,'DoorV2:DoorV2:1727402:1',$,$,.NOTDEFINED.,$,.NOTDEFINED.,$);
#4590=IFCDOORTYPE('24vL8CMjD9PRlBEmRc8VAA',#6,'DoorV2:DoorV2',$,$,(#4588,#4589),(#4587),'1721182',$,.DOOR.,.NOTDEFINED.,$,$);
#4591=IFCMAPPEDITEM(#4587,#2116);
#4592=IFCSHAPEREPRESENTATION(#15,'Body','MappedRepresentation',(#4591));
#4593=IFCPRODUCTDEFINITIONSHAPE($,$,(#4592));
#4594=IFCCARTESIANPOINT((10833.920377801653,2949.2717930111003,127.52301602715396));
#4595=IFCDIRECTION((0.93358042649720185,0.35836794954530005,0.));
#4596=IFCAXIS2PLACEMENT3D(#4594,#49,#4595);
#4597=IFCLOCALPLACEMENT(#28,#4596);
#4598=IFCDOOR('0$ZVtLQ75EtvwV7Alme$6k',#6,'DoorV2:DoorV2:1727402',$,$,#4597,#4593,'1727402',1178.1900934579601,2399.9999999999991,.DOOR.,$,$);
#4599=IFCPROPERTYSET('1aEHTIDA82XB2TLv1Qjdfj',#6,'Pset_DoorCommon',$,(#336,#1170));
#4600=IFCPROPERTYSET('1bVSTF1wBM8daZXvSnBTSk',#6,'Pset_EnvironmentalImpactIndicators',$,(#336));
#4601=IFCRELDEFINESBYPROPERTIES('3TnV1MzXcRjJE1vx9vfvm1',#6,$,$,(#4598),#4599);
#4602=IFCRELDEFINESBYPROPERTIES('0fnIXZMePPbs28ZqGXGNbR',#6,$,$,(#4598),#4600);
#4603=IFCCOLOURRGBLIST(((0.,0.80784313725490198,0.40392156862745099)));
#4604=IFCINDEXEDPOLYGONALFACE((1,2,3));
#4605=IFCINDEXEDPOLYGONALFACE((2,4,5,6,7,3));
#4606=IFCINDEXEDPOLYGONALFACE((4,2,1,8));
#4607=IFCINDEXEDPOLYGONALFACE((5,4,8,9));
#4608=IFCINDEXEDPOLYGONALFACE((5,9,6));
#4609=IFCINDEXEDPOLYGONALFACE((8,7,6,9));
#4610=IFCINDEXEDPOLYGONALFACE((7,8,1,3));
#4611=IFCCARTESIANPOINTLIST3D(((500.00000000000136,-249.99999999999949,3099.9999999999968),(500.00000000000443,-499.99999999999977,-1500.0000000000318),(500.00000000000455,-249.9999999999992,-1500.0000000000316),(-499.99999999999517,-499.99999999999972,-1500.0000000000323),(-499.99999999999523,500.00000000000006,-1500.0000000000323),(2.1838903343898676E-012,500.00000000000006,-1500.0000000000323),(2.1544543926665936E-012,-249.99999999999923,-1500.0000000000214),(1.5302660054987591E-012,-249.9999999999996,3099.9999999999968),(1.8486504812083088E-012,250.00000000000006,3099.9999999999936)));
#4612=IFCPOLYGONALFACESET(#4611,.T.,(#4604,#4605,#4606,#4607,#4608,#4609,#4610),$);
#4613=IFCINDEXEDCOLOURMAP(#4612,1.,#4603,(1,1,1,1,1,1,1));
#4614=IFCSTYLEDITEM(#4612,(#913),$);
#4615=IFCSHAPEREPRESENTATION(#15,'Body','Tessellation',(#4612));
#4616=IFCAXIS2PLACEMENT3D(#10,$,$);
#4617=IFCREPRESENTATIONMAP(#4616,#4615);
#4618=IFCCOLUMNTYPE('2trg1iOov8P8a83pz2q$bD',#6,'first_column:first_column',$,$,(#4636),(#4617),'1729972',$,.COLUMN.);
#4619=IFCMAPPEDITEM(#4617,#2116);
#4620=IFCSHAPEREPRESENTATION(#15,'Body','MappedRepresentation',(#4619));
#4621=IFCPRODUCTDEFINITIONSHAPE($,$,(#4620));
#4622=IFCCARTESIANPOINT((12609.74802926508,10861.800881893316,0.));
#4623=IFCDIRECTION((-0.88140092832803574,-0.47236892736766328,0.));
#4624=IFCAXIS2PLACEMENT3D(#4622,#49,#4623);
#4625=IFCLOCALPLACEMENT(#24,#4624);
#4626=IFCCOLUMN('1FujFrxrb7ouwnZEeyzKU0',#6,'first_column:first_column:1733994',$,$,#4625,#4621,'1733994',.COLUMN.);
#4627=IFCPROPERTYSINGLEVALUE('Reference',$,IFCIDENTIFIER('first_column'),$);
#4628=IFCPROPERTYSINGLEVALUE('LoadBearing',$,IFCBOOLEAN(.T.),$);
#4629=IFCPROPERTYSET('2J7fre3_pUe3XDrauWzHzV',#6,'Pset_ColumnCommon',$,(#1170,#4627,#4628));
#4630=IFCPROPERTYSET('2MaGGnvGnDj6G6tS$4gB80',#6,'Pset_EnvironmentalImpactIndicators',$,(#4627));
#4631=IFCPROPERTYSINGLEVALUE('Reference',$,IFCLABEL('first_column'),$);
#4632=IFCPROPERTYSET('2W4SuCfiORCZcCtBx8$vv7',#6,'Pset_ReinforcementBarPitchOfColumn',$,(#4631));
#4633=IFCRELDEFINESBYPROPERTIES('3NnU_Abi5816XnVt5xz_H5',#6,$,$,(#4626),#4629);
#4634=IFCRELDEFINESBYPROPERTIES('3VNQRsZfEnDkrB7Da1Xssu',#6,$,$,(#4626),#4630);
#4635=IFCRELDEFINESBYPROPERTIES('3lSHDA4tjF2BEyBfnGsVl4',#6,$,$,(#4626),#4632);
#4636=IFCPROPERTYSET('1_IVl4MyBrBu_5tlsk0UUi',#6,'Pset_ColumnCommon',$,(#4628));
#4637=IFCCOLOURRGBLIST(((0.,0.80784313725490198,0.40392156862745099)));
#4638=IFCINDEXEDPOLYGONALFACE((1,2,3));
#4639=IFCINDEXEDPOLYGONALFACE((3,2,4,5,6,7));
#4640=IFCINDEXEDPOLYGONALFACE((7,8,1,3));
#4641=IFCINDEXEDPOLYGONALFACE((6,9,8,7));
#4642=IFCINDEXEDPOLYGONALFACE((6,5,9));
#4643=IFCINDEXEDPOLYGONALFACE((8,9,5,4));
#4644=IFCINDEXEDPOLYGONALFACE((4,2,1,8));
#4645=IFCCARTESIANPOINTLIST3D(((500.00000000000136,249.99999999999949,3099.9999999999968),(500.00000000000455,249.9999999999992,-1500.0000000000316),(500.00000000000443,499.99999999999977,-1500.0000000000318),(2.1544543926665936E-012,249.99999999999923,-1500.0000000000214),(2.1838903343898676E-012,-500.00000000000006,-1500.0000000000323),(-499.99999999999523,-500.00000000000006,-1500.0000000000323),(-499.99999999999517,499.99999999999972,-1500.0000000000323),(1.5302660054987591E-012,249.9999999999996,3099.9999999999968),(1.8486504812083088E-012,-250.00000000000006,3099.9999999999936)));
#4646=IFCPOLYGONALFACESET(#4645,.T.,(#4638,#4639,#4640,#4641,#4642,#4643,#4644),$);
#4647=IFCINDEXEDCOLOURMAP(#4646,1.,#4637,(1,1,1,1,1,1,1));
#4648=IFCSTYLEDITEM(#4646,(#913),$);
#4649=IFCSHAPEREPRESENTATION(#15,'Body','Tessellation',(#4646));
#4650=IFCAXIS2PLACEMENT3D(#10,$,$);
#4651=IFCREPRESENTATIONMAP(#4650,#4649);
#4652=IFCCOLUMNTYPE('2trg1iOov8P8a83pz2q$bE',#6,'first_column:first_column',$,$,(#4668),(#4651),'1729972',$,.COLUMN.);
#4653=IFCMAPPEDITEM(#4651,#2116);
#4654=IFCSHAPEREPRESENTATION(#15,'Body','MappedRepresentation',(#4653));
#4655=IFCPRODUCTDEFINITIONSHAPE($,$,(#4654));
#4656=IFCCARTESIANPOINT((14571.482218766341,7201.3688856678973,0.));
#4657=IFCDIRECTION((-0.88140092832803985,-0.47236892736765573,0.));
#4658=IFCAXIS2PLACEMENT3D(#4656,#49,#4657);
#4659=IFCLOCALPLACEMENT(#24,#4658);
#4660=IFCCOLUMN('2HmFfYHsL2OPZKrO6tYf$1',#6,'first_column:first_column:1734630',$,$,#4659,#4655,'1734630',.COLUMN.);
#4661=IFCPROPERTYSET('2U_T4QyJlGCfCjS5xK$kiR',#6,'Pset_ColumnCommon',$,(#1170,#4627,#4628));
#4662=IFCPROPERTYSET('2CKIUMe2rYwhoxq_di6BGO',#6,'Pset_EnvironmentalImpactIndicators',$,(#4627));
#4663=IFCPROPERTYSINGLEVALUE('Reference',$,IFCLABEL('first_column'),$);
#4664=IFCPROPERTYSET('0FtlD7fo9Kq$1PDpCOzqBZ',#6,'Pset_ReinforcementBarPitchOfColumn',$,(#4663));
#4665=IFCRELDEFINESBYPROPERTIES('3ori9csAUtMrckCcL20mkE',#6,$,$,(#4660),#4661);
#4666=IFCRELDEFINESBYPROPERTIES('02WKW7WkK2FrU$9$$2O4Cv',#6,$,$,(#4660),#4662);
#4667=IFCRELDEFINESBYPROPERTIES('0wotGMPQ1B6fZMe4qlWPy$',#6,$,$,(#4660),#4664);
#4668=IFCPROPERTYSET('1nW2Bo7B6M10K90KBDlbDD',#6,'Pset_ColumnCommon',$,(#4628));
#4669=IFCCARTESIANPOINTLIST2D(((-3499.9999999999941,-333.33333333333121),(6999.99999999999,-333.3333333333311),(-3499.9999999999955,666.66666666666242),(-3499.9999999999941,-333.33333333333121)));
#4670=IFCINDEXEDPOLYCURVE(#4669,$,.F.);
#4671=IFCARBITRARYCLOSEDPROFILEDEF(.AREA.,'big_column',#4670);
#4672=IFCCARTESIANPOINT((-166.66666666666723,-500.,2000.));
#4673=IFCAXIS2PLACEMENT3D(#4672,#126,#49);
#4674=IFCEXTRUDEDAREASOLID(#4671,#4673,#49,999.99999999999966);
#4675=IFCSTYLEDITEM(#4674,(#1888),$);
#4676=IFCSHAPEREPRESENTATION(#15,'Body','SweptSolid',(#4674));
#4677=IFCAXIS2PLACEMENT3D(#10,$,$);
#4678=IFCREPRESENTATIONMAP(#4677,#4676);
#4679=IFCCOLUMNTYPE('1w9gyavhT8LAHzSdDLHrlf',#6,'big_column:big_column',$,$,(#4697),(#4678),'1738251',$,.COLUMN.);
#4680=IFCMAPPEDITEM(#4678,#2116);
#4681=IFCSHAPEREPRESENTATION(#15,'Body','MappedRepresentation',(#4680));
#4682=IFCPRODUCTDEFINITIONSHAPE($,$,(#4681));
#4683=IFCCARTESIANPOINT((17243.684532183586,6221.3463855380915,0.));
#4684=IFCDIRECTION((-0.35836794954529883,0.9335804264972023,0.));
#4685=IFCAXIS2PLACEMENT3D(#4683,#49,#4684);
#4686=IFCLOCALPLACEMENT(#24,#4685);
#4687=IFCCOLUMN('07H4IE3N17quz_RDvElapV',#6,'big_column:big_column:1738268',$,$,#4686,#4682,'1738268',.COLUMN.);
#4688=IFCPROPERTYSINGLEVALUE('Reference',$,IFCIDENTIFIER('big_column'),$);
#4689=IFCPROPERTYSINGLEVALUE('Slope',$,IFCPLANEANGLEMEASURE(84.559667968994674),$);
#4690=IFCPROPERTYSET('0jPg1Jcn_8lik65LxzQOiw',#6,'Pset_ColumnCommon',$,(#1170,#4628,#4688,#4689));
#4691=IFCPROPERTYSET('34_rJItiUrFPlYYzqan_jJ',#6,'Pset_EnvironmentalImpactIndicators',$,(#4688));
#4692=IFCPROPERTYSINGLEVALUE('Reference',$,IFCLABEL('big_column'),$);
#4693=IFCPROPERTYSET('0f$YuVvqEUo$d5Z6KHjsqR',#6,'Pset_ReinforcementBarPitchOfColumn',$,(#4692));
#4694=IFCRELDEFINESBYPROPERTIES('3K6hArCFjTiXWDauQo$qG3',#6,$,$,(#4687),#4690);
#4695=IFCRELDEFINESBYPROPERTIES('3iayHthltkvTyRxfxo3_IW',#6,$,$,(#4687),#4691);
#4696=IFCRELDEFINESBYPROPERTIES('3rk$YoWcngvfRElj6aIY6t',#6,$,$,(#4687),#4693);
#4697=IFCPROPERTYSET('3iWgipN6TuOxXGAP30BGnL',#6,'Pset_ColumnCommon',$,(#4628));
#4698=IFCAXIS2PLACEMENT3D(#10,$,$);
#4700=IFCCARTESIANPOINTLIST2D(((-2681.6986091923918,-3333.4222916237973),(-1581.1208807055989,-3333.4222916237977),(-1581.1208807056034,-1739.0159152040524),(-1466.2185057651564,-1487.0059545180229),(-1317.6291654648824,-1224.8953715276957),(-1138.4859275036342,-958.21087628800626),(-932.56610114995703,-692.57562168549691),(-704.21159111381951,-433.59063693389874),(-458.23734668994041,-186.71672755649288),(-199.82983656036222,42.840667957018987),(65.562310042889465,250.24123697410067),(332.34318993880589,431.11185271326843),(464.49442830538692,510.38249828691738),(1203.6364494117042,876.6752951059658),(2018.8791192943568,1002.694061840552),(3180.9937422879216,521.33042396454789),(3662.3573801639632,-640.78419902901101),(3662.3573801639609,-3333.4222916237732),(4375.5895701450654,-3333.422291623775),(4375.58957014508,2266.5777083761523),(2118.3013908076423,2266.5777083761518),(2118.3013908076423,2085.1893354597933),(1818.3013908076416,2085.1893354597946),(1818.3013908076416,1865.1893354597946),(1518.3013908076389,1865.1893354597955),(1518.3013908076391,1645.1893354597946),(1218.3013908076362,1645.1893354597967),(1218.3013908076362,1425.1893354597964),(918.30139080763536,1425.1893354597976),(918.30139080763547,1205.1893354597976),(618.30139080763252,1205.1893354597987),(618.30139080763252,985.18933545979826),(318.30139080762956,985.18933545979939),(318.30139080762967,765.18933545979962),(18.301390807628962,765.18933545980053),(18.301390807629016,545.18933545980076),(-281.69860919237391,545.18933545980178),(-281.69860919237385,325.18933545980195),(-581.69860919237681,325.18933545980298),(-581.69860919237669,105.18933545980262),(-881.69860919237749,105.18933545980362),(-881.69860919237749,-114.81066454019673),(-1181.6986091923804,-114.81066454019572),(-1181.6986091923802,-334.81066454019549),(-1481.6986091923834,-334.81066454019447),(-1481.6986091923832,-554.81066454019424),(-1781.6986091923839,-554.81066454019322),(-1781.6986091923839,-774.81066454019356),(-2081.6986091923868,-774.81066454019265),(-2081.6986091923868,-994.81066454019276),(-2381.6986091923895,-994.81066454019162),(-2381.6986091923895,-1214.8106645401917),(-2681.69860919239,-1214.8106645401908)));
#4701=IFCINDEXEDPOLYCURVE(#4700,(IFCLINEINDEX((1,2,3,4,5,6,7,8,9,10,11,12,13)),IFCARCINDEX((13,14,15)),IFCARCINDEX((15,16,17)),IFCLINEINDEX((17,18,19,20,21,22,23,24,25,26,27,28,29,30,31,32,33,34,35,36,37,38,39,40,41,42,43,44,45,46,47,48,49,50,51,52,53,1))),.F.);
#4702=IFCARBITRARYCLOSEDPROFILEDEF(.AREA.,'StairsCastelnuovo',#4701);
#4703=IFCCARTESIANPOINT((12999.608790458553,4056.7600105165798,1833.4222916237711));
#4704=IFCDIRECTION((-0.3583679495453001,0.93358042649720185,0.));
#4705=IFCDIRECTION((-0.93358042649720185,-0.3583679495453001,-0.));
#4706=IFCAXIS2PLACEMENT3D(#4703,#4704,#4705);
#4707=IFCEXTRUDEDAREASOLID(#4702,#4706,#49,1151.8105581162097);
#4708=IFCCOLOURRGB($,0.41568627450980394,0.10196078431372549,0.84313725490196079);
#4709=IFCSURFACESTYLERENDERING(#4708,0.,$,$,$,$,IFCNORMALISEDRATIOMEASURE(0.5),IFCSPECULAREXPONENT(64.),.NOTDEFINED.);
#4710=IFCSURFACESTYLE('StoneStairs',.BOTH.,(#4709));
#4711=IFCSTYLEDITEM(#4707,(#4710),$);
#4712=IFCSHAPEREPRESENTATION(#15,'Body','SweptSolid',(#4707));
#4714=IFCPRODUCTDEFINITIONSHAPE($,$,(#4712));
#4715=IFCAXIS2PLACEMENT3D(#10,$,$);
#4716=IFCLOCALPLACEMENT(#24,#6963);
#4717=IFCSTAIR('0DMSD0RDPERO_jE_YMCqxm',#6,'StairsCastelnuovo:StairsCastelnuovo:1746094',$,$,#4716,#4714,'1746094',.NOTDEFINED.);
#4718=IFCSTAIRTYPE('0DMSD0RDPERO_jE_YMCqxo',#6,'StairsCastelnuovo:StairsCastelnuovo',$,$,(#4728),$,'1746092',$,.NOTDEFINED.);
#4719=IFCMATERIAL('StoneStairs',$,$);
#4720=IFCPROPERTYSINGLEVALUE('Reference',$,IFCIDENTIFIER('StairsCastelnuovo'),$);
#4721=IFCPROPERTYSET('2w2hSIP0Nd8oIQL1ee9FeL',#6,'Pset_EnvironmentalImpactIndicators',$,(#4720));
#4722=IFCPROPERTYSET('3GVCxXz04moo_mr44y1pBJ',#6,'Pset_StairCommon',$,(#1170,#4720));
#4723=IFCRELDEFINESBYPROPERTIES('2NdzQxkpEBoz9LjooN0auN',#6,$,$,(#4717),#4721);
#4724=IFCRELDEFINESBYPROPERTIES('0WGtB8ERnCewzm3$hfyGs7',#6,$,$,(#4717),#4722);
#4725=IFCPROPERTYSINGLEVALUE('NumberOfRiser',$,IFCCOUNTMEASURE(0.),$);
#4726=IFCPROPERTYSINGLEVALUE('NumberOfTreads',$,IFCCOUNTMEASURE(0.),$);
#4727=IFCPROPERTYSINGLEVALUE('NosingLength',$,IFCLENGTHMEASURE(0.),$);
#4728=IFCPROPERTYSET('3Q8bsYb1DSpbNfThn4pYrl',#6,'Pset_StairCommon',$,(#4725,#4726,#4727));
#4729=IFCAXIS2PLACEMENT3D(#10,$,$);
#4731=IFCCARTESIANPOINTLIST2D(((-870.21395544182678,-438.40260723815828),(-870.21395544182485,-1070.2420361024201),(-77.57957282451477,-1070.2420361024201),(-77.579572824516163,-640.9570852621016),(-36.849935505838836,-445.14660357066333),(78.582432718347846,-281.81866210781226),(451.86687713106289,-10.939039809581502),(879.78604455816367,161.11395308929048),(879.78604455816264,852.99487387893623),(629.78604455816537,852.99487387893646),(629.78604455816503,637.76196035942075),(379.78604455816446,637.76196035942041),(379.7860445581652,422.52904683990477),(129.78604455816682,422.52904683990477),(129.78604455816753,207.296133320389),(-120.21395544183186,207.296133320389),(-120.21395544183115,-7.9367801991267255),(-370.21395544183309,-7.9367801991267255),(-370.21395544182985,-223.16969371864249),(-620.21395544182928,-223.16969371864249),(-620.21395544182849,-438.40260723815828)));
#4732=IFCINDEXEDPOLYCURVE(#4731,(IFCLINEINDEX((1,2,3,4)),IFCARCINDEX((4,5,6)),IFCARCINDEX((6,7,8)),IFCLINEINDEX((8,9,10,11,12,13,14,15,16,17,18,19,20,21,1))),.F.);
#4733=IFCARBITRARYCLOSEDPROFILEDEF(.AREA.,'Stairs_castelnuovo2',#4732);
#4734=IFCCARTESIANPOINT((15258.289225097062,6956.724531437646,-429.75796389761115));
#4735=IFCDIRECTION((-0.98162718344766275,0.1908089953765513,0.));
#4736=IFCDIRECTION((-0.1908089953765513,-0.98162718344766275,-0.));
#4737=IFCAXIS2PLACEMENT3D(#4734,#4735,#4736);
#4738=IFCEXTRUDEDAREASOLID(#4733,#4737,#1156,1097.2050973669313);
#4739=IFCSTYLEDITEM(#4738,(#4710),$);
#4740=IFCSHAPEREPRESENTATION(#15,'Body','SweptSolid',(#4738));
#4742=IFCPRODUCTDEFINITIONSHAPE($,$,(#4740));
#4743=IFCAXIS2PLACEMENT3D(#10,$,$);
#4744=IFCLOCALPLACEMENT(#24,#6964);
#4745=IFCSTAIR('1AbGxiHpn5sOnYo$kgOgNY',#6,'Stairs_castelnuovo2:Stairs_castelnuovo2:1750292',$,$,#4744,#4742,'1750292',.NOTDEFINED.);
#4746=IFCSTAIRTYPE('1AbGxiHpn5sOnYo$kgOgNa',#6,'Stairs_castelnuovo2:Stairs_castelnuovo2',$,$,(#4754),$,'1750290',$,.NOTDEFINED.);
#4747=IFCPROPERTYSINGLEVALUE('Reference',$,IFCIDENTIFIER('Stairs_castelnuovo2'),$);
#4748=IFCPROPERTYSET('36XhzxpB$jKxH2pFri56a1',#6,'Pset_EnvironmentalImpactIndicators',$,(#4747));
#4749=IFCPROPERTYSET('3KgjF$tPyCa7WrJhT3EUXC',#6,'Pset_StairCommon',$,(#1170,#4747));
#4750=IFCRELDEFINESBYPROPERTIES('1Ympv6Sz03mVseZdWw43i8',#6,$,$,(#4745),#4748);
#4751=IFCRELDEFINESBYPROPERTIES('3NmyPgZTLX37pOzrW3MDBi',#6,$,$,(#4745),#4749);
#4752=IFCPROPERTYSINGLEVALUE('NumberOfRiser',$,IFCCOUNTMEASURE(0.),$);
#4753=IFCPROPERTYSINGLEVALUE('NumberOfTreads',$,IFCCOUNTMEASURE(0.),$);
#4754=IFCPROPERTYSET('1LbMY0tEocu5RGN$Ou_BYB',#6,'Pset_StairCommon',$,(#4727,#4752,#4753));
#4755=IFCAXIS2PLACEMENT3D(#10,$,$);
#4757=IFCCARTESIANPOINTLIST2D(((-721.26280853550998,-465.24134695757141),(430.54774958070561,-465.24134695757152),(430.54774958070556,465.24134695756982),(-139.83269062589986,465.24134695757027),(-721.26280853550998,-465.24134695757141)));
#4758=IFCINDEXEDPOLYCURVE(#4757,$,.F.);
#4759=IFCARBITRARYCLOSEDPROFILEDEF(.AREA.,'Stairs3',#4758);
#4760=IFCCARTESIANPOINT((15783.235822683539,5586.4733816251828,-1500.));
#4761=IFCDIRECTION((0.35836794954530043,-0.93358042649720174,0.));
#4762=IFCAXIS2PLACEMENT3D(#4760,#49,#4761);
#4763=IFCEXTRUDEDAREASOLID(#4759,#4762,#49,1923.2369099813441);
#4764=IFCSTYLEDITEM(#4763,(#4710),$);
#4765=IFCSHAPEREPRESENTATION(#15,'Body','SweptSolid',(#4763));
#4767=IFCPRODUCTDEFINITIONSHAPE($,$,(#4765));
#4768=IFCAXIS2PLACEMENT3D(#10,$,$);
#4769=IFCLOCALPLACEMENT(#24,#6965);
#4770=IFCSTAIR('1dGupIgZL6WgUMjgZKGAdD',#6,'Stairs3:Stairs3:1753011',$,$,#4769,#4767,'1753011',.NOTDEFINED.);
#4771=IFCSTAIRTYPE('1dGupIgZL6WgUMjgZKGAdF',#6,'Stairs3:Stairs3',$,$,(#4779),$,'1753009',$,.NOTDEFINED.);
#4772=IFCPROPERTYSINGLEVALUE('Reference',$,IFCIDENTIFIER('Stairs3'),$);
#4773=IFCPROPERTYSET('2QRRIiEtxmhRbEa88h3k8g',#6,'Pset_EnvironmentalImpactIndicators',$,(#4772));
#4774=IFCPROPERTYSET('3L9A3YCZw4Da5IjjC7VY6G',#6,'Pset_StairCommon',$,(#1170,#4772));
#4775=IFCRELDEFINESBYPROPERTIES('18ICjaN$T9RJfCKkEDfDEz',#6,$,$,(#4770),#4773);
#4776=IFCRELDEFINESBYPROPERTIES('295X48GJnPx3Xtz5siTZ41',#6,$,$,(#4770),#4774);
#4777=IFCPROPERTYSINGLEVALUE('NumberOfRiser',$,IFCCOUNTMEASURE(0.),$);
#4778=IFCPROPERTYSINGLEVALUE('NumberOfTreads',$,IFCCOUNTMEASURE(0.),$);
#4779=IFCPROPERTYSET('0m_becLIHNZrSjxJlg13Hi',#6,'Pset_StairCommon',$,(#4727,#4777,#4778));
#4780=IFCCARTESIANPOINTLIST2D(((-250.00000000048493,-750.00000000000659),(250.00000000048493,-750.00000000000659),(250.00000000048493,750.00000000000659),(-250.00000000048493,750.00000000000659),(-250.00000000048493,-750.00000000000659)));
#4781=IFCINDEXEDPOLYCURVE(#4780,$,.F.);
#4782=IFCARBITRARYCLOSEDPROFILEDEF(.AREA.,'DoorV2',#4781);
#4783=IFCCARTESIANPOINT((750.,250.,2000.));
#4784=IFCAXIS2PLACEMENT3D(#4783,#49,#126);
#4785=IFCEXTRUDEDAREASOLID(#4782,#4784,#49,200.);
#4786=IFCCARTESIANPOINTLIST2D(((-250.00000000048493,-99.99999999999838),(250.00000000048493,-99.99999999999838),(250.00000000048493,99.999999999998252),(-250.00000000048493,99.999999999998252),(-250.00000000048493,-99.99999999999838)));
#4787=IFCINDEXEDPOLYCURVE(#4786,$,.F.);
#4788=IFCARBITRARYCLOSEDPROFILEDEF(.AREA.,'DoorV2',#4787);
#4789=IFCCARTESIANPOINT((1400.,250.,0.));
#4790=IFCAXIS2PLACEMENT3D(#4789,#49,#126);
#4791=IFCEXTRUDEDAREASOLID(#4788,#4790,#49,1999.9999999999959);
#4792=IFCCARTESIANPOINTLIST2D(((-250.00000000048493,-100.00000000000122),(250.00000000048493,-100.00000000000122),(250.00000000048493,100.00000000000122),(-250.00000000048493,100.00000000000122),(-250.00000000048493,-100.00000000000122)));
#4793=IFCINDEXEDPOLYCURVE(#4792,$,.F.);
#4794=IFCARBITRARYCLOSEDPROFILEDEF(.AREA.,'DoorV2',#4793);
#4795=IFCCARTESIANPOINT((100.,250.,0.));
#4796=IFCAXIS2PLACEMENT3D(#4795,#49,#126);
#4797=IFCEXTRUDEDAREASOLID(#4794,#4796,#49,2000.0000000000002);
#4798=IFCSTYLEDITEM(#4785,(#2006),$);
#4799=IFCSTYLEDITEM(#4791,(#2006),$);
#4800=IFCSTYLEDITEM(#4797,(#2006),$);
#4801=IFCSHAPEREPRESENTATION(#15,'Body','SweptSolid',(#4785,#4791,#4797));
#4802=IFCAXIS2PLACEMENT3D(#10,$,$);
#4803=IFCREPRESENTATIONMAP(#4802,#4801);
#4804=IFCDOORLININGPROPERTIES('0aLNXoc1TDjApGVJPVMWi8',#6,'DoorV2:DoorV2:1753723',$,$,$,$,$,$,$,$,$,$,$,$,$,$);
#4805=IFCDOORPANELPROPERTIES('0aLNXoc1TDjApGVJLVMWi8',#6,'DoorV2:DoorV2:1753723:1',$,$,.NOTDEFINED.,$,.NOTDEFINED.,$);
#4806=IFCDOORTYPE('0G73GykS2GNlZgY9HPAPB4',#6,'DoorV2:DoorV2',$,$,(#4804,#4805),(#4803),'1721182',$,.DOOR.,.NOTDEFINED.,$,$);
#4807=IFCMAPPEDITEM(#4803,#2116);
#4808=IFCSHAPEREPRESENTATION(#15,'Body','MappedRepresentation',(#4807));
#4809=IFCPRODUCTDEFINITIONSHAPE($,$,(#4808));
#4810=IFCCARTESIANPOINT((18739.674577223959,-12582.347204599384,0.));
#4811=IFCAXIS2PLACEMENT3D(#4810,$,$);
#4813=IFCDOOR('0aLNXoc1TDjApGVJTVMWi8',#6,'DoorV2:DoorV2:1753723',$,$,#6571,#4809,'1753723',2200.0000000000018,1499.9999999999905,.DOOR.,$,$);
#4814=IFCPROPERTYSET('2VOExdF$$dvd74XysQOf4X',#6,'Pset_DoorCommon',$,(#336,#1170));
#4815=IFCPROPERTYSET('1SiQo4gPHjQjgNl8CSBHDm',#6,'Pset_EnvironmentalImpactIndicators',$,(#336));
#4816=IFCRELDEFINESBYPROPERTIES('1frD$C5zkSiuO$v68Fgi3L',#6,$,$,(#4813),#4814);
#4817=IFCRELDEFINESBYPROPERTIES('1v0nYi8QyExsVorRryc8S9',#6,$,$,(#4813),#4815);
#4818=IFCAXIS2PLACEMENT3D(#10,$,$);
#4819=IFCLOCALPLACEMENT(#28,#4818);
#4820=IFCCARTESIANPOINTLIST2D(((-1410.3603156114038,-3000.0000000000009),(377.37747574240842,-3000.0000000000009),(2443.343155480412,3000.0000000000036),(-1410.3603156114164,2999.9999999999995),(-1410.3603156114038,-3000.0000000000009)));
#4821=IFCINDEXEDPOLYCURVE(#4820,$,.F.);
#4822=IFCARBITRARYCLOSEDPROFILEDEF(.AREA.,$,#4821);
#4823=IFCCARTESIANPOINT((17589.674577223966,-10671.986888987971,0.));
#4824=IFCAXIS2PLACEMENT3D(#4823,#1156,#126);
#4825=IFCEXTRUDEDAREASOLID(#4822,#4824,#49,100.);
#4826=IFCSTYLEDITEM(#4825,(#1707),$);
#4827=IFCSHAPEREPRESENTATION(#15,'Body','SweptSolid',(#4825));
#4828=IFCCARTESIANPOINTLIST2D(((14589.674577223965,-12082.347204599371),(14589.674577223966,-10294.60941324556),(20589.674577223974,-8228.6437335075625),(20589.674577223966,-12082.347204599391),(14589.674577223965,-12082.347204599371)));
#4829=IFCINDEXEDPOLYCURVE(#4828,$,.F.);
#4830=IFCSHAPEREPRESENTATION(#17,'FootPrint','Curve2D',(#4829));
#4831=IFCPRODUCTDEFINITIONSHAPE($,$,(#4827,#4830));
#4832=IFCSLAB('0aLNXoc1TDjApGVJTVMWep',#6,'Floor:Historic_timber_floor:1753920',$,$,#4819,#4831,'1753920',.FLOOR.);
#4833=IFCPROPERTYSET('03Tsn0w6el1K0NzWs3nVCo',#6,'Pset_EnvironmentalImpactIndicators',$,(#1717));
#4834=IFCPROPERTYSINGLEVALUE('Reference',$,IFCLABEL('Historic_timber_floor'),$);
#4835=IFCPROPERTYSET('3pu89LMSqcZ2C8aCoMizgM',#6,'Pset_ReinforcementBarPitchOfSlab',$,(#4834));
#4836=IFCPROPERTYSET('0OO_iMcW2Jha4kZtrj_fOc',#6,'Pset_SlabCommon',$,(#75,#1170,#1717,#1721));
#4837=IFCRELDEFINESBYPROPERTIES('0cH58SDbodKtg6fvNTGx38',#6,$,$,(#4832),#4833);
#4838=IFCRELDEFINESBYPROPERTIES('1QM0tSnPVY6e0_6Mt$DzxR',#6,$,$,(#4832),#4835);
#4839=IFCRELDEFINESBYPROPERTIES('1rEaVA$uIZkoRRPD1AS_ky',#6,$,$,(#4832),#4836);
#4840=IFCAXIS2PLACEMENT3D(#10,$,$);
#4841=IFCLOCALPLACEMENT(#32,#4840);
#4842=IFCCARTESIANPOINTLIST2D(((-1410.3603156114038,-3000.0000000000009),(377.37747574240842,-3000.0000000000009),(2443.343155480412,3000.0000000000036),(-1410.3603156114164,2999.9999999999995),(-1410.3603156114038,-3000.0000000000009)));
#4843=IFCINDEXEDPOLYCURVE(#4842,$,.F.);
#4844=IFCARBITRARYCLOSEDPROFILEDEF(.AREA.,$,#4843);
#4845=IFCCARTESIANPOINT((17589.674577223966,-10671.986888987971,0.));
#4846=IFCAXIS2PLACEMENT3D(#4845,#1156,#126);
#4847=IFCEXTRUDEDAREASOLID(#4844,#4846,#49,100.);
#4848=IFCSTYLEDITEM(#4847,(#1707),$);
#4849=IFCSHAPEREPRESENTATION(#15,'Body','SweptSolid',(#4847));
#4850=IFCCARTESIANPOINTLIST2D(((14589.674577223965,-12082.347204599371),(14589.674577223966,-10294.60941324556),(20589.674577223974,-8228.6437335075625),(20589.674577223966,-12082.347204599391),(14589.674577223965,-12082.347204599371)));
#4851=IFCINDEXEDPOLYCURVE(#4850,$,.F.);
#4852=IFCSHAPEREPRESENTATION(#17,'FootPrint','Curve2D',(#4851));
#4853=IFCPRODUCTDEFINITIONSHAPE($,$,(#4849,#4852));
#4854=IFCSLAB('0aLNXoc1TDjApGVJTVMWhK',#6,'Floor:Historic_timber_floor:1754023',$,$,#4841,#4853,'1754023',.FLOOR.);
#4855=IFCPROPERTYSET('017KFXroL_TiCh3lqplATT',#6,'Pset_EnvironmentalImpactIndicators',$,(#1717));
#4856=IFCPROPERTYSINGLEVALUE('Reference',$,IFCLABEL('Historic_timber_floor'),$);
#4857=IFCPROPERTYSET('0jFfPjV4oIHGsg10qj9iqi',#6,'Pset_ReinforcementBarPitchOfSlab',$,(#4856));
#4858=IFCPROPERTYSET('140XqbNXXKWyvtF1oHDqfH',#6,'Pset_SlabCommon',$,(#75,#1170,#1717,#1721));
#4859=IFCRELDEFINESBYPROPERTIES('0Bkwm1y$QTZ6hz_L3R7Fmg',#6,$,$,(#4854),#4855);
#4860=IFCRELDEFINESBYPROPERTIES('3XNdtwDgRNbMd7HhaUVk5D',#6,$,$,(#4854),#4857);
#4861=IFCRELDEFINESBYPROPERTIES('2ZETDAi47HqmO$InsIzzUo',#6,$,$,(#4854),#4858);
#4862=IFCAXIS2PLACEMENT3D(#4879,$,$);
#4863=IFCLOCALPLACEMENT(#5036,#6243);
#4879=IFCCARTESIANPOINT((15562.459440830162,-13582.34720459938,-1847.5208614067974));
#4880=IFCCARTESIANPOINT((-1732.0508075688754,-500.));
#4881=IFCDIRECTION((0.,-1.));
#4882=IFCAXIS2PLACEMENT2D(#4880,#4881);
#4883=IFCRECTANGLEPROFILEDEF(.AREA.,$,#4882,999.99999999999352,3464.1016151377489);
#4884=IFCCARTESIANPOINT((3000.,1000.,1847.5208614067981));
#4885=IFCDIRECTION((-0.49999999999999956,0.,0.86602540378443893));
#4886=IFCDIRECTION((0.86602540378443893,0.,0.49999999999999956));
#4887=IFCAXIS2PLACEMENT3D(#4884,#4885,#4886);
#4888=IFCDIRECTION((-0.49999999999999956,0.,-0.86602540378443893));
#4889=IFCEXTRUDEDAREASOLID(#4883,#4887,#4888,115.47005383792512);
#4890=IFCCOLOURRGB($,0.50196078431372548,0.50196078431372548,0.50196078431372548);
#4891=IFCSURFACESTYLERENDERING(#4890,0.,$,$,$,$,IFCNORMALISEDRATIOMEASURE(0.00390625),IFCSPECULAREXPONENT(10.),.NOTDEFINED.);
#4892=IFCSURFACESTYLE('Default Floor',.BOTH.,(#4891));
#4893=IFCSTYLEDITEM(#4889,(#1707),$);
#4894=IFCSHAPEREPRESENTATION(#15,'Body','SweptSolid',(#4889));
#4895=IFCPRODUCTDEFINITIONSHAPE($,$,(#4894,#4898));
#4896=IFCCARTESIANPOINTLIST2D(((4066.6666666666606,999.99999999999136),(4066.6666666666606,-2.1657342585967854E-012),(1066.6666666666624,1.5160139810177497E-011),(1066.6666666666645,1000.0000000000001),(4066.6666666666606,999.99999999999136)));
#4897=IFCINDEXEDPOLYCURVE(#4896,$,.F.);
#4898=IFCSHAPEREPRESENTATION(#17,'FootPrint','Curve2D',(#4897));
#4899=IFCSLAB('0aLNXoc1TDjApGVJTVMWyK',#6,'Floor:Historic_timber_floor:1754727',$,$,#4863,#4895,'1754727',.FLOOR.);
#4900=IFCPROPERTYSET('1GXshTvusYmC8mJXm7NezX',#6,'Pset_EnvironmentalImpactIndicators',$,(#1717));
#4901=IFCPROPERTYSINGLEVALUE('Reference',$,IFCLABEL('Historic_timber_floor'),$);
#4902=IFCPROPERTYSET('3ZdVds_0XhY8$yX6IQKmOD',#6,'Pset_ReinforcementBarPitchOfSlab',$,(#4901));
#4903=IFCPROPERTYSINGLEVALUE('PitchAngle',$,IFCPLANEANGLEMEASURE(30.),$);
#4904=IFCPROPERTYSET('0VWtwOmeqivVFQBYk$6lm9',#6,'Pset_SlabCommon',$,(#75,#1170,#1717,#4903));
#4905=IFCRELDEFINESBYPROPERTIES('1kutxKouVZa1b2ciFVd5Io',#6,$,$,(#4899),#4900);
#4906=IFCRELDEFINESBYPROPERTIES('36Tir4wklQTSQxe_wuKvQF',#6,$,$,(#4899),#4902);
#4907=IFCRELDEFINESBYPROPERTIES('37pfrcLAlbQP63UIYUoP4_',#6,$,$,(#4899),#4904);
#4908=IFCAXIS2PLACEMENT3D(#10,$,$);
#4909=IFCLOCALPLACEMENT(#5036,#6245);
#4910=IFCCARTESIANPOINTLIST2D(((-499.99999999999352,-486.39243180310154),(499.99999999999568,-486.39243180310154),(499.99999999999568,486.39243180309938),(-499.99999999999568,486.39243180309938),(-499.99999999999352,-486.39243180310154)));
#4911=IFCINDEXEDPOLYCURVE(#4910,$,.F.);
#4912=IFCARBITRARYCLOSEDPROFILEDEF(.AREA.,$,#4911);
#4913=IFCCARTESIANPOINT((15068.386180118543,-13082.347204599369,-1737.7058873691451));
#4914=IFCAXIS2PLACEMENT3D(#4913,#1156,#126);
#4915=IFCEXTRUDEDAREASOLID(#4912,#4914,#49,100.);
#4916=IFCSTYLEDITEM(#4915,(#1707),$);
#4917=IFCSHAPEREPRESENTATION(#15,'Body','SweptSolid',(#4915));
#4918=IFCCARTESIANPOINTLIST2D(((14581.993748315441,-13582.347204599362),(14581.993748315443,-12582.347204599373),(15554.778611921643,-12582.347204599375),(15554.778611921642,-13582.347204599366),(14581.993748315441,-13582.347204599362)));
#4919=IFCINDEXEDPOLYCURVE(#4918,$,.F.);
#4920=IFCSHAPEREPRESENTATION(#17,'FootPrint','Curve2D',(#4919));
#4921=IFCPRODUCTDEFINITIONSHAPE($,$,(#4917,#4920));
#4922=IFCSLAB('0aLNXoc1TDjApGVJTVMWvH',#6,'Floor:Historic_timber_floor:1754914',$,$,#4909,#4921,'1754914',.FLOOR.);
#4923=IFCPROPERTYSET('0XF71wLQVtE2AbpKX_29ff',#6,'Pset_EnvironmentalImpactIndicators',$,(#1717));
#4924=IFCPROPERTYSINGLEVALUE('Reference',$,IFCLABEL('Historic_timber_floor'),$);
#4925=IFCPROPERTYSET('3JTFHlByJ2b3zxdrnspzLZ',#6,'Pset_ReinforcementBarPitchOfSlab',$,(#4924));
#4926=IFCPROPERTYSET('3vse92080vk6WpKzZVtaEx',#6,'Pset_SlabCommon',$,(#75,#1170,#1717,#1721));
#4927=IFCRELDEFINESBYPROPERTIES('1SGxUjo24qwjj7ED2gHgE$',#6,$,$,(#4922),#4923);
#4928=IFCRELDEFINESBYPROPERTIES('2IgCLx35Eiui2W8IApFbsE',#6,$,$,(#4922),#4925);
#4929=IFCRELDEFINESBYPROPERTIES('2K$mkzilaRKlcdi6bwdkjr',#6,$,$,(#4922),#4926);
#4930=IFCAXIS2PLACEMENT3D(#4948,$,$);
#4931=IFCLOCALPLACEMENT(#5036,#6247);
#4948=IFCCARTESIANPOINT((14589.674577223961,-15382.347204599371,-2892.4005383792592));
#4949=IFCCARTESIANPOINT((486.39243180309722,-1039.2304845413348));
#4950=IFCDIRECTION((1.,0.));
#4951=IFCAXIS2PLACEMENT2D(#4949,#4950);
#4952=IFCRECTANGLEPROFILEDEF(.AREA.,$,#4951,972.78486360619445,2078.4609690826696);
#4953=IFCCARTESIANPOINT((0.,1800.,1154.7005383792584));
#4954=IFCDIRECTION((0.,-0.49999999999999956,0.86602540378443893));
#4955=IFCAXIS2PLACEMENT3D(#4953,#4954,#1283);
#4956=IFCDIRECTION((-0.,-0.49999999999999956,-0.86602540378443893));
#4957=IFCEXTRUDEDAREASOLID(#4952,#4955,#4956,115.47005383792512);
#4958=IFCSTYLEDITEM(#4957,(#1707),$);
#4959=IFCSHAPEREPRESENTATION(#15,'Body','SweptSolid',(#4957));
#4960=IFCPRODUCTDEFINITIONSHAPE($,$,(#4959,#4963));
#4961=IFCCARTESIANPOINTLIST2D(((0.,1669.9282294374827),(0.,3469.928229437498),(972.78486360619445,3469.928229437498),(972.78486360619445,1669.9282294374827),(0.,1669.9282294374827)));
#4962=IFCINDEXEDPOLYCURVE(#4961,$,.F.);
#4963=IFCSHAPEREPRESENTATION(#17,'FootPrint','Curve2D',(#4962));
#4964=IFCSLAB('1TbC1n9qrBqe291LaEWwhn',#6,'Floor:Historic_timber_floor:1755403',$,$,#4931,#4960,'1755403',.FLOOR.);
#4965=IFCPROPERTYSET('28DhlhznUrZhLlHxYRcu3B',#6,'Pset_EnvironmentalImpactIndicators',$,(#1717));
#4966=IFCPROPERTYSINGLEVALUE('Reference',$,IFCLABEL('Historic_timber_floor'),$);
#4967=IFCPROPERTYSET('0k46ZAHhctX0$6dddz4HrZ',#6,'Pset_ReinforcementBarPitchOfSlab',$,(#4966));
#4968=IFCPROPERTYSET('3Tb3gUPNhV5iswpUwHMKU9',#6,'Pset_SlabCommon',$,(#75,#1170,#1717,#4903));
#4969=IFCRELDEFINESBYPROPERTIES('3sbbMXlLlkcwZ$fQY1Uh3F',#6,$,$,(#4964),#4965);
#4970=IFCRELDEFINESBYPROPERTIES('0k2ZAgZj83Ofs4KRfI_XWt',#6,$,$,(#4964),#4967);
#4971=IFCRELDEFINESBYPROPERTIES('22EvZYUeWbwzx6bFTb7AEI',#6,$,$,(#4964),#4968);
#4972=IFCAXIS2PLACEMENT3D(#10,$,$);
#4973=IFCLOCALPLACEMENT(#5036,#6248);
#4974=IFCCARTESIANPOINTLIST2D(((-535.34549644676895,-486.39243180309398),(535.34549644677111,-486.39243180309398),(535.34549644677111,486.39243180309398),(-535.34549644676895,486.39243180309398),(-535.34549644676895,-486.39243180309398)));
#4975=IFCINDEXEDPOLYCURVE(#4974,$,.F.);
#4976=IFCARBITRARYCLOSEDPROFILEDEF(.AREA.,$,#4975);
#4977=IFCCARTESIANPOINT((15076.067009027054,-15917.692701046142,1323.0695154586647));
#4978=IFCAXIS2PLACEMENT3D(#4977,#1156,#126);
#4979=IFCEXTRUDEDAREASOLID(#4976,#4978,#49,100.);
#4980=IFCSTYLEDITEM(#4979,(#1707),$);
#4981=IFCSHAPEREPRESENTATION(#15,'Body','SweptSolid',(#4979));
#4982=IFCCARTESIANPOINTLIST2D(((14589.674577223961,-16453.038197492911),(14589.674577223961,-15382.347204599371),(15562.459440830149,-15382.347204599371),(15562.459440830149,-16453.038197492911),(14589.674577223961,-16453.038197492911)));
#4983=IFCINDEXEDPOLYCURVE(#4982,$,.F.);
#4984=IFCSHAPEREPRESENTATION(#17,'FootPrint','Curve2D',(#4983));
#4985=IFCPRODUCTDEFINITIONSHAPE($,$,(#4981,#4984));
#4986=IFCSLAB('0ea1Xu0hL5yfwWWtm$G$jn',#6,'Floor:Historic_timber_floor:1755709',$,$,#4973,#4985,'1755709',.FLOOR.);
#4987=IFCPROPERTYSET('3OdeBM4RStxjSw6vgL_XUp',#6,'Pset_EnvironmentalImpactIndicators',$,(#1717));
#4988=IFCPROPERTYSINGLEVALUE('Reference',$,IFCLABEL('Historic_timber_floor'),$);
#4989=IFCPROPERTYSET('1H2o7TXS$Jk3Y6dYtKc2Sg',#6,'Pset_ReinforcementBarPitchOfSlab',$,(#4988));
#4990=IFCPROPERTYSET('31Q4qhYH5pYx4LmLmHEWnl',#6,'Pset_SlabCommon',$,(#75,#1170,#1717,#1721));
#4991=IFCRELDEFINESBYPROPERTIES('2vQvYk1lYrhiDDI7mz86Gh',#6,$,$,(#4986),#4987);
#4992=IFCRELDEFINESBYPROPERTIES('14s6pB7qAVneLFHv0lva9L',#6,$,$,(#4986),#4989);
#4993=IFCRELDEFINESBYPROPERTIES('1EX9FaWJ1UZY$sYrCrr6_J',#6,$,$,(#4986),#4990);
#4994=IFCAXIS2PLACEMENT3D(#5011,$,$);
#4995=IFCLOCALPLACEMENT(#5036,#6250);
#5011=IFCCARTESIANPOINT((15562.459440830155,-16453.038197492911,499.06647227019727));
#5012=IFCCARTESIANPOINT((708.53298935054556,535.34549644676997));
#5013=IFCAXIS2PLACEMENT2D(#5012,#4881);
#5014=IFCRECTANGLEPROFILEDEF(.AREA.,$,#5013,1070.6909928935399,1417.0659787010911);
#5015=IFCCARTESIANPOINT((0.,0.,824.00304318846997));
#5016=IFCDIRECTION((0.49999999999999956,0.,0.86602540378443893));
#5017=IFCDIRECTION((0.86602540378443893,0.,-0.49999999999999956));
#5018=IFCAXIS2PLACEMENT3D(#5015,#5016,#5017);
#5019=IFCDIRECTION((0.49999999999999956,0.,-0.86602540378443893));
#5020=IFCEXTRUDEDAREASOLID(#5014,#5018,#5019,115.47005383792512);
#5021=IFCSTYLEDITEM(#5020,(#1707),$);
#5022=IFCSHAPEREPRESENTATION(#15,'Body','SweptSolid',(#5020));
#5023=IFCPRODUCTDEFINITIONSHAPE($,$,(#5022,#5026));
#5024=IFCCARTESIANPOINTLIST2D(((1515.3512985025193,1070.6909928935399),(1515.3512985025193,0.),(288.13616210871567,0.),(288.13616210871567,1070.6909928935399),(1515.3512985025193,1070.6909928935399)));
#5025=IFCINDEXEDPOLYCURVE(#5024,$,.F.);
#5026=IFCSHAPEREPRESENTATION(#17,'FootPrint','Curve2D',(#5025));
#5027=IFCSLAB('0ea1Xu0hL5yfwWWtm$G$iY',#6,'Floor:Historic_timber_floor:1755758',$,$,#4995,#5023,'1755758',.FLOOR.);
#5028=IFCPROPERTYSET('3QtsfzmMQUOIT9izrjpBGt',#6,'Pset_EnvironmentalImpactIndicators',$,(#1717));
#5029=IFCPROPERTYSINGLEVALUE('Reference',$,IFCLABEL('Historic_timber_floor'),$);
#5030=IFCPROPERTYSET('2Hl8qD0ghjpuLj2JEqoIcI',#6,'Pset_ReinforcementBarPitchOfSlab',$,(#5029));
#5031=IFCPROPERTYSET('3AFuzrMmNaxWRQCvzqkjan',#6,'Pset_SlabCommon',$,(#75,#1170,#1717,#4903));
#5032=IFCRELDEFINESBYPROPERTIES('0YPPltNftGa2$gFJ5L4TnZ',#6,$,$,(#5027),#5028);
#5033=IFCRELDEFINESBYPROPERTIES('1t7vUvk0VS5r_WkQ3ryKQu',#6,$,$,(#5027),#5030);
#5034=IFCRELDEFINESBYPROPERTIES('2r9V9XGF1toBaerFgFRDTI',#6,$,$,(#5027),#5031);
#5035=IFCAXIS2PLACEMENT3D(#10,$,$);
#5036=IFCLOCALPLACEMENT(#24,#5035);
#5037=IFCELEMENTASSEMBLY('2Sp0MWkir5FwmZLgiNIsog',#6,'Floors Assembly:Stairs_first_floors_417:1756112',$,$,#5036,$,'1756112',.NOTDEFINED.,.NOTDEFINED.);
#5038=IFCELEMENTASSEMBLYTYPE('2Sp0MWkir5FwmZLgiNIsoh',#6,'Floors Assembly:Stairs_first_floors_417',$,$,$,$,'1756113',$,.NOTDEFINED.);
#5039=IFCPROPERTYSINGLEVALUE('Reference',$,IFCIDENTIFIER('Stairs_first_floors_417'),$);
#5040=IFCPROPERTYSET('3_avjb7SLTZzoIqxADRi4y',#6,'Pset_ElementAssemblyCommon',$,(#5039));
#5041=IFCPROPERTYSET('043fHusujUtjFhYtyfCC8D',#6,'Pset_EnvironmentalImpactIndicators',$,(#5039));
#5042=IFCRELDEFINESBYPROPERTIES('0zdgM4h68a_XdLjbM8N7Kk',#6,$,$,(#5037),#5040);
#5043=IFCRELDEFINESBYPROPERTIES('3B2vCTgv5eM4C604xV3phq',#6,$,$,(#5037),#5041);
#5044=IFCAXIS2PLACEMENT3D(#5061,$,$);
#5045=IFCLOCALPLACEMENT(#32,#5044);
#5061=IFCCARTESIANPOINT((15562.459440830162,-13582.34720459938,-1846.6208614067982));
#5062=IFCCARTESIANPOINT((-1732.0508075688756,-500.));
#5063=IFCAXIS2PLACEMENT2D(#5062,#4881);
#5064=IFCRECTANGLEPROFILEDEF(.AREA.,$,#5063,999.99999999999352,3464.1016151377494);
#5065=IFCCARTESIANPOINT((3000.,1000.,1847.5208614067981));
#5066=IFCDIRECTION((-0.49999999999999956,0.,0.86602540378443893));
#5067=IFCDIRECTION((0.86602540378443893,0.,0.49999999999999956));
#5068=IFCAXIS2PLACEMENT3D(#5065,#5066,#5067);
#5069=IFCDIRECTION((-0.49999999999999956,0.,-0.86602540378443893));
#5070=IFCEXTRUDEDAREASOLID(#5064,#5068,#5069,115.47005383792512);
#5071=IFCSTYLEDITEM(#5070,(#1707),$);
#5072=IFCSHAPEREPRESENTATION(#15,'Body','SweptSolid',(#5070));
#5073=IFCPRODUCTDEFINITIONSHAPE($,$,(#5072,#5076));
#5074=IFCCARTESIANPOINTLIST2D(((4066.1470514244866,999.99999999999136),(4066.1470514244866,-2.1657342585967854E-012),(1066.1470514244886,1.5160139810177497E-011),(1066.1470514244907,1000.0000000000001),(4066.1470514244866,999.99999999999136)));
#5075=IFCINDEXEDPOLYCURVE(#5074,$,.F.);
#5076=IFCSHAPEREPRESENTATION(#17,'FootPrint','Curve2D',(#5075));
#5077=IFCSLAB('2V0b55YKLC69NBLE4qT53m',#6,'Floor:Historic_timber_floor:1756699',$,$,#5045,#5073,'1756699',.FLOOR.);
#5078=IFCPROPERTYSET('1CmrfEZcJD0Td3AXL_iSm2',#6,'Pset_EnvironmentalImpactIndicators',$,(#1717));
#5079=IFCPROPERTYSINGLEVALUE('Reference',$,IFCLABEL('Historic_timber_floor'),$);
#5080=IFCPROPERTYSET('2gSmSaACVd1gZFYMkOymdz',#6,'Pset_ReinforcementBarPitchOfSlab',$,(#5079));
#5081=IFCPROPERTYSET('0xyVTnsiKIryfdWAOwgpu5',#6,'Pset_SlabCommon',$,(#75,#1170,#1717,#4903));
#5082=IFCRELDEFINESBYPROPERTIES('1SXNZutVTAxlBCmi_avgKe',#6,$,$,(#5077),#5078);
#5083=IFCRELDEFINESBYPROPERTIES('3SPJf1_UzvVYPRQ$6s1vEO',#6,$,$,(#5077),#5080);
#5084=IFCRELDEFINESBYPROPERTIES('0j_goJznNAUQi5g23a61Rq',#6,$,$,(#5077),#5081);
#5085=IFCAXIS2PLACEMENT3D(#10,$,$);
#5086=IFCLOCALPLACEMENT(#32,#5085);
#5087=IFCCARTESIANPOINTLIST2D(((-499.99999999999352,-486.39243180310154),(499.99999999999568,-486.39243180310154),(499.99999999999568,486.39243180309938),(-499.99999999999568,486.39243180309938),(-499.99999999999352,-486.39243180310154)));
#5088=IFCINDEXEDPOLYCURVE(#5087,$,.F.);
#5089=IFCARBITRARYCLOSEDPROFILEDEF(.AREA.,$,#5088);
#5090=IFCCARTESIANPOINT((15068.386180118543,-13082.347204599369,-1737.6782470086553));
#5091=IFCAXIS2PLACEMENT3D(#5090,#1156,#126);
#5092=IFCEXTRUDEDAREASOLID(#5089,#5091,#49,100.);
#5093=IFCSTYLEDITEM(#5092,(#1707),$);
#5094=IFCSHAPEREPRESENTATION(#15,'Body','SweptSolid',(#5092));
#5095=IFCCARTESIANPOINTLIST2D(((14581.993748315441,-13582.347204599362),(14581.993748315443,-12582.347204599373),(15554.778611921643,-12582.347204599375),(15554.778611921642,-13582.347204599366),(14581.993748315441,-13582.347204599362)));
#5096=IFCINDEXEDPOLYCURVE(#5095,$,.F.);
#5097=IFCSHAPEREPRESENTATION(#17,'FootPrint','Curve2D',(#5096));
#5098=IFCPRODUCTDEFINITIONSHAPE($,$,(#5094,#5097));
#5099=IFCSLAB('2V0b55YKLC69NBLE4qT53A',#6,'Floor:Historic_timber_floor:1756705',$,$,#5086,#5098,'1756705',.FLOOR.);
#5100=IFCPROPERTYSET('0OmqcCHNpg79yma36v4ed2',#6,'Pset_EnvironmentalImpactIndicators',$,(#1717));
#5101=IFCPROPERTYSINGLEVALUE('Reference',$,IFCLABEL('Historic_timber_floor'),$);
#5102=IFCPROPERTYSET('0IzYzt6iLkP_wHHoZ3Zfkh',#6,'Pset_ReinforcementBarPitchOfSlab',$,(#5101));
#5103=IFCPROPERTYSET('0o1AOD6LBmLUWYsgthS$2x',#6,'Pset_SlabCommon',$,(#75,#1170,#1717,#1721));
#5104=IFCRELDEFINESBYPROPERTIES('1mheapLKS15sFzq465W3o1',#6,$,$,(#5099),#5100);
#5105=IFCRELDEFINESBYPROPERTIES('0WqkHpXlLRCW5KYP11g82R',#6,$,$,(#5099),#5102);
#5106=IFCRELDEFINESBYPROPERTIES('0c_DijrVAg0S8CcotNNcMY',#6,$,$,(#5099),#5103);
#5107=IFCAXIS2PLACEMENT3D(#5125,$,$);
#5108=IFCLOCALPLACEMENT(#32,#5107);
#5125=IFCCARTESIANPOINT((14589.674577223961,-15382.347204599371,-2892.3787853879076));
#5126=IFCCARTESIANPOINT((486.39243180309722,-1039.2304845413348));
#5127=IFCAXIS2PLACEMENT2D(#5126,#4950);
#5128=IFCRECTANGLEPROFILEDEF(.AREA.,$,#5127,972.78486360619445,2078.4609690826696);
#5129=IFCCARTESIANPOINT((0.,1800.,1154.7005383792584));
#5130=IFCDIRECTION((0.,-0.49999999999999956,0.86602540378443893));
#5131=IFCAXIS2PLACEMENT3D(#5129,#5130,#1283);
#5132=IFCDIRECTION((-0.,-0.49999999999999956,-0.86602540378443893));
#5133=IFCEXTRUDEDAREASOLID(#5128,#5131,#5132,115.47005383792512);
#5134=IFCSTYLEDITEM(#5133,(#1707),$);
#5135=IFCSHAPEREPRESENTATION(#15,'Body','SweptSolid',(#5133));
#5136=IFCPRODUCTDEFINITIONSHAPE($,$,(#5135,#5139));
#5137=IFCCARTESIANPOINTLIST2D(((0.,1669.9316285117393),(0.,3469.9316285117543),(972.78486360619445,3469.9316285117543),(972.78486360619445,1669.9316285117393),(0.,1669.9316285117393)));
#5138=IFCINDEXEDPOLYCURVE(#5137,$,.F.);
#5139=IFCSHAPEREPRESENTATION(#17,'FootPrint','Curve2D',(#5138));
#5140=IFCSLAB('2V0b55YKLC69NBLE4qT532',#6,'Floor:Historic_timber_floor:1756713',$,$,#5108,#5136,'1756713',.FLOOR.);
#5141=IFCPROPERTYSET('2BlNVspm2VCGToZ$I35Nj9',#6,'Pset_EnvironmentalImpactIndicators',$,(#1717));
#5142=IFCPROPERTYSINGLEVALUE('Reference',$,IFCLABEL('Historic_timber_floor'),$);
#5143=IFCPROPERTYSET('1JGUW6LgxTr7dbaIXk4Fh7',#6,'Pset_ReinforcementBarPitchOfSlab',$,(#5142));
#5144=IFCPROPERTYSET('2i3bqwSMyiRqwZQMv93UMk',#6,'Pset_SlabCommon',$,(#75,#1170,#1717,#4903));
#5145=IFCRELDEFINESBYPROPERTIES('1Wwx1tOuFZ67TzCmkcGjus',#6,$,$,(#5140),#5141);
#5146=IFCRELDEFINESBYPROPERTIES('0dHOroeP4cua1eu2xeX0DD',#6,$,$,(#5140),#5143);
#5147=IFCRELDEFINESBYPROPERTIES('3PlwBE9cQcC8wXhNN65gre',#6,$,$,(#5140),#5144);
#5148=IFCAXIS2PLACEMENT3D(#10,$,$);
#5149=IFCLOCALPLACEMENT(#28,#5148);
#5150=IFCCARTESIANPOINTLIST2D(((-535.34549644676895,-486.39243180309398),(535.34549644677111,-486.39243180309398),(535.34549644677111,486.39243180309398),(-535.34549644676895,486.39243180309398),(-535.34549644676895,-486.39243180309398)));
#5151=IFCINDEXEDPOLYCURVE(#5150,$,.F.);
#5152=IFCARBITRARYCLOSEDPROFILEDEF(.AREA.,$,#5151);
#5153=IFCCARTESIANPOINT((15076.067009027054,-15917.692701046139,724.));
#5154=IFCAXIS2PLACEMENT3D(#5153,#1156,#126);
#5155=IFCEXTRUDEDAREASOLID(#5152,#5154,#49,100.);
#5156=IFCSTYLEDITEM(#5155,(#1707),$);
#5157=IFCSHAPEREPRESENTATION(#15,'Body','SweptSolid',(#5155));
#5158=IFCCARTESIANPOINTLIST2D(((14589.674577223961,-16453.038197492908),(14589.674577223961,-15382.347204599368),(15562.459440830149,-15382.347204599368),(15562.459440830149,-16453.038197492908),(14589.674577223961,-16453.038197492908)));
#5159=IFCINDEXEDPOLYCURVE(#5158,$,.F.);
#5160=IFCSHAPEREPRESENTATION(#17,'FootPrint','Curve2D',(#5159));
#5161=IFCPRODUCTDEFINITIONSHAPE($,$,(#5157,#5160));
#5162=IFCSLAB('2V0b55YKLC69NBLE4qT53R',#6,'Floor:Historic_timber_floor:1756720',$,$,#5149,#5161,'1756720',.FLOOR.);
#5163=IFCPROPERTYSET('3n2v5vsd8NR0FR_eAz2Y2s',#6,'Pset_EnvironmentalImpactIndicators',$,(#1717));
#5164=IFCPROPERTYSINGLEVALUE('Reference',$,IFCLABEL('Historic_timber_floor'),$);
#5165=IFCPROPERTYSET('22WXKqY$PpXxhFctmrBY$S',#6,'Pset_ReinforcementBarPitchOfSlab',$,(#5164));
#5166=IFCPROPERTYSET('2zIacCs8hJQfLnLy0POefT',#6,'Pset_SlabCommon',$,(#75,#1170,#1717,#1721));
#5167=IFCRELDEFINESBYPROPERTIES('2kYGsMjpohsTgBWm1rD_4e',#6,$,$,(#5162),#5163);
#5168=IFCRELDEFINESBYPROPERTIES('379nFSQqvtxjLAkP2wkZ2q',#6,$,$,(#5162),#5165);
#5169=IFCRELDEFINESBYPROPERTIES('0by1A4QpNZta7UYwx9AucS',#6,$,$,(#5162),#5166);
#5170=IFCAXIS2PLACEMENT3D(#10,$,$);
#5171=IFCLOCALPLACEMENT(#28,#5170);
#5187=IFCCARTESIANPOINTLIST2D(((254.13238071285176,-525.52812490030794),(269.59939136230702,-525.52812490030794),(269.59939136230702,-352.31777318637324),(-338.93055479976789,701.68701149349567),(-454.40060863769298,701.68701149349567),(254.13238071285176,-525.52812490030794)));
#5188=IFCINDEXEDPOLYCURVE(#5187,$,.F.);
#5189=IFCARBITRARYCLOSEDPROFILEDEF(.AREA.,'Historic_timber_floor',#5188);
#5190=IFCCARTESIANPOINT((16264.146452323654,-16453.038197492911,269.59939136230702));
#5191=IFCAXIS2PLACEMENT3D(#5190,#126,#1156);
#5192=IFCEXTRUDEDAREASOLID(#5189,#5191,#49,1070.6909928935399);
#5193=IFCSTYLEDITEM(#5192,(#1707),$);
#5194=IFCSHAPEREPRESENTATION(#15,'Body','SweptSolid',(#5192));
#5195=IFCPRODUCTDEFINITIONSHAPE($,$,(#5194));
#5196=IFCSLAB('2V0b55YKLC69NBLE4qT53S',#6,'Floor:Historic_timber_floor:1756727',$,$,#5171,#5195,'1756727',.FLOOR.);
#5197=IFCPROPERTYSET('07PCdZof$Ng0d1D5zKfvnR',#6,'Pset_EnvironmentalImpactIndicators',$,(#1717));
#5198=IFCPROPERTYSINGLEVALUE('Reference',$,IFCLABEL('Historic_timber_floor'),$);
#5199=IFCPROPERTYSET('2tQc1TG6q0aW7LIZ9NCzfb',#6,'Pset_ReinforcementBarPitchOfSlab',$,(#5198));
#5200=IFCPROPERTYSET('2eNWSiXUPhnh4KUtkMGHRs',#6,'Pset_SlabCommon',$,(#75,#1170,#1717,#4903));
#5201=IFCRELDEFINESBYPROPERTIES('1epqSqZYy1yfMD4iFSRTQL',#6,$,$,(#5196),#5197);
#5202=IFCRELDEFINESBYPROPERTIES('2mZJinn2yHeAHpL9XYvyXG',#6,$,$,(#5196),#5199);
#5203=IFCRELDEFINESBYPROPERTIES('39LQ8sc4hAFodU22R4ZrmG',#6,$,$,(#5196),#5200);
#5204=IFCAXIS2PLACEMENT3D(#10,$,$);
#5205=IFCLOCALPLACEMENT(#32,#5204);
#5206=IFCCARTESIANPOINTLIST2D(((-1953.0182446701508,-2736.3924318030986),(-882.32725177661519,-2736.3924318030986),(-882.3272517766153,-1763.6075681969016),(917.67274822339562,-1763.6075681969032),(917.67274822338425,1236.392431803097),(1917.6727482233778,1236.3924318030972),(1917.6727482233753,3263.6075681969073),(-1953.018244670156,3263.6075681969064),(-1953.0182446701508,-2736.3924318030986)));
#5207=IFCINDEXEDPOLYCURVE(#5206,$,.F.);
#5208=IFCARBITRARYCLOSEDPROFILEDEF(.AREA.,$,#5207);
#5209=IFCCARTESIANPOINT((17326.067009027058,-14500.019952822762,0.));
#5210=IFCAXIS2PLACEMENT3D(#5209,#1156,#126);
#5211=IFCEXTRUDEDAREASOLID(#5208,#5210,#49,100.);
#5212=IFCSTYLEDITEM(#5211,(#1707),$);
#5213=IFCSHAPEREPRESENTATION(#15,'Body','SweptSolid',(#5211));
#5214=IFCCARTESIANPOINTLIST2D(((14589.674577223956,-16453.038197492908),(14589.674577223959,-15382.347204599371),(15562.459440830155,-15382.347204599373),(15562.459440830156,-13582.347204599362),(18562.459440830156,-13582.34720459938),(18562.45944083016,-12582.347204599386),(20589.67457722397,-12582.347204599393),(20589.674577223963,-16453.038197492922),(14589.674577223956,-16453.038197492908)));
#5215=IFCINDEXEDPOLYCURVE(#5214,$,.F.);
#5216=IFCSHAPEREPRESENTATION(#17,'FootPrint','Curve2D',(#5215));
#5217=IFCPRODUCTDEFINITIONSHAPE($,$,(#5213,#5216));
#5218=IFCSLAB('2$3SCItxT4A8su8f9CP1OT',#6,'Floor:Historic_timber_floor:1757671',$,$,#5205,#5217,'1757671',.FLOOR.);
#5219=IFCPROPERTYSET('3s8XZ6n4SP$zaegRAYckHe',#6,'Pset_EnvironmentalImpactIndicators',$,(#1717));
#5220=IFCPROPERTYSINGLEVALUE('Reference',$,IFCLABEL('Historic_timber_floor'),$);
#5221=IFCPROPERTYSET('2G19J6vNxyNh9EbyfUd4cP',#6,'Pset_ReinforcementBarPitchOfSlab',$,(#5220));
#5222=IFCPROPERTYSET('36wHKBWtcCNnUT84swo0kN',#6,'Pset_SlabCommon',$,(#75,#1170,#1717,#1721));
#5223=IFCRELDEFINESBYPROPERTIES('0D2PJCMnXIKg8gEvUbBrMh',#6,$,$,(#5218),#5219);
#5224=IFCRELDEFINESBYPROPERTIES('29AnEy9MmxQekh4X1i3oFG',#6,$,$,(#5218),#5221);
#5225=IFCRELDEFINESBYPROPERTIES('2QeWqS1YSwNRtV1PuDUuvP',#6,$,$,(#5218),#5222);
#5226=IFCMAPPEDITEM(#4803,#2116);
#5227=IFCSHAPEREPRESENTATION(#15,'Body','MappedRepresentation',(#5226));
#5228=IFCPRODUCTDEFINITIONSHAPE($,$,(#5227));
#5229=IFCCARTESIANPOINT((18739.674577223959,-12582.347204599384,0.));
#5230=IFCAXIS2PLACEMENT3D(#5229,$,$);
#5232=IFCDOOR('2LX1lxEB13yROcdsYV7Vts',#6,'DoorV2:DoorV2:1757903',$,$,#6691,#5228,'1757903',2200.0000000000023,1499.9999999999905,.DOOR.,$,$);
#5233=IFCPROPERTYSET('0tQhYCQeGWq1ZGI71i2ZbS',#6,'Pset_DoorCommon',$,(#336,#1170));
#5234=IFCPROPERTYSET('2W$QExBOqiyfFEPVPZK15g',#6,'Pset_EnvironmentalImpactIndicators',$,(#336));
#5235=IFCRELDEFINESBYPROPERTIES('17F1$icFNpxVatHVEB3ceM',#6,$,$,(#5232),#5233);
#5236=IFCRELDEFINESBYPROPERTIES('3f0aMAJf1zdVgxPa2IHdFE',#6,$,$,(#5232),#5234);
#5237=IFCAXIS2PLACEMENT3D(#5255,$,$);
#5238=IFCLOCALPLACEMENT(#28,#5237);
#5255=IFCCARTESIANPOINT((15192.296267378897,-9449.5842282420435,-4215.4700538379248));
#5256=IFCCARTESIANPOINT((-358.6671907903858,933.5234582938964));
#5257=IFCCARTESIANPOINT((0.,0.));
#5258=IFCCARTESIANPOINT((4511.4345561701148,1780.1311496285725));
#5259=IFCCARTESIANPOINT((4152.7673653797292,2713.6546079224681));
#5260=IFCPOLYLINE((#5256,#5257,#5258,#5259,#5256));
#5261=IFCARBITRARYCLOSEDPROFILEDEF(.AREA.,$,#5260);
#5262=IFCCARTESIANPOINT((315.73290066368133,0.,2540.3411844343464));
#5263=IFCDIRECTION((0.47442689650954634,0.15785791037613461,0.86602540378443904));
#5264=IFCDIRECTION((0.88029490505643637,-0.085076078572135144,-0.46673647916835004));
#5265=IFCAXIS2PLACEMENT3D(#5262,#5263,#5264);
#5266=IFCDIRECTION((0.46673647916835004,0.17932389415114725,-0.86602540378443904));
#5267=IFCEXTRUDEDAREASOLID(#5261,#5265,#5266,115.47005383792511);
#5268=IFCSTYLEDITEM(#5267,(#1707),$);
#5269=IFCSHAPEREPRESENTATION(#15,'Body','SweptSolid',(#5267));
#5270=IFCPRODUCTDEFINITIONSHAPE($,$,(#5269,#5273));
#5271=IFCCARTESIANPOINTLIST2D(((-2309.3229901014047,180.51508587577982),(1662.0698641906924,1547.9753088298091),(1977.8027648543739,599.07018376568612),(-1993.5900894377232,-768.39003918834317),(-2309.3229901014047,180.51508587577982)));
#5272=IFCINDEXEDPOLYCURVE(#5271,$,.F.);
#5273=IFCSHAPEREPRESENTATION(#17,'FootPrint','Curve2D',(#5272));
#5274=IFCSLAB('2kjAmaXGX8_ArK1ltgMuuR',#6,'Floor:Historic_timber_floor:1758351',$,$,#5238,#5270,'1758351',.FLOOR.);
#5275=IFCPROPERTYSET('1rBLAZhx_5fAgCakgTi3Vw',#6,'Pset_EnvironmentalImpactIndicators',$,(#1717));
#5276=IFCPROPERTYSINGLEVALUE('Reference',$,IFCLABEL('Historic_timber_floor'),$);
#5277=IFCPROPERTYSET('1iIXE$gooyxEjtmlqFxES2',#6,'Pset_ReinforcementBarPitchOfSlab',$,(#5276));
#5278=IFCPROPERTYSET('1dK4Mkz2QWIqIZuLG_IK6G',#6,'Pset_SlabCommon',$,(#75,#1170,#1717,#4903));
#5279=IFCRELDEFINESBYPROPERTIES('30v6mvL8Gtp3e_TR013ara',#6,$,$,(#5274),#5275);
#5280=IFCRELDEFINESBYPROPERTIES('1OAgBDzcr4yjRTUj0_XxFB',#6,$,$,(#5274),#5277);
#5281=IFCRELDEFINESBYPROPERTIES('17_6V3Jz5XYRn1VAiKR0xw',#6,$,$,(#5274),#5278);
#5282=IFCAXIS2PLACEMENT3D(#10,$,$);
#5283=IFCLOCALPLACEMENT(#24,#5282);
#5284=IFCCARTESIANPOINTLIST2D(((-505.2280334102889,-500.00000000000097),(494.82606559358993,-499.99999999999943),(505.22803341028992,500.00000000000131),(-494.82606559359027,500.00000000000387),(-505.2280334102889,-500.00000000000097)));
#5285=IFCINDEXEDPOLYCURVE(#5284,$,.F.);
#5286=IFCARBITRARYCLOSEDPROFILEDEF(.AREA.,$,#5285);
#5287=IFCCARTESIANPOINT((14877.377854104534,-9137.9245493949838,2424.8711305964221));
#5288=IFCDIRECTION((0.31571582075226939,-0.94885379301909367,0.));
#5289=IFCAXIS2PLACEMENT3D(#5287,#1156,#5288);
#5290=IFCEXTRUDEDAREASOLID(#5286,#5289,#49,100.);
#5291=IFCSTYLEDITEM(#5290,(#1707),$);
#5292=IFCSHAPEREPRESENTATION(#15,'Body','SweptSolid',(#5290));
#5293=IFCCARTESIANPOINTLIST2D(((15192.296267378897,-8500.6791031779194),(15508.029168042576,-9449.5842282420417),(14562.459440830171,-9775.1699956120501),(14246.726540166486,-8826.2648705479278),(15192.296267378897,-8500.6791031779194)));
#5294=IFCINDEXEDPOLYCURVE(#5293,$,.F.);
#5295=IFCSHAPEREPRESENTATION(#17,'FootPrint','Curve2D',(#5294));
#5296=IFCPRODUCTDEFINITIONSHAPE($,$,(#5292,#5295));
#5297=IFCSLAB('2kjAmaXGX8_ArK1ltgMu_A',#6,'Floor:Historic_timber_floor:1758494',$,$,#5283,#5296,'1758494',.FLOOR.);
#5298=IFCPROPERTYSET('0nUuqElWinagRj_wRQy$PR',#6,'Pset_EnvironmentalImpactIndicators',$,(#1717));
#5299=IFCPROPERTYSINGLEVALUE('Reference',$,IFCLABEL('Historic_timber_floor'),$);
#5300=IFCPROPERTYSET('1R57boplIpo3ub_CwADWnZ',#6,'Pset_ReinforcementBarPitchOfSlab',$,(#5299));
#5301=IFCPROPERTYSET('0H6LK3ptkTtzfEkBvUyDYW',#6,'Pset_SlabCommon',$,(#75,#1170,#1717,#1721));
#5302=IFCRELDEFINESBYPROPERTIES('1xrcHyGrfAIeTmD7IZTmDK',#6,$,$,(#5297),#5298);
#5303=IFCRELDEFINESBYPROPERTIES('3EfMgqin2lmUwRUvUfTjs1',#6,$,$,(#5297),#5300);
#5304=IFCRELDEFINESBYPROPERTIES('37Yodd1ZrpLjeY0aNZQtlV',#6,$,$,(#5297),#5301);
#5305=IFCAXIS2PLACEMENT3D(#5323,$,$);
#5306=IFCLOCALPLACEMENT(#24,#5305);
#5323=IFCCARTESIANPOINT((13331.101128241804,-8826.2648705479278,2308.9038824438398));
#5324=IFCCARTESIANPOINT((1886.3558874126243,-2931.838722191947));
#5325=IFCCARTESIANPOINT((958.3525039256574,285.77732442220127));
#5326=IFCCARTESIANPOINT((928.00338348697539,-3217.6160466141441));
#5327=IFCPOLYLINE((#5324,#5325,#5257,#5326,#5324));
#5328=IFCARBITRARYCLOSEDPROFILEDEF(.AREA.,$,#5327);
#5329=IFCCARTESIANPOINT((0.,2751.824862685949,1789.7858344878362));
#5330=IFCDIRECTION((0.16278407722857829,-0.47275928779965798,0.86602540378443904));
#5331=IFCDIRECTION((0.98666171720648022,0.077998044389110649,-0.1428809324949766));
#5332=IFCAXIS2PLACEMENT3D(#5329,#5330,#5331);
#5333=IFCDIRECTION((0.1428809324949766,-0.47915033040723815,-0.86602540378443904));
#5334=IFCEXTRUDEDAREASOLID(#5328,#5332,#5333,115.47005383792511);
#5335=IFCSTYLEDITEM(#5334,(#1707),$);
#5336=IFCSHAPEREPRESENTATION(#15,'Body','SweptSolid',(#5334));
#5337=IFCPRODUCTDEFINITIONSHAPE($,$,(#5336,#5340));
#5338=IFCCARTESIANPOINTLIST2D(((2295.192555691694,-934.83425067107021),(1349.6228284792835,-1260.4200180410792),(433.99741655460065,1491.4048446448708),(1379.5671437670198,1816.9906120148853),(2295.192555691694,-934.83425067107021)));
#5339=IFCINDEXEDPOLYCURVE(#5338,$,.F.);
#5340=IFCSHAPEREPRESENTATION(#17,'FootPrint','Curve2D',(#5339));
#5341=IFCSLAB('2kjAmaXGX8_ArK1ltgMun2',#6,'Floor:Historic_timber_floor:1758934',$,$,#5306,#5337,'1758934',.FLOOR.);
#5342=IFCPROPERTYSET('3YL7GO64BPK9SeiGoQ8Vc$',#6,'Pset_EnvironmentalImpactIndicators',$,(#1717));
#5343=IFCPROPERTYSINGLEVALUE('Reference',$,IFCLABEL('Historic_timber_floor'),$);
#5344=IFCPROPERTYSET('03Hdnh3xdbUReOCxjCZt9I',#6,'Pset_ReinforcementBarPitchOfSlab',$,(#5343));
#5345=IFCPROPERTYSET('2Zfxw2m_Q82K2r$o8l01AJ',#6,'Pset_SlabCommon',$,(#75,#1170,#1717,#4903));
#5346=IFCRELDEFINESBYPROPERTIES('0WM7Az2fsF_nPbn8m5YUH5',#6,$,$,(#5341),#5342);
#5347=IFCRELDEFINESBYPROPERTIES('1GMXG4pp1ookMeGm7X6xB2',#6,$,$,(#5341),#5344);
#5348=IFCRELDEFINESBYPROPERTIES('3lsMnaFlOU1mi3Q9dMkLuq',#6,$,$,(#5341),#5345);
#5349=IFCAXIS2PLACEMENT3D(#10,$,$);
#5350=IFCLOCALPLACEMENT(#28,#5349);
#5351=IFCCARTESIANPOINTLIST2D(((-3674.8731575167817,-4333.1091734105948),(2777.2998611263033,-4333.1091734105939),(3862.1411889795481,949.47782365540888),(33.705639025819856,1694.277780733564),(234.88019682548338,2673.88841676637),(-3233.1537284403726,3348.5743256658575),(-3674.8731575167817,-4333.1091734105948)));
#5352=IFCINDEXEDPOLYCURVE(#5351,$,.F.);
#5353=IFCARBITRARYCLOSEDPROFILEDEF(.AREA.,$,#5352);
#5354=IFCCARTESIANPOINT((15952.518156650645,-5497.3605199694503,-0.));
#5355=IFCDIRECTION((0.12870878250531814,-0.99168243369840869,0.));
#5356=IFCAXIS2PLACEMENT3D(#5354,#1156,#5355);
#5357=IFCEXTRUDEDAREASOLID(#5353,#5356,#49,100.);
#5358=IFCSTYLEDITEM(#5357,(#1707),$);
#5359=IFCSHAPEREPRESENTATION(#15,'Body','SweptSolid',(#5357));
#5360=IFCCARTESIANPOINTLIST2D(((19776.597957253904,-1295.3441574179499),(20607.049290997118,-7693.850799189132),(15508.02916804258,-9449.5842282420417),(14276.670855454224,-5748.8542404919654),(13331.101128241804,-6074.4400078619792),(12215.66053991423,-2722.0896866136377),(19776.597957253904,-1295.3441574179499)));
#5361=IFCINDEXEDPOLYCURVE(#5360,$,.F.);
#5362=IFCSHAPEREPRESENTATION(#17,'FootPrint','Curve2D',(#5361));
#5363=IFCPRODUCTDEFINITIONSHAPE($,$,(#5359,#5362));
#5364=IFCSLAB('2QMiMIeuj3swzXKmnkAb$X',#6,'Floor:Historic_timber_floor:1759078',$,$,#5350,#5363,'1759078',.FLOOR.);
#5365=IFCPROPERTYSET('1j4mRI1YT0OsNvih1lK3Im',#6,'Pset_EnvironmentalImpactIndicators',$,(#1717));
#5366=IFCPROPERTYSINGLEVALUE('Reference',$,IFCLABEL('Historic_timber_floor'),$);
#5367=IFCPROPERTYSET('2aV0bFIFjHmVob9nqmJE3h',#6,'Pset_ReinforcementBarPitchOfSlab',$,(#5366));
#5368=IFCPROPERTYSET('2M$EVnIDtKe4ZZ$3vzsHav',#6,'Pset_SlabCommon',$,(#75,#1170,#1717,#1721));
#5369=IFCRELDEFINESBYPROPERTIES('0V1l6_VEB8CZ7T6MMSRYTc',#6,$,$,(#5364),#5365);
#5370=IFCRELDEFINESBYPROPERTIES('2Uqyq1neiqRLRYUILJXDC$',#6,$,$,(#5364),#5367);
#5371=IFCRELDEFINESBYPROPERTIES('3qgqz1p2Q4BIo4k42hq885',#6,$,$,(#5364),#5368);
#5372=IFCAXIS2PLACEMENT3D(#10,$,$);
#5373=IFCLOCALPLACEMENT(#32,#5372);
#5390=IFCCOLOURRGBLIST(((0.44313725490196076,0.33725490196078434,0.24313725490196078)));
#5391=IFCINDEXEDPOLYGONALFACE((1,2,3,4));
#5392=IFCINDEXEDPOLYGONALFACE((5,6,7,8));
#5393=IFCINDEXEDPOLYGONALFACE((6,5,1,4,9));
#5394=IFCINDEXEDPOLYGONALFACE((2,1,5,8));
#5395=IFCINDEXEDPOLYGONALFACE((8,7,10,3,2));
#5396=IFCINDEXEDPOLYGONALFACE((7,6,9,10));
#5397=IFCINDEXEDPOLYGONALFACE((4,3,10,9));
#5398=IFCCARTESIANPOINTLIST3D(((19163.689121670996,-7133.2188802238879,-1747.9491924312779),(19479.422022334678,-8082.1240052880139,-1747.9491924312779),(16609.957344504815,-9070.1599292241663,-3500.0000000001673),(16294.224443841134,-8121.2548041600421,-3500.0000000001673),(19163.689121670996,-7133.2188802238879,-1632.4791385933531),(16137.865994591297,-8175.0933358079128,-3480.0000000001528),(16453.598895254981,-9123.998460872037,-3480.0000000001528),(19479.422022334678,-8082.1240052880139,-1632.4791385933531),(16137.865994591297,-8175.0933358079128,-3500.0000000001673),(16453.598895254981,-9123.998460872037,-3500.0000000001673)));
#5399=IFCPOLYGONALFACESET(#5398,.T.,(#5391,#5392,#5393,#5394,#5395,#5396,#5397),$);
#5400=IFCINDEXEDCOLOURMAP(#5399,1.,#5390,(1,1,1,1,1,1,1));
#5401=IFCSTYLEDITEM(#5399,(#1707),$);
#5402=IFCSHAPEREPRESENTATION(#15,'Body','Tessellation',(#5399));
#5403=IFCPRODUCTDEFINITIONSHAPE($,$,(#5402));
#5404=IFCSLAB('2QMiMIeuj3swzXKmnkAb1d',#6,'Floor:Historic_timber_floor:1759456',$,$,#5373,#5403,'1759456',.FLOOR.);
#5405=IFCPROPERTYSET('0rWPG$wuYbaiEa15nUcLyL',#6,'Pset_EnvironmentalImpactIndicators',$,(#1717));
#5406=IFCPROPERTYSINGLEVALUE('Reference',$,IFCLABEL('Historic_timber_floor'),$);
#5407=IFCPROPERTYSET('2VdBEYoiFvGyPfJoO2aWL3',#6,'Pset_ReinforcementBarPitchOfSlab',$,(#5406));
#5408=IFCPROPERTYSET('07wLFjPiCMqOBxh12yMZXm',#6,'Pset_SlabCommon',$,(#75,#1170,#1717,#4903));
#5409=IFCRELDEFINESBYPROPERTIES('20swdsjefMsiXB5R$$Pl5k',#6,$,$,(#5404),#5405);
#5410=IFCRELDEFINESBYPROPERTIES('0JuXXIODUZX_PmG32Imhje',#6,$,$,(#5404),#5407);
#5411=IFCRELDEFINESBYPROPERTIES('2EAj$Tsf1cTfqAQCUYaIqg',#6,$,$,(#5404),#5408);
#5412=IFCAXIS2PLACEMENT3D(#10,$,$);
#5413=IFCLOCALPLACEMENT(#28,#5412);
#5414=IFCCARTESIANPOINTLIST2D(((-639.83992247452568,-500.00000000000227),(747.72178304952934,-500.00000000000125),(542.36002971621303,500.00000000000125),(-650.24189029122329,500.00000000000119),(-639.83992247452568,-500.00000000000227)));
#5415=IFCINDEXEDPOLYCURVE(#5414,$,.F.);
#5416=IFCARBITRARYCLOSEDPROFILEDEF(.AREA.,$,#5415);
#5417=IFCCARTESIANPOINT((19931.453731009264,-7397.6666653155071,1852.050807568889));
#5418=IFCDIRECTION((0.94551857559931696,0.3255681544571562,0.));
#5419=IFCAXIS2PLACEMENT3D(#5417,#1156,#5418);
#5420=IFCEXTRUDEDAREASOLID(#5416,#5419,#49,100.);
#5421=IFCSTYLEDITEM(#5420,(#1707),$);
#5422=IFCSHAPEREPRESENTATION(#15,'Body','SweptSolid',(#5420));
#5423=IFCCARTESIANPOINTLIST2D(((19163.689121670996,-7133.2188802238879),(20475.654489034259,-6681.4729765609982),(20607.049290997118,-7693.8507991891311),(19479.422022334678,-8082.124005288013),(19163.689121670996,-7133.2188802238879)));
#5424=IFCINDEXEDPOLYCURVE(#5423,$,.F.);
#5425=IFCSHAPEREPRESENTATION(#17,'FootPrint','Curve2D',(#5424));
#5426=IFCPRODUCTDEFINITIONSHAPE($,$,(#5422,#5425));
#5427=IFCSLAB('2QMiMIeuj3swzXKmnkAbAC',#6,'Floor:Historic_timber_floor:1759755',$,$,#5413,#5426,'1759755',.FLOOR.);
#5428=IFCPROPERTYSET('0ixv$LpP3a_$PwntWoIVnS',#6,'Pset_EnvironmentalImpactIndicators',$,(#1717));
#5429=IFCPROPERTYSINGLEVALUE('Reference',$,IFCLABEL('Historic_timber_floor'),$);
#5430=IFCPROPERTYSET('269K7Ib6AKG0iXfC97cQxB',#6,'Pset_ReinforcementBarPitchOfSlab',$,(#5429));
#5431=IFCPROPERTYSET('2ITbGjLUBfBRfrT8clv27S',#6,'Pset_SlabCommon',$,(#75,#1170,#1717,#1721));
#5432=IFCRELDEFINESBYPROPERTIES('3hH9EgpuADwR25lanqd_ih',#6,$,$,(#5427),#5428);
#5433=IFCRELDEFINESBYPROPERTIES('0f7fumeFkaR7yD2hJXI6sm',#6,$,$,(#5427),#5430);
#5434=IFCRELDEFINESBYPROPERTIES('1d1EG6NT9TCa7LNiJ$afbi',#6,$,$,(#5427),#5431);
#5435=IFCAXIS2PLACEMENT3D(#5453,$,$);
#5436=IFCLOCALPLACEMENT(#28,#5435);
#5453=IFCCARTESIANPOINT((19143.446224460942,-7013.3102113783989,1741.5076533020556));
#5454=IFCCARTESIANPOINT((-971.23986013110891,-289.6202884257213));
#5455=IFCCARTESIANPOINT((-597.77552967949816,-3607.2875427097774));
#5456=IFCCARTESIANPOINT((378.9779919866117,-3316.0230999308455));
#5457=IFCPOLYLINE((#5454,#5455,#5456,#5257,#5454));
#5458=IFCARBITRARYCLOSEDPROFILEDEF(.AREA.,$,#5457);
#5459=IFCCARTESIANPOINT((958.28518821634361,3212.8601080028802,1758.4923466979446));
#5460=IFCDIRECTION((0.16278407722857824,-0.47275928779965803,0.86602540378443904));
#5461=IFCDIRECTION((0.98666171720648022,0.077998044389110635,-0.14288093249497655));
#5462=IFCAXIS2PLACEMENT3D(#5459,#5460,#5461);
#5463=IFCDIRECTION((0.14288093249497655,-0.4791503304072382,-0.86602540378443904));
#5464=IFCEXTRUDEDAREASOLID(#5458,#5462,#5463,115.47005383792511);
#5465=IFCSTYLEDITEM(#5464,(#1707),$);
#5466=IFCSHAPEREPRESENTATION(#15,'Body','SweptSolid',(#5464));
#5467=IFCPRODUCTDEFINITIONSHAPE($,$,(#5466,#5470));
#5468=IFCCARTESIANPOINTLIST2D(((327.34572807040371,1932.2150320707319),(1285.6309162867431,2262.1790837801036),(1659.553992643717,-618.84378940537624),(695.82868566915624,-950.68102422277525),(327.34572807040371,1932.2150320707319)));
#5469=IFCINDEXEDPOLYCURVE(#5468,$,.F.);
#5470=IFCSHAPEREPRESENTATION(#17,'FootPrint','Curve2D',(#5469));
#5471=IFCSLAB('2Uhonyg41F_hXs9lWLrHnn',#6,'Floor:Historic_timber_floor:1760129',$,$,#5436,#5467,'1760129',.FLOOR.);
#5472=IFCPROPERTYSET('3Vj5KUylnhDglbIiwXXzzn',#6,'Pset_EnvironmentalImpactIndicators',$,(#1717));
#5473=IFCPROPERTYSINGLEVALUE('Reference',$,IFCLABEL('Historic_timber_floor'),$);
#5474=IFCPROPERTYSET('09g7XspxxzlQ22FqR4GP7G',#6,'Pset_ReinforcementBarPitchOfSlab',$,(#5473));
#5475=IFCPROPERTYSET('3fD53jOl0tT6WwOMoSdq4I',#6,'Pset_SlabCommon',$,(#75,#1170,#1717,#4903));
#5476=IFCRELDEFINESBYPROPERTIES('2WNbwPQXrxWjjI1ZS_TvKn',#6,$,$,(#5471),#5472);
#5477=IFCRELDEFINESBYPROPERTIES('1$YbF0ouQeoE7r5rjwcHSn',#6,$,$,(#5471),#5474);
#5478=IFCRELDEFINESBYPROPERTIES('0YHeO2QSRd0ClFAv56SF2u',#6,$,$,(#5471),#5475);
#5479=IFCAXIS2PLACEMENT3D(#10,$,$);
#5480=IFCLOCALPLACEMENT(#32,#5479);
#5481=IFCCARTESIANPOINTLIST2D(((-4145.5927750508572,-3336.404144698764),(-1619.4756826920079,-3336.404144698763),(-1415.5958487280775,-2343.6202857052117),(1490.7485213231055,-2337.9843203782079),(2409.7714304316933,2137.1572003359956),(3391.4215714454708,1946.1828523672389),(3592.5961292451298,2925.7934884000338),(-3703.8733459744549,4345.2793543776779),(-4145.5927750508572,-3336.404144698764)));
#5482=IFCINDEXEDPOLYCURVE(#5481,$,.F.);
#5483=IFCARBITRARYCLOSEDPROFILEDEF(.AREA.,$,#5482);
#5484=IFCCARTESIANPOINT((17001.518774077213,-5835.8802051128014,0.));
#5485=IFCDIRECTION((0.12870878250531886,-0.99168243369840858,0.));
#5486=IFCAXIS2PLACEMENT3D(#5484,#1156,#5485);
#5487=IFCEXTRUDEDAREASOLID(#5483,#5486,#49,100.);
#5488=IFCSTYLEDITEM(#5487,(#1707),$);
#5489=IFCSHAPEREPRESENTATION(#15,'Body','SweptSolid',(#5487));
#5490=IFCCARTESIANPOINTLIST2D(((19776.597957253896,-1295.3441574179512),(20101.73141267728,-3800.4501033755218),(19143.446224460942,-4130.4141550848917),(19511.929182059692,-7013.310211378398),(15192.296267378897,-8500.6791031779212),(15508.029168042578,-9449.5842282420435),(14562.459440830171,-9775.1699956120519),(12215.660539914232,-2722.0896866136354),(19776.597957253896,-1295.3441574179512)));
#5491=IFCINDEXEDPOLYCURVE(#5490,$,.F.);
#5492=IFCSHAPEREPRESENTATION(#17,'FootPrint','Curve2D',(#5491));
#5493=IFCPRODUCTDEFINITIONSHAPE($,$,(#5489,#5492));
#5494=IFCSLAB('0yzvfgbdPEuB0LQd0lnCzS',#6,'Floor:Historic_timber_floor:1761013',$,$,#5480,#5493,'1761013',.FLOOR.);
#5495=IFCPROPERTYSET('0L$qlJcVGstgsWgnnEBv1Z',#6,'Pset_EnvironmentalImpactIndicators',$,(#1717));
#5496=IFCPROPERTYSINGLEVALUE('Reference',$,IFCLABEL('Historic_timber_floor'),$);
#5497=IFCPROPERTYSET('2K8fDXTXVdYOz$Um0riwAQ',#6,'Pset_ReinforcementBarPitchOfSlab',$,(#5496));
#5498=IFCPROPERTYSET('1iSDGyI0iOxjU5JwmSRl4c',#6,'Pset_SlabCommon',$,(#75,#1170,#1717,#1721));
#5499=IFCRELDEFINESBYPROPERTIES('35j9SK0lvdaMBLO9pbt6HU',#6,$,$,(#5494),#5495);
#5500=IFCRELDEFINESBYPROPERTIES('3TJG1YPjmWlFWom8NkwKd7',#6,$,$,(#5494),#5497);
#5501=IFCRELDEFINESBYPROPERTIES('0RBX7KclwYzQqftSFtkFjs',#6,$,$,(#5494),#5498);
#5502=IFCCARTESIANPOINT((12710.954390284471,-1747.4120259475567,-1500.));
#5503=IFCAXIS2PLACEMENT3D(#5502,#49,#126);
#5504=IFCLOCALPLACEMENT(#24,#5503);
#5505=IFCPRODUCTDEFINITIONSHAPE($,$,(#5514));
#5506=IFCCARTESIANPOINTLIST2D(((242.94208724548648,-2731.2948602770434),(751.15406521323064,-2731.2948602770448),(-251.08771830970562,2776.0553599618879),(-743.00843414901158,2686.5343605921998),(242.94208724548648,-2731.2948602770434)));
#5507=IFCINDEXEDPOLYCURVE(#5506,$,.F.);
#5508=IFCARBITRARYCLOSEDPROFILEDEF(.AREA.,'Castelnuovo13',#5507);
#5509=IFCCARTESIANPOINT((2638.8807379950522,-1228.2795536139747,0.));
#5510=IFCDIRECTION((0.18542713100435418,-0.98265801736285352,0.));
#5511=IFCAXIS2PLACEMENT3D(#5509,#49,#5510);
#5512=IFCEXTRUDEDAREASOLID(#5508,#5511,#49,5500.0000000000146);
#5513=IFCSTYLEDITEM(#5512,(#1888),$);
#5514=IFCSHAPEREPRESENTATION(#15,'Body','SweptSolid',(#5512));
#5515=IFCWALL('2tiNzAytfCwQOKJzMPcwjv',#6,'Castelnuovo8:Castelnuovo13:1761266',$,$,#5504,#5505,'1761266',.NOTDEFINED.);
#5516=IFCCARTESIANPOINTLIST2D(((-599.99999999999432,-1100.0000000000009),(599.99999999999454,-1100.0000000000009),(599.99999999999454,1100.0000000000009),(-599.99999999999432,1100.0000000000009),(-599.99999999999432,-1100.0000000000009)));
#5517=IFCINDEXEDPOLYCURVE(#5516,$,.F.);
#5518=IFCARBITRARYCLOSEDPROFILEDEF(.AREA.,$,#5517);
#5519=IFCCARTESIANPOINT((4156.3987253619744,-934.96812402649095,1600.));
#5520=IFCDIRECTION((-0.35836794954529877,0.93358042649720241,0.));
#5521=IFCDIRECTION((-0.93358042649720241,-0.35836794954529877,0.));
#5522=IFCAXIS2PLACEMENT3D(#5519,#5520,#5521);
#5523=IFCEXTRUDEDAREASOLID(#5518,#5522,#49,590.00000000001944);
#5524=IFCSHAPEREPRESENTATION(#15,'Body','SweptSolid',(#5523));
#5525=IFCPRODUCTDEFINITIONSHAPE($,$,(#5524));
#5526=IFCAXIS2PLACEMENT3D(#10,$,$);
#5527=IFCLOCALPLACEMENT(#5504,#5526);
#5528=IFCOPENINGELEMENT('16ElmpZRxZ$KEhZy71CblE',#6,'Castelnuovo13',$,$,#5527,#5525,'1768706',.OPENING.);
#5529=IFCRELVOIDSELEMENT('0ur88WVXjwt$7NWLzpNzJa',#6,$,$,#5515,#5528);
#5530=IFCCARTESIANPOINTLIST2D(((-599.99999999999443,-1100.0000000000009),(599.99999999999443,-1100.0000000000009),(599.99999999999443,1100.0000000000009),(-599.99999999999443,1100.0000000000009),(-599.99999999999443,-1100.0000000000009)));
#5531=IFCINDEXEDPOLYCURVE(#5530,$,.F.);
#5532=IFCARBITRARYCLOSEDPROFILEDEF(.AREA.,$,#5531);
#5533=IFCCARTESIANPOINT((1076.1641765367963,-1538.9410902300056,1600.));
#5534=IFCDIRECTION((0.35836794954529877,-0.93358042649720241,0.));
#5535=IFCDIRECTION((0.93358042649720241,0.35836794954529877,0.));
#5536=IFCAXIS2PLACEMENT3D(#5533,#5534,#5535);
#5537=IFCEXTRUDEDAREASOLID(#5532,#5536,#49,590.00000000001501);
#5538=IFCSHAPEREPRESENTATION(#15,'Body','SweptSolid',(#5537));
#5539=IFCPRODUCTDEFINITIONSHAPE($,$,(#5538));
#5540=IFCAXIS2PLACEMENT3D(#10,$,$);
#5541=IFCLOCALPLACEMENT(#5504,#5540);
#5542=IFCOPENINGELEMENT('1qZcM3JOkdCCQU_F47H5Z8',#6,'Castelnuovo13',$,$,#5541,#5539,'1768783',.OPENING.);
#5543=IFCRELVOIDSELEMENT('0ferudJGtWB0I43XgkgARt',#6,$,$,#5515,#5542);
#5544=IFCWALLTYPE('2tiNzAytfCwQOKJzMPcwjx',#6,'Castelnuovo8:Castelnuovo13',$,$,$,$,'1761264',$,.NOTDEFINED.);
#5545=IFCPROPERTYSINGLEVALUE('Reference',$,IFCIDENTIFIER('Castelnuovo13'),$);
#5546=IFCPROPERTYSET('1RqsRTiYsLurTIEsIMzhLg',#6,'Pset_EnvironmentalImpactIndicators',$,(#5545));
#5547=IFCPROPERTYSINGLEVALUE('Reference',$,IFCLABEL('Castelnuovo13'),$);
#5548=IFCPROPERTYSET('1Rhh_Ioe0t2y2YzK8BzgwN',#6,'Pset_ReinforcementBarPitchOfWall',$,(#5547));
#5549=IFCPROPERTYSET('2g59EhH9xaBi5ER3ZgPEIE',#6,'Pset_WallCommon',$,(#1170,#5545));
#5550=IFCPROPERTYSET('3L9mwSqzNRMAH_v$LVfE$Q',#6,'Pset_EnvironmentalImpactIndicators',$,(#336));
#5551=IFCPROPERTYSET('2d6XL1lvS7dg1GHK6d5fXH',#6,'Pset_OpeningElementCommon',$,(#336));
#5552=IFCPROPERTYSET('079Em68p8HOF1iWTA_55u1',#6,'Pset_EnvironmentalImpactIndicators',$,(#336));
#5553=IFCPROPERTYSET('0K_eOhbDlVq3sl2Q2nId1W',#6,'Pset_OpeningElementCommon',$,(#336));
#5554=IFCRELDEFINESBYPROPERTIES('2cIIz6q9KljptR09joZ96z',#6,$,$,(#5515),#5546);
#5555=IFCRELDEFINESBYPROPERTIES('1Dcwjfx7D2gG7ao$jAIMxn',#6,$,$,(#5515),#5548);
#5556=IFCRELDEFINESBYPROPERTIES('05iDwBgko04RnD__hyiTZ6',#6,$,$,(#5515),#5549);
#5557=IFCRELDEFINESBYPROPERTIES('2eEDgW7ZwGXiEq7ZAW6mhh',#6,$,$,(#5528),#5550);
#5558=IFCRELDEFINESBYPROPERTIES('1mdMJpa6wdBmVj9jKUKTQn',#6,$,$,(#5528),#5551);
#5559=IFCRELDEFINESBYPROPERTIES('1_TjfdhEjfoezdp_eron_4',#6,$,$,(#5542),#5552);
#5560=IFCRELDEFINESBYPROPERTIES('32CPhXQzpQzeBDU8Atk6Py',#6,$,$,(#5542),#5553);
#5561=IFCAXIS2PLACEMENT3D(#10,$,$);
#5562=IFCLOCALPLACEMENT(#28,#5561);
#5563=IFCCARTESIANPOINTLIST2D(((-3001.5424494593312,-4050.2253240427603),(3415.4048019485072,-4050.2253240427603),(2290.6981752808306,3646.2264421862174),(-2704.5605277700065,4454.2242058993033),(-3001.5424494593312,-4050.2253240427603)));
#5564=IFCINDEXEDPOLYCURVE(#5563,$,.F.);
#5565=IFCARBITRARYCLOSEDPROFILEDEF(.AREA.,$,#5564);
#5566=IFCCARTESIANPOINT((14716.663815242306,1101.8376363376465,0.));
#5567=IFCDIRECTION((0.32556815445715476,-0.94551857559931751,0.));
#5568=IFCAXIS2PLACEMENT3D(#5566,#1156,#5567);
#5569=IFCEXTRUDEDAREASOLID(#5565,#5568,#49,100.);
#5570=IFCSTYLEDITEM(#5569,(#1707),$);
#5571=IFCSHAPEREPRESENTATION(#15,'Body','SweptSolid',(#5569));
#5572=IFCCARTESIANPOINTLIST2D(((17569.020458692219,5258.4761616355527),(19658.174132581982,-808.86666321154212),(12014.86736065838,-2251.1552529972842),(9624.593309036647,2208.8962999238597),(17569.020458692219,5258.4761616355527)));
#5573=IFCINDEXEDPOLYCURVE(#5572,$,.F.);
#5574=IFCSHAPEREPRESENTATION(#17,'FootPrint','Curve2D',(#5573));
#5575=IFCPRODUCTDEFINITIONSHAPE($,$,(#5571,#5574));
#5576=IFCSLAB('2lQPUVFlT0$uNZ7iF0qA0C',#6,'Floor:Historic_timber_floor:1761556',$,$,#5562,#5575,'1761556',.FLOOR.);
#5577=IFCPROPERTYSET('2ln5bQt3S$lt$4S$mbCifB',#6,'Pset_EnvironmentalImpactIndicators',$,(#1717));
#5578=IFCPROPERTYSINGLEVALUE('Reference',$,IFCLABEL('Historic_timber_floor'),$);
#5579=IFCPROPERTYSET('0UAr9xYDsS$yK1$FzKGQBn',#6,'Pset_ReinforcementBarPitchOfSlab',$,(#5578));
#5580=IFCPROPERTYSET('3URM_vGYU5ZiX7WyujaH1$',#6,'Pset_SlabCommon',$,(#75,#1170,#1717,#1721));
#5581=IFCRELDEFINESBYPROPERTIES('1NzctxN6sV78LSHl_nehyZ',#6,$,$,(#5576),#5577);
#5582=IFCRELDEFINESBYPROPERTIES('0OPD5Rlxk247I2i73i6Ozv',#6,$,$,(#5576),#5579);
#5583=IFCRELDEFINESBYPROPERTIES('068waBxjPTeBvJF14YbU6v',#6,$,$,(#5576),#5580);
#5584=IFCAXIS2PLACEMENT3D(#10,$,$);
#5585=IFCLOCALPLACEMENT(#32,#5584);
#5586=IFCCARTESIANPOINTLIST2D(((-3001.5424494593331,-4050.2253240427567),(3415.4048019485017,-4050.2253240427563),(2290.6981752808319,3646.2264421862146),(-2704.5605277700033,4454.2242058993006),(-3001.5424494593331,-4050.2253240427567)));
#5587=IFCINDEXEDPOLYCURVE(#5586,$,.F.);
#5588=IFCARBITRARYCLOSEDPROFILEDEF(.AREA.,$,#5587);
#5589=IFCCARTESIANPOINT((14716.663815242304,1101.8376363376462,0.));
#5590=IFCDIRECTION((0.32556815445715448,-0.94551857559931762,0.));
#5591=IFCAXIS2PLACEMENT3D(#5589,#1156,#5590);
#5592=IFCEXTRUDEDAREASOLID(#5588,#5591,#49,99.999999999999972);
#5593=IFCSTYLEDITEM(#5592,(#1707),$);
#5594=IFCSHAPEREPRESENTATION(#15,'Body','SweptSolid',(#5592));
#5595=IFCCARTESIANPOINTLIST2D(((17569.020458692215,5258.4761616355518),(19658.174132581971,-808.86666321153996),(12014.86736065838,-2251.1552529972842),(9624.5933090366489,2208.8962999238588),(17569.020458692215,5258.4761616355518)));
#5596=IFCINDEXEDPOLYCURVE(#5595,$,.F.);
#5597=IFCSHAPEREPRESENTATION(#17,'FootPrint','Curve2D',(#5596));
#5598=IFCPRODUCTDEFINITIONSHAPE($,$,(#5594,#5597));
#5599=IFCSLAB('0Q0zkUcpr56Qzun6QPIfow',#6,'Floor:Historic_timber_floor:1762795',$,$,#5585,#5598,'1762795',.FLOOR.);
#5600=IFCPROPERTYSET('3hj95HwWeC5s1VatUn9p_M',#6,'Pset_EnvironmentalImpactIndicators',$,(#1717));
#5601=IFCPROPERTYSINGLEVALUE('Reference',$,IFCLABEL('Historic_timber_floor'),$);
#5602=IFCPROPERTYSET('3HUMlULGW080MsyetdZsbN',#6,'Pset_ReinforcementBarPitchOfSlab',$,(#5601));
#5603=IFCPROPERTYSET('26jzpbatkTcJ8pQzPYb5bz',#6,'Pset_SlabCommon',$,(#75,#1170,#1717,#1721));
#5604=IFCRELDEFINESBYPROPERTIES('3IPkRJKvB5_29$dIgQmrpH',#6,$,$,(#5599),#5600);
#5605=IFCRELDEFINESBYPROPERTIES('3VKewSruMUJZ4xow2OL7pl',#6,$,$,(#5599),#5602);
#5606=IFCRELDEFINESBYPROPERTIES('0arjBlkp1qXvpmasdRmDHz',#6,$,$,(#5599),#5603);
#5607=IFCAXIS2PLACEMENT3D(#5625,$,$);
#5608=IFCLOCALPLACEMENT(#24,#5607);
#5625=IFCCARTESIANPOINT((7693.2199748359262,6898.5172498806405,-1200.0075001188263));
#5626=IFCCARTESIANPOINT((2379.7700182279336,775.73599931661829));
#5627=IFCDIRECTION((0.52622592998257189,-0.85034479513546579));
#5628=IFCAXIS2PLACEMENT2D(#5626,#5627);
#5629=IFCRECTANGLEPROFILEDEF(.AREA.,$,#5628,1185.3072431370833,4863.6748925618058);
#5630=IFCCARTESIANPOINT((0.,1044.7309044549736,2547.3075001188263));
#5631=IFCDIRECTION((0.4407004641640192,0.23618446368382823,0.86602540378443904));
#5632=IFCDIRECTION((0.89765422122642413,-0.11595400579923106,-0.42517239756773234));
#5633=IFCAXIS2PLACEMENT3D(#5630,#5631,#5632);
#5634=IFCDIRECTION((0.42517239756773234,0.263112964991286,-0.86602540378443904));
#5635=IFCEXTRUDEDAREASOLID(#5629,#5633,#5634,115.47005383792511);
#5636=IFCSTYLEDITEM(#5635,(#1707),$);
#5637=IFCSHAPEREPRESENTATION(#15,'Body','SweptSolid',(#5635));
#5638=IFCPRODUCTDEFINITIONSHAPE($,$,(#5637,#5641));
#5639=IFCCARTESIANPOINTLIST2D(((3101.8626012595441,2707.1111705822777),(3661.7649123013216,1662.3802661273032),(-50.753981477679233,-327.26883829689888),(-610.65629251945711,717.46206615807466),(3101.8626012595441,2707.1111705822777)));
#5640=IFCINDEXEDPOLYCURVE(#5639,$,.F.);
#5641=IFCSHAPEREPRESENTATION(#17,'FootPrint','Curve2D',(#5640));
#5642=IFCSLAB('29EhuKJnX5AwZm6G$V3dVQ',#6,'Floor:Historic_timber_floor:1763075',$,$,#5608,#5638,'1763075',.FLOOR.);
#5643=IFCPROPERTYSET('2pcnqFu9KWm2pzQwv2beNF',#6,'Pset_EnvironmentalImpactIndicators',$,(#1717));
#5644=IFCPROPERTYSINGLEVALUE('Reference',$,IFCLABEL('Historic_timber_floor'),$);
#5645=IFCPROPERTYSET('0X5AbygXY41rMh_kmD9PSq',#6,'Pset_ReinforcementBarPitchOfSlab',$,(#5644));
#5646=IFCPROPERTYSET('3GrQmi$3HPuXQ22mr_NHkS',#6,'Pset_SlabCommon',$,(#75,#1170,#1717,#4903));
#5647=IFCRELDEFINESBYPROPERTIES('1pJ74sYHEXURQduuALUKvs',#6,$,$,(#5642),#5643);
#5648=IFCRELDEFINESBYPROPERTIES('0XBtxSr4GUo6KVSO7zVC6_',#6,$,$,(#5642),#5645);
#5649=IFCRELDEFINESBYPROPERTIES('0DKrGaKWUWy501kbraSAkY',#6,$,$,(#5642),#5646);
#5650=IFCAXIS2PLACEMENT3D(#10,$,$);
#5651=IFCLOCALPLACEMENT(#24,#5650);
#5652=IFCCARTESIANPOINTLIST2D(((-592.65362156854235,-500.00000000000023),(592.65362156853962,-499.99999999999977),(592.65362156854098,499.99999999999829),(-592.65362156854212,499.99999999999972),(-592.65362156854235,-500.00000000000023)));
#5653=IFCINDEXEDPOLYCURVE(#5652,$,.F.);
#5654=IFCARBITRARYCLOSEDPROFILEDEF(.AREA.,$,#5653);
#5655=IFCCARTESIANPOINT((7532.4706661927958,7184.6982384242983,1347.3000000000002));
#5656=IFCDIRECTION((0.47236892736765629,-0.88140092832803951,0.));
#5657=IFCAXIS2PLACEMENT3D(#5655,#1156,#5656);
#5658=IFCEXTRUDEDAREASOLID(#5654,#5657,#49,100.);
#5659=IFCSTYLEDITEM(#5658,(#1707),$);
#5660=IFCSHAPEREPRESENTATION(#15,'Body','SweptSolid',(#5658));
#5661=IFCCARTESIANPOINTLIST2D(((7693.2199748359262,7943.2481543356143),(8253.1222858777037,6898.5172498806405),(7371.7213575496662,6426.1483225129841),(6811.8190465078869,7470.8792269679579),(7693.2199748359262,7943.2481543356143)));
#5662=IFCINDEXEDPOLYCURVE(#5661,$,.F.);
#5663=IFCSHAPEREPRESENTATION(#17,'FootPrint','Curve2D',(#5662));
#5664=IFCPRODUCTDEFINITIONSHAPE($,$,(#5660,#5663));
#5665=IFCSLAB('29EhuKJnX5AwZm6G$V3dZ5',#6,'Floor:Historic_timber_floor:1763356',$,$,#5651,#5664,'1763356',.FLOOR.);
#5666=IFCPROPERTYSET('0LgGPJtyfriaWEjTtcqbJa',#6,'Pset_EnvironmentalImpactIndicators',$,(#1717));
#5667=IFCPROPERTYSINGLEVALUE('Reference',$,IFCLABEL('Historic_timber_floor'),$);
#5668=IFCPROPERTYSET('20xynMc5yjtakhqEVxYawh',#6,'Pset_ReinforcementBarPitchOfSlab',$,(#5667));
#5669=IFCPROPERTYSET('1bjnEH1rRLKg$83$4ssgyw',#6,'Pset_SlabCommon',$,(#75,#1170,#1717,#1721));
#5670=IFCRELDEFINESBYPROPERTIES('2ZWf6oDfNNB0tLYpiUzZcO',#6,$,$,(#5665),#5666);
#5671=IFCRELDEFINESBYPROPERTIES('3eDT$rFLpnm28X9WXeoV$9',#6,$,$,(#5665),#5668);
#5672=IFCRELDEFINESBYPROPERTIES('1iyIXW5vXLeqLE96ZRMWLB',#6,$,$,(#5665),#5669);
#5673=IFCAXIS2PLACEMENT3D(#10,$,$);
#5674=IFCLOCALPLACEMENT(#24,#5673);
#5675=IFCCARTESIANPOINTLIST2D(((-592.65362156854076,-499.99999999999886),(592.65362156854121,-499.99999999999784),(592.65362156854133,499.99999999999795),(-592.65362156854087,500.00000000000063),(-592.65362156854076,-499.99999999999886)));
#5676=IFCINDEXEDPOLYCURVE(#5675,$,.F.);
#5677=IFCARBITRARYCLOSEDPROFILEDEF(.AREA.,$,#5676);
#5678=IFCCARTESIANPOINT((8698.1180809684392,5009.6976108178778,2103.1386057025561));
#5679=IFCDIRECTION((0.47236892736765579,-0.88140092832803985,0.));
#5680=IFCAXIS2PLACEMENT3D(#5678,#1156,#5679);
#5681=IFCEXTRUDEDAREASOLID(#5677,#5680,#49,100.);
#5682=IFCSTYLEDITEM(#5681,(#1707),$);
#5683=IFCSHAPEREPRESENTATION(#15,'Body','SweptSolid',(#5681));
#5684=IFCCARTESIANPOINTLIST2D(((8858.8673896115706,5768.247526729192),(9418.7697006533472,4723.5166222742182),(8537.3687723253097,4251.1476949065636),(7977.4664612835313,5295.8785993615365),(8858.8673896115706,5768.247526729192)));
#5685=IFCINDEXEDPOLYCURVE(#5684,$,.F.);
#5686=IFCSHAPEREPRESENTATION(#17,'FootPrint','Curve2D',(#5685));
#5687=IFCPRODUCTDEFINITIONSHAPE($,$,(#5683,#5686));
#5688=IFCSLAB('29EhuKJnX5AwZm6G$V3dWl',#6,'Floor:Historic_timber_floor:1763574',$,$,#5674,#5687,'1763574',.FLOOR.);
#5689=IFCPROPERTYSET('2NzFctNiApS6FvaL0nLhAT',#6,'Pset_EnvironmentalImpactIndicators',$,(#1717));
#5690=IFCPROPERTYSINGLEVALUE('Reference',$,IFCLABEL('Historic_timber_floor'),$);
#5691=IFCPROPERTYSET('33$E0efDdFPTV2UjjIYEav',#6,'Pset_ReinforcementBarPitchOfSlab',$,(#5690));
#5692=IFCPROPERTYSET('1ktyIIxWkwIUk5SoHKVL_o',#6,'Pset_SlabCommon',$,(#75,#1170,#1717,#1721));
#5693=IFCRELDEFINESBYPROPERTIES('2QC6Q62wTR21x3N6jIgLcG',#6,$,$,(#5688),#5689);
#5694=IFCRELDEFINESBYPROPERTIES('0YLO$9EwCgG253glnJvjfz',#6,$,$,(#5688),#5691);
#5695=IFCRELDEFINESBYPROPERTIES('0rsphhKoqUhz4bY2YxtqOh',#6,$,$,(#5688),#5692);
#5696=IFCAXIS2PLACEMENT3D(#5714,$,$);
#5697=IFCLOCALPLACEMENT(#24,#5696);
#5714=IFCCARTESIANPOINT((7371.7213575496698,5295.8785993615365,1247.2999999999993));
#5715=IFCCARTESIANPOINT((-765.22250941311574,461.06409931551667));
#5716=IFCDIRECTION((-0.90706334903653618,-0.4209941577202978));
#5717=IFCAXIS2PLACEMENT2D(#5715,#5716);
#5718=IFCRECTANGLEPROFILEDEF(.AREA.,$,#5717,1000.0000000000006,1480.7371037292655);
#5719=IFCCARTESIANPOINT((1487.1460320619003,472.36892736765549,855.83860570255717));
#5720=IFCDIRECTION((-0.23618446368382789,0.44070046416401942,0.86602540378443893));
#5721=IFCDIRECTION((0.97170823764872072,0.10711713530972551,0.21049707886014801));
#5722=IFCAXIS2PLACEMENT3D(#5719,#5720,#5721);
#5723=IFCDIRECTION((-0.21049707886014801,0.45353167451826798,-0.86602540378443893));
#5724=IFCEXTRUDEDAREASOLID(#5718,#5722,#5723,115.47005383792512);
#5725=IFCSTYLEDITEM(#5724,(#1707),$);
#5726=IFCSHAPEREPRESENTATION(#15,'Body','SweptSolid',(#5724));
#5727=IFCPRODUCTDEFINITIONSHAPE($,$,(#5726,#5730));
#5728=IFCCARTESIANPOINTLIST2D(((541.23436939628073,2237.3610114910966),(1146.9794731301386,1107.0912883396456),(265.57854480210239,634.72236097199129),(-340.16655893175857,1764.9920841234391),(541.23436939628073,2237.3610114910966)));
#5729=IFCINDEXEDPOLYCURVE(#5728,$,.F.);
#5730=IFCSHAPEREPRESENTATION(#17,'FootPrint','Curve2D',(#5729));
#5731=IFCSLAB('29EhuKJnX5AwZm6G$V3dd_',#6,'Floor:Historic_timber_floor:1763623',$,$,#5697,#5727,'1763623',.FLOOR.);
#5732=IFCPROPERTYSET('3AbWAKTq1jmy5ODC_es$mH',#6,'Pset_EnvironmentalImpactIndicators',$,(#1717));
#5733=IFCPROPERTYSINGLEVALUE('Reference',$,IFCLABEL('Historic_timber_floor'),$);
#5734=IFCPROPERTYSET('2j2EV0TTNNkYfKOVz063BH',#6,'Pset_ReinforcementBarPitchOfSlab',$,(#5733));
#5735=IFCPROPERTYSET('2nGBlp$BIjCUTSFExId34I',#6,'Pset_SlabCommon',$,(#75,#1170,#1717,#4903));
#5736=IFCRELDEFINESBYPROPERTIES('1csGu57UofadwVmuPn1Yxf',#6,$,$,(#5731),#5732);
#5737=IFCRELDEFINESBYPROPERTIES('1PM2524D5ssd$Wr8YAb85V',#6,$,$,(#5731),#5734);
#5738=IFCRELDEFINESBYPROPERTIES('2coIv6fxDJ19gU26ePQDxF',#6,$,$,(#5731),#5735);
#5739=IFCAXIS2PLACEMENT3D(#5757,$,$);
#5740=IFCLOCALPLACEMENT(#24,#5739);
#5757=IFCCARTESIANPOINT((8858.8673896115688,4723.5166222742182,1987.6685518646298));
#5758=IFCCARTESIANPOINT((-1386.1509900802578,-1554.7601666794135));
#5759=IFCDIRECTION((0.52622592998257289,-0.85034479513546524));
#5760=IFCAXIS2PLACEMENT2D(#5758,#5759);
#5761=IFCRECTANGLEPROFILEDEF(.AREA.,$,#5760,1185.3072431370854,3993.7227885947059);
#5762=IFCCARTESIANPOINT((3048.4708860472401,2678.4969651343704,2112.3314481352768));
#5763=IFCDIRECTION((-0.44070046416401915,-0.23618446368382845,0.86602540378443904));
#5764=IFCDIRECTION((0.89765422122642424,-0.11595400579923115,0.42517239756773223));
#5765=IFCAXIS2PLACEMENT3D(#5762,#5763,#5764);
#5766=IFCDIRECTION((-0.42517239756773223,-0.26311296499128622,-0.86602540378443904));
#5767=IFCEXTRUDEDAREASOLID(#5761,#5765,#5766,115.47005383792511);
#5768=IFCSTYLEDITEM(#5767,(#1707),$);
#5769=IFCSHAPEREPRESENTATION(#15,'Body','SweptSolid',(#5767));
#5770=IFCPRODUCTDEFINITIONSHAPE($,$,(#5769,#5773));
#5771=IFCCARTESIANPOINTLIST2D(((2036.9919506914348,2136.4153716246597),(2596.894261733215,1091.684467169684),(-451.57662431402645,-542.08159350971039),(-1011.4789353558043,502.64931094526423),(2036.9919506914348,2136.4153716246597)));
#5772=IFCINDEXEDPOLYCURVE(#5771,$,.F.);
#5773=IFCSHAPEREPRESENTATION(#17,'FootPrint','Curve2D',(#5772));
#5774=IFCSLAB('29EhuKJnX5AwZm6G$V3dgd',#6,'Floor:Historic_timber_floor:1763966',$,$,#5740,#5770,'1763966',.FLOOR.);
#5775=IFCPROPERTYSET('2YJq0iNMPENNBBOyIj8ig5',#6,'Pset_EnvironmentalImpactIndicators',$,(#1717));
#5776=IFCPROPERTYSINGLEVALUE('Reference',$,IFCLABEL('Historic_timber_floor'),$);
#5777=IFCPROPERTYSET('06PqqtEYW$h29Yy$iK74HJ',#6,'Pset_ReinforcementBarPitchOfSlab',$,(#5776));
#5778=IFCPROPERTYSET('3qPwCpYjTKq4oFRLNNoln0',#6,'Pset_SlabCommon',$,(#75,#1170,#1717,#4903));
#5779=IFCRELDEFINESBYPROPERTIES('2phdLH24Vlj5hOMWZmwSo$',#6,$,$,(#5774),#5775);
#5780=IFCRELDEFINESBYPROPERTIES('3TaeW_HuoqIXurZcazZURR',#6,$,$,(#5774),#5777);
#5781=IFCRELDEFINESBYPROPERTIES('0PNmTWTdeII$$my87mXB8U',#6,$,$,(#5774),#5778);
#5782=IFCAXIS2PLACEMENT3D(#10,$,$);
#5783=IFCLOCALPLACEMENT(#28,#5782);
#5784=IFCCARTESIANPOINTLIST2D(((-1826.4852172149494,-2416.3666587045741),(1826.4852172149572,-2416.3666587045741),(1826.4852172149538,-662.96603659334687),(641.17797407786838,-662.96603659334482),(641.17797407786509,2795.6993540025028),(-641.17797407787407,2795.6993540025001),(-641.17797407786998,283.63334129542648),(-1826.4852172149526,283.63334129542534),(-1826.4852172149494,-2416.3666587045741)));
#5785=IFCINDEXEDPOLYCURVE(#5784,$,.F.);
#5786=IFCARBITRARYCLOSEDPROFILEDEF(.AREA.,$,#5785);
#5787=IFCCARTESIANPOINT((11020.126843688542,7653.983893397527,-0.));
#5788=IFCDIRECTION((0.47236892736765757,-0.88140092832803885,0.));
#5789=IFCAXIS2PLACEMENT3D(#5787,#1156,#5788);
#5790=IFCEXTRUDEDAREASOLID(#5786,#5789,#49,99.999999999999972);
#5791=IFCSTYLEDITEM(#5790,(#1707),$);
#5792=IFCSHAPEREPRESENTATION(#15,'Body','SweptSolid',(#5790));
#5793=IFCCARTESIANPOINTLIST2D(((12287.139796942965,10405.266186127474),(14012.689522760387,7185.5346540660748),(12467.240586700589,6357.2826829536143),(11907.338275658807,7402.0135874085881),(8858.867389611567,5768.2475267291911),(8253.1222858777073,6898.5172498806432),(10467.259601499038,8085.1391777798281),(9907.3572904572611,9129.8700822348019),(12287.139796942965,10405.266186127474)));
#5794=IFCINDEXEDPOLYCURVE(#5793,$,.F.);
#5795=IFCSHAPEREPRESENTATION(#17,'FootPrint','Curve2D',(#5794));
#5796=IFCPRODUCTDEFINITIONSHAPE($,$,(#5792,#5795));
#5797=IFCSLAB('1L7Qk_WJzBIfm4Xr$$3BV9',#6,'Floor:Historic_timber_floor:1764629',$,$,#5783,#5796,'1764629',.FLOOR.);
#5798=IFCPROPERTYSET('1bPuD7SP3bqvzMkU1AQc8E',#6,'Pset_EnvironmentalImpactIndicators',$,(#1717));
#5799=IFCPROPERTYSINGLEVALUE('Reference',$,IFCLABEL('Historic_timber_floor'),$);
#5800=IFCPROPERTYSET('0ScF9UDHksE2oWSyCe_uMC',#6,'Pset_ReinforcementBarPitchOfSlab',$,(#5799));
#5801=IFCPROPERTYSET('1hzJXXoJpCfNhXRA98sBDM',#6,'Pset_SlabCommon',$,(#75,#1170,#1717,#1721));
#5802=IFCRELDEFINESBYPROPERTIES('3o4EtbnNnVYLgHTalBYW8P',#6,$,$,(#5797),#5798);
#5803=IFCRELDEFINESBYPROPERTIES('0NY2ZLpFtTcdgD8Vq8MHxA',#6,$,$,(#5797),#5800);
#5804=IFCRELDEFINESBYPROPERTIES('1pxyF4R2CQWgJAyHWiKg4m',#6,$,$,(#5797),#5801);
#5805=IFCCARTESIANPOINT((8297.1923322941075,6922.1356962490245,-1200.));
#5806=IFCDIRECTION((0.4723689273676579,-0.88140092832803862,0.));
#5807=IFCAXIS2PLACEMENT3D(#5805,#49,#5806);
#5808=IFCLOCALPLACEMENT(#24,#5807);
#5809=IFCCARTESIANPOINTLIST3D(((0.,5.4143356464919636E-013,0.),(1282.35594815574,-5.4143356464919636E-013,0.)));
#5810=IFCINDEXEDPOLYCURVE(#5809,$,.F.);
#5811=IFCSHAPEREPRESENTATION(#14,'Axis','Curve3D',(#5810));
#5812=IFCPRODUCTDEFINITIONSHAPE($,$,(#5811,#5849));
#5829=IFCCARTESIANPOINTLIST2D(((1282.3559481557397,49.999999999999396),(4.1453507293454097E-013,49.999999999999936),(-4.1453507293454097E-013,-49.999999999999936),(1282.3559481557388,-50.000000000000476),(1282.3559481557397,49.999999999999396)));
#5830=IFCINDEXEDPOLYCURVE(#5829,$,.F.);
#5831=IFCARBITRARYCLOSEDPROFILEDEF(.AREA.,$,#5830);
#5832=IFCAXIS2PLACEMENT3D(#10,$,$);
#5833=IFCEXTRUDEDAREASOLID(#5831,#5832,#49,5199.9999999999818);
#5834=IFCCOLOURRGB($,0.64313725490196083,0.55686274509803924,0.30196078431372547);
#5835=IFCSURFACESTYLERENDERING(#5834,0.,$,$,$,$,IFCNORMALISEDRATIOMEASURE(0.5),IFCSPECULAREXPONENT(64.),.NOTDEFINED.);
#5836=IFCSURFACESTYLE('Lightweigth_wood',.BOTH.,(#5835));
#5837=IFCSTYLEDITEM(#5833,(#5836),$);
#5838=IFCCOLOURRGBLIST(((0.64313725490196083,0.55686274509803924,0.30196078431372547)));
#5839=IFCINDEXEDPOLYGONALFACE((1,2,3,4));
#5840=IFCINDEXEDPOLYGONALFACE((5,6,7,8));
#5841=IFCINDEXEDPOLYGONALFACE((2,1,5,8));
#5842=IFCINDEXEDPOLYGONALFACE((3,2,8,7));
#5843=IFCINDEXEDPOLYGONALFACE((1,4,6,5));
#5844=IFCINDEXEDPOLYGONALFACE((4,3,7,6));
#5845=IFCCARTESIANPOINTLIST3D(((-1.0828671292983927E-012,-50.000000000001627,0.),(1282.3559481557379,-50.,-1.3535839116229909E-013),(1282.3559481557379,-50.,5199.9999999999818),(-1.0828671292983927E-012,-50.000000000001627,5199.9999999999818),(0.,50.,0.),(0.,50.,5199.9999999999818),(1282.3559481557379,49.99999999999946,5199.9999999999818),(1282.3559481557388,50.000000000000547,-1.3535839116229909E-013)));
#5846=IFCPOLYGONALFACESET(#5845,.T.,(#5839,#5840,#5841,#5842,#5843,#5844),$);
#5847=IFCINDEXEDCOLOURMAP(#5846,1.,#5838,(1,1,1,1,1,1));
#5848=IFCSTYLEDITEM(#5846,(#5836),$);
#5849=IFCSHAPEREPRESENTATION(#15,'Body','Tessellation',(#5846));
#5850=IFCWALL('1L7Qk_WJzBIfm4Xr$$3BTL',#6,'Basic Wall:Castelnuovo_internal:1764745',$,$,#5808,#5812,'1764745',.NOTDEFINED.);
#5851=IFCMATERIAL('Lightweigth_wood',$,$);
#5852=IFCWALLTYPE('1L7Qk_WJzBIfm4Xr$$3BSB',#6,'Basic Wall:Castelnuovo_internal',$,$,(#5862),$,'1764823',$,.STANDARD.);
#5853=IFCPROPERTYSINGLEVALUE('Reference',$,IFCIDENTIFIER('Castelnuovo_internal'),$);
#5854=IFCPROPERTYSET('0CUfKuGlbuhqW9$qqJv4d$',#6,'Pset_EnvironmentalImpactIndicators',$,(#5853));
#5855=IFCPROPERTYSINGLEVALUE('Reference',$,IFCLABEL('Castelnuovo_internal'),$);
#5856=IFCPROPERTYSET('0_omzu6iSRlfkbO3w8Le9$',#6,'Pset_ReinforcementBarPitchOfWall',$,(#5855));
#5857=IFCPROPERTYSET('1cEsb3gD7vNHjPm19x3Fk5',#6,'Pset_WallCommon',$,(#74,#75,#76,#5853));
#5858=IFCRELDEFINESBYPROPERTIES('3mJFfjrByOGNlTTDuOsyv0',#6,$,$,(#5850),#5854);
#5859=IFCRELDEFINESBYPROPERTIES('1Yj52KANcv_g9iU7ccQAJn',#6,$,$,(#5850),#5856);
#5860=IFCRELDEFINESBYPROPERTIES('1VXfuYTk11F5mviLnwid14',#6,$,$,(#5850),#5857);
#5861=IFCPROPERTYSINGLEVALUE('Description',$,IFCTEXT('Generic Wall (Material By Category), 200mm thick'),$);
#5862=IFCPROPERTYSET('1_5EtQy0XGyXCWVx6QddkD',#6,'Pset_ReinforcementBarPitchOfWall',$,(#5861));
#5863=IFCAXIS2PLACEMENT3D(#10,$,$);
#5864=IFCLOCALPLACEMENT(#32,#5863);
#5865=IFCCARTESIANPOINTLIST2D(((-1826.4852172149506,-3106.0330063535353),(1826.485217214956,-3106.0330063535384),(1826.4852172149485,3106.0330063535353),(-1826.4852172149551,3106.0330063535389),(-1826.4852172149506,-3106.0330063535353)));
#5866=IFCINDEXEDPOLYCURVE(#5865,$,.F.);
#5867=IFCARBITRARYCLOSEDPROFILEDEF(.AREA.,$,#5866);
#5868=IFCCARTESIANPOINT((10412.254284634137,7328.2069405170178,0.));
#5869=IFCDIRECTION((0.47236892736765729,-0.88140092832803896,0.));
#5870=IFCAXIS2PLACEMENT3D(#5868,#1156,#5869);
#5871=IFCEXTRUDEDAREASOLID(#5867,#5870,#49,100.);
#5872=IFCSTYLEDITEM(#5871,(#1707),$);
#5873=IFCSHAPEREPRESENTATION(#15,'Body','SweptSolid',(#5871));
#5874=IFCCARTESIANPOINTLIST2D(((12287.139796942964,10405.266186127474),(14012.689522760387,7185.5346540660757),(8537.3687723253097,4251.1476949065627),(6811.8190465078869,7470.8792269679579),(12287.139796942964,10405.266186127474)));
#5875=IFCINDEXEDPOLYCURVE(#5874,$,.F.);
#5876=IFCSHAPEREPRESENTATION(#17,'FootPrint','Curve2D',(#5875));
#5877=IFCPRODUCTDEFINITIONSHAPE($,$,(#5873,#5876));
#5878=IFCSLAB('1L7Qk_WJzBIfm4Xr$$3AfQ',#6,'Floor:Historic_timber_floor:1765510',$,$,#5864,#5877,'1765510',.FLOOR.);
#5879=IFCPROPERTYSET('0Sb8hl4aUEWlyoCzLYn0qB',#6,'Pset_EnvironmentalImpactIndicators',$,(#1717));
#5880=IFCPROPERTYSINGLEVALUE('Reference',$,IFCLABEL('Historic_timber_floor'),$);
#5881=IFCPROPERTYSET('2s2aE8wXww$F$UZjT6RKN7',#6,'Pset_ReinforcementBarPitchOfSlab',$,(#5880));
#5882=IFCPROPERTYSET('2_d51q5jj2D10trqcwXo8B',#6,'Pset_SlabCommon',$,(#75,#1170,#1717,#1721));
#5883=IFCRELDEFINESBYPROPERTIES('0oJAH9d2N7pS60b4V4ViMn',#6,$,$,(#5878),#5879);
#5884=IFCRELDEFINESBYPROPERTIES('3nMdTmfffnYnJkDMFoAgTs',#6,$,$,(#5878),#5881);
#5885=IFCRELDEFINESBYPROPERTIES('3iiGcltD75QfOrwCQ68uPq',#6,$,$,(#5878),#5882);
#5886=IFCCARTESIANPOINTLIST2D(((-250.00000000048493,-600.00000000000637),(250.00000000048493,-600.00000000000637),(250.00000000048493,600.00000000000637),(-250.00000000048493,600.00000000000637),(-250.00000000048493,-600.00000000000637)));
#5887=IFCINDEXEDPOLYCURVE(#5886,$,.F.);
#5888=IFCARBITRARYCLOSEDPROFILEDEF(.AREA.,'DoorV2',#5887);
#5889=IFCCARTESIANPOINT((600.,250.,2000.));
#5890=IFCAXIS2PLACEMENT3D(#5889,#49,#126);
#5891=IFCEXTRUDEDAREASOLID(#5888,#5890,#49,200.);
#5892=IFCCARTESIANPOINTLIST2D(((-250.00000000048493,-99.999999999998252),(250.00000000048493,-99.999999999998252),(250.00000000048493,99.999999999998252),(-250.00000000048493,99.999999999998252),(-250.00000000048493,-99.999999999998252)));
#5893=IFCINDEXEDPOLYCURVE(#5892,$,.F.);
#5894=IFCARBITRARYCLOSEDPROFILEDEF(.AREA.,'DoorV2',#5893);
#5895=IFCCARTESIANPOINT((1100.,250.,0.));
#5896=IFCAXIS2PLACEMENT3D(#5895,#49,#126);
#5897=IFCEXTRUDEDAREASOLID(#5894,#5896,#49,1999.9999999999959);
#5898=IFCCARTESIANPOINTLIST2D(((-250.00000000048493,-100.00000000000129),(250.00000000048493,-100.00000000000129),(250.00000000048493,100.00000000000129),(-250.00000000048493,100.00000000000129),(-250.00000000048493,-100.00000000000129)));
#5899=IFCINDEXEDPOLYCURVE(#5898,$,.F.);
#5900=IFCARBITRARYCLOSEDPROFILEDEF(.AREA.,'DoorV2',#5899);
#5901=IFCCARTESIANPOINT((100.,250.,0.));
#5902=IFCAXIS2PLACEMENT3D(#5901,#49,#126);
#5903=IFCEXTRUDEDAREASOLID(#5900,#5902,#49,2000.0000000000002);
#5904=IFCSTYLEDITEM(#5891,(#2006),$);
#5905=IFCSTYLEDITEM(#5897,(#2006),$);
#5906=IFCSTYLEDITEM(#5903,(#2006),$);
#5907=IFCSHAPEREPRESENTATION(#15,'Body','SweptSolid',(#5891,#5897,#5903));
#5908=IFCAXIS2PLACEMENT3D(#10,$,$);
#5909=IFCREPRESENTATIONMAP(#5908,#5907);
#5910=IFCDOORLININGPROPERTIES('1L7Qk_WJzBIfm4Xrx$3Aef',#6,'DoorV2:DoorV2:1765621',$,$,$,$,$,$,$,$,$,$,$,$,$,$);
#5911=IFCDOORPANELPROPERTIES('1L7Qk_WJzBIfm4Xrt$3Aef',#6,'DoorV2:DoorV2:1765621:1',$,$,.NOTDEFINED.,$,.NOTDEFINED.,$);
#5912=IFCDOORTYPE('3QHP7N55hhuwKS6yJkxngP',#6,'DoorV2:DoorV2',$,$,(#5910,#5911),(#5909),'1721182',$,.DOOR.,.NOTDEFINED.,$,$);
#5913=IFCMAPPEDITEM(#5909,#2116);
#5914=IFCSHAPEREPRESENTATION(#15,'Body','MappedRepresentation',(#5913));
#5915=IFCPRODUCTDEFINITIONSHAPE($,$,(#5914));
#5916=IFCCARTESIANPOINT((10123.890443315779,5101.4117641683424,0.));
#5917=IFCDIRECTION((-0.88140092832803951,-0.47236892736765623,0.));
#5918=IFCAXIS2PLACEMENT3D(#5916,#49,#5917);
#5920=IFCDOOR('1L7Qk_WJzBIfm4Xr$$3Aef',#6,'DoorV2:DoorV2:1765621',$,$,#6856,#5915,'1765621',2200.0000000000023,1199.9999999999895,.DOOR.,$,$);
#5921=IFCPROPERTYSET('2xdrmkBUwWBD4OiQeWQUrJ',#6,'Pset_DoorCommon',$,(#336,#1170));
#5922=IFCPROPERTYSET('1FWBsjWh6asCD1zOoHJSnJ',#6,'Pset_EnvironmentalImpactIndicators',$,(#336));
#5923=IFCRELDEFINESBYPROPERTIES('0CcIxLAxoHvBvhh7yaoxRd',#6,$,$,(#5920),#5921);
#5924=IFCRELDEFINESBYPROPERTIES('1Qu6nC46zITY4$V_$R1DCd',#6,$,$,(#5920),#5922);
#5925=IFCCARTESIANPOINT((17639.674577223966,-12082.347204599382,0.));
#5926=IFCAXIS2PLACEMENT3D(#5925,#49,#126);
#5927=IFCLOCALPLACEMENT(#28,#5926);
#5928=IFCCARTESIANPOINTLIST3D(((0.,9.3808482304715959E-013,0.),(2855.1533925517879,9.909594041047698E-013,0.)));
#5929=IFCINDEXEDPOLYCURVE(#5928,$,.F.);
#5930=IFCSHAPEREPRESENTATION(#14,'Axis','Curve3D',(#5929));
#5931=IFCPRODUCTDEFINITIONSHAPE($,$,(#5930,#5953));
#5932=IFCCARTESIANPOINTLIST2D(((7.6779466730028035E-014,-49.99999999999946),(2855.1533925517879,-49.99999999999941),(2820.7206312228213,49.99999999999946),(-7.6779466730028035E-014,49.99999999999946),(7.6779466730028035E-014,-49.99999999999946)));
#5933=IFCINDEXEDPOLYCURVE(#5932,$,.F.);
#5934=IFCARBITRARYCLOSEDPROFILEDEF(.AREA.,$,#5933);
#5935=IFCAXIS2PLACEMENT3D(#10,$,$);
#5936=IFCEXTRUDEDAREASOLID(#5934,#5935,#49,3500.0000000001683);
#5937=IFCSTYLEDITEM(#5936,(#5836),$);
#5938=IFCCOLOURRGBLIST(((0.64313725490196083,0.55686274509803924,0.30196078431372547)));
#5939=IFCINDEXEDPOLYGONALFACE((1,2,3,4,5,6,7,8));
#5940=IFCINDEXEDPOLYGONALFACE((9,10,11,12,13,14,15,16));
#5941=IFCINDEXEDPOLYGONALFACE((3,16,15,4));
#5942=IFCINDEXEDPOLYGONALFACE((2,1,10,9));
#5943=IFCINDEXEDPOLYGONALFACE((1,8,11,10));
#5944=IFCINDEXEDPOLYGONALFACE((3,2,9,16));
#5945=IFCINDEXEDPOLYGONALFACE((6,13,12,7));
#5946=IFCINDEXEDPOLYGONALFACE((13,6,5,14));
#5947=IFCINDEXEDPOLYGONALFACE((14,5,4,15));
#5948=IFCINDEXEDPOLYGONALFACE((11,8,7,12));
#5949=IFCCARTESIANPOINTLIST3D(((2855.1533925517879,-49.999999999998472,3500.0000000001683),(0.,-50.000000000000689,3500.0000000001683),(0.,-50.000000000000689,5.4143356464919636E-013),(457.19999999999783,-49.999999999999986,5.4143356464919636E-013),(457.19999999999783,-49.999999999999986,2000.0000000000002),(1257.199999999998,-49.999999999998757,2000.0000000000002),(1257.199999999998,-49.999999999998757,5.4143356464919636E-013),(2855.1533925517879,-49.999999999998472,5.4143356464919636E-013),(-2.1657342585967854E-012,50.000000000000398,3500.0000000001683),(2820.7206312228191,49.999999999998238,3500.0000000001683),(2820.7206312228191,49.999999999998238,5.4143356464919636E-013),(1257.1999999999957,50.000000000000163,5.4143356464919636E-013),(1257.1999999999957,50.000000000000163,2000.0000000000002),(457.19999999999567,50.000000000001101,2000.0000000000002),(457.19999999999567,50.000000000001101,5.4143356464919636E-013),(-2.1657342585967854E-012,50.000000000000398,5.4143356464919636E-013)));
#5950=IFCPOLYGONALFACESET(#5949,.T.,(#5939,#5940,#5941,#5942,#5943,#5944,#5945,#5946,#5947,#5948),$);
#5951=IFCINDEXEDCOLOURMAP(#5950,1.,#5938,(1,1,1,1,1,1,1,1,1,1));
#5952=IFCSTYLEDITEM(#5950,(#5836),$);
#5953=IFCSHAPEREPRESENTATION(#15,'Body','Tessellation',(#5950));
#5954=IFCWALL('1L7Qk_WJzBIfm4Xr$$3AY0',#6,'Basic Wall:Castelnuovo_internal:1765980',$,$,#5927,#5931,'1765980',.NOTDEFINED.);
#5955=IFCPROPERTYSET('30xoYfgqC3Wcb0kQCo_EEb',#6,'Pset_EnvironmentalImpactIndicators',$,(#5853));
#5956=IFCPROPERTYSINGLEVALUE('Reference',$,IFCLABEL('Castelnuovo_internal'),$);
#5957=IFCPROPERTYSET('344q41uMrrdDotK7pmdlAF',#6,'Pset_ReinforcementBarPitchOfWall',$,(#5956));
#5958=IFCPROPERTYSET('1tTfi2x6Jej8aej_tnPb$6',#6,'Pset_WallCommon',$,(#74,#75,#120,#5853));
#5959=IFCRELDEFINESBYPROPERTIES('22WW_v0TdTS3t1a4JCRFlv',#6,$,$,(#5954),#5955);
#5960=IFCRELDEFINESBYPROPERTIES('3xNCjQHlVq2av$wbpCD1Ez',#6,$,$,(#5954),#5957);
#5961=IFCRELDEFINESBYPROPERTIES('20QKPEUG5ePtvMbrPYNfgB',#6,$,$,(#5954),#5958);
#5962=IFCAXIS2PLACEMENT3D(#10,$,$);
#5963=IFCCARTESIANPOINT((15612.459440830155,-15382.347204599373,800.));
#5964=IFCAXIS2PLACEMENT3D(#5963,#49,#126);
#5965=IFCLOCALPLACEMENT(#24,#5964);
#5966=IFCCARTESIANPOINTLIST3D(((0.,9.837881503537604E-013,0.),(1800.0000000000109,9.837881503537604E-013,0.)));
#5967=IFCINDEXEDPOLYCURVE(#5966,$,.F.);
#5968=IFCSHAPEREPRESENTATION(#14,'Axis','Curve3D',(#5967));
#5969=IFCPRODUCTDEFINITIONSHAPE($,$,(#5968,#5976));
#5970=IFCCARTESIANPOINTLIST2D(((1800.0000000000109,49.99999999999946),(-6.0159284961020807E-014,49.99999999999946),(6.0159284961020807E-014,-49.99999999999946),(1800.0000000000109,-49.99999999999946),(1800.0000000000109,49.99999999999946)));
#5971=IFCINDEXEDPOLYCURVE(#5970,$,.F.);
#5972=IFCARBITRARYCLOSEDPROFILEDEF(.AREA.,$,#5971);
#5973=IFCAXIS2PLACEMENT3D(#10,$,$);
#5974=IFCEXTRUDEDAREASOLID(#5972,#5973,#49,3299.9999999999841);
#5975=IFCSTYLEDITEM(#5974,(#5836),$);
#5976=IFCSHAPEREPRESENTATION(#15,'Body','SweptSolid',(#5974));
#5977=IFCWALL('1Hx76Um7X4IO1wNJM$6rwQ',#6,'Basic Wall:Castelnuovo_internal:1767230',$,$,#5965,#5969,'1767230',.NOTDEFINED.);
#5978=IFCPROPERTYSET('0G41lIjaV85P_o2bHsWgWa',#6,'Pset_EnvironmentalImpactIndicators',$,(#5853));
#5979=IFCPROPERTYSINGLEVALUE('Reference',$,IFCLABEL('Castelnuovo_internal'),$);
#5980=IFCPROPERTYSET('1QVsPoxIJl0Knu92NlvlyH',#6,'Pset_ReinforcementBarPitchOfWall',$,(#5979));
#5981=IFCPROPERTYSET('22HW18HipAblohR0UvUBjH',#6,'Pset_WallCommon',$,(#74,#75,#120,#5853));
#5982=IFCRELDEFINESBYPROPERTIES('3BaiC6wSZAC3AQ3j4WvVol',#6,$,$,(#5977),#5978);
#5983=IFCRELDEFINESBYPROPERTIES('3qf$ejwfJAUsv1ZXayqK9C',#6,$,$,(#5977),#5980);
#5984=IFCRELDEFINESBYPROPERTIES('3edITU3c4aquz_CAwPK0yv',#6,$,$,(#5977),#5981);
#5985=IFCCARTESIANPOINT((15612.459440830155,-15382.347204599373,0.));
#5986=IFCAXIS2PLACEMENT3D(#5985,#49,#126);
#5987=IFCLOCALPLACEMENT(#28,#5986);
#5988=IFCCARTESIANPOINTLIST3D(((0.,9.837881503537604E-013,0.),(1800.0000000000109,9.837881503537604E-013,0.)));
#5989=IFCINDEXEDPOLYCURVE(#5988,$,.F.);
#5990=IFCSHAPEREPRESENTATION(#14,'Axis','Curve3D',(#5989));
#5991=IFCPRODUCTDEFINITIONSHAPE($,$,(#5990,#5998));
#5992=IFCCARTESIANPOINTLIST2D(((1800.0000000000109,49.99999999999946),(-6.0159284961020807E-014,49.99999999999946),(6.0159284961020807E-014,-49.99999999999946),(1800.0000000000109,-49.99999999999946),(1800.0000000000109,49.99999999999946)));
#5993=IFCINDEXEDPOLYCURVE(#5992,$,.F.);
#5994=IFCARBITRARYCLOSEDPROFILEDEF(.AREA.,$,#5993);
#5995=IFCAXIS2PLACEMENT3D(#10,$,$);
#5996=IFCEXTRUDEDAREASOLID(#5994,#5995,#49,3500.0000000001683);
#5997=IFCSTYLEDITEM(#5996,(#5836),$);
#5998=IFCSHAPEREPRESENTATION(#15,'Body','SweptSolid',(#5996));
#5999=IFCWALL('1Hx76Um7X4IO1wNJM$6r2E',#6,'Basic Wall:Castelnuovo_internal:1767722',$,$,#5987,#5991,'1767722',.NOTDEFINED.);
#6000=IFCPROPERTYSET('2z6CirwWZDvegCrPIPBXf4',#6,'Pset_EnvironmentalImpactIndicators',$,(#5853));
#6001=IFCPROPERTYSINGLEVALUE('Reference',$,IFCLABEL('Castelnuovo_internal'),$);
#6002=IFCPROPERTYSET('3zJNF7cL$T_AovAq8aGejT',#6,'Pset_ReinforcementBarPitchOfWall',$,(#6001));
#6003=IFCPROPERTYSET('26iiaxeZx7isk3MvYNj6Kd',#6,'Pset_WallCommon',$,(#74,#75,#120,#5853));
#6004=IFCRELDEFINESBYPROPERTIES('0k6Qew20uS7ABVjRvfGGEF',#6,$,$,(#5999),#6000);
#6005=IFCRELDEFINESBYPROPERTIES('1xL0V_dm54XewiOcX6Liuu',#6,$,$,(#5999),#6002);
#6006=IFCRELDEFINESBYPROPERTIES('3fE_MAFfhGhvtrleiwY54r',#6,$,$,(#5999),#6003);
#6007=IFCCARTESIANPOINT((20121.069507259264,-3987.3895603739966,0.));
#6008=IFCDIRECTION((-0.97437006478523525,-0.22495105434386484,0.));
#6009=IFCAXIS2PLACEMENT3D(#6007,#49,#6008);
#6010=IFCLOCALPLACEMENT(#24,#6009);
#6011=IFCCARTESIANPOINTLIST3D(((6.7679195581149543E-013,0.,0.),(7138.0371738882795,0.,0.)));
#6012=IFCINDEXEDPOLYCURVE(#6011,$,.F.);
#6013=IFCSHAPEREPRESENTATION(#14,'Axis','Curve3D',(#6012));
#6014=IFCPRODUCTDEFINITIONSHAPE($,$,(#6013,#6040));
#6015=IFCCARTESIANPOINTLIST2D(((-6.4929728260665347E-013,-49.999999999999773),(2987.4144075999366,-49.999999999999595),(3087.4144075999379,-50.000000000000142),(7138.0371738882786,-49.99999999999946),(7128.5772895485834,49.99999999999973),(6.4929728260665347E-013,49.999999999999773),(-6.4929728260665347E-013,-49.999999999999773)));
#6016=IFCINDEXEDPOLYCURVE(#6015,$,.F.);
#6017=IFCARBITRARYCLOSEDPROFILEDEF(.AREA.,$,#6016);
#6018=IFCAXIS2PLACEMENT3D(#10,$,$);
#6019=IFCEXTRUDEDAREASOLID(#6017,#6018,#49,4100.);
#6020=IFCSTYLEDITEM(#6019,(#5836),$);
#6021=IFCCOLOURRGBLIST(((0.64313725490196083,0.55686274509803924,0.30196078431372547)));
#6022=IFCINDEXEDPOLYGONALFACE((1,2,3,4,5,6,7,8,9,10,11,12,13,14));
#6023=IFCINDEXEDPOLYGONALFACE((15,16,17,18,19,20,21,22,23,24,25,26));
#6024=IFCINDEXEDPOLYGONALFACE((5,26,25,6));
#6025=IFCINDEXEDPOLYGONALFACE((4,3,2,1,16,15));
#6026=IFCINDEXEDPOLYGONALFACE((5,4,15,26));
#6027=IFCINDEXEDPOLYGONALFACE((1,14,17,16));
#6028=IFCINDEXEDPOLYGONALFACE((20,11,10,21));
#6029=IFCINDEXEDPOLYGONALFACE((11,20,19,12));
#6030=IFCINDEXEDPOLYGONALFACE((12,19,18,13));
#6031=IFCINDEXEDPOLYGONALFACE((8,23,22,9));
#6032=IFCINDEXEDPOLYGONALFACE((23,8,7,24));
#6033=IFCINDEXEDPOLYGONALFACE((24,7,6,25));
#6034=IFCINDEXEDPOLYGONALFACE((21,10,9,22));
#6035=IFCINDEXEDPOLYGONALFACE((17,14,13,18));
#6036=IFCCARTESIANPOINTLIST3D(((7138.0371738882795,-50.000000000001627,4100.0000000000009),(3087.4144075999384,-50.,4100.),(2987.4144075999384,-49.99999999999946,4100.),(8.1215034697379459E-013,-49.99999999999946,4100.0000000000009),(8.1215034697379459E-013,-49.99999999999946,0.),(1093.7072037999676,-49.99999999999892,0.),(1093.7072037999653,-49.99999999999946,2000.0000000000002),(1893.7072037999676,-49.99999999999892,2000.0000000000002),(1893.7072037999676,-50.,0.),(3787.4144075999297,-49.99999999999946,0.),(3787.4144075999297,-50.,2000.0000000000002),(4587.4144075999302,-50.,2000.0000000000002),(4587.4144075999302,-50.,0.),(7138.0371738882795,-50.000000000001627,0.),(4.060751734868973E-013,49.99999999999946,4100.0000000000009),(7128.5772895485861,49.99999999999946,4100.0000000000009),(7128.5772895485861,49.99999999999946,0.),(4587.4144075999266,49.99999999999838,0.),(4587.4144075999266,49.99999999999838,2000.0000000000002),(3787.4144075999293,49.99999999999892,2000.0000000000002),(3787.4144075999293,50.,0.),(1893.7072037999671,50.,0.),(1893.7072037999694,50.,2000.0000000000002),(1093.7072037999694,50.,2000.0000000000002),(1093.7072037999674,50.000000000000547,0.),(4.060751734868973E-013,49.99999999999946,0.)));
#6037=IFCPOLYGONALFACESET(#6036,.T.,(#6022,#6023,#6024,#6025,#6026,#6027,#6028,#6029,#6030,#6031,#6032,#6033,#6034,#6035),$);
#6038=IFCINDEXEDCOLOURMAP(#6037,1.,#6021,(1,1,1,1,1,1,1,1,1,1,1,1,1,1));
#6039=IFCSTYLEDITEM(#6037,(#5836),$);
#6040=IFCSHAPEREPRESENTATION(#15,'Body','Tessellation',(#6037));
#6041=IFCWALL('1Hx76Um7X4IO1wNJM$6rEF',#6,'Basic Wall:Castelnuovo_internal:1767979',$,$,#6010,#6014,'1767979',.NOTDEFINED.);
#6042=IFCPROPERTYSET('1LzYmNKaQKwTfa7nYxq7od',#6,'Pset_EnvironmentalImpactIndicators',$,(#5853));
#6043=IFCPROPERTYSINGLEVALUE('Reference',$,IFCLABEL('Castelnuovo_internal'),$);
#6044=IFCPROPERTYSET('2trCoMapOZ$8FgHGTS20Rq',#6,'Pset_ReinforcementBarPitchOfWall',$,(#6043));
#6045=IFCPROPERTYSET('2rS1qaJ2QnR4E$QMD4nZgZ',#6,'Pset_WallCommon',$,(#74,#75,#120,#5853));
#6046=IFCRELDEFINESBYPROPERTIES('23qDrzAedOdkd4D3rmYFZv',#6,$,$,(#6041),#6042);
#6047=IFCRELDEFINESBYPROPERTIES('1rNX82lvHiTof7DOPkSgZh',#6,$,$,(#6041),#6044);
#6048=IFCRELDEFINESBYPROPERTIES('1ttyCogNKn2FDcl2gyxs2O',#6,$,$,(#6041),#6045);
#6049=IFCCARTESIANPOINT((17150.256281429312,-4621.9406306035871,800.));
#6050=IFCDIRECTION((-0.22495105434386001,0.97437006478523647,-0.));
#6051=IFCAXIS2PLACEMENT3D(#6049,#49,#6050);
#6052=IFCLOCALPLACEMENT(#24,#6051);
#6053=IFCCARTESIANPOINTLIST3D(((-5.4143356464919636E-013,1.3535839116229909E-013,0.),(2786.2023706374348,-2.0303758674344865E-013,0.)));
#6054=IFCINDEXEDPOLYCURVE(#6053,$,.F.);
#6055=IFCSHAPEREPRESENTATION(#14,'Axis','Curve3D',(#6054));
#6056=IFCPRODUCTDEFINITIONSHAPE($,$,(#6055,#6063));
#6057=IFCCARTESIANPOINTLIST2D(((2786.2023706374353,49.999999999998991),(-2.4956703370548895E-013,49.999999999999375),(2.4956703370548895E-013,-49.999999999999375),(2786.2023706374362,-49.99999999999973),(2786.2023706374353,49.999999999998991)));
#6058=IFCINDEXEDPOLYCURVE(#6057,$,.F.);
#6059=IFCARBITRARYCLOSEDPROFILEDEF(.AREA.,$,#6058);
#6060=IFCAXIS2PLACEMENT3D(#10,$,$);
#6061=IFCEXTRUDEDAREASOLID(#6059,#6060,#49,3299.9999999999841);
#6062=IFCSTYLEDITEM(#6061,(#5836),$);
#6063=IFCSHAPEREPRESENTATION(#15,'Body','SweptSolid',(#6061));
#6064=IFCWALL('1Hx76Um7X4IO1wNJM$6rBZ',#6,'Basic Wall:Castelnuovo_internal:1768263',$,$,#6052,#6056,'1768263',.NOTDEFINED.);
#6065=IFCPROPERTYSET('2SNSM4FPwaVxmNWt8LWgdH',#6,'Pset_EnvironmentalImpactIndicators',$,(#5853));
#6066=IFCPROPERTYSINGLEVALUE('Reference',$,IFCLABEL('Castelnuovo_internal'),$);
#6067=IFCPROPERTYSET('33E8iQws6Tdeuq2AepGhtN',#6,'Pset_ReinforcementBarPitchOfWall',$,(#6066));
#6068=IFCPROPERTYSET('3gfjMCfqNzZVQNh3RLJ1_B',#6,'Pset_WallCommon',$,(#74,#75,#120,#5853));
#6069=IFCRELDEFINESBYPROPERTIES('1wzmwTScdCK133DBepGLiD',#6,$,$,(#6064),#6065);
#6070=IFCRELDEFINESBYPROPERTIES('097J6VmDkMfOqxZdYToxSu',#6,$,$,(#6064),#6067);
#6071=IFCRELDEFINESBYPROPERTIES('0UyM$ERnPZPKQBjYlfuoQV',#6,$,$,(#6064),#6068);
#6072=IFCAXIS2PLACEMENT3D(#10,$,$);
#6073=IFCAXIS2PLACEMENT3D(#10,$,$);
#6074=IFCCARTESIANPOINT((13681.900955881223,870.55633575113677,0.));
#6075=IFCDIRECTION((-0.94885379301909312,-0.31571582075227084,0.));
#6076=IFCAXIS2PLACEMENT3D(#6074,#49,#6075);
#6077=IFCLOCALPLACEMENT(#24,#6076);
#6078=IFCCARTESIANPOINTLIST3D(((3.7223557569632251E-013,-1.3535839116229909E-013,0.),(2978.75377142055,1.6919798895287386E-013,0.)));
#6079=IFCINDEXEDPOLYCURVE(#6078,$,.F.);
#6080=IFCSHAPEREPRESENTATION(#14,'Axis','Curve3D',(#6079));
#6081=IFCPRODUCTDEFINITIONSHAPE($,$,(#6080,#6088));
#6082=IFCCARTESIANPOINTLIST2D(((2978.7537714205491,50.000000000000277),(2.8975155608179647E-013,49.999999999999879),(-2.8975155608179647E-013,-49.999999999999879),(2978.7537714205478,-49.99999999999946),(2978.7537714205491,50.000000000000277)));
#6083=IFCINDEXEDPOLYCURVE(#6082,$,.F.);
#6084=IFCARBITRARYCLOSEDPROFILEDEF(.AREA.,$,#6083);
#6085=IFCAXIS2PLACEMENT3D(#10,$,$);
#6086=IFCEXTRUDEDAREASOLID(#6084,#6085,#49,4100.);
#6087=IFCSTYLEDITEM(#6086,(#5836),$);
#6088=IFCSHAPEREPRESENTATION(#15,'Body','SweptSolid',(#6086));
#6089=IFCWALL('0ePUVglzn3UuI9a0JU0ykb',#6,'Basic Wall:Castelnuovo_internal:1768637',$,$,#6077,#6081,'1768637',.NOTDEFINED.);
#6090=IFCPROPERTYSET('3pWfKRJwQpui35gCuefrIl',#6,'Pset_EnvironmentalImpactIndicators',$,(#5853));
#6091=IFCPROPERTYSINGLEVALUE('Reference',$,IFCLABEL('Castelnuovo_internal'),$);
#6092=IFCPROPERTYSET('08zW9KqTuAc0Xm01UcamGE',#6,'Pset_ReinforcementBarPitchOfWall',$,(#6091));
#6093=IFCPROPERTYSET('3oEBSm2o9vGKdDzbQym3NU',#6,'Pset_WallCommon',$,(#74,#75,#120,#5853));
#6094=IFCRELDEFINESBYPROPERTIES('2TB2dHAgoXCIsrFA3azht2',#6,$,$,(#6089),#6090);
#6095=IFCRELDEFINESBYPROPERTIES('3k9vK1PVkI3oJTFYcwemLO',#6,$,$,(#6089),#6092);
#6096=IFCRELDEFINESBYPROPERTIES('1O8_D4mbN3aM2WZKa_5O7X',#6,$,$,(#6089),#6093);
#6097=IFCCARTESIANPOINTLIST2D(((-250.00000000048439,-600.00000000000637),(250.00000000048439,-600.00000000000637),(250.00000000048439,600.00000000000637),(-250.00000000048439,600.00000000000637),(-250.00000000048439,-600.00000000000637)));
#6098=IFCINDEXEDPOLYCURVE(#6097,$,.F.);
#6099=IFCARBITRARYCLOSEDPROFILEDEF(.AREA.,'DoorV2',#6098);
#6100=IFCCARTESIANPOINT((-0.,0.,2000.));
#6101=IFCAXIS2PLACEMENT3D(#6100,#49,#126);
#6102=IFCEXTRUDEDAREASOLID(#6099,#6101,#49,200.);
#6103=IFCCARTESIANPOINTLIST2D(((-250.00000000048439,-99.999999999998252),(250.00000000048439,-99.999999999998252),(250.00000000048439,99.999999999998252),(-250.00000000048439,99.999999999998252),(-250.00000000048439,-99.999999999998252)));
#6104=IFCINDEXEDPOLYCURVE(#6103,$,.F.);
#6105=IFCARBITRARYCLOSEDPROFILEDEF(.AREA.,'DoorV2',#6104);
#6106=IFCCARTESIANPOINT((500.,0.,0.));
#6107=IFCAXIS2PLACEMENT3D(#6106,#49,#126);
#6108=IFCEXTRUDEDAREASOLID(#6105,#6107,#49,1999.9999999999959);
#6109=IFCCARTESIANPOINTLIST2D(((-250.00000000048439,-100.00000000000129),(250.00000000048439,-100.00000000000129),(250.00000000048439,100.00000000000129),(-250.00000000048439,100.00000000000129),(-250.00000000048439,-100.00000000000129)));
#6110=IFCINDEXEDPOLYCURVE(#6109,$,.F.);
#6111=IFCARBITRARYCLOSEDPROFILEDEF(.AREA.,'DoorV2',#6110);
#6112=IFCCARTESIANPOINT((-500.,0.,0.));
#6113=IFCAXIS2PLACEMENT3D(#6112,#49,#126);
#6114=IFCEXTRUDEDAREASOLID(#6111,#6113,#49,2000.0000000000002);
#6115=IFCSTYLEDITEM(#6102,(#2006),$);
#6116=IFCSTYLEDITEM(#6108,(#2006),$);
#6117=IFCSTYLEDITEM(#6114,(#2006),$);
#6118=IFCSHAPEREPRESENTATION(#15,'Body','SweptSolid',(#6102,#6108,#6114));
#6119=IFCAXIS2PLACEMENT3D(#10,$,$);
#6120=IFCREPRESENTATIONMAP(#6119,#6118);
#6121=IFCDOORLININGPROPERTIES('0tST5p$2H8xxCcbRaOQUWP',#6,'DoorV2:DoorV2:1768706',$,$,$,$,$,$,$,$,$,$,$,$,$,$);
#6122=IFCDOORPANELPROPERTIES('0tST5p$2H8xxCcbReOQUWP',#6,'DoorV2:DoorV2:1768706:1',$,$,.NOTDEFINED.,$,.NOTDEFINED.,$);
#6123=IFCDOORTYPE('3Xhlk0uTsGNeaS9_c3iSI$',#6,'DoorV2:DoorV2',$,$,(#6121,#6122),(#6120),'1721182',$,.DOOR.,.NOTDEFINED.,$,$);
#6124=IFCMAPPEDITEM(#6120,#2116);
#6125=IFCSHAPEREPRESENTATION(#15,'Body','MappedRepresentation',(#6124));
#6126=IFCPRODUCTDEFINITIONSHAPE($,$,(#6125));
#6127=IFCCARTESIANPOINT((13393.855799156705,2312.2273530372022,-1000.));
#6128=IFCDIRECTION((-0.35836794954529877,0.93358042649720241,0.));
#6129=IFCAXIS2PLACEMENT3D(#6127,#49,#6128);
#6130=IFCLOCALPLACEMENT(#24,#6129);
#6131=IFCDOOR('0tST5p$2H8xxCcbRWOQUWP',#6,'DoorV2:DoorV2:1768706',$,$,#6130,#6126,'1768706',1170.3740868164393,2399.9999999999991,.DOOR.,$,$);
#6132=IFCPROPERTYSET('0uJPp2KsNVmugqaQ1P69Xq',#6,'Pset_DoorCommon',$,(#336,#1170));
#6133=IFCPROPERTYSET('3DguMIPkbwp5omhr73PO2H',#6,'Pset_EnvironmentalImpactIndicators',$,(#336));
#6134=IFCRELDEFINESBYPROPERTIES('1X_SkN9EGsj2ocGB3cCyAY',#6,$,$,(#6131),#6132);
#6135=IFCRELDEFINESBYPROPERTIES('1k8OfCNtiP6aEt7uNOjXlS',#6,$,$,(#6131),#6133);
#6136=IFCMAPPEDITEM(#6120,#2116);
#6137=IFCSHAPEREPRESENTATION(#15,'Body','MappedRepresentation',(#6136));
#6138=IFCPRODUCTDEFINITIONSHAPE($,$,(#6137));
#6139=IFCCARTESIANPOINT((14501.962195668732,-574.48850303354595,-1000.));
#6140=IFCDIRECTION((0.35836794954529877,-0.93358042649720241,0.));
#6141=IFCAXIS2PLACEMENT3D(#6139,#49,#6140);
#6142=IFCLOCALPLACEMENT(#24,#6141);
#6143=IFCDOOR('0tST5p$2H8xxCcbRWOQUXK',#6,'DoorV2:DoorV2:1768783',$,$,#6142,#6138,'1768783',1170.3740868164393,2399.9999999999991,.DOOR.,$,$);
#6144=IFCPROPERTYSET('1qpTN8RV$GiuuhjIjLeQaz',#6,'Pset_DoorCommon',$,(#336,#1170));
#6145=IFCPROPERTYSET('1wa7iQD_I2dn4ZZZBB_VmH',#6,'Pset_EnvironmentalImpactIndicators',$,(#336));
#6146=IFCRELDEFINESBYPROPERTIES('1whqO0y9g_a7H6keK9uvKc',#6,$,$,(#6143),#6144);
#6147=IFCRELDEFINESBYPROPERTIES('0rG1GqsnKIdXK_97OnKrgE',#6,$,$,(#6143),#6145);
#6148=IFCCARTESIANPOINT((11653.335171776169,-9937.9628792970598,381.13712779234601));
#6149=IFCAXIS2PLACEMENT3D(#6148,#49,#126);
#6150=IFCLOCALPLACEMENT(#40,#6149);
#6151=IFCPRODUCTDEFINITIONSHAPE($,$,(#6163));
#6152=IFCCOLOURRGBLIST(((1.,0.65098039215686276,0.82352941176470584)));
#6153=IFCINDEXEDPOLYGONALFACE((1,2,3,4));
#6154=IFCINDEXEDPOLYGONALFACE((1,4,5,6));
#6155=IFCINDEXEDPOLYGONALFACE((4,3,7,5));
#6156=IFCINDEXEDPOLYGONALFACE((3,2,8,7));
#6157=IFCINDEXEDPOLYGONALFACE((2,1,6,8));
#6158=IFCINDEXEDPOLYGONALFACE((6,5,7,8));
#6159=IFCCARTESIANPOINTLIST3D(((7480.0436672784908,-474.42689650954708,0.),(162.79288368500784,-2909.1242690540039,0.),(0.,-2436.3394054477976,0.),(7322.185756902355,0.,0.),(7322.185756902355,0.,994.73913826570788),(7480.0436672784908,-474.42689650954708,816.10308640205221),(0.,-2436.3394054477976,458.37608522425762),(162.79288368500784,-2909.1242690540039,280.10152888099401)));
#6160=IFCPOLYGONALFACESET(#6159,.T.,(#6153,#6154,#6155,#6156,#6157,#6158),$);
#6161=IFCINDEXEDCOLOURMAP(#6160,1.,#6152,(1,1,1,1,1,1));
#6162=IFCSTYLEDITEM(#6160,(#64),$);
#6163=IFCSHAPEREPRESENTATION(#15,'Body','Tessellation',(#6160));
#6164=IFCWALL('1aMTge6B9DK9$RHbrOwo4u',#6,'Wall_ontop:Wall_ontop:1770791',$,$,#6150,#6151,'1770791',.NOTDEFINED.);
#6165=IFCWALLTYPE('1aMTge6B9DK9$RHbrOwo4w',#6,'Wall_ontop:Wall_ontop',$,$,$,$,'1770789',$,.NOTDEFINED.);
#6166=IFCPROPERTYSINGLEVALUE('Reference',$,IFCIDENTIFIER('Wall_ontop'),$);
#6167=IFCPROPERTYSET('2Pmjmx2rcuJh57DsRuFJlk',#6,'Pset_EnvironmentalImpactIndicators',$,(#6166));
#6168=IFCPROPERTYSINGLEVALUE('Reference',$,IFCLABEL('Wall_ontop'),$);
#6169=IFCPROPERTYSET('1K8ahDrz1WepxTDnJHmHFN',#6,'Pset_ReinforcementBarPitchOfWall',$,(#6168));
#6170=IFCPROPERTYSET('2_ERmM2By_ymda$mEN8$NU',#6,'Pset_WallCommon',$,(#1170,#6166));
#6171=IFCRELDEFINESBYPROPERTIES('3r9ey$ODWkBzyeTnNpskEq',#6,$,$,(#6164),#6167);
#6172=IFCRELDEFINESBYPROPERTIES('067ccAhLAmR2A4Bnx38f35',#6,$,$,(#6164),#6169);
#6173=IFCRELDEFINESBYPROPERTIES('0MCJIdQIpixREXTPvxottS',#6,$,$,(#6164),#6170);
#6174=IFCAXIS2PLACEMENT3D(#6176,$,$);
#6175=IFCLOCALPLACEMENT(#36,#6174);
#6176=IFCCARTESIANPOINT((12215.66053991423,-9775.1699956120538,450.));
#6177=IFCAXIS2PLACEMENT3D(#10,$,$);
#6179=IFCCARTESIANPOINTLIST2D(((-2023.1559439560851,-4185.2584745448703),(4402.3155305492564,-1999.5619992847132),(3519.5358071599899,4391.9352136129482),(-4517.8313095343483,2835.9187481623089),(-2023.1559439560851,-4185.2584745448703)));
#6180=IFCINDEXEDPOLYCURVE(#6179,$,.F.);
#6181=IFCARBITRARYCLOSEDPROFILEDEF(.AREA.,$,#6180);
#6182=IFCCARTESIANPOINT((4250.0285600412008,4148.5627703003074,1397.9520713588499));
#6183=IFCDIRECTION((0.33917536810708004,0.044020996239741476,0.93969262078590754));
#6184=IFCDIRECTION((0.94072316314069082,-0.015871659367041338,-0.33880380865555493));
#6185=IFCAXIS2PLACEMENT3D(#6182,#6183,#6184);
#6186=IFCDIRECTION((-0.33880380865555493,-0.046794846735540484,0.93969262078590754));
#6187=IFCEXTRUDEDAREASOLID(#6181,#6185,#6186,239.43999880707906);
#6188=IFCSTYLEDITEM(#6187,(#1707),$);
#6189=IFCSHAPEREPRESENTATION(#15,'Body','SweptSolid',(#6187));
#6190=IFCPRODUCTDEFINITIONSHAPE($,$,(#6189));
#6191=IFCAXIS2PLACEMENT3D(#10,$,$);
#6192=IFCLOCALPLACEMENT(#6175,#6966);
#6193=IFCSLAB('1McQR05ZbFTBlSIQ5ZjVBS',#6,'Basic Roof:Generic - 225mm:1771828',$,$,#6192,#6190,'1771828',.ROOF.);
#6194=IFCROOF('1McQR05ZbFTBlSIQDZjVBS',#6,'Basic Roof:Generic - 225mm:1771828',$,$,#6175,$,'1771828',.NOTDEFINED.);
#6195=IFCRELAGGREGATES('0WzFYv2MMDA76iH7_FbsCp',#6,$,$,#6194,(#6193));
#6196=IFCPROPERTYSET('1wKOIxLKOLS8b0t6kiO58C',#6,'Pset_EnvironmentalImpactIndicators',$,(#4360));
#6197=IFCPROPERTYSINGLEVALUE('Reference',$,IFCLABEL('Generic - 225mm'),$);
#6198=IFCPROPERTYSET('0MCTcgCGaFkkMUMtmtyz9b',#6,'Pset_ReinforcementBarPitchOfSlab',$,(#6197));
#6199=IFCPROPERTYSINGLEVALUE('PitchAngle',$,IFCPLANEANGLEMEASURE(20.),$);
#6200=IFCPROPERTYSET('05gY5BvwFT$hlXLrkJS6it',#6,'Pset_SlabCommon',$,(#74,#4360,#6199));
#6201=IFCPROPERTYSET('1hkr2kW09c$uIFmnGcR6pD',#6,'Pset_EnvironmentalImpactIndicators',$,(#4360));
#6202=IFCPROPERTYSET('2enCgqSv6h3kIKnsxXS2wb',#6,'Pset_RoofCommon',$,(#74,#4360));
#6203=IFCRELDEFINESBYPROPERTIES('2KL8DrOYPXcjzux4ohW4wN',#6,$,$,(#6193),#6196);
#6204=IFCRELDEFINESBYPROPERTIES('2TN7824xzPuHlwpo0KBTq_',#6,$,$,(#6193),#6198);
#6205=IFCRELDEFINESBYPROPERTIES('3oPgYlDuNzrjUG67jQhmDb',#6,$,$,(#6193),#6200);
#6206=IFCRELDEFINESBYPROPERTIES('3vpm3jsjoDesbmsKg18zsy',#6,$,$,(#6194),#6201);
#6207=IFCRELDEFINESBYPROPERTIES('2jmyL2lupvQZPnhBsh7WSy',#6,$,$,(#6194),#6202);
#6208=IFCAXIS2PLACEMENT3D(#6210,$,$);
#6209=IFCLOCALPLACEMENT(#36,#6208);
#6210=IFCCARTESIANPOINT((8773.5532360091347,2669.292368611555,-825.));
#6211=IFCAXIS2PLACEMENT3D(#10,$,$);
#6213=IFCCARTESIANPOINTLIST2D(((-1434.7818403918275,20.031756720223022),(-819.41809570302132,-1193.1407207197101),(1547.5807896930564,-329.00530802743742),(782.35763475215902,1179.6108213539226),(-1434.7818403918275,20.031756720223022)));
#6214=IFCINDEXEDPOLYCURVE(#6213,$,.F.);
#6215=IFCARBITRARYCLOSEDPROFILEDEF(.AREA.,$,#6214);
#6216=IFCCARTESIANPOINT((1425.9568018239402,1168.107928214564,259.50547019929928));
#6217=IFCDIRECTION((0.11074178664880226,-0.28849221740344888,0.95105651629515298));
#6218=IFCDIRECTION((0.99384921224994249,0.032145865988268248,-0.1059735184375471));
#6219=IFCAXIS2PLACEMENT3D(#6216,#6217,#6218);
#6220=IFCDIRECTION((-0.1059735184375471,0.29027765363957059,0.95105651629515298));
#6221=IFCEXTRUDEDAREASOLID(#6215,#6219,#6220,236.57900045361106);
#6222=IFCSTYLEDITEM(#6221,(#1707),$);
#6223=IFCSHAPEREPRESENTATION(#15,'Body','SweptSolid',(#6221));
#6224=IFCPRODUCTDEFINITIONSHAPE($,$,(#6223));
#6225=IFCAXIS2PLACEMENT3D(#10,$,$);
#6226=IFCLOCALPLACEMENT(#6209,#6967);
#6227=IFCSLAB('1McQR05ZbFTBlSIQ5ZjV5e',#6,'Basic Roof:Generic - 225mm:1772160',$,$,#6226,#6224,'1772160',.ROOF.);
#6228=IFCROOF('1McQR05ZbFTBlSIQDZjV5e',#6,'Basic Roof:Generic - 225mm:1772160',$,$,#6209,$,'1772160',.NOTDEFINED.);
#6229=IFCRELAGGREGATES('0WdoDg3k5tK$hliH8At_c2',#6,$,$,#6228,(#6227));
#6230=IFCPROPERTYSET('0G9rMn1emQoJAyV5hmUM_h',#6,'Pset_EnvironmentalImpactIndicators',$,(#4360));
#6231=IFCPROPERTYSINGLEVALUE('Reference',$,IFCLABEL('Generic - 225mm'),$);
#6232=IFCPROPERTYSET('0LfUafXZPTKdP6D65UvFnE',#6,'Pset_ReinforcementBarPitchOfSlab',$,(#6231));
#6233=IFCPROPERTYSET('0n5QhSJQoqWkyRmptCmOgJ',#6,'Pset_SlabCommon',$,(#74,#4360,#4364));
#6234=IFCPROPERTYSET('1x53PI1SXjntnrykdz6Ryb',#6,'Pset_EnvironmentalImpactIndicators',$,(#4360));
#6235=IFCPROPERTYSET('3LffDAwBIbC2iX5gvbhOy1',#6,'Pset_RoofCommon',$,(#74,#4360));
#6236=IFCRELDEFINESBYPROPERTIES('0RQu6lgjUVyUooNtpqTgVg',#6,$,$,(#6227),#6230);
#6237=IFCRELDEFINESBYPROPERTIES('0NAptziFP_ihjaU2exsbE2',#6,$,$,(#6227),#6232);
#6238=IFCRELDEFINESBYPROPERTIES('2WkUMjEyWM3dXent9yw5Eo',#6,$,$,(#6227),#6233);
#6239=IFCRELDEFINESBYPROPERTIES('0CbaYoFQsTZY$bdCeHfNEr',#6,$,$,(#6228),#6234);
#6240=IFCRELDEFINESBYPROPERTIES('2dY3L6o7ActXDfM3bzVC2I',#6,$,$,(#6228),#6235);
#6241=IFCRELAGGREGATES('2Sp0MWkir5FwmZLgeNIsog',#6,$,$,#5037,(#4899,#4922,#4964,#4986,#5027));
#6242=IFCCARTESIANPOINT((15562.459440830162,-13582.34720459938,2252.4791385932026));
#6243=IFCAXIS2PLACEMENT3D(#6242,$,$);
#6244=IFCCARTESIANPOINT((0.,0.,4100.));
#6245=IFCAXIS2PLACEMENT3D(#6244,$,$);
#6246=IFCCARTESIANPOINT((14589.674577223961,-15382.347204599371,1207.5994616207408));
#6247=IFCAXIS2PLACEMENT3D(#6246,$,$);
#6248=IFCAXIS2PLACEMENT3D(#10,$,$);
#6249=IFCCARTESIANPOINT((15562.459440830155,-16453.038197492911,499.06647227019727));
#6250=IFCAXIS2PLACEMENT3D(#6249,$,$);
#6251=IFCPROPERTYSINGLEVALUE('Reference',$,IFCIDENTIFIER('8mm Head'),$);
#6252=IFCPROPERTYSINGLEVALUE('AboveGround',$,IFCLOGICAL(.U.),$);
#6253=IFCPROPERTYSET('16L50AfyZF4hYq5TGET4H4',#6,'Pset_BuildingStoreyCommon',$,(#6251,#6252));
#6254=IFCRELDEFINESBYPROPERTIES('2VdfSfkgzGoZi_3SgzE8$0',#6,$,$,(#25),#6253);
#6255=IFCRELCONTAINEDINSPATIALSTRUCTURE('2JF4e6axWHqu3u0C5FZlmi',#6,$,$,(#67,#116,#233,#255,#277,#931,#978,#1012,#1080,#1103,#1124,#1891,#2069,#2123,#2191,#2245,#2293,#2346,#2360,#2404,#2738,#2783,#2795,#3056,#3086,#3406,#3457,#3502,#3547,#3694,#3706,#3742,#3801,#3985,#4315,#4626,#4660,#4687,#4717,#4745,#4770,#5037,#5297,#5341,#5515,#5642,#5665,#5688,#5731,#5774,#5850,#5977,#6041,#6064,#6089,#6131,#6143),#25);
#6256=IFCPROPERTYSET('1n34enW33Z_3Qq2Pm1kjQZ',#6,'Pset_BuildingStoreyCommon',$,(#6251,#6252));
#6257=IFCRELDEFINESBYPROPERTIES('36oM8gyLQ5_Z6XoGK5uP1E',#6,$,$,(#29),#6256);
#6258=IFCRELCONTAINEDINSPATIALSTRUCTURE('1ZGO8hrFCHqw0v0066FpFv',#6,$,$,(#311,#377,#422,#474,#529,#1204,#1242,#1276,#1329,#1407,#1714,#1741,#1915,#2047,#2448,#2459,#2547,#2591,#2602,#2840,#2864,#2966,#3068,#3178,#3592,#3604,#3649,#3718,#3730,#4007,#4598,#4813,#4832,#5162,#5196,#5274,#5364,#5427,#5471,#5576,#5797,#5954,#5999),#29);
#6259=IFCPROPERTYSET('3AXCvJM8Wn31yHmAEhTBzx',#6,'Pset_BuildingStoreyCommon',$,(#6251,#6252));
#6260=IFCRELDEFINESBYPROPERTIES('0k89WegfoBYkW7PQdAxkth',#6,$,$,(#33),#6259);
#6261=IFCRELCONTAINEDINSPATIALSTRUCTURE('112HIUctr2yw5OqZkr3k75',#6,$,$,(#582,#663,#773,#835,#890,#1482,#1544,#1633,#1689,#1832,#1958,#2024,#2503,#2613,#2671,#2685,#2699,#2852,#2909,#2921,#3011,#3268,#3849,#3861,#3882,#3907,#3962,#4056,#4094,#4177,#4192,#4237,#4276,#4486,#4531,#4556,#4854,#5077,#5099,#5140,#5218,#5232,#5404,#5494,#5599,#5878,#5920),#33);
#6262=IFCPROPERTYSET('3lDFJnOpvhNUlV4yq_EUjM',#6,'Pset_BuildingStoreyCommon',$,(#6251,#6252));
#6263=IFCRELDEFINESBYPROPERTIES('1___4rqDoFkjoWe82IO25C',#6,$,$,(#37),#6262);
#6264=IFCRELCONTAINEDINSPATIALSTRUCTURE('2Pn2gPaDD7hh0SQroREd3H',#6,$,$,(#3932,#4138,#4358,#4402,#4435,#4464,#6194,#6228),#37);
#6265=IFCPROPERTYSET('28iU_kdufeeDW1fi3JlBRj',#6,'Pset_BuildingStoreyCommon',$,(#6251,#6252));
#6266=IFCRELDEFINESBYPROPERTIES('1OCtuL5yvdDINisNH3iQLn',#6,$,$,(#41),#6265);
#6267=IFCRELCONTAINEDINSPATIALSTRUCTURE('2ngzEiy0LAuAASKIvClK$R',#6,$,$,(#6164),#41);
#6268=IFCRELAGGREGATES('33YPkQ58PgGMs$32dWijNN',#6,$,$,#18,(#44));
#6269=IFCRELAGGREGATES('1Xblqr5ldFAQ2M8wEjFx7X',#6,$,$,#44,(#22));
#6270=IFCRELAGGREGATES('1yhDISh1T5aQqAoygxGIhP',#6,$,$,#22,(#25,#29,#33,#37,#41));
#6271=IFCPROPERTYSINGLEVALUE('NumberOfStoreys',$,IFCINTEGER(5),$);
#6272=IFCPROPERTYSINGLEVALUE('IsLandmarked',$,IFCLOGICAL(.U.),$);
#6273=IFCPROPERTYSET('2Z7MKWb_vc3bUrb6IY2WtU',#6,'Pset_BuildingCommon',$,(#45,#6271,#6272));
#6274=IFCRELDEFINESBYPROPERTIES('3mRssza92rjaN_EiFLamxK',#6,$,$,(#22),#6273);
#6275=IFCRELASSOCIATESMATERIAL('0EAzrSWZk_DGBHqRN8GTMv',#6,$,$,(#2173),#2184);
#6276=IFCRELASSOCIATESMATERIAL('2X$rCGG6qgFnnG9wzC_kEi',#6,$,$,(#2191),#2195);
#6277=IFCRELASSOCIATESMATERIAL('1LILtRq4$1N5zZJFDpJzmD',#6,$,$,(#2230),#2238);
#6278=IFCRELASSOCIATESMATERIAL('1yS3CWJfGxp8U$H3cKV_9d',#6,$,$,(#2245),#2248);
#6279=IFCRELASSOCIATESMATERIAL('3mOt9WmrpAB7MKTcR1rs0x',#6,$,$,(#2331),#2339);
#6280=IFCRELASSOCIATESMATERIAL('2mlA2f2rL06EnYNuyVk$eo',#6,$,$,(#2346),#2349);
#6281=IFCRELASSOCIATESMATERIAL('1owS5JORj0$qVgjLO$p1n4',#6,$,$,(#2657),#2664);
#6282=IFCRELASSOCIATESMATERIAL('2C$qzoLK$ocFlum4JRJR2_',#6,$,$,(#2671),#2674);
#6283=IFCRELASSOCIATESMATERIAL('0iKOiQYhPWzirslU035W38',#6,$,$,(#2685),#2688);
#6284=IFCRELASSOCIATESMATERIAL('0d7cvChLPk7XRvTXXjSjBa',#6,$,$,(#3390),#3400);
#6285=IFCRELASSOCIATESMATERIAL('1sNkG1AdWRfDTvP6wyadwp',#6,$,$,(#3406),#3418);
#6286=IFCRELASSOCIATESMATERIAL('1VjXMoafn3pea4Kg7o6CWM',#6,$,$,(#3786),#3793);
#6287=IFCRELASSOCIATESMATERIAL('0F5RvLQ2ImULkSTN4x2eyF',#6,$,$,(#3801),#3804);
#6288=IFCRELASSOCIATESMATERIAL('1V9XAXlnKLPpYHWN35T0vY',#6,$,$,(#67,#116,#233,#255,#277,#311,#377,#422,#474,#529,#582,#663,#773,#835,#890,#1103,#1165,#1204,#1794,#1859,#3933,#3963,#3986,#4008,#4177,#6165),#68);
#6289=IFCRELASSOCIATESMATERIAL('0ij7OeRyx2eDOuTDTup3LJ',#6,$,$,(#931,#978,#1012,#1080,#1242,#1276,#1329,#1407,#4618,#4626,#4652,#4660),#946);
#6290=IFCRELASSOCIATESMATERIAL('3NuOdn0vIh8XDTc2nm8VnD',#6,$,$,(#1482,#1544,#1633,#1689,#4487,#4532),#1483);
#6291=IFCRELASSOCIATESMATERIAL('0laijFe8f6I6w$wyZL6LRT',#6,$,$,(#1714,#1715,#4339,#4357,#4401,#4434,#4464,#4556,#4832,#4854,#4899,#4922,#4964,#4986,#5027,#5077,#5099,#5140,#5162,#5196,#5218,#5274,#5297,#5341,#5364,#5404,#5427,#5471,#5494,#5576,#5599,#5642,#5665,#5688,#5731,#5774,#5797,#5878,#6193,#6227),#1716);
#6292=IFCRELASSOCIATESMATERIAL('0rbvtq1k1XNbL9TSecVLG2',#6,$,$,(#1892,#1930,#1959,#2025,#2048,#2070,#3139,#3231,#3295,#3883,#3908,#4679,#4687,#5544),#1893);
#6293=IFCRELASSOCIATESMATERIAL('0aXcgl5phVilfJOGcNBYby',#6,$,$,(#2114,#2123,#2286,#2293,#2360,#2397,#2404,#2441,#2448,#2459,#2496,#2503,#2540,#2547,#2584,#2591,#2602,#2613,#2699,#2730,#2738,#2775,#2783,#2795,#2832,#2840,#2852,#2864,#2901,#2909,#2921,#2958,#2966,#3449,#3457,#3494,#3502,#3539,#3547,#3584,#3592,#3604,#3641,#3649,#3841,#3849,#3861,#4048,#4056,#4131,#4138,#4229,#4237),#2115);
#6294=IFCRELASSOCIATESMATERIAL('2YtcQ2UPkUY7gFAING29NC',#6,$,$,(#3003,#3011,#3048,#3056,#3068,#3686,#3694,#3706,#3718,#3730,#3742,#4087,#4094,#4192,#4268,#4276,#4307,#4315,#4590,#4598,#4806,#4813,#5232,#5912,#5920,#6123,#6131,#6143),#2332);
#6295=IFCRELASSOCIATESMATERIAL('0jFj5eHyGbwRi_TKJPT9Kw',#6,$,$,(#4717,#4745,#4770),#4719);
#6296=IFCRELASSOCIATESMATERIAL('3YWHeDC8pnwE8ZaUyY3Wxe',#6,$,$,(#5850,#5954,#5977,#5999,#6041,#6064,#6089),#5851);
#6297=IFCRELDEFINESBYTYPE('0eziQnR0o_YPwnU1goEOK7',#6,$,$,(#67,#116,#233,#255,#277,#311,#377,#422,#474,#529,#582,#663,#773,#835,#890,#1103,#1204,#4177),#69);
#6298=IFCRELDEFINESBYTYPE('1VZQS8gz0cJTWiz9dtlLT0',#6,$,$,(#931,#978,#1012,#1080,#1242,#1276,#1329,#1407),#947);
#6299=IFCRELDEFINESBYTYPE('0u8oL41NON3UxIWyHr5Zp_',#6,$,$,(#1124),#1165);
#6300=IFCRELDEFINESBYTYPE('3hMDhmGEtittcZT6G68Czh',#6,$,$,(#1482,#1544,#1633,#1689),#1484);
#6301=IFCRELDEFINESBYTYPE('3rOi_XdoILfzY2PY2068zy',#6,$,$,(#1714,#4556,#4832,#4854,#4899,#4922,#4964,#4986,#5027,#5077,#5099,#5140,#5162,#5196,#5218,#5274,#5297,#5341,#5364,#5404,#5427,#5471,#5494,#5576,#5599,#5642,#5665,#5688,#5731,#5774,#5797,#5878),#1715);
#6302=IFCRELDEFINESBYTYPE('2nVWhedcucStb1z5W2vmR_',#6,$,$,(#1741),#1794);
#6303=IFCRELDEFINESBYTYPE('1ybw9Ol4it0L7ksp60QjI3',#6,$,$,(#1832),#1859);
#6304=IFCRELDEFINESBYTYPE('3APmRtWKpTVamwGg$wUNhS',#6,$,$,(#1891),#1892);
#6305=IFCRELDEFINESBYTYPE('3xq4M46QrP5q1ZZ6LzbmPg',#6,$,$,(#1915),#1930);
#6306=IFCRELDEFINESBYTYPE('0NMzs4hHYDdGq5WOmu7jCa',#6,$,$,(#1958),#1959);
#6307=IFCRELDEFINESBYTYPE('23JI7CDvIgITL2Jk48hslX',#6,$,$,(#2024),#2025);
#6308=IFCRELDEFINESBYTYPE('3QGppyLDy17AROlAJZ1Pgg',#6,$,$,(#2047),#2048);
#6309=IFCRELDEFINESBYTYPE('0NoCD1E1nkDSyCPZDZVyn9',#6,$,$,(#2069),#2070);
#6310=IFCRELDEFINESBYTYPE('3yU2QKfXPVyPFXvzv$W86r',#6,$,$,(#2123),#2114);
#6311=IFCRELDEFINESBYTYPE('24T4gPpOcL5HvezQomu1xG',#6,$,$,(#2191),#2173);
#6312=IFCRELDEFINESBYTYPE('0lHOx4oOIj3zToYV2BvMKH',#6,$,$,(#2245),#2230);
#6313=IFCRELDEFINESBYTYPE('1YVfQqYDBwriuIUDzuWFNX',#6,$,$,(#2293,#2360,#2602),#2286);
#6314=IFCRELDEFINESBYTYPE('05T0AFk9rovB0rpyVPJ3Fe',#6,$,$,(#2346),#2331);
#6315=IFCRELDEFINESBYTYPE('1cy38PFmW_mAEbQZVpse1p',#6,$,$,(#2404),#2397);
#6316=IFCRELDEFINESBYTYPE('3aPap6q9_KqO3Ww2vf1E1k',#6,$,$,(#2448,#2459),#2441);
#6317=IFCRELDEFINESBYTYPE('1jp4kGMfnF9HNOqOoG2WPb',#6,$,$,(#2503,#2613,#2699),#2496);
#6318=IFCRELDEFINESBYTYPE('0rxaCsOxiWAcbqqlAfhH0i',#6,$,$,(#2547),#2540);
#6319=IFCRELDEFINESBYTYPE('3TZdAJ7hvU999k0oiinppz',#6,$,$,(#2591),#2584);
#6320=IFCRELDEFINESBYTYPE('0HM73cJyHvWYYxzWs4tf6U',#6,$,$,(#2671,#2685),#2657);
#6321=IFCRELDEFINESBYTYPE('275l$pkEcbbQMcFcnIntal',#6,$,$,(#2738),#2730);
#6322=IFCRELDEFINESBYTYPE('0FS685glYZ8s7ffHnWuPgK',#6,$,$,(#2783,#2795),#2775);
#6323=IFCRELDEFINESBYTYPE('2uIeJ_hYK$AbaGU$CeyHGD',#6,$,$,(#2840,#2852,#2864),#2832);
#6324=IFCRELDEFINESBYTYPE('3LKiABgm7N5lUYbDiO$$pd',#6,$,$,(#2909,#2921),#2901);
#6325=IFCRELDEFINESBYTYPE('1pnyi1ObjMLUN8iHGmCpmu',#6,$,$,(#2966),#2958);
#6326=IFCRELDEFINESBYTYPE('2ViSPcmpXYMz3KHYQ3LCgw',#6,$,$,(#3011),#3003);
#6327=IFCRELDEFINESBYTYPE('3BwoYCGb8FT21q3uIGDus6',#6,$,$,(#3056,#3068),#3048);
#6328=IFCRELDEFINESBYTYPE('3aprFb21AcncZyfYZF5I8b',#6,$,$,(#3086),#3139);
#6329=IFCRELDEFINESBYTYPE('3OiSd4uaF_YV7X4aKlq5_3',#6,$,$,(#3178),#3231);
#6330=IFCRELDEFINESBYTYPE('1o495jXU230xquLzmFDttV',#6,$,$,(#3268),#3295);
#6331=IFCRELDEFINESBYTYPE('1IHRXYNttxSRi_m8Zo0B5H',#6,$,$,(#3406),#3390);
#6332=IFCRELDEFINESBYTYPE('1cSWLaayhryqQrIURwqY54',#6,$,$,(#3457),#3449);
#6333=IFCRELDEFINESBYTYPE('1zVoqa8gN_9c9EyrTvWf$X',#6,$,$,(#3502),#3494);
#6334=IFCRELDEFINESBYTYPE('3IODVdZ5W6NlW9Jh3Y8$Jp',#6,$,$,(#3547),#3539);
#6335=IFCRELDEFINESBYTYPE('1ij9mF7Mjd9Z1pwgPTNjZ3',#6,$,$,(#3592,#3604),#3584);
#6336=IFCRELDEFINESBYTYPE('0lXkXbRvirZ9chDrSjrda4',#6,$,$,(#3649),#3641);
#6337=IFCRELDEFINESBYTYPE('06MvMWpeR$uYmFVS6ru9mk',#6,$,$,(#3694,#3706,#3718,#3730,#3742),#3686);
#6338=IFCRELDEFINESBYTYPE('3D1mdXjsX0P3fEs5pqWktC',#6,$,$,(#3801),#3786);
#6339=IFCRELDEFINESBYTYPE('2XcgWt0PdeWTnUf68LqMt5',#6,$,$,(#3849,#3861),#3841);
#6340=IFCRELDEFINESBYTYPE('3_cR9KzebVY87dPvRIajPG',#6,$,$,(#3882),#3883);
#6341=IFCRELDEFINESBYTYPE('1Hhp4c1sF8QSRYhZzrtB5u',#6,$,$,(#3907),#3908);
#6342=IFCRELDEFINESBYTYPE('3ui7oc72Fqg8eTt2I2Cy6z',#6,$,$,(#3932),#3933);
#6343=IFCRELDEFINESBYTYPE('1OeX7Sq0zJSZK3Ua5kj8a8',#6,$,$,(#3962),#3963);
#6344=IFCRELDEFINESBYTYPE('3ZEdOoCa64rUKbuNEvWAEY',#6,$,$,(#3985),#3986);
#6345=IFCRELDEFINESBYTYPE('3fRtKfR3Q_kW5D5RIM8kjZ',#6,$,$,(#4007),#4008);
#6346=IFCRELDEFINESBYTYPE('25ScEVdeGia5NoG3Pw_DnL',#6,$,$,(#4056),#4048);
#6347=IFCRELDEFINESBYTYPE('3t0NN2Z9zVuXlSJlA2m6w5',#6,$,$,(#4094,#4192),#4087);
#6348=IFCRELDEFINESBYTYPE('1GccAFAoMOBHJ1NYFCCVY8',#6,$,$,(#4138),#4131);
#6349=IFCRELDEFINESBYTYPE('3HEfUC3PseTDa2STV3O1rS',#6,$,$,(#4237),#4229);
#6350=IFCRELDEFINESBYTYPE('3wfVuAcKr_D$PRn7$LopMS',#6,$,$,(#4276),#4268);
#6351=IFCRELDEFINESBYTYPE('1DrMZnrrw9pwb6Jf5owbSv',#6,$,$,(#4315),#4307);
#6352=IFCRELDEFINESBYTYPE('1y3XrLBXNX98GUe2zh0th_',#6,$,$,(#4339,#4357,#4401,#4434,#6193,#6227),#4340);
#6353=IFCRELDEFINESBYTYPE('36ClUQRdtDOwqI2wqSlaTw',#6,$,$,(#4464),#4465);
#6354=IFCRELDEFINESBYTYPE('3wFdMtlmLRC9n4V2YASnGx',#6,$,$,(#4486),#4487);
#6355=IFCRELDEFINESBYTYPE('10f4YVsBOC7_fwudvEJ4CA',#6,$,$,(#4531),#4532);
#6356=IFCRELDEFINESBYTYPE('0cPGvsAHnDhuZnw2p2N8Fx',#6,$,$,(#4598),#4590);
#6357=IFCRELDEFINESBYTYPE('2fXap6zv6PgCElSUOSbjwy',#6,$,$,(#4626),#4618);
#6358=IFCRELDEFINESBYTYPE('1O$tMSaDqQDk5OEY6Hb0HC',#6,$,$,(#4660),#4652);
#6359=IFCRELDEFINESBYTYPE('3WkluTnjA3ZZm3gdrdT1Nf',#6,$,$,(#4687),#4679);
#6360=IFCRELDEFINESBYTYPE('3_C0I9212jrHi$Xmu60Kcb',#6,$,$,(#4717),#4718);
#6361=IFCRELDEFINESBYTYPE('2ghWFRz6onWUjIHhD1BuDT',#6,$,$,(#4745),#4746);
#6362=IFCRELDEFINESBYTYPE('2z2Eg9M7TGZUOpibESfla4',#6,$,$,(#4770),#4771);
#6363=IFCRELDEFINESBYTYPE('3rtyWldbXhaF3Vm5aYkqBg',#6,$,$,(#4813,#5232),#4806);
#6364=IFCRELDEFINESBYTYPE('23j8klZlMyEa8K3UejupTB',#6,$,$,(#5037),#5038);
#6365=IFCRELDEFINESBYTYPE('3GrhEoBTdoUkMeMqCp43py',#6,$,$,(#5515),#5544);
#6366=IFCRELDEFINESBYTYPE('1hdh8cjt4TASr6pQ6Ujzvq',#6,$,$,(#5850,#5954,#5977,#5999,#6041,#6064,#6089),#5852);
#6367=IFCRELDEFINESBYTYPE('04IqWV8lAHQwj5oOpMfrDu',#6,$,$,(#5920),#5912);
#6368=IFCRELDEFINESBYTYPE('05iR4p0kMStriE2XYvvZYD',#6,$,$,(#6131,#6143),#6123);
#6369=IFCRELDEFINESBYTYPE('2XoFxuRkjyEF5AB7kDwTb6',#6,$,$,(#6164),#6165);
#6370=IFCPRESENTATIONLAYERASSIGNMENT('A-WALL',$,(#55,#66,#88,#115,#131,#232,#246,#254,#268,#276,#291,#310,#349,#376,#390,#421,#454,#473,#505,#528,#543,#581,#615,#662,#676,#772,#786,#834,#848,#889,#904,#930,#969,#977,#992,#1011,#1044,#1079,#1094,#1102,#1123,#1195,#1203,#1218,#1241,#1256,#1275,#1309,#1328,#1379,#1406,#1421,#1481,#1501,#1543,#1576,#1632,#1647,#1688,#1740,#1831,#1890,#1914,#1957,#2023,#2046,#2068,#3085,#3177,#3267,#3881,#3906,#3931,#3961,#3984,#4006,#4149,#4176,#4485,#4530,#5514,#5811,#5849,#5930,#5953,#5968,#5976,#5990,#5998,#6013,#6040,#6055,#6063,#6080,#6088,#6163),$);
#6371=IFCPRESENTATIONLAYERASSIGNMENT('A-DOOR',$,(#326,#432,#483,#593,#1159,#1286,#1352,#1553,#1924,#2109,#2118,#2168,#2176,#2179,#2182,#2186,#2225,#2233,#2236,#2240,#2725,#2732,#3120,#3133,#3385,#3392,#3395,#3398,#3402,#3408,#3411,#3414,#3416,#3444,#3451,#4082,#4089,#4186,#4263,#4270,#4302,#4309,#4585,#4592,#4801,#4808,#5227,#5524,#5538,#5907,#5914,#6118,#6125,#6137),$);
#6372=IFCPRESENTATIONLAYERASSIGNMENT('A-GLAZ',$,(#940,#1021,#1132,#1145,#1338,#1749,#1762,#1775,#1788,#1840,#1853,#2282,#2288,#2327,#2334,#2337,#2341,#2355,#2393,#2399,#2437,#2443,#2454,#2492,#2498,#2536,#2542,#2580,#2586,#2597,#2608,#2653,#2659,#2662,#2666,#2680,#2694,#2771,#2777,#2789,#2828,#2834,#2846,#2858,#2897,#2903,#2915,#2954,#2960,#2999,#3005,#3044,#3050,#3062,#3094,#3107,#3186,#3199,#3212,#3225,#3276,#3289,#3490,#3496,#3535,#3541,#3580,#3586,#3598,#3637,#3643,#3682,#3688,#3700,#3712,#3724,#3736,#3782,#3788,#3791,#3795,#3837,#3843,#3855,#4044,#4050,#4127,#4133,#4225,#4231),$);
#6373=IFCPRESENTATIONLAYERASSIGNMENT('A-FLOR',$,(#1709,#4551,#4827,#4849,#4894,#4917,#4959,#4981,#5022,#5072,#5094,#5135,#5157,#5194,#5213,#5269,#5292,#5336,#5359,#5402,#5422,#5466,#5489,#5571,#5594,#5637,#5660,#5683,#5726,#5769,#5792,#5873),$);
#6374=IFCPRESENTATIONLAYERASSIGNMENT('A-ROOF',$,(#4335,#4353,#4397,#4430,#4461,#6189,#6223),$);
#6375=IFCPRESENTATIONLAYERASSIGNMENT('S-COLS',$,(#4615,#4620,#4649,#4654,#4676,#4681),$);
#6376=IFCPRESENTATIONLAYERASSIGNMENT('S-STRS',$,(#4712,#4740,#4765),$);
#6377=IFCCARTESIANPOINTLIST2D(((0.,161.71444324793538),(1399.9999999999984,161.71444324793544),(1399.9999999999984,61.714443247964333),(1750.0000000000011,5.4143356464919485E-013),(1750.0000000000011,1523.4288864959256),(1399.9999999999984,1461.714443247932),(1399.9999999999984,1361.7144432479331),(0.,1361.7144432479331),(0.,161.71444324793538)));
#6378=IFCINDEXEDPOLYCURVE(#6377,$,.F.);
#6379=IFCARBITRARYCLOSEDPROFILEDEF(.AREA.,$,#6378);
#6380=IFCAXIS2PLACEMENT3D(#10,#126,#49);
#6381=IFCEXTRUDEDAREASOLID(#6379,#6380,#49,500.00000000000006);
#6382=IFCSHAPEREPRESENTATION(#15,'Body','SweptSolid',(#6381));
#6383=IFCPRODUCTDEFINITIONSHAPE($,$,(#6382));
#6384=IFCCARTESIANPOINT((1938.285556752038,-250.,2112.0635322596736));
#6385=IFCAXIS2PLACEMENT3D(#6384,$,$);
#6386=IFCLOCALPLACEMENT(#85,#6385);
#6387=IFCOPENINGELEMENT('0jDSqZFgU1Ie2yrni4qe41',#6,'arch_piattabanda:StoneWindowArch:1696394:1',$,$,#6386,#6383,'1696394',.OPENING.);
#6388=IFCRELVOIDSELEMENT('2jXvyeVVHFE9GajKukYuS6',#6,$,$,#116,#6387);
#6389=IFCRELFILLSELEMENT('2vq2rUjo1izYi5LdtUXECl',#6,$,$,#6387,#2346);
#6390=IFCAXIS2PLACEMENT3D(#10,$,$);
#6391=IFCLOCALPLACEMENT(#6386,#6390);
#6392=IFCCARTESIANPOINTLIST2D(((1800.0000000000002,2199.9999999999991),(1800.0000000000002,1999.9999999999861),(0.,1999.9999999999861),(0.,200.00000000000111),(1800.0000000000002,200.00000000000111),(1800.0000000000002,0.),(2000.0000000000018,0.),(2000.0000000000018,2199.9999999999991),(1800.0000000000002,2199.9999999999991)));
#6393=IFCINDEXEDPOLYCURVE(#6392,$,.F.);
#6394=IFCARBITRARYCLOSEDPROFILEDEF(.AREA.,$,#6393);
#6395=IFCAXIS2PLACEMENT3D(#10,#2145,#49);
#6396=IFCEXTRUDEDAREASOLID(#6394,#6395,#49,500.00000000000006);
#6397=IFCSHAPEREPRESENTATION(#15,'Body','SweptSolid',(#6396));
#6398=IFCPRODUCTDEFINITIONSHAPE($,$,(#6397));
#6399=IFCCARTESIANPOINT((7870.6909928935347,250.,200.));
#6400=IFCAXIS2PLACEMENT3D(#6399,$,$);
#6401=IFCLOCALPLACEMENT(#128,#6400);
#6402=IFCOPENINGELEMENT('0zdX$3Mcrypz6UUlsOtVvy',#6,'Door:Door:1694236:1',$,$,#6401,#6398,'1694236',.OPENING.);
#6403=IFCRELVOIDSELEMENT('2jXvyeVVHFE9GajKukYx_G',#6,$,$,#233,#6402);
#6404=IFCRELFILLSELEMENT('3jWproYAk86VF_FP_lMqU2',#6,$,$,#6402,#2245);
#6405=IFCAXIS2PLACEMENT3D(#10,#49,#429);
#6406=IFCLOCALPLACEMENT(#6401,#6405);
#6407=IFCCARTESIANPOINTLIST2D(((0.,-3.3790422291401856E-027),(1200.,0.),(1200.,1000.0000000000001),(0.,1000.0000000000001),(0.,-3.3790422291401856E-027)));
#6408=IFCINDEXEDPOLYCURVE(#6407,$,.F.);
#6409=IFCARBITRARYCLOSEDPROFILEDEF(.AREA.,$,#6408);
#6410=IFCAXIS2PLACEMENT3D(#10,#126,#49);
#6411=IFCEXTRUDEDAREASOLID(#6409,#6410,#49,500.00000000000006);
#6412=IFCSHAPEREPRESENTATION(#15,'Body','SweptSolid',(#6411));
#6413=IFCPRODUCTDEFINITIONSHAPE($,$,(#6412));
#6414=IFCCARTESIANPOINT((4370.6909928935347,-250.,1014.7035637443724));
#6415=IFCAXIS2PLACEMENT3D(#6414,$,$);
#6416=IFCLOCALPLACEMENT(#128,#6415);
#6417=IFCOPENINGELEMENT('0nzzjTj4n4qkUzowVtIDUh',#6,'Window1:StoneWindows:1695298:1',$,$,#6416,#6413,'1695298',.OPENING.);
#6418=IFCRELVOIDSELEMENT('2jXvyeVVHFE9GajKukYxlE',#6,$,$,#233,#6417);
#6419=IFCRELFILLSELEMENT('2CQcMcTSIYXD2yMSoyIB9T',#6,$,$,#6417,#2293);
#6420=IFCAXIS2PLACEMENT3D(#10,$,$);
#6421=IFCLOCALPLACEMENT(#6416,#6420);
#6422=IFCCARTESIANPOINTLIST2D(((2199.9999999999964,184.99999999999841),(2850.0000000000014,834.9999999999967),(2200.,1485.0000000000014),(2200.,1684.999999999997),(2000.0000000000002,1684.999999999997),(2000.0000000000002,1484.9999999999861),(0.,1484.9999999999861),(0.,184.99999999999801),(2000.0000000000002,184.99999999999801),(2000.0000000000002,1.0828671292983911E-012),(2200.0000000000023,1.0828671292983911E-012)));
#6423=IFCINDEXEDPOLYCURVE(#6422,(IFCARCINDEX((1,2,3)),IFCLINEINDEX((3,4,5,6,7,8,9,10,11,1))),.F.);
#6424=IFCARBITRARYCLOSEDPROFILEDEF(.AREA.,$,#6423);
#6425=IFCAXIS2PLACEMENT3D(#10,#126,#49);
#6426=IFCEXTRUDEDAREASOLID(#6424,#6425,#49,500.00000000000006);
#6427=IFCSHAPEREPRESENTATION(#15,'Body','SweptSolid',(#6426));
#6428=IFCPRODUCTDEFINITIONSHAPE($,$,(#6427));
#6429=IFCCARTESIANPOINT((100.,-250.,800.));
#6430=IFCAXIS2PLACEMENT3D(#6429,$,$);
#6431=IFCLOCALPLACEMENT(#128,#6430);
#6432=IFCOPENINGELEMENT('31cRr43SNFPVFrI3GFJdVX',#6,'Arch1:Arch1:1692921:1',$,$,#6431,#6428,'1692921',.OPENING.);
#6433=IFCRELVOIDSELEMENT('2jXvyeVVHFE9GajKukYx5r',#6,$,$,#233,#6432);
#6434=IFCRELFILLSELEMENT('2YiX$iNTtZKCc3XvZd9Uq1',#6,$,$,#6432,#2123);
#6435=IFCAXIS2PLACEMENT3D(#10,$,$);
#6436=IFCLOCALPLACEMENT(#6431,#6435);
#6437=IFCCARTESIANPOINTLIST2D(((1600.000000000002,1800.0000000000059),(0.,1800.0000000000064),(0.,1.3535839116229878E-012),(1599.9999999999991,-6.0891598999064432E-027),(2500.0000000000014,900.0000000000025)));
#6438=IFCINDEXEDPOLYCURVE(#6437,(IFCLINEINDEX((1,2,3,4)),IFCARCINDEX((4,5,1))),.F.);
#6439=IFCARBITRARYCLOSEDPROFILEDEF(.AREA.,$,#6438);
#6440=IFCAXIS2PLACEMENT3D(#10,#126,#49);
#6441=IFCEXTRUDEDAREASOLID(#6439,#6440,#49,500.00000000000006);
#6442=IFCSHAPEREPRESENTATION(#15,'Body','SweptSolid',(#6441));
#6443=IFCPRODUCTDEFINITIONSHAPE($,$,(#6442));
#6444=IFCCARTESIANPOINT((1870.6909928935299,-250.,800.));
#6445=IFCAXIS2PLACEMENT3D(#6444,$,$);
#6446=IFCLOCALPLACEMENT(#128,#6445);
#6447=IFCOPENINGELEMENT('04EQzLu_nJlyKJM2HjZ2LD',#6,'enclosed_arch:enclosed_arch:1693023:1',$,$,#6446,#6443,'1693023',.OPENING.);
#6448=IFCRELVOIDSELEMENT('2jXvyeVVHFE9GajKukYx3J',#6,$,$,#233,#6447);
#6449=IFCRELFILLSELEMENT('0imkfrft9Wdee555_byZEo',#6,$,$,#6447,#2191);
#6450=IFCAXIS2PLACEMENT3D(#10,$,$);
#6451=IFCLOCALPLACEMENT(#6446,#6450);
#6452=IFCCARTESIANPOINTLIST2D(((0.,-3.3790422291401856E-027),(1200.,0.),(1200.,1000.0000000000001),(0.,1000.0000000000001),(0.,-3.3790422291401856E-027)));
#6453=IFCINDEXEDPOLYCURVE(#6452,$,.F.);
#6454=IFCARBITRARYCLOSEDPROFILEDEF(.AREA.,$,#6453);
#6455=IFCAXIS2PLACEMENT3D(#10,#126,#49);
#6456=IFCEXTRUDEDAREASOLID(#6454,#6455,#49,500.00000000000006);
#6457=IFCSHAPEREPRESENTATION(#15,'Body','SweptSolid',(#6456));
#6458=IFCPRODUCTDEFINITIONSHAPE($,$,(#6457));
#6459=IFCCARTESIANPOINT((7170.6909928935311,-250.,2700.));
#6460=IFCAXIS2PLACEMENT3D(#6459,$,$);
#6461=IFCLOCALPLACEMENT(#128,#6460);
#6462=IFCOPENINGELEMENT('24s1RUl3z2Zk2gbMdLUlW7',#6,'Window1:StoneWindows:1697902:1',$,$,#6461,#6458,'1697902',.OPENING.);
#6463=IFCRELVOIDSELEMENT('2jXvyeVVHFE9GajKukYutY',#6,$,$,#233,#6462);
#6464=IFCRELFILLSELEMENT('1uytIGNs$q$P0ZDbcKQA$g',#6,$,$,#6462,#2360);
#6465=IFCAXIS2PLACEMENT3D(#10,$,$);
#6466=IFCLOCALPLACEMENT(#6461,#6465);
#6467=IFCCARTESIANPOINTLIST2D(((0.,-3.0411380062261673E-027),(900.00000000000011,0.),(900.00000000000011,900.00000000000011),(0.,900.00000000000011),(0.,-3.0411380062261673E-027)));
#6468=IFCINDEXEDPOLYCURVE(#6467,$,.F.);
#6469=IFCARBITRARYCLOSEDPROFILEDEF(.AREA.,$,#6468);
#6470=IFCAXIS2PLACEMENT3D(#10,#126,#49);
#6471=IFCEXTRUDEDAREASOLID(#6469,#6470,#49,500.00000000000006);
#6472=IFCSHAPEREPRESENTATION(#15,'Body','SweptSolid',(#6471));
#6473=IFCPRODUCTDEFINITIONSHAPE($,$,(#6472));
#6474=IFCCARTESIANPOINT((6070.6909928935338,-250.,2700.));
#6475=IFCAXIS2PLACEMENT3D(#6474,$,$);
#6476=IFCLOCALPLACEMENT(#128,#6475);
#6477=IFCOPENINGELEMENT('0NqrYpWFaUkmyTYNVjfudb',#6,'Window1:StoneWindows:1697914:1',$,$,#6476,#6473,'1697914',.OPENING.);
#6478=IFCRELVOIDSELEMENT('2jXvyeVVHFE9GajKukYuts',#6,$,$,#233,#6477);
#6479=IFCRELFILLSELEMENT('2PUYuj7KftNOj70OlUD4Jm',#6,$,$,#6477,#2404);
#6480=IFCAXIS2PLACEMENT3D(#10,$,$);
#6481=IFCLOCALPLACEMENT(#6476,#6480);
#6482=IFCCARTESIANPOINTLIST2D(((0.,-4.4869944631949524E-029),(1500.,-3.8737718865582906E-027),(1500.,1000.0000000000001),(0.,1000.0000000000001),(0.,-4.4869944631949524E-029)));
#6483=IFCINDEXEDPOLYCURVE(#6482,$,.F.);
#6484=IFCARBITRARYCLOSEDPROFILEDEF(.AREA.,$,#6483);
#6485=IFCAXIS2PLACEMENT3D(#10,#2145,#49);
#6486=IFCEXTRUDEDAREASOLID(#6484,#6485,#49,500.00000000000006);
#6487=IFCSHAPEREPRESENTATION(#15,'Body','SweptSolid',(#6486));
#6488=IFCPRODUCTDEFINITIONSHAPE($,$,(#6487));
#6489=IFCCARTESIANPOINT((1900.,250.,1000.));
#6490=IFCAXIS2PLACEMENT3D(#6489,$,$);
#6491=IFCLOCALPLACEMENT(#346,#6490);
#6492=IFCOPENINGELEMENT('1AN4t0EhzUjT5SeJRu8njU',#6,'Window1:StoneWindows:1698181:1',$,$,#6491,#6488,'1698181',.OPENING.);
#6493=IFCRELVOIDSELEMENT('3Jmmvoko5D$RwQG7gPqCw5',#6,$,$,#377,#6492);
#6494=IFCRELFILLSELEMENT('0xTlP4_mMCJ9dwJHCmoaVZ',#6,$,$,#6492,#2448);
#6495=IFCAXIS2PLACEMENT3D(#10,#49,#429);
#6496=IFCLOCALPLACEMENT(#6491,#6495);
#6497=IFCCARTESIANPOINTLIST2D(((0.,-4.4869944631949524E-029),(1500.,-3.8737718865582906E-027),(1500.,1000.0000000000001),(0.,1000.0000000000001),(0.,-4.4869944631949524E-029)));
#6498=IFCINDEXEDPOLYCURVE(#6497,$,.F.);
#6499=IFCARBITRARYCLOSEDPROFILEDEF(.AREA.,$,#6498);
#6500=IFCAXIS2PLACEMENT3D(#10,#2145,#49);
#6501=IFCEXTRUDEDAREASOLID(#6499,#6500,#49,500.00000000000006);
#6502=IFCSHAPEREPRESENTATION(#15,'Body','SweptSolid',(#6501));
#6503=IFCPRODUCTDEFINITIONSHAPE($,$,(#6502));
#6504=IFCCARTESIANPOINT((4439.2458086782472,250.,1000.));
#6505=IFCAXIS2PLACEMENT3D(#6504,$,$);
#6506=IFCLOCALPLACEMENT(#346,#6505);
#6507=IFCOPENINGELEMENT('2y8V2H6cAasklRdCZo8fif',#6,'Window1:StoneWindows:1698388:1',$,$,#6506,#6503,'1698388',.OPENING.);
#6508=IFCRELVOIDSELEMENT('3Jmmvoko5D$RwQG7gPqCrK',#6,$,$,#377,#6507);
#6509=IFCRELFILLSELEMENT('0Dym$vjvAItsKJYGgRs3Ec',#6,$,$,#6507,#2459);
#6510=IFCAXIS2PLACEMENT3D(#10,#49,#429);
#6511=IFCLOCALPLACEMENT(#6506,#6510);
#6512=IFCCARTESIANPOINTLIST2D(((0.,-4.0548506749682223E-027),(1600.,0.),(1600.,1200.),(0.,1200.),(0.,-4.0548506749682223E-027)));
#6513=IFCINDEXEDPOLYCURVE(#6512,$,.F.);
#6514=IFCARBITRARYCLOSEDPROFILEDEF(.AREA.,$,#6513);
#6515=IFCAXIS2PLACEMENT3D(#10,#126,#49);
#6516=IFCEXTRUDEDAREASOLID(#6514,#6515,#49,500.00000000000006);
#6517=IFCSHAPEREPRESENTATION(#15,'Body','SweptSolid',(#6516));
#6518=IFCPRODUCTDEFINITIONSHAPE($,$,(#6517));
#6519=IFCCARTESIANPOINT((4470.6909928935356,-250.,291.91557169220329));
#6520=IFCAXIS2PLACEMENT3D(#6519,$,$);
#6521=IFCLOCALPLACEMENT(#387,#6520);
#6522=IFCOPENINGELEMENT('15k1Pyv14ygVMgARTiO3x1',#6,'Window1:StoneWindows:1698799:1',$,$,#6521,#6518,'1698799',.OPENING.);
#6523=IFCRELVOIDSELEMENT('08pzrbE8X9reLLOne2mNlM',#6,$,$,#422,#6522);
#6524=IFCRELFILLSELEMENT('0fGZRSXkwWzYtTFVHU2pTZ',#6,$,$,#6522,#2547);
#6525=IFCAXIS2PLACEMENT3D(#10,$,$);
#6526=IFCLOCALPLACEMENT(#6521,#6525);
#6527=IFCCARTESIANPOINTLIST2D(((0.,-4.0548506749682223E-027),(1600.,0.),(1600.,1200.),(0.,1200.),(0.,-4.0548506749682223E-027)));
#6528=IFCINDEXEDPOLYCURVE(#6527,$,.F.);
#6529=IFCARBITRARYCLOSEDPROFILEDEF(.AREA.,$,#6528);
#6530=IFCAXIS2PLACEMENT3D(#10,#126,#49);
#6531=IFCEXTRUDEDAREASOLID(#6529,#6530,#49,500.00000000000006);
#6532=IFCSHAPEREPRESENTATION(#15,'Body','SweptSolid',(#6531));
#6533=IFCPRODUCTDEFINITIONSHAPE($,$,(#6532));
#6534=IFCCARTESIANPOINT((6670.6909928935356,-250.,291.91557169220977));
#6535=IFCAXIS2PLACEMENT3D(#6534,$,$);
#6536=IFCLOCALPLACEMENT(#387,#6535);
#6537=IFCOPENINGELEMENT('0OnwwmiG5FeowXd630qRh8',#6,'Window1:BrickWindow:1698974:1',$,$,#6536,#6533,'1698974',.OPENING.);
#6538=IFCRELVOIDSELEMENT('08pzrbE8X9reLLOne2mNod',#6,$,$,#422,#6537);
#6539=IFCRELFILLSELEMENT('1M$4k_IVx2Am9d6TPBsw4B',#6,$,$,#6537,#2591);
#6540=IFCAXIS2PLACEMENT3D(#10,$,$);
#6541=IFCLOCALPLACEMENT(#6536,#6540);
#6542=IFCCARTESIANPOINTLIST2D(((0.,-3.3790422291401856E-027),(1200.,0.),(1200.,1000.0000000000001),(0.,1000.0000000000001),(0.,-3.3790422291401856E-027)));
#6543=IFCINDEXEDPOLYCURVE(#6542,$,.F.);
#6544=IFCARBITRARYCLOSEDPROFILEDEF(.AREA.,$,#6543);
#6545=IFCAXIS2PLACEMENT3D(#10,#126,#49);
#6546=IFCEXTRUDEDAREASOLID(#6544,#6545,#49,500.00000000000006);
#6547=IFCSHAPEREPRESENTATION(#15,'Body','SweptSolid',(#6546));
#6548=IFCPRODUCTDEFINITIONSHAPE($,$,(#6547));
#6549=IFCCARTESIANPOINT((2970.6909928935347,-250.,512.48044712315163));
#6550=IFCAXIS2PLACEMENT3D(#6549,$,$);
#6551=IFCLOCALPLACEMENT(#387,#6550);
#6552=IFCOPENINGELEMENT('244sCFriGs29oRGRwn0GcG',#6,'Window1:StoneWindows:1699030:1',$,$,#6551,#6548,'1699030',.OPENING.);
#6553=IFCRELVOIDSELEMENT('08pzrbE8X9reLLOne2mNpl',#6,$,$,#422,#6552);
#6554=IFCRELFILLSELEMENT('1ljEwcjQ8$hA_CN7zxF0bG',#6,$,$,#6552,#2602);
#6555=IFCAXIS2PLACEMENT3D(#10,$,$);
#6556=IFCLOCALPLACEMENT(#6551,#6555);
#6557=IFCCARTESIANPOINTLIST2D(((0.,1499.9999999999905),(5.4143356464919636E-013,0.),(2200.0000000000018,0.),(2200.0000000000018,1499.9999999999905),(0.,1499.9999999999905)));
#6558=IFCINDEXEDPOLYCURVE(#6557,$,.F.);
#6559=IFCARBITRARYCLOSEDPROFILEDEF(.AREA.,$,#6558);
#6560=IFCAXIS2PLACEMENT3D(#10,#126,#49);
#6561=IFCEXTRUDEDAREASOLID(#6559,#6560,#49,500.00000000000006);
#6562=IFCSHAPEREPRESENTATION(#15,'Body','SweptSolid',(#6561));
#6563=IFCPRODUCTDEFINITIONSHAPE($,$,(#6562));
#6564=IFCCARTESIANPOINT((4150.,-250.,-0.));
#6565=IFCAXIS2PLACEMENT3D(#6564,$,$);
#6566=IFCLOCALPLACEMENT(#502,#6565);
#6567=IFCOPENINGELEMENT('1JoK7FTi6_UuaGHbS3kVbP',#6,'DoorV2:DoorV2:1753723:1',$,$,#6566,#6563,'1753723',.OPENING.);
#6568=IFCRELVOIDSELEMENT('0aLNXoc1TDjApGVIDVMWi8',#6,$,$,#529,#6567);
#6569=IFCRELFILLSELEMENT('1MHIJRC2UeLAHkOzOZ2HGe',#6,$,$,#6567,#4813);
#6570=IFCAXIS2PLACEMENT3D(#10,$,$);
#6571=IFCLOCALPLACEMENT(#6566,#6570);
#6572=IFCCARTESIANPOINTLIST2D(((0.,0.),(1500.,0.),(1500.,1400.),(0.,1400.),(0.,0.)));
#6573=IFCINDEXEDPOLYCURVE(#6572,$,.F.);
#6574=IFCARBITRARYCLOSEDPROFILEDEF(.AREA.,$,#6573);
#6575=IFCAXIS2PLACEMENT3D(#10,#2145,#49);
#6576=IFCEXTRUDEDAREASOLID(#6574,#6575,#49,500.00000000000006);
#6577=IFCSHAPEREPRESENTATION(#15,'Body','SweptSolid',(#6576));
#6578=IFCPRODUCTDEFINITIONSHAPE($,$,(#6577));
#6579=IFCCARTESIANPOINT((2800.,250.,400.));
#6580=IFCAXIS2PLACEMENT3D(#6579,$,$);
#6581=IFCLOCALPLACEMENT(#612,#6580);
#6582=IFCOPENINGELEMENT('1uu2niPE7N6Xbn4tfTms5q',#6,'Window1:StoneWindows:1698403:1',$,$,#6581,#6578,'1698403',.OPENING.);
#6583=IFCRELVOIDSELEMENT('3Jmmvoko5D$RwQG7gPqCrZ',#6,$,$,#663,#6582);
#6584=IFCRELFILLSELEMENT('1m8qWF3ozYiLmhyXsQTHR4',#6,$,$,#6582,#2503);
#6585=IFCAXIS2PLACEMENT3D(#10,#49,#429);
#6586=IFCLOCALPLACEMENT(#6581,#6585);
#6587=IFCCARTESIANPOINTLIST2D(((0.,0.),(1500.,0.),(1500.,1400.),(0.,1400.),(0.,0.)));
#6588=IFCINDEXEDPOLYCURVE(#6587,$,.F.);
#6589=IFCARBITRARYCLOSEDPROFILEDEF(.AREA.,$,#6588);
#6590=IFCAXIS2PLACEMENT3D(#10,#2145,#49);
#6591=IFCEXTRUDEDAREASOLID(#6589,#6590,#49,500.00000000000006);
#6592=IFCSHAPEREPRESENTATION(#15,'Body','SweptSolid',(#6591));
#6593=IFCPRODUCTDEFINITIONSHAPE($,$,(#6592));
#6594=IFCCARTESIANPOINT((5244.368262314767,250.,400.));
#6595=IFCAXIS2PLACEMENT3D(#6594,$,$);
#6596=IFCLOCALPLACEMENT(#612,#6595);
#6597=IFCOPENINGELEMENT('2voeuWqgRp_KGmxGv0AGFQ',#6,'Window1:StoneWindows:1699250:1',$,$,#6596,#6593,'1699250',.OPENING.);
#6598=IFCRELVOIDSELEMENT('08pzrbE8X9reLLOne2mNsB',#6,$,$,#663,#6597);
#6599=IFCRELFILLSELEMENT('2tRuT6GfwKrzSvV4JAAP_a',#6,$,$,#6597,#2613);
#6600=IFCAXIS2PLACEMENT3D(#10,#49,#429);
#6601=IFCLOCALPLACEMENT(#6596,#6600);
#6602=IFCCARTESIANPOINTLIST2D(((0.,1.0828671292983905E-012),(999.99999999999898,-4.373535944427138E-027),(1650.0000000000309,650.00000000003342),(999.99999999999818,1300.0000000000673),(1.3535839116229909E-013,1300.0000000000673)));
#6603=IFCINDEXEDPOLYCURVE(#6602,(IFCLINEINDEX((1,2)),IFCARCINDEX((2,3,4)),IFCLINEINDEX((4,5,1))),.F.);
#6604=IFCARBITRARYCLOSEDPROFILEDEF(.AREA.,$,#6603);
#6605=IFCAXIS2PLACEMENT3D(#10,#2145,#49);
#6606=IFCEXTRUDEDAREASOLID(#6604,#6605,#49,500.00000000000006);
#6607=IFCSHAPEREPRESENTATION(#15,'Body','SweptSolid',(#6606));
#6608=IFCPRODUCTDEFINITIONSHAPE($,$,(#6607));
#6609=IFCCARTESIANPOINT((3600.,250.,455.90000000016801));
#6610=IFCAXIS2PLACEMENT3D(#6609,$,$);
#6611=IFCLOCALPLACEMENT(#673,#6610);
#6612=IFCOPENINGELEMENT('3lAMZnBWoMA_MzrfjyxmP0',#6,'archi_window_closed:StoneWindowArch:1699279:1',$,$,#6611,#6608,'1699279',.OPENING.);
#6613=IFCRELVOIDSELEMENT('08pzrbE8X9reLLOne2mNts',#6,$,$,#773,#6612);
#6614=IFCRELFILLSELEMENT('0FZVY61m$SFQBo230ObY6J',#6,$,$,#6612,#2671);
#6615=IFCAXIS2PLACEMENT3D(#10,#49,#429);
#6616=IFCLOCALPLACEMENT(#6611,#6615);
#6617=IFCCARTESIANPOINTLIST2D(((0.,-2.1771584954859052E-027),(999.99999999999898,-4.373535944427138E-027),(1650.0000000000309,650.00000000003342),(999.99999999999818,1300.0000000000662),(1.3535839116229909E-013,1300.0000000000662)));
#6618=IFCINDEXEDPOLYCURVE(#6617,(IFCLINEINDEX((1,2)),IFCARCINDEX((2,3,4)),IFCLINEINDEX((4,5,1))),.F.);
#6619=IFCARBITRARYCLOSEDPROFILEDEF(.AREA.,$,#6618);
#6620=IFCAXIS2PLACEMENT3D(#10,#2145,#49);
#6621=IFCEXTRUDEDAREASOLID(#6619,#6620,#49,500.00000000000006);
#6622=IFCSHAPEREPRESENTATION(#15,'Body','SweptSolid',(#6621));
#6623=IFCPRODUCTDEFINITIONSHAPE($,$,(#6622));
#6624=IFCCARTESIANPOINT((7570.6909928935675,250.,455.90000000016801));
#6625=IFCAXIS2PLACEMENT3D(#6624,$,$);
#6626=IFCLOCALPLACEMENT(#673,#6625);
#6627=IFCOPENINGELEMENT('3pWOkIjikI4GcNaNXJWUMz',#6,'archi_window_closed:StoneWindowArch:1700425:1',$,$,#6626,#6623,'1700425',.OPENING.);
#6628=IFCRELVOIDSELEMENT('08pzrbE8X9reLLOne2mM9m',#6,$,$,#773,#6627);
#6629=IFCRELFILLSELEMENT('0EVZfztdqgrc4APj6lY2_E',#6,$,$,#6627,#2685);
#6630=IFCAXIS2PLACEMENT3D(#10,#49,#429);
#6631=IFCLOCALPLACEMENT(#6626,#6630);
#6632=IFCCARTESIANPOINTLIST2D(((0.,-4.7306591207962604E-027),(1500.,0.),(1500.,1400.),(0.,1400.),(0.,-4.7306591207962604E-027)));
#6633=IFCINDEXEDPOLYCURVE(#6632,$,.F.);
#6634=IFCARBITRARYCLOSEDPROFILEDEF(.AREA.,$,#6633);
#6635=IFCAXIS2PLACEMENT3D(#10,#2145,#49);
#6636=IFCEXTRUDEDAREASOLID(#6634,#6635,#49,500.00000000000006);
#6637=IFCSHAPEREPRESENTATION(#15,'Body','SweptSolid',(#6636));
#6638=IFCPRODUCTDEFINITIONSHAPE($,$,(#6637));
#6639=IFCCARTESIANPOINT((5970.6909928935374,250.,400.));
#6640=IFCAXIS2PLACEMENT3D(#6639,$,$);
#6641=IFCLOCALPLACEMENT(#673,#6640);
#6642=IFCOPENINGELEMENT('1Q3rDo2ivK3dmS0sbMoP6V',#6,'Window1:StoneWindows:1700630:1',$,$,#6641,#6638,'1700630',.OPENING.);
#6643=IFCRELVOIDSELEMENT('08pzrbE8X9reLLOne2mMCl',#6,$,$,#773,#6642);
#6644=IFCRELFILLSELEMENT('2RisFI3nNAfBElXyAle4mz',#6,$,$,#6642,#2699);
#6645=IFCAXIS2PLACEMENT3D(#10,#49,#429);
#6646=IFCLOCALPLACEMENT(#6641,#6645);
#6647=IFCCARTESIANPOINTLIST2D(((0.,1399.999999999987),(5.4143356464919636E-013,0.),(2200.0000000000018,0.),(2200.0000000000018,1399.999999999987),(0.,1399.999999999987)));
#6648=IFCINDEXEDPOLYCURVE(#6647,$,.F.);
#6649=IFCARBITRARYCLOSEDPROFILEDEF(.AREA.,$,#6648);
#6650=IFCAXIS2PLACEMENT3D(#10,#2145,#49);
#6651=IFCEXTRUDEDAREASOLID(#6649,#6650,#49,500.00000000000006);
#6652=IFCSHAPEREPRESENTATION(#15,'Body','SweptSolid',(#6651));
#6653=IFCPRODUCTDEFINITIONSHAPE($,$,(#6652));
#6654=IFCCARTESIANPOINT((5900.,250.,0.));
#6655=IFCAXIS2PLACEMENT3D(#6654,$,$);
#6656=IFCLOCALPLACEMENT(#783,#6655);
#6657=IFCOPENINGELEMENT('0JDe_2vZvzYXYouQkGjplI',#6,'DoorV2:DoorV2:1721146:1',$,$,#6656,#6653,'1721146',.OPENING.);
#6658=IFCRELVOIDSELEMENT('0F0gJxCaz6DgMK0rHJiOZq',#6,$,$,#835,#6657);
#6659=IFCRELFILLSELEMENT('1sdEKpirLUOAzC6DilXkSZ',#6,$,$,#6657,#4094);
#6660=IFCAXIS2PLACEMENT3D(#10,#49,#429);
#6661=IFCLOCALPLACEMENT(#6656,#6660);
#6662=IFCCARTESIANPOINTLIST2D(((0.,-2.8593473172782392E-027),(1299.9999999999991,0.),(1300.,1200.),(0.,1200.),(0.,-2.8593473172782392E-027)));
#6663=IFCINDEXEDPOLYCURVE(#6662,$,.F.);
#6664=IFCARBITRARYCLOSEDPROFILEDEF(.AREA.,$,#6663);
#6665=IFCAXIS2PLACEMENT3D(#10,#126,#49);
#6666=IFCEXTRUDEDAREASOLID(#6664,#6665,#49,500.00000000000006);
#6667=IFCSHAPEREPRESENTATION(#15,'Body','SweptSolid',(#6666));
#6668=IFCPRODUCTDEFINITIONSHAPE($,$,(#6667));
#6669=IFCCARTESIANPOINT((4570.6909928935365,-250.,2900.));
#6670=IFCAXIS2PLACEMENT3D(#6669,$,$);
#6671=IFCLOCALPLACEMENT(#783,#6670);
#6672=IFCOPENINGELEMENT('2OHWkw1ZVJvi2FZi56$fVI',#6,'Window1:StoneWindows:1722401:1',$,$,#6671,#6668,'1722401',.OPENING.);
#6673=IFCRELVOIDSELEMENT('0F0gJxCaz6DgMK0rHJiOFl',#6,$,$,#835,#6672);
#6674=IFCRELFILLSELEMENT('0mN4TypqgDn$T_lGUdAhPb',#6,$,$,#6672,#4138);
#6675=IFCAXIS2PLACEMENT3D(#10,$,$);
#6676=IFCLOCALPLACEMENT(#6671,#6675);
#6677=IFCCARTESIANPOINTLIST2D(((0.,1499.9999999999905),(5.4143356464919636E-013,0.),(2200.0000000000018,0.),(2200.0000000000018,1499.9999999999905),(0.,1499.9999999999905)));
#6678=IFCINDEXEDPOLYCURVE(#6677,$,.F.);
#6679=IFCARBITRARYCLOSEDPROFILEDEF(.AREA.,$,#6678);
#6680=IFCAXIS2PLACEMENT3D(#10,#126,#49);
#6681=IFCEXTRUDEDAREASOLID(#6679,#6680,#49,500.00000000000006);
#6682=IFCSHAPEREPRESENTATION(#15,'Body','SweptSolid',(#6681));
#6683=IFCPRODUCTDEFINITIONSHAPE($,$,(#6682));
#6684=IFCCARTESIANPOINT((4150.,-250.,0.));
#6685=IFCAXIS2PLACEMENT3D(#6684,$,$);
#6686=IFCLOCALPLACEMENT(#845,#6685);
#6687=IFCOPENINGELEMENT('2mJmvY670kiuWmuSylfvHk',#6,'DoorV2:DoorV2:1757903:1',$,$,#6686,#6683,'1757903',.OPENING.);
#6688=IFCRELVOIDSELEMENT('2LX1lxEB13yROcdtoV7Vts',#6,$,$,#890,#6687);
#6689=IFCRELFILLSELEMENT('2WOeJNFMqE_5MXo4vFSA$i',#6,$,$,#6687,#5232);
#6690=IFCAXIS2PLACEMENT3D(#10,$,$);
#6691=IFCLOCALPLACEMENT(#6686,#6690);
#6692=IFCCARTESIANPOINTLIST2D(((0.,0.),(1500.,0.),(1500.,1200.),(0.,1200.),(0.,0.)));
#6693=IFCINDEXEDPOLYCURVE(#6692,$,.F.);
#6694=IFCARBITRARYCLOSEDPROFILEDEF(.AREA.,$,#6693);
#6695=IFCAXIS2PLACEMENT3D(#10,#126,#49);
#6696=IFCEXTRUDEDAREASOLID(#6694,#6695,#49,500.00000000000006);
#6697=IFCSHAPEREPRESENTATION(#15,'Body','SweptSolid',(#6696));
#6698=IFCPRODUCTDEFINITIONSHAPE($,$,(#6697));
#6699=IFCCARTESIANPOINT((2200.,-250.,4036.9768528884133));
#6700=IFCAXIS2PLACEMENT3D(#6699,$,$);
#6701=IFCLOCALPLACEMENT(#901,#6700);
#6702=IFCOPENINGELEMENT('0Jb4wXng7bivo148GBfMJN',#6,'BrickWindow:BrickWindow:1706998:1',$,$,#6701,#6698,'1706998',.OPENING.);
#6703=IFCRELVOIDSELEMENT('0cmxDOe$H0xREbbtLsIyXc',#6,$,$,#931,#6702);
#6704=IFCRELFILLSELEMENT('1QtHzLI32lomb3M9GN5pEW',#6,$,$,#6702,#3056);
#6705=IFCAXIS2PLACEMENT3D(#10,$,$);
#6706=IFCLOCALPLACEMENT(#6701,#6705);
#6707=IFCCARTESIANPOINTLIST2D(((0.,0.),(1500.,1.0828671292983927E-012),(1500.,1000.0000000000001),(0.,1000.0000000000001),(0.,0.)));
#6708=IFCINDEXEDPOLYCURVE(#6707,$,.F.);
#6709=IFCARBITRARYCLOSEDPROFILEDEF(.AREA.,$,#6708);
#6710=IFCAXIS2PLACEMENT3D(#10,#2145,#49);
#6711=IFCEXTRUDEDAREASOLID(#6709,#6710,#49,500.00000000000006);
#6712=IFCSHAPEREPRESENTATION(#15,'Body','SweptSolid',(#6711));
#6713=IFCPRODUCTDEFINITIONSHAPE($,$,(#6712));
#6714=IFCCARTESIANPOINT((1215.6539075886494,250.,3798.5786437626862));
#6715=IFCAXIS2PLACEMENT3D(#6714,$,$);
#6716=IFCLOCALPLACEMENT(#1041,#6715);
#6717=IFCOPENINGELEMENT('1T$v0wxHcpxfErWEsyM09T',#6,'BrickWindow:BrickWindow:1712374:1',$,$,#6716,#6713,'1712374',.OPENING.);
#6718=IFCRELVOIDSELEMENT('3PDcirDNvFvA6IW$0uYSLi',#6,$,$,#1080,#6717);
#6719=IFCRELFILLSELEMENT('2xsBta51jHU9mvp$Q1Vrwi',#6,$,$,#6717,#3742);
#6720=IFCAXIS2PLACEMENT3D(#10,#49,#429);
#6721=IFCLOCALPLACEMENT(#6716,#6720);
#6722=IFCCARTESIANPOINTLIST2D(((0.,1399.9999999999882),(0.,0.),(2200.0000000000018,0.),(2200.0000000000018,1399.9999999999882),(0.,1399.9999999999882)));
#6723=IFCINDEXEDPOLYCURVE(#6722,$,.F.);
#6724=IFCARBITRARYCLOSEDPROFILEDEF(.AREA.,$,#6723);
#6725=IFCAXIS2PLACEMENT3D(#10,#126,#49);
#6726=IFCEXTRUDEDAREASOLID(#6724,#6725,#49,500.00000000000006);
#6727=IFCSHAPEREPRESENTATION(#15,'Body','SweptSolid',(#6726));
#6728=IFCPRODUCTDEFINITIONSHAPE($,$,(#6727));
#6729=IFCCARTESIANPOINT((352.97043442990321,-250.,300.));
#6730=IFCAXIS2PLACEMENT3D(#6729,$,$);
#6731=IFCLOCALPLACEMENT(#1041,#6730);
#6732=IFCOPENINGELEMENT('3CSFCKpYhxYJDlSJhi262z',#6,'DoorV2:DoorV2:1723952:1',$,$,#6731,#6728,'1723952',.OPENING.);
#6733=IFCRELVOIDSELEMENT('0F0gJxCaz6DgMK0rHJiON_',#6,$,$,#1080,#6732);
#6734=IFCRELFILLSELEMENT('0sENgNOqi4KvhZj4s2pKPV',#6,$,$,#6732,#4315);
#6735=IFCAXIS2PLACEMENT3D(#10,$,$);
#6736=IFCLOCALPLACEMENT(#6731,#6735);
#6737=IFCCARTESIANPOINTLIST2D(((0.,0.),(1500.,0.),(1500.,1000.0000000000001),(0.,1000.0000000000001),(0.,0.)));
#6738=IFCINDEXEDPOLYCURVE(#6737,$,.F.);
#6739=IFCARBITRARYCLOSEDPROFILEDEF(.AREA.,$,#6738);
#6740=IFCAXIS2PLACEMENT3D(#10,#2145,#49);
#6741=IFCEXTRUDEDAREASOLID(#6739,#6740,#49,500.00000000000006);
#6742=IFCSHAPEREPRESENTATION(#15,'Body','SweptSolid',(#6741));
#6743=IFCPRODUCTDEFINITIONSHAPE($,$,(#6742));
#6744=IFCCARTESIANPOINT((3252.9704344299098,250.,3798.5786437626939));
#6745=IFCAXIS2PLACEMENT3D(#6744,$,$);
#6746=IFCLOCALPLACEMENT(#1041,#6745);
#6747=IFCOPENINGELEMENT('2_ZMCFvzmWpcqCnADuOZDR',#6,'BrickWindow:BrickWindow:1711098:1',$,$,#6746,#6743,'1711098',.OPENING.);
#6748=IFCRELVOIDSELEMENT('2cod_9cnH6lgOHU$$V8box',#6,$,$,#1080,#6747);
#6749=IFCRELFILLSELEMENT('0J1M_3XICJQmEQThL$4Hw8',#6,$,$,#6747,#3706);
#6750=IFCAXIS2PLACEMENT3D(#10,#49,#429);
#6751=IFCLOCALPLACEMENT(#6746,#6750);
#6752=IFCCARTESIANPOINTLIST2D(((0.,0.),(1500.,0.),(1500.,1000.0000000000001),(0.,1000.0000000000001),(0.,0.)));
#6753=IFCINDEXEDPOLYCURVE(#6752,$,.F.);
#6754=IFCARBITRARYCLOSEDPROFILEDEF(.AREA.,$,#6753);
#6755=IFCAXIS2PLACEMENT3D(#10,#2145,#49);
#6756=IFCEXTRUDEDAREASOLID(#6754,#6755,#49,500.00000000000006);
#6757=IFCSHAPEREPRESENTATION(#15,'Body','SweptSolid',(#6756));
#6758=IFCPRODUCTDEFINITIONSHAPE($,$,(#6757));
#6759=IFCCARTESIANPOINT((3252.9704344299034,250.,1700.));
#6760=IFCAXIS2PLACEMENT3D(#6759,$,$);
#6761=IFCLOCALPLACEMENT(#1041,#6760);
#6762=IFCOPENINGELEMENT('1qvr6ucbtVfiWJEfEPyR9Z',#6,'BrickWindow:BrickWindow:1711014:1',$,$,#6761,#6758,'1711014',.OPENING.);
#6763=IFCRELVOIDSELEMENT('2cod_9cnH6lgOHU$$V8bpd',#6,$,$,#1080,#6762);
#6764=IFCRELFILLSELEMENT('0B2NQQKqOFkai7X7Bdx70h',#6,$,$,#6762,#3694);
#6765=IFCAXIS2PLACEMENT3D(#10,#49,#429);
#6766=IFCLOCALPLACEMENT(#6761,#6765);
#6767=IFCCARTESIANPOINTLIST2D(((0.,0.),(1500.,0.),(1500.,1200.),(0.,1200.),(0.,0.)));
#6768=IFCINDEXEDPOLYCURVE(#6767,$,.F.);
#6769=IFCARBITRARYCLOSEDPROFILEDEF(.AREA.,$,#6768);
#6770=IFCAXIS2PLACEMENT3D(#10,#126,#49);
#6771=IFCEXTRUDEDAREASOLID(#6769,#6770,#49,500.00000000000006);
#6772=IFCSHAPEREPRESENTATION(#15,'Body','SweptSolid',(#6771));
#6773=IFCPRODUCTDEFINITIONSHAPE($,$,(#6772));
#6774=IFCCARTESIANPOINT((2100.,-250.,1500.));
#6775=IFCAXIS2PLACEMENT3D(#6774,$,$);
#6776=IFCLOCALPLACEMENT(#1215,#6775);
#6777=IFCOPENINGELEMENT('1ZE7yqbtMBqaoq3N4mY72Z',#6,'BrickWindow:BrickWindow:1707228:1',$,$,#6776,#6773,'1707228',.OPENING.);
#6778=IFCRELVOIDSELEMENT('0cmxDOe$H0xREbbtLsIyzC',#6,$,$,#1242,#6777);
#6779=IFCRELFILLSELEMENT('2S82sTZGuMGHOKbajOo45o',#6,$,$,#6777,#3068);
#6780=IFCAXIS2PLACEMENT3D(#10,$,$);
#6781=IFCLOCALPLACEMENT(#6776,#6780);
#6782=IFCCARTESIANPOINTLIST2D(((0.,0.),(1500.,1.0828671292983927E-012),(1500.,1000.0000000000001),(0.,1000.0000000000001),(0.,0.)));
#6783=IFCINDEXEDPOLYCURVE(#6782,$,.F.);
#6784=IFCARBITRARYCLOSEDPROFILEDEF(.AREA.,$,#6783);
#6785=IFCAXIS2PLACEMENT3D(#10,#2145,#49);
#6786=IFCEXTRUDEDAREASOLID(#6784,#6785,#49,500.00000000000006);
#6787=IFCSHAPEREPRESENTATION(#15,'Body','SweptSolid',(#6786));
#6788=IFCPRODUCTDEFINITIONSHAPE($,$,(#6787));
#6789=IFCCARTESIANPOINT((1215.6539075886581,250.,1500.));
#6790=IFCAXIS2PLACEMENT3D(#6789,$,$);
#6791=IFCLOCALPLACEMENT(#1376,#6790);
#6792=IFCOPENINGELEMENT('2aUX3NSaDt8dX_t0qAJu5y',#6,'BrickWindow:BrickWindow:1711823:1',$,$,#6791,#6788,'1711823',.OPENING.);
#6793=IFCRELVOIDSELEMENT('2cod_9cnH6lgOHU$$V8bcE',#6,$,$,#1407,#6792);
#6794=IFCRELFILLSELEMENT('1AbZmXMn7BkupVPin5vnS2',#6,$,$,#6792,#3730);
#6795=IFCAXIS2PLACEMENT3D(#10,#49,#429);
#6796=IFCLOCALPLACEMENT(#6791,#6795);
#6797=IFCCARTESIANPOINTLIST2D(((0.,0.),(1500.,1.0828671292983927E-012),(1500.,1000.0000000000001),(0.,1000.0000000000001),(0.,0.)));
#6798=IFCINDEXEDPOLYCURVE(#6797,$,.F.);
#6799=IFCARBITRARYCLOSEDPROFILEDEF(.AREA.,$,#6798);
#6800=IFCAXIS2PLACEMENT3D(#10,#2145,#49);
#6801=IFCEXTRUDEDAREASOLID(#6799,#6800,#49,500.00000000000006);
#6802=IFCSHAPEREPRESENTATION(#15,'Body','SweptSolid',(#6801));
#6803=IFCPRODUCTDEFINITIONSHAPE($,$,(#6802));
#6804=IFCCARTESIANPOINT((3252.9704344299089,250.,1500.));
#6805=IFCAXIS2PLACEMENT3D(#6804,$,$);
#6806=IFCLOCALPLACEMENT(#1376,#6805);
#6807=IFCOPENINGELEMENT('2ycmlyeotds0Db8Y7bMZyR',#6,'BrickWindow:BrickWindow:1711156:1',$,$,#6806,#6803,'1711156',.OPENING.);
#6808=IFCRELVOIDSELEMENT('2cod_9cnH6lgOHU$$V8bjr',#6,$,$,#1407,#6807);
#6809=IFCRELFILLSELEMENT('3gsNJaf0i4YnfnxAXl82aw',#6,$,$,#6807,#3718);
#6810=IFCAXIS2PLACEMENT3D(#10,#49,#429);
#6811=IFCLOCALPLACEMENT(#6806,#6810);
#6812=IFCCARTESIANPOINTLIST2D(((0.,0.),(1500.0000000000011,0.),(1500.,1200.),(0.,1200.),(0.,0.)));
#6813=IFCINDEXEDPOLYCURVE(#6812,$,.F.);
#6814=IFCARBITRARYCLOSEDPROFILEDEF(.AREA.,$,#6813);
#6815=IFCAXIS2PLACEMENT3D(#10,#126,#49);
#6816=IFCEXTRUDEDAREASOLID(#6814,#6815,#49,500.00000000000006);
#6817=IFCSHAPEREPRESENTATION(#15,'Body','SweptSolid',(#6816));
#6818=IFCPRODUCTDEFINITIONSHAPE($,$,(#6817));
#6819=IFCCARTESIANPOINT((900.,-250.,852.40978850007809));
#6820=IFCAXIS2PLACEMENT3D(#6819,$,$);
#6821=IFCLOCALPLACEMENT(#1418,#6820);
#6822=IFCOPENINGELEMENT('0aWUNe9bVhmo9tcJ4Hxvpo',#6,'BrickWindow:BrickWindow:1706885:1',$,$,#6821,#6818,'1706885',.OPENING.);
#6823=IFCRELVOIDSELEMENT('0cmxDOe$H0xREbbtLsIyWL',#6,$,$,#1482,#6822);
#6824=IFCRELFILLSELEMENT('0OnK1Kr7SFPomIf8AE8IvV',#6,$,$,#6822,#3011);
#6825=IFCAXIS2PLACEMENT3D(#10,$,$);
#6826=IFCLOCALPLACEMENT(#6821,#6825);
#6827=IFCCARTESIANPOINTLIST2D(((0.,1399.9999999999886),(5.4143356464919636E-013,0.),(2200.0000000000018,0.),(2200.0000000000018,1399.9999999999886),(0.,1399.9999999999886)));
#6828=IFCINDEXEDPOLYCURVE(#6827,$,.F.);
#6829=IFCARBITRARYCLOSEDPROFILEDEF(.AREA.,$,#6828);
#6830=IFCAXIS2PLACEMENT3D(#10,#2145,#49);
#6831=IFCEXTRUDEDAREASOLID(#6829,#6830,#49,499.99999999999983);
#6832=IFCSHAPEREPRESENTATION(#15,'Body','SweptSolid',(#6831));
#6833=IFCPRODUCTDEFINITIONSHAPE($,$,(#6832));
#6834=IFCCARTESIANPOINT((3152.9704344299084,250.,0.));
#6835=IFCAXIS2PLACEMENT3D(#6834,$,$);
#6836=IFCLOCALPLACEMENT(#1498,#6835);
#6837=IFCOPENINGELEMENT('18sJPTd8MtHmdMwiTJZZz2',#6,'DoorV2:DoorV2:1723660:1',$,$,#6836,#6833,'1723660',.OPENING.);
#6838=IFCRELVOIDSELEMENT('0F0gJxCaz6DgMK0rHJiOR2',#6,$,$,#1544,#6837);
#6839=IFCRELFILLSELEMENT('35$ixlhNiWfZXmPcdzVhpE',#6,$,$,#6837,#4276);
#6840=IFCAXIS2PLACEMENT3D(#10,#49,#429);
#6841=IFCLOCALPLACEMENT(#6836,#6840);
#6842=IFCCARTESIANPOINTLIST2D(((0.,1199.9999999999877),(5.4143356464919636E-013,2.4364510409213838E-012),(2200.0000000000018,2.4364510409213838E-012),(2200.0000000000018,1199.9999999999877),(0.,1199.9999999999877)));
#6843=IFCINDEXEDPOLYCURVE(#6842,$,.F.);
#6844=IFCARBITRARYCLOSEDPROFILEDEF(.AREA.,$,#6843);
#6845=IFCAXIS2PLACEMENT3D(#10,#2145,#49);
#6846=IFCEXTRUDEDAREASOLID(#6844,#6845,#49,500.00000000000006);
#6847=IFCSHAPEREPRESENTATION(#15,'Body','SweptSolid',(#6846));
#6848=IFCPRODUCTDEFINITIONSHAPE($,$,(#6847));
#6849=IFCCARTESIANPOINT((1800.,250.,0.));
#6850=IFCAXIS2PLACEMENT3D(#6849,$,$);
#6851=IFCLOCALPLACEMENT(#1573,#6850);
#6852=IFCOPENINGELEMENT('0p7rJZA6R22EhyvSWQj3dk',#6,'DoorV2:DoorV2:1765621:1',$,$,#6851,#6848,'1765621',.OPENING.);
#6853=IFCRELVOIDSELEMENT('1L7Qk_WJzBIfm4Xql$3Aef',#6,$,$,#1633,#6852);
#6854=IFCRELFILLSELEMENT('1e8bozEJrKj4I0SboPZsW7',#6,$,$,#6852,#5920);
#6855=IFCAXIS2PLACEMENT3D(#10,#49,#429);
#6856=IFCLOCALPLACEMENT(#6851,#6855);
#6857=IFCCARTESIANPOINTLIST2D(((0.,0.),(1100.,0.),(1100.,1000.0000000000001),(0.,1000.0000000000001),(0.,0.)));
#6858=IFCINDEXEDPOLYCURVE(#6857,$,.F.);
#6859=IFCARBITRARYCLOSEDPROFILEDEF(.AREA.,$,#6858);
#6860=IFCAXIS2PLACEMENT3D(#10,#2145,#49);
#6861=IFCEXTRUDEDAREASOLID(#6859,#6860,#49,500.00000000000006);
#6862=IFCSHAPEREPRESENTATION(#15,'Body','SweptSolid',(#6861));
#6863=IFCPRODUCTDEFINITIONSHAPE($,$,(#6862));
#6864=IFCCARTESIANPOINT((2100.,250.,404.29638336525295));
#6865=IFCAXIS2PLACEMENT3D(#6864,$,$);
#6866=IFCLOCALPLACEMENT(#1644,#6865);
#6867=IFCOPENINGELEMENT('24uSIDQ25zm7yqL4oB0qU$',#6,'Window1:StoneWindows:1720808:1',$,$,#6866,#6863,'1720808',.OPENING.);
#6868=IFCRELVOIDSELEMENT('1ViGEvFsn0QResAUQTv4Um',#6,$,$,#1689,#6867);
#6869=IFCRELFILLSELEMENT('29Bl$crv2nV016KhsURbQi',#6,$,$,#6867,#4056);
#6870=IFCAXIS2PLACEMENT3D(#10,#49,#429);
#6871=IFCLOCALPLACEMENT(#6866,#6870);
#6872=IFCCARTESIANPOINTLIST2D(((0.,1399.9999999999877),(5.4143356464919636E-013,1.6243006939475892E-012),(2200.0000000000018,1.6243006939475892E-012),(2200.0000000000018,1399.9999999999877),(0.,1399.9999999999877)));
#6873=IFCINDEXEDPOLYCURVE(#6872,$,.F.);
#6874=IFCARBITRARYCLOSEDPROFILEDEF(.AREA.,$,#6873);
#6875=IFCAXIS2PLACEMENT3D(#10,#126,#49);
#6876=IFCEXTRUDEDAREASOLID(#6874,#6875,#49,500.00000000000006);
#6877=IFCSHAPEREPRESENTATION(#15,'Body','SweptSolid',(#6876));
#6878=IFCPRODUCTDEFINITIONSHAPE($,$,(#6877));
#6879=IFCCARTESIANPOINT((4700.,-250.,0.));
#6880=IFCAXIS2PLACEMENT3D(#6879,$,$);
#6881=IFCLOCALPLACEMENT(#4146,#6880);
#6882=IFCOPENINGELEMENT('2_hdAa31VQD$HSEM2NfkaS',#6,'DoorV2:DoorV2:1722979:1',$,$,#6881,#6878,'1722979',.OPENING.);
#6883=IFCRELVOIDSELEMENT('0F0gJxCaz6DgMK0rHJiO6j',#6,$,$,#4177,#6882);
#6884=IFCRELFILLSELEMENT('3jAd4tyeQGAmNnsAuT9$cg',#6,$,$,#6882,#4192);
#6885=IFCAXIS2PLACEMENT3D(#10,$,$);
#6886=IFCLOCALPLACEMENT(#6881,#6885);
#6887=IFCCARTESIANPOINTLIST2D(((0.,0.),(1500.,5.4143356464919636E-013),(1500.,1200.),(0.,1200.),(0.,0.)));
#6888=IFCINDEXEDPOLYCURVE(#6887,$,.F.);
#6889=IFCARBITRARYCLOSEDPROFILEDEF(.AREA.,$,#6888);
#6890=IFCAXIS2PLACEMENT3D(#10,#2145,#49);
#6891=IFCEXTRUDEDAREASOLID(#6889,#6890,#49,500.00000000000006);
#6892=IFCSHAPEREPRESENTATION(#15,'Body','SweptSolid',(#6891));
#6893=IFCPRODUCTDEFINITIONSHAPE($,$,(#6892));
#6894=IFCCARTESIANPOINT((2100.,250.,570.38044307789016));
#6895=IFCAXIS2PLACEMENT3D(#6894,$,$);
#6896=IFCLOCALPLACEMENT(#4146,#6895);
#6897=IFCOPENINGELEMENT('14K73_1X_fdLuafarIx_$C',#6,'Window1:BrickWindow:1723151:1',$,$,#6896,#6893,'1723151',.OPENING.);
#6898=IFCRELVOIDSELEMENT('0F0gJxCaz6DgMK0rHJiO31',#6,$,$,#4177,#6897);
#6899=IFCRELFILLSELEMENT('0FrllufIgOf3rys_lI6Svj',#6,$,$,#6897,#4237);
#6900=IFCAXIS2PLACEMENT3D(#10,#49,#429);
#6901=IFCLOCALPLACEMENT(#6896,#6900);
#6902=IFCAXIS2PLACEMENT3D(#10,$,$);
#6904=IFCAXIS2PLACEMENT3D(#10,$,$);
#6906=IFCCARTESIANPOINTLIST2D(((-400.,-1000.0000000000001),(400.,-1000.0000000000001),(400.,1000.0000000000001),(-400.,1000.0000000000001),(-400.,-1000.0000000000001)));
#6907=IFCINDEXEDPOLYCURVE(#6906,$,.F.);
#6908=IFCARBITRARYCLOSEDPROFILEDEF(.AREA.,'empty_door',#6907);
#6909=IFCCARTESIANPOINT((19213.67457722397,-11225.147204599387,1000.));
#6910=IFCAXIS2PLACEMENT3D(#6909,#429,#2145);
#6911=IFCEXTRUDEDAREASOLID(#6908,#6910,#49,3048.);
#6912=IFCSHAPEREPRESENTATION(#15,'Body','SweptSolid',(#6911));
#6913=IFCPRODUCTDEFINITIONSHAPE($,$,(#6912));
#6914=IFCCARTESIANPOINT((12082.347204599382,17639.674577223966,0.));
#6915=IFCAXIS2PLACEMENT3D(#6914,#49,#2145);
#6916=IFCLOCALPLACEMENT(#5927,#6915);
#6917=IFCOPENINGELEMENT('0zn25IN$rRYgPRteCYnCZg',#6,'Basic Wall:Castelnuovo_internal:1765980',$,$,#6916,#6913,'1767076',.OPENING.);
#6918=IFCRELVOIDSELEMENT('1rFJRfmRN_kxRJgS8Ds4GD',#6,$,$,#5954,#6917);
#6919=IFCAXIS2PLACEMENT3D(#10,$,$);
#6921=IFCAXIS2PLACEMENT3D(#10,$,$);
#6923=IFCCARTESIANPOINTLIST2D(((-1000.0000000000001,-400.00000000000171),(1000.0000000000001,-400.00000000000171),(1000.0000000000001,399.99999999999943),(-1000.0000000000001,399.99999999999943),(-1000.0000000000001,-400.00000000000171)));
#6924=IFCINDEXEDPOLYCURVE(#6923,$,.F.);
#6925=IFCARBITRARYCLOSEDPROFILEDEF(.AREA.,'empty_door',#6924);
#6926=IFCCARTESIANPOINT((15709.40040554064,-3493.1313708448542,1000.));
#6927=IFCDIRECTION((0.22495105434386506,-0.97437006478523525,0.));
#6928=IFCAXIS2PLACEMENT3D(#6926,#6927,#49);
#6929=IFCEXTRUDEDAREASOLID(#6925,#6928,#49,3048.0000000000014);
#6930=IFCSHAPEREPRESENTATION(#15,'Body','SweptSolid',(#6929));
#6931=IFCPRODUCTDEFINITIONSHAPE($,$,(#6930));
#6932=IFCCARTESIANPOINT((18708.400313650582,-8411.4488244497425,0.));
#6933=IFCDIRECTION((-0.97437006478523525,0.22495105434386484,0.));
#6934=IFCAXIS2PLACEMENT3D(#6932,#49,#6933);
#6935=IFCLOCALPLACEMENT(#6010,#6934);
#6936=IFCOPENINGELEMENT('1vIuLJR8hyrFar2qr7ff7H',#6,'Basic Wall:Castelnuovo_internal:1767979',$,$,#6935,#6931,'1768338',.OPENING.);
#6937=IFCRELVOIDSELEMENT('0OZRN1hDdhMi4V9nTRtNfR',#6,$,$,#6041,#6936);
#6938=IFCAXIS2PLACEMENT3D(#10,$,$);
#6940=IFCAXIS2PLACEMENT3D(#10,$,$);
#6942=IFCCARTESIANPOINTLIST2D(((-399.99999999999943,-1000.0000000000001),(399.99999999999943,-1000.0000000000001),(399.99999999999943,1000.0000000000001),(-399.99999999999943,1000.0000000000001),(-399.99999999999943,-1000.0000000000001)));
#6943=IFCINDEXEDPOLYCURVE(#6942,$,.F.);
#6944=IFCARBITRARYCLOSEDPROFILEDEF(.AREA.,'empty_door',#6943);
#6945=IFCCARTESIANPOINT((18311.572962785278,-2789.7420887778653,1000.));
#6946=IFCDIRECTION((0.22495105434386509,-0.97437006478523525,0.));
#6947=IFCDIRECTION((0.97437006478523525,0.22495105434386509,0.));
#6948=IFCAXIS2PLACEMENT3D(#6945,#6946,#6947);
#6949=IFCEXTRUDEDAREASOLID(#6944,#6948,#49,3047.9999999999977);
#6950=IFCSHAPEREPRESENTATION(#15,'Body','SweptSolid',(#6949));
#6951=IFCPRODUCTDEFINITIONSHAPE($,$,(#6950));
#6952=IFCCARTESIANPOINT((18708.400313650582,-8411.4488244497425,0.));
#6953=IFCDIRECTION((-0.97437006478523525,0.22495105434386484,0.));
#6954=IFCAXIS2PLACEMENT3D(#6952,#49,#6953);
#6955=IFCLOCALPLACEMENT(#6010,#6954);
#6956=IFCOPENINGELEMENT('1REmh$39DFvFvTiaMoRXav',#6,'Basic Wall:Castelnuovo_internal:1767979',$,$,#6955,#6951,'1768398',.OPENING.);
#6957=IFCRELVOIDSELEMENT('3QsS1rjHbf5Z_VZHBeYDTB',#6,$,$,#6041,#6956);
#6958=IFCUNITASSIGNMENT((#7,#8,#9,#325));
#6959=IFCAXIS2PLACEMENT3D(#10,$,$);
#6960=IFCAXIS2PLACEMENT3D(#10,$,$);
#6961=IFCAXIS2PLACEMENT3D(#10,$,$);
#6962=IFCAXIS2PLACEMENT3D(#10,$,$);
#6963=IFCAXIS2PLACEMENT3D(#10,$,$);
#6964=IFCAXIS2PLACEMENT3D(#10,$,$);
#6965=IFCAXIS2PLACEMENT3D(#10,$,$);
#6966=IFCAXIS2PLACEMENT3D(#10,$,$);
#6967=IFCAXIS2PLACEMENT3D(#10,$,$);
#6968=IFCAXIS2PLACEMENT3D(#10,$,$);
#6969=IFCAXIS2PLACEMENT3D(#10,$,$);
#6970=IFCAXIS2PLACEMENT3D(#10,$,$);
ENDSEC;

END-ISO-10303-21;