ISO-10303-21;
HEADER;
FILE_DESCRIPTION(('ViewDefinition [ReferenceView_V1.2]','RevitIdentifiers [ContentGUID: 56e7468e-6444-454a-9d01-e682ff73105c, VersionGUID: 2617fcaf-ab60-4f58-8582-c6280de0fb9c, NumberOfSaves: 275]','ExchangeRequirement [Architecture]','CoordinateReference [CoordinateBase: Shared Coordinates, ProjectSite: Internal]'),'2;1');
FILE_NAME('modelloProvaV1.ifc','2026-04-25T09:57:36+01:00',(''),(''),'IfcOpenShell 0.8.1','Bonsai 0.8.1','');
FILE_SCHEMA(('IFC4'));
ENDSEC;
DATA;
#1=IFCORGANIZATION($,'Autodesk Revit 2025 (ENU)',$,$,$);
#2=IFCAPPLICATION(#1,'2025','Autodesk Revit 2025 (ENU)','Revit');
#3=IFCCARTESIANPOINT((0.,0.,0.));
#4=IFCCARTESIANPOINT((0.,0.));
#5=IFCDIRECTION((1.,0.,0.));
#6=IFCDIRECTION((-1.,0.,0.));
#7=IFCDIRECTION((0.,1.,0.));
#8=IFCDIRECTION((0.,-1.,0.));
#9=IFCDIRECTION((0.,0.,1.));
#10=IFCDIRECTION((0.,0.,-1.));
#11=IFCDIRECTION((1.,0.));
#12=IFCDIRECTION((-1.,0.));
#13=IFCDIRECTION((0.,1.));
#14=IFCDIRECTION((0.,-1.));
#15=IFCPERSON($,'','mlauraleonardiT9JLN',$,$,$,$,$);
#16=IFCORGANIZATION($,'','',$,$);
#17=IFCPERSONANDORGANIZATION(#15,#16,$);
#18=IFCOWNERHISTORY(#17,#2,$,.NOCHANGE.,$,$,$,1775297712);
#19=IFCSIUNIT(*,.LENGTHUNIT.,$,.METRE.);
#20=IFCAXIS2PLACEMENT3D(#3,$,$);
#21=IFCDIRECTION((6.12323399573677E-17,1.));
#22=IFCGEOMETRICREPRESENTATIONCONTEXT($,'Model',3,1.E-05,#20,#21);
#23=IFCGEOMETRICREPRESENTATIONSUBCONTEXT('Axis','Model',*,*,*,*,#22,$,.GRAPH_VIEW.,$);
#24=IFCGEOMETRICREPRESENTATIONSUBCONTEXT('Body','Model',*,*,*,*,#22,$,.MODEL_VIEW.,$);
#25=IFCGEOMETRICREPRESENTATIONSUBCONTEXT('Box','Model',*,*,*,*,#22,$,.MODEL_VIEW.,$);
#26=IFCGEOMETRICREPRESENTATIONSUBCONTEXT('FootPrint','Model',*,*,*,*,#22,$,.MODEL_VIEW.,$);
#27=IFCPROJECT('1MvqQEP4H5Ifq1ve80ZE_i',#18,'0001',$,$,'Project Name','Project Status',(#22),#2489);
#28=IFCCLASSIFICATION('CSI (Construction Specifications Institute)','1998',$,'Uniformat','UniFormat Classification','https://www.csiresources.org/standards/uniformat',$);
#29=IFCAXIS2PLACEMENT3D(#3,$,$);
#30=IFCLOCALPLACEMENT(#50,#29);
#31=IFCPOSTALADDRESS($,$,$,$,('Enter address here'),$,'','Boston','','MA');
#32=IFCBUILDING('1MvqQEP4H5Ifq1ve80ZE_j',#18,'',$,$,#30,$,'',.ELEMENT.,$,$,#31);
#33=IFCAXIS2PLACEMENT3D(#3,$,$);
#34=IFCLOCALPLACEMENT(#30,#33);
#35=IFCBUILDINGSTOREY('3Aw$FV5MbAufEo59pkoNgA',#18,'Level 0',$,'Level:8mm Head',#34,$,'Level 0',.ELEMENT.,0.);
#36=IFCCARTESIANPOINT((0.,0.,2.69));
#37=IFCAXIS2PLACEMENT3D(#36,$,$);
#38=IFCLOCALPLACEMENT(#30,#37);
#39=IFCBUILDINGSTOREY('3kSL0VGKv3gxJCujeqtuJj',#18,'Level 1',$,'Level:8mm Head',#38,$,'Level 1',.ELEMENT.,2.69);
#40=IFCCARTESIANPOINT((0.,0.,4.75));
#41=IFCAXIS2PLACEMENT3D(#40,$,$);
#42=IFCLOCALPLACEMENT(#30,#41);
#43=IFCBUILDINGSTOREY('39eXwoTzD8MeLcluiGvfZZ',#18,'Level 2',$,'Level:8mm Head',#42,$,'Level 2',.ELEMENT.,4.75);
#44=IFCCARTESIANPOINT((0.,0.,6.3));
#45=IFCAXIS2PLACEMENT3D(#44,$,$);
#46=IFCLOCALPLACEMENT(#30,#45);
#47=IFCBUILDINGSTOREY('2BtXB_hcrAJRfVgHExdPzX',#18,'Level 3',$,'Level:8mm Head',#46,$,'Level 3',.ELEMENT.,6.3);
#48=IFCCARTESIANPOINT((1.65233440434955,6.85389158543244,0.));
#49=IFCAXIS2PLACEMENT3D(#48,$,$);
#50=IFCLOCALPLACEMENT($,#49);
#51=IFCSITE('1MvqQEP4H5Ifq1ve80ZE_k',#18,'Default',$,$,#50,$,$,.ELEMENT.,(42,21,31,181945),(-71,-3,-24,-263305),0.,$,$);
#52=IFCPROPERTYSINGLEVALUE('Reference',$,IFCIDENTIFIER('Project Information'),$);
#53=IFCPROPERTYSET('1vC59Z4j2BoP7BCx1yqQaQ',#18,'Pset_SiteCommon',$,(#52));
#54=IFCRELDEFINESBYPROPERTIES('1dtqjysbVrxmp1h7jWHrme',#18,$,$,(#51),#53);
#55=IFCSIUNIT(*,.AREAUNIT.,$,.SQUARE_METRE.);
#56=IFCPROPERTYSINGLEVALUE('Category',$,IFCLABEL('Project Information'),$);
#57=IFCPROPERTYSINGLEVALUE('Client Name',$,IFCTEXT('Owner'),$);
#58=IFCPROPERTYSINGLEVALUE('Project Address',$,IFCTEXT('Enter address here'),$);
#59=IFCPROPERTYSINGLEVALUE('Project Issue Date',$,IFCTEXT('Issue Date'),$);
#60=IFCPROPERTYSINGLEVALUE('Project Name',$,IFCTEXT('Project Name'),$);
#61=IFCPROPERTYSINGLEVALUE('Project Number',$,IFCTEXT('0001'),$);
#62=IFCPROPERTYSINGLEVALUE('Project Status',$,IFCTEXT('Project Status'),$);
#63=IFCPROPERTYSET('1aE0SNsJXXr$QUAf2W$OIv',#18,'Other',$,(#56,#57,#58,#59,#60,#61,#62));
#64=IFCCARTESIANPOINT((3.82266559565043,-6.69326736522062,-0.1));
#65=IFCAXIS2PLACEMENT3D(#64,#9,#6);
#66=IFCLOCALPLACEMENT(#34,#65);
#67=IFCCARTESIANPOINTLIST3D(((-2.95579792523291E-17,0.,0.),(4.4,0.,0.)));
#68=IFCINDEXEDPOLYCURVE(#67,$,.F.);
#69=IFCSHAPEREPRESENTATION(#23,'Axis','Curve3D',(#68));
#70=IFCCARTESIANPOINTLIST2D(((4.08,-0.159999999999999),(4.4,0.160000000000001),(2.30164895349606E-17,0.16),(0.319999999999999,-0.159999999999999),(4.08,-0.159999999999999)));
#71=IFCINDEXEDPOLYCURVE(#70,$,.F.);
#72=IFCARBITRARYCLOSEDPROFILEDEF(.AREA.,$,#71);
#73=IFCAXIS2PLACEMENT3D(#3,$,$);
#74=IFCEXTRUDEDAREASOLID(#72,#73,#9,2.79);
#75=IFCCOLOURRGB($,0.968627450980392,0.909803921568627,0.835294117647059);
#76=IFCSURFACESTYLERENDERING(#75,0.,$,$,$,$,IFCNORMALISEDRATIOMEASURE(0.5),IFCSPECULAREXPONENT(64.),.NOTDEFINED.);
#77=IFCSURFACESTYLE('DoubleLeafMasonryStone',.BOTH.,(#76));
#78=IFCSTYLEDITEM(#74,(#77),$);
#79=IFCCOLOURRGBLIST(((0.968627450980392,0.909803921568627,0.835294117647059)));
#80=IFCINDEXEDPOLYGONALFACEWITHVOIDS((1,2,3,4),((5,6,7,8,9,10,11,12)));
#81=IFCINDEXEDPOLYGONALFACEWITHVOIDS((13,14,15,16),((17,18,19,20,21,22,23,24)));
#82=IFCINDEXEDPOLYGONALFACE((2,1,13,16));
#83=IFCINDEXEDPOLYGONALFACE((4,3,15,14));
#84=IFCINDEXEDPOLYGONALFACE((3,2,16,15));
#85=IFCINDEXEDPOLYGONALFACE((1,4,14,13));
#86=IFCINDEXEDPOLYGONALFACE((6,5,17,24));
#87=IFCINDEXEDPOLYGONALFACE((7,6,24,23));
#88=IFCINDEXEDPOLYGONALFACE((8,7,23,22));
#89=IFCINDEXEDPOLYGONALFACE((9,8,22,21));
#90=IFCINDEXEDPOLYGONALFACE((10,9,21,20));
#91=IFCINDEXEDPOLYGONALFACE((11,10,20,19));
#92=IFCINDEXEDPOLYGONALFACE((12,11,19,18));
#93=IFCINDEXEDPOLYGONALFACE((5,12,18,17));
#94=IFCCARTESIANPOINTLIST3D(((0.319999999999999,-0.159999999999999,0.),(4.08,-0.159999999999998,0.),(4.08,-0.159999999999998,2.79),(0.319999999999999,-0.159999999999999,2.79),(1.6,-0.159999999999998,0.719999999999971),(1.6,-0.159999999999998,1.91999999999997),(1.4,-0.159999999999998,1.91999999999997),(1.4,-0.159999999999998,2.03999999999997),(3.,-0.159999999999999,2.03999999999997),(3.,-0.159999999999999,1.91999999999997),(2.8,-0.16,1.91999999999997),(2.8,-0.16,0.719999999999971),(-6.54148971736844E-18,0.16,0.),(-6.54148971736844E-18,0.16,2.79),(4.4,0.16,2.79),(4.4,0.16,0.),(1.6,0.16,0.719999999999971),(2.8,0.16,0.719999999999971),(2.8,0.16,1.91999999999997),(3.,0.16,1.91999999999997),(3.,0.16,2.03999999999997),(1.4,0.16,2.03999999999997),(1.4,0.16,1.91999999999997),(1.6,0.16,1.91999999999997)));
#95=IFCPOLYGONALFACESET(#94,.T.,(#80,#81,#82,#83,#84,#85,#86,#87,#88,#89,#90,#91,#92,#93),$);
#96=IFCINDEXEDCOLOURMAP(#95,1.,#79,(1,1,1,1,1,1,1,1,1,1,1,1,1,1));
#97=IFCSTYLEDITEM(#95,(#77),$);
#98=IFCSHAPEREPRESENTATION(#24,'Body','Tessellation',(#95));
#99=IFCPRODUCTDEFINITIONSHAPE($,$,(#69,#98));
#100=IFCWALL('2xeY4Hv814qBTcNeaYO4by',#18,'Basic Wall:DoubleLeafMasonryStone:298284',$,'Basic Wall:DoubleLeafMasonryStone',#66,#99,'298284',.NOTDEFINED.);
#101=IFCQUANTITYLENGTH('Height',$,$,2.79,$);
#102=IFCQUANTITYLENGTH('Length',$,$,4.4,$);
#103=IFCQUANTITYLENGTH('Width',$,$,0.32,$);
#104=IFCQUANTITYAREA('GrossFootprintArea',$,$,1.3056,$);
#105=IFCSIUNIT(*,.VOLUMEUNIT.,$,.CUBIC_METRE.);
#106=IFCQUANTITYVOLUME('GrossVolume',$,$,3.92832,$);
#107=IFCQUANTITYAREA('GrossSideArea',$,$,12.276,$);
#108=IFCQUANTITYAREA('NetSideArea',$,$,10.644,$);
#109=IFCQUANTITYVOLUME('NetVolume',$,$,3.120384,$);
#110=IFCELEMENTQUANTITY('0alICB9CDp9zfjrbs_37Wr',#18,'Qto_WallBaseQuantities',$,$,(#101,#102,#103,#104,#106,#107,#108,#109));
#111=IFCRELDEFINESBYPROPERTIES('23rWRTAIYe32_7KtPHEAhA',#18,$,$,(#100),#110);
#112=IFCMATERIAL('DoubleLeafMasonry',$,$);
#113=IFCWALLTYPE('05oWwdEw5F1ubJF$XtWIiE',#18,'Basic Wall:DoubleLeafMasonryStone',$,$,(#165,#166,#167,#168,#169,#170),$,'427617',$,.STANDARD.);
#114=IFCPROPERTYSINGLEVALUE('Reference',$,IFCIDENTIFIER('DoubleLeafMasonryStone'),$);
#115=IFCPROPERTYSET('3ip0RT1tSYpjNLLJ0EKXWm',#18,'Pset_EnvironmentalImpactIndicators',$,(#114));
#116=IFCPROPERTYSINGLEVALUE('Reference',$,IFCLABEL('DoubleLeafMasonryStone'),$);
#117=IFCPROPERTYSET('1Njy3a28oo$iyEvt_IK3h$',#18,'Pset_ReinforcementBarPitchOfWall',$,(#116));
#118=IFCPROPERTYSINGLEVALUE('IsExternal',$,IFCBOOLEAN(.T.),$);
#119=IFCPROPERTYSINGLEVALUE('LoadBearing',$,IFCBOOLEAN(.F.),$);
#120=IFCPROPERTYSINGLEVALUE('ExtendToStructure',$,IFCBOOLEAN(.F.),$);
#121=IFCPROPERTYSET('3TIQFaYv7zIDeHP$MBnxiM',#18,'Pset_WallCommon',$,(#114,#118,#119,#120));
#122=IFCRELDEFINESBYPROPERTIES('0ATsZufZK_MTQjXccz4TC5',#18,$,$,(#100),#115);
#123=IFCRELDEFINESBYPROPERTIES('1BOI3$W1IJRFHsbz7gKY2M',#18,$,$,(#100),#117);
#124=IFCRELDEFINESBYPROPERTIES('0Xl30I4EXSMxyY7PdrR5Ov',#18,$,$,(#100),#121);
#125=IFCPROPERTYSINGLEVALUE('Category',$,IFCLABEL('Walls'),$);
#126=IFCPROPERTYSINGLEVALUE('Family',$,IFCLABEL('Basic Wall'),$);
#127=IFCPROPERTYSINGLEVALUE('Family and Type',$,IFCLABEL('Basic Wall: DoubleLeafMasonryStone'),$);
#128=IFCPROPERTYSINGLEVALUE('Type',$,IFCLABEL('DoubleLeafMasonryStone'),$);
#129=IFCPROPERTYSINGLEVALUE('Type Id',$,IFCLABEL('427617'),$);
#130=IFCPROPERTYSINGLEVALUE('Base Constraint',$,IFCLABEL('Level 0'),$);
#131=IFCPROPERTYSINGLEVALUE('Base Extension Distance',$,IFCLENGTHMEASURE(0.),$);
#132=IFCPROPERTYSINGLEVALUE('Base is Attached',$,IFCBOOLEAN(.F.),$);
#133=IFCPROPERTYSINGLEVALUE('Base Offset',$,IFCLENGTHMEASURE(-0.1),$);
#134=IFCPROPERTYSINGLEVALUE('Location Line',$,IFCIDENTIFIER('Finish Face: Exterior'),$);
#135=IFCPROPERTYSINGLEVALUE('Related to Mass',$,IFCBOOLEAN(.F.),$);
#136=IFCPROPERTYSINGLEVALUE('Room Bounding',$,IFCBOOLEAN(.T.),$);
#137=IFCPROPERTYSINGLEVALUE('Top Constraint',$,IFCLABEL('Up to level: Level 1'),$);
#138=IFCPROPERTYSINGLEVALUE('Top Extension Distance',$,IFCLENGTHMEASURE(0.),$);
#139=IFCPROPERTYSINGLEVALUE('Top is Attached',$,IFCBOOLEAN(.F.),$);
#140=IFCPROPERTYSINGLEVALUE('Top Offset',$,IFCLENGTHMEASURE(0.),$);
#141=IFCPROPERTYSINGLEVALUE('Unconnected Height',$,IFCLENGTHMEASURE(2.79),$);
#142=IFCPROPERTYSINGLEVALUE('Area',$,IFCAREAMEASURE(10.644),$);
#143=IFCPROPERTYSINGLEVALUE('Length',$,IFCLENGTHMEASURE(4.08),$);
#144=IFCPROPERTYSINGLEVALUE('Volume',$,IFCVOLUMEMEASURE(3.120384),$);
#145=IFCPROPERTYSINGLEVALUE('Phase Created',$,IFCLABEL('Phase 1'),$);
#146=IFCPROPERTYSINGLEVALUE('Structural',$,IFCBOOLEAN(.F.),$);
#147=IFCPROPERTYSINGLEVALUE('Structural Usage',$,IFCIDENTIFIER('Non-bearing'),$);
#148=IFCPROPERTYSINGLEVALUE('Cross-Section',$,IFCIDENTIFIER('Vertical'),$);
#149=IFCPROPERTYSINGLEVALUE('Family Name',$,IFCTEXT('Basic Wall'),$);
#150=IFCPROPERTYSINGLEVALUE('Function',$,IFCIDENTIFIER('Exterior'),$);
#151=IFCPROPERTYSINGLEVALUE('Width',$,IFCLENGTHMEASURE(0.32),$);
#152=IFCPROPERTYSINGLEVALUE('Wrapping at Ends',$,IFCIDENTIFIER('None'),$);
#153=IFCPROPERTYSINGLEVALUE('Wrapping at Inserts',$,IFCIDENTIFIER('Do not wrap'),$);
#154=IFCPROPERTYSINGLEVALUE('Coarse Scale Fill Color',$,IFCINTEGER(0),$);
#155=IFCPROPERTYSINGLEVALUE('Type Name',$,IFCTEXT('DoubleLeafMasonryStone'),$);
#156=IFCPROPERTYSINGLEVALUE('Structural Material',$,IFCLABEL('DoubleLeafMasonryStone'),$);
#157=IFCPROPERTYSINGLEVALUE('Absorptance',$,IFCREAL(0.7),$);
#158=IFCPROPERTYSINGLEVALUE('Roughness',$,IFCINTEGER(3),$);
#159=IFCPROPERTYSET('1zZhzPD9SnTalxeF9s7Z$u',#18,'Other',$,(#125,#126,#127,#128,#129));
#160=IFCPROPERTYSET('1ruIIBeu6eunmPvuSIltW6',#18,'Constraints',$,(#130,#131,#132,#133,#134,#135,#136,#137,#138,#139,#140,#141));
#161=IFCPROPERTYSET('1WvdbV$0Hbzjg5IatR9M5$',#18,'Dimensions',$,(#142,#143,#144));
#162=IFCPROPERTYSET('3FVakkzaOmLS5J0$z8IeU1',#18,'Phasing',$,(#145));
#163=IFCPROPERTYSET('26LYSMIABrdhfJPxtO0X$7',#18,'Structural',$,(#146,#147));
#164=IFCPROPERTYSET('3vA7QHyvZ6fXW9jYivIO1A',#18,'Cross-Section Definition',$,(#148));
#165=IFCPROPERTYSET('2$9glIY9nYu8gxCFzUKPDW',#18,'Other',$,(#125,#149));
#166=IFCPROPERTYSET('2VR2IygDmG$m8ZG6c1UHe9',#18,'Construction',$,(#150,#151,#152,#153));
#167=IFCPROPERTYSET('2WH0ZXB$vqDVD5PR2B9VTB',#18,'Graphics',$,(#154));
#168=IFCPROPERTYSET('10FnkjwjUFeVfVTQGaYMa7',#18,'Identity Data',$,(#155));
#169=IFCPROPERTYSET('0MkcadCPMC786$Qr0DlhOs',#18,'Materials and Finishes',$,(#156));
#170=IFCPROPERTYSET('0uYlBpQ8MorYl01aTuLBmf',#18,'Analytical Properties',$,(#157,#158));
#171=IFCCARTESIANPOINT((-0.577334404349559,-1.2132673652206,-0.1));
#172=IFCAXIS2PLACEMENT3D(#171,$,$);
#173=IFCLOCALPLACEMENT(#34,#172);
#174=IFCCARTESIANPOINTLIST3D(((-2.76558742269332E-18,0.,0.),(4.4,-1.35358391162299E-16,0.)));
#175=IFCINDEXEDPOLYCURVE(#174,$,.F.);
#176=IFCSHAPEREPRESENTATION(#23,'Axis','Curve3D',(#175));
#177=IFCCARTESIANPOINTLIST2D(((4.08,-0.16),(4.4,0.16),(2.41358452868035E-17,0.16),(0.320000000000001,-0.16),(4.08,-0.16)));
#178=IFCINDEXEDPOLYCURVE(#177,$,.F.);
#179=IFCARBITRARYCLOSEDPROFILEDEF(.AREA.,$,#178);
#180=IFCAXIS2PLACEMENT3D(#3,$,$);
#181=IFCEXTRUDEDAREASOLID(#179,#180,#9,2.79);
#182=IFCSTYLEDITEM(#181,(#77),$);
#183=IFCSHAPEREPRESENTATION(#24,'Body','SweptSolid',(#181));
#184=IFCPRODUCTDEFINITIONSHAPE($,$,(#176,#183));
#185=IFCWALL('211baIfO93jgPDpdcuSke3',#18,'Basic Wall:DoubleLeafMasonryStone:375947',$,'Basic Wall:DoubleLeafMasonryStone',#173,#184,'375947',.NOTDEFINED.);
#186=IFCQUANTITYLENGTH('Height',$,$,2.79,$);
#187=IFCQUANTITYLENGTH('Length',$,$,4.4,$);
#188=IFCQUANTITYLENGTH('Width',$,$,0.32,$);
#189=IFCQUANTITYAREA('GrossFootprintArea',$,$,1.3056,$);
#190=IFCQUANTITYVOLUME('GrossVolume',$,$,3.92832,$);
#191=IFCQUANTITYAREA('GrossSideArea',$,$,12.276,$);
#192=IFCQUANTITYAREA('NetSideArea',$,$,12.276,$);
#193=IFCQUANTITYVOLUME('NetVolume',$,$,3.642624,$);
#194=IFCELEMENTQUANTITY('2J3pmZO5udm$HVDhraoq_L',#18,'Qto_WallBaseQuantities',$,$,(#186,#187,#188,#189,#190,#191,#192,#193));
#195=IFCRELDEFINESBYPROPERTIES('3XP_F7$mwAyeu7ovLjO4Ad',#18,$,$,(#185),#194);
#196=IFCPROPERTYSET('2YhXhtHCdHnb9bwTfxG6Hz',#18,'Pset_EnvironmentalImpactIndicators',$,(#114));
#197=IFCPROPERTYSINGLEVALUE('Reference',$,IFCLABEL('DoubleLeafMasonryStone'),$);
#198=IFCPROPERTYSET('1ggaCJ_kU5B375_ywwMb_Q',#18,'Pset_ReinforcementBarPitchOfWall',$,(#197));
#199=IFCPROPERTYSINGLEVALUE('LoadBearing',$,IFCBOOLEAN(.T.),$);
#200=IFCPROPERTYSET('3celAbomnMOiLzOLZ4AX92',#18,'Pset_WallCommon',$,(#114,#118,#120,#199));
#201=IFCRELDEFINESBYPROPERTIES('1F4u7U_d606fRuSN8LE3jH',#18,$,$,(#185),#196);
#202=IFCRELDEFINESBYPROPERTIES('0dTT2RHnKup6WXQfkE2o3Q',#18,$,$,(#185),#198);
#203=IFCRELDEFINESBYPROPERTIES('0bQ$tHPhZNc7qfUx5yfYkD',#18,$,$,(#185),#200);
#204=IFCPROPERTYSINGLEVALUE('Base Offset',$,IFCLENGTHMEASURE(-0.1),$);
#205=IFCPROPERTYSINGLEVALUE('Unconnected Height',$,IFCLENGTHMEASURE(2.79),$);
#206=IFCPROPERTYSINGLEVALUE('Area',$,IFCAREAMEASURE(12.276),$);
#207=IFCPROPERTYSINGLEVALUE('Length',$,IFCLENGTHMEASURE(4.08),$);
#208=IFCPROPERTYSINGLEVALUE('Volume',$,IFCVOLUMEMEASURE(3.642624),$);
#209=IFCPROPERTYSINGLEVALUE('Has Association',$,IFCBOOLEAN(.F.),$);
#210=IFCPROPERTYSINGLEVALUE('Rebar Cover - Exterior Face',$,IFCLABEL('Rebar Cover 1 <25 mm>'),$);
#211=IFCPROPERTYSINGLEVALUE('Rebar Cover - Interior Face',$,IFCLABEL('Rebar Cover 1 <25 mm>'),$);
#212=IFCPROPERTYSINGLEVALUE('Rebar Cover - Other Faces',$,IFCLABEL('Rebar Cover 1 <25 mm>'),$);
#213=IFCPROPERTYSINGLEVALUE('Structural',$,IFCBOOLEAN(.T.),$);
#214=IFCPROPERTYSINGLEVALUE('Structural Usage',$,IFCIDENTIFIER('Bearing'),$);
#215=IFCPROPERTYSET('1CWw1b_eQU$nVxOYURtQiU',#18,'Other',$,(#125,#126,#127,#128,#129));
#216=IFCPROPERTYSET('3HQ1_A5135GQ8j_DMxoBac',#18,'Constraints',$,(#130,#131,#132,#134,#135,#136,#137,#138,#139,#140,#204,#205));
#217=IFCPROPERTYSET('2IFpqC1kI6wAqcNK4LYzjq',#18,'Dimensions',$,(#206,#207,#208));
#218=IFCPROPERTYSET('3z69$MCwKzA5Yontw9YJqr',#18,'Identity Data',$,(#209));
#219=IFCPROPERTYSET('2K1Ni6f3gOa1yC_G3gy4a1',#18,'Phasing',$,(#145));
#220=IFCPROPERTYSET('1CvDzkbH3PqQWwlug1jEcM',#18,'Structural',$,(#210,#211,#212,#213,#214));
#221=IFCPROPERTYSET('0OFL_fLrkCXc9TCL4Q9TJp',#18,'Cross-Section Definition',$,(#148));
#222=IFCAXIS2PLACEMENT3D(#3,$,$);
#223=IFCLOCALPLACEMENT(#34,#222);
#224=IFCCARTESIANPOINTLIST2D(((-2.29,-0.166666666666665),(-1.79,-0.166666666666665),(1.79,-0.166666666666669),(2.29,-0.166666666666669),(2.29,0.333333333333331),(-2.29,0.333333333333335),(-2.29,-0.166666666666665)));
#225=IFCINDEXEDPOLYCURVE(#224,$,.F.);
#226=IFCARBITRARYCLOSEDPROFILEDEF(.AREA.,'MasonryFooting',#225);
#227=IFCCARTESIANPOINT((1.62266559565043,-6.60993403188728,-0.6));
#228=IFCAXIS2PLACEMENT3D(#227,#9,#6);
#229=IFCEXTRUDEDAREASOLID(#226,#228,#9,0.5);
#230=IFCSIUNIT(*,.PLANEANGLEUNIT.,$,.RADIAN.);
#231=IFCDIMENSIONALEXPONENTS(0,0,0,0,0,0,0);
#232=IFCMEASUREWITHUNIT(IFCPLANEANGLEMEASURE(0.0174532925199433),#230);
#233=IFCCONVERSIONBASEDUNIT(#231,.PLANEANGLEUNIT.,'DEGREE',#232);
#234=IFCCOLOURRGB($,0.254901960784314,0.368627450980392,0.745098039215686);
#235=IFCSURFACESTYLERENDERING(#234,0.,$,$,$,$,IFCNORMALISEDRATIOMEASURE(0.5),IFCSPECULAREXPONENT(64.),.NOTDEFINED.);
#236=IFCSURFACESTYLE('MasonryFooting',.BOTH.,(#235));
#237=IFCSTYLEDITEM(#229,(#236),$);
#238=IFCSHAPEREPRESENTATION(#24,'Body','SweptSolid',(#229));
#239=IFCPRODUCTDEFINITIONSHAPE($,$,(#238));
#240=IFCFOOTING('2DRcnhWSP4q9u_6IDdVC2_',#18,'Wall Foundation:MasonryFooting:403459',$,'Wall Foundation:MasonryFooting',#223,#239,'403459',.STRIP_FOOTING.);
#241=IFCFOOTINGTYPE('11y2W35VzEePqJypuJ$wDo',#18,'Wall Foundation:MasonryFooting',$,$,(#293,#294,#295,#296,#297),$,'62389',$,.STRIP_FOOTING.);
#242=IFCMATERIAL('MasonryFooting',$,$);
#243=IFCPROPERTYSINGLEVALUE('Reference',$,IFCIDENTIFIER('MasonryFooting'),$);
#244=IFCPROPERTYSET('3XINyeB8a5$WrenxXDOTZe',#18,'Pset_EnvironmentalImpactIndicators',$,(#243));
#245=IFCPROPERTYSET('0_HtCfsPdAWd6g8oBAYsT2',#18,'Pset_FootingCommon',$,(#243));
#246=IFCPROPERTYSINGLEVALUE('Reference',$,IFCLABEL('MasonryFooting'),$);
#247=IFCPROPERTYSET('1cXfwT_FukCYVjcydzyfUi',#18,'Pset_ReinforcementBarCountOfIndependentFooting',$,(#246));
#248=IFCPROPERTYSINGLEVALUE('Reference',$,IFCLABEL('MasonryFooting'),$);
#249=IFCPROPERTYSET('30JekJwk7H5iaOjl4ZMjdp',#18,'Pset_ReinforcementBarPitchOfContinuousFooting',$,(#248));
#250=IFCRELDEFINESBYPROPERTIES('2YD3HTfuuaox$ExW6HO6s0',#18,$,$,(#240),#244);
#251=IFCRELDEFINESBYPROPERTIES('39Gy7tCzpaH5FnKwZuA0ZE',#18,$,$,(#240),#245);
#252=IFCRELDEFINESBYPROPERTIES('2ORl7$YqFC9EqXw4HK4fR$',#18,$,$,(#240),#247);
#253=IFCRELDEFINESBYPROPERTIES('0d2VsdXabY74vYUU4LH9Ar',#18,$,$,(#240),#249);
#254=IFCQUANTITYLENGTH('Length','',$,4.4,$);
#255=IFCQUANTITYLENGTH('Width','',$,0.5,$);
#256=IFCQUANTITYLENGTH('Height','',$,0.500000000000004,$);
#257=IFCQUANTITYAREA('CrossSectionArea','',$,2.29,$);
#258=IFCQUANTITYAREA('OuterSurfaceArea','',$,5.08,$);
#259=IFCQUANTITYAREA('GrossSurfaceArea','',$,9.66,$);
#260=IFCQUANTITYVOLUME('GrossVolume','',$,1.145,$);
#261=IFCQUANTITYVOLUME('NetVolume','',$,1.145,$);
#262=IFCELEMENTQUANTITY('0FfrHGhJ$T7PAnucvR9K8Q',#18,'Qto_FootingBaseQuantities',$,$,(#254,#255,#256,#257,#258,#259,#260,#261));
#263=IFCRELDEFINESBYPROPERTIES('30QTUX26rrXKRacUlVVrbq',#18,$,$,(#240),#262);
#264=IFCPROPERTYSINGLEVALUE('Category',$,IFCLABEL('Structural Foundations'),$);
#265=IFCPROPERTYSINGLEVALUE('Family',$,IFCLABEL('Wall Foundation'),$);
#266=IFCPROPERTYSINGLEVALUE('Family and Type',$,IFCLABEL('Wall Foundation: MasonryFooting'),$);
#267=IFCPROPERTYSINGLEVALUE('Type',$,IFCLABEL('MasonryFooting'),$);
#268=IFCPROPERTYSINGLEVALUE('Type Id',$,IFCLABEL('62389'),$);
#269=IFCPROPERTYSINGLEVALUE('Eccentricity',$,IFCLENGTHMEASURE(0.),$);
#270=IFCPROPERTYSINGLEVALUE('Area',$,IFCAREAMEASURE(2.29),$);
#271=IFCPROPERTYSINGLEVALUE('Elevation at Bottom',$,IFCLENGTHMEASURE(-0.6),$);
#272=IFCPROPERTYSINGLEVALUE('Elevation at Bottom Survey',$,IFCLENGTHMEASURE(-0.6),$);
#273=IFCPROPERTYSINGLEVALUE('Elevation at Top',$,IFCLENGTHMEASURE(-0.1),$);
#274=IFCPROPERTYSINGLEVALUE('Elevation at Top Survey',$,IFCLENGTHMEASURE(-0.1),$);
#275=IFCPROPERTYSINGLEVALUE('Length',$,IFCLENGTHMEASURE(4.4),$);
#276=IFCPROPERTYSINGLEVALUE('Volume',$,IFCVOLUMEMEASURE(1.145),$);
#277=IFCPROPERTYSINGLEVALUE('Width',$,IFCLENGTHMEASURE(0.5),$);
#278=IFCPROPERTYSINGLEVALUE('Rebar Cover - Bottom Face',$,IFCLABEL('Rebar Cover 1 <25 mm>'),$);
#279=IFCPROPERTYSINGLEVALUE('Rebar Cover - Top Face',$,IFCLABEL('Rebar Cover 1 <25 mm>'),$);
#280=IFCPROPERTYSINGLEVALUE('Family Name',$,IFCTEXT('Wall Foundation'),$);
#281=IFCPROPERTYSINGLEVALUE('Default End Extension Length',$,IFCLENGTHMEASURE(0.),$);
#282=IFCPROPERTYSINGLEVALUE('Do Not Break At Inserts',$,IFCBOOLEAN(.F.),$);
#283=IFCPROPERTYSINGLEVALUE('Foundation Thickness',$,IFCLENGTHMEASURE(0.5),$);
#284=IFCPROPERTYSINGLEVALUE('Width',$,IFCLENGTHMEASURE(0.5),$);
#285=IFCPROPERTYSINGLEVALUE('Type Name',$,IFCTEXT('MasonryFooting'),$);
#286=IFCPROPERTYSINGLEVALUE('Structural Material',$,IFCLABEL('MasonryFooting'),$);
#287=IFCPROPERTYSET('3PTHncIl7iv$IHev7JCcqm',#18,'Other',$,(#264,#265,#266,#267,#268));
#288=IFCPROPERTYSET('21YJhlVRz5x8jysL032qek',#18,'Constraints',$,(#269));
#289=IFCPROPERTYSET('1VVrtFwoudIMhg961uqnvC',#18,'Dimensions',$,(#270,#271,#272,#273,#274,#275,#276,#277));
#290=IFCPROPERTYSET('3LQzQZc3RM2sJxKdd3dvRL',#18,'Identity Data',$,(#209));
#291=IFCPROPERTYSET('2jJl0IKm2u9XlGzFsDmDgb',#18,'Phasing',$,(#145));
#292=IFCPROPERTYSET('38AWiRw8fCOQypYN$ILreD',#18,'Structural',$,(#212,#278,#279));
#293=IFCPROPERTYSET('0IM2E7$BwqrQTPRYFd8wYW',#18,'Other',$,(#264,#280));
#294=IFCPROPERTYSET('37H7j8MZNbWx41ww22$I6m',#18,'Dimensions',$,(#281,#282,#283,#284));
#295=IFCPROPERTYSET('2urBaqyczOntdonXy3Agpd',#18,'Identity Data',$,(#285));
#296=IFCPROPERTYSET('2HXc6YTvAUDepmJBMUWKqi',#18,'Materials and Finishes',$,(#286));
#297=IFCPROPERTYSET('1$TJjBG3EDLmJ7HRwulWR1',#18,'Structural',$,(#214));
#298=IFCAXIS2PLACEMENT3D(#3,$,$);
#299=IFCLOCALPLACEMENT(#34,#298);
#300=IFCCARTESIANPOINTLIST2D(((-2.29,-0.166666666666667),(-1.79,-0.166666666666667),(1.79,-0.166666666666667),(2.29,-0.166666666666667),(2.29,0.333333333333333),(-2.29,0.333333333333333),(-2.29,-0.166666666666667)));
#301=IFCINDEXEDPOLYCURVE(#300,$,.F.);
#302=IFCARBITRARYCLOSEDPROFILEDEF(.AREA.,'MasonryFooting',#301);
#303=IFCCARTESIANPOINT((1.62266559565044,-1.29660069855394,-0.6));
#304=IFCAXIS2PLACEMENT3D(#303,$,$);
#305=IFCEXTRUDEDAREASOLID(#302,#304,#9,0.5);
#306=IFCSTYLEDITEM(#305,(#236),$);
#307=IFCSHAPEREPRESENTATION(#24,'Body','SweptSolid',(#305));
#308=IFCPRODUCTDEFINITIONSHAPE($,$,(#307));
#309=IFCFOOTING('2DRcnhWSP4q9u_6IDdVC2n',#18,'Wall Foundation:MasonryFooting:403468',$,'Wall Foundation:MasonryFooting',#299,#308,'403468',.STRIP_FOOTING.);
#310=IFCPROPERTYSET('2wh2ArESadutCj7ioaLcAD',#18,'Pset_EnvironmentalImpactIndicators',$,(#243));
#311=IFCPROPERTYSET('2LZeiVBsN2YjxCdw1ZNdxz',#18,'Pset_FootingCommon',$,(#243));
#312=IFCPROPERTYSINGLEVALUE('Reference',$,IFCLABEL('MasonryFooting'),$);
#313=IFCPROPERTYSET('1leMIIhWe_09IXpy0vfV5H',#18,'Pset_ReinforcementBarCountOfIndependentFooting',$,(#312));
#314=IFCPROPERTYSINGLEVALUE('Reference',$,IFCLABEL('MasonryFooting'),$);
#315=IFCPROPERTYSET('376udHGAPru5h60MmTh$1G',#18,'Pset_ReinforcementBarPitchOfContinuousFooting',$,(#314));
#316=IFCRELDEFINESBYPROPERTIES('35YrNg0BcuwmZ6NvMEHFEV',#18,$,$,(#309),#310);
#317=IFCRELDEFINESBYPROPERTIES('1NasFHDLYi2eGry9f3yj$I',#18,$,$,(#309),#311);
#318=IFCRELDEFINESBYPROPERTIES('11O_IOFdXGcufE7Jidvnti',#18,$,$,(#309),#313);
#319=IFCRELDEFINESBYPROPERTIES('2pFvmOUUCtIGXXeGDUkzph',#18,$,$,(#309),#315);
#320=IFCQUANTITYLENGTH('Length','',$,4.4,$);
#321=IFCQUANTITYLENGTH('Width','',$,0.5,$);
#322=IFCQUANTITYLENGTH('Height','',$,0.5,$);
#323=IFCQUANTITYAREA('CrossSectionArea','',$,2.29,$);
#324=IFCQUANTITYAREA('OuterSurfaceArea','',$,5.08,$);
#325=IFCQUANTITYAREA('GrossSurfaceArea','',$,9.66,$);
#326=IFCQUANTITYVOLUME('GrossVolume','',$,1.145,$);
#327=IFCQUANTITYVOLUME('NetVolume','',$,1.145,$);
#328=IFCELEMENTQUANTITY('2uu3_oH2Fx$3_1oYagxksV',#18,'Qto_FootingBaseQuantities',$,$,(#320,#321,#322,#323,#324,#325,#326,#327));
#329=IFCRELDEFINESBYPROPERTIES('2G_T$fm4YgaVLNIRr7FRoM',#18,$,$,(#309),#328);
#330=IFCPROPERTYSINGLEVALUE('Area',$,IFCAREAMEASURE(2.29),$);
#331=IFCPROPERTYSINGLEVALUE('Elevation at Bottom',$,IFCLENGTHMEASURE(-0.6),$);
#332=IFCPROPERTYSINGLEVALUE('Elevation at Bottom Survey',$,IFCLENGTHMEASURE(-0.6),$);
#333=IFCPROPERTYSINGLEVALUE('Elevation at Top',$,IFCLENGTHMEASURE(-0.1),$);
#334=IFCPROPERTYSINGLEVALUE('Elevation at Top Survey',$,IFCLENGTHMEASURE(-0.1),$);
#335=IFCPROPERTYSINGLEVALUE('Length',$,IFCLENGTHMEASURE(4.4),$);
#336=IFCPROPERTYSINGLEVALUE('Volume',$,IFCVOLUMEMEASURE(1.145),$);
#337=IFCPROPERTYSINGLEVALUE('Width',$,IFCLENGTHMEASURE(0.5),$);
#338=IFCPROPERTYSET('1y2WIh4261Po4sRxyfQnuX',#18,'Other',$,(#264,#265,#266,#267,#268));
#339=IFCPROPERTYSET('1JJoXI8d9i7wFnMsGJ$12v',#18,'Constraints',$,(#269));
#340=IFCPROPERTYSET('3$Dfy1nDGpGW7GycLDSKxE',#18,'Dimensions',$,(#330,#331,#332,#333,#334,#335,#336,#337));
#341=IFCPROPERTYSET('0C62NaqyMVL8P0q5nW6uAc',#18,'Identity Data',$,(#209));
#342=IFCPROPERTYSET('3MMHB0qzLf2nmYHne3Bclj',#18,'Phasing',$,(#145));
#343=IFCPROPERTYSET('3wXC04ZQcFZ8B6ma0li1rn',#18,'Structural',$,(#212,#278,#279));
#344=IFCCARTESIANPOINT((3.66266559565044,-1.05326736522062,-0.1));
#345=IFCAXIS2PLACEMENT3D(#344,#9,#8);
#346=IFCLOCALPLACEMENT(#34,#345);
#347=IFCCARTESIANPOINTLIST3D(((0.,4.71929559422594E-17,0.),(5.8,4.71929559422721E-17,0.)));
#348=IFCINDEXEDPOLYCURVE(#347,$,.F.);
#349=IFCSHAPEREPRESENTATION(#23,'Axis','Curve3D',(#348));
#350=IFCCARTESIANPOINTLIST2D(((5.48,-0.16),(5.8,0.16),(1.52161501789343E-16,0.16),(0.319999999999999,-0.16),(5.48,-0.16)));
#351=IFCINDEXEDPOLYCURVE(#350,$,.F.);
#352=IFCARBITRARYCLOSEDPROFILEDEF(.AREA.,$,#351);
#353=IFCAXIS2PLACEMENT3D(#3,$,$);
#354=IFCEXTRUDEDAREASOLID(#352,#353,#9,2.79);
#355=IFCSTYLEDITEM(#354,(#77),$);
#356=IFCCOLOURRGBLIST(((0.968627450980392,0.909803921568627,0.835294117647059)));
#357=IFCINDEXEDPOLYGONALFACEWITHVOIDS((1,2,3,4),((5,6,7,8,9,10,11,12),(13,14,15,16,17,18,19,20)));
#358=IFCINDEXEDPOLYGONALFACEWITHVOIDS((21,22,23,24),((25,26,27,28,29,30,31,32),(33,34,35,36,37,38,39,40)));
#359=IFCINDEXEDPOLYGONALFACE((2,1,22,21));
#360=IFCINDEXEDPOLYGONALFACE((4,3,24,23));
#361=IFCINDEXEDPOLYGONALFACE((1,4,23,22));
#362=IFCINDEXEDPOLYGONALFACE((3,2,21,24));
#363=IFCINDEXEDPOLYGONALFACE((5,26,25,6));
#364=IFCINDEXEDPOLYGONALFACE((6,25,32,7));
#365=IFCINDEXEDPOLYGONALFACE((7,32,31,8));
#366=IFCINDEXEDPOLYGONALFACE((8,31,30,9));
#367=IFCINDEXEDPOLYGONALFACE((9,30,29,10));
#368=IFCINDEXEDPOLYGONALFACE((10,29,28,11));
#369=IFCINDEXEDPOLYGONALFACE((11,28,27,12));
#370=IFCINDEXEDPOLYGONALFACE((26,5,12,27));
#371=IFCINDEXEDPOLYGONALFACE((13,34,33,14));
#372=IFCINDEXEDPOLYGONALFACE((14,33,40,15));
#373=IFCINDEXEDPOLYGONALFACE((15,40,39,16));
#374=IFCINDEXEDPOLYGONALFACE((16,39,38,17));
#375=IFCINDEXEDPOLYGONALFACE((17,38,37,18));
#376=IFCINDEXEDPOLYGONALFACE((18,37,36,19));
#377=IFCINDEXEDPOLYGONALFACE((35,20,19,36));
#378=IFCINDEXEDPOLYGONALFACE((34,13,20,35));
#379=IFCCARTESIANPOINTLIST3D(((0.319999999999999,-0.16,0.),(5.48,-0.16,0.),(5.48,-0.16,2.79),(0.319999999999999,-0.16,2.79),(3.54999999999998,-0.159999999999999,0.1),(3.54999999999998,-0.159999999999999,1.89999999999805),(3.34999999999998,-0.159999999999999,1.89999999999805),(3.34999999999998,-0.159999999999999,2.01999999999803),(4.94999999999998,-0.16,2.01999999999803),(4.94999999999998,-0.16,1.89999999999805),(4.74999999999998,-0.16,1.89999999999805),(4.74999999999998,-0.16,0.1),(1.04999999999998,-0.16,0.0999999999999919),(1.04999999999998,-0.16,1.89999999999804),(0.849999999999977,-0.159999999999999,1.89999999999804),(0.849999999999977,-0.159999999999999,2.01999999999803),(2.44999999999998,-0.16,2.01999999999803),(2.44999999999998,-0.16,1.89999999999804),(2.24999999999998,-0.16,1.89999999999804),(2.24999999999998,-0.16,0.0999999999999919),(5.8,0.16,0.),(1.35358391162299E-16,0.16,0.),(1.35358391162299E-16,0.16,2.79),(5.8,0.16,2.79),(3.54999999999998,0.16,1.89999999999805),(3.54999999999998,0.16,0.1),(4.74999999999998,0.16,0.1),(4.74999999999998,0.16,1.89999999999805),(4.94999999999998,0.16,1.89999999999805),(4.94999999999998,0.16,2.01999999999803),(3.34999999999998,0.16,2.01999999999803),(3.34999999999998,0.16,1.89999999999805),(1.04999999999998,0.16,1.89999999999804),(1.04999999999998,0.16,0.0999999999999919),(2.24999999999998,0.16,0.0999999999999919),(2.24999999999998,0.16,1.89999999999804),(2.44999999999998,0.16,1.89999999999804),(2.44999999999998,0.16,2.01999999999803),(0.849999999999977,0.16,2.01999999999803),(0.849999999999977,0.16,1.89999999999804)));
#380=IFCPOLYGONALFACESET(#379,.T.,(#357,#358,#359,#360,#361,#362,#363,#364,#365,#366,#367,#368,#369,#370,#371,#372,#373,#374,#375,#376,#377,#378),$);
#381=IFCINDEXEDCOLOURMAP(#380,1.,#356,(1,1,1,1,1,1,1,1,1,1,1,1,1,1,1,1,1,1,1,1,1,1));
#382=IFCSTYLEDITEM(#380,(#77),$);
#383=IFCSHAPEREPRESENTATION(#24,'Body','Tessellation',(#380));
#384=IFCPRODUCTDEFINITIONSHAPE($,$,(#349,#383));
#385=IFCWALL('1w5Rftt1b5Ge7ueaBYBzh2',#18,'Basic Wall:DoubleLeafMasonryStone:427979',$,'Basic Wall:DoubleLeafMasonryStone',#346,#384,'427979',.NOTDEFINED.);
#386=IFCQUANTITYLENGTH('Height',$,$,2.79,$);
#387=IFCQUANTITYLENGTH('Length',$,$,5.8,$);
#388=IFCQUANTITYLENGTH('Width',$,$,0.32,$);
#389=IFCQUANTITYAREA('GrossFootprintArea',$,$,1.7536,$);
#390=IFCQUANTITYVOLUME('GrossVolume',$,$,5.17824,$);
#391=IFCQUANTITYAREA('GrossSideArea',$,$,16.182,$);
#392=IFCQUANTITYAREA('NetSideArea',$,$,11.4780000000047,$);
#393=IFCQUANTITYVOLUME('NetVolume',$,$,3.38726400000151,$);
#394=IFCELEMENTQUANTITY('1MtegHdZrEsZWmINgmgri0',#18,'Qto_WallBaseQuantities',$,$,(#386,#387,#388,#389,#390,#391,#392,#393));
#395=IFCRELDEFINESBYPROPERTIES('06wc6Hbap7YQCnUhtatMHI',#18,$,$,(#385),#394);
#396=IFCPROPERTYSET('35BIV2tL7_UzcKYFxKiNaU',#18,'Pset_EnvironmentalImpactIndicators',$,(#114));
#397=IFCPROPERTYSINGLEVALUE('Reference',$,IFCLABEL('DoubleLeafMasonryStone'),$);
#398=IFCPROPERTYSET('0vyd3nHnEeJNK3Xwjylg7s',#18,'Pset_ReinforcementBarPitchOfWall',$,(#397));
#399=IFCPROPERTYSET('1j5jdaaypN7vd0Tozcv4lE',#18,'Pset_WallCommon',$,(#114,#118,#119,#120));
#400=IFCRELDEFINESBYPROPERTIES('3uUZ_m0iU3Mbqx0I0rfgiJ',#18,$,$,(#385),#396);
#401=IFCRELDEFINESBYPROPERTIES('2XyeJrUtrFr6Tvv1aurauF',#18,$,$,(#385),#398);
#402=IFCRELDEFINESBYPROPERTIES('0gzEXwHXRCFWL8eDkrlGua',#18,$,$,(#385),#399);
#403=IFCPROPERTYSINGLEVALUE('Base Offset',$,IFCLENGTHMEASURE(-0.1),$);
#404=IFCPROPERTYSINGLEVALUE('Unconnected Height',$,IFCLENGTHMEASURE(2.79),$);
#405=IFCPROPERTYSINGLEVALUE('Area',$,IFCAREAMEASURE(11.4780000000047),$);
#406=IFCPROPERTYSINGLEVALUE('Length',$,IFCLENGTHMEASURE(5.48),$);
#407=IFCPROPERTYSINGLEVALUE('Volume',$,IFCVOLUMEMEASURE(3.38726400000151),$);
#408=IFCPROPERTYSET('19nvyOSa2b2ztOwdiQPekR',#18,'Other',$,(#125,#126,#127,#128,#129));
#409=IFCPROPERTYSET('1ZC_CA2vvQOR7gPJRGOH1h',#18,'Constraints',$,(#130,#131,#132,#134,#135,#136,#137,#138,#139,#140,#403,#404));
#410=IFCPROPERTYSET('10fsUjhfJnNF_KqX_A7la2',#18,'Dimensions',$,(#405,#406,#407));
#411=IFCPROPERTYSET('1wJ8t1Dfa4Iibi3GqU5fDX',#18,'Identity Data',$,(#209));
#412=IFCPROPERTYSET('2oGtt2rxIHqFSdJlb65hC9',#18,'Phasing',$,(#145));
#413=IFCPROPERTYSET('3SlQrB4Huv_cUTA8wKxp1a',#18,'Structural',$,(#146,#147));
#414=IFCPROPERTYSET('2fuMUViGkTPtZ3GUqulzfw',#18,'Cross-Section Definition',$,(#148));
#415=IFCCARTESIANPOINTLIST2D(((0.479999999999999,-0.0479999999999953),(0.680000000000001,-0.0479999999999953),(0.680000000000001,0.0719999999999923),(-0.920000000000001,0.0719999999999923),(-0.920000000000001,-0.0479999999999953),(0.479999999999999,-0.0479999999999953)));
#416=IFCINDEXEDPOLYCURVE(#415,$,.F.);
#417=IFCARBITRARYCLOSEDPROFILEDEF(.AREA.,'StoneWindows',#416);
#418=IFCCARTESIANPOINT((0.679999999999999,0.,1.248));
#419=IFCAXIS2PLACEMENT3D(#418,#7,#6);
#420=IFCEXTRUDEDAREASOLID(#417,#419,#9,0.320000000000979);
#421=IFCCOLOURRGB($,0.866666666666667,0.768627450980392,0.709803921568627);
#422=IFCSURFACESTYLERENDERING(#421,0.,$,$,$,$,IFCNORMALISEDRATIOMEASURE(0.5),IFCSPECULAREXPONENT(64.),.NOTDEFINED.);
#423=IFCSURFACESTYLE('Stone',.BOTH.,(#422));
#424=IFCSTYLEDITEM(#420,(#423),$);
#425=IFCSHAPEREPRESENTATION(#24,'Body','SweptSolid',(#420));
#426=IFCAXIS2PLACEMENT3D(#3,$,$);
#427=IFCREPRESENTATIONMAP(#426,#425);
#428=IFCWINDOWLININGPROPERTIES('0J97NW_2f6KQfclZUcKo$P',#18,'empty window2:StoneWindows:428099',$,$,$,$,$,$,$,$,$,$,$,$,$);
#429=IFCWINDOWTYPE('3HVJQxchf$F1JCtXOmTYyA',#18,'empty window2:StoneWindows',$,$,(#428,#478,#479,#480,#481),(#427),'438811',$,.WINDOW.,.NOTDEFINED.,$,$);
#430=IFCMATERIAL('Stone',$,$);
#431=IFCCARTESIANTRANSFORMATIONOPERATOR3D($,$,#3,1.,$);
#432=IFCMAPPEDITEM(#427,#431);
#433=IFCSHAPEREPRESENTATION(#24,'Body','MappedRepresentation',(#432));
#434=IFCPRODUCTDEFINITIONSHAPE($,$,(#433));
#435=IFCCARTESIANPOINT((2.42266559565043,-6.53326736522061,0.619999999999971));
#436=IFCAXIS2PLACEMENT3D(#435,#9,#6);
#438=IFCWINDOW('0J97NW_2f6KQfclZQcKo$P',#18,'empty window2:StoneWindows:428099',$,'empty window2:StoneWindows',#2229,#434,'428099',1.32,1.6,.WINDOW.,.NOTDEFINED.,$);
#439=IFCPROPERTYSINGLEVALUE('Reference',$,IFCIDENTIFIER('StoneWindows'),$);
#440=IFCPROPERTYSET('30EVryKN9gWLwVjn4qBuJv',#18,'Pset_EnvironmentalImpactIndicators',$,(#439));
#441=IFCPROPERTYSET('3NUBJOagfGAQdnJeDK8V16',#18,'Pset_WindowCommon',$,(#118,#439));
#442=IFCRELDEFINESBYPROPERTIES('1gqdTFzyAW097_6eUSjYIf',#18,$,$,(#438),#440);
#443=IFCRELDEFINESBYPROPERTIES('2FZveZc_c2HUv3ilbq8QZd',#18,$,$,(#438),#441);
#444=IFCQUANTITYLENGTH('Width','',$,1.2,$);
#445=IFCQUANTITYLENGTH('Height','',$,1.2,$);
#446=IFCQUANTITYLENGTH('Perimeter','',$,3.43999999999998,$);
#447=IFCQUANTITYAREA('Area','',$,1.44,$);
#448=IFCELEMENTQUANTITY('00jVQEDrZIDl69HsSN1ej6',#18,'Qto_WindowBaseQuantities',$,$,(#444,#445,#446,#447));
#449=IFCRELDEFINESBYPROPERTIES('3vEsdx7PIhEWo6EknVcmxZ',#18,$,$,(#438),#448);
#450=IFCPROPERTYSINGLEVALUE('Category',$,IFCLABEL('Windows'),$);
#451=IFCPROPERTYSINGLEVALUE('Default Sill Height',$,IFCLENGTHMEASURE(0.799999999999999),$);
#452=IFCPROPERTYSINGLEVALUE('Family',$,IFCLABEL('empty window2'),$);
#453=IFCPROPERTYSINGLEVALUE('Family and Type',$,IFCLABEL('empty window2: StoneWindows'),$);
#454=IFCPROPERTYSINGLEVALUE('Head Height',$,IFCLENGTHMEASURE(1.81999999999997),$);
#455=IFCPROPERTYSINGLEVALUE('Host Id',$,IFCLABEL('298284'),$);
#456=IFCPROPERTYSINGLEVALUE('Type',$,IFCLABEL('StoneWindows'),$);
#457=IFCPROPERTYSINGLEVALUE('Type Id',$,IFCLABEL('438811'),$);
#458=IFCPROPERTYSINGLEVALUE('Level',$,IFCLABEL('Level 0'),$);
#459=IFCPROPERTYSINGLEVALUE('Sill Height',$,IFCLENGTHMEASURE(0.619999999999971),$);
#460=IFCPROPERTYSINGLEVALUE('Area',$,IFCAREAMEASURE(0.742400000001661),$);
#461=IFCPROPERTYSINGLEVALUE('Height',$,IFCLENGTHMEASURE(1.2),$);
#462=IFCPROPERTYSINGLEVALUE('Volume',$,IFCVOLUMEMEASURE(0.0614400000001817),$);
#463=IFCPROPERTYSINGLEVALUE('Width',$,IFCLENGTHMEASURE(1.2),$);
#464=IFCPROPERTYSINGLEVALUE('Mark',$,IFCTEXT('2'),$);
#465=IFCPROPERTYSINGLEVALUE('Family Name',$,IFCTEXT('empty window2'),$);
#466=IFCPROPERTYSINGLEVALUE('Wall Closure',$,IFCIDENTIFIER('By host'),$);
#467=IFCPROPERTYSINGLEVALUE('OmniClass Number',$,IFCTEXT('23.30.20.00'),$);
#468=IFCPROPERTYSINGLEVALUE('OmniClass Title',$,IFCTEXT('Windows'),$);
#469=IFCPROPERTYSINGLEVALUE('Type Mark',$,IFCTEXT('28'),$);
#470=IFCPROPERTYSINGLEVALUE('Type Name',$,IFCTEXT('StoneWindows'),$);
#471=IFCPROPERTYSINGLEVALUE('Analytic Construction',$,IFCTEXT('<None>'),$);
#472=IFCPROPERTYSINGLEVALUE('Define Thermal Properties by',$,IFCIDENTIFIER('Schematic Type'),$);
#473=IFCPROPERTYSET('1$dRBALTGWGfSJDKjkzv8o',#18,'Other',$,(#450,#451,#452,#453,#454,#455,#456,#457));
#474=IFCPROPERTYSET('1w1tFJaMVq2M4XKioH78rk',#18,'Constraints',$,(#458,#459));
#475=IFCPROPERTYSET('0FD36iYN_0UOzqtcjzR0SB',#18,'Dimensions',$,(#460,#461,#462,#463));
#476=IFCPROPERTYSET('2QNNycjAnl9meFfF8hHSwc',#18,'Identity Data',$,(#464));
#477=IFCPROPERTYSET('0kfTYWpmYQgeLo2dq31Ijs',#18,'Phasing',$,(#145));
#478=IFCPROPERTYSET('3fQrobXFly9tFU8Q0gvuQx',#18,'Other',$,(#450,#465));
#479=IFCPROPERTYSET('3btU8GWMW1nI5ss$k_mX_x',#18,'Construction',$,(#466));
#480=IFCPROPERTYSET('2T7ND7OgvffhlmhcdX6heO',#18,'Identity Data',$,(#467,#468,#469,#470));
#481=IFCPROPERTYSET('0VhA5bGLCjlnfX9mZGpdSI',#18,'Analytical Properties',$,(#471,#472));
#482=IFCCARTESIANPOINT((-0.417334404349567,-6.8532673652206,-0.1));
#483=IFCAXIS2PLACEMENT3D(#482,#9,#7);
#484=IFCLOCALPLACEMENT(#34,#483);
#485=IFCCARTESIANPOINTLIST3D(((0.,-4.09454933005436E-18,0.),(5.8,-4.09454933005388E-18,0.)));
#486=IFCINDEXEDPOLYCURVE(#485,$,.F.);
#487=IFCSHAPEREPRESENTATION(#23,'Axis','Curve3D',(#486));
#488=IFCCARTESIANPOINTLIST2D(((5.48,-0.16),(5.8,0.16),(8.25219433017051E-16,0.16),(0.32,-0.16),(5.48,-0.16)));
#489=IFCINDEXEDPOLYCURVE(#488,$,.F.);
#490=IFCARBITRARYCLOSEDPROFILEDEF(.AREA.,$,#489);
#491=IFCAXIS2PLACEMENT3D(#3,$,$);
#492=IFCEXTRUDEDAREASOLID(#490,#491,#9,2.79);
#493=IFCSTYLEDITEM(#492,(#77),$);
#494=IFCCOLOURRGBLIST(((0.968627450980392,0.909803921568627,0.835294117647059)));
#495=IFCINDEXEDPOLYGONALFACEWITHVOIDS((1,2,3,4),((5,6,7,8,9,10,11,12)));
#496=IFCINDEXEDPOLYGONALFACEWITHVOIDS((13,14,15,16),((17,18,19,20,21,22,23,24)));
#497=IFCINDEXEDPOLYGONALFACE((2,1,14,13));
#498=IFCINDEXEDPOLYGONALFACE((4,3,16,15));
#499=IFCINDEXEDPOLYGONALFACE((1,4,15,14));
#500=IFCINDEXEDPOLYGONALFACE((3,2,13,16));
#501=IFCINDEXEDPOLYGONALFACE((5,18,17,6));
#502=IFCINDEXEDPOLYGONALFACE((6,17,24,7));
#503=IFCINDEXEDPOLYGONALFACE((7,24,23,8));
#504=IFCINDEXEDPOLYGONALFACE((8,23,22,9));
#505=IFCINDEXEDPOLYGONALFACE((9,22,21,10));
#506=IFCINDEXEDPOLYGONALFACE((10,21,20,11));
#507=IFCINDEXEDPOLYGONALFACE((11,20,19,12));
#508=IFCINDEXEDPOLYGONALFACE((18,5,12,19));
#509=IFCCARTESIANPOINTLIST3D(((0.32,-0.16,0.),(5.48,-0.16,0.),(5.48,-0.16,2.79),(0.320000000000002,-0.16,2.79),(1.05000000000001,-0.16,0.919999999999992),(1.05000000000001,-0.16,2.11999999999999),(0.850000000000006,-0.16,2.11999999999999),(0.850000000000006,-0.16,2.23999999999999),(2.45000000000001,-0.16,2.23999999999999),(2.45000000000001,-0.16,2.12),(2.25000000000001,-0.16,2.12),(2.25000000000001,-0.16,0.919999999999992),(5.8,0.16,0.),(1.08286712929839E-15,0.16,0.),(0.,0.16,2.79),(5.8,0.16,2.79),(1.05000000000001,0.16,2.11999999999999),(1.05000000000001,0.16,0.919999999999992),(2.25000000000001,0.16,0.919999999999992),(2.25000000000001,0.16,2.12),(2.45000000000001,0.16,2.12),(2.45000000000001,0.16,2.23999999999999),(0.850000000000006,0.16,2.23999999999999),(0.850000000000006,0.16,2.11999999999999)));
#510=IFCPOLYGONALFACESET(#509,.T.,(#495,#496,#497,#498,#499,#500,#501,#502,#503,#504,#505,#506,#507,#508),$);
#511=IFCINDEXEDCOLOURMAP(#510,1.,#494,(1,1,1,1,1,1,1,1,1,1,1,1,1,1));
#512=IFCSTYLEDITEM(#510,(#77),$);
#513=IFCSHAPEREPRESENTATION(#24,'Body','Tessellation',(#510));
#514=IFCPRODUCTDEFINITIONSHAPE($,$,(#487,#513));
#515=IFCWALL('0F1wVIM5D9YesDC4xJzuVg',#18,'Basic Wall:DoubleLeafMasonryStone:431238',$,'Basic Wall:DoubleLeafMasonryStone',#484,#514,'431238',.NOTDEFINED.);
#516=IFCQUANTITYLENGTH('Height',$,$,2.79,$);
#517=IFCQUANTITYLENGTH('Length',$,$,5.8,$);
#518=IFCQUANTITYLENGTH('Width',$,$,0.32,$);
#519=IFCQUANTITYAREA('GrossFootprintArea',$,$,1.7536,$);
#520=IFCQUANTITYVOLUME('GrossVolume',$,$,5.17824,$);
#521=IFCQUANTITYAREA('GrossSideArea',$,$,16.182,$);
#522=IFCQUANTITYAREA('NetSideArea',$,$,14.55,$);
#523=IFCQUANTITYVOLUME('NetVolume',$,$,4.370304,$);
#524=IFCELEMENTQUANTITY('28XIyn0LqybeEXHRuGyCLc',#18,'Qto_WallBaseQuantities',$,$,(#516,#517,#518,#519,#520,#521,#522,#523));
#525=IFCRELDEFINESBYPROPERTIES('0aPrSc9shZ52CPXUeMryjO',#18,$,$,(#515),#524);
#526=IFCPROPERTYSET('19_X0U6Gk3pEEhJk0$kavw',#18,'Pset_EnvironmentalImpactIndicators',$,(#114));
#527=IFCPROPERTYSINGLEVALUE('Reference',$,IFCLABEL('DoubleLeafMasonryStone'),$);
#528=IFCPROPERTYSET('2rNf_3l7DBfMuu5By2i4F6',#18,'Pset_ReinforcementBarPitchOfWall',$,(#527));
#529=IFCPROPERTYSET('0DiNpQB$GjQSE2yDNXNqso',#18,'Pset_WallCommon',$,(#114,#118,#119,#120));
#530=IFCRELDEFINESBYPROPERTIES('1YnwVaeDtfU7LKUK4lvx8t',#18,$,$,(#515),#526);
#531=IFCRELDEFINESBYPROPERTIES('38sI0_Ejv$ujeIl19bjHfR',#18,$,$,(#515),#528);
#532=IFCRELDEFINESBYPROPERTIES('0R6nByOom5md4Nx9WGW_Jt',#18,$,$,(#515),#529);
#533=IFCPROPERTYSINGLEVALUE('Base Offset',$,IFCLENGTHMEASURE(-0.1),$);
#534=IFCPROPERTYSINGLEVALUE('Unconnected Height',$,IFCLENGTHMEASURE(2.79),$);
#535=IFCPROPERTYSINGLEVALUE('Area',$,IFCAREAMEASURE(14.55),$);
#536=IFCPROPERTYSINGLEVALUE('Length',$,IFCLENGTHMEASURE(5.48),$);
#537=IFCPROPERTYSINGLEVALUE('Volume',$,IFCVOLUMEMEASURE(4.370304),$);
#538=IFCPROPERTYSET('3eI4IEMa9M7bQyMH9OUqO5',#18,'Other',$,(#125,#126,#127,#128,#129));
#539=IFCPROPERTYSET('2tcntn5u3iwtu6c3$xCAfc',#18,'Constraints',$,(#130,#131,#132,#134,#135,#136,#137,#138,#139,#140,#533,#534));
#540=IFCPROPERTYSET('0j8$qrcxyzCdAUDTeJkulH',#18,'Dimensions',$,(#535,#536,#537));
#541=IFCPROPERTYSET('2OrhySwiOL0QMIxk4xrdJl',#18,'Identity Data',$,(#209));
#542=IFCPROPERTYSET('1Asd1gk_zd1hvtuQH1TrbQ',#18,'Phasing',$,(#145));
#543=IFCPROPERTYSET('2OrmrwvH4TS514o3bLv0fX',#18,'Structural',$,(#146,#147));
#544=IFCPROPERTYSET('13ivQ6TxanXGwUSBUSyQcA',#18,'Cross-Section Definition',$,(#148));
#545=IFCCARTESIANPOINT((-0.41733440434956,-1.3732673652206,-0.));
#546=IFCAXIS2PLACEMENT3D(#545,#9,#8);
#547=IFCLOCALPLACEMENT(#38,#546);
#548=IFCCARTESIANPOINTLIST3D(((0.,-2.79660334369495E-17,5.41433564649196E-16),(5.15999999999999,-6.56221181813467E-17,5.41433564649196E-16)));
#549=IFCINDEXEDPOLYCURVE(#548,$,.F.);
#550=IFCSHAPEREPRESENTATION(#23,'Axis','Curve3D',(#549));
#568=IFCCARTESIANPOINTLIST2D(((5.15999999999999,0.16),(1.37591087823654E-17,0.16),(-1.37591087823654E-17,-0.16),(5.15999999999999,-0.16),(5.15999999999999,0.16)));
#569=IFCINDEXEDPOLYCURVE(#568,$,.F.);
#570=IFCARBITRARYCLOSEDPROFILEDEF(.AREA.,$,#569);
#571=IFCAXIS2PLACEMENT3D(#3,$,$);
#572=IFCEXTRUDEDAREASOLID(#570,#571,#9,2.16397430279453);
#573=IFCSTYLEDITEM(#572,(#77),$);
#574=IFCCOLOURRGBLIST(((0.968627450980392,0.909803921568627,0.835294117647059)));
#575=IFCINDEXEDPOLYGONALFACEWITHVOIDS((1,2,3,4),((5,6,7,8,9,10,11,12)));
#576=IFCINDEXEDPOLYGONALFACEWITHVOIDS((13,14,15,16),((17,18,19,20,21,22,23,24)));
#577=IFCINDEXEDPOLYGONALFACE((2,1,13,16));
#578=IFCINDEXEDPOLYGONALFACE((1,4,14,13));
#579=IFCINDEXEDPOLYGONALFACE((3,2,16,15));
#580=IFCINDEXEDPOLYGONALFACE((18,17,5,12));
#581=IFCINDEXEDPOLYGONALFACE((19,18,12,11));
#582=IFCINDEXEDPOLYGONALFACE((20,19,11,10));
#583=IFCINDEXEDPOLYGONALFACE((21,20,10,9));
#584=IFCINDEXEDPOLYGONALFACE((22,21,9,8));
#585=IFCINDEXEDPOLYGONALFACE((23,22,8,7));
#586=IFCINDEXEDPOLYGONALFACE((24,23,7,6));
#587=IFCINDEXEDPOLYGONALFACE((17,24,6,5));
#588=IFCINDEXEDPOLYGONALFACE((4,3,15,14));
#589=IFCCARTESIANPOINTLIST3D(((0.,-0.16,5.41433564649196E-16),(5.15999999999999,-0.16,5.41433564649196E-16),(5.15999999999999,-0.159999999999997,2.06),(0.,-0.16,2.06),(4.42999999999999,-0.16,0.329999999999996),(3.22999999999999,-0.16,0.329999999999996),(3.22999999999999,-0.16,1.53),(3.02999999999999,-0.16,1.53),(3.02999999999999,-0.16,1.64999999999999),(4.63,-0.16,1.64999999999999),(4.63,-0.16,1.53),(4.42999999999999,-0.16,1.53),(8.12150346973795E-16,0.16,5.41433564649196E-16),(8.12150346973795E-16,0.16,2.16397430279453),(5.15999999999999,0.16,2.16397430279453),(5.15999999999999,0.16,5.41433564649196E-16),(4.42999999999999,0.16,0.329999999999996),(4.42999999999999,0.16,1.53),(4.63,0.16,1.53),(4.63,0.16,1.64999999999999),(3.02999999999999,0.16,1.64999999999999),(3.02999999999999,0.16,1.53),(3.22999999999999,0.16,1.53),(3.22999999999999,0.16,0.329999999999996)));
#590=IFCPOLYGONALFACESET(#589,.T.,(#575,#576,#577,#578,#579,#580,#581,#582,#583,#584,#585,#586,#587,#588),$);
#591=IFCINDEXEDCOLOURMAP(#590,1.,#574,(1,1,1,1,1,1,1,1,1,1,1,1,1,1));
#592=IFCSTYLEDITEM(#590,(#77),$);
#593=IFCSHAPEREPRESENTATION(#24,'Body','Tessellation',(#590));
#594=IFCPRODUCTDEFINITIONSHAPE($,$,(#550,#593));
#595=IFCWALL('0F1wVIM5D9YesDC4xJzuRy',#18,'Basic Wall:DoubleLeafMasonryStone:431504',$,'Basic Wall:DoubleLeafMasonryStone',#547,#594,'431504',.NOTDEFINED.);
#596=IFCQUANTITYLENGTH('Height',$,$,2.16397430279453,$);
#597=IFCQUANTITYLENGTH('Length',$,$,5.15999999999999,$);
#598=IFCQUANTITYLENGTH('Width',$,$,0.32,$);
#599=IFCQUANTITYAREA('GrossFootprintArea',$,$,1.6512,$);
#600=IFCQUANTITYVOLUME('GrossVolume',$,$,3.57315436877432,$);
#601=IFCQUANTITYAREA('GrossSideArea',$,$,11.1661074024197,$);
#602=IFCQUANTITYAREA('NetSideArea',$,$,9.53410740241976,$);
#603=IFCQUANTITYVOLUME('NetVolume',$,$,2.96507318438715,$);
#604=IFCELEMENTQUANTITY('2btDZ69WKAMpa2Mbk5dzoq',#18,'Qto_WallBaseQuantities',$,$,(#596,#597,#598,#599,#600,#601,#602,#603));
#605=IFCRELDEFINESBYPROPERTIES('2N2d$QE_wlYY2aseEAVtTR',#18,$,$,(#595),#604);
#606=IFCPROPERTYSET('2IuRp5CZ9jLWhRe$YrhWtu',#18,'Pset_EnvironmentalImpactIndicators',$,(#114));
#607=IFCPROPERTYSINGLEVALUE('Reference',$,IFCLABEL('DoubleLeafMasonryStone'),$);
#608=IFCPROPERTYSET('1SkkqzWSuPgTGzQo5VwJ5s',#18,'Pset_ReinforcementBarPitchOfWall',$,(#607));
#609=IFCPROPERTYSINGLEVALUE('ExtendToStructure',$,IFCBOOLEAN(.T.),$);
#610=IFCPROPERTYSET('1Y2PSjBWQGIrqRhZ5w6WJi',#18,'Pset_WallCommon',$,(#114,#118,#119,#609));
#611=IFCRELDEFINESBYPROPERTIES('2M8zziRcIK_xYjgn62CER$',#18,$,$,(#595),#606);
#612=IFCRELDEFINESBYPROPERTIES('3bsJdXcXGdd6BEIj_9O9yd',#18,$,$,(#595),#608);
#613=IFCRELDEFINESBYPROPERTIES('3uJVEc99D7J8RxYF4cVOvC',#18,$,$,(#595),#610);
#614=IFCPROPERTYSINGLEVALUE('Base Constraint',$,IFCLABEL('Level 1'),$);
#615=IFCPROPERTYSINGLEVALUE('Base Offset',$,IFCLENGTHMEASURE(0.),$);
#616=IFCPROPERTYSINGLEVALUE('Top is Attached',$,IFCBOOLEAN(.T.),$);
#617=IFCPROPERTYSINGLEVALUE('Top Offset',$,IFCLENGTHMEASURE(1.1243),$);
#618=IFCPROPERTYSINGLEVALUE('Unconnected Height',$,IFCLENGTHMEASURE(5.8743),$);
#619=IFCPROPERTYSINGLEVALUE('Area',$,IFCAREAMEASURE(9.53410740241976),$);
#620=IFCPROPERTYSINGLEVALUE('Length',$,IFCLENGTHMEASURE(5.47999999999999),$);
#621=IFCPROPERTYSINGLEVALUE('Volume',$,IFCVOLUMEMEASURE(2.96507318438715),$);
#622=IFCPROPERTYSET('0$hoA1IeFw59Tt8X86qR_f',#18,'Other',$,(#125,#126,#127,#128,#129));
#623=IFCPROPERTYSET('2Oh8jv2uvW0XeishmnNTrX',#18,'Constraints',$,(#131,#132,#134,#135,#136,#138,#614,#615,#616,#617,#618));
#624=IFCPROPERTYSET('0ort5cm_7FLacI175ajy9M',#18,'Dimensions',$,(#619,#620,#621));
#625=IFCPROPERTYSET('3Im8ZXhRNElU7zw6TchhTH',#18,'Phasing',$,(#145));
#626=IFCPROPERTYSET('0w3orQaQ03ipWeh3$hcQF8',#18,'Structural',$,(#146,#147));
#627=IFCPROPERTYSET('2k$J3zAEHRh4cd0BsAwhhF',#18,'Cross-Section Definition',$,(#148));
#628=IFCCARTESIANPOINT((3.82266559565048,-1.21326736522062,-0.));
#629=IFCAXIS2PLACEMENT3D(#628,#9,#6);
#630=IFCLOCALPLACEMENT(#38,#629);
#631=IFCCARTESIANPOINTLIST3D(((-1.28992650552975E-16,0.,5.41433564649196E-16),(4.40000000000004,0.,5.41433564649196E-16)));
#632=IFCINDEXEDPOLYCURVE(#631,$,.F.);
#633=IFCSHAPEREPRESENTATION(#23,'Axis','Curve3D',(#632));
#665=IFCCARTESIANPOINTLIST2D(((4.40000000000004,0.16),(2.46106165749638E-17,0.16),(-2.46106165749634E-17,-0.16),(4.40000000000004,-0.16),(4.40000000000004,0.16)));
#666=IFCINDEXEDPOLYCURVE(#665,$,.F.);
#667=IFCARBITRARYCLOSEDPROFILEDEF(.AREA.,$,#666);
#668=IFCAXIS2PLACEMENT3D(#3,$,$);
#669=IFCEXTRUDEDAREASOLID(#667,#668,#9,2.7748233317124);
#670=IFCSTYLEDITEM(#669,(#77),$);
#671=IFCCOLOURRGBLIST(((0.968627450980392,0.909803921568627,0.835294117647059)));
#672=IFCINDEXEDPOLYGONALFACE((1,2,3,4,5));
#673=IFCINDEXEDPOLYGONALFACE((6,7,8,9,10,11,12,13,14));
#674=IFCINDEXEDPOLYGONALFACE((2,1,6,14,13,12));
#675=IFCINDEXEDPOLYGONALFACE((3,2,12,11));
#676=IFCINDEXEDPOLYGONALFACE((1,5,7,6));
#677=IFCINDEXEDPOLYGONALFACE((5,4,9,8,7));
#678=IFCINDEXEDPOLYGONALFACE((4,3,11,10,9));
#679=IFCCARTESIANPOINTLIST3D(((2.01213099146885E-15,-0.16,5.41433564649196E-16),(4.40000000000004,-0.16,5.41433564649196E-16),(4.40000000000004,-0.16,2.06),(2.20000000000001,-0.160000000000003,2.7748233317124),(2.01213099146885E-15,-0.16,2.06),(-1.04382033978012E-16,0.16,5.41433564649196E-16),(-1.04382033978012E-16,0.16,2.06),(0.32,0.16,2.16397430279453),(2.20000000000001,0.16,2.7748233317124),(4.08000000000004,0.16,2.16397430279453),(4.40000000000004,0.16,2.06),(4.40000000000004,0.16,5.41433564649196E-16),(4.08000000000004,0.16,5.41433564649196E-16),(0.32,0.16,5.41433564649196E-16)));
#680=IFCPOLYGONALFACESET(#679,.T.,(#672,#673,#674,#675,#676,#677,#678),$);
#681=IFCINDEXEDCOLOURMAP(#680,1.,#671,(1,1,1,1,1,1,1));
#682=IFCSTYLEDITEM(#680,(#77),$);
#683=IFCSHAPEREPRESENTATION(#24,'Body','Tessellation',(#680));
#684=IFCPRODUCTDEFINITIONSHAPE($,$,(#633,#683));
#685=IFCWALL('0F1wVIM5D9YesDC4xJzuir',#18,'Basic Wall:DoubleLeafMasonryStone:432217',$,'Basic Wall:DoubleLeafMasonryStone',#630,#684,'432217',.NOTDEFINED.);
#686=IFCQUANTITYLENGTH('Height',$,$,2.7748233317124,$);
#687=IFCQUANTITYLENGTH('Length',$,$,4.40000000000004,$);
#688=IFCQUANTITYLENGTH('Width',$,$,0.32,$);
#689=IFCQUANTITYAREA('GrossFootprintArea',$,$,1.40800000000001,$);
#690=IFCQUANTITYVOLUME('GrossVolume',$,$,3.40371562552556,$);
#691=IFCQUANTITYAREA('GrossSideArea',$,$,10.6366113297674,$);
#692=IFCQUANTITYAREA('NetSideArea',$,$,10.6366113297674,$);
#693=IFCQUANTITYVOLUME('NetVolume',$,$,3.40371562552557,$);
#694=IFCELEMENTQUANTITY('38_IjsBMoOL6f1KNuEDIbg',#18,'Qto_WallBaseQuantities',$,$,(#686,#687,#688,#689,#690,#691,#692,#693));
#695=IFCRELDEFINESBYPROPERTIES('31LklKq2BAF7_aCF$b2P23',#18,$,$,(#685),#694);
#696=IFCPROPERTYSET('3e_UYlp443PDOLXu_NnazJ',#18,'Pset_EnvironmentalImpactIndicators',$,(#114));
#697=IFCPROPERTYSINGLEVALUE('Reference',$,IFCLABEL('DoubleLeafMasonryStone'),$);
#698=IFCPROPERTYSET('0gwC9ngn8lk4GATsGaWkUD',#18,'Pset_ReinforcementBarPitchOfWall',$,(#697));
#699=IFCPROPERTYSET('0Yh7zNxUjOsSzQuvaYWcfq',#18,'Pset_WallCommon',$,(#114,#118,#119,#609));
#700=IFCRELDEFINESBYPROPERTIES('3D6hgNjvfhw$BCsb_EHq2n',#18,$,$,(#685),#696);
#701=IFCRELDEFINESBYPROPERTIES('2_FyNxeH$5IITmyFYwmh6P',#18,$,$,(#685),#698);
#702=IFCRELDEFINESBYPROPERTIES('3R3eCjdlEG75KLU6SxU$Ud',#18,$,$,(#685),#699);
#703=IFCPROPERTYSINGLEVALUE('Top Offset',$,IFCLENGTHMEASURE(1.1243),$);
#704=IFCPROPERTYSINGLEVALUE('Unconnected Height',$,IFCLENGTHMEASURE(2.67999999999999),$);
#705=IFCPROPERTYSINGLEVALUE('Area',$,IFCAREAMEASURE(10.6366113297674),$);
#706=IFCPROPERTYSINGLEVALUE('Length',$,IFCLENGTHMEASURE(4.08000000000004),$);
#707=IFCPROPERTYSINGLEVALUE('Volume',$,IFCVOLUMEMEASURE(3.40371562552557),$);
#708=IFCPROPERTYSET('1t_$YSFyEdKRRDJ3E0ZO0t',#18,'Other',$,(#125,#126,#127,#128,#129));
#709=IFCPROPERTYSET('2614sUUSuQjLn9L7NHxPDH',#18,'Constraints',$,(#131,#132,#134,#135,#136,#138,#614,#615,#616,#703,#704));
#710=IFCPROPERTYSET('0zOnk966tNMUes2fS2sIXx',#18,'Dimensions',$,(#705,#706,#707));
#711=IFCPROPERTYSET('3hoIlmegvkUBZDGmDmV4gq',#18,'Phasing',$,(#145));
#712=IFCPROPERTYSET('3ajL_szRzcSqRPzF9ye$Qe',#18,'Structural',$,(#146,#147));
#713=IFCPROPERTYSET('211WHPKcT5j4o8a40qJQcn',#18,'Cross-Section Definition',$,(#148));
#714=IFCCARTESIANPOINT((3.82266559565049,-6.69326736522061,-0.));
#715=IFCAXIS2PLACEMENT3D(#714,#9,#6);
#716=IFCLOCALPLACEMENT(#38,#715);
#717=IFCCARTESIANPOINTLIST3D(((-2.36176763262738E-17,0.,5.41433564649196E-16),(4.40000000000006,1.08286712929839E-15,5.41433564649196E-16)));
#718=IFCINDEXEDPOLYCURVE(#717,$,.F.);
#719=IFCSHAPEREPRESENTATION(#23,'Axis','Curve3D',(#718));
#751=IFCCARTESIANPOINTLIST2D(((4.40000000000006,0.160000000000001),(1.02157276348892E-17,0.16),(-1.02157276348892E-17,-0.16),(4.40000000000006,-0.16),(4.40000000000006,0.160000000000001)));
#752=IFCINDEXEDPOLYCURVE(#751,$,.F.);
#753=IFCARBITRARYCLOSEDPROFILEDEF(.AREA.,$,#752);
#754=IFCAXIS2PLACEMENT3D(#3,$,$);
#755=IFCEXTRUDEDAREASOLID(#753,#754,#9,2.7748233317124);
#756=IFCSTYLEDITEM(#755,(#77),$);
#757=IFCCOLOURRGBLIST(((0.968627450980392,0.909803921568627,0.835294117647059)));
#758=IFCINDEXEDPOLYGONALFACEWITHVOIDS((1,2,3,4,5,6,7,8,9),((10,11,12,13,14,15,16,17)));
#759=IFCINDEXEDPOLYGONALFACEWITHVOIDS((18,19,20,21,22),((23,24,25,26,27,28,29,30)));
#760=IFCINDEXEDPOLYGONALFACE((4,3,2,1,18,22));
#761=IFCINDEXEDPOLYGONALFACE((5,4,22,21));
#762=IFCINDEXEDPOLYGONALFACE((1,9,19,18));
#763=IFCINDEXEDPOLYGONALFACE((11,10,23,30));
#764=IFCINDEXEDPOLYGONALFACE((12,11,30,29));
#765=IFCINDEXEDPOLYGONALFACE((13,12,29,28));
#766=IFCINDEXEDPOLYGONALFACE((14,13,28,27));
#767=IFCINDEXEDPOLYGONALFACE((15,14,27,26));
#768=IFCINDEXEDPOLYGONALFACE((16,15,26,25));
#769=IFCINDEXEDPOLYGONALFACE((17,16,25,24));
#770=IFCINDEXEDPOLYGONALFACE((10,17,24,23));
#771=IFCINDEXEDPOLYGONALFACE((9,8,7,20,19));
#772=IFCINDEXEDPOLYGONALFACE((7,6,5,21,20));
#773=IFCCARTESIANPOINTLIST3D(((2.13190085463562E-15,-0.159999999999999,5.41433564649196E-16),(0.320000000000001,-0.159999999999999,5.41433564649196E-16),(4.08000000000006,-0.159999999999999,5.41433564649196E-16),(4.40000000000006,-0.159999999999999,5.41433564649196E-16),(4.40000000000006,-0.159999999999997,2.06),(4.08000000000006,-0.159999999999999,2.16397430279453),(2.20000000000002,-0.159999999999999,2.7748233317124),(0.320000000000001,-0.159999999999999,2.16397430279453),(1.04903372533722E-15,-0.159999999999999,2.06),(1.60000000000006,-0.159999999999998,0.329999999999978),(1.60000000000006,-0.159999999999998,1.52999999999998),(1.40000000000005,-0.159999999999998,1.52999999999998),(1.40000000000005,-0.159999999999998,1.64999999999997),(3.00000000000006,-0.16,1.64999999999997),(3.00000000000006,-0.16,1.52999999999998),(2.80000000000005,-0.16,1.52999999999998),(2.80000000000005,-0.16,0.329999999999978),(-1.34019486913876E-17,0.160000000000002,5.41433564649196E-16),(-1.34019486913876E-17,0.160000000000002,2.06),(2.20000000000002,0.160000000000003,2.7748233317124),(4.40000000000006,0.160000000000002,2.06),(4.40000000000006,0.160000000000002,5.41433564649196E-16),(1.60000000000006,0.16,0.329999999999978),(2.80000000000005,0.16,0.329999999999978),(2.80000000000005,0.16,1.52999999999998),(3.00000000000006,0.16,1.52999999999998),(3.00000000000006,0.16,1.64999999999997),(1.40000000000005,0.16,1.64999999999997),(1.40000000000005,0.16,1.52999999999998),(1.60000000000006,0.16,1.52999999999998)));
#774=IFCPOLYGONALFACESET(#773,.T.,(#758,#759,#760,#761,#762,#763,#764,#765,#766,#767,#768,#769,#770,#771,#772),$);
#775=IFCINDEXEDCOLOURMAP(#774,1.,#757,(1,1,1,1,1,1,1,1,1,1,1,1,1,1,1));
#776=IFCSTYLEDITEM(#774,(#77),$);
#777=IFCSHAPEREPRESENTATION(#24,'Body','Tessellation',(#774));
#778=IFCPRODUCTDEFINITIONSHAPE($,$,(#719,#777));
#779=IFCWALL('0F1wVIM5D9YesDC4xJzuhx',#18,'Basic Wall:DoubleLeafMasonryStone:432535',$,'Basic Wall:DoubleLeafMasonryStone',#716,#778,'432535',.NOTDEFINED.);
#780=IFCQUANTITYLENGTH('Height',$,$,2.7748233317124,$);
#781=IFCQUANTITYLENGTH('Length',$,$,4.40000000000006,$);
#782=IFCQUANTITYLENGTH('Width',$,$,0.32,$);
#783=IFCQUANTITYAREA('GrossFootprintArea',$,$,1.40800000000002,$);
#784=IFCQUANTITYVOLUME('GrossVolume',$,$,3.40371562552557,$);
#785=IFCQUANTITYAREA('GrossSideArea',$,$,10.6366113297674,$);
#786=IFCQUANTITYAREA('NetSideArea',$,$,9.00461132976742,$);
#787=IFCQUANTITYVOLUME('NetVolume',$,$,2.88147562552559,$);
#788=IFCELEMENTQUANTITY('2IdUzkK8nN0Dtoao57pJCZ',#18,'Qto_WallBaseQuantities',$,$,(#780,#781,#782,#783,#784,#785,#786,#787));
#789=IFCRELDEFINESBYPROPERTIES('0mMN0Q4KmdnHaWXu6BxM2A',#18,$,$,(#779),#788);
#790=IFCPROPERTYSET('1OawzfOUmW0Eimnx$9b1$u',#18,'Pset_EnvironmentalImpactIndicators',$,(#114));
#791=IFCPROPERTYSINGLEVALUE('Reference',$,IFCLABEL('DoubleLeafMasonryStone'),$);
#792=IFCPROPERTYSET('28lDK6gnx92TwgXGJOHs2l',#18,'Pset_ReinforcementBarPitchOfWall',$,(#791));
#793=IFCPROPERTYSET('0PtUVo5uPuesVBH3R$weD6',#18,'Pset_WallCommon',$,(#114,#118,#119,#609));
#794=IFCRELDEFINESBYPROPERTIES('3yTIZM17wVJK2tVL4fgpX4',#18,$,$,(#779),#790);
#795=IFCRELDEFINESBYPROPERTIES('1GZyIt3d4mUDUS9jIhQrZp',#18,$,$,(#779),#792);
#796=IFCRELDEFINESBYPROPERTIES('15kRoVuMWJDxJLi7VEUdU5',#18,$,$,(#779),#793);
#797=IFCPROPERTYSINGLEVALUE('Top Offset',$,IFCLENGTHMEASURE(1.1243),$);
#798=IFCPROPERTYSINGLEVALUE('Unconnected Height',$,IFCLENGTHMEASURE(2.67999999999999),$);
#799=IFCPROPERTYSINGLEVALUE('Area',$,IFCAREAMEASURE(9.00461132976742),$);
#800=IFCPROPERTYSINGLEVALUE('Length',$,IFCLENGTHMEASURE(4.08000000000006),$);
#801=IFCPROPERTYSINGLEVALUE('Volume',$,IFCVOLUMEMEASURE(2.88147562552559),$);
#802=IFCPROPERTYSET('2HnSetBELY4HLGRgk$3CER',#18,'Other',$,(#125,#126,#127,#128,#129));
#803=IFCPROPERTYSET('1TeYL6Hj7cytLihYKE4$ti',#18,'Constraints',$,(#131,#132,#134,#135,#136,#138,#614,#615,#616,#797,#798));
#804=IFCPROPERTYSET('3oJi6GqDIKyj74nkM1ooLU',#18,'Dimensions',$,(#799,#800,#801));
#805=IFCPROPERTYSET('3ylnTGtqr5Xky2jnx2YLvh',#18,'Phasing',$,(#145));
#806=IFCPROPERTYSET('2ZJWg9QUbQKVHk46La2dsy',#18,'Structural',$,(#146,#147));
#807=IFCPROPERTYSET('32EJpThv0XpgF7Ca0BIWHd',#18,'Cross-Section Definition',$,(#148));
#808=IFCCARTESIANPOINT((3.66266559565048,-1.37326736522061,0.));
#809=IFCAXIS2PLACEMENT3D(#808,#9,#8);
#810=IFCLOCALPLACEMENT(#38,#809);
#811=IFCCARTESIANPOINTLIST3D(((0.,-3.97131621442203E-17,-5.41433564649196E-16),(5.15999999999999,-2.05094664143273E-16,-5.41433564649196E-16)));
#812=IFCINDEXEDPOLYCURVE(#811,$,.F.);
#813=IFCSHAPEREPRESENTATION(#23,'Axis','Curve3D',(#812));
#831=IFCCARTESIANPOINTLIST2D(((1.37591087823656E-17,-0.16),(5.15999999999999,-0.16),(5.15999999999999,0.16),(1.61054158516524E-15,0.160000000000009),(1.37591087823656E-17,-0.16)));
#832=IFCINDEXEDPOLYCURVE(#831,$,.F.);
#833=IFCARBITRARYCLOSEDPROFILEDEF(.AREA.,$,#832);
#834=IFCAXIS2PLACEMENT3D(#3,$,$);
#835=IFCEXTRUDEDAREASOLID(#833,#834,#9,2.16397430279453);
#836=IFCSTYLEDITEM(#835,(#77),$);
#837=IFCCOLOURRGBLIST(((0.968627450980392,0.909803921568627,0.835294117647059)));
#838=IFCINDEXEDPOLYGONALFACE((1,2,3,4,5,6,7,8,9,10,11,12,13,14,15,16,17,18,19,20));
#839=IFCINDEXEDPOLYGONALFACE((21,22,23,24,25,26,27,28,29,30,31,32,33,34,35,36,37,38,39,40));
#840=IFCINDEXEDPOLYGONALFACE((2,21,40,3));
#841=IFCINDEXEDPOLYGONALFACE((2,1,22,21));
#842=IFCINDEXEDPOLYGONALFACE((20,19,24,23));
#843=IFCINDEXEDPOLYGONALFACE((39,4,3,40));
#844=IFCINDEXEDPOLYGONALFACE((4,39,38,5));
#845=IFCINDEXEDPOLYGONALFACE((5,38,37,6));
#846=IFCINDEXEDPOLYGONALFACE((6,37,36,7));
#847=IFCINDEXEDPOLYGONALFACE((7,36,35,8));
#848=IFCINDEXEDPOLYGONALFACE((8,35,34,9));
#849=IFCINDEXEDPOLYGONALFACE((9,34,33,10));
#850=IFCINDEXEDPOLYGONALFACE((31,12,11,32));
#851=IFCINDEXEDPOLYGONALFACE((12,31,30,13));
#852=IFCINDEXEDPOLYGONALFACE((13,30,29,14));
#853=IFCINDEXEDPOLYGONALFACE((14,29,28,15));
#854=IFCINDEXEDPOLYGONALFACE((15,28,27,16));
#855=IFCINDEXEDPOLYGONALFACE((16,27,26,17));
#856=IFCINDEXEDPOLYGONALFACE((17,26,25,18));
#857=IFCINDEXEDPOLYGONALFACE((1,20,23,22));
#858=IFCINDEXEDPOLYGONALFACE((32,11,10,33));
#859=IFCINDEXEDPOLYGONALFACE((24,19,18,25));
#860=IFCCARTESIANPOINTLIST3D(((0.,-0.16,2.16397430279453),(0.,-0.16,-5.41433564649196E-16),(0.72999999999998,-0.16,-5.41433564649196E-16),(0.72999999999998,-0.16,1.79999999999805),(0.529999999999978,-0.16,1.79999999999806),(0.529999999999978,-0.16,1.91999999999804),(2.12999999999998,-0.16,1.91999999999804),(2.12999999999998,-0.16,1.79999999999805),(1.92999999999998,-0.160000000000001,1.79999999999805),(1.92999999999998,-0.160000000000001,-5.41433564649196E-16),(3.22999999999998,-0.16,-5.41433564649196E-16),(3.22999999999998,-0.16,1.79999999999805),(3.02999999999998,-0.159999999999999,1.79999999999806),(3.02999999999998,-0.159999999999999,1.91999999999804),(4.62999999999998,-0.160000000000001,1.91999999999804),(4.62999999999998,-0.160000000000001,1.79999999999805),(4.42999999999998,-0.160000000000001,1.79999999999805),(4.42999999999998,-0.160000000000001,-5.41433564649196E-16),(5.15999999999999,-0.16,-5.41433564649196E-16),(5.15999999999999,-0.16,2.16397430279453),(1.62430069394759E-15,0.16,-5.41433564649196E-16),(1.62430069394759E-15,0.160000000000003,2.06),(5.15999999999999,0.159999999999999,2.06),(5.15999999999999,0.159999999999999,-5.41433564649196E-16),(4.42999999999998,0.16,-5.41433564649196E-16),(4.42999999999998,0.16,1.79999999999805),(4.62999999999998,0.159999999999999,1.79999999999805),(4.62999999999998,0.159999999999999,1.91999999999804),(3.02999999999998,0.16,1.91999999999804),(3.02999999999998,0.16,1.79999999999806),(3.22999999999999,0.16,1.79999999999805),(3.22999999999999,0.16,-5.41433564649196E-16),(1.92999999999998,0.159999999999999,-5.41433564649196E-16),(1.92999999999998,0.159999999999999,1.79999999999805),(2.12999999999998,0.16,1.79999999999805),(2.12999999999998,0.16,1.91999999999804),(0.529999999999979,0.16,1.91999999999804),(0.529999999999979,0.16,1.79999999999806),(0.729999999999981,0.16,1.79999999999805),(0.729999999999981,0.159999999999999,-5.41433564649196E-16)));
#861=IFCPOLYGONALFACESET(#860,.T.,(#838,#839,#840,#841,#842,#843,#844,#845,#846,#847,#848,#849,#850,#851,#852,#853,#854,#855,#856,#857,#858,#859),$);
#862=IFCINDEXEDCOLOURMAP(#861,1.,#837,(1,1,1,1,1,1,1,1,1,1,1,1,1,1,1,1,1,1,1,1,1,1));
#863=IFCSTYLEDITEM(#861,(#77),$);
#864=IFCSHAPEREPRESENTATION(#24,'Body','Tessellation',(#861));
#865=IFCPRODUCTDEFINITIONSHAPE($,$,(#813,#864));
#866=IFCWALL('0j7M6tXeD0HQztE_Ti0qwX',#18,'Basic Wall:DoubleLeafMasonryStone:432933',$,'Basic Wall:DoubleLeafMasonryStone',#810,#865,'432933',.NOTDEFINED.);
#867=IFCQUANTITYLENGTH('Height',$,$,2.16397430279453,$);
#868=IFCQUANTITYLENGTH('Length',$,$,5.15999999999999,$);
#869=IFCQUANTITYLENGTH('Width',$,$,0.32,$);
#870=IFCQUANTITYAREA('GrossFootprintArea',$,$,1.6512,$);
#871=IFCQUANTITYVOLUME('GrossVolume',$,$,2.06787436877583,$);
#872=IFCQUANTITYAREA('GrossSideArea',$,$,6.46210740242448,$);
#873=IFCQUANTITYAREA('NetSideArea',$,$,6.46210740242448,$);
#874=IFCQUANTITYVOLUME('NetVolume',$,$,1.98203318438868,$);
#875=IFCELEMENTQUANTITY('21eZHrT6VBYXaEmky$L1VD',#18,'Qto_WallBaseQuantities',$,$,(#867,#868,#869,#870,#871,#872,#873,#874));
#876=IFCRELDEFINESBYPROPERTIES('2J6MNRR9ZtV__hCJQyCvwL',#18,$,$,(#866),#875);
#877=IFCPROPERTYSET('0kAGgIFfMbwRXuIUk6HROV',#18,'Pset_EnvironmentalImpactIndicators',$,(#114));
#878=IFCPROPERTYSINGLEVALUE('Reference',$,IFCLABEL('DoubleLeafMasonryStone'),$);
#879=IFCPROPERTYSET('0hJ9LASJywxB9ZyijrUzK7',#18,'Pset_ReinforcementBarPitchOfWall',$,(#878));
#880=IFCPROPERTYSET('0DJuZRFkmwHiVR7yHkIrsJ',#18,'Pset_WallCommon',$,(#114,#118,#119,#609));
#881=IFCRELDEFINESBYPROPERTIES('145KOL7B3yiGb83zZVfCdJ',#18,$,$,(#866),#877);
#882=IFCRELDEFINESBYPROPERTIES('2ECmRqV2NAFRocWbYAkh$5',#18,$,$,(#866),#879);
#883=IFCRELDEFINESBYPROPERTIES('37BgSwSqYOu8W3dS_q2MpM',#18,$,$,(#866),#880);
#884=IFCPROPERTYSINGLEVALUE('Top Offset',$,IFCLENGTHMEASURE(1.1243),$);
#885=IFCPROPERTYSINGLEVALUE('Unconnected Height',$,IFCLENGTHMEASURE(5.8743),$);
#886=IFCPROPERTYSINGLEVALUE('Area',$,IFCAREAMEASURE(6.46210740242448),$);
#887=IFCPROPERTYSINGLEVALUE('Length',$,IFCLENGTHMEASURE(5.47999999999999),$);
#888=IFCPROPERTYSINGLEVALUE('Volume',$,IFCVOLUMEMEASURE(1.98203318438868),$);
#889=IFCPROPERTYSET('3iG39l42bYksSfksWAkCdt',#18,'Other',$,(#125,#126,#127,#128,#129));
#890=IFCPROPERTYSET('19RIQjrBn83rRk6qmnVA7h',#18,'Constraints',$,(#131,#132,#134,#135,#136,#138,#614,#615,#616,#884,#885));
#891=IFCPROPERTYSET('0Qi3l8vs_aYgHmL01ZWvEZ',#18,'Dimensions',$,(#886,#887,#888));
#892=IFCPROPERTYSET('0yh1S8ZLa9TgGc$K3ZH39W',#18,'Phasing',$,(#145));
#893=IFCPROPERTYSET('3hqjG7Ch0Z1SKCqxviUAIw',#18,'Structural',$,(#146,#147));
#894=IFCPROPERTYSET('0GfwW4N8IN4j_BmzRoGetm',#18,'Cross-Section Definition',$,(#148));
#895=IFCMAPPEDITEM(#427,#431);
#896=IFCSHAPEREPRESENTATION(#24,'Body','MappedRepresentation',(#895));
#897=IFCPRODUCTDEFINITIONSHAPE($,$,(#896));
#898=IFCCARTESIANPOINT((-0.257334404349566,-6.0032673652206,0.819999999999992));
#899=IFCAXIS2PLACEMENT3D(#898,#9,#7);
#901=IFCWINDOW('2CQR7s6kXDkRUZvdO7q$7D',#18,'empty window2:StoneWindows:433075',$,'empty window2:StoneWindows',#2286,#897,'433075',1.32,1.6,.WINDOW.,.NOTDEFINED.,$);
#902=IFCPROPERTYSET('2i1iYLN$mB$DTv9latoZHy',#18,'Pset_EnvironmentalImpactIndicators',$,(#439));
#903=IFCPROPERTYSET('0V7WHHgFrjDIrnEJVlIRi2',#18,'Pset_WindowCommon',$,(#118,#439));
#904=IFCRELDEFINESBYPROPERTIES('1IQWrn9MvtqKOO39WI4s$$',#18,$,$,(#901),#902);
#905=IFCRELDEFINESBYPROPERTIES('3Sg_GN8csFgiFQVlhVq8Aa',#18,$,$,(#901),#903);
#906=IFCQUANTITYLENGTH('Width','',$,1.2,$);
#907=IFCQUANTITYLENGTH('Height','',$,1.2,$);
#908=IFCQUANTITYLENGTH('Perimeter','',$,3.43999999999998,$);
#909=IFCQUANTITYAREA('Area','',$,1.44,$);
#910=IFCELEMENTQUANTITY('0ikXny4arv8pBslP7Qc5KQ',#18,'Qto_WindowBaseQuantities',$,$,(#906,#907,#908,#909));
#911=IFCRELDEFINESBYPROPERTIES('3_90Me5KbK_n$TLBE90tbC',#18,$,$,(#901),#910);
#912=IFCPROPERTYSINGLEVALUE('Default Sill Height',$,IFCLENGTHMEASURE(0.799999999999999),$);
#913=IFCPROPERTYSINGLEVALUE('Head Height',$,IFCLENGTHMEASURE(2.01999999999999),$);
#914=IFCPROPERTYSINGLEVALUE('Host Id',$,IFCLABEL('431238'),$);
#915=IFCPROPERTYSINGLEVALUE('Sill Height',$,IFCLENGTHMEASURE(0.819999999999992),$);
#916=IFCPROPERTYSINGLEVALUE('Area',$,IFCAREAMEASURE(0.742400000001661),$);
#917=IFCPROPERTYSINGLEVALUE('Height',$,IFCLENGTHMEASURE(1.2),$);
#918=IFCPROPERTYSINGLEVALUE('Volume',$,IFCVOLUMEMEASURE(0.0614400000001817),$);
#919=IFCPROPERTYSINGLEVALUE('Width',$,IFCLENGTHMEASURE(1.2),$);
#920=IFCPROPERTYSINGLEVALUE('Mark',$,IFCTEXT('6'),$);
#921=IFCPROPERTYSET('3$CjsbyL$UUz3wWD$on7Eq',#18,'Other',$,(#450,#452,#453,#456,#457,#912,#913,#914));
#922=IFCPROPERTYSET('3X5Q$R4fPnKdkCtWsMUGKo',#18,'Constraints',$,(#458,#915));
#923=IFCPROPERTYSET('1Z4bQdQHHmXqeXq_u6nB3Y',#18,'Dimensions',$,(#916,#917,#918,#919));
#924=IFCPROPERTYSET('1JQE59BgoUY8vHSk82N9DK',#18,'Identity Data',$,(#920));
#925=IFCPROPERTYSET('0lVs5YGtq95IyGQKPkWwYD',#18,'Phasing',$,(#145));
#926=IFCMAPPEDITEM(#427,#431);
#927=IFCSHAPEREPRESENTATION(#24,'Body','MappedRepresentation',(#926));
#928=IFCPRODUCTDEFINITIONSHAPE($,$,(#927));
#929=IFCCARTESIANPOINT((-0.257334404349566,-6.0032673652206,0.329999999999996));
#930=IFCAXIS2PLACEMENT3D(#929,#9,#7);
#932=IFCWINDOW('2CQR7s6kXDkRUZvdO7qyjU',#18,'empty window2:StoneWindows:434464',$,'empty window2:StoneWindows',#2305,#928,'434464',1.32,1.6,.WINDOW.,.NOTDEFINED.,$);
#933=IFCPROPERTYSET('0TGgGhlgKAnynBAu2zW1GJ',#18,'Pset_EnvironmentalImpactIndicators',$,(#439));
#934=IFCPROPERTYSET('3y$jrG1IqV9NMF_pp3tzmU',#18,'Pset_WindowCommon',$,(#118,#439));
#935=IFCRELDEFINESBYPROPERTIES('213VZTx_Nnapvf2RxAF$b5',#18,$,$,(#932),#933);
#936=IFCRELDEFINESBYPROPERTIES('3tjwvqH5hA$pi5auKLbm2r',#18,$,$,(#932),#934);
#937=IFCQUANTITYLENGTH('Width','',$,1.2,$);
#938=IFCQUANTITYLENGTH('Height','',$,1.2,$);
#939=IFCQUANTITYLENGTH('Perimeter','',$,3.43999999999998,$);
#940=IFCQUANTITYAREA('Area','',$,1.44,$);
#941=IFCELEMENTQUANTITY('0Zzz8FrocCOWz6EbUDs1Bu',#18,'Qto_WindowBaseQuantities',$,$,(#937,#938,#939,#940));
#942=IFCRELDEFINESBYPROPERTIES('24$LfC4ey4Ipz$2oJ1C$nU',#18,$,$,(#932),#941);
#943=IFCPROPERTYSINGLEVALUE('Default Sill Height',$,IFCLENGTHMEASURE(0.799999999999999),$);
#944=IFCPROPERTYSINGLEVALUE('Head Height',$,IFCLENGTHMEASURE(1.53),$);
#945=IFCPROPERTYSINGLEVALUE('Host Id',$,IFCLABEL('431504'),$);
#946=IFCPROPERTYSINGLEVALUE('Level',$,IFCLABEL('Level 1'),$);
#947=IFCPROPERTYSINGLEVALUE('Sill Height',$,IFCLENGTHMEASURE(0.329999999999996),$);
#948=IFCPROPERTYSINGLEVALUE('Area',$,IFCAREAMEASURE(0.742400000001661),$);
#949=IFCPROPERTYSINGLEVALUE('Height',$,IFCLENGTHMEASURE(1.2),$);
#950=IFCPROPERTYSINGLEVALUE('Volume',$,IFCVOLUMEMEASURE(0.0614400000001817),$);
#951=IFCPROPERTYSINGLEVALUE('Width',$,IFCLENGTHMEASURE(1.2),$);
#952=IFCPROPERTYSINGLEVALUE('Mark',$,IFCTEXT('7'),$);
#953=IFCPROPERTYSET('1nk0xCQHygCOwU7lxAb7zm',#18,'Other',$,(#450,#452,#453,#456,#457,#943,#944,#945));
#954=IFCPROPERTYSET('0$g8kb9nzyRNpXvQPUymXI',#18,'Constraints',$,(#946,#947));
#955=IFCPROPERTYSET('3FcIV_v7NsHjTAwOhBFswS',#18,'Dimensions',$,(#948,#949,#950,#951));
#956=IFCPROPERTYSET('32iDo5BO9Bi7qROncAUbYO',#18,'Identity Data',$,(#952));
#957=IFCPROPERTYSET('0ucNVzfm_hwzyhO0c9u3Gs',#18,'Phasing',$,(#145));
#958=IFCCARTESIANPOINTLIST2D(((-0.16,-0.799999999999999),(0.16,-0.799999999999999),(0.16,0.799999999999999),(-0.16,0.799999999999999),(-0.16,-0.799999999999999)));
#959=IFCINDEXEDPOLYCURVE(#958,$,.F.);
#960=IFCARBITRARYCLOSEDPROFILEDEF(.AREA.,'StoneDoor',#959);
#961=IFCCARTESIANPOINT((0.8,0.16,1.79999999999805));
#962=IFCAXIS2PLACEMENT3D(#961,#9,#7);
#963=IFCEXTRUDEDAREASOLID(#960,#962,#9,0.119999999999985);
#964=IFCCOLOURRGB($,0.501960784313725,0.250980392156863,0.);
#965=IFCSURFACESTYLERENDERING(#964,0.,$,$,$,$,IFCNORMALISEDRATIOMEASURE(0.5),IFCSPECULAREXPONENT(64.),.NOTDEFINED.);
#966=IFCSURFACESTYLE('StructuralTimber',.BOTH.,(#965));
#967=IFCSTYLEDITEM(#963,(#966),$);
#968=IFCSHAPEREPRESENTATION(#24,'Body','SweptSolid',(#963));
#969=IFCAXIS2PLACEMENT3D(#3,$,$);
#970=IFCREPRESENTATIONMAP(#969,#968);
#971=IFCDOORLININGPROPERTIES('1skMY9DqH77uHsg4Tp933C',#18,'empty door2:StoneDoor:434515',$,$,$,$,$,$,$,$,$,$,$,$,$,$);
#972=IFCDOORPANELPROPERTIES('1skMY9DqH77uHsg4Hp933C',#18,'empty door2:StoneDoor:434515:1',$,$,.NOTDEFINED.,$,.NOTDEFINED.,$);
#973=IFCDOORTYPE('33Y8so6cC6GCl8zv0JsWBK',#18,'empty door2:StoneDoor',$,$,(#971,#972,#1022,#1023,#1024,#1025),(#970),'440030',$,.DOOR.,.NOTDEFINED.,$,$);
#974=IFCMATERIAL('Timber',$,$);
#975=IFCMAPPEDITEM(#970,#431);
#976=IFCSHAPEREPRESENTATION(#24,'Body','MappedRepresentation',(#975));
#977=IFCPRODUCTDEFINITIONSHAPE($,$,(#976));
#978=IFCCARTESIANPOINT((3.82266559565043,-6.0032673652206,0.));
#979=IFCAXIS2PLACEMENT3D(#978,#9,#7);
#981=IFCDOOR('1skMY9DqH77uHsg4Pp933C',#18,'empty door2:StoneDoor:434515',$,'empty door2:StoneDoor',#2248,#977,'434515',1.91999999999803,1.6,.DOOR.,.NOTDEFINED.,$);
#982=IFCPROPERTYSINGLEVALUE('Reference',$,IFCIDENTIFIER('StoneDoor'),$);
#983=IFCPROPERTYSINGLEVALUE('IsExternal',$,IFCBOOLEAN(.F.),$);
#984=IFCPROPERTYSET('2x97XCgMSHx7Y$l7e57b1x',#18,'Pset_DoorCommon',$,(#982,#983));
#985=IFCPROPERTYSET('3GKMBlJ65wR5$CMzdJjdK6',#18,'Pset_EnvironmentalImpactIndicators',$,(#982));
#986=IFCRELDEFINESBYPROPERTIES('1$dam0b3KToj8T8xWtX9EF',#18,$,$,(#981),#984);
#987=IFCRELDEFINESBYPROPERTIES('14ldcpB0vPBseFYM2F7RM1',#18,$,$,(#981),#985);
#988=IFCQUANTITYLENGTH('Width','',$,1.2,$);
#989=IFCQUANTITYLENGTH('Height','',$,1.8,$);
#990=IFCQUANTITYLENGTH('Perimeter','',$,3.84,$);
#991=IFCQUANTITYAREA('Area','',$,2.16,$);
#992=IFCELEMENTQUANTITY('3jiaBqNzwFN$dF0H3fjsFe',#18,'Qto_DoorBaseQuantities',$,$,(#988,#989,#990,#991));
#993=IFCRELDEFINESBYPROPERTIES('1vmRn5lnBwRBpMSKJarV4l',#18,$,$,(#981),#992);
#994=IFCPROPERTYSINGLEVALUE('Category',$,IFCLABEL('Doors'),$);
#995=IFCPROPERTYSINGLEVALUE('Family',$,IFCLABEL('empty door2'),$);
#996=IFCPROPERTYSINGLEVALUE('Family and Type',$,IFCLABEL('empty door2: StoneDoor'),$);
#997=IFCPROPERTYSINGLEVALUE('Head Height',$,IFCLENGTHMEASURE(1.8),$);
#998=IFCPROPERTYSINGLEVALUE('Host Id',$,IFCLABEL('427979'),$);
#999=IFCPROPERTYSINGLEVALUE('Type',$,IFCLABEL('StoneDoor'),$);
#1000=IFCPROPERTYSINGLEVALUE('Type Id',$,IFCLABEL('440030'),$);
#1001=IFCPROPERTYSINGLEVALUE('Sill Height',$,IFCLENGTHMEASURE(0.),$);
#1002=IFCPROPERTYSINGLEVALUE('Area',$,IFCAREAMEASURE(0.742399999999971),$);
#1003=IFCPROPERTYSINGLEVALUE('Height',$,IFCLENGTHMEASURE(1.8),$);
#1004=IFCPROPERTYSINGLEVALUE('Volume',$,IFCVOLUMEMEASURE(0.0614399999999923),$);
#1005=IFCPROPERTYSINGLEVALUE('Width',$,IFCLENGTHMEASURE(1.2),$);
#1006=IFCPROPERTYSINGLEVALUE('Mark',$,IFCTEXT('8'),$);
#1007=IFCPROPERTYSINGLEVALUE('Family Name',$,IFCTEXT('empty door2'),$);
#1008=IFCPROPERTYSINGLEVALUE('Frame Projection Ext.',$,IFCLENGTHMEASURE(0.025),$);
#1009=IFCPROPERTYSINGLEVALUE('Frame Projection Int.',$,IFCLENGTHMEASURE(0.025),$);
#1010=IFCPROPERTYSINGLEVALUE('Frame Width',$,IFCLENGTHMEASURE(0.075),$);
#1011=IFCPROPERTYSINGLEVALUE('Function',$,IFCIDENTIFIER('Interior'),$);
#1012=IFCPROPERTYSINGLEVALUE('OmniClass Number',$,IFCTEXT('23.30.10.00'),$);
#1013=IFCPROPERTYSINGLEVALUE('OmniClass Title',$,IFCTEXT('Doors'),$);
#1014=IFCPROPERTYSINGLEVALUE('Type Mark',$,IFCTEXT('32'),$);
#1015=IFCPROPERTYSINGLEVALUE('Type Name',$,IFCTEXT('StoneDoor'),$);
#1016=IFCPROPERTYSINGLEVALUE('Analytic Construction',$,IFCTEXT('<None>'),$);
#1017=IFCPROPERTYSET('0jn6gA5fSnW0ei6_2jNppx',#18,'Other',$,(#994,#995,#996,#997,#998,#999,#1000));
#1018=IFCPROPERTYSET('0X8miCbKBe489uARWXaahR',#18,'Constraints',$,(#458,#1001));
#1019=IFCPROPERTYSET('3u1jCfT$eZlW8VgLNpwfzP',#18,'Dimensions',$,(#1002,#1003,#1004,#1005));
#1020=IFCPROPERTYSET('1MGCancmroApAhMnBi6roG',#18,'Identity Data',$,(#1006));
#1021=IFCPROPERTYSET('3HnakxNfR8dx92xLA7eGd8',#18,'Phasing',$,(#145));
#1022=IFCPROPERTYSET('0qmFD3NHwqmsJCpaiWgGZ_',#18,'Other',$,(#994,#1007,#1008,#1009,#1010));
#1023=IFCPROPERTYSET('3ea_J$VSX8IJf0uTlo$o_d',#18,'Construction',$,(#466,#1011));
#1024=IFCPROPERTYSET('24mMun3B0b8bkXpykHY1mm',#18,'Identity Data',$,(#1012,#1013,#1014,#1015));
#1025=IFCPROPERTYSET('3nbhDUb8EgqAnZVeh0MEHn',#18,'Analytical Properties',$,(#472,#1016));
#1026=IFCMAPPEDITEM(#970,#431);
#1027=IFCSHAPEREPRESENTATION(#24,'Body','MappedRepresentation',(#1026));
#1028=IFCPRODUCTDEFINITIONSHAPE($,$,(#1027));
#1029=IFCCARTESIANPOINT((3.82266559565044,-3.50326736522059,-0.));
#1030=IFCAXIS2PLACEMENT3D(#1029,#9,#7);
#1032=IFCDOOR('1skMY9DqH77uHsg4Pp938M',#18,'empty door2:StoneDoor:435081',$,'empty door2:StoneDoor',#2267,#1028,'435081',1.91999999999803,1.6,.DOOR.,.NOTDEFINED.,$);
#1033=IFCPROPERTYSET('0coct_NILKJC3TDgwRezO4',#18,'Pset_DoorCommon',$,(#982,#983));
#1034=IFCPROPERTYSET('0PGriVgug_NSTLm4U27pjv',#18,'Pset_EnvironmentalImpactIndicators',$,(#982));
#1035=IFCRELDEFINESBYPROPERTIES('1ust8Ed$g98EIa$mYuUXVK',#18,$,$,(#1032),#1033);
#1036=IFCRELDEFINESBYPROPERTIES('0Ji6oMBLEKdjXuDElGEX6w',#18,$,$,(#1032),#1034);
#1037=IFCQUANTITYLENGTH('Width','',$,1.2,$);
#1038=IFCQUANTITYLENGTH('Height','',$,1.8,$);
#1039=IFCQUANTITYLENGTH('Perimeter','',$,3.84,$);
#1040=IFCQUANTITYAREA('Area','',$,2.16,$);
#1041=IFCELEMENTQUANTITY('2NPabo$6eJMUN7oUTneonz',#18,'Qto_DoorBaseQuantities',$,$,(#1037,#1038,#1039,#1040));
#1042=IFCRELDEFINESBYPROPERTIES('10eQjHYpztUU3L0$Vn5Z$O',#18,$,$,(#1032),#1041);
#1043=IFCPROPERTYSINGLEVALUE('Head Height',$,IFCLENGTHMEASURE(1.8),$);
#1044=IFCPROPERTYSINGLEVALUE('Area',$,IFCAREAMEASURE(0.742399999999971),$);
#1045=IFCPROPERTYSINGLEVALUE('Height',$,IFCLENGTHMEASURE(1.8),$);
#1046=IFCPROPERTYSINGLEVALUE('Volume',$,IFCVOLUMEMEASURE(0.0614399999999923),$);
#1047=IFCPROPERTYSINGLEVALUE('Width',$,IFCLENGTHMEASURE(1.2),$);
#1048=IFCPROPERTYSINGLEVALUE('Mark',$,IFCTEXT('9'),$);
#1049=IFCPROPERTYSET('34Xm2mqXmiOaiGI9b_pAiX',#18,'Other',$,(#994,#995,#996,#998,#999,#1000,#1043));
#1050=IFCPROPERTYSET('1XHkH40yzNi0ObuSfNHiM3',#18,'Constraints',$,(#458,#1001));
#1051=IFCPROPERTYSET('0V6wt7nUiVnNREoM6fd54v',#18,'Dimensions',$,(#1044,#1045,#1046,#1047));
#1052=IFCPROPERTYSET('2n9EBgb4YqRy3w9AtqozPu',#18,'Identity Data',$,(#1048));
#1053=IFCPROPERTYSET('1mdYZ81nQsbbudQkGOnrSr',#18,'Phasing',$,(#145));
#1054=IFCMAPPEDITEM(#970,#431);
#1055=IFCSHAPEREPRESENTATION(#24,'Body','MappedRepresentation',(#1054));
#1056=IFCPRODUCTDEFINITIONSHAPE($,$,(#1055));
#1057=IFCCARTESIANPOINT((3.82266559565043,-6.0032673652206,0.));
#1058=IFCAXIS2PLACEMENT3D(#1057,#9,#7);
#1060=IFCDOOR('014vlVn_DEfhP0eW5kjLgv',#18,'empty door2:StoneDoor:435209',$,'empty door2:StoneDoor',#2343,#1056,'435209',1.91999999999803,1.6,.DOOR.,.NOTDEFINED.,$);
#1061=IFCPROPERTYSET('1rUuoAwOUIDvG24TmroO7x',#18,'Pset_DoorCommon',$,(#982,#983));
#1062=IFCPROPERTYSET('0KwY5ZeMk5qrDp1xGdBonn',#18,'Pset_EnvironmentalImpactIndicators',$,(#982));
#1063=IFCRELDEFINESBYPROPERTIES('33_dMllt_aLghNRiHhMFJJ',#18,$,$,(#1060),#1061);
#1064=IFCRELDEFINESBYPROPERTIES('20bGm5UNMjrEUr_2nPgFKY',#18,$,$,(#1060),#1062);
#1065=IFCQUANTITYLENGTH('Width','',$,1.2,$);
#1066=IFCQUANTITYLENGTH('Height','',$,1.8,$);
#1067=IFCQUANTITYLENGTH('Perimeter','',$,3.84,$);
#1068=IFCQUANTITYAREA('Area','',$,2.16,$);
#1069=IFCELEMENTQUANTITY('20r1qBXVPF9Tf6A7RaFoRc',#18,'Qto_DoorBaseQuantities',$,$,(#1065,#1066,#1067,#1068));
#1070=IFCRELDEFINESBYPROPERTIES('1VMudwvwNHY7U4qVPNq6UF',#18,$,$,(#1060),#1069);
#1071=IFCPROPERTYSINGLEVALUE('Head Height',$,IFCLENGTHMEASURE(1.8),$);
#1072=IFCPROPERTYSINGLEVALUE('Host Id',$,IFCLABEL('432933'),$);
#1073=IFCPROPERTYSINGLEVALUE('Area',$,IFCAREAMEASURE(0.742399999999971),$);
#1074=IFCPROPERTYSINGLEVALUE('Height',$,IFCLENGTHMEASURE(1.8),$);
#1075=IFCPROPERTYSINGLEVALUE('Volume',$,IFCVOLUMEMEASURE(0.0614399999999923),$);
#1076=IFCPROPERTYSINGLEVALUE('Width',$,IFCLENGTHMEASURE(1.2),$);
#1077=IFCPROPERTYSINGLEVALUE('Mark',$,IFCTEXT('10'),$);
#1078=IFCPROPERTYSET('0pTZDFh8VRLi0_yxeN2rRp',#18,'Other',$,(#994,#995,#996,#999,#1000,#1071,#1072));
#1079=IFCPROPERTYSET('1Fa0WfetNUYR1Zb064QLBx',#18,'Constraints',$,(#946,#1001));
#1080=IFCPROPERTYSET('3rOUk$f4DA$zs7rzHOAHKe',#18,'Dimensions',$,(#1073,#1074,#1075,#1076));
#1081=IFCPROPERTYSET('1v8HklncMG5L1$Zp$JDWIP',#18,'Identity Data',$,(#1077));
#1082=IFCPROPERTYSET('0ene49zUZth7Hy3PNc8PSK',#18,'Phasing',$,(#145));
#1083=IFCMAPPEDITEM(#970,#431);
#1084=IFCSHAPEREPRESENTATION(#24,'Body','MappedRepresentation',(#1083));
#1085=IFCPRODUCTDEFINITIONSHAPE($,$,(#1084));
#1086=IFCCARTESIANPOINT((3.82266559565044,-3.50326736522059,0.));
#1087=IFCAXIS2PLACEMENT3D(#1086,#9,#7);
#1089=IFCDOOR('014vlVn_DEfhP0eW5kjLgw',#18,'empty door2:StoneDoor:435210',$,'empty door2:StoneDoor',#2362,#1085,'435210',1.91999999999803,1.6,.DOOR.,.NOTDEFINED.,$);
#1090=IFCPROPERTYSET('0JNKuivN24ENQyiU3vr28R',#18,'Pset_DoorCommon',$,(#982,#983));
#1091=IFCPROPERTYSET('2$McIbz496sb1Aw9lzLBFX',#18,'Pset_EnvironmentalImpactIndicators',$,(#982));
#1092=IFCRELDEFINESBYPROPERTIES('2pghIgsp6n4a4ur0udm3QR',#18,$,$,(#1089),#1090);
#1093=IFCRELDEFINESBYPROPERTIES('3FbmE2KGOO3sJ8B1goTqkc',#18,$,$,(#1089),#1091);
#1094=IFCQUANTITYLENGTH('Width','',$,1.2,$);
#1095=IFCQUANTITYLENGTH('Height','',$,1.8,$);
#1096=IFCQUANTITYLENGTH('Perimeter','',$,3.84,$);
#1097=IFCQUANTITYAREA('Area','',$,2.16,$);
#1098=IFCELEMENTQUANTITY('3S6JMOlFkkGACBQcmcEyQm',#18,'Qto_DoorBaseQuantities',$,$,(#1094,#1095,#1096,#1097));
#1099=IFCRELDEFINESBYPROPERTIES('39TUCG2vklhtJVHdjDL8jk',#18,$,$,(#1089),#1098);
#1100=IFCPROPERTYSINGLEVALUE('Head Height',$,IFCLENGTHMEASURE(1.8),$);
#1101=IFCPROPERTYSINGLEVALUE('Area',$,IFCAREAMEASURE(0.742399999999971),$);
#1102=IFCPROPERTYSINGLEVALUE('Height',$,IFCLENGTHMEASURE(1.8),$);
#1103=IFCPROPERTYSINGLEVALUE('Volume',$,IFCVOLUMEMEASURE(0.0614399999999923),$);
#1104=IFCPROPERTYSINGLEVALUE('Width',$,IFCLENGTHMEASURE(1.2),$);
#1105=IFCPROPERTYSINGLEVALUE('Mark',$,IFCTEXT('11'),$);
#1106=IFCPROPERTYSET('2MnR45ObCgpiCX14GnvRyy',#18,'Other',$,(#994,#995,#996,#999,#1000,#1072,#1100));
#1107=IFCPROPERTYSET('123T4JfW$$M0kAkv$OrI8F',#18,'Constraints',$,(#946,#1001));
#1108=IFCPROPERTYSET('1YyuoMWPsBUoN5cmmkhWjz',#18,'Dimensions',$,(#1101,#1102,#1103,#1104));
#1109=IFCPROPERTYSET('1adpvKZN6Y1rWuafCLGVUe',#18,'Identity Data',$,(#1105));
#1110=IFCPROPERTYSET('0VqLEi837d6l96ZsX8OT0M',#18,'Phasing',$,(#145));
#1111=IFCMAPPEDITEM(#427,#431);
#1112=IFCSHAPEREPRESENTATION(#24,'Body','MappedRepresentation',(#1111));
#1113=IFCPRODUCTDEFINITIONSHAPE($,$,(#1112));
#1114=IFCCARTESIANPOINT((2.42266559565043,-6.53326736522061,0.329999999999977));
#1115=IFCAXIS2PLACEMENT3D(#1114,#9,#6);
#1117=IFCWINDOW('014vlVn_DEfhP0eW5kjLhJ',#18,'empty window2:StoneWindows:435299',$,'empty window2:StoneWindows',#2324,#1113,'435299',1.32,1.6,.WINDOW.,.NOTDEFINED.,$);
#1118=IFCPROPERTYSET('2fIJyz4ik0wgu4h7jaW$h6',#18,'Pset_EnvironmentalImpactIndicators',$,(#439));
#1119=IFCPROPERTYSET('0bOVJknm_XSPybUsdbIZJO',#18,'Pset_WindowCommon',$,(#118,#439));
#1120=IFCRELDEFINESBYPROPERTIES('136gMkBrcKkZz4MRrkDIoX',#18,$,$,(#1117),#1118);
#1121=IFCRELDEFINESBYPROPERTIES('2_pGck$2PEMALuNhEW_ApU',#18,$,$,(#1117),#1119);
#1122=IFCQUANTITYLENGTH('Width','',$,1.2,$);
#1123=IFCQUANTITYLENGTH('Height','',$,1.2,$);
#1124=IFCQUANTITYLENGTH('Perimeter','',$,3.43999999999998,$);
#1125=IFCQUANTITYAREA('Area','',$,1.44,$);
#1126=IFCELEMENTQUANTITY('3wZnjBrj2pDlHcf5FvDd8Q',#18,'Qto_WindowBaseQuantities',$,$,(#1122,#1123,#1124,#1125));
#1127=IFCRELDEFINESBYPROPERTIES('0XX1H9ydrIfdxdlRRE8asg',#18,$,$,(#1117),#1126);
#1128=IFCPROPERTYSINGLEVALUE('Default Sill Height',$,IFCLENGTHMEASURE(0.799999999999999),$);
#1129=IFCPROPERTYSINGLEVALUE('Head Height',$,IFCLENGTHMEASURE(1.52999999999998),$);
#1130=IFCPROPERTYSINGLEVALUE('Host Id',$,IFCLABEL('432535'),$);
#1131=IFCPROPERTYSINGLEVALUE('Sill Height',$,IFCLENGTHMEASURE(0.329999999999977),$);
#1132=IFCPROPERTYSINGLEVALUE('Area',$,IFCAREAMEASURE(0.742400000001661),$);
#1133=IFCPROPERTYSINGLEVALUE('Height',$,IFCLENGTHMEASURE(1.2),$);
#1134=IFCPROPERTYSINGLEVALUE('Volume',$,IFCVOLUMEMEASURE(0.0614400000001817),$);
#1135=IFCPROPERTYSINGLEVALUE('Width',$,IFCLENGTHMEASURE(1.2),$);
#1136=IFCPROPERTYSINGLEVALUE('Mark',$,IFCTEXT('8'),$);
#1137=IFCPROPERTYSET('1vw6CzQatAt5PicMYupd2o',#18,'Other',$,(#450,#452,#453,#456,#457,#1128,#1129,#1130));
#1138=IFCPROPERTYSET('0y3glUecK3d9dkURzsm9Ye',#18,'Constraints',$,(#946,#1131));
#1139=IFCPROPERTYSET('0Fus85UVvlGeTkbtyX9lU_',#18,'Dimensions',$,(#1132,#1133,#1134,#1135));
#1140=IFCPROPERTYSET('1itIXpcZwvxK1caEispxm_',#18,'Identity Data',$,(#1136));
#1141=IFCPROPERTYSET('09zbh4Sv2tYuYh_vLNW6se',#18,'Phasing',$,(#145));
#1142=IFCAXIS2PLACEMENT3D(#3,$,$);
#1143=IFCLOCALPLACEMENT(#34,#1142);
#1144=IFCCARTESIANPOINTLIST2D(((-2.49,-0.250000000000001),(2.49,-0.249999999999999),(2.49,0.250000000000001),(-2.49,0.249999999999999),(-2.49,-0.250000000000001)));
#1145=IFCINDEXEDPOLYCURVE(#1144,$,.F.);
#1146=IFCARBITRARYCLOSEDPROFILEDEF(.AREA.,'MasonryFooting',#1145);
#1147=IFCCARTESIANPOINT((-0.417334404349563,-3.9532673652206,-0.6));
#1148=IFCAXIS2PLACEMENT3D(#1147,#9,#7);
#1149=IFCEXTRUDEDAREASOLID(#1146,#1148,#9,0.5);
#1150=IFCSTYLEDITEM(#1149,(#236),$);
#1151=IFCSHAPEREPRESENTATION(#24,'Body','SweptSolid',(#1149));
#1152=IFCPRODUCTDEFINITIONSHAPE($,$,(#1151));
#1153=IFCFOOTING('0uXVTgQw9EbPI_Lj_Xxfe8',#18,'Wall Foundation:MasonryFooting:454965',$,'Wall Foundation:MasonryFooting',#1143,#1152,'454965',.STRIP_FOOTING.);
#1154=IFCPROPERTYSET('0F$LA8OrtWJUbyUMB8vISS',#18,'Pset_EnvironmentalImpactIndicators',$,(#243));
#1155=IFCPROPERTYSET('0HNR_jgjgPsuKnapdJ1AIe',#18,'Pset_FootingCommon',$,(#243));
#1156=IFCPROPERTYSINGLEVALUE('Reference',$,IFCLABEL('MasonryFooting'),$);
#1157=IFCPROPERTYSET('0kb8PbjU5O_uQfMzmgFghs',#18,'Pset_ReinforcementBarCountOfIndependentFooting',$,(#1156));
#1158=IFCPROPERTYSINGLEVALUE('Reference',$,IFCLABEL('MasonryFooting'),$);
#1159=IFCPROPERTYSET('1HNUR__RCfY5$97DCC5KmZ',#18,'Pset_ReinforcementBarPitchOfContinuousFooting',$,(#1158));
#1160=IFCRELDEFINESBYPROPERTIES('3G71884seUfq6D5aHK8iqD',#18,$,$,(#1153),#1154);
#1161=IFCRELDEFINESBYPROPERTIES('0clYyd7BP6$lCUP_szzaLd',#18,$,$,(#1153),#1155);
#1162=IFCRELDEFINESBYPROPERTIES('3_H4rPbG2RtDlFpUIERXZx',#18,$,$,(#1153),#1157);
#1163=IFCRELDEFINESBYPROPERTIES('36QW2icE8nTwEBRYp0TNDq',#18,$,$,(#1153),#1159);
#1164=IFCQUANTITYLENGTH('Length','',$,5.8,$);
#1165=IFCQUANTITYLENGTH('Width','',$,0.5,$);
#1166=IFCQUANTITYLENGTH('Height','',$,0.499999999999997,$);
#1167=IFCQUANTITYAREA('CrossSectionArea','',$,2.49,$);
#1168=IFCQUANTITYAREA('OuterSurfaceArea','',$,5.48,$);
#1169=IFCQUANTITYAREA('GrossSurfaceArea','',$,10.46,$);
#1170=IFCQUANTITYVOLUME('GrossVolume','',$,1.245,$);
#1171=IFCQUANTITYVOLUME('NetVolume','',$,1.245,$);
#1172=IFCELEMENTQUANTITY('39HKy4dTIZQdBMdxOxfxkW',#18,'Qto_FootingBaseQuantities',$,$,(#1164,#1165,#1166,#1167,#1168,#1169,#1170,#1171));
#1173=IFCRELDEFINESBYPROPERTIES('25wCnkstrZlzU5nIyWnCOw',#18,$,$,(#1153),#1172);
#1174=IFCPROPERTYSINGLEVALUE('Area',$,IFCAREAMEASURE(2.49),$);
#1175=IFCPROPERTYSINGLEVALUE('Elevation at Bottom',$,IFCLENGTHMEASURE(-0.6),$);
#1176=IFCPROPERTYSINGLEVALUE('Elevation at Bottom Survey',$,IFCLENGTHMEASURE(-0.6),$);
#1177=IFCPROPERTYSINGLEVALUE('Elevation at Top',$,IFCLENGTHMEASURE(-0.1),$);
#1178=IFCPROPERTYSINGLEVALUE('Elevation at Top Survey',$,IFCLENGTHMEASURE(-0.1),$);
#1179=IFCPROPERTYSINGLEVALUE('Length',$,IFCLENGTHMEASURE(5.8),$);
#1180=IFCPROPERTYSINGLEVALUE('Volume',$,IFCVOLUMEMEASURE(1.245),$);
#1181=IFCPROPERTYSINGLEVALUE('Width',$,IFCLENGTHMEASURE(0.5),$);
#1182=IFCPROPERTYSET('3ziHnEuiKxZuYbfj6_PHU7',#18,'Other',$,(#264,#265,#266,#267,#268));
#1183=IFCPROPERTYSET('2Go2mGHG4HfSCnjE7YDgxP',#18,'Constraints',$,(#269));
#1184=IFCPROPERTYSET('1Tco8yiu06_0xF$3Cr$fXr',#18,'Dimensions',$,(#1174,#1175,#1176,#1177,#1178,#1179,#1180,#1181));
#1185=IFCPROPERTYSET('1hfStSzZ7Dkn1bDJ0r7wmc',#18,'Identity Data',$,(#209));
#1186=IFCPROPERTYSET('2sKJzQb4$vP1ervcGGb9ZR',#18,'Phasing',$,(#145));
#1187=IFCPROPERTYSET('1BAoxXPRLF5lueCHLPx5iy',#18,'Structural',$,(#212,#278,#279));
#1188=IFCAXIS2PLACEMENT3D(#3,$,$);
#1189=IFCLOCALPLACEMENT(#34,#1188);
#1190=IFCCARTESIANPOINTLIST2D(((-2.49,-0.25),(2.49,-0.25),(2.49,0.25),(-2.49,0.25),(-2.49,-0.25)));
#1191=IFCINDEXEDPOLYCURVE(#1190,$,.F.);
#1192=IFCARBITRARYCLOSEDPROFILEDEF(.AREA.,'MasonryFooting',#1191);
#1193=IFCCARTESIANPOINT((3.66266559565044,-3.95326736522062,-0.6));
#1194=IFCAXIS2PLACEMENT3D(#1193,#9,#7);
#1195=IFCEXTRUDEDAREASOLID(#1192,#1194,#9,0.5);
#1196=IFCSTYLEDITEM(#1195,(#236),$);
#1197=IFCSHAPEREPRESENTATION(#24,'Body','SweptSolid',(#1195));
#1198=IFCPRODUCTDEFINITIONSHAPE($,$,(#1197));
#1199=IFCFOOTING('0uXVTgQw9EbPI_Lj_Xxff$',#18,'Wall Foundation:MasonryFooting:454978',$,'Wall Foundation:MasonryFooting',#1189,#1198,'454978',.STRIP_FOOTING.);
#1200=IFCPROPERTYSET('2hlSp9V5VDJGwLa_rDwiDs',#18,'Pset_EnvironmentalImpactIndicators',$,(#243));
#1201=IFCPROPERTYSET('13yDubNuR7GA1QJU4qq1hj',#18,'Pset_FootingCommon',$,(#243));
#1202=IFCPROPERTYSINGLEVALUE('Reference',$,IFCLABEL('MasonryFooting'),$);
#1203=IFCPROPERTYSET('2s_mb5YXViavVFk_6WoX8K',#18,'Pset_ReinforcementBarCountOfIndependentFooting',$,(#1202));
#1204=IFCPROPERTYSINGLEVALUE('Reference',$,IFCLABEL('MasonryFooting'),$);
#1205=IFCPROPERTYSET('1Lt3zok1C2M8nv$aYaZgBG',#18,'Pset_ReinforcementBarPitchOfContinuousFooting',$,(#1204));
#1206=IFCRELDEFINESBYPROPERTIES('2fp2ekkfUWeH0WLrM2ZVFG',#18,$,$,(#1199),#1200);
#1207=IFCRELDEFINESBYPROPERTIES('18iG$D0i3atno1KGnEB8ts',#18,$,$,(#1199),#1201);
#1208=IFCRELDEFINESBYPROPERTIES('2QKuAWZMwTiondKb1om8Is',#18,$,$,(#1199),#1203);
#1209=IFCRELDEFINESBYPROPERTIES('3liC00U52_NZmX9rZGwtSE',#18,$,$,(#1199),#1205);
#1210=IFCQUANTITYLENGTH('Length','',$,5.8,$);
#1211=IFCQUANTITYLENGTH('Width','',$,0.5,$);
#1212=IFCQUANTITYLENGTH('Height','',$,0.5,$);
#1213=IFCQUANTITYAREA('CrossSectionArea','',$,2.49,$);
#1214=IFCQUANTITYAREA('OuterSurfaceArea','',$,5.48,$);
#1215=IFCQUANTITYAREA('GrossSurfaceArea','',$,10.46,$);
#1216=IFCQUANTITYVOLUME('GrossVolume','',$,1.245,$);
#1217=IFCQUANTITYVOLUME('NetVolume','',$,1.245,$);
#1218=IFCELEMENTQUANTITY('2_RGXwnmz9d9bRXOABwFOq',#18,'Qto_FootingBaseQuantities',$,$,(#1210,#1211,#1212,#1213,#1214,#1215,#1216,#1217));
#1219=IFCRELDEFINESBYPROPERTIES('3y9UCC56qwt950ubbF0CIC',#18,$,$,(#1199),#1218);
#1220=IFCPROPERTYSINGLEVALUE('Area',$,IFCAREAMEASURE(2.49),$);
#1221=IFCPROPERTYSINGLEVALUE('Elevation at Bottom',$,IFCLENGTHMEASURE(-0.6),$);
#1222=IFCPROPERTYSINGLEVALUE('Elevation at Bottom Survey',$,IFCLENGTHMEASURE(-0.6),$);
#1223=IFCPROPERTYSINGLEVALUE('Elevation at Top',$,IFCLENGTHMEASURE(-0.1),$);
#1224=IFCPROPERTYSINGLEVALUE('Elevation at Top Survey',$,IFCLENGTHMEASURE(-0.1),$);
#1225=IFCPROPERTYSINGLEVALUE('Length',$,IFCLENGTHMEASURE(5.8),$);
#1226=IFCPROPERTYSINGLEVALUE('Volume',$,IFCVOLUMEMEASURE(1.245),$);
#1227=IFCPROPERTYSINGLEVALUE('Width',$,IFCLENGTHMEASURE(0.5),$);
#1228=IFCPROPERTYSET('3i6gp_GMms_hTxL5pDMQ2E',#18,'Other',$,(#264,#265,#266,#267,#268));
#1229=IFCPROPERTYSET('3iz$YC4unYjKc9gP8aAh2s',#18,'Constraints',$,(#269));
#1230=IFCPROPERTYSET('2$jEPIKIww57RYxGcoUAEB',#18,'Dimensions',$,(#1220,#1221,#1222,#1223,#1224,#1225,#1226,#1227));
#1231=IFCPROPERTYSET('21YVP2FZrW7U_b$UBGPoov',#18,'Identity Data',$,(#209));
#1232=IFCPROPERTYSET('30Zwi8LkGJyMpRLEL8PC6w',#18,'Phasing',$,(#145));
#1233=IFCPROPERTYSET('3rtJiaZdToodftodrNaIZ8',#18,'Structural',$,(#212,#278,#279));
#1234=IFCAXIS2PLACEMENT3D(#3,$,$);
#1236=IFCCARTESIANPOINTLIST2D(((-0.0799999999999997,-0.0600000000000018),(0.0800000000000002,-0.0600000000000018),(0.0800000000000002,0.0600000000000015),(-0.0799999999999997,0.0600000000000018),(-0.0799999999999997,-0.0600000000000018)));
#1237=IFCINDEXEDPOLYCURVE(#1236,$,.F.);
#1238=IFCARBITRARYCLOSEDPROFILEDEF(.AREA.,'StructuralTimber12x16',#1237);
#1239=IFCCARTESIANPOINT((-0.257334404349561,-1.9532673652206,2.58));
#1240=IFCAXIS2PLACEMENT3D(#1239,#5,#10);
#1241=IFCEXTRUDEDAREASOLID(#1238,#1240,#9,3.76);
#1242=IFCSTYLEDITEM(#1241,(#966),$);
#1243=IFCSHAPEREPRESENTATION(#24,'Body','SweptSolid',(#1241));
#1244=IFCCARTESIANPOINTLIST3D(((-0.110000000000002,2.70716782324598E-15,2.05219191042295E-16),(-0.110000000000002,2.18829399045682E-15,3.76)));
#1245=IFCINDEXEDPOLYCURVE(#1244,$,.F.);
#1246=IFCSHAPEREPRESENTATION(#23,'Axis','Curve3D',(#1245));
#1247=IFCAXIS2PLACEMENT3D(#3,$,$);
#1248=IFCREPRESENTATIONMAP(#1247,#1243);
#1249=IFCCARTESIANPOINT((-0.257334404349561,-1.9532673652206,2.58));
#1250=IFCAXIS2PLACEMENT3D(#1249,#5,#10);
#1251=IFCREPRESENTATIONMAP(#1250,#1246);
#1252=IFCBEAMTYPE('3yQcYTrPvBuOLgNDkh9Yn5',#18,'TimberBeam:StructuralTimber12x16',$,$,(#1324,#1325,#1326,#1327,#1328),(#1248,#1251),'425352',$,.BEAM.);
#1253=IFCMAPPEDITEM(#1248,#431);
#1254=IFCSHAPEREPRESENTATION(#24,'Body','MappedRepresentation',(#1253));
#1255=IFCMAPPEDITEM(#1251,#431);
#1256=IFCSHAPEREPRESENTATION(#23,'Axis','MappedRepresentation',(#1255));
#1257=IFCPRODUCTDEFINITIONSHAPE($,$,(#1254,#1256));
#1258=IFCCARTESIANPOINT((0.,0.,-2.69));
#1259=IFCAXIS2PLACEMENT3D(#1258,$,$);
#1260=IFCLOCALPLACEMENT(#38,#1259);
#1261=IFCBEAM('3yQcYTrPvBuOLgLDkh9Yn5',#18,'TimberBeam:StructuralTimber12x16:461696',$,'TimberBeam:StructuralTimber12x16',#1260,#1257,'461696',.BEAM.);
#1262=IFCPROPERTYSINGLEVALUE('Reference',$,IFCIDENTIFIER('StructuralTimber12x16'),$);
#1263=IFCPROPERTYSINGLEVALUE('Span',$,IFCPOSITIVELENGTHMEASURE(3.76),$);
#1264=IFCPROPERTYSINGLEVALUE('Slope',$,IFCPLANEANGLEMEASURE(0.),$);
#1265=IFCPROPERTYSINGLEVALUE('Roll',$,IFCPLANEANGLEMEASURE(0.),$);
#1266=IFCPROPERTYSET('0qFPHWDYtVEJE8w$FIh6p9',#18,'Pset_BeamCommon',$,(#199,#983,#1262,#1263,#1264,#1265,#2496));
#1267=IFCPROPERTYSET('30etLrGTPfRnJQ$u74ETpl',#18,'Pset_EnvironmentalImpactIndicators',$,(#1262));
#1268=IFCPROPERTYSINGLEVALUE('Reference',$,IFCLABEL('StructuralTimber12x16'),$);
#1269=IFCPROPERTYSET('1mfSbPWuuMA3f2Q1GtHNee',#18,'Pset_ReinforcementBarPitchOfBeam',$,(#1268));
#1270=IFCRELDEFINESBYPROPERTIES('0j9zNvj41Bm3rlQnXr4cZp',#18,$,$,(#1261),#1266);
#1271=IFCRELDEFINESBYPROPERTIES('3IwdFAS$j$VWBcYQVOuNfS',#18,$,$,(#1261),#1267);
#1272=IFCRELDEFINESBYPROPERTIES('3S6f6ZVjMa__CIeN1Pe3_w',#18,$,$,(#1261),#1269);
#1273=IFCQUANTITYLENGTH('Length','',$,3.76,$);
#1274=IFCQUANTITYAREA('CrossSectionArea','',$,0.0192000000000006,$);
#1275=IFCQUANTITYAREA('OuterSurfaceArea','',$,2.10560000000003,$);
#1276=IFCQUANTITYAREA('GrossSurfaceArea','',$,2.14400000000003,$);
#1277=IFCQUANTITYAREA('NetSurfaceArea','',$,2.14400000000003,$);
#1278=IFCQUANTITYVOLUME('GrossVolume','',$,0.0721920000000022,$);
#1279=IFCQUANTITYVOLUME('NetVolume','',$,0.072192000000002,$);
#1280=IFCELEMENTQUANTITY('3f9RY_lmKx$J_GO3OXQ__C',#18,'Qto_BeamBaseQuantities',$,$,(#1273,#1274,#1275,#1276,#1277,#1278,#1279));
#1281=IFCRELDEFINESBYPROPERTIES('28ZM9T_QDJZSYlHdvnpewN',#18,$,$,(#1261),#1280);
#1282=IFCPROPERTYSINGLEVALUE('Category',$,IFCLABEL('Structural Framing'),$);
#1283=IFCPROPERTYSINGLEVALUE('Family',$,IFCLABEL('TimberBeam'),$);
#1284=IFCPROPERTYSINGLEVALUE('Family and Type',$,IFCLABEL('TimberBeam: StructuralTimber12x16'),$);
#1285=IFCPROPERTYSINGLEVALUE('Type',$,IFCLABEL('StructuralTimber12x16'),$);
#1286=IFCPROPERTYSINGLEVALUE('Type Id',$,IFCLABEL('425352'),$);
#1287=IFCPROPERTYSINGLEVALUE('Cross-Section Rotation',$,IFCPLANEANGLEMEASURE(0.),$);
#1288=IFCPROPERTYSINGLEVALUE('End Level Offset',$,IFCLENGTHMEASURE(0.),$);
#1289=IFCPROPERTYSINGLEVALUE('Orientation',$,IFCIDENTIFIER('Normal'),$);
#1290=IFCPROPERTYSINGLEVALUE('Reference Level',$,IFCLABEL('Level 1'),$);
#1291=IFCPROPERTYSINGLEVALUE('Reference Level Elevation',$,IFCLENGTHMEASURE(2.69),$);
#1292=IFCPROPERTYSINGLEVALUE('Start Level Offset',$,IFCLENGTHMEASURE(0.),$);
#1293=IFCPROPERTYSINGLEVALUE('Work Plane',$,IFCTEXT('Level : Level 1'),$);
#1294=IFCPROPERTYSINGLEVALUE('Elevation at Bottom',$,IFCLENGTHMEASURE(2.5),$);
#1295=IFCPROPERTYSINGLEVALUE('Elevation at Top',$,IFCLENGTHMEASURE(2.66),$);
#1296=IFCPROPERTYSINGLEVALUE('Length',$,IFCLENGTHMEASURE(3.76),$);
#1297=IFCPROPERTYSINGLEVALUE('Volume',$,IFCVOLUMEMEASURE(0.072192000000002),$);
#1298=IFCPROPERTYSINGLEVALUE('Structural Material',$,IFCLABEL('StructuralTimber'),$);
#1299=IFCPROPERTYSINGLEVALUE('Cut Length',$,IFCLENGTHMEASURE(3.76),$);
#1300=IFCPROPERTYSINGLEVALUE('Structural Usage',$,IFCIDENTIFIER('Girder'),$);
#1301=IFCPROPERTYSINGLEVALUE('End Extension',$,IFCLENGTHMEASURE(0.),$);
#1302=IFCPROPERTYSINGLEVALUE('Join Status',$,IFCIDENTIFIER('Both joins enabled'),$);
#1303=IFCPROPERTYSINGLEVALUE('Start Extension',$,IFCLENGTHMEASURE(0.),$);
#1304=IFCPROPERTYSINGLEVALUE('y Justification',$,IFCIDENTIFIER('Origin'),$);
#1305=IFCPROPERTYSINGLEVALUE('y Offset Value',$,IFCLENGTHMEASURE(0.),$);
#1306=IFCPROPERTYSINGLEVALUE('yz Justification',$,IFCIDENTIFIER('Uniform'),$);
#1307=IFCPROPERTYSINGLEVALUE('z Justification',$,IFCIDENTIFIER('Top'),$);
#1308=IFCPROPERTYSINGLEVALUE('z Offset Value',$,IFCLENGTHMEASURE(-0.03),$);
#1309=IFCPROPERTYSINGLEVALUE('Family Name',$,IFCTEXT('TimberBeam'),$);
#1310=IFCPROPERTYSINGLEVALUE('b',$,IFCLENGTHMEASURE(0.12),$);
#1311=IFCPROPERTYSINGLEVALUE('h',$,IFCLENGTHMEASURE(0.16),$);
#1312=IFCPROPERTYSINGLEVALUE('OmniClass Number',$,IFCTEXT('23.25.30.11.14.14'),$);
#1313=IFCPROPERTYSINGLEVALUE('OmniClass Title',$,IFCTEXT('Beams'),$);
#1314=IFCPROPERTYSINGLEVALUE('Type Name',$,IFCTEXT('StructuralTimber12x16'),$);
#1315=IFCPROPERTYSINGLEVALUE('Section Shape',$,IFCINTEGER(0),$);
#1316=IFCPROPERTYSET('37O8c5U3vNBASFWNZejozA',#18,'Other',$,(#1282,#1283,#1284,#1285,#1286));
#1317=IFCPROPERTYSET('3GWZT$B16or1by9EGcUeTy',#18,'Constraints',$,(#1287,#1288,#1289,#1290,#1291,#1292,#1293));
#1318=IFCPROPERTYSET('2Yb6SrtpBk9n2aqdSOPQEi',#18,'Dimensions',$,(#1294,#1295,#1296,#1297));
#1319=IFCPROPERTYSET('1qbXTnO2nodgWmFcbPlXyY',#18,'Identity Data',$,(#209));
#1320=IFCPROPERTYSET('15V1grN2jkaflIA1vNYd0k',#18,'Materials and Finishes',$,(#1298));
#1321=IFCPROPERTYSET('21kuXUlG$mqW_TZSekTJvh',#18,'Phasing',$,(#145));
#1322=IFCPROPERTYSET('3tZJ_zc4SDSxyKsHRZLUQA',#18,'Structural',$,(#212,#278,#279,#1299,#1300));
#1323=IFCPROPERTYSET('1RQnWy94DDUZlPVrMHua1r',#18,'Geometric Position',$,(#1301,#1302,#1303,#1304,#1305,#1306,#1307,#1308));
#1324=IFCPROPERTYSET('0_ZeOUAgLtt5L29oDJ5QcN',#18,'Other',$,(#1282,#1309));
#1325=IFCPROPERTYSET('1SNSb$0DsZWyCBp_9EYYn_',#18,'Dimensions',$,(#1310,#1311));
#1326=IFCPROPERTYSET('358AxOsHJDCUDbSRYI_bRe',#18,'Identity Data',$,(#1312,#1313,#1314));
#1327=IFCPROPERTYSET('0TdNSNt2pEG3q$eKkRvItl',#18,'Structural',$,(#1315));
#1328=IFCPROPERTYSET('0RofqqzPwLp1MRVVJuhHr1',#18,'Pset_BeamCommon',$,(#199));
#1329=IFCAXIS2PLACEMENT3D(#3,$,$);
#1331=IFCCARTESIANPOINTLIST2D(((-0.0799999999999997,-0.0600000000000021),(0.0800000000000002,-0.0600000000000015),(0.0800000000000002,0.0600000000000012),(-0.0799999999999997,0.0600000000000015),(-0.0799999999999997,-0.0600000000000021)));
#1332=IFCINDEXEDPOLYCURVE(#1331,$,.F.);
#1333=IFCARBITRARYCLOSEDPROFILEDEF(.AREA.,'StructuralTimber12x16',#1332);
#1334=IFCCARTESIANPOINT((-0.257334404349563,-2.4532673652206,2.58));
#1335=IFCAXIS2PLACEMENT3D(#1334,#5,#10);
#1336=IFCEXTRUDEDAREASOLID(#1333,#1335,#9,3.76);
#1337=IFCSTYLEDITEM(#1336,(#966),$);
#1338=IFCSHAPEREPRESENTATION(#24,'Body','SweptSolid',(#1336));
#1339=IFCCARTESIANPOINTLIST3D(((-0.110000000000002,2.16573425859679E-15,9.37405160513502E-17),(-0.110000000000002,1.64686042580768E-15,3.76)));
#1340=IFCINDEXEDPOLYCURVE(#1339,$,.F.);
#1341=IFCSHAPEREPRESENTATION(#23,'Axis','Curve3D',(#1340));
#1342=IFCAXIS2PLACEMENT3D(#3,$,$);
#1343=IFCREPRESENTATIONMAP(#1342,#1338);
#1344=IFCCARTESIANPOINT((-0.257334404349563,-2.4532673652206,2.58));
#1345=IFCAXIS2PLACEMENT3D(#1344,#5,#10);
#1346=IFCREPRESENTATIONMAP(#1345,#1341);
#1347=IFCBEAMTYPE('21Nq4yg_v5gQDU8PwVfcDr',#18,'TimberBeam:StructuralTimber12x16',$,$,(#1324,#1325,#1326,#1327,#1390),(#1343,#1346),'425352',$,.BEAM.);
#1348=IFCMAPPEDITEM(#1343,#431);
#1349=IFCSHAPEREPRESENTATION(#24,'Body','MappedRepresentation',(#1348));
#1350=IFCMAPPEDITEM(#1346,#431);
#1351=IFCSHAPEREPRESENTATION(#23,'Axis','MappedRepresentation',(#1350));
#1352=IFCPRODUCTDEFINITIONSHAPE($,$,(#1349,#1351));
#1353=IFCCARTESIANPOINT((0.,0.,-2.69));
#1354=IFCAXIS2PLACEMENT3D(#1353,$,$);
#1355=IFCLOCALPLACEMENT(#38,#1354);
#1356=IFCBEAM('21Nq4yg_v5gQDUAPwVfcDr',#18,'TimberBeam:StructuralTimber12x16:466387',$,'TimberBeam:StructuralTimber12x16',#1355,#1352,'466387',.BEAM.);
#1357=IFCPROPERTYSINGLEVALUE('Span',$,IFCPOSITIVELENGTHMEASURE(3.75999999046326),$);
#1358=IFCPROPERTYSET('0v_NuuyedeRSlmeJ2XP7Qr',#18,'Pset_BeamCommon',$,(#1357,#2497,#2498,#2499,#2500,#2501,#2502));
#1359=IFCPROPERTYSET('0mFU7Yb84xZyESmvMr8ou9',#18,'Pset_EnvironmentalImpactIndicators',$,(#1262));
#1360=IFCPROPERTYSINGLEVALUE('Reference',$,IFCLABEL('StructuralTimber12x16'),$);
#1361=IFCPROPERTYSET('03XiZ8jBJaJSLgXNTszwE9',#18,'Pset_ReinforcementBarPitchOfBeam',$,(#1360));
#1362=IFCRELDEFINESBYPROPERTIES('03o57oVyI2j0LbAMQou4kb',#18,$,$,(#1356),#1358);
#1363=IFCRELDEFINESBYPROPERTIES('2byeQ_e$FnvgwBNuFOl7v0',#18,$,$,(#1356),#1359);
#1364=IFCRELDEFINESBYPROPERTIES('1K8dAY03ACKhCApYppqJ6N',#18,$,$,(#1356),#1361);
#1365=IFCQUANTITYLENGTH('Length','',$,3.76,$);
#1366=IFCQUANTITYAREA('CrossSectionArea','',$,0.0192000000000005,$);
#1367=IFCQUANTITYAREA('OuterSurfaceArea','',$,2.10560000000003,$);
#1368=IFCQUANTITYAREA('GrossSurfaceArea','',$,2.14400000000003,$);
#1369=IFCQUANTITYAREA('NetSurfaceArea','',$,2.14400000000003,$);
#1370=IFCQUANTITYVOLUME('GrossVolume','',$,0.0721920000000019,$);
#1371=IFCQUANTITYVOLUME('NetVolume','',$,0.0721920000000019,$);
#1372=IFCELEMENTQUANTITY('3U0LyYJUy6rB8irz6crLfo',#18,'Qto_BeamBaseQuantities',$,$,(#1365,#1366,#1367,#1368,#1369,#1370,#1371));
#1373=IFCRELDEFINESBYPROPERTIES('1r0dwFvlDEr1gsiBjsN0TI',#18,$,$,(#1356),#1372);
#1374=IFCPROPERTYSINGLEVALUE('Reference Level Elevation',$,IFCLENGTHMEASURE(2.69),$);
#1375=IFCPROPERTYSINGLEVALUE('Work Plane',$,IFCTEXT('Level : Level 1'),$);
#1376=IFCPROPERTYSINGLEVALUE('Elevation at Bottom',$,IFCLENGTHMEASURE(2.5),$);
#1377=IFCPROPERTYSINGLEVALUE('Elevation at Top',$,IFCLENGTHMEASURE(2.66),$);
#1378=IFCPROPERTYSINGLEVALUE('Length',$,IFCLENGTHMEASURE(3.76),$);
#1379=IFCPROPERTYSINGLEVALUE('Volume',$,IFCVOLUMEMEASURE(0.0721920000000019),$);
#1380=IFCPROPERTYSINGLEVALUE('Cut Length',$,IFCLENGTHMEASURE(3.76),$);
#1381=IFCPROPERTYSINGLEVALUE('z Offset Value',$,IFCLENGTHMEASURE(-0.03),$);
#1382=IFCPROPERTYSET('3zq2vufoXpq2jWPWtwpZGH',#18,'Other',$,(#1282,#1283,#1284,#1285,#1286));
#1383=IFCPROPERTYSET('1VhHr2djR$ZPAKa7tx9_Nn',#18,'Constraints',$,(#1287,#1288,#1289,#1290,#1292,#1374,#1375));
#1384=IFCPROPERTYSET('1NuKT$MsTeYveTxkY8sfCF',#18,'Dimensions',$,(#1376,#1377,#1378,#1379));
#1385=IFCPROPERTYSET('1qCSGufTLmWQ58Q7CB6IdY',#18,'Identity Data',$,(#209));
#1386=IFCPROPERTYSET('1SPS1mo97YgpGyDmdSbfsg',#18,'Materials and Finishes',$,(#1298));
#1387=IFCPROPERTYSET('3x5gs$7L7xnKhxJZhvnbb6',#18,'Phasing',$,(#145));
#1388=IFCPROPERTYSET('0Kk7UjqDSHVANjbzz2wUYl',#18,'Structural',$,(#212,#278,#279,#1300,#1380));
#1389=IFCPROPERTYSET('0v1aUMQgaSCpzjrZM$WY2X',#18,'Geometric Position',$,(#1301,#1302,#1303,#1304,#1305,#1306,#1307,#1381));
#1390=IFCPROPERTYSET('27BPj1XoOjjSGqudFUdDUo',#18,'Pset_BeamCommon',$,(#199));
#1391=IFCAXIS2PLACEMENT3D(#3,$,$);
#1393=IFCCARTESIANPOINTLIST2D(((-0.0799999999999997,-0.0600000000000021),(0.0800000000000002,-0.0600000000000015),(0.0800000000000002,0.0600000000000015),(-0.0799999999999997,0.0600000000000015),(-0.0799999999999997,-0.0600000000000021)));
#1394=IFCINDEXEDPOLYCURVE(#1393,$,.F.);
#1395=IFCARBITRARYCLOSEDPROFILEDEF(.AREA.,'StructuralTimber12x16',#1394);
#1396=IFCCARTESIANPOINT((-0.257334404349564,-2.9532673652206,2.58));
#1397=IFCAXIS2PLACEMENT3D(#1396,#5,#10);
#1398=IFCEXTRUDEDAREASOLID(#1395,#1397,#9,3.76);
#1399=IFCSTYLEDITEM(#1398,(#966),$);
#1400=IFCSHAPEREPRESENTATION(#24,'Body','SweptSolid',(#1398));
#1401=IFCCARTESIANPOINTLIST3D(((-0.110000000000002,2.16573425859679E-15,3.5449741675669E-16),(-0.110000000000002,1.64686042580768E-15,3.76)));
#1402=IFCINDEXEDPOLYCURVE(#1401,$,.F.);
#1403=IFCSHAPEREPRESENTATION(#23,'Axis','Curve3D',(#1402));
#1404=IFCAXIS2PLACEMENT3D(#3,$,$);
#1405=IFCREPRESENTATIONMAP(#1404,#1400);
#1406=IFCCARTESIANPOINT((-0.257334404349564,-2.9532673652206,2.58));
#1407=IFCAXIS2PLACEMENT3D(#1406,#5,#10);
#1408=IFCREPRESENTATIONMAP(#1407,#1403);
#1409=IFCBEAMTYPE('21Nq4yg_v5gQDU8PwVfcDz',#18,'TimberBeam:StructuralTimber12x16',$,$,(#1324,#1325,#1326,#1327,#1452),(#1405,#1408),'425352',$,.BEAM.);
#1410=IFCMAPPEDITEM(#1405,#431);
#1411=IFCSHAPEREPRESENTATION(#24,'Body','MappedRepresentation',(#1410));
#1412=IFCMAPPEDITEM(#1408,#431);
#1413=IFCSHAPEREPRESENTATION(#23,'Axis','MappedRepresentation',(#1412));
#1414=IFCPRODUCTDEFINITIONSHAPE($,$,(#1411,#1413));
#1415=IFCCARTESIANPOINT((0.,0.,-2.69));
#1416=IFCAXIS2PLACEMENT3D(#1415,$,$);
#1417=IFCLOCALPLACEMENT(#38,#1416);
#1418=IFCBEAM('21Nq4yg_v5gQDUAPwVfcDz',#18,'TimberBeam:StructuralTimber12x16:466395',$,'TimberBeam:StructuralTimber12x16',#1417,#1414,'466395',.BEAM.);
#1419=IFCPROPERTYSINGLEVALUE('Span',$,IFCPOSITIVELENGTHMEASURE(3.76),$);
#1420=IFCPROPERTYSET('1u5xPxodz3pxPoaFZBA4Iy',#18,'Pset_BeamCommon',$,(#199,#983,#1262,#1264,#1265,#1419,#2503));
#1421=IFCPROPERTYSET('3JUoOlvznk39mhWZdSADKl',#18,'Pset_EnvironmentalImpactIndicators',$,(#1262));
#1422=IFCPROPERTYSINGLEVALUE('Reference',$,IFCLABEL('StructuralTimber12x16'),$);
#1423=IFCPROPERTYSET('0pj3spm3rzriGf3NPIv3nr',#18,'Pset_ReinforcementBarPitchOfBeam',$,(#1422));
#1424=IFCRELDEFINESBYPROPERTIES('2jnJFVofkoQXvEUyeaZ0jL',#18,$,$,(#1418),#1420);
#1425=IFCRELDEFINESBYPROPERTIES('37RFts4EDRN199KiFpOFaU',#18,$,$,(#1418),#1421);
#1426=IFCRELDEFINESBYPROPERTIES('0dwCuF6YDL3jNCAFn1Otav',#18,$,$,(#1418),#1423);
#1427=IFCQUANTITYLENGTH('Length','',$,3.76,$);
#1428=IFCQUANTITYAREA('CrossSectionArea','',$,0.0192000000000005,$);
#1429=IFCQUANTITYAREA('OuterSurfaceArea','',$,2.10560000000003,$);
#1430=IFCQUANTITYAREA('GrossSurfaceArea','',$,2.14400000000003,$);
#1431=IFCQUANTITYAREA('NetSurfaceArea','',$,2.14400000000003,$);
#1432=IFCQUANTITYVOLUME('GrossVolume','',$,0.0721920000000019,$);
#1433=IFCQUANTITYVOLUME('NetVolume','',$,0.0721920000000019,$);
#1434=IFCELEMENTQUANTITY('0YXgoceh$sUjPL3rRV05hu',#18,'Qto_BeamBaseQuantities',$,$,(#1427,#1428,#1429,#1430,#1431,#1432,#1433));
#1435=IFCRELDEFINESBYPROPERTIES('3PpfJmHiGshphCO1qyrvB3',#18,$,$,(#1418),#1434);
#1436=IFCPROPERTYSINGLEVALUE('Reference Level Elevation',$,IFCLENGTHMEASURE(2.69),$);
#1437=IFCPROPERTYSINGLEVALUE('Work Plane',$,IFCTEXT('Level : Level 1'),$);
#1438=IFCPROPERTYSINGLEVALUE('Elevation at Bottom',$,IFCLENGTHMEASURE(2.5),$);
#1439=IFCPROPERTYSINGLEVALUE('Elevation at Top',$,IFCLENGTHMEASURE(2.66),$);
#1440=IFCPROPERTYSINGLEVALUE('Length',$,IFCLENGTHMEASURE(3.76),$);
#1441=IFCPROPERTYSINGLEVALUE('Volume',$,IFCVOLUMEMEASURE(0.0721920000000019),$);
#1442=IFCPROPERTYSINGLEVALUE('Cut Length',$,IFCLENGTHMEASURE(3.76),$);
#1443=IFCPROPERTYSINGLEVALUE('z Offset Value',$,IFCLENGTHMEASURE(-0.03),$);
#1444=IFCPROPERTYSET('2Fqq3XgM03FF6WZ6kNw9Po',#18,'Other',$,(#1282,#1283,#1284,#1285,#1286));
#1445=IFCPROPERTYSET('2xbzPhGjjdBpotWGLPfbDt',#18,'Constraints',$,(#1287,#1288,#1289,#1290,#1292,#1436,#1437));
#1446=IFCPROPERTYSET('3PXjVj1ZXw4EOi_MrP_Tbr',#18,'Dimensions',$,(#1438,#1439,#1440,#1441));
#1447=IFCPROPERTYSET('2KpQi5ifF$XnyFyVz$98Vm',#18,'Identity Data',$,(#209));
#1448=IFCPROPERTYSET('0Otqt8YnuIAtDBOHrSuoyR',#18,'Materials and Finishes',$,(#1298));
#1449=IFCPROPERTYSET('19nWmCHW4SKPiRep8t3xzJ',#18,'Phasing',$,(#145));
#1450=IFCPROPERTYSET('10VI6$4IKAaOwwTe_McN67',#18,'Structural',$,(#212,#278,#279,#1300,#1442));
#1451=IFCPROPERTYSET('2LS95oBYLOxhHIK5CgIEe7',#18,'Geometric Position',$,(#1301,#1302,#1303,#1304,#1305,#1306,#1307,#1443));
#1452=IFCPROPERTYSET('0XbHGvwvzWIqKN1IOOtuYk',#18,'Pset_BeamCommon',$,(#199));
#1453=IFCAXIS2PLACEMENT3D(#3,$,$);
#1455=IFCCARTESIANPOINTLIST2D(((-0.0799999999999997,-0.0600000000000021),(0.0800000000000002,-0.0600000000000015),(0.0800000000000002,0.0600000000000015),(-0.0799999999999997,0.0600000000000015),(-0.0799999999999997,-0.0600000000000021)));
#1456=IFCINDEXEDPOLYCURVE(#1455,$,.F.);
#1457=IFCARBITRARYCLOSEDPROFILEDEF(.AREA.,'StructuralTimber12x16',#1456);
#1458=IFCCARTESIANPOINT((-0.257334404349564,-3.4532673652206,2.58));
#1459=IFCAXIS2PLACEMENT3D(#1458,#5,#10);
#1460=IFCEXTRUDEDAREASOLID(#1457,#1459,#9,3.76);
#1461=IFCSTYLEDITEM(#1460,(#966),$);
#1462=IFCSHAPEREPRESENTATION(#24,'Body','SweptSolid',(#1460));
#1463=IFCCARTESIANPOINTLIST3D(((-0.110000000000002,2.16573425859679E-15,7.382075281284E-17),(-0.110000000000002,1.64686042580768E-15,3.76)));
#1464=IFCINDEXEDPOLYCURVE(#1463,$,.F.);
#1465=IFCSHAPEREPRESENTATION(#23,'Axis','Curve3D',(#1464));
#1466=IFCAXIS2PLACEMENT3D(#3,$,$);
#1467=IFCREPRESENTATIONMAP(#1466,#1462);
#1468=IFCCARTESIANPOINT((-0.257334404349564,-3.4532673652206,2.58));
#1469=IFCAXIS2PLACEMENT3D(#1468,#5,#10);
#1470=IFCREPRESENTATIONMAP(#1469,#1465);
#1471=IFCBEAMTYPE('21Nq4yg_v5gQDU8PwVfcD5',#18,'TimberBeam:StructuralTimber12x16',$,$,(#1324,#1325,#1326,#1327,#1514),(#1467,#1470),'425352',$,.BEAM.);
#1472=IFCMAPPEDITEM(#1467,#431);
#1473=IFCSHAPEREPRESENTATION(#24,'Body','MappedRepresentation',(#1472));
#1474=IFCMAPPEDITEM(#1470,#431);
#1475=IFCSHAPEREPRESENTATION(#23,'Axis','MappedRepresentation',(#1474));
#1476=IFCPRODUCTDEFINITIONSHAPE($,$,(#1473,#1475));
#1477=IFCCARTESIANPOINT((0.,0.,-2.69));
#1478=IFCAXIS2PLACEMENT3D(#1477,$,$);
#1479=IFCLOCALPLACEMENT(#38,#1478);
#1480=IFCBEAM('21Nq4yg_v5gQDUAPwVfcD5',#18,'TimberBeam:StructuralTimber12x16:466403',$,'TimberBeam:StructuralTimber12x16',#1479,#1476,'466403',.BEAM.);
#1481=IFCPROPERTYSINGLEVALUE('Span',$,IFCPOSITIVELENGTHMEASURE(3.76),$);
#1482=IFCPROPERTYSET('3UizIhHiTbka1tED1A__CN',#18,'Pset_BeamCommon',$,(#199,#983,#1262,#1264,#1265,#1481,#2504));
#1483=IFCPROPERTYSET('0WHD8cYi$FTm0XEP6i7WaN',#18,'Pset_EnvironmentalImpactIndicators',$,(#1262));
#1484=IFCPROPERTYSINGLEVALUE('Reference',$,IFCLABEL('StructuralTimber12x16'),$);
#1485=IFCPROPERTYSET('0bEi$NCuc7GOJZwTnUQYnG',#18,'Pset_ReinforcementBarPitchOfBeam',$,(#1484));
#1486=IFCRELDEFINESBYPROPERTIES('3FYg$a9a3SCcR4ww8T7IT8',#18,$,$,(#1480),#1482);
#1487=IFCRELDEFINESBYPROPERTIES('3Q7jbCsgcQksbfDIUesQF_',#18,$,$,(#1480),#1483);
#1488=IFCRELDEFINESBYPROPERTIES('2zMIOIV1NWVvGBK5cWl1Eq',#18,$,$,(#1480),#1485);
#1489=IFCQUANTITYLENGTH('Length','',$,3.76,$);
#1490=IFCQUANTITYAREA('CrossSectionArea','',$,0.0192000000000005,$);
#1491=IFCQUANTITYAREA('OuterSurfaceArea','',$,2.10560000000003,$);
#1492=IFCQUANTITYAREA('GrossSurfaceArea','',$,2.14400000000003,$);
#1493=IFCQUANTITYAREA('NetSurfaceArea','',$,2.14400000000003,$);
#1494=IFCQUANTITYVOLUME('GrossVolume','',$,0.0721920000000019,$);
#1495=IFCQUANTITYVOLUME('NetVolume','',$,0.0721920000000019,$);
#1496=IFCELEMENTQUANTITY('0garAqUGcIp02xg_MAoSZ6',#18,'Qto_BeamBaseQuantities',$,$,(#1489,#1490,#1491,#1492,#1493,#1494,#1495));
#1497=IFCRELDEFINESBYPROPERTIES('2JQaNeHDzzjCejREOxHpTs',#18,$,$,(#1480),#1496);
#1498=IFCPROPERTYSINGLEVALUE('Reference Level Elevation',$,IFCLENGTHMEASURE(2.69),$);
#1499=IFCPROPERTYSINGLEVALUE('Work Plane',$,IFCTEXT('Level : Level 1'),$);
#1500=IFCPROPERTYSINGLEVALUE('Elevation at Bottom',$,IFCLENGTHMEASURE(2.5),$);
#1501=IFCPROPERTYSINGLEVALUE('Elevation at Top',$,IFCLENGTHMEASURE(2.66),$);
#1502=IFCPROPERTYSINGLEVALUE('Length',$,IFCLENGTHMEASURE(3.76),$);
#1503=IFCPROPERTYSINGLEVALUE('Volume',$,IFCVOLUMEMEASURE(0.0721920000000019),$);
#1504=IFCPROPERTYSINGLEVALUE('Cut Length',$,IFCLENGTHMEASURE(3.76),$);
#1505=IFCPROPERTYSINGLEVALUE('z Offset Value',$,IFCLENGTHMEASURE(-0.03),$);
#1506=IFCPROPERTYSET('3EvNg$VoOWbeMkNXhbaiw9',#18,'Other',$,(#1282,#1283,#1284,#1285,#1286));
#1507=IFCPROPERTYSET('0vY1dSr8ABK9yn$Wl2d6X3',#18,'Constraints',$,(#1287,#1288,#1289,#1290,#1292,#1498,#1499));
#1508=IFCPROPERTYSET('0U3Wq7MXa9lI5GZo3TFCnl',#18,'Dimensions',$,(#1500,#1501,#1502,#1503));
#1509=IFCPROPERTYSET('3pLAQFFBDrhg2dnUlls7iJ',#18,'Identity Data',$,(#209));
#1510=IFCPROPERTYSET('37b_UXJH_6oyty1OTxbM0Y',#18,'Materials and Finishes',$,(#1298));
#1511=IFCPROPERTYSET('1CMIKdXWHvCZJgMB52ZuBY',#18,'Phasing',$,(#145));
#1512=IFCPROPERTYSET('3i$wCO$i_xWuB0zWvA$3bc',#18,'Structural',$,(#212,#278,#279,#1300,#1504));
#1513=IFCPROPERTYSET('0UKtznDlmEquOubYtGKGp0',#18,'Geometric Position',$,(#1301,#1302,#1303,#1304,#1305,#1306,#1307,#1505));
#1514=IFCPROPERTYSET('2$W6l123gvituWNVyAIj1$',#18,'Pset_BeamCommon',$,(#199));
#1515=IFCAXIS2PLACEMENT3D(#3,$,$);
#1517=IFCCARTESIANPOINTLIST2D(((-0.0799999999999997,-0.0600000000000021),(0.0800000000000002,-0.0600000000000015),(0.0800000000000002,0.0600000000000015),(-0.0799999999999997,0.0600000000000015),(-0.0799999999999997,-0.0600000000000021)));
#1518=IFCINDEXEDPOLYCURVE(#1517,$,.F.);
#1519=IFCARBITRARYCLOSEDPROFILEDEF(.AREA.,'StructuralTimber12x16',#1518);
#1520=IFCCARTESIANPOINT((-0.257334404349566,-3.9532673652206,2.58));
#1521=IFCAXIS2PLACEMENT3D(#1520,#5,#10);
#1522=IFCEXTRUDEDAREASOLID(#1519,#1521,#9,3.76);
#1523=IFCSTYLEDITEM(#1522,(#966),$);
#1524=IFCSHAPEREPRESENTATION(#24,'Body','SweptSolid',(#1522));
#1525=IFCCARTESIANPOINTLIST3D(((-0.110000000000002,2.16573425859679E-15,3.68417251308763E-16),(-0.110000000000002,1.64686042580768E-15,3.76)));
#1526=IFCINDEXEDPOLYCURVE(#1525,$,.F.);
#1527=IFCSHAPEREPRESENTATION(#23,'Axis','Curve3D',(#1526));
#1528=IFCAXIS2PLACEMENT3D(#3,$,$);
#1529=IFCREPRESENTATIONMAP(#1528,#1524);
#1530=IFCCARTESIANPOINT((-0.257334404349566,-3.9532673652206,2.58));
#1531=IFCAXIS2PLACEMENT3D(#1530,#5,#10);
#1532=IFCREPRESENTATIONMAP(#1531,#1527);
#1533=IFCBEAMTYPE('21Nq4yg_v5gQDU8PwVfcDB',#18,'TimberBeam:StructuralTimber12x16',$,$,(#1324,#1325,#1326,#1327,#1576),(#1529,#1532),'425352',$,.BEAM.);
#1534=IFCMAPPEDITEM(#1529,#431);
#1535=IFCSHAPEREPRESENTATION(#24,'Body','MappedRepresentation',(#1534));
#1536=IFCMAPPEDITEM(#1532,#431);
#1537=IFCSHAPEREPRESENTATION(#23,'Axis','MappedRepresentation',(#1536));
#1538=IFCPRODUCTDEFINITIONSHAPE($,$,(#1535,#1537));
#1539=IFCCARTESIANPOINT((0.,0.,-2.69));
#1540=IFCAXIS2PLACEMENT3D(#1539,$,$);
#1541=IFCLOCALPLACEMENT(#38,#1540);
#1542=IFCBEAM('21Nq4yg_v5gQDUAPwVfcDB',#18,'TimberBeam:StructuralTimber12x16:466413',$,'TimberBeam:StructuralTimber12x16',#1541,#1538,'466413',.BEAM.);
#1543=IFCPROPERTYSINGLEVALUE('Span',$,IFCPOSITIVELENGTHMEASURE(3.76),$);
#1544=IFCPROPERTYSET('05w9qOQfy6fipb0pnRKAvb',#18,'Pset_BeamCommon',$,(#199,#983,#1262,#1264,#1265,#1543,#2505));
#1545=IFCPROPERTYSET('3tEkOBkm3e3sZFnFsriPQ9',#18,'Pset_EnvironmentalImpactIndicators',$,(#1262));
#1546=IFCPROPERTYSINGLEVALUE('Reference',$,IFCLABEL('StructuralTimber12x16'),$);
#1547=IFCPROPERTYSET('0TdXogDuCPu$Lur7lW8TUY',#18,'Pset_ReinforcementBarPitchOfBeam',$,(#1546));
#1548=IFCRELDEFINESBYPROPERTIES('1k7SvBvE0teIh2W85c2mLl',#18,$,$,(#1542),#1544);
#1549=IFCRELDEFINESBYPROPERTIES('3jTkvV0nsKeg8stOZ0yzsX',#18,$,$,(#1542),#1545);
#1550=IFCRELDEFINESBYPROPERTIES('2WD6okwq9XqKK77h92wgvG',#18,$,$,(#1542),#1547);
#1551=IFCQUANTITYLENGTH('Length','',$,3.76,$);
#1552=IFCQUANTITYAREA('CrossSectionArea','',$,0.0192000000000005,$);
#1553=IFCQUANTITYAREA('OuterSurfaceArea','',$,2.10560000000003,$);
#1554=IFCQUANTITYAREA('GrossSurfaceArea','',$,2.14400000000003,$);
#1555=IFCQUANTITYAREA('NetSurfaceArea','',$,2.14400000000003,$);
#1556=IFCQUANTITYVOLUME('GrossVolume','',$,0.0721920000000019,$);
#1557=IFCQUANTITYVOLUME('NetVolume','',$,0.0721920000000019,$);
#1558=IFCELEMENTQUANTITY('00xlFMHIwc1lNIYKuXEkSI',#18,'Qto_BeamBaseQuantities',$,$,(#1551,#1552,#1553,#1554,#1555,#1556,#1557));
#1559=IFCRELDEFINESBYPROPERTIES('0J6hN4iHGf5KDRVgzBa7k5',#18,$,$,(#1542),#1558);
#1560=IFCPROPERTYSINGLEVALUE('Reference Level Elevation',$,IFCLENGTHMEASURE(2.69),$);
#1561=IFCPROPERTYSINGLEVALUE('Work Plane',$,IFCTEXT('Level : Level 1'),$);
#1562=IFCPROPERTYSINGLEVALUE('Elevation at Bottom',$,IFCLENGTHMEASURE(2.5),$);
#1563=IFCPROPERTYSINGLEVALUE('Elevation at Top',$,IFCLENGTHMEASURE(2.66),$);
#1564=IFCPROPERTYSINGLEVALUE('Length',$,IFCLENGTHMEASURE(3.76),$);
#1565=IFCPROPERTYSINGLEVALUE('Volume',$,IFCVOLUMEMEASURE(0.0721920000000019),$);
#1566=IFCPROPERTYSINGLEVALUE('Cut Length',$,IFCLENGTHMEASURE(3.76),$);
#1567=IFCPROPERTYSINGLEVALUE('z Offset Value',$,IFCLENGTHMEASURE(-0.03),$);
#1568=IFCPROPERTYSET('2AUznFC$Z5eqpqbPKIuScZ',#18,'Other',$,(#1282,#1283,#1284,#1285,#1286));
#1569=IFCPROPERTYSET('34CEHUV1i_uKHKHZGqqnBp',#18,'Constraints',$,(#1287,#1288,#1289,#1290,#1292,#1560,#1561));
#1570=IFCPROPERTYSET('1ksw0oSFqbepLZwccKopvT',#18,'Dimensions',$,(#1562,#1563,#1564,#1565));
#1571=IFCPROPERTYSET('3xkCvgiOVk2V0p2jMdl7Vf',#18,'Identity Data',$,(#209));
#1572=IFCPROPERTYSET('0EqoR8FawwEigoX_TYgAUx',#18,'Materials and Finishes',$,(#1298));
#1573=IFCPROPERTYSET('3j$FwEPfivi_KDwa3IqCWD',#18,'Phasing',$,(#145));
#1574=IFCPROPERTYSET('1EfBgNauRDb6XZZx1WZW6l',#18,'Structural',$,(#212,#278,#279,#1300,#1566));
#1575=IFCPROPERTYSET('31xgC9H0UNGlJGAocMMYG5',#18,'Geometric Position',$,(#1301,#1302,#1303,#1304,#1305,#1306,#1307,#1567));
#1576=IFCPROPERTYSET('1bv$XkxNGuoubV_xzajMuv',#18,'Pset_BeamCommon',$,(#199));
#1577=IFCAXIS2PLACEMENT3D(#3,$,$);
#1579=IFCCARTESIANPOINTLIST2D(((-0.0799999999999999,-0.0600000000000012),(0.08,-0.0600000000000018),(0.0800000000000004,0.0600000000000018),(-0.0799999999999995,0.0600000000000023),(-0.0799999999999999,-0.0600000000000012)));
#1580=IFCINDEXEDPOLYCURVE(#1579,$,.F.);
#1581=IFCARBITRARYCLOSEDPROFILEDEF(.AREA.,'StructuralTimber12x16',#1580);
#1582=IFCCARTESIANPOINT((-0.257334404349566,-4.4532673652206,2.58));
#1583=IFCAXIS2PLACEMENT3D(#1582,#5,#10);
#1584=IFCEXTRUDEDAREASOLID(#1581,#1583,#9,3.76);
#1585=IFCSTYLEDITEM(#1584,(#966),$);
#1586=IFCSHAPEREPRESENTATION(#24,'Body','SweptSolid',(#1584));
#1587=IFCCARTESIANPOINTLIST3D(((-0.110000000000002,3.14708259452343E-15,1.21580185155392E-16),(-0.110000000000002,2.62820876173427E-15,3.76)));
#1588=IFCINDEXEDPOLYCURVE(#1587,$,.F.);
#1589=IFCSHAPEREPRESENTATION(#23,'Axis','Curve3D',(#1588));
#1590=IFCAXIS2PLACEMENT3D(#3,$,$);
#1591=IFCREPRESENTATIONMAP(#1590,#1586);
#1592=IFCCARTESIANPOINT((-0.257334404349566,-4.4532673652206,2.58));
#1593=IFCAXIS2PLACEMENT3D(#1592,#5,#10);
#1594=IFCREPRESENTATIONMAP(#1593,#1589);
#1595=IFCBEAMTYPE('21Nq4yg_v5gQDU8PwVfcDV',#18,'TimberBeam:StructuralTimber12x16',$,$,(#1324,#1325,#1326,#1327,#1638),(#1591,#1594),'425352',$,.BEAM.);
#1596=IFCMAPPEDITEM(#1591,#431);
#1597=IFCSHAPEREPRESENTATION(#24,'Body','MappedRepresentation',(#1596));
#1598=IFCMAPPEDITEM(#1594,#431);
#1599=IFCSHAPEREPRESENTATION(#23,'Axis','MappedRepresentation',(#1598));
#1600=IFCPRODUCTDEFINITIONSHAPE($,$,(#1597,#1599));
#1601=IFCCARTESIANPOINT((0.,0.,-2.69));
#1602=IFCAXIS2PLACEMENT3D(#1601,$,$);
#1603=IFCLOCALPLACEMENT(#38,#1602);
#1604=IFCBEAM('21Nq4yg_v5gQDUAPwVfcDV',#18,'TimberBeam:StructuralTimber12x16:466425',$,'TimberBeam:StructuralTimber12x16',#1603,#1600,'466425',.BEAM.);
#1605=IFCPROPERTYSINGLEVALUE('Span',$,IFCPOSITIVELENGTHMEASURE(3.76),$);
#1606=IFCPROPERTYSET('2P6UJfRzdg7xTo5xsUdXTW',#18,'Pset_BeamCommon',$,(#199,#983,#1262,#1264,#1265,#1605,#2506));
#1607=IFCPROPERTYSET('28U9C7mY9azKcI6a2$nOZG',#18,'Pset_EnvironmentalImpactIndicators',$,(#1262));
#1608=IFCPROPERTYSINGLEVALUE('Reference',$,IFCLABEL('StructuralTimber12x16'),$);
#1609=IFCPROPERTYSET('3KykW1KhTsz_aWNP4QmmUa',#18,'Pset_ReinforcementBarPitchOfBeam',$,(#1608));
#1610=IFCRELDEFINESBYPROPERTIES('36o8odBDdV_gaLZ$lrcpDs',#18,$,$,(#1604),#1606);
#1611=IFCRELDEFINESBYPROPERTIES('1_HWYceasRaHP75NOtpefA',#18,$,$,(#1604),#1607);
#1612=IFCRELDEFINESBYPROPERTIES('3CyMikInq$$AW9kskDmBnT',#18,$,$,(#1604),#1609);
#1613=IFCQUANTITYLENGTH('Length','',$,3.76,$);
#1614=IFCQUANTITYAREA('CrossSectionArea','',$,0.0192000000000006,$);
#1615=IFCQUANTITYAREA('OuterSurfaceArea','',$,2.10560000000003,$);
#1616=IFCQUANTITYAREA('GrossSurfaceArea','',$,2.14400000000003,$);
#1617=IFCQUANTITYAREA('NetSurfaceArea','',$,2.14400000000003,$);
#1618=IFCQUANTITYVOLUME('GrossVolume','',$,0.0721920000000023,$);
#1619=IFCQUANTITYVOLUME('NetVolume','',$,0.0721920000000019,$);
#1620=IFCELEMENTQUANTITY('0DcglAGvT67cz8uiTiwBNj',#18,'Qto_BeamBaseQuantities',$,$,(#1613,#1614,#1615,#1616,#1617,#1618,#1619));
#1621=IFCRELDEFINESBYPROPERTIES('0t2M1PPsT0z$__RTMTKtNu',#18,$,$,(#1604),#1620);
#1622=IFCPROPERTYSINGLEVALUE('Reference Level Elevation',$,IFCLENGTHMEASURE(2.69),$);
#1623=IFCPROPERTYSINGLEVALUE('Work Plane',$,IFCTEXT('Level : Level 1'),$);
#1624=IFCPROPERTYSINGLEVALUE('Elevation at Bottom',$,IFCLENGTHMEASURE(2.5),$);
#1625=IFCPROPERTYSINGLEVALUE('Elevation at Top',$,IFCLENGTHMEASURE(2.66),$);
#1626=IFCPROPERTYSINGLEVALUE('Length',$,IFCLENGTHMEASURE(3.76),$);
#1627=IFCPROPERTYSINGLEVALUE('Volume',$,IFCVOLUMEMEASURE(0.0721920000000019),$);
#1628=IFCPROPERTYSINGLEVALUE('Cut Length',$,IFCLENGTHMEASURE(3.76),$);
#1629=IFCPROPERTYSINGLEVALUE('z Offset Value',$,IFCLENGTHMEASURE(-0.03),$);
#1630=IFCPROPERTYSET('35m9auQ2uuc_YfP2qipKy8',#18,'Other',$,(#1282,#1283,#1284,#1285,#1286));
#1631=IFCPROPERTYSET('1_47TOA7XjEycl$aapuB5z',#18,'Constraints',$,(#1287,#1288,#1289,#1290,#1292,#1622,#1623));
#1632=IFCPROPERTYSET('3$3_ccEHhmbD2OFS$7FqlE',#18,'Dimensions',$,(#1624,#1625,#1626,#1627));
#1633=IFCPROPERTYSET('19Njq2sJzuKYWxtJO8gRP5',#18,'Identity Data',$,(#209));
#1634=IFCPROPERTYSET('0Bnr5F4ZzdylO1fdwsqP7O',#18,'Materials and Finishes',$,(#1298));
#1635=IFCPROPERTYSET('3emm2IFweg6P8kXZvLKrbQ',#18,'Phasing',$,(#145));
#1636=IFCPROPERTYSET('1a0776bnk4YjEVVO7T4aQ_',#18,'Structural',$,(#212,#278,#279,#1300,#1628));
#1637=IFCPROPERTYSET('13fPNKNZO7xc_A4njX_R8d',#18,'Geometric Position',$,(#1301,#1302,#1303,#1304,#1305,#1306,#1307,#1629));
#1638=IFCPROPERTYSET('2Ikyg4p8osJvnMwILH7AvH',#18,'Pset_BeamCommon',$,(#199));
#1639=IFCAXIS2PLACEMENT3D(#3,$,$);
#1641=IFCCARTESIANPOINTLIST2D(((-0.0799999999999997,-0.0600000000000015),(0.0800000000000002,-0.0600000000000015),(0.0800000000000002,0.0600000000000026),(-0.0799999999999997,0.0600000000000015),(-0.0799999999999997,-0.0600000000000015)));
#1642=IFCINDEXEDPOLYCURVE(#1641,$,.F.);
#1643=IFCARBITRARYCLOSEDPROFILEDEF(.AREA.,'StructuralTimber12x16',#1642);
#1644=IFCCARTESIANPOINT((-0.257334404349567,-4.95326736522061,2.58));
#1645=IFCAXIS2PLACEMENT3D(#1644,#5,#10);
#1646=IFCEXTRUDEDAREASOLID(#1643,#1645,#9,3.76);
#1647=IFCSTYLEDITEM(#1646,(#966),$);
#1648=IFCSHAPEREPRESENTATION(#24,'Body','SweptSolid',(#1646));
#1649=IFCCARTESIANPOINTLIST3D(((-0.110000000000002,4.33146851719357E-15,3.82337085860844E-16),(-0.110000000000002,3.81259468440446E-15,3.76)));
#1650=IFCINDEXEDPOLYCURVE(#1649,$,.F.);
#1651=IFCSHAPEREPRESENTATION(#23,'Axis','Curve3D',(#1650));
#1652=IFCAXIS2PLACEMENT3D(#3,$,$);
#1653=IFCREPRESENTATIONMAP(#1652,#1648);
#1654=IFCCARTESIANPOINT((-0.257334404349567,-4.95326736522061,2.58));
#1655=IFCAXIS2PLACEMENT3D(#1654,#5,#10);
#1656=IFCREPRESENTATIONMAP(#1655,#1651);
#1657=IFCBEAMTYPE('21Nq4yg_v5gQDU8PwVfc2b',#18,'TimberBeam:StructuralTimber12x16',$,$,(#1324,#1325,#1326,#1327,#1700),(#1653,#1656),'425352',$,.BEAM.);
#1658=IFCMAPPEDITEM(#1653,#431);
#1659=IFCSHAPEREPRESENTATION(#24,'Body','MappedRepresentation',(#1658));
#1660=IFCMAPPEDITEM(#1656,#431);
#1661=IFCSHAPEREPRESENTATION(#23,'Axis','MappedRepresentation',(#1660));
#1662=IFCPRODUCTDEFINITIONSHAPE($,$,(#1659,#1661));
#1663=IFCCARTESIANPOINT((0.,0.,-2.69));
#1664=IFCAXIS2PLACEMENT3D(#1663,$,$);
#1665=IFCLOCALPLACEMENT(#38,#1664);
#1666=IFCBEAM('21Nq4yg_v5gQDUAPwVfc2b',#18,'TimberBeam:StructuralTimber12x16:466435',$,'TimberBeam:StructuralTimber12x16',#1665,#1662,'466435',.BEAM.);
#1667=IFCPROPERTYSINGLEVALUE('Span',$,IFCPOSITIVELENGTHMEASURE(3.76),$);
#1668=IFCPROPERTYSET('0IDLTMUbMmrMPX7z5eIVQg',#18,'Pset_BeamCommon',$,(#199,#983,#1262,#1264,#1265,#1667,#2507));
#1669=IFCPROPERTYSET('3vKaNHlShy8E8ltf_$WD3O',#18,'Pset_EnvironmentalImpactIndicators',$,(#1262));
#1670=IFCPROPERTYSINGLEVALUE('Reference',$,IFCLABEL('StructuralTimber12x16'),$);
#1671=IFCPROPERTYSET('1BaNC4QCgPTnEP0SpkIBWn',#18,'Pset_ReinforcementBarPitchOfBeam',$,(#1670));
#1672=IFCRELDEFINESBYPROPERTIES('0Jsawh$snTxUQ17OSTq3jQ',#18,$,$,(#1666),#1668);
#1673=IFCRELDEFINESBYPROPERTIES('2cWzwxIIDPDBxuMVBLX5jY',#18,$,$,(#1666),#1669);
#1674=IFCRELDEFINESBYPROPERTIES('2q4wH7RgtiH2ht27X6wWQR',#18,$,$,(#1666),#1671);
#1675=IFCQUANTITYLENGTH('Length','',$,3.76,$);
#1676=IFCQUANTITYAREA('CrossSectionArea','',$,0.0192000000000006,$);
#1677=IFCQUANTITYAREA('OuterSurfaceArea','',$,2.10560000000003,$);
#1678=IFCQUANTITYAREA('GrossSurfaceArea','',$,2.14400000000003,$);
#1679=IFCQUANTITYAREA('NetSurfaceArea','',$,2.14400000000003,$);
#1680=IFCQUANTITYVOLUME('GrossVolume','',$,0.0721920000000023,$);
#1681=IFCQUANTITYVOLUME('NetVolume','',$,0.0721920000000021,$);
#1682=IFCELEMENTQUANTITY('0v6PI$T6R3RQqjrkxTBE4Q',#18,'Qto_BeamBaseQuantities',$,$,(#1675,#1676,#1677,#1678,#1679,#1680,#1681));
#1683=IFCRELDEFINESBYPROPERTIES('2blLwIImuN0$ADGnmim1ox',#18,$,$,(#1666),#1682);
#1684=IFCPROPERTYSINGLEVALUE('Reference Level Elevation',$,IFCLENGTHMEASURE(2.69),$);
#1685=IFCPROPERTYSINGLEVALUE('Work Plane',$,IFCTEXT('Level : Level 1'),$);
#1686=IFCPROPERTYSINGLEVALUE('Elevation at Bottom',$,IFCLENGTHMEASURE(2.5),$);
#1687=IFCPROPERTYSINGLEVALUE('Elevation at Top',$,IFCLENGTHMEASURE(2.66),$);
#1688=IFCPROPERTYSINGLEVALUE('Length',$,IFCLENGTHMEASURE(3.76),$);
#1689=IFCPROPERTYSINGLEVALUE('Volume',$,IFCVOLUMEMEASURE(0.0721920000000021),$);
#1690=IFCPROPERTYSINGLEVALUE('Cut Length',$,IFCLENGTHMEASURE(3.76),$);
#1691=IFCPROPERTYSINGLEVALUE('z Offset Value',$,IFCLENGTHMEASURE(-0.03),$);
#1692=IFCPROPERTYSET('05xV64EsZv2zGuKLDnMIib',#18,'Other',$,(#1282,#1283,#1284,#1285,#1286));
#1693=IFCPROPERTYSET('3TTn0VRA99A0BUvCFHi_xm',#18,'Constraints',$,(#1287,#1288,#1289,#1290,#1292,#1684,#1685));
#1694=IFCPROPERTYSET('028USAHqKa7vgbpFu2skYa',#18,'Dimensions',$,(#1686,#1687,#1688,#1689));
#1695=IFCPROPERTYSET('2e5lBylp6xNisAp_pZQpt_',#18,'Identity Data',$,(#209));
#1696=IFCPROPERTYSET('3khjvWSQPfrf5hJp3hV4iB',#18,'Materials and Finishes',$,(#1298));
#1697=IFCPROPERTYSET('1_g2c0GFBPQjVr610w0j2w',#18,'Phasing',$,(#145));
#1698=IFCPROPERTYSET('0oObaAycTVF5coGH_4zmfG',#18,'Structural',$,(#212,#278,#279,#1300,#1690));
#1699=IFCPROPERTYSET('0zA4ifLrEnMBubEpKJajsq',#18,'Geometric Position',$,(#1301,#1302,#1303,#1304,#1305,#1306,#1307,#1691));
#1700=IFCPROPERTYSET('14EYaPT$SdlHpxxzhITDs6',#18,'Pset_BeamCommon',$,(#199));
#1701=IFCAXIS2PLACEMENT3D(#3,$,$);
#1703=IFCCARTESIANPOINTLIST2D(((-0.0799999999999997,-0.0600000000000015),(0.0800000000000002,-0.0600000000000015),(0.0800000000000002,0.0600000000000026),(-0.0799999999999997,0.0600000000000015),(-0.0799999999999997,-0.0600000000000015)));
#1704=IFCINDEXEDPOLYCURVE(#1703,$,.F.);
#1705=IFCARBITRARYCLOSEDPROFILEDEF(.AREA.,'StructuralTimber12x16',#1704);
#1706=IFCCARTESIANPOINT((-0.257334404349568,-5.45326736522061,2.58));
#1707=IFCAXIS2PLACEMENT3D(#1706,#5,#10);
#1708=IFCEXTRUDEDAREASOLID(#1705,#1707,#9,3.76);
#1709=IFCSTYLEDITEM(#1708,(#966),$);
#1710=IFCSHAPEREPRESENTATION(#24,'Body','SweptSolid',(#1708));
#1711=IFCCARTESIANPOINTLIST3D(((-0.110000000000002,4.33146851719357E-15,1.01660421917E-16),(-0.110000000000002,3.81259468440446E-15,3.76)));
#1712=IFCINDEXEDPOLYCURVE(#1711,$,.F.);
#1713=IFCSHAPEREPRESENTATION(#23,'Axis','Curve3D',(#1712));
#1714=IFCAXIS2PLACEMENT3D(#3,$,$);
#1715=IFCREPRESENTATIONMAP(#1714,#1710);
#1716=IFCCARTESIANPOINT((-0.257334404349568,-5.45326736522061,2.58));
#1717=IFCAXIS2PLACEMENT3D(#1716,#5,#10);
#1718=IFCREPRESENTATIONMAP(#1717,#1713);
#1719=IFCBEAMTYPE('21Nq4yg_v5gQDU8PwVfc2h',#18,'TimberBeam:StructuralTimber12x16',$,$,(#1324,#1325,#1326,#1327,#1762),(#1715,#1718),'425352',$,.BEAM.);
#1720=IFCMAPPEDITEM(#1715,#431);
#1721=IFCSHAPEREPRESENTATION(#24,'Body','MappedRepresentation',(#1720));
#1722=IFCMAPPEDITEM(#1718,#431);
#1723=IFCSHAPEREPRESENTATION(#23,'Axis','MappedRepresentation',(#1722));
#1724=IFCPRODUCTDEFINITIONSHAPE($,$,(#1721,#1723));
#1725=IFCCARTESIANPOINT((0.,0.,-2.69));
#1726=IFCAXIS2PLACEMENT3D(#1725,$,$);
#1727=IFCLOCALPLACEMENT(#38,#1726);
#1728=IFCBEAM('21Nq4yg_v5gQDUAPwVfc2h',#18,'TimberBeam:StructuralTimber12x16:466445',$,'TimberBeam:StructuralTimber12x16',#1727,#1724,'466445',.BEAM.);
#1729=IFCPROPERTYSINGLEVALUE('Span',$,IFCPOSITIVELENGTHMEASURE(3.76),$);
#1730=IFCPROPERTYSET('1DOiePfbHsbcZMYSZR_Vfe',#18,'Pset_BeamCommon',$,(#199,#983,#1262,#1264,#1265,#1729,#2508));
#1731=IFCPROPERTYSET('28uHDKRm3v9k1fVCrjceEm',#18,'Pset_EnvironmentalImpactIndicators',$,(#1262));
#1732=IFCPROPERTYSINGLEVALUE('Reference',$,IFCLABEL('StructuralTimber12x16'),$);
#1733=IFCPROPERTYSET('0f1Riny4v1NXCsVxk39eF4',#18,'Pset_ReinforcementBarPitchOfBeam',$,(#1732));
#1734=IFCRELDEFINESBYPROPERTIES('2kYRxkAtEsSOehPihALJu5',#18,$,$,(#1728),#1730);
#1735=IFCRELDEFINESBYPROPERTIES('29ZHxJl8fXL3CQi1BKO7L8',#18,$,$,(#1728),#1731);
#1736=IFCRELDEFINESBYPROPERTIES('2SclkA$Usb7TsIJ4_ANxhp',#18,$,$,(#1728),#1733);
#1737=IFCQUANTITYLENGTH('Length','',$,3.76,$);
#1738=IFCQUANTITYAREA('CrossSectionArea','',$,0.0192000000000006,$);
#1739=IFCQUANTITYAREA('OuterSurfaceArea','',$,2.10560000000003,$);
#1740=IFCQUANTITYAREA('GrossSurfaceArea','',$,2.14400000000003,$);
#1741=IFCQUANTITYAREA('NetSurfaceArea','',$,2.14400000000003,$);
#1742=IFCQUANTITYVOLUME('GrossVolume','',$,0.0721920000000023,$);
#1743=IFCQUANTITYVOLUME('NetVolume','',$,0.0721920000000021,$);
#1744=IFCELEMENTQUANTITY('2lNn9XF7Hw5WpzhYAmGT8F',#18,'Qto_BeamBaseQuantities',$,$,(#1737,#1738,#1739,#1740,#1741,#1742,#1743));
#1745=IFCRELDEFINESBYPROPERTIES('1I$taOmYwaNFOsTdjz6ZF6',#18,$,$,(#1728),#1744);
#1746=IFCPROPERTYSINGLEVALUE('Reference Level Elevation',$,IFCLENGTHMEASURE(2.69),$);
#1747=IFCPROPERTYSINGLEVALUE('Work Plane',$,IFCTEXT('Level : Level 1'),$);
#1748=IFCPROPERTYSINGLEVALUE('Elevation at Bottom',$,IFCLENGTHMEASURE(2.5),$);
#1749=IFCPROPERTYSINGLEVALUE('Elevation at Top',$,IFCLENGTHMEASURE(2.66),$);
#1750=IFCPROPERTYSINGLEVALUE('Length',$,IFCLENGTHMEASURE(3.76),$);
#1751=IFCPROPERTYSINGLEVALUE('Volume',$,IFCVOLUMEMEASURE(0.0721920000000021),$);
#1752=IFCPROPERTYSINGLEVALUE('Cut Length',$,IFCLENGTHMEASURE(3.76),$);
#1753=IFCPROPERTYSINGLEVALUE('z Offset Value',$,IFCLENGTHMEASURE(-0.03),$);
#1754=IFCPROPERTYSET('2mVROngSSnWZjaPJHGj$V2',#18,'Other',$,(#1282,#1283,#1284,#1285,#1286));
#1755=IFCPROPERTYSET('0DFigiyVHZrhuwL2OkgUZE',#18,'Constraints',$,(#1287,#1288,#1289,#1290,#1292,#1746,#1747));
#1756=IFCPROPERTYSET('0ifmcQ$c9FBBX0YOR35lhz',#18,'Dimensions',$,(#1748,#1749,#1750,#1751));
#1757=IFCPROPERTYSET('2D_19qiTBYEUejb1L8E$bv',#18,'Identity Data',$,(#209));
#1758=IFCPROPERTYSET('2Oa9PlriOPEQWyO6HupfWl',#18,'Materials and Finishes',$,(#1298));
#1759=IFCPROPERTYSET('2gs4P55hV7aJCeJK0yfQx6',#18,'Phasing',$,(#145));
#1760=IFCPROPERTYSET('1NBiclNBuEWPgAxPD450PX',#18,'Structural',$,(#212,#278,#279,#1300,#1752));
#1761=IFCPROPERTYSET('2a8sWtd6UIUZA0biu1DllN',#18,'Geometric Position',$,(#1301,#1302,#1303,#1304,#1305,#1306,#1307,#1753));
#1762=IFCPROPERTYSET('2TF$Cb2YMljJLpx5RUPqtk',#18,'Pset_BeamCommon',$,(#199));
#1763=IFCAXIS2PLACEMENT3D(#3,$,$);
#1765=IFCCARTESIANPOINTLIST2D(((-0.0799999999999997,-0.0600000000000015),(0.0800000000000002,-0.0600000000000015),(0.0800000000000002,0.0600000000000026),(-0.0799999999999997,0.0600000000000015),(-0.0799999999999997,-0.0600000000000015)));
#1766=IFCINDEXEDPOLYCURVE(#1765,$,.F.);
#1767=IFCARBITRARYCLOSEDPROFILEDEF(.AREA.,'StructuralTimber12x16',#1766);
#1768=IFCCARTESIANPOINT((-0.257334404349569,-5.95326736522061,2.58));
#1769=IFCAXIS2PLACEMENT3D(#1768,#5,#10);
#1770=IFCEXTRUDEDAREASOLID(#1767,#1769,#9,3.76);
#1771=IFCSTYLEDITEM(#1770,(#966),$);
#1772=IFCSHAPEREPRESENTATION(#24,'Body','SweptSolid',(#1770));
#1773=IFCCARTESIANPOINTLIST3D(((-0.110000000000002,4.33146851719357E-15,3.62417322622341E-16),(-0.110000000000002,3.81259468440446E-15,3.76)));
#1774=IFCINDEXEDPOLYCURVE(#1773,$,.F.);
#1775=IFCSHAPEREPRESENTATION(#23,'Axis','Curve3D',(#1774));
#1776=IFCAXIS2PLACEMENT3D(#3,$,$);
#1777=IFCREPRESENTATIONMAP(#1776,#1772);
#1778=IFCCARTESIANPOINT((-0.257334404349569,-5.95326736522061,2.58));
#1779=IFCAXIS2PLACEMENT3D(#1778,#5,#10);
#1780=IFCREPRESENTATIONMAP(#1779,#1775);
#1781=IFCBEAMTYPE('21Nq4yg_v5gQDU8PwVfc2$',#18,'TimberBeam:StructuralTimber12x16',$,$,(#1324,#1325,#1326,#1327,#1824),(#1777,#1780),'425352',$,.BEAM.);
#1782=IFCMAPPEDITEM(#1777,#431);
#1783=IFCSHAPEREPRESENTATION(#24,'Body','MappedRepresentation',(#1782));
#1784=IFCMAPPEDITEM(#1780,#431);
#1785=IFCSHAPEREPRESENTATION(#23,'Axis','MappedRepresentation',(#1784));
#1786=IFCPRODUCTDEFINITIONSHAPE($,$,(#1783,#1785));
#1787=IFCCARTESIANPOINT((0.,0.,-2.69));
#1788=IFCAXIS2PLACEMENT3D(#1787,$,$);
#1789=IFCLOCALPLACEMENT(#38,#1788);
#1790=IFCBEAM('21Nq4yg_v5gQDUAPwVfc2$',#18,'TimberBeam:StructuralTimber12x16:466457',$,'TimberBeam:StructuralTimber12x16',#1789,#1786,'466457',.BEAM.);
#1791=IFCPROPERTYSINGLEVALUE('Span',$,IFCPOSITIVELENGTHMEASURE(3.76),$);
#1792=IFCPROPERTYSET('3xVqqQRV_XeWJNNBMLAL4l',#18,'Pset_BeamCommon',$,(#199,#983,#1262,#1264,#1265,#1791,#2509));
#1793=IFCPROPERTYSET('1nHqQbI7Ku4WrR7KbDpONm',#18,'Pset_EnvironmentalImpactIndicators',$,(#1262));
#1794=IFCPROPERTYSINGLEVALUE('Reference',$,IFCLABEL('StructuralTimber12x16'),$);
#1795=IFCPROPERTYSET('2vT$XX6BmuUbqzp8r8aGDX',#18,'Pset_ReinforcementBarPitchOfBeam',$,(#1794));
#1796=IFCRELDEFINESBYPROPERTIES('28LtCD85KgXTugf4DHltpO',#18,$,$,(#1790),#1792);
#1797=IFCRELDEFINESBYPROPERTIES('3KtDSWj3ipRCkwgISLhEkm',#18,$,$,(#1790),#1793);
#1798=IFCRELDEFINESBYPROPERTIES('3guih8iWCkikHh78S_tzbj',#18,$,$,(#1790),#1795);
#1799=IFCQUANTITYLENGTH('Length','',$,3.76,$);
#1800=IFCQUANTITYAREA('CrossSectionArea','',$,0.0192000000000006,$);
#1801=IFCQUANTITYAREA('OuterSurfaceArea','',$,2.10560000000003,$);
#1802=IFCQUANTITYAREA('GrossSurfaceArea','',$,2.14400000000003,$);
#1803=IFCQUANTITYAREA('NetSurfaceArea','',$,2.14400000000003,$);
#1804=IFCQUANTITYVOLUME('GrossVolume','',$,0.0721920000000023,$);
#1805=IFCQUANTITYVOLUME('NetVolume','',$,0.0721920000000021,$);
#1806=IFCELEMENTQUANTITY('0bQlHcnfcZh$FGU55KluB5',#18,'Qto_BeamBaseQuantities',$,$,(#1799,#1800,#1801,#1802,#1803,#1804,#1805));
#1807=IFCRELDEFINESBYPROPERTIES('1gM7LJPUAi60HOXRqu7bi2',#18,$,$,(#1790),#1806);
#1808=IFCPROPERTYSINGLEVALUE('Reference Level Elevation',$,IFCLENGTHMEASURE(2.69),$);
#1809=IFCPROPERTYSINGLEVALUE('Work Plane',$,IFCTEXT('Level : Level 1'),$);
#1810=IFCPROPERTYSINGLEVALUE('Elevation at Bottom',$,IFCLENGTHMEASURE(2.5),$);
#1811=IFCPROPERTYSINGLEVALUE('Elevation at Top',$,IFCLENGTHMEASURE(2.66),$);
#1812=IFCPROPERTYSINGLEVALUE('Length',$,IFCLENGTHMEASURE(3.76),$);
#1813=IFCPROPERTYSINGLEVALUE('Volume',$,IFCVOLUMEMEASURE(0.0721920000000021),$);
#1814=IFCPROPERTYSINGLEVALUE('Cut Length',$,IFCLENGTHMEASURE(3.76),$);
#1815=IFCPROPERTYSINGLEVALUE('z Offset Value',$,IFCLENGTHMEASURE(-0.03),$);
#1816=IFCPROPERTYSET('0HHJ0JowodWacZXv2aV8Fz',#18,'Other',$,(#1282,#1283,#1284,#1285,#1286));
#1817=IFCPROPERTYSET('2JHvzvRQvXw8eFuPWtvAyN',#18,'Constraints',$,(#1287,#1288,#1289,#1290,#1292,#1808,#1809));
#1818=IFCPROPERTYSET('28lm4xMlHi1iyYBcxE5tin',#18,'Dimensions',$,(#1810,#1811,#1812,#1813));
#1819=IFCPROPERTYSET('2fIsb5BY4frDU5zx966_I1',#18,'Identity Data',$,(#209));
#1820=IFCPROPERTYSET('3m6vxzoRWofUso7bw32Fl$',#18,'Materials and Finishes',$,(#1298));
#1821=IFCPROPERTYSET('0BTYHxC28hh1ZQtmahy9WU',#18,'Phasing',$,(#145));
#1822=IFCPROPERTYSET('33ZdQ2crK$0MZz4Ip38$J$',#18,'Structural',$,(#212,#278,#279,#1300,#1814));
#1823=IFCPROPERTYSET('0RppqAXkpQWRhCDFBOQW8B',#18,'Geometric Position',$,(#1301,#1302,#1303,#1304,#1305,#1306,#1307,#1815));
#1824=IFCPROPERTYSET('1DDjsBPYd20mTfIQm2azEk',#18,'Pset_BeamCommon',$,(#199));
#1825=IFCAXIS2PLACEMENT3D(#3,$,$);
#1827=IFCCARTESIANPOINTLIST2D(((-2.58,-0.100000000000002),(2.58,-0.100000000000002),(2.58,0.100000000000002),(-2.58,0.100000000000002),(-2.58,-0.100000000000002)));
#1828=IFCINDEXEDPOLYCURVE(#1827,$,.F.);
#1829=IFCARBITRARYCLOSEDPROFILEDEF(.AREA.,'StructuralTimber20x32',#1828);
#1830=IFCCARTESIANPOINT((0.,-0.,-0.160000000000005));
#1831=IFCAXIS2PLACEMENT3D(#1830,#9,#6);
#1832=IFCEXTRUDEDAREASOLID(#1829,#1831,#9,0.32);
#1833=IFCSTYLEDITEM(#1832,(#966),$);
#1834=IFCSHAPEREPRESENTATION(#24,'Body','SweptSolid',(#1832));
#1835=IFCCARTESIANPOINTLIST3D(((-2.58,-1.35223208858867E-16,-0.340000000000004),(2.58,-1.35223208858867E-16,-0.340000000000004)));
#1836=IFCINDEXEDPOLYCURVE(#1835,$,.F.);
#1837=IFCSHAPEREPRESENTATION(#23,'Axis','Curve3D',(#1836));
#1838=IFCAXIS2PLACEMENT3D(#3,$,$);
#1839=IFCREPRESENTATIONMAP(#1838,#1834);
#1840=IFCAXIS2PLACEMENT3D(#3,$,$);
#1841=IFCREPRESENTATIONMAP(#1840,#1837);
#1842=IFCBEAMTYPE('0nXlNJjf56gRpWN$Toy6$u',#18,'TimberBeam:StructuralTimber20x32',$,$,(#1897,#1898,#1899,#1900,#1901),(#1839,#1841),'425350',$,.BEAM.);
#1843=IFCMAPPEDITEM(#1839,#431);
#1844=IFCSHAPEREPRESENTATION(#24,'Body','MappedRepresentation',(#1843));
#1845=IFCMAPPEDITEM(#1841,#431);
#1846=IFCSHAPEREPRESENTATION(#23,'Axis','MappedRepresentation',(#1845));
#1847=IFCPRODUCTDEFINITIONSHAPE($,$,(#1844,#1846));
#1848=IFCCARTESIANPOINT((1.62266559565045,-3.95326736522061,0.340000000000004));
#1849=IFCAXIS2PLACEMENT3D(#1848,#9,#8);
#1850=IFCLOCALPLACEMENT(#42,#1849);
#1851=IFCBEAM('0nXlNJjf56gRpWN$Toy6qI',#18,'TimberBeam:StructuralTimber20x32:467172',$,'TimberBeam:StructuralTimber20x32',#1850,#1847,'467172',.BEAM.);
#1852=IFCPROPERTYSINGLEVALUE('Reference',$,IFCIDENTIFIER('StructuralTimber20x32'),$);
#1853=IFCPROPERTYSINGLEVALUE('Span',$,IFCPOSITIVELENGTHMEASURE(5.15999999999999),$);
#1854=IFCPROPERTYSET('1LIth1h4t60Epiwq97owk$',#18,'Pset_BeamCommon',$,(#199,#983,#1264,#1265,#1852,#1853,#2495));
#1855=IFCPROPERTYSET('3jsWZjNiZvdNAg2TtzwGAC',#18,'Pset_EnvironmentalImpactIndicators',$,(#1852));
#1856=IFCPROPERTYSINGLEVALUE('Reference',$,IFCLABEL('StructuralTimber20x32'),$);
#1857=IFCPROPERTYSET('3vZaDItk8XQwE8sOniqBt4',#18,'Pset_ReinforcementBarPitchOfBeam',$,(#1856));
#1858=IFCRELDEFINESBYPROPERTIES('260iyuuSSIu0$tUjYvXFW$',#18,$,$,(#1851),#1854);
#1859=IFCRELDEFINESBYPROPERTIES('11GVl6RDecBSlihyLpbhmY',#18,$,$,(#1851),#1855);
#1860=IFCRELDEFINESBYPROPERTIES('3RMtfamBBGqVQvWQvTUALL',#18,$,$,(#1851),#1857);
#1861=IFCQUANTITYLENGTH('Length','',$,5.15999999999999,$);
#1862=IFCQUANTITYAREA('CrossSectionArea','',$,1.03200000000002,$);
#1863=IFCQUANTITYAREA('OuterSurfaceArea','',$,3.4304,$);
#1864=IFCQUANTITYAREA('GrossSurfaceArea','',$,5.49440000000003,$);
#1865=IFCQUANTITYAREA('NetSurfaceArea','',$,5.49440000000003,$);
#1866=IFCQUANTITYVOLUME('GrossVolume','',$,0.330240000000005,$);
#1867=IFCQUANTITYVOLUME('NetVolume','',$,0.330240000000005,$);
#1868=IFCELEMENTQUANTITY('2qKe4YJpLQ0J5vw2fQGeGk',#18,'Qto_BeamBaseQuantities',$,$,(#1861,#1862,#1863,#1864,#1865,#1866,#1867));
#1869=IFCRELDEFINESBYPROPERTIES('2NFz1ujqxRoQThyKFeY1gd',#18,$,$,(#1851),#1868);
#1870=IFCPROPERTYSINGLEVALUE('Family and Type',$,IFCLABEL('TimberBeam: StructuralTimber20x32'),$);
#1871=IFCPROPERTYSINGLEVALUE('Type',$,IFCLABEL('StructuralTimber20x32'),$);
#1872=IFCPROPERTYSINGLEVALUE('Type Id',$,IFCLABEL('425350'),$);
#1873=IFCPROPERTYSINGLEVALUE('Reference Level',$,IFCLABEL('Level 2'),$);
#1874=IFCPROPERTYSINGLEVALUE('Reference Level Elevation',$,IFCLENGTHMEASURE(4.75),$);
#1875=IFCPROPERTYSINGLEVALUE('Work Plane',$,IFCTEXT('Level : Level 2'),$);
#1876=IFCPROPERTYSINGLEVALUE('Elevation at Bottom',$,IFCLENGTHMEASURE(4.93),$);
#1877=IFCPROPERTYSINGLEVALUE('Elevation at Top',$,IFCLENGTHMEASURE(5.25),$);
#1878=IFCPROPERTYSINGLEVALUE('Length',$,IFCLENGTHMEASURE(5.15999999999999),$);
#1879=IFCPROPERTYSINGLEVALUE('Volume',$,IFCVOLUMEMEASURE(0.330240000000005),$);
#1880=IFCPROPERTYSINGLEVALUE('Cut Length',$,IFCLENGTHMEASURE(5.15999999999999),$);
#1881=IFCPROPERTYSINGLEVALUE('Structural Usage',$,IFCIDENTIFIER('Other'),$);
#1882=IFCPROPERTYSINGLEVALUE('z Offset Value',$,IFCLENGTHMEASURE(0.5),$);
#1883=IFCPROPERTYSINGLEVALUE('Family Name',$,IFCTEXT('TimberBeam'),$);
#1884=IFCPROPERTYSINGLEVALUE('b',$,IFCLENGTHMEASURE(0.2),$);
#1885=IFCPROPERTYSINGLEVALUE('h',$,IFCLENGTHMEASURE(0.32),$);
#1886=IFCPROPERTYSINGLEVALUE('OmniClass Number',$,IFCTEXT('23.25.30.11.14.14'),$);
#1887=IFCPROPERTYSINGLEVALUE('OmniClass Title',$,IFCTEXT('Beams'),$);
#1888=IFCPROPERTYSINGLEVALUE('Type Name',$,IFCTEXT('StructuralTimber20x32'),$);
#1889=IFCPROPERTYSET('1wquk1R1x9L84jLX4bEOty',#18,'Other',$,(#1282,#1283,#1870,#1871,#1872));
#1890=IFCPROPERTYSET('2CX$srB$oNmPfpGCp4IM6t',#18,'Constraints',$,(#1287,#1288,#1289,#1292,#1873,#1874,#1875));
#1891=IFCPROPERTYSET('0YYUjwiWML0$CbL8Z93hOu',#18,'Dimensions',$,(#1876,#1877,#1878,#1879));
#1892=IFCPROPERTYSET('2QVLBNvEHrHlT5uC2vDFoS',#18,'Identity Data',$,(#209));
#1893=IFCPROPERTYSET('3QRoCkb4v4L6hKDkqwCgQK',#18,'Materials and Finishes',$,(#1298));
#1894=IFCPROPERTYSET('3PsINi4YkzDZ8El7$O2UqI',#18,'Phasing',$,(#145));
#1895=IFCPROPERTYSET('0u2_as1lM4PucZznfIaFcp',#18,'Structural',$,(#212,#278,#279,#1880,#1881));
#1896=IFCPROPERTYSET('38vrr68DcQfg_RmDqC9Ryw',#18,'Geometric Position',$,(#1301,#1302,#1303,#1304,#1305,#1306,#1307,#1882));
#1897=IFCPROPERTYSET('2jvgGrUPQ30mJ07EJ$INIW',#18,'Other',$,(#1282,#1883));
#1898=IFCPROPERTYSET('3UNDYETywQNpy6LJQnXNCa',#18,'Dimensions',$,(#1884,#1885));
#1899=IFCPROPERTYSET('2tMo4xnQ47hsUB_Zmrvmz4',#18,'Identity Data',$,(#1886,#1887,#1888));
#1900=IFCPROPERTYSET('2lsvCGF9CxRll0vQtkSBRu',#18,'Structural',$,(#1315));
#1901=IFCPROPERTYSET('3RF$oHKDEEuL1l2sAyBPGP',#18,'Pset_BeamCommon',$,(#199));
#1902=IFCPROPERTYSINGLEVALUE('Reference',$,IFCIDENTIFIER('8mm Head'),$);
#1903=IFCPROPERTYSINGLEVALUE('AboveGround',$,IFCLOGICAL(.F.),$);
#1904=IFCPROPERTYSET('2Y2$w597eytuPG98dNqKgq',#18,'Pset_BuildingStoreyCommon',$,(#1902,#1903));
#1905=IFCRELDEFINESBYPROPERTIES('0tx_O3nqhzh2RGx7v_Zkw8',#18,$,$,(#35),#1904);
#1906=IFCPROPERTYSINGLEVALUE('Category',$,IFCLABEL('Levels'),$);
#1907=IFCPROPERTYSINGLEVALUE('Family',$,IFCLABEL('Level'),$);
#1908=IFCPROPERTYSINGLEVALUE('Family and Type',$,IFCLABEL('Level: 8mm Head'),$);
#1909=IFCPROPERTYSINGLEVALUE('Type',$,IFCLABEL('8mm Head'),$);
#1910=IFCPROPERTYSINGLEVALUE('Type Id',$,IFCLABEL('349'),$);
#1911=IFCPROPERTYSINGLEVALUE('Elevation',$,IFCLENGTHMEASURE(0.),$);
#1912=IFCPROPERTYSINGLEVALUE('Computation Height',$,IFCLENGTHMEASURE(0.),$);
#1913=IFCPROPERTYSINGLEVALUE('Building Story',$,IFCBOOLEAN(.T.),$);
#1914=IFCPROPERTYSINGLEVALUE('Name',$,IFCTEXT('Level 0'),$);
#1915=IFCPROPERTYSINGLEVALUE('Family Name',$,IFCTEXT('Level'),$);
#1916=IFCPROPERTYSINGLEVALUE('Elevation Base',$,IFCIDENTIFIER('Project Base Point'),$);
#1917=IFCPROPERTYSINGLEVALUE('Color',$,IFCINTEGER(0),$);
#1918=IFCPROPERTYSINGLEVALUE('Line Pattern',$,IFCLABEL('Centre'),$);
#1919=IFCPROPERTYSINGLEVALUE('Line Weight',$,IFCIDENTIFIER('1'),$);
#1920=IFCPROPERTYSINGLEVALUE('Symbol',$,IFCLABEL('M_Level Head - Circle'),$);
#1921=IFCPROPERTYSINGLEVALUE('Symbol at End 1 Default',$,IFCBOOLEAN(.F.),$);
#1922=IFCPROPERTYSINGLEVALUE('Symbol at End 2 Default',$,IFCBOOLEAN(.T.),$);
#1923=IFCPROPERTYSINGLEVALUE('Type Name',$,IFCTEXT('8mm Head'),$);
#1924=IFCPROPERTYSET('0tOSrY3Y8UxIoP5vUg9VKe',#18,'Other',$,(#1906,#1907,#1908,#1909,#1910));
#1925=IFCPROPERTYSET('1ldjPrTwHwQ4tXSM0kh$Xb',#18,'Constraints',$,(#1911));
#1926=IFCPROPERTYSET('0G13JGdtIka0GpKSbYG9BD',#18,'Dimensions',$,(#1912));
#1927=IFCPROPERTYSET('04OP3X2PRixuYR3qWEjsnU',#18,'Identity Data',$,(#146,#1913,#1914));
#1928=IFCPROPERTYSET('30ywHIewDUrORDm0UIpsb0',#18,'Other(Type)',$,(#1906,#1915));
#1929=IFCPROPERTYSET('0i3fTWGfP33cgsfV2j631m',#18,'Constraints(Type)',$,(#1916));
#1930=IFCPROPERTYSET('1kT4cQ5ow_Th$TyC8quCRg',#18,'Graphics(Type)',$,(#1917,#1918,#1919,#1920,#1921,#1922));
#1931=IFCPROPERTYSET('1oQ6lLXUh3ZAigqTsv_3yD',#18,'Identity Data(Type)',$,(#1923));
#1932=IFCRELCONTAINEDINSPATIALSTRUCTURE('3Aw$FV5MbAufEo59tkoNgA',#18,$,$,(#100,#185,#240,#309,#385,#438,#515,#901,#981,#1032,#1153,#1199),#35);
#1933=IFCPROPERTYSET('151Ln0Fjb92Z3sCKU6wotL',#18,'Pset_BuildingStoreyCommon',$,(#1902,#1903));
#1934=IFCRELDEFINESBYPROPERTIES('3iRLjTf7fAvUvgRj26q3nU',#18,$,$,(#39),#1933);
#1935=IFCPROPERTYSINGLEVALUE('Elevation',$,IFCLENGTHMEASURE(2.69),$);
#1936=IFCPROPERTYSINGLEVALUE('Name',$,IFCTEXT('Level 1'),$);
#1937=IFCPROPERTYSET('3oRYVYQXI7tYMswHGcsVXy',#18,'Other',$,(#1906,#1907,#1908,#1909,#1910));
#1938=IFCPROPERTYSET('3z1uBxvrDwhc$jFGJGkMae',#18,'Constraints',$,(#1935));
#1939=IFCPROPERTYSET('2hSJGneJkipR_fA36iYsQx',#18,'Dimensions',$,(#1912));
#1940=IFCPROPERTYSET('0CUqsyPkrD31JjNEFDz5Z4',#18,'Identity Data',$,(#146,#1913,#1936));
#1941=IFCRELCONTAINEDINSPATIALSTRUCTURE('3kSL0VGKv3gxJCujiqtuJj',#18,$,$,(#595,#685,#779,#866,#932,#1060,#1089,#1117,#1261,#1356,#1418,#1480,#1542,#1604,#1666,#1728,#1790),#39);
#1942=IFCPROPERTYSET('12TAOgASQhNviTUbToGI5v',#18,'Pset_BuildingStoreyCommon',$,(#1902,#1903));
#1943=IFCRELDEFINESBYPROPERTIES('3HChN7ESir4xxifOi0eF5i',#18,$,$,(#43),#1942);
#1944=IFCPROPERTYSINGLEVALUE('Elevation',$,IFCLENGTHMEASURE(4.75),$);
#1945=IFCPROPERTYSINGLEVALUE('Name',$,IFCTEXT('Level 2'),$);
#1946=IFCPROPERTYSET('2JJG3cRXMnlJXOEvCs9EA0',#18,'Other',$,(#1906,#1907,#1908,#1909,#1910));
#1947=IFCPROPERTYSET('25kAHnbyuR0F43Io3q3xWD',#18,'Constraints',$,(#1944));
#1948=IFCPROPERTYSET('2GF_sc5i5Oeh67J5Mmpjkl',#18,'Dimensions',$,(#1912));
#1949=IFCPROPERTYSET('21Gsa_2fIcsMYQ0wKa_22x',#18,'Identity Data',$,(#146,#1913,#1945));
#1950=IFCRELCONTAINEDINSPATIALSTRUCTURE('39eXwoTzD8MeLclueGvfZZ',#18,$,$,(#1851),#43);
#1951=IFCPROPERTYSET('34UnFTCfjMIg0lKE$yfFvc',#18,'Pset_BuildingStoreyCommon',$,(#1902,#1903));
#1952=IFCRELDEFINESBYPROPERTIES('22WJHufVLc46vgaYSScWUH',#18,$,$,(#47),#1951);
#1953=IFCPROPERTYSINGLEVALUE('Elevation',$,IFCLENGTHMEASURE(6.3),$);
#1954=IFCPROPERTYSINGLEVALUE('Name',$,IFCTEXT('Level 3'),$);
#1955=IFCPROPERTYSET('14w6pYbjuGL7cnFwVVpOUb',#18,'Other',$,(#1906,#1907,#1908,#1909,#1910));
#1956=IFCPROPERTYSET('1ge2qK3wELFgI1M9zgWW6Z',#18,'Constraints',$,(#1953));
#1957=IFCPROPERTYSET('3mnvxW25Y_CTY6$ZlVNtsl',#18,'Dimensions',$,(#1912));
#1958=IFCPROPERTYSET('3KRF0bAAVCt_2cWeVmTaHv',#18,'Identity Data',$,(#146,#1913,#1954));
#1959=IFCRELAGGREGATES('1rUOgp4KzhRGWwXhZ2bsiS',#18,$,$,#27,(#51));
#1960=IFCRELAGGREGATES('3puaTqsaKBqMsBtfwvujVQ',#18,$,$,#51,(#32));
#1961=IFCRELAGGREGATES('0bEVwXRmbBleAvzFSJirAn',#18,$,$,#32,(#35,#39,#43,#47));
#1962=IFCPROPERTYSINGLEVALUE('NumberOfStoreys',$,IFCINTEGER(3),$);
#1963=IFCPROPERTYSINGLEVALUE('IsLandmarked',$,IFCLOGICAL(.F.),$);
#1964=IFCPROPERTYSET('0cU4b4Kyh46uwLPD$An9tF',#18,'Pset_BuildingCommon',$,(#52,#1962,#1963));
#1965=IFCPROPERTYSET('1mtWPsKxt_f1B1NGkE_DeL',#18,'Pset_BuildingElementProxyCommon',$,(#52,#983));
#1966=IFCPROPERTYSET('3hwim84kaGm7sO4NdCYsKU',#18,'Pset_BuildingStoreyCommon',$,(#52,#1903));
#1967=IFCPROPERTYSET('1ARMIyHQ4SSq5ZjrNleDI4',#18,'Pset_BuildingSystemCommon',$,(#52));
#1968=IFCRELDEFINESBYPROPERTIES('09hDhWKbcxn0qZLs5OZ$4A',#18,$,$,(#32),#1964);
#1969=IFCRELDEFINESBYPROPERTIES('1ieZ1tz_R46eCRJjgEapt9',#18,$,$,(#32),#1965);
#1970=IFCRELDEFINESBYPROPERTIES('1zpbokCAzLfN8$SEcHGhfb',#18,$,$,(#32),#1966);
#1971=IFCRELDEFINESBYPROPERTIES('2PZi2a7D4XbpOEeqCOF5_9',#18,$,$,(#32),#1967);
#1972=IFCRELASSOCIATESMATERIAL('3xwAchmv8QHPQOW$GrRYi1',#18,$,$,(#100,#185,#385,#515,#595,#685,#779,#866),#112);
#1973=IFCRELASSOCIATESMATERIAL('0BY2mUgTfJaDqmD$T_XOkW',#18,$,$,(#240,#309,#1153,#1199),#242);
#1974=IFCRELASSOCIATESMATERIAL('0ACKajQwyZc3JDNt8rthTX',#2554,$,$,(#429),#430);
#1975=IFCRELASSOCIATESMATERIAL('2UvDEvJgKj66so95sUZ2EP',#2555,$,$,(#1060,#1851,#932,#1728,#1719,#973,#1117,#1533,#1666,#1480,#1347,#438,#1261,#1595,#1471,#901,#1842,#1089,#1032,#1418,#1790,#1657,#1252,#1604,#1409,#1781,#981,#1356,#1542),#974);
#1976=IFCRELDEFINESBYTYPE('1fTIIokttxkiII_OQHFdl2',#18,$,$,(#100,#185,#385,#515,#595,#685,#779,#866),#113);
#1977=IFCRELDEFINESBYTYPE('3$sCBpdDh8W_er8hEocEh1',#18,$,$,(#240,#309,#1153,#1199),#241);
#1978=IFCRELDEFINESBYTYPE('3Y97wOt1$Gl3ThNHt11Tiu',#18,$,$,(#438,#901,#932,#1117),#429);
#1979=IFCRELDEFINESBYTYPE('3l1bTxcjeoIvFFW19DMcV_',#18,$,$,(#981,#1032,#1060,#1089),#973);
#1980=IFCRELDEFINESBYTYPE('2_F_4JZt7ZnFaQSolZeWTs',#18,$,$,(#1261),#1252);
#1981=IFCRELDEFINESBYTYPE('3zqFTGAeBUKlhe3Df8_wnG',#18,$,$,(#1356),#1347);
#1982=IFCRELDEFINESBYTYPE('0PVzvDxq2TLk5csXJrsGUc',#18,$,$,(#1418),#1409);
#1983=IFCRELDEFINESBYTYPE('3CTRz$CIhpdypcUMx1tCmG',#18,$,$,(#1480),#1471);
#1984=IFCRELDEFINESBYTYPE('0pfaJIgpblc6UAnSc1T3qG',#18,$,$,(#1542),#1533);
#1985=IFCRELDEFINESBYTYPE('1qkx_TL9sdxWc5MKwINPFY',#18,$,$,(#1604),#1595);
#1986=IFCRELDEFINESBYTYPE('1Sj1IuXVbVcJJRLwrYVmFC',#18,$,$,(#1666),#1657);
#1987=IFCRELDEFINESBYTYPE('0dKiixU5AgkTyJkCFWzlwa',#18,$,$,(#1728),#1719);
#1988=IFCRELDEFINESBYTYPE('0bR87gF14rdo4$lWPneM08',#18,$,$,(#1790),#1781);
#1989=IFCRELDEFINESBYTYPE('3dy$BGMdiuUw2YnPFvk1gZ',#18,$,$,(#1851),#1842);
#1990=IFCRELDEFINESBYPROPERTIES('3F3e1qQ37OrgRJ995qx3J9',#18,$,$,(#35),#1924);
#1991=IFCRELDEFINESBYPROPERTIES('3MzGjyn61yEvEvXmM295T_',#18,$,$,(#35),#1925);
#1992=IFCRELDEFINESBYPROPERTIES('3OOIDgdzSjUG3I7Lz9iDKb',#18,$,$,(#35),#1926);
#1993=IFCRELDEFINESBYPROPERTIES('17wku3QglovctDPePxsxqY',#18,$,$,(#35),#1927);
#1994=IFCRELDEFINESBYPROPERTIES('0i3NoA3eLbcVBHhB3Ah7iL',#18,$,$,(#39),#1937);
#1995=IFCRELDEFINESBYPROPERTIES('17reVzUxePdpHZan9vrCbs',#18,$,$,(#39),#1938);
#1996=IFCRELDEFINESBYPROPERTIES('1poNjSa9RjH2ySVF$LD7IX',#18,$,$,(#39),#1939);
#1997=IFCRELDEFINESBYPROPERTIES('2olWpwKQ3B0sh95jdBND9$',#18,$,$,(#39),#1940);
#1998=IFCRELDEFINESBYPROPERTIES('2ML1IZynBb2abpSmdB9kv7',#18,$,$,(#32,#51),#63);
#1999=IFCRELDEFINESBYPROPERTIES('3AxhmMAdBGv42rvn0fBTQT',#18,$,$,(#100),#159);
#2000=IFCRELDEFINESBYPROPERTIES('0x0medzI6FBAddAd27x86I',#18,$,$,(#100),#160);
#2001=IFCRELDEFINESBYPROPERTIES('03K$3MIWFYZD_d_7ZaltE8',#18,$,$,(#100),#161);
#2002=IFCRELDEFINESBYPROPERTIES('1_a$VHSe1KTWf$S2wZqAD9',#18,$,$,(#100),#162);
#2003=IFCRELDEFINESBYPROPERTIES('1E$LeElk8in76mRcragk8A',#18,$,$,(#100),#163);
#2004=IFCRELDEFINESBYPROPERTIES('0SR9tTk5nA260eGD1YBIei',#18,$,$,(#100),#164);
#2005=IFCRELDEFINESBYPROPERTIES('1qap_yRH2T39bCZ2ZNNLBI',#18,$,$,(#185),#215);
#2006=IFCRELDEFINESBYPROPERTIES('2FKSHVSJnHknxjqltN$IRO',#18,$,$,(#185),#216);
#2007=IFCRELDEFINESBYPROPERTIES('1yzqa5hortp$iN6$Lofssc',#18,$,$,(#185),#217);
#2008=IFCRELDEFINESBYPROPERTIES('0h9XaBmWPWftQe4IQ4UyWL',#18,$,$,(#185),#218);
#2009=IFCRELDEFINESBYPROPERTIES('116LD3DJVjxqp5rCwPlJqa',#18,$,$,(#185),#219);
#2010=IFCRELDEFINESBYPROPERTIES('2YbHiPEj8zu4XCnNaRnOEc',#18,$,$,(#185),#220);
#2011=IFCRELDEFINESBYPROPERTIES('0AWcmq9tHi$HPIMgfVWBLi',#18,$,$,(#185),#221);
#2012=IFCRELDEFINESBYPROPERTIES('1SaYjhN77UU4Jtw7RTQPkF',#18,$,$,(#43),#1946);
#2013=IFCRELDEFINESBYPROPERTIES('2MMbvP0w_xspEgHbspLtnl',#18,$,$,(#43),#1947);
#2014=IFCRELDEFINESBYPROPERTIES('21zEzHH6eHPljiNqIGseRL',#18,$,$,(#43),#1948);
#2015=IFCRELDEFINESBYPROPERTIES('1gm2pfSw9jlgLPnOCvyOmb',#18,$,$,(#43),#1949);
#2016=IFCRELDEFINESBYPROPERTIES('0FtFqAhNK42k4241TDvzkj',#18,$,$,(#47),#1955);
#2017=IFCRELDEFINESBYPROPERTIES('30pXnHoFBAHW5USK2IA2Pq',#18,$,$,(#47),#1956);
#2018=IFCRELDEFINESBYPROPERTIES('3uQHEPhY0pnWOJ4eD53h_k',#18,$,$,(#47),#1957);
#2019=IFCRELDEFINESBYPROPERTIES('0DBL1tFcVdbiGtimqGFSH$',#18,$,$,(#47),#1958);
#2020=IFCRELDEFINESBYPROPERTIES('275U_d2w_N3YSD90e4Vwz1',#18,$,$,(#240),#287);
#2021=IFCRELDEFINESBYPROPERTIES('2so_gJlcFCTZ2ikUHATvnt',#18,$,$,(#240),#288);
#2022=IFCRELDEFINESBYPROPERTIES('2psQpYt_kqCIK6mRspB0zA',#18,$,$,(#240),#289);
#2023=IFCRELDEFINESBYPROPERTIES('3vVoLrkJ$A0IUh7h41vFox',#18,$,$,(#240),#290);
#2024=IFCRELDEFINESBYPROPERTIES('0f6kPJSkQyGuMjQckbNloU',#18,$,$,(#240),#291);
#2025=IFCRELDEFINESBYPROPERTIES('1Mt7mNGU8$ROsQrBxDHO9_',#18,$,$,(#240),#292);
#2026=IFCRELDEFINESBYPROPERTIES('21stOTETw$kw4WbejvpIXp',#18,$,$,(#309),#338);
#2027=IFCRELDEFINESBYPROPERTIES('0mBW02N5z3xdxzaSttVG7A',#18,$,$,(#309),#339);
#2028=IFCRELDEFINESBYPROPERTIES('1_jKPbPq8$gza3izwNv5Pw',#18,$,$,(#309),#340);
#2029=IFCRELDEFINESBYPROPERTIES('1A0T2DHjFoNUtDJLSTgrIV',#18,$,$,(#309),#341);
#2030=IFCRELDEFINESBYPROPERTIES('1qRbHgDfF9xOYNdCjewMry',#18,$,$,(#309),#342);
#2031=IFCRELDEFINESBYPROPERTIES('0voStTFrF2ANlOo$BBuQBi',#18,$,$,(#309),#343);
#2032=IFCRELDEFINESBYPROPERTIES('0P22wEflQ7GEqpkYBAycBb',#18,$,$,(#385),#408);
#2033=IFCRELDEFINESBYPROPERTIES('2LPxAXgBVe$pYtbUIx7jpx',#18,$,$,(#385),#409);
#2034=IFCRELDEFINESBYPROPERTIES('29unFSYYJAFHWHKnPB2l3t',#18,$,$,(#385),#410);
#2035=IFCRELDEFINESBYPROPERTIES('3eYmbn08WhT8zd3amSrRqx',#18,$,$,(#385),#411);
#2036=IFCRELDEFINESBYPROPERTIES('3fVmrJfvBH$2S8ZGnPxyhf',#18,$,$,(#385),#412);
#2037=IFCRELDEFINESBYPROPERTIES('3jbpoDa37XzBWEhtGxctkL',#18,$,$,(#385),#413);
#2038=IFCRELDEFINESBYPROPERTIES('1YkLAyqIKV3I2YmM4p2ThP',#18,$,$,(#385),#414);
#2039=IFCRELDEFINESBYPROPERTIES('1kyqMx54oQWxeP1zunw8BE',#18,$,$,(#438),#473);
#2040=IFCRELDEFINESBYPROPERTIES('1zqC1uQ9DuQGlJPLzVtB63',#18,$,$,(#438),#474);
#2041=IFCRELDEFINESBYPROPERTIES('1WnaSyQzVpzeGZ0tfzXlS2',#18,$,$,(#438),#475);
#2042=IFCRELDEFINESBYPROPERTIES('0cHK6DJQJmu6ye5guNm1$y',#18,$,$,(#438),#476);
#2043=IFCRELDEFINESBYPROPERTIES('31$S8zLo88dw3Y4QPx_7Pg',#18,$,$,(#438),#477);
#2044=IFCRELDEFINESBYPROPERTIES('1deo$5MRteGk6W1lV12o_v',#18,$,$,(#515),#538);
#2045=IFCRELDEFINESBYPROPERTIES('00HvtUbvgDSZBrsg2dGrOo',#18,$,$,(#515),#539);
#2046=IFCRELDEFINESBYPROPERTIES('2UzfW02W4pnsN1Ob9FG8MZ',#18,$,$,(#515),#540);
#2047=IFCRELDEFINESBYPROPERTIES('2RWXn83ls14swQe7tPwVZY',#18,$,$,(#515),#541);
#2048=IFCRELDEFINESBYPROPERTIES('030Kq91h8c_SEesrPICILs',#18,$,$,(#515),#542);
#2049=IFCRELDEFINESBYPROPERTIES('1zeTyAh3tmwiTDXUDRJwTO',#18,$,$,(#515),#543);
#2050=IFCRELDEFINESBYPROPERTIES('2pQsUy0c8GrOil65o6O9C3',#18,$,$,(#515),#544);
#2051=IFCRELDEFINESBYPROPERTIES('2xXaNsB4dUBIfE2gqRaVxK',#18,$,$,(#595),#622);
#2052=IFCRELDEFINESBYPROPERTIES('29fCvt6nSPZ3kBDfuh0X0r',#18,$,$,(#595),#623);
#2053=IFCRELDEFINESBYPROPERTIES('18THeqXBNgsuw0KDmruBdL',#18,$,$,(#595),#624);
#2054=IFCRELDEFINESBYPROPERTIES('0T9YMzrZ08K1AS4_pIvoDf',#18,$,$,(#595),#625);
#2055=IFCRELDEFINESBYPROPERTIES('26FZKzKDoHPxcwkyqhf6BY',#18,$,$,(#595),#626);
#2056=IFCRELDEFINESBYPROPERTIES('2nCQhwVxmZQKWWeKp_iMQV',#18,$,$,(#595),#627);
#2057=IFCRELDEFINESBYPROPERTIES('0MoLUMISkZq2QKRxH9gCz1',#18,$,$,(#685),#708);
#2058=IFCRELDEFINESBYPROPERTIES('0Xz8_HvZ5SDar9AfSq1a7B',#18,$,$,(#685),#709);
#2059=IFCRELDEFINESBYPROPERTIES('2LmQHGDvAiC2sU0YAiIDTp',#18,$,$,(#685),#710);
#2060=IFCRELDEFINESBYPROPERTIES('15E8$EFFq5NRKPlJARUvdr',#18,$,$,(#685),#711);
#2061=IFCRELDEFINESBYPROPERTIES('1Gm93yyMFvLFip5E62Ov3c',#18,$,$,(#685),#712);
#2062=IFCRELDEFINESBYPROPERTIES('0QSY9aoDp0ZSQBkFlGOK3S',#18,$,$,(#685),#713);
#2063=IFCRELDEFINESBYPROPERTIES('2ULsjs_Fcn5bxS9OnP4DNG',#18,$,$,(#779),#802);
#2064=IFCRELDEFINESBYPROPERTIES('0khCr2NnYR1zqgk5MRY9iz',#18,$,$,(#779),#803);
#2065=IFCRELDEFINESBYPROPERTIES('225z9bdA_N7qzxexKiwciD',#18,$,$,(#779),#804);
#2066=IFCRELDEFINESBYPROPERTIES('1jelv7NcvENEUfAoi7WuqP',#18,$,$,(#779),#805);
#2067=IFCRELDEFINESBYPROPERTIES('3D0lE3PEr4kzmZQhLgr6e_',#18,$,$,(#779),#806);
#2068=IFCRELDEFINESBYPROPERTIES('36xvTNK3w23Ay6dWJGnnSl',#18,$,$,(#779),#807);
#2069=IFCRELDEFINESBYPROPERTIES('038QDRbxm$E5K11LMQKTbj',#18,$,$,(#866),#889);
#2070=IFCRELDEFINESBYPROPERTIES('0BPaVhAz3CoGxX5H8wfVjk',#18,$,$,(#866),#890);
#2071=IFCRELDEFINESBYPROPERTIES('1YWYvJ1W826ku_sn2attdT',#18,$,$,(#866),#891);
#2072=IFCRELDEFINESBYPROPERTIES('0Aa3a78Dfm9t9JAL8Z7dEU',#18,$,$,(#866),#892);
#2073=IFCRELDEFINESBYPROPERTIES('1Nd7K3qosKMKzxfSNcFvFj',#18,$,$,(#866),#893);
#2074=IFCRELDEFINESBYPROPERTIES('3$6TLOEiPqVL1$mDWcvM_u',#18,$,$,(#866),#894);
#2075=IFCRELDEFINESBYPROPERTIES('0Sg9IDOxbsofPiD69YK0RK',#18,$,$,(#901),#921);
#2076=IFCRELDEFINESBYPROPERTIES('3PLsk3exN6ITN0g_TLpnNw',#18,$,$,(#901),#922);
#2077=IFCRELDEFINESBYPROPERTIES('3cwArurPDGDBBEioLjucbJ',#18,$,$,(#901),#923);
#2078=IFCRELDEFINESBYPROPERTIES('1rJyLAsFqwl0K1XHWiWaOn',#18,$,$,(#901),#924);
#2079=IFCRELDEFINESBYPROPERTIES('01HIkoT5K2S5O9OfsCTr$h',#18,$,$,(#901),#925);
#2080=IFCRELDEFINESBYPROPERTIES('3nTUV1P4BqJ1gmwMaLdqiJ',#18,$,$,(#932),#953);
#2081=IFCRELDEFINESBYPROPERTIES('0Ddqp1PcKHPYWnd8VSMao0',#18,$,$,(#932),#954);
#2082=IFCRELDEFINESBYPROPERTIES('2mXvQrWmi8HKb0BueG0Zrg',#18,$,$,(#932),#955);
#2083=IFCRELDEFINESBYPROPERTIES('1LqBz342qWqmjWkWTcqw38',#18,$,$,(#932),#956);
#2084=IFCRELDEFINESBYPROPERTIES('3gLN$T5tyz_$SE$Q7s7SsR',#18,$,$,(#932),#957);
#2085=IFCRELDEFINESBYPROPERTIES('3JlHCWCTuQ$GI1pRf5SnJX',#18,$,$,(#981),#1017);
#2086=IFCRELDEFINESBYPROPERTIES('1lqBhbs2$BqMSkIV6dYSJo',#18,$,$,(#981),#1018);
#2087=IFCRELDEFINESBYPROPERTIES('2QLBdxTwqJbqksdbzSGspW',#18,$,$,(#981),#1019);
#2088=IFCRELDEFINESBYPROPERTIES('2byW$ajWxCVOHZKoWdd34Y',#18,$,$,(#981),#1020);
#2089=IFCRELDEFINESBYPROPERTIES('16MpYpJdgv9lCPMCyluFGZ',#18,$,$,(#981),#1021);
#2090=IFCRELDEFINESBYPROPERTIES('046FnJLF6g2ER6yyJpM3Nz',#18,$,$,(#1032),#1049);
#2091=IFCRELDEFINESBYPROPERTIES('1DGTJVtAG87$eNzBZuQELA',#18,$,$,(#1032),#1050);
#2092=IFCRELDEFINESBYPROPERTIES('33QWYZrGROAwe_f5QMzdsh',#18,$,$,(#1032),#1051);
#2093=IFCRELDEFINESBYPROPERTIES('35X3sVlkEwQLoua4hn0nos',#18,$,$,(#1032),#1052);
#2094=IFCRELDEFINESBYPROPERTIES('32Hcx4u8uWp6zV1aVLXVsf',#18,$,$,(#1032),#1053);
#2095=IFCRELDEFINESBYPROPERTIES('0d2gPfwaNST_B2I2SDxkyB',#18,$,$,(#1060),#1078);
#2096=IFCRELDEFINESBYPROPERTIES('1mqO85gWjIqf$xYIg0$z2t',#18,$,$,(#1060),#1079);
#2097=IFCRELDEFINESBYPROPERTIES('3GDVLJLVLdmP7jxW1pUjpA',#18,$,$,(#1060),#1080);
#2098=IFCRELDEFINESBYPROPERTIES('2qY1_dMG$GsGWQrZZ$qhv5',#18,$,$,(#1060),#1081);
#2099=IFCRELDEFINESBYPROPERTIES('0wJR_Vc_oiz36stQyKfao8',#18,$,$,(#1060),#1082);
#2100=IFCRELDEFINESBYPROPERTIES('15jNmOAM$Zo$JO_1NTMPiD',#18,$,$,(#1089),#1106);
#2101=IFCRELDEFINESBYPROPERTIES('31_8t_dzuYyrLZlEuzSQwa',#18,$,$,(#1089),#1107);
#2102=IFCRELDEFINESBYPROPERTIES('1nlurmNeBY9es9uSSWAi_t',#18,$,$,(#1089),#1108);
#2103=IFCRELDEFINESBYPROPERTIES('2Lw82kvd4ADSRkdGqZiLIS',#18,$,$,(#1089),#1109);
#2104=IFCRELDEFINESBYPROPERTIES('2VTyozwHxe$5_3ZYBY3vWT',#18,$,$,(#1089),#1110);
#2105=IFCRELDEFINESBYPROPERTIES('3Xqns5LjSd$7HnkP9No1gw',#18,$,$,(#1117),#1137);
#2106=IFCRELDEFINESBYPROPERTIES('0QAOhAEBNhPns7LinAD19x',#18,$,$,(#1117),#1138);
#2107=IFCRELDEFINESBYPROPERTIES('1S7wNWr3RZq1Q75LYEpsEa',#18,$,$,(#1117),#1139);
#2108=IFCRELDEFINESBYPROPERTIES('0rXwUs_v4dN_G6PfRdLLOO',#18,$,$,(#1117),#1140);
#2109=IFCRELDEFINESBYPROPERTIES('2qGhWHwjg6bkAsfjiRL$zV',#18,$,$,(#1117),#1141);
#2110=IFCRELDEFINESBYPROPERTIES('2hlVki3MFg1dFnLio43VYA',#18,$,$,(#1153),#1182);
#2111=IFCRELDEFINESBYPROPERTIES('3jNSHCCOimuWGCYHkQaMxn',#18,$,$,(#1153),#1183);
#2112=IFCRELDEFINESBYPROPERTIES('1HTYkJgLRlf6ciZ8nSCHe7',#18,$,$,(#1153),#1184);
#2113=IFCRELDEFINESBYPROPERTIES('23x9luHExqsuHrv00bbtBz',#18,$,$,(#1153),#1185);
#2114=IFCRELDEFINESBYPROPERTIES('0b9wV3uEEoKytaFL38vm7V',#18,$,$,(#1153),#1186);
#2115=IFCRELDEFINESBYPROPERTIES('1fsNqZ$7lj1SS948xC4eQx',#18,$,$,(#1153),#1187);
#2116=IFCRELDEFINESBYPROPERTIES('3TC0Zzp0jgEiiBBGprO3Z_',#18,$,$,(#1199),#1228);
#2117=IFCRELDEFINESBYPROPERTIES('3bEtEBGDwMtZVpM7FwDwAp',#18,$,$,(#1199),#1229);
#2118=IFCRELDEFINESBYPROPERTIES('3Om72gKdhNSCjVMODVA9cG',#18,$,$,(#1199),#1230);
#2119=IFCRELDEFINESBYPROPERTIES('0r5siBBSzEWpV6jPDtqojX',#18,$,$,(#1199),#1231);
#2120=IFCRELDEFINESBYPROPERTIES('1D2wDoBt4TANQZk7dnIlR$',#18,$,$,(#1199),#1232);
#2121=IFCRELDEFINESBYPROPERTIES('3Uokp9EO6IhbUBjnKPGmdL',#18,$,$,(#1199),#1233);
#2122=IFCRELDEFINESBYPROPERTIES('38U$EBjTMu_lj_NUdqykjJ',#18,$,$,(#1261),#1316);
#2123=IFCRELDEFINESBYPROPERTIES('0kyMWOXJsXrvMAGRt10cks',#18,$,$,(#1261),#1317);
#2124=IFCRELDEFINESBYPROPERTIES('2pyF3F9x47k6pRNFBF7CFB',#18,$,$,(#1261),#1318);
#2125=IFCRELDEFINESBYPROPERTIES('0XiXhIfPSZfnqXHyK8OrMm',#18,$,$,(#1261),#1319);
#2126=IFCRELDEFINESBYPROPERTIES('34NdDUB9tnKPUNYmX3qT1I',#18,$,$,(#1261),#1320);
#2127=IFCRELDEFINESBYPROPERTIES('26SwlXGZZi1MzhQ7aGYTIr',#18,$,$,(#1261),#1321);
#2128=IFCRELDEFINESBYPROPERTIES('2v0WANmFDHIGcKe0amlDj_',#18,$,$,(#1261),#1322);
#2129=IFCRELDEFINESBYPROPERTIES('3KwPn9FPsudVcauLmqSjgW',#18,$,$,(#1261),#1323);
#2130=IFCRELDEFINESBYPROPERTIES('2wc8yMmPaEQaD1yEgV1XXe',#18,$,$,(#1356),#1382);
#2131=IFCRELDEFINESBYPROPERTIES('1NfT34QgjNY3GgQOC0Wt4H',#18,$,$,(#1356),#1383);
#2132=IFCRELDEFINESBYPROPERTIES('0rNyWldt8BhRdM2Z6zux4q',#18,$,$,(#1356),#1384);
#2133=IFCRELDEFINESBYPROPERTIES('2tDqx2MCiBovVMn2XixSKK',#18,$,$,(#1356),#1385);
#2134=IFCRELDEFINESBYPROPERTIES('0fChO7VaOrTX444lOLlNW1',#18,$,$,(#1356),#1386);
#2135=IFCRELDEFINESBYPROPERTIES('370EIKYQw9usgHE_wgkAyW',#18,$,$,(#1356),#1387);
#2136=IFCRELDEFINESBYPROPERTIES('2gwizU0Hr5gYa$QMXydI4P',#18,$,$,(#1356),#1388);
#2137=IFCRELDEFINESBYPROPERTIES('3s638CF5utof$3sX9_aHIO',#18,$,$,(#1356),#1389);
#2138=IFCRELDEFINESBYPROPERTIES('1EutXa4YeBvdVZBHxsgzPd',#18,$,$,(#1418),#1444);
#2139=IFCRELDEFINESBYPROPERTIES('0MJSwW_ETpRnW9d_Wt_K6r',#18,$,$,(#1418),#1445);
#2140=IFCRELDEFINESBYPROPERTIES('0gI3OUIg$CPmIbMpstsHdT',#18,$,$,(#1418),#1446);
#2141=IFCRELDEFINESBYPROPERTIES('1105kTVTHpoSa3bjmF5MoH',#18,$,$,(#1418),#1447);
#2142=IFCRELDEFINESBYPROPERTIES('0u71P1h0YJYsrX2F0Yq3fO',#18,$,$,(#1418),#1448);
#2143=IFCRELDEFINESBYPROPERTIES('1gdrz4lKdFOAUBYJEH$6Ka',#18,$,$,(#1418),#1449);
#2144=IFCRELDEFINESBYPROPERTIES('00EBwZ9C0Cxc5lk7fjK2LV',#18,$,$,(#1418),#1450);
#2145=IFCRELDEFINESBYPROPERTIES('13x4FpTDm7pdoAvZI_9s_o',#18,$,$,(#1418),#1451);
#2146=IFCRELDEFINESBYPROPERTIES('1Sg7UQItRvUnwrONVgHw1V',#18,$,$,(#1480),#1506);
#2147=IFCRELDEFINESBYPROPERTIES('3l3YrxOSMXcHAYkUjvCqT$',#18,$,$,(#1480),#1507);
#2148=IFCRELDEFINESBYPROPERTIES('2Ut59di310JkuvsjIBg4OP',#18,$,$,(#1480),#1508);
#2149=IFCRELDEFINESBYPROPERTIES('2iPgRUmuNIw5FOhirXzKDQ',#18,$,$,(#1480),#1509);
#2150=IFCRELDEFINESBYPROPERTIES('0rMPz5MOIkpOCJYd0gcbGB',#18,$,$,(#1480),#1510);
#2151=IFCRELDEFINESBYPROPERTIES('2E3C5UhH29q3zwiy77ygLi',#18,$,$,(#1480),#1511);
#2152=IFCRELDEFINESBYPROPERTIES('2Bxsr68gWJwyAjpIN7vAl0',#18,$,$,(#1480),#1512);
#2153=IFCRELDEFINESBYPROPERTIES('0_Ooa1ZznkmPXO0I2uruC9',#18,$,$,(#1480),#1513);
#2154=IFCRELDEFINESBYPROPERTIES('2BLJDI5w5WQxFN1sg_XUSY',#18,$,$,(#1542),#1568);
#2155=IFCRELDEFINESBYPROPERTIES('1EJ8nFb_k86cW3NH0y5F1T',#18,$,$,(#1542),#1569);
#2156=IFCRELDEFINESBYPROPERTIES('1BsmveUq0RHlAg7QlySzYl',#18,$,$,(#1542),#1570);
#2157=IFCRELDEFINESBYPROPERTIES('3YbsqlRm$TZQsKMwhRCNOL',#18,$,$,(#1542),#1571);
#2158=IFCRELDEFINESBYPROPERTIES('1CTQkVpP3adZIEUkZCRP1p',#18,$,$,(#1542),#1572);
#2159=IFCRELDEFINESBYPROPERTIES('3amML4DEZZjCQVZdVTueMy',#18,$,$,(#1542),#1573);
#2160=IFCRELDEFINESBYPROPERTIES('1GE_IKub37pKiTqiFJrkm2',#18,$,$,(#1542),#1574);
#2161=IFCRELDEFINESBYPROPERTIES('1rNrfRfJiR0tXCn347vNWm',#18,$,$,(#1542),#1575);
#2162=IFCRELDEFINESBYPROPERTIES('2nnLPmw_YnCAYAJoctKEmR',#18,$,$,(#1604),#1630);
#2163=IFCRELDEFINESBYPROPERTIES('2cPaPS0tifWMSYs9nTIxSR',#18,$,$,(#1604),#1631);
#2164=IFCRELDEFINESBYPROPERTIES('1FROaMiOTCK7Ra4zfFd6SZ',#18,$,$,(#1604),#1632);
#2165=IFCRELDEFINESBYPROPERTIES('2y9pzmnIkhy$bPu15igbmF',#18,$,$,(#1604),#1633);
#2166=IFCRELDEFINESBYPROPERTIES('3DS3qC62tZzTnm7i1JX0og',#18,$,$,(#1604),#1634);
#2167=IFCRELDEFINESBYPROPERTIES('1pIPUBMVwRk5TUuuaj3HJG',#18,$,$,(#1604),#1635);
#2168=IFCRELDEFINESBYPROPERTIES('1T6bXKyzwBCd$jmOeYDpCd',#18,$,$,(#1604),#1636);
#2169=IFCRELDEFINESBYPROPERTIES('1V$$apxec3WXwJ$lXdv_vg',#18,$,$,(#1604),#1637);
#2170=IFCRELDEFINESBYPROPERTIES('23Qu77RwCnh1IklSaGjiif',#18,$,$,(#1666),#1692);
#2171=IFCRELDEFINESBYPROPERTIES('3SY1wtREPQsDn1Epw6VyfK',#18,$,$,(#1666),#1693);
#2172=IFCRELDEFINESBYPROPERTIES('02FLg_QLf7xSw8y$lbCpb2',#18,$,$,(#1666),#1694);
#2173=IFCRELDEFINESBYPROPERTIES('3TGeui$OTR0qNuOjY_vPW4',#18,$,$,(#1666),#1695);
#2174=IFCRELDEFINESBYPROPERTIES('1OdNLy94vNtJKH0rqlutN4',#18,$,$,(#1666),#1696);
#2175=IFCRELDEFINESBYPROPERTIES('32lZgQL3_pyhiWhzuwXh5p',#18,$,$,(#1666),#1697);
#2176=IFCRELDEFINESBYPROPERTIES('0mEmiYcBMVtM4gRSrN8r11',#18,$,$,(#1666),#1698);
#2177=IFCRELDEFINESBYPROPERTIES('2NsY5xKDMQ_ZrkBNxsAILr',#18,$,$,(#1666),#1699);
#2178=IFCRELDEFINESBYPROPERTIES('0WozgXVCvJAsTP2Q93eZWW',#18,$,$,(#1728),#1754);
#2179=IFCRELDEFINESBYPROPERTIES('0r86ZLXLxlPzxCU3uSsRRa',#18,$,$,(#1728),#1755);
#2180=IFCRELDEFINESBYPROPERTIES('2F98MpeHmRMIEEOLdYggqr',#18,$,$,(#1728),#1756);
#2181=IFCRELDEFINESBYPROPERTIES('0qjzz2gLEW1Tzp4JYKA2AI',#18,$,$,(#1728),#1757);
#2182=IFCRELDEFINESBYPROPERTIES('3_Qccx1CXx9MkMVfCAg60c',#18,$,$,(#1728),#1758);
#2183=IFCRELDEFINESBYPROPERTIES('0HnkpRtg7CIr8dyIVTTbLN',#18,$,$,(#1728),#1759);
#2184=IFCRELDEFINESBYPROPERTIES('2mhrxNUOVpiSQ1eih9MRxT',#18,$,$,(#1728),#1760);
#2185=IFCRELDEFINESBYPROPERTIES('3jwqPb5PEexpQ7e8sIQNos',#18,$,$,(#1728),#1761);
#2186=IFCRELDEFINESBYPROPERTIES('0zs8drzs7JeIZW6vogJYYO',#18,$,$,(#1790),#1816);
#2187=IFCRELDEFINESBYPROPERTIES('3Esm5ewC$Y1Fwn2ZtiKSe4',#18,$,$,(#1790),#1817);
#2188=IFCRELDEFINESBYPROPERTIES('26aGCWeZXwYAWCGSWkdGsY',#18,$,$,(#1790),#1818);
#2189=IFCRELDEFINESBYPROPERTIES('2IcAQF0_YNR0$RFS8KxIDX',#18,$,$,(#1790),#1819);
#2190=IFCRELDEFINESBYPROPERTIES('2urmsk4ZzsKQSCtPxT__aw',#18,$,$,(#1790),#1820);
#2191=IFCRELDEFINESBYPROPERTIES('00rYRyL4m9Kg9wMG9moeJj',#18,$,$,(#1790),#1821);
#2192=IFCRELDEFINESBYPROPERTIES('0yqqj$LzIt9rxjSDm0hUfZ',#18,$,$,(#1790),#1822);
#2193=IFCRELDEFINESBYPROPERTIES('0c3325DgTqtDFDFK1NzWL8',#18,$,$,(#1790),#1823);
#2194=IFCRELDEFINESBYPROPERTIES('1CAq5hQqS6zLyKOymOKLtO',#18,$,$,(#1851),#1889);
#2195=IFCRELDEFINESBYPROPERTIES('2EsZ1T2jxI3j3rU0PWVhqj',#18,$,$,(#1851),#1890);
#2196=IFCRELDEFINESBYPROPERTIES('07$A8YfmMR1Cc3gypMlvoj',#18,$,$,(#1851),#1891);
#2197=IFCRELDEFINESBYPROPERTIES('39EAcVZfPVLo46HJy3BSdM',#18,$,$,(#1851),#1892);
#2198=IFCRELDEFINESBYPROPERTIES('1n4NGwuiAf3cq3hXPJlqi7',#18,$,$,(#1851),#1893);
#2199=IFCRELDEFINESBYPROPERTIES('1x3GTq3c$tt12Jy8OkAz2G',#18,$,$,(#1851),#1894);
#2200=IFCRELDEFINESBYPROPERTIES('0oQg6el$cjH_8ujiJYAtbR',#18,$,$,(#1851),#1895);
#2201=IFCRELDEFINESBYPROPERTIES('3HHQ4kaKODmJk9IrW4toIg',#18,$,$,(#1851),#1896);
#2202=IFCRELDEFINESBYPROPERTIES('2goSaEYux9XRCVAx0A7MxN',#18,$,$,(#35,#39,#43,#47),#1928);
#2203=IFCRELDEFINESBYPROPERTIES('0Up5m3tzJpkjwEKhG$6_MB',#18,$,$,(#35,#39,#43,#47),#1929);
#2204=IFCRELDEFINESBYPROPERTIES('2K6uLr0G3fuaANHXJQHAZ4',#18,$,$,(#35,#39,#43,#47),#1930);
#2205=IFCRELDEFINESBYPROPERTIES('3P2f6W6rY5ShaoUpxb$4sE',#18,$,$,(#35,#39,#43,#47),#1931);
#2206=IFCPRESENTATIONLAYERASSIGNMENT('A-WALL',$,(#69,#98,#176,#183,#349,#383,#487,#513,#550,#593,#633,#683,#719,#777,#813,#864),$);
#2207=IFCPRESENTATIONLAYERASSIGNMENT('S-FNDN',$,(#238,#307,#1151,#1197),$);
#2208=IFCPRESENTATIONLAYERASSIGNMENT('A-GLAZ',$,(#425,#433,#896,#927,#1112),$);
#2209=IFCPRESENTATIONLAYERASSIGNMENT('A-DOOR',$,(#968,#976,#1027,#1055,#1084),$);
#2210=IFCPRESENTATIONLAYERASSIGNMENT('S-BEAM',$,(#1243,#1246,#1254,#1256,#1338,#1341,#1349,#1351,#1400,#1403,#1411,#1413,#1462,#1465,#1473,#1475,#1524,#1527,#1535,#1537,#1586,#1589,#1597,#1599,#1648,#1651,#1659,#1661,#1710,#1713,#1721,#1723,#1772,#1775,#1783,#1785,#1834,#1837,#1844,#1846),$);
#2211=IFCCARTESIANPOINTLIST2D(((0.,0.2),(1.2,0.2),(1.2,0.),(1.32,0.),(1.32,1.6),(1.2,1.6),(1.2,1.4),(0.,1.4),(0.,0.2)));
#2212=IFCINDEXEDPOLYCURVE(#2211,$,.F.);
#2213=IFCARBITRARYCLOSEDPROFILEDEF(.AREA.,$,#2212);
#2214=IFCAXIS2PLACEMENT3D(#3,#7,#9);
#2215=IFCEXTRUDEDAREASOLID(#2213,#2214,#9,0.32);
#2216=IFCSHAPEREPRESENTATION(#24,'Body','SweptSolid',(#2215));
#2217=IFCPRODUCTDEFINITIONSHAPE($,$,(#2216));
#2218=IFCCARTESIANPOINT((1.4,-0.160000000000004,0.719999999999971));
#2219=IFCAXIS2PLACEMENT3D(#2218,$,$);
#2220=IFCLOCALPLACEMENT(#66,#2219);
#2221=IFCOPENINGELEMENT('3AtALgNcrLPaZVPYKPgyUr',#18,'empty window2:StoneWindows:428099:1',$,$,#2220,#2217,'428099',.OPENING.);
#2222=IFCRELVOIDSELEMENT('0J97NW_2f6KQfclYAcKo$P',#18,$,$,#100,#2221);
#2223=IFCQUANTITYLENGTH('Depth',$,$,0.32,$);
#2224=IFCQUANTITYAREA('Area',$,$,1.63199999999999,$);
#2225=IFCELEMENTQUANTITY('1UBDsbrMbjGSa4Qsfhl4fn',#18,'Qto_OpeningElementBaseQuantities',$,$,(#2223,#2224));
#2226=IFCRELDEFINESBYPROPERTIES('0pOUurCtTEG1SrPtdtYs9Q',#18,$,$,(#2221),#2225);
#2227=IFCRELFILLSELEMENT('0VfCvuNfr6LvSxHvQCoS0Z',#18,$,$,#2221,#438);
#2228=IFCAXIS2PLACEMENT3D(#3,$,$);
#2229=IFCLOCALPLACEMENT(#2220,#2228);
#2230=IFCCARTESIANPOINTLIST2D(((0.,1.4),(0.,0.199999999999997),(1.79999999999805,0.199999999999997),(1.79999999999805,0.),(1.91999999999803,0.),(1.91999999999803,1.6),(1.79999999999805,1.6),(1.79999999999805,1.4),(0.,1.4)));
#2231=IFCINDEXEDPOLYCURVE(#2230,$,.F.);
#2232=IFCARBITRARYCLOSEDPROFILEDEF(.AREA.,$,#2231);
#2233=IFCAXIS2PLACEMENT3D(#3,#8,#9);
#2234=IFCEXTRUDEDAREASOLID(#2232,#2233,#9,0.32);
#2235=IFCSHAPEREPRESENTATION(#24,'Body','SweptSolid',(#2234));
#2236=IFCPRODUCTDEFINITIONSHAPE($,$,(#2235));
#2237=IFCCARTESIANPOINT((4.94999999999998,0.159999999999992,0.1));
#2238=IFCAXIS2PLACEMENT3D(#2237,$,$);
#2239=IFCLOCALPLACEMENT(#346,#2238);
#2240=IFCOPENINGELEMENT('1SLYRVFOFbiVD$jcqCedDf',#18,'empty door2:StoneDoor:434515:1',$,$,#2239,#2236,'434515',.OPENING.);
#2241=IFCRELVOIDSELEMENT('1skMY9DqH77uHsg59p933C',#18,$,$,#385,#2240);
#2242=IFCQUANTITYLENGTH('Depth',$,$,0.32,$);
#2243=IFCQUANTITYAREA('Area',$,$,2.35199999999763,$);
#2244=IFCELEMENTQUANTITY('2C_6mj_fQRxmv1ib0xEQ4L',#18,'Qto_OpeningElementBaseQuantities',$,$,(#2242,#2243));
#2245=IFCRELDEFINESBYPROPERTIES('2EUYbtrZTDkxgnxUwertI2',#18,$,$,(#2240),#2244);
#2246=IFCRELFILLSELEMENT('0DhnDtnmhTZeb$CMs$_upm',#18,$,$,#2240,#981);
#2247=IFCAXIS2PLACEMENT3D(#3,#9,#6);
#2248=IFCLOCALPLACEMENT(#2239,#2247);
#2249=IFCCARTESIANPOINTLIST2D(((0.,1.4),(0.,0.199999999999998),(1.79999999999805,0.199999999999998),(1.79999999999805,5.41433564649196E-16),(1.91999999999803,5.41433564649196E-16),(1.91999999999803,1.6),(1.79999999999805,1.6),(1.79999999999805,1.4),(0.,1.4)));
#2250=IFCINDEXEDPOLYCURVE(#2249,$,.F.);
#2251=IFCARBITRARYCLOSEDPROFILEDEF(.AREA.,$,#2250);
#2252=IFCAXIS2PLACEMENT3D(#3,#8,#9);
#2253=IFCEXTRUDEDAREASOLID(#2251,#2252,#9,0.32);
#2254=IFCSHAPEREPRESENTATION(#24,'Body','SweptSolid',(#2253));
#2255=IFCPRODUCTDEFINITIONSHAPE($,$,(#2254));
#2256=IFCCARTESIANPOINT((2.44999999999998,0.159999999999996,0.0999999999999919));
#2257=IFCAXIS2PLACEMENT3D(#2256,$,$);
#2258=IFCLOCALPLACEMENT(#346,#2257);
#2259=IFCOPENINGELEMENT('3lWjqcx2hrBY2KrW1uNDsI',#18,'empty door2:StoneDoor:435081:1',$,$,#2258,#2255,'435081',.OPENING.);
#2260=IFCRELVOIDSELEMENT('1skMY9DqH77uHsg59p938M',#18,$,$,#385,#2259);
#2261=IFCQUANTITYLENGTH('Depth',$,$,0.32,$);
#2262=IFCQUANTITYAREA('Area',$,$,2.35199999999763,$);
#2263=IFCELEMENTQUANTITY('2Nn1Kt7yyy8dXa0oY8P51g',#18,'Qto_OpeningElementBaseQuantities',$,$,(#2261,#2262));
#2264=IFCRELDEFINESBYPROPERTIES('2m3ggqTvvUj23aNjFjqgKX',#18,$,$,(#2259),#2263);
#2265=IFCRELFILLSELEMENT('2aNTKeZF17PIMABizSjTt2',#18,$,$,#2259,#1032);
#2266=IFCAXIS2PLACEMENT3D(#3,#9,#6);
#2267=IFCLOCALPLACEMENT(#2258,#2266);
#2268=IFCCARTESIANPOINTLIST2D(((0.,0.200000000000001),(1.2,0.200000000000001),(1.2,0.),(1.32,0.),(1.32,1.6),(1.2,1.6),(1.2,1.4),(0.,1.4),(0.,0.200000000000001)));
#2269=IFCINDEXEDPOLYCURVE(#2268,$,.F.);
#2270=IFCARBITRARYCLOSEDPROFILEDEF(.AREA.,$,#2269);
#2271=IFCAXIS2PLACEMENT3D(#3,#7,#9);
#2272=IFCEXTRUDEDAREASOLID(#2270,#2271,#9,0.32);
#2273=IFCSHAPEREPRESENTATION(#24,'Body','SweptSolid',(#2272));
#2274=IFCPRODUCTDEFINITIONSHAPE($,$,(#2273));
#2275=IFCCARTESIANPOINT((0.850000000000005,-0.160000000000001,0.919999999999992));
#2276=IFCAXIS2PLACEMENT3D(#2275,$,$);
#2277=IFCLOCALPLACEMENT(#484,#2276);
#2278=IFCOPENINGELEMENT('0__87l_zt23AAcUXrxh3$Y',#18,'empty window2:StoneWindows:433075:1',$,$,#2277,#2274,'433075',.OPENING.);
#2279=IFCRELVOIDSELEMENT('2CQR7s6kXDkRUZvc87q$7D',#18,$,$,#515,#2278);
#2280=IFCQUANTITYLENGTH('Depth',$,$,0.32,$);
#2281=IFCQUANTITYAREA('Area',$,$,1.63199999999999,$);
#2282=IFCELEMENTQUANTITY('0UM6mjLvXMsMDv2hPrTWpG',#18,'Qto_OpeningElementBaseQuantities',$,$,(#2280,#2281));
#2283=IFCRELDEFINESBYPROPERTIES('37u9Ltc_nsFu3jYpjCC7Ho',#18,$,$,(#2278),#2282);
#2284=IFCRELFILLSELEMENT('1lGDnyudbUtPMIZjLzLtlf',#18,$,$,#2278,#901);
#2285=IFCAXIS2PLACEMENT3D(#3,$,$);
#2286=IFCLOCALPLACEMENT(#2277,#2285);
#2287=IFCCARTESIANPOINTLIST2D(((0.,0.200000000000002),(1.2,0.200000000000001),(1.2,-5.44918400864298E-32),(1.32,-5.44918400864298E-32),(1.32,1.6),(1.2,1.6),(1.2,1.4),(0.,1.4),(0.,0.200000000000002)));
#2288=IFCINDEXEDPOLYCURVE(#2287,$,.F.);
#2289=IFCARBITRARYCLOSEDPROFILEDEF(.AREA.,$,#2288);
#2290=IFCAXIS2PLACEMENT3D(#3,#8,#9);
#2291=IFCEXTRUDEDAREASOLID(#2289,#2290,#9,0.32);
#2292=IFCSHAPEREPRESENTATION(#24,'Body','SweptSolid',(#2291));
#2293=IFCPRODUCTDEFINITIONSHAPE($,$,(#2292));
#2294=IFCCARTESIANPOINT((4.63,0.159999999999994,0.329999999999996));
#2295=IFCAXIS2PLACEMENT3D(#2294,$,$);
#2296=IFCLOCALPLACEMENT(#547,#2295);
#2297=IFCOPENINGELEMENT('32Wp7CmBZWIWlXBMnxIaO8',#18,'empty window2:StoneWindows:434464:1',$,$,#2296,#2293,'434464',.OPENING.);
#2298=IFCRELVOIDSELEMENT('2CQR7s6kXDkRUZvc87qyjU',#18,$,$,#595,#2297);
#2299=IFCQUANTITYLENGTH('Depth',$,$,0.32,$);
#2300=IFCQUANTITYAREA('Area',$,$,1.63199999999999,$);
#2301=IFCELEMENTQUANTITY('2INaHkk_WuLNlXGwhZPBOu',#18,'Qto_OpeningElementBaseQuantities',$,$,(#2299,#2300));
#2302=IFCRELDEFINESBYPROPERTIES('0MxNftSjIUwycFaFgtQCnV',#18,$,$,(#2297),#2301);
#2303=IFCRELFILLSELEMENT('3HtG0JtILhsV4k5io2GjOk',#18,$,$,#2297,#932);
#2304=IFCAXIS2PLACEMENT3D(#3,#9,#6);
#2305=IFCLOCALPLACEMENT(#2296,#2304);
#2306=IFCCARTESIANPOINTLIST2D(((0.,0.2),(1.2,0.2),(1.2,0.),(1.32,0.),(1.32,1.6),(1.2,1.6),(1.2,1.4),(0.,1.4),(0.,0.2)));
#2307=IFCINDEXEDPOLYCURVE(#2306,$,.F.);
#2308=IFCARBITRARYCLOSEDPROFILEDEF(.AREA.,$,#2307);
#2309=IFCAXIS2PLACEMENT3D(#3,#7,#9);
#2310=IFCEXTRUDEDAREASOLID(#2308,#2309,#9,0.32);
#2311=IFCSHAPEREPRESENTATION(#24,'Body','SweptSolid',(#2310));
#2312=IFCPRODUCTDEFINITIONSHAPE($,$,(#2311));
#2313=IFCCARTESIANPOINT((1.40000000000005,-0.159999999999997,0.329999999999977));
#2314=IFCAXIS2PLACEMENT3D(#2313,$,$);
#2315=IFCLOCALPLACEMENT(#716,#2314);
#2316=IFCOPENINGELEMENT('1hyfOkcg6iBT$G2wz5rOoJ',#18,'empty window2:StoneWindows:435299:1',$,$,#2315,#2312,'435299',.OPENING.);
#2317=IFCRELVOIDSELEMENT('014vlVn_DEfhP0eXLkjLhJ',#18,$,$,#779,#2316);
#2318=IFCQUANTITYLENGTH('Depth',$,$,0.32,$);
#2319=IFCQUANTITYAREA('Area',$,$,1.63199999999999,$);
#2320=IFCELEMENTQUANTITY('0A3v1YHquFy64wGSenkXmt',#18,'Qto_OpeningElementBaseQuantities',$,$,(#2318,#2319));
#2321=IFCRELDEFINESBYPROPERTIES('25cXUyYGjuGS8i8XEo5V2l',#18,$,$,(#2316),#2320);
#2322=IFCRELFILLSELEMENT('0oZ7uz5SnF9a7ybSH4WrWK',#18,$,$,#2316,#1117);
#2323=IFCAXIS2PLACEMENT3D(#3,$,$);
#2324=IFCLOCALPLACEMENT(#2315,#2323);
#2325=IFCCARTESIANPOINTLIST2D(((0.,1.4),(0.,0.199999999999998),(1.79999999999805,0.199999999999998),(1.79999999999805,0.),(1.91999999999803,0.),(1.91999999999803,1.6),(1.79999999999805,1.6),(1.79999999999805,1.4),(0.,1.4)));
#2326=IFCINDEXEDPOLYCURVE(#2325,$,.F.);
#2327=IFCARBITRARYCLOSEDPROFILEDEF(.AREA.,$,#2326);
#2328=IFCAXIS2PLACEMENT3D(#3,#8,#9);
#2329=IFCEXTRUDEDAREASOLID(#2327,#2328,#9,0.32);
#2330=IFCSHAPEREPRESENTATION(#24,'Body','SweptSolid',(#2329));
#2331=IFCPRODUCTDEFINITIONSHAPE($,$,(#2330));
#2332=IFCCARTESIANPOINT((4.62999999999998,0.159999999999956,0.));
#2333=IFCAXIS2PLACEMENT3D(#2332,$,$);
#2334=IFCLOCALPLACEMENT(#810,#2333);
#2335=IFCOPENINGELEMENT('361NNgny_22ZlWhhQi15D1',#18,'empty door2:StoneDoor:435209:1',$,$,#2334,#2331,'435209',.OPENING.);
#2336=IFCRELVOIDSELEMENT('014vlVn_DEfhP0eXLkjLgv',#18,$,$,#866,#2335);
#2337=IFCQUANTITYLENGTH('Depth',$,$,0.32,$);
#2338=IFCQUANTITYAREA('Area',$,$,2.35199999999763,$);
#2339=IFCELEMENTQUANTITY('1shCO38y_CLZNuCAzNsT9h',#18,'Qto_OpeningElementBaseQuantities',$,$,(#2337,#2338));
#2340=IFCRELDEFINESBYPROPERTIES('0N6PKJIBeYnlpVsWdR8eaH',#18,$,$,(#2335),#2339);
#2341=IFCRELFILLSELEMENT('11bIHFAp4PmXWjUBhiN2mF',#18,$,$,#2335,#1060);
#2342=IFCAXIS2PLACEMENT3D(#3,#9,#6);
#2343=IFCLOCALPLACEMENT(#2334,#2342);
#2344=IFCCARTESIANPOINTLIST2D(((0.,1.4),(0.,0.199999999999998),(1.79999999999805,0.199999999999998),(1.79999999999805,2.70716782324598E-16),(1.91999999999803,2.70716782324598E-16),(1.91999999999803,1.6),(1.79999999999805,1.6),(1.79999999999805,1.4),(0.,1.4)));
#2345=IFCINDEXEDPOLYCURVE(#2344,$,.F.);
#2346=IFCARBITRARYCLOSEDPROFILEDEF(.AREA.,$,#2345);
#2347=IFCAXIS2PLACEMENT3D(#3,#8,#9);
#2348=IFCEXTRUDEDAREASOLID(#2346,#2347,#9,0.32);
#2349=IFCSHAPEREPRESENTATION(#24,'Body','SweptSolid',(#2348));
#2350=IFCPRODUCTDEFINITIONSHAPE($,$,(#2349));
#2351=IFCCARTESIANPOINT((2.12999999999998,0.159999999999959,0.));
#2352=IFCAXIS2PLACEMENT3D(#2351,$,$);
#2353=IFCLOCALPLACEMENT(#810,#2352);
#2354=IFCOPENINGELEMENT('0bJ2AyHakPMH8Z4ujd$VBu',#18,'empty door2:StoneDoor:435210:1',$,$,#2353,#2350,'435210',.OPENING.);
#2355=IFCRELVOIDSELEMENT('014vlVn_DEfhP0eXLkjLgw',#18,$,$,#866,#2354);
#2356=IFCQUANTITYLENGTH('Depth',$,$,0.32,$);
#2357=IFCQUANTITYAREA('Area',$,$,2.35199999999763,$);
#2358=IFCELEMENTQUANTITY('1w_8gJ$QD_9uaDUSCz9qiV',#18,'Qto_OpeningElementBaseQuantities',$,$,(#2356,#2357));
#2359=IFCRELDEFINESBYPROPERTIES('1GOCR0MBoBv2Vvyz1WGCAj',#18,$,$,(#2354),#2358);
#2360=IFCRELFILLSELEMENT('2MSWICapaEIhSqSflJkm5I',#18,$,$,#2354,#1089);
#2361=IFCAXIS2PLACEMENT3D(#3,#9,#6);
#2362=IFCLOCALPLACEMENT(#2353,#2361);
#2363=IFCPROPERTYSINGLEVALUE('Category',$,IFCLABEL(''),$);
#2364=IFCPROPERTYSINGLEVALUE('Class',$,IFCLABEL('Generic'),$);
#2365=IFCMATERIALPROPERTIES('Identity',$,(#2363,#2364),#112);
#2366=IFCPROPERTYSINGLEVALUE('PoissonRatio',$,IFCPOSITIVERATIOMEASURE(0.2),$);
#2367=IFCMATERIALPROPERTIES('Pset_MaterialMechanical',$,(#2366),#112);
#2368=IFCPROPERTYSINGLEVALUE('MaterialModelType',$,IFCTEXT('LinearElastic'),$);
#2369=IFCPROPERTYSINGLEVALUE('MassDensity',$,IFCREAL(1800.),$);
#2370=IFCMATERIALPROPERTIES('Pset_MaterialCommon','',(#2368,#2369),#112);
#2371=IFCPROPERTYSINGLEVALUE('YoungModulus',$,IFCREAL(2000000000.),$);
#2372=IFCPROPERTYSINGLEVALUE('PoissonRatio',$,IFCREAL(0.200000002980232),$);
#2373=IFCMATERIALPROPERTIES('Pset_MaterialMechanical','',(#2556,#2557),#112);
#2374=IFCPROPERTYSINGLEVALUE('Category',$,IFCLABEL('Materials'),$);
#2376=IFCPROPERTYSINGLEVALUE('Color',$,IFCINTEGER(14018807),$);
#2377=IFCPROPERTYSINGLEVALUE('Glow',$,IFCBOOLEAN(.F.),$);
#2378=IFCPROPERTYSINGLEVALUE('Name',$,IFCTEXT('DoubleLeafMasonry'),$);
#2381=IFCPROPERTYSINGLEVALUE('Transparency',$,IFCINTEGER(0),$);
#2382=IFCSIUNIT(*,.MASSUNIT.,.KILO.,.GRAM.);
#2383=IFCDERIVEDUNITELEMENT(#2382,1);
#2384=IFCSIUNIT(*,.LENGTHUNIT.,$,.METRE.);
#2385=IFCDERIVEDUNITELEMENT(#2384,-3);
#2386=IFCDERIVEDUNIT((#2383,#2385),.MASSDENSITYUNIT.,$);
#2388=IFCSIUNIT(*,.PRESSUREUNIT.,$,.PASCAL.);
#2390=IFCPROPERTYSINGLEVALUE('MaterialModelType',$,IFCTEXT('LinearElastic'),$);
#2391=IFCMATERIALPROPERTIES('Other',$,(#2374),#112);
#2393=IFCMATERIALPROPERTIES('Materials and Finishes',$,(#2376,#2378),#112);
#2395=IFCMATERIALPROPERTIES('Text',$,(#2390),#112);
#2396=IFCPROPERTYSINGLEVALUE('Category',$,IFCLABEL(''),$);
#2397=IFCPROPERTYSINGLEVALUE('Class',$,IFCLABEL('Generic'),$);
#2398=IFCMATERIALPROPERTIES('Identity',$,(#2396,#2397),#242);
#2399=IFCMATERIALPROPERTIES('Pset_MaterialMechanical',$,(#2366),#242);
#2400=IFCPROPERTYSINGLEVALUE('MaterialModelType',$,IFCTEXT('LinearElastic'),$);
#2401=IFCMATERIALPROPERTIES('Pset_MaterialCommon','',(#2369,#2400),#242);
#2402=IFCMATERIALPROPERTIES('Pset_MaterialMechanical','',(#2372,#2558),#242);
#2404=IFCPROPERTYSINGLEVALUE('Color',$,IFCINTEGER(12475969),$);
#2405=IFCPROPERTYSINGLEVALUE('Name',$,IFCTEXT('MasonryFooting'),$);
#2409=IFCPROPERTYSINGLEVALUE('MaterialModelType',$,IFCTEXT('LinearElastic'),$);
#2410=IFCMATERIALPROPERTIES('Other',$,(#2374),#242);
#2412=IFCMATERIALPROPERTIES('Materials and Finishes',$,(#2404,#2405),#242);
#2414=IFCMATERIALPROPERTIES('Text',$,(#2409),#242);
#2415=IFCPROPERTYSINGLEVALUE('Category',$,IFCLABEL(''),$);
#2416=IFCPROPERTYSINGLEVALUE('Class',$,IFCLABEL('Generic'),$);
#2417=IFCMATERIALPROPERTIES('Identity',$,(#2415,#2416),#430);
#2418=IFCMATERIALPROPERTIES('Pset_MaterialMechanical','',(#2371),#430);
#2419=IFCPROPERTYSINGLEVALUE('Cost',$,IFCREAL(0.),$);
#2420=IFCPROPERTYSINGLEVALUE('Color',$,IFCINTEGER(11912413),$);
#2421=IFCPROPERTYSINGLEVALUE('Name',$,IFCTEXT('Stone'),$);
#2422=IFCPROPERTYSINGLEVALUE('Shininess',$,IFCINTEGER(64),$);
#2423=IFCPROPERTYSINGLEVALUE('Smoothness',$,IFCINTEGER(50),$);
#2424=IFCPROPERTYSINGLEVALUE('YoungsModulus',$,IFCPRESSUREMEASURE(2000000000.),$);
#2425=IFCMATERIALPROPERTIES('Other',$,(#2374),#430);
#2426=IFCMATERIALPROPERTIES('Identity Data',$,(#2419),#430);
#2427=IFCMATERIALPROPERTIES('Materials and Finishes',$,(#2377,#2381,#2420,#2421,#2422,#2423),#430);
#2428=IFCMATERIALPROPERTIES('Structural Analysis',$,(#2424),#430);
#2429=IFCPROPERTYSINGLEVALUE('Category',$,IFCLABEL(''),$);
#2430=IFCPROPERTYSINGLEVALUE('Class',$,IFCLABEL('Generic'),$);
#2431=IFCMATERIALPROPERTIES('Identity',$,(#2429,#2430),#974);
#2439=IFCSIUNIT(*,.THERMODYNAMICTEMPERATUREUNIT.,$,.KELVIN.);
#2440=IFCDERIVEDUNITELEMENT(#2439,-1);
#2441=IFCDERIVEDUNIT((#2440),.THERMALEXPANSIONCOEFFICIENTUNIT.,$);
#2465=IFCPROPERTYSINGLEVALUE('MassDensity',$,IFCMASSDENSITYMEASURE(560.),$);
#2466=IFCMATERIALPROPERTIES('Pset_MaterialCommon',$,(#2465),#974);
#2469=IFCPROPERTYSINGLEVALUE('MaterialModelType',$,IFCTEXT('LinearElastic'),$);
#2470=IFCPROPERTYSINGLEVALUE('MassDensity',$,IFCREAL(700.),$);
#2471=IFCMATERIALPROPERTIES('Pset_MaterialCommon','',(#2469,#2470),#974);
#2472=IFCPROPERTYSINGLEVALUE('YoungModulus',$,IFCREAL(10000.),$);
#2473=IFCMATERIALPROPERTIES('Pset_MaterialMechanical','',(#2472),#974);
#2475=IFCPROPERTYSINGLEVALUE('Color',$,IFCINTEGER(16512),$);
#2477=IFCPROPERTYSINGLEVALUE('Name',$,IFCTEXT('Timber'),$);
#2483=IFCPROPERTYSINGLEVALUE('MaterialModelType',$,IFCTEXT('LinearElastic'),$);
#2484=IFCMATERIALPROPERTIES('Other',$,(#2374),#974);
#2486=IFCMATERIALPROPERTIES('Materials and Finishes',$,(#2475,#2477),#974);
#2488=IFCMATERIALPROPERTIES('Text',$,(#2483),#974);
#2489=IFCUNITASSIGNMENT((#19,#55,#105,#233,#2386,#2388,#2441));
#2491=IFCMATERIALPROPERTIES('Pset_MaterialCommon',$,(#2493,#2494),#430);
#2493=IFCPROPERTYSINGLEVALUE('MassDensity',$,IFCMASSDENSITYMEASURE(2700.),$);
#2494=IFCPROPERTYSINGLEVALUE('MaterialModelType',$,IFCLABEL('LinearElastic'),$);
#2495=IFCPROPERTYSINGLEVALUE('CrossSectionHeight',$,IFCINTEGER(40),$);
#2496=IFCPROPERTYSINGLEVALUE('CrossSectionHeight',$,IFCINTEGER(20),$);
#2497=IFCPROPERTYSINGLEVALUE('IsExternal',$,IFCBOOLEAN(.F.),$);
#2498=IFCPROPERTYSINGLEVALUE('LoadBearing',$,IFCBOOLEAN(.T.),$);
#2499=IFCPROPERTYSINGLEVALUE('Reference',$,IFCIDENTIFIER('StructuralTimber12x16'),$);
#2500=IFCPROPERTYSINGLEVALUE('Roll',$,IFCPLANEANGLEMEASURE(0.),$);
#2501=IFCPROPERTYSINGLEVALUE('Slope',$,IFCPLANEANGLEMEASURE(0.),$);
#2502=IFCPROPERTYSINGLEVALUE('CrossSectionHeight',$,IFCINTEGER(20),$);
#2503=IFCPROPERTYSINGLEVALUE('CrossSectionHeight',$,IFCINTEGER(20),$);
#2504=IFCPROPERTYSINGLEVALUE('CrossSectionHeight',$,IFCINTEGER(20),$);
#2505=IFCPROPERTYSINGLEVALUE('CrossSectionHeight',$,IFCINTEGER(20),$);
#2506=IFCPROPERTYSINGLEVALUE('CrossSectionHeight',$,IFCINTEGER(20),$);
#2507=IFCPROPERTYSINGLEVALUE('CrossSectionHeight',$,IFCINTEGER(20),$);
#2508=IFCPROPERTYSINGLEVALUE('CrossSectionHeight',$,IFCINTEGER(20),$);
#2509=IFCPROPERTYSINGLEVALUE('CrossSectionHeight',$,IFCINTEGER(20),$);
#2510=IFCACTORROLE(.USERDEFINED.,'CONTRIBUTOR',$);
#2511=IFCTELECOMADDRESS(.USERDEFINED.,$,'WEBPAGE',$,$,$,$,'https://ifcopenshell.org',$);
#2512=IFCORGANIZATION('IfcOpenShell','IfcOpenShell','IfcOpenShell is an open source software library that helps users and software developers to work with IFC data.',(#2510),(#2511));
#2513=IFCAPPLICATION(#2512,'0.8.1','Bonsai','Bonsai');
#2514=IFCOWNERHISTORY(#17,#2513,.READWRITE.,.ADDED.,1776702136,#17,#2513,1776702136);
#2515=IFCPROPERTYSET('2HLkGuDtX6iAqaz2Ae1xu4',#2514,'Structural',$,(#2518));
#2516=IFCOWNERHISTORY(#17,#2513,.READWRITE.,.ADDED.,1776702136,#17,#2513,1776702136);
#2517=IFCRELDEFINESBYPROPERTIES('1lZop_CdT6kvyFelnBM1fk',#2516,$,$,(#1060),#2515);
#2518=IFCPROPERTYSINGLEVALUE('LintelThickness',$,IFCINTEGER(20),$);
#2519=IFCOWNERHISTORY(#17,#2513,.READWRITE.,.ADDED.,1776702161,#17,#2513,1776702161);
#2520=IFCPROPERTYSET('1N6YZcnlH0ZAHfafsL9cqj',#2519,'Structural',$,(#2523));
#2521=IFCOWNERHISTORY(#17,#2513,.READWRITE.,.ADDED.,1776702161,#17,#2513,1776702161);
#2522=IFCRELDEFINESBYPROPERTIES('23u2a$rRD8CxeLGIUcfO5h',#2521,$,$,(#1089),#2520);
#2523=IFCPROPERTYSINGLEVALUE('LintelThickness',$,IFCINTEGER(20),$);
#2524=IFCOWNERHISTORY(#17,#2513,.READWRITE.,.ADDED.,1776702196,#17,#2513,1776702196);
#2525=IFCPROPERTYSET('3prW2_idr0CON1min$JftV',#2524,'Structural',$,(#2528));
#2526=IFCOWNERHISTORY(#17,#2513,.READWRITE.,.ADDED.,1776702196,#17,#2513,1776702196);
#2527=IFCRELDEFINESBYPROPERTIES('33Zo8r_qrDDBc6lC7CrqTN',#2526,$,$,(#981),#2525);
#2528=IFCPROPERTYSINGLEVALUE('LintelThickness',$,IFCINTEGER(20),$);
#2529=IFCOWNERHISTORY(#17,#2513,.READWRITE.,.ADDED.,1776702218,#17,#2513,1776702218);
#2530=IFCPROPERTYSET('2vuUgF$qL5xP5QrAUyzeCp',#2529,'Structural',$,(#2533));
#2531=IFCOWNERHISTORY(#17,#2513,.READWRITE.,.ADDED.,1776702218,#17,#2513,1776702218);
#2532=IFCRELDEFINESBYPROPERTIES('2GWES04xDCvApJpIvCLnoO',#2531,$,$,(#1032),#2530);
#2533=IFCPROPERTYSINGLEVALUE('LintelThickness',$,IFCINTEGER(20),$);
#2534=IFCOWNERHISTORY(#17,#2513,.READWRITE.,.ADDED.,1776702246,#17,#2513,1776702246);
#2535=IFCPROPERTYSET('1j2Cx3yknDZ8RWUUKJn2GV',#2534,'Structural',$,(#2538));
#2536=IFCOWNERHISTORY(#17,#2513,.READWRITE.,.ADDED.,1776702246,#17,#2513,1776702246);
#2537=IFCRELDEFINESBYPROPERTIES('07sbrUPE1A5g2utSm6krbC',#2536,$,$,(#1117),#2535);
#2538=IFCPROPERTYSINGLEVALUE('LintelThickness',$,IFCINTEGER(20),$);
#2539=IFCOWNERHISTORY(#17,#2513,.READWRITE.,.ADDED.,1776702275,#17,#2513,1776702275);
#2540=IFCPROPERTYSET('1sWnyqvNnDZ8ElP0vY_RA2',#2539,'Structural',$,(#2543));
#2541=IFCOWNERHISTORY(#17,#2513,.READWRITE.,.ADDED.,1776702275,#17,#2513,1776702275);
#2542=IFCRELDEFINESBYPROPERTIES('1OhntHI4T93QWQwOQ4MoPG',#2541,$,$,(#438),#2540);
#2543=IFCPROPERTYSINGLEVALUE('LintelThickness',$,IFCINTEGER(20),$);
#2544=IFCOWNERHISTORY(#17,#2513,.READWRITE.,.ADDED.,1776702302,#17,#2513,1776702302);
#2545=IFCPROPERTYSET('2TT2bo5JT39uhVqL2ovouQ',#2544,'Structural',$,(#2548));
#2546=IFCOWNERHISTORY(#17,#2513,.READWRITE.,.ADDED.,1776702302,#17,#2513,1776702302);
#2547=IFCRELDEFINESBYPROPERTIES('3p9muWK7L4fg0BFeHGXfvs',#2546,$,$,(#932),#2545);
#2548=IFCPROPERTYSINGLEVALUE('LintelThickness',$,IFCINTEGER(20),$);
#2549=IFCOWNERHISTORY(#17,#2513,.READWRITE.,.ADDED.,1776702321,#17,#2513,1776702321);
#2550=IFCPROPERTYSET('2p5g$gPDnAhxjDuwAJKt1u',#2549,'Structural',$,(#2553));
#2551=IFCOWNERHISTORY(#17,#2513,.READWRITE.,.ADDED.,1776702321,#17,#2513,1776702321);
#2552=IFCRELDEFINESBYPROPERTIES('0fzJGqhcz74gvhXWenGjbF',#2551,$,$,(#901),#2550);
#2553=IFCPROPERTYSINGLEVALUE('LintelThickness',$,IFCINTEGER(20),$);
#2554=IFCOWNERHISTORY(#17,#2,$,.MODIFIED.,1777105902,#17,#2513,1775297712);
#2555=IFCOWNERHISTORY(#17,#2,$,.MODIFIED.,1777105907,#17,#2513,1775297712);
#2556=IFCPROPERTYSINGLEVALUE('PoissonRatio',$,IFCPOSITIVERATIOMEASURE(0.200000002980232),$);
#2557=IFCPROPERTYSINGLEVALUE('YoungModulus',$,IFCMODULUSOFELASTICITYMEASURE(2550.),$);
#2558=IFCPROPERTYSINGLEVALUE('YoungModulus',$,IFCMODULUSOFELASTICITYMEASURE(2550.),$);
ENDSEC;
END-ISO-10303-21;
